date,510050__510050_DTE30_ATM_Q100_Hold__daily_return,510050__510050_DTE30_D40_Q100_Hold__daily_return,510050__510050_DTE30_D40_Q50_Hold__daily_return,510050__510050_DTE30_D40_Q70_Hold__daily_return,510050__510050_ETF_BuyHold__daily_return
2022-09-30,0.0,0.0,0.0,0.0,0.0
2022-10-10,-0.012350182496537965,-0.01698419421136088,-0.020567568803793623,-0.019134218966820528,-0.024150943396226365
2022-10-11,-0.001982439248149337,-0.002451816020859199,-0.002772698420329067,-0.0026443454605411198,-0.0030935808197989356
2022-10-12,0.004698545880269078,0.005338126023208822,0.005772243771883678,0.005598596672413736,0.006206361520558534
2022-10-13,-0.008250538984518774,-0.009702766631215276,-0.010633958489084827,-0.010261481745937006,-0.011565150346954378
2022-10-14,0.018823574875196813,0.021871539959506192,0.022831245798785815,0.022447363463073966,0.02379095163806544
2022-10-17,0.0009407227279212282,0.00026423968305877565,-0.0002488325394229274,-4.360365043024625e-05,-0.0007619047619046304
2022-10-18,-0.0028195158011680155,-0.004453149387066424,-0.005085896081257257,-0.004832797403580924,-0.005718642775448091
2022-10-19,-0.01621093090252823,-0.01842297757736,-0.01898909615064326,-0.018762648721329954,-0.019555214723926517
2022-10-20,-0.0045602060630661745,-0.004750116730256826,-0.004917099819958248,-0.004850306584077679,-0.005084082909659671
2022-10-21,-0.006159457893791576,-0.006480126838199984,-0.006581258387653444,-0.00654080576787206,-0.006682389937106903
2022-10-24,-0.033699623710776505,-0.034252326106906095,-0.03453811398340956,-0.034423798832808175,-0.03482390185991302
2022-10-25,-0.00308662859664377,-0.0031544337355688956,-0.0032172332679484827,-0.003192113454996648,-0.00328003280032807
2022-10-26,0.002731848141705351,0.0029315801776845785,0.0031112034989615456,0.0030393541704507587,0.0032908268202385127
2022-10-27,-0.004020305743841712,-0.0052499077062123645,-0.006724994853516186,-0.006134959994594657,-0.008200082000820008
2022-10-28,-0.015075218233863485,-0.017935643694378056,-0.020129458887288176,-0.019251932810124127,-0.022323274080198297
2022-10-31,-0.010580348641724746,-0.01171364250156215,-0.012622148946341338,-0.012258746368429663,-0.013530655391120527
2022-11-01,0.031700067654284236,0.037001822605275736,0.04057549338579247,0.03914602507358578,0.04414916416630921
2022-11-02,0.006022305760206459,0.007251013411056606,0.007730597017515217,0.007538763574931773,0.008210180623973828
2022-11-03,-0.005741917777325689,-0.0084596240648811,-0.010540886951007411,-0.009708381796556887,-0.012622149837133723
2022-11-04,0.01449913149587978,0.020509134337742374,0.026955598096706224,0.024377012593120684,0.03340206185567007
2022-11-07,0.0017763957418905907,0.0018087266720985262,0.0027000536792257668,0.002343522876374871,0.0035913806863530073
2022-11-08,-0.0014105363965644102,-0.002046189231339368,-0.004601623442707592,-0.0035794497581603025,-0.007157057654075816
2022-11-09,-0.001372170853593424,-0.0031760861139061847,-0.00539260853552731,-0.00450599956687886,-0.007609130957148436
2022-11-10,0.0004041342039973195,0.0010486246863754545,0.001331414845205492,0.0012182987816734769,0.0016142050040355294
2022-11-11,0.007877433437656789,0.013738709329240262,0.021575237017561366,0.018440625942232926,0.02941176470588247
2022-11-14,0.0016433356097538265,0.0025435805769167263,0.005381379329554181,0.004246259828499199,0.008219178082191636
2022-11-15,0.0011204367238264457,0.002537127189476518,0.010779433159955776,0.007482510771764074,0.019021739130435034
2022-11-16,0.00015988325005311665,0.00015816915408084498,-0.0018256773277214866,-0.001032138735000554,-0.003809523809523818
2022-11-17,-0.0011989326861443494,-0.000316288281112187,-0.003026212974208131,-0.0019422430969697536,-0.005736137667304075
2022-11-18,0.0008402602958343941,0.0005536796143192912,-0.0016462371159173261,-0.0007662704238226795,-0.0038461538461539435
2022-11-21,7.995760487888859e-05,0.00047431990529744894,-0.006133496418007589,-0.003490369888685575,-0.012741312741312627
2022-11-22,0.0016789754555974756,0.0013827771783769816,0.003233430044018326,0.0024931688977617886,0.005084082909659671
2022-11-23,-0.0018556557694358045,-0.0010576513739665172,0.00044393695893124585,-0.00015669837422785902,0.001945525291829009
2022-11-24,-0.0031474544524972004,-0.004040399409798834,-0.005321170578685919,-0.004808862111131085,-0.0066019417475730036
2022-11-25,0.00647070500377489,0.0077625125216838065,0.009158816855056151,0.008600295121707213,0.010555121188428496
2022-11-28,-0.010340788028078585,-0.012154040698889146,-0.014781082244995802,-0.01373026562655314,-0.01740812379110246
2022-11-29,0.019488842490920755,0.024920624773385525,0.03372015490637781,0.030200342853180896,0.04251968503937009
2022-11-30,0.000921266899369444,0.0003440757674719741,-0.00039442737306161213,-9.902611684817772e-05,-0.0011329305135951984
2022-12-01,-0.007555105530346773,-0.006840930910056553,-0.005877932373742845,-0.006263131788268328,-0.004914933837429136
2022-12-02,-0.0021639934102536396,-0.0025012477859388538,-0.004100167965917778,-0.0034605998939262086,-0.005699088145896702
2022-12-05,0.009294370428876375,0.011997517401174385,0.018035441925654205,0.015620272115862277,0.024073366450134026
2022-12-06,0.0006139187073788133,0.0010673567076955326,0.002026215667280562,0.0016426720834465504,0.0029850746268655914
2022-12-07,-0.0028376319462903865,-0.0026274674418228505,-0.004475936101863864,-0.003736548637847459,-0.006324404761904878
2022-12-08,0.0019612305106324612,0.0018707981372731997,0.002058573909520245,0.0019834636006214267,0.00224634968176729
2022-12-09,0.002686615941438264,0.0038870426177446404,0.007733584812794514,0.006194967934774565,0.011580127007844387
2022-12-12,-0.0023731982473165214,-0.0031886993103810157,-0.007502769152974709,-0.005777141215937232,-0.011816838995568402
2022-12-13,0.00034531602315257537,0.00030465710851945715,0.0007128666708515752,0.000549582845918728,0.0011210762331836932
2022-12-14,0.0017259841057959413,0.002893361047925147,0.0046195062051869185,0.0039290481422822095,0.00634565136244869
2022-12-15,-0.0002680238116182787,0.00022776423645587407,-0.002482557050911549,-0.0013984285359645802,-0.005192878338278972
2022-12-16,0.0017234721491208305,0.001707842787909808,0.0029046298205022136,0.0024259150074652513,0.004101416853094619
2022-12-19,-0.0013381720359703086,-0.0031446505733424557,-0.008998987002230063,-0.006657252430675021,-0.014853323431117671
2022-12-20,-0.002297083096885033,-0.006195120567213053,-0.011766991116625714,-0.00953824289686065,-0.017338861666038374
2022-12-21,0.0014197959657262782,0.0032124791659731144,0.0025651962381456617,0.002824109409276643,0.0019179133103182089
2022-12-22,0.0027972475467326063,0.00423146825143661,0.0053699454580307115,0.004914554575393071,0.006508422664624813
2022-12-23,-0.0012227703141557411,-0.0010249390640508782,-0.0018437742106104382,-0.0015162401519866143,-0.0026626093571699982
2022-12-26,0.0007651670699260205,0.00045599584086186695,-0.0016789433457781167,-0.0008249676711221234,-0.0038138825324181003
2022-12-27,0.0023702043144790963,0.005659367709231589,0.008572409735167041,0.00740719292479286,0.011485451761102494
2022-12-28,-0.0009394980115297047,0.0009429242723448805,0.0017962161104344565,0.0014548993751986262,0.0026495079485240325
2022-12-29,-0.0017752455976740578,-0.002869985177659573,-0.004077499195096368,-0.00359449358812165,-0.005285013212533163
2022-12-30,0.00310274513483888,0.0039007803567912003,0.004606936667959194,0.004324474143491996,0.0053130929791271875
2023-01-03,0.002187836309105018,0.0018107759503152021,0.0012828889189099302,0.0014940437314720388,0.0007550018875046582
2023-01-04,0.0022583380664336072,0.0030125049456859454,0.003203725124672596,0.003127237053077936,0.003394945303659247
2023-01-05,0.006647085928794816,0.009948951367385606,0.014372971924294209,0.012603363701530767,0.018796992481202812
2023-01-06,0.0014176348553136542,0.002713656491161176,0.004124355920857359,0.0035600761489788858,0.005535055350553542
2023-01-09,0.0023097088611980787,0.0033736224174321094,0.0062739671720188905,0.005113829270184178,0.009174311926605672
2023-01-10,7.433504514531286e-05,-0.0003694812479584364,-0.0016392860785247043,-0.0011313641462981972,-0.0029090909090909722
2023-01-11,0.0010406132780025334,0.002217706888859361,0.0022029453481496875,0.002208849964433557,0.002188183807440014
2023-01-12,0.0009281531497249418,0.0007744798418201082,0.0014789429776784768,0.0011971577233351293,0.0021834061135368454
2023-01-13,0.001743309862942466,0.0041642140490041335,0.010252041665024914,0.007816910618616602,0.016339869281045694
2023-01-16,0.0009256787354192664,0.001981726063584377,0.00956535392139568,0.00653190277827116,0.017148981779206984
2023-01-17,-0.0012947517054653357,-0.0008790251523157488,-0.0020201237458101207,-0.0015636843084123721,-0.0031612223393044925
2023-01-18,0.001185307666977442,0.0013930143191238642,-0.0026509206064705415,-0.0010333466362327792,-0.006694855532064947
2023-01-19,-7.399402350261042e-05,-0.0002928582167576188,0.001627249501057304,0.0008592064139313349,0.003547357218872227
2023-01-20,0.0023309842192367203,0.004137834110422345,0.005426994114242523,0.004911330112714452,0.0067161541180627005
2023-01-30,-0.0014039356045658646,-0.0031016120503745137,-0.0013752442274343468,-0.0020657913566104135,0.00035112359550582006
2023-01-31,-0.005759179016388893,-0.007548730434327355,-0.009039370482168962,-0.008443114463032319,-0.01053001053001057
2023-02-01,0.0024371049439637638,0.0028301943029216403,0.0033661436218404006,0.0031517638942728963,0.003902092940759161
2023-02-02,-0.0003875794048903147,-0.0007408293136140776,-0.0014304853281851826,-0.0011546229223567406,-0.0021201413427562876
2023-02-03,-0.008741541897311134,-0.010838248305363063,-0.0126783309515483,-0.011942297893074206,-0.014518413597733537
2023-02-06,-0.011947821728970132,-0.013455342476744181,-0.014632809578293104,-0.014161822737673534,-0.015810276679842028
2023-02-07,0.003131041538088297,0.003292138133557776,0.0031064560693345733,0.0031807288950238544,0.0029207740051113706
2023-02-08,-0.0012915594687255005,-0.0018750488707145463,-0.002211641654141283,-0.0020770045407705884,-0.00254823443756802
2023-02-09,0.00916037740898612,0.009898625610154088,0.010241283607996698,0.010104220408859655,0.010583941605839309
2023-02-10,-0.0027409664597899397,-0.003362593801834679,-0.0038481441381871817,-0.003653924003646181,-0.004333694474539684
2023-02-13,0.0059610324808092585,0.006317162360817585,0.006422999025892939,0.006380664359862798,0.006528835690968293
2023-02-14,0.003832195129982896,0.003887773809177153,0.003925868886570649,0.00391063085561325,0.0039639639639641455
2023-02-15,-0.006998870035967775,-0.00834943693973178,-0.00884090655313946,-0.008644318707776388,-0.00933237616654714
2023-02-16,-0.003061339162882426,-0.003511209473544108,-0.0035671989396705572,-0.0035448031532199775,-0.0036231884057970065
2023-02-17,-0.009997757288802256,-0.01031906012562167,-0.010432257335538098,-0.010386978451571527,-0.010545454545454525
2023-02-20,0.026256676833073866,0.027646979891690293,0.027972699795165146,0.027842411833775206,0.02829841969864
2023-02-21,0.005869064131333923,0.005338214700555843,0.00517089434098561,0.0052378224848137036,0.005003573981415377
2023-02-22,-0.012715717202447574,-0.013295480099259516,-0.013226687418050831,-0.013254204490534304,-0.013157894736842146
2023-02-23,0.0002884611154776451,0.0006849553346035542,0.00016229748712159875,0.0003713606261143809,-0.0003603603603603567
2023-02-24,-0.005911747557997393,-0.00824986350798973,-0.010974246822487987,-0.009884493496688684,-0.013698630136986245
2023-02-27,-0.0006527089925242313,-0.0006901803859089561,-0.0008933358069896369,-0.0008120736385573646,-0.0010964912280703176
2023-02-28,0.003592244148941548,0.004252993498554236,0.004504835571084609,0.004404098742072459,0.004756677643614982
2023-03-01,0.006037954364201292,0.0077822321505005565,0.00953569000096044,0.008834306860776487,0.011289147851420323
2023-03-02,0.0003953226289068468,7.183382967523855e-05,-0.00014413349927838714,-5.774656769693689e-05,-0.00036010082823201284
2023-03-03,0.0011495750128951432,0.0014724877339076237,0.0012765896882794836,0.0013549489065307397,0.0010806916426513435
2023-03-06,-0.0036241798678313675,-0.005809567748435551,-0.008302408919197923,-0.007305272450892975,-0.010795250089960295
2023-03-07,-0.007022630227835336,-0.008909558423166875,-0.010093193180299387,-0.009619739277446382,-0.0112768279374319
2023-03-08,-0.004787400606128478,-0.005786861168287083,-0.00675656524198015,-0.006368683612502923,-0.007726269315673218
2023-03-09,-0.00466465945398542,-0.006040187011511433,-0.006542525837976709,-0.0063415903073905985,-0.0070448646644419854
2023-03-10,-0.01135016677788625,-0.012485252026229299,-0.012964059919014559,-0.012772536761900455,-0.013442867811799819
2023-03-13,0.009813951914005914,0.010293500903571617,0.010256515781081776,0.010271309830077712,0.010219530658591935
2023-03-14,-0.005684449114901735,-0.006275601917897888,-0.0065098504156743675,-0.006416151016563776,-0.006744098913450847
2023-03-15,0.0009220881948588389,0.0005200780785792336,0.0004486471117152169,0.0004772194984608236,0.00037721614485120014
2023-03-16,-0.008807042273139665,-0.009133764538604927,-0.009280306100373448,-0.00922168947566604,-0.009426847662141968
2023-03-17,0.0037548738076138566,0.0037096665103486526,0.003758145017641157,0.0037387536147241553,0.003806623524933661
2023-03-20,-0.006185328593174111,-0.006309257790486744,-0.006377988773893395,-0.006350496380530734,-0.006446719757300046
2023-03-21,0.010099739963373988,0.010143879662028343,0.010224611586739263,0.010192318816854895,0.010305343511450182
2023-03-22,0.002803878215093425,0.0030508239412092575,0.00322544974922212,0.003155599426016975,0.0034000755572349828
2023-03-23,0.0033905496753481312,0.004745730090555789,0.0055731662500971835,0.005242191786280626,0.006400602409638578
2023-03-24,-0.001501818974983471,-0.002399143880500998,-0.0036312965941973085,-0.0031384355087187843,-0.004863449307893619
2023-03-27,-0.0024817284155478347,-0.003795254297538464,-0.005093115870573817,-0.004573971241359676,-0.006390977443609169
2023-03-28,0.000866996400476161,0.0008675584350112953,0.0006229581808049334,0.0007207982824874781,0.0003783579265985715
2023-03-29,-0.00022597705274585156,-0.0004522468329294371,-0.0009825530685070305,-0.0007704305742759932,-0.0015128593040846239
2023-03-30,0.0061781022177183065,0.008596577600655797,0.010358894860933998,0.009653967956822718,0.0121212121212122
2023-03-31,-0.00048672060516907756,-0.0005981267604437956,-0.0008604406257308739,-0.0007555150796160426,-0.001122754491017952
2023-04-03,0.0007866238436140538,0.0007481059127205647,0.0009360611991477974,0.0008608790845769043,0.00112401648557503
2023-04-04,0.0017965841209248712,0.0026164133402319933,0.003179464155145917,0.0029542438291803473,0.0037425149700598404
2023-04-06,-0.0010461279470149742,-0.002050388674473047,-0.0032623308025608866,-0.002777553951325751,-0.004474272930648726
2023-04-07,0.0037400838455734498,0.0050804689310177675,0.006098286899965721,0.00569115971238654,0.007116104868913675
2023-04-10,0.0010433213673688435,0.001338032180231652,0.0008549588197550584,0.0010481881639456958,0.00037188545927846484
2023-04-11,0.0003722264222805194,-0.0002598252693621905,-0.0012451542703687535,-0.0008510226699661285,-0.0022304832713753164
2023-04-12,-0.0009302198033117604,-0.002487545333889507,-0.004038109477674967,-0.003417883820160783,-0.005588673621460427
2023-04-13,0.0014897374685938214,0.0019354467108712026,0.001717067679152362,0.0018044192918398982,0.0014986886474335215
2023-04-14,0.0025287864686569517,0.0036776748328073428,0.0038964505851279974,0.0038089402841997356,0.004115226337448652
2023-04-17,0.0032271982631293383,0.008216688890897883,0.01416795696407791,0.0117874497348059,0.020119225037257937
2023-04-18,0.0008504228736982977,0.0019456550997776212,0.0027989780246878704,0.0024576488547237707,0.0036523009495981196
2023-04-19,-0.0010713612089326974,-0.0022349903680156658,-0.005484307411082023,-0.004184580593855481,-0.008733624454148381
2023-04-20,0.0004068142345852177,-0.0010649164825481394,-0.0038364229989834575,-0.0027278203924093304,-0.006607929515418776
2023-04-21,-0.004731913356374462,-0.011101642243513177,-0.014235226147625013,-0.012981792585980279,-0.01736881005173685
2023-04-24,-0.006091588858535557,-0.011374964650717412,-0.012456944529194658,-0.01202415257780376,-0.013538924407671904
2023-04-25,0.0013080020181348573,-0.0002256047688338203,-0.00030342381026521315,-0.000272296193692656,-0.000381242851696606
2023-04-26,-0.0008196788591454673,-0.0012430940397798462,-0.0011936293997525382,-0.0012134152557634614,-0.0011441647597252302
2023-04-27,0.006647718376975531,0.009434295574188623,0.011780912582817882,0.010842265779366178,0.014127529591447141
2023-04-28,0.002960332231254581,0.004200078893373815,0.006618111735843479,0.005650898598855614,0.009036144578313143
2023-05-04,0.0019677296872209205,0.00308978364920387,0.004343399287288441,0.003841953032054613,0.005597014925373012
2023-05-05,-0.0006797995376909283,-0.0007137202385703034,-0.0018410901749437159,-0.0013901422003943509,-0.0029684601113171283
2023-05-08,0.0030611789076160356,0.004398153151587092,0.00908407843660497,0.007209708322597819,0.013770003721622848
2023-05-09,-0.001017278896504492,-0.0017216164856009852,-0.00416477300050988,-0.0031875103945463224,-0.006607929515418776
2023-05-10,-0.002225206429382953,-0.003449171121064798,-0.007637371961123629,-0.005962091625100097,-0.01182557280118246
2023-05-11,7.559894968900416e-05,0.0001504830034151361,-0.001046673232772577,-0.0005678107382974919,-0.00224382946896029
2023-05-12,-0.002456780134884373,-0.006356950281314111,-0.01011250812416542,-0.008610284987024897,-0.01386806596701673
2023-05-15,0.00507722035371283,0.009766780265425767,0.014195438783416114,0.012423975376219976,0.01862409730140646
2023-05-16,-0.0007539660309654472,-0.0005248541889455449,-0.001381830079547397,-0.0010390397233066562,-0.002238805970149249
2023-05-17,-0.001886337311668984,-0.003825945725959179,-0.006587617589980332,-0.005482948844371871,-0.009349289454001486
2023-05-18,0.0015875179361177771,0.0009413332856389456,-0.0002843352446852965,0.00020593216744440018,-0.0015100037750095385
2023-05-19,0.0005283339058208547,-0.0010156838514729927,-0.0025872370108026566,-0.001958615747070791,-0.0041587901701323204
2023-05-22,0.002715710999165344,0.006665141591895241,0.008078204812652201,0.0075129795243494175,0.009491268033409161
2023-05-23,-0.001542258213596992,-0.00890282917322427,-0.012349120491087384,-0.010970603963942139,-0.0157954118089505
2023-05-24,-0.007280687638710592,-0.01487162993743607,-0.015078153524316074,-0.014995544089564073,-0.015284677111196077
2023-05-25,-0.0024462111654511842,-0.003105577282950578,-0.0038810773492750084,-0.003570877322745236,-0.004656577415599439
2023-05-26,0.0015180346309242587,0.0011682194769757626,0.00019424619072966332,0.0005838355052281028,-0.0007797270955164359
2023-05-29,-0.0025650877910043945,-0.003306092942596206,-0.0037989692180793178,-0.0036018187078860732,-0.0042918454935624295
2023-05-30,-0.001052052703866102,-0.0020682841272929853,-0.0031893144774395865,-0.002740902337380946,-0.004310344827586188
2023-05-31,-0.011194708015783372,-0.013334842269150604,-0.014735111020447,-0.014175003519928443,-0.016135379771743397
2023-06-01,0.0018540350914011405,0.0019420472491376017,0.0019710236245688018,0.0019594330743963216,0.0020000000000000018
2023-06-02,0.012009238766444774,0.01459645778384,0.01588106322325733,0.015367221047490397,0.01716566866267466
2023-06-05,-0.0015951995543089792,-0.002651164527917582,-0.0036803703330326454,-0.00326868801098662,-0.004709576138147709
2023-06-06,-0.0025719850387628806,-0.003557312963716308,-0.004341747964507925,-0.004027973964191278,-0.005126182965299542
2023-06-07,-0.0007813991526158803,-0.0001961545393339703,-0.0002962540433492644,-0.0002562142417431468,-0.0003963535473645585
2023-06-08,0.006725287846718997,0.007298380473677701,0.008605574059202259,0.008082696624992437,0.009912767644726816
2023-06-09,0.002524554839904658,0.003194252713537127,0.003167601425476785,0.0031782619407009216,0.003140950137416443
2023-06-12,0.0011622450056250067,0.001436719904775785,0.0007183599523878925,0.0010057039333430495,0.0
2023-06-13,0.0029022394008133556,0.003295837558791037,0.003409171225579488,0.0033638377588641076,0.003522504892367939
2023-06-14,0.0011189517690697315,0.0003864718467241346,-1.7718769499408538e-06,0.00015352561251968933,-0.0003900156006240163
2023-06-15,0.006629123857027741,0.011010192502205474,0.01311336780787209,0.012272097685605443,0.015216543113538705
2023-06-16,0.002297256270059389,0.005120346092599037,0.006979850217706196,0.006236048567663332,0.008839354342813355
2023-06-19,-0.0019099924828428483,-0.005398396736996269,-0.008794436463736344,-0.007436020573040315,-0.012190476190476418
2023-06-20,0.00011481885211517273,-0.0022551701304168725,-0.0034415071631644367,-0.002966972350065411,-0.004627844195912001
2023-06-21,-0.005510672172466036,-0.00846642541312903,-0.009463743508579259,-0.009064816270399168,-0.010461061604029487
2023-06-26,-0.005502727342149738,-0.009543272869680708,-0.01025323392896721,-0.009969249505252608,-0.01096319498825371
2023-06-27,0.005958803733004947,0.005890359883824914,0.00591430108205504,0.00590472460276299,0.005938242280285166
2023-06-28,0.0037336958749141225,0.003323945858362709,0.0034329292455922422,0.003389335890700429,0.0035419126328217754
2023-06-29,-0.0028248203546666906,-0.004118647890260729,-0.0050005004157185895,-0.004647759405535445,-0.00588235294117645
2023-06-30,0.0021246169271416093,0.0024814087832061293,0.002621375003042825,0.0025653885151081467,0.002761341222879521
2023-07-03,0.008087836574975471,0.011119054883478308,0.013033957024744747,0.012267996168238171,0.014948859166011186
2023-07-04,0.001713639438539083,0.001981752065835618,0.0017660698313674006,0.0018523427251546875,0.0015503875968991832
2023-07-05,-0.0019051065272389645,-0.0036454167503447987,-0.004725185155358136,-0.004293277793352801,-0.005804953560371473
2023-07-06,-0.003311084597763414,-0.004515058664527061,-0.005955466272707377,-0.0053793032294352505,-0.007395873880887693
2023-07-07,-0.00199325057995281,-0.0031670559245576824,-0.003740390707376806,-0.0035110567942491567,-0.00431372549019593
2023-07-10,0.0036420104970968925,0.004510723136187389,0.004815424585029482,0.0046935440054926445,0.005120126033871575
2023-07-11,0.00351173650629355,0.005271418814283502,0.0059664304102765575,0.005688425771879335,0.006661442006269613
2023-07-12,-0.00027217923982769676,-3.884279015786696e-05,-0.00021404965510235519,-0.0001439669091245599,-0.0003892565200468434
2023-07-13,0.005017240151152569,0.009400320352818126,0.01268302622002282,0.011369943873140942,0.015965732087227513
2023-07-14,0.0004256908861499653,0.0007696510134849177,0.00038482550674245886,0.0005387557094394423,0.0
2023-07-17,-0.0008123367964604222,-0.004114466219049873,-0.006848340813626119,-0.005754790975795621,-0.009582215408202366
2023-07-18,-0.00027099907467376116,-0.00023167093414200313,-0.0006963308231082155,-0.0005104668675217306,-0.0011609907120744278
2023-07-19,0.001316638027530237,0.0026262123373390622,0.003056616436007742,0.00288445479654027,0.0034870205346764216
2023-07-20,-0.001121538128438404,-0.003043049110556084,-0.004224227257980662,-0.0037517559990108305,-0.005405405405405239
2023-07-21,0.002400463382354001,0.003940992751915617,0.003911490164777653,0.003923291199632839,0.0038819875776396895
2023-07-24,0.00023174660872138375,-0.0024245873010855234,-0.003725828066629411,-0.003205331760411856,-0.005027068832173298
2023-07-25,0.002471391089858832,0.013039719235555358,0.02245456618598607,0.018688627405813785,0.03186941313641678
2023-07-26,-0.0010429200204211675,-0.001102015798629119,-0.0011159796507269615,-0.0011103941098878245,-0.001129943502824804
2023-07-27,0.0020371471519666784,0.001923585563490482,0.0011503297349880759,0.0014596320663890381,0.00037707390648566985
2023-07-28,0.007529650445766256,0.012460478683781862,0.020176715029791348,0.017090220491387552,0.027892951375800834
2023-07-31,0.0,-3.718164955457404e-05,0.0007148158492235046,0.0004140168497122733,0.0014668133480015833
2023-08-01,-0.0003736689258936332,-0.0004833794170536754,-0.0017063546664177198,-0.0012171645666721022,-0.0029293299157817643
2023-08-02,-0.002392375081948339,-0.003906106499993678,-0.006543578406074668,-0.005488589643642272,-0.009181050312155659
2023-08-03,0.003484756886497742,0.004593668114014404,0.006929895584064316,0.005995404596044352,0.009266123054114228
2023-08-04,0.00011202114600772362,0.0006691701685794804,0.0007018270967760198,0.0006887643254974041,0.0007344840249725593
2023-08-07,-0.0011947583858782362,-0.0017089579582407755,-0.002872827602973582,-0.0024072797450804596,-0.004036697247706389
2023-08-08,-0.0006354746311426629,-0.0004837931616767932,-0.0011630461755325894,-0.000891344969990271,-0.0018422991893883855
2023-08-09,0.0007854972373313451,0.0004095615875909786,0.0002047807937954893,0.000286693111313685,0.0
2023-08-10,0.0001868763608803281,0.0,-0.0005537098560354226,-0.00033222591362125353,-0.001107419712070845
2023-08-11,-0.007847340674508319,-0.013175040555584716,-0.01841309307897493,-0.016317872069618843,-0.023651145602365142
2023-08-14,-0.002523477949209374,-0.004525742280662937,-0.006047882495365531,-0.005439026409484493,-0.007570022710068125
2023-08-15,0.0007551826866214473,0.0006440616802718679,0.0005127249667569167,0.0005652596521628972,0.00038138825324196546
2023-08-16,-0.004942713945373156,-0.006171440146259477,-0.006707527164246885,-0.006493092357051922,-0.0072436141822342925
2023-08-17,0.0019338210050727778,0.002247705744840678,0.0022759266051392,0.002264638261019791,0.0023041474654377225
2023-08-18,-0.008023113226790834,-0.009958952580466196,-0.010726602727014645,-0.010419542668395265,-0.011494252873563093
2023-08-21,-0.010834873551303081,-0.012055599734892009,-0.012423148704655329,-0.01227612911675,-0.01279069767441865
2023-08-22,0.008099458886722477,0.007927875761637226,0.007890125552589278,0.007905225636208458,0.007852375343541329
2023-08-23,-0.01265428933844892,-0.01263851772852087,-0.012552215623122864,-0.012586736465282067,-0.012465913517724858
2023-08-24,0.004223320338137437,0.005524794290204138,0.006312693003090231,0.005997533517935793,0.007100591715976323
2023-08-25,0.0007860857786234909,0.001491347632740725,0.0027041540357202187,0.0022190314745284215,0.0039169604386997126
2023-08-28,0.0054590049153036,0.0064659454329067945,0.009670740956796764,0.008388822747240777,0.012875536480686733
2023-08-29,0.002773273270223253,0.003737835972076553,0.003794958047671493,0.003772109217433517,0.0038520801232664326
2023-08-30,0.0007400910763870616,0.0007758159547328614,-0.0009551465122727976,-0.0002627615254705341,-0.0026861089792784565
2023-08-31,0.0011677006526202849,0.0001550429061862868,-0.0016539137142789762,-0.0009303310660928711,-0.003462870334744239
2023-09-01,0.0027214570089879597,0.004534301994589152,0.00612815485829854,0.005490613712814785,0.007722007722007929
2023-09-04,0.005544458883301351,0.008719031523928278,0.013554918060814658,0.011620563446060106,0.018390804597701038
2023-09-05,-0.0010025249748252252,-0.00214179362212108,-0.004268789963806974,-0.003417991427132616,-0.006395786305492868
2023-09-06,-0.0001929867384145023,-0.0003066272497335154,-0.0009106025305842813,-0.000669012418243975,-0.0015145778114350472
2023-09-07,-0.0021618686822282296,-0.0034506146119726022,-0.0066551518262744636,-0.005373336940553719,-0.009859689040576325
2023-09-08,-0.0016636028003619296,-0.0029624146526415762,-0.004353669984306252,-0.003797167851640382,-0.005744925315970928
2023-09-11,0.0033715028795733293,0.004784816388459179,0.00566667629900619,0.005313932334787386,0.006548536209553202
2023-09-12,7.724538030129402e-05,0.00034563127824815965,-0.0005925881113542641,-0.00021730035551329472,-0.001530807500956688
2023-09-13,-7.723941391346578e-05,-0.000691023717085737,-0.0018786663238552492,-0.0014036092811474444,-0.0030663089306247615
2023-09-14,0.0013131714651237747,0.0019592544230166986,0.002325263505241537,0.0021788598723516015,0.0026912725874663757
2023-09-15,-0.0006171526152070061,-0.002070448148501658,-0.003335837571183331,-0.002829681802110662,-0.004601226993865004
2023-09-18,0.002161368047168377,0.0037652757814772286,0.0045790939770251615,0.004253566698805988,0.005392912172573094
2023-09-19,-7.702523608599243e-05,0.0006889870397712716,0.00015292263865962497,0.00036734839910428356,-0.0003831417624520217
2023-09-20,0.00011554675414493509,-0.0015682788445690043,-0.003083871120253101,-0.0024776342099794625,-0.004599463395937198
2023-09-21,-0.0016174676648955666,-0.0047505374045437865,-0.0071885147554101025,-0.006213323815063576,-0.009626492106276419
2023-09-22,0.00478311726243974,0.011163158804402551,0.017634456540614907,0.015045937446129965,0.024105754276827263
2023-09-25,-0.00019194951451351194,-0.0003045494742522914,-0.004897908753830671,-0.0030605650419993193,-0.00949126803340905
2023-09-26,-0.00023038363944416496,-0.0013328098563955004,-0.003924358166986608,-0.002887738842750165,-0.006515906477577715
2023-09-27,8.929060887163942e-05,0.005220806043500392,0.004925217836565077,0.005043453119339203,0.004629629629629761
2023-09-28,-0.002574315889000367,-0.004724950545037521,-0.006394733337034941,-0.005726820220235973,-0.008064516129032362
2023-10-09,0.0026965254729973687,0.001350880968339352,-0.0008731464302708103,1.6464529173254583e-05,-0.0030971738288809725
2023-10-10,-0.00353447410790253,-0.00474097719287403,-0.005477284712941899,-0.005182761704914751,-0.006213592233009768
2023-10-11,0.0030458028605255816,0.0032144355576058103,0.0031703283688772066,0.003187971244368648,0.003126221180148603
2023-10-12,0.006495919563142438,0.008184058392330273,0.008766746765311972,0.008533671416119293,0.009349435138293671
2023-10-13,-0.0055756405914579865,-0.00773471653039326,-0.008691750391788766,-0.008308936847230563,-0.009648784253184273
2023-10-16,-0.006643795624250326,-0.008180900233593524,-0.008572133670966653,-0.008415640296017402,-0.008963367108339781
2023-10-17,0.0038660294006895857,0.004007467351250904,0.003969915350812148,0.00398493615098765,0.003932363350373391
2023-10-18,-0.0028113327673697786,-0.0034101893784728166,-0.0036635749085861535,-0.0035622206965408186,-0.0039169604386994905
2023-10-19,-0.025218847848550108,-0.026558288628987126,-0.026845797873282395,-0.026730794175564287,-0.027133307117577665
2023-10-20,-0.005190106057242239,-0.005472553277852676,-0.0055657026696459,-0.005528442912928611,-0.0056588520614391236
2023-10-23,-0.007367778641024669,-0.007470774060757579,-0.007597175648264898,-0.00754661501326197,-0.0077235772357722166
2023-10-24,0.0034504435264302025,0.0033588255376846288,0.0033180854439753826,0.003334381481459081,0.0032773453502661365
2023-10-25,0.004343838909002251,0.0045803377060247286,0.004740148436515823,0.004676224144319385,0.004899959167006918
2023-10-26,0.00235801895265908,0.003170389408363228,0.003413719694023265,0.0033163875797592502,0.0036570499796833023
2023-10-27,0.00442102455134874,0.006523327418849867,0.008119963304566546,0.007481308950279875,0.009716599190283226
2023-10-30,-4.038133141215372e-05,-0.00044280461817869377,-0.0006223646186323539,-0.0005505406184508899,-0.0008019246190860141
2023-10-31,-8.07659242588743e-05,-0.0002819095878898725,-0.0009435230122434302,-0.0006788776425020071,-0.0016051364365969878
2023-11-01,0.002342400989688853,0.0030213116069608414,0.0033193374755061678,0.0032001271280880372,0.003617363344051494
2023-11-02,-0.00020145922152103868,-0.00016065124157726984,-0.0008812867741728181,-0.0005930325611345989,-0.0016019223067683663
2023-11-03,0.002337397859995427,0.004257941945452037,0.006140202420780505,0.005387298230649118,0.008022462896108973
2023-11-06,0.0014474154858619137,0.003519907637623554,0.0057392614192893765,0.004851519906623048,0.0079586152009552
2023-11-07,-0.0006022181259345283,-0.0012754768529649185,-0.002809076760473761,-0.0021956367974702243,-0.004342676667982603
2023-11-08,0.00044189274150419067,-0.00023945733221542032,-0.0017057714892639297,-0.0011192458264445261,-0.003172085646312439
2023-11-09,-0.0005220062055697472,-0.0001596764571752951,-7.983822858764755e-05,-0.00011177352002270657,0.0
2023-11-10,-0.0005624541336232136,-0.004032474434910838,-0.006789506907192822,-0.005686693918280028,-0.009546539379474805
2023-11-13,-0.000723562285256385,-0.0012026141946315239,-0.0018061263744241773,-0.001564721502507116,-0.002409638554216831
2023-11-14,0.0,-0.00012040622169462445,-0.0004627796003803253,-0.00032583024890604496,-0.0008051529790660261
2023-11-15,0.0035399770106652184,0.006462578698955168,0.007461748656487965,0.007062080673474846,0.008460918614020763
2023-11-16,-0.0017236597778598206,-0.004785899591188247,-0.007386956986964399,-0.006346534028653939,-0.009988014382740551
2023-11-17,0.0004015432350534809,-0.0008014857622463678,-0.001207845383140893,-0.001045301534783083,-0.0016142050040354183
2023-11-20,0.0023681541705291576,0.003649685389097934,0.0030374538505716364,0.0032823464659821554,0.0024252223120453387
2023-11-21,0.001882038737282432,0.00507499483709184,0.004956852257255506,0.00500410928919004,0.004838709677419173
2023-11-22,-0.001139641276474812,-0.006585734680315536,-0.007506350486225111,-0.007138104163861281,-0.008426966292134686
2023-11-23,0.002428993928932144,0.003035772326789976,0.003339011213981724,0.003217715659105025,0.003642250101173472
2023-11-24,-0.002665419035170702,-0.003470483337442709,-0.004356209410656675,-0.004001918981371089,-0.005241935483870641
2023-11-27,-0.021339846778280713,-0.02283917696353155,-0.023580107330570088,-0.02328373518375467,-0.024321037697608627
2023-11-28,-0.0001655041037774696,-0.00012432445200871722,-0.000269889687574687,-0.0002116635933482991,-0.0004154549231406568
2023-11-29,-0.003186481373464778,-0.003895983862337693,-0.004233943718367605,-0.0040987597759556404,-0.004571903574397518
2023-11-30,0.0022418187626529473,0.0024133071420160412,0.002459263174348303,0.002440880761415398,0.0025052192066805645
2023-12-01,-0.004887831515619001,-0.00585270849651387,-0.006258299271164058,-0.006096062961303983,-0.006663890045814247
2023-12-04,-0.0061189868206597,-0.006805729004221606,-0.007176449407771124,-0.007028161246351317,-0.007547169811320642
2023-12-05,-0.017548573215139696,-0.019001648350955302,-0.019640241159001093,-0.019384804035782778,-0.020278833967046883
2023-12-06,-0.00038367120912052854,-0.0005570932758411917,-0.0007097669915213101,-0.0006486975052492627,-0.0008624407072014284
2023-12-07,-0.004051417175066074,-0.004287721551932355,-0.0043018236590045555,-0.004296182816175676,-0.004315925766076756
2023-12-08,0.00295457849405123,0.0031004533982477156,0.0030673485023314795,0.003080590460697974,0.0030342436064152434
2023-12-11,0.0036716698861374297,0.003777730365353671,0.0040496257704037975,0.003940867608383747,0.004321521175453924
2023-12-12,0.005657507672197415,0.005730803625460634,0.005662303706017724,0.005689703673794888,0.005593803786574814
2023-12-13,-0.018188289829129567,-0.018922956352606768,-0.019303155540445482,-0.019151075865309997,-0.019683354728284197
2023-12-14,-0.004566685127276093,-0.004594430942885586,-0.0046979138564275935,-0.00465652069101079,-0.004801396769969601
2023-12-15,0.00047607537311877834,0.0005225249625415707,0.00048056072688484885,0.0004973464211475376,0.00043859649122812705
2023-12-18,0.0009949566512528207,0.00091394112739418,0.0008953747723775551,0.000902801314384205,0.0008768084173609303
2023-12-19,0.0013829115777141965,0.0013044380024533897,0.0013092492246169485,0.001307324735751525,0.0013140604467805073
2023-12-20,-0.005524007097485906,-0.005601776240739098,-0.005644282696047553,-0.0056272801139241714,-0.005686789151356009
2023-12-21,0.011326362629773046,0.011397673564515376,0.011418150464615806,0.011409959704575635,0.011438627364716236
2023-12-22,0.0035186209065727336,0.003540524541663981,0.003510149178183042,0.0035222993235754173,0.003479773814702103
2023-12-25,0.0005558742330271649,0.00047327278023234776,0.0004533680762887071,0.00046132995786616335,0.0004334633723450665
2023-12-26,-0.0038034862584102047,-0.003827395637887143,-0.0038634378536056,-0.0038490209673182176,-0.0038994800693240572
2023-12-27,0.0008318346653866104,0.0010720482946922072,0.0011884817376027756,0.0011419083604385482,0.001304915180513344
2023-12-28,0.008388185948523752,0.013209419706716075,0.017899236352054815,0.016023309693919317,0.022589052997393555
2023-12-29,0.0016378215757606451,0.0013723374509173603,0.0008985731434705269,0.0010880788664492601,0.00042480883602369346
2024-01-02,-0.0026678657145282614,-0.005267693024546438,-0.008578644813759417,-0.007254264098074226,-0.011889596602972397
2024-01-03,0.0012943559329099408,0.0017651961864872945,0.001956942743007173,0.0018802441203992215,0.0021486892995270512
2024-01-04,-0.002930080880358288,-0.004684569457982346,-0.006201632927961942,-0.005594807539970104,-0.007718696397941538
2024-01-05,-0.002074370459356989,-0.003238498580242277,-0.003996085936620708,-0.0036930509940693358,-0.004753673292999139
2024-01-08,-0.006539188436047283,-0.008794015564107749,-0.00982471077814595,-0.00941243269253067,-0.010855405992184153
2024-01-09,0.0021359557173661337,0.0023163444762612784,0.0015971538009050823,0.0018848300710475607,0.0008779631255488862
2024-01-10,-0.0022618972041232865,-0.0034010817184008113,-0.003893523315340708,-0.0036965466765647493,-0.004385964912280604
2024-01-11,0.0013514956621021312,0.001837601527484356,0.0020201223496452148,0.0019471140207808712,0.0022026431718060735
2024-01-12,0.0004789157243509923,-0.000218360826417352,-0.0007685210725494329,-0.0005484569740966006,-0.0013186813186815138
2024-01-15,0.001871228943316261,0.0009173157767830009,0.00045865788839150046,0.0006421210437481006,0.0
2024-01-16,0.004213260385725226,0.00497515043283836,0.005128420286841795,0.005067112345240421,0.00528169014084523
2024-01-17,-0.01686884007541578,-0.020410042088112368,-0.021150730326017553,-0.02085445503085548,-0.021891418563922738
2024-01-18,0.015530443507890679,0.01688988504238864,0.01739749399836532,0.01719445041597465,0.017905102954342
2024-01-19,0.004029017503936361,0.004228628424753245,0.003873329164003736,0.00401544886830354,0.0035180299032542273
2024-01-22,-0.007335316587193663,-0.008812339706579464,-0.009007396847154792,-0.008929373990924661,-0.00920245398773012
2024-01-23,0.00017387108384991912,-0.0009635227794305701,-0.001145184653757736,-0.0010725199040268695,-0.0013268465280849018
2024-01-24,0.01592991137549582,0.016066138339833058,0.01622616040109448,0.01616215157658991,0.016386182462355903
2024-01-25,0.009634350461355634,0.014078031565169624,0.018367991817443197,0.016652007716533766,0.02265795206971677
2024-01-26,0.0008635670123362527,0.0012034445074653455,0.0012408360159823495,0.001225879412575548,0.0012782275244993535
2024-01-29,-0.0006902575262391908,-0.0012019979696107352,-0.0023031266443798715,-0.001862675174472217,-0.0034042553191490077
2024-01-30,-0.008159299046275104,-0.010873980728168364,-0.013122729048968829,-0.012223229720648644,-0.015371477369769293
2024-01-31,-0.0033950308369997684,-0.004432171770468507,-0.00525164529546851,-0.004923855885468509,-0.006071118820468513
2024-02-01,-0.002140041288384409,-0.003011581692088483,-0.003469141631384509,-0.0032861176556660985,-0.003926701570680535
2024-02-02,-0.00315129436461703,-0.0049031306642515204,-0.005736716449077195,-0.0054032821351469255,-0.006570302233902869
2024-02-05,0.005883449437427135,0.007522915692069754,0.008391087475664638,0.008043818762226684,0.009259259259259522
2024-02-06,0.01619397536538436,0.0208719510822597,0.023979007432785582,0.02273618489257523,0.027086063783311465
2024-02-07,0.004639024907890921,0.007185767509582108,0.009760472015105659,0.008730590212896239,0.01233517652062921
2024-02-08,-0.001710223603398675,0.000254803594522679,0.0011778219653285626,0.0008086146170062092,0.0021008403361344463
2024-02-19,0.005996037176201563,0.007217596108713753,0.007382382960017253,0.007316468219495853,0.007547169811320753
2024-02-20,0.0007237505930763888,0.001348870722269968,0.0004663621193539136,0.0008193655605203353,-0.0004161464835621409
2024-02-21,-0.0015740826358074944,0.0006735268604722844,0.00907947783489882,0.005717097445128206,0.017485428809325354
2024-02-22,-0.0014913445875447406,-0.0016406167229702229,0.003680509969120671,0.0015520592922843137,0.009001636661211565
2024-02-23,0.0011948576144720224,0.001559040319668803,0.0009822776618618745,0.0012129827249846457,0.000405515004054946
2024-02-26,-0.0009376962835407898,-0.00025242381023760085,-0.008435899785134926,-0.005162509395175997,-0.01661937576003225
2024-02-27,-0.0006399384430414434,-0.00042081257350923273,0.0022628006382247046,0.0011893553535311297,0.004946413849958642
2024-02-28,-0.0004147168224856168,-0.0006974824935248591,-0.003219947153243141,-0.002210961289355829,-0.005742411812961423
2024-02-29,0.004540805567390782,0.006190613061983097,0.0072207190722456405,0.006808676668140623,0.008250825082508184
2024-03-01,0.0012328035969431106,0.001804740713414299,0.0017207009622718372,0.0017543168627288219,0.0016366612111293755
2024-03-04,0.0014775427962574472,0.0015558318339858879,0.0013906610150321574,0.0014567293426136496,0.001225490196078427
2024-03-05,0.007663690538700418,0.009647524621984926,0.01094371335138411,0.010425237859624436,0.012239902080783294
2024-03-06,-0.0013421303060887624,-0.001943458830770295,-0.0035916407414632867,-0.0029323679771860903,-0.0052398226521562785
2024-03-07,0.00020362636980197912,8.11351340750388e-05,-0.0015801779759122558,-0.0009156527319173382,-0.0032414910858995505
2024-03-08,-0.0003257358632720031,-4.056427584941957e-05,-2.0282137924709787e-05,-2.8394993094593698e-05,0.0
2024-03-11,0.0031769595165545006,0.004543383194191675,0.006133480214982057,0.0054974414066659046,0.007723577235772439
2024-03-12,-0.0006902214480103419,0.00040382448439135743,0.001412077631465558,0.001008776372635878,0.0024203307785397588
2024-03-13,-0.0007719567924406867,-0.002825630332027207,-0.005436960035228866,-0.004392428153948203,-0.008048289738430525
2024-03-14,-0.0004472676247991858,-0.0005262468980024027,-0.00148016198855494,-0.0010985959523339252,-0.0024340770791074773
2024-03-15,0.001464439950466856,0.0013770627159115367,0.0010952007357515336,0.001207945527815535,0.0008133387555915306
2024-03-18,0.001177962682264111,0.0028312303392541427,0.0034473096027843875,0.0032008778973722897,0.004063388866314632
2024-03-19,0.00028400127695094035,-0.0020165979319345384,-0.004448201839297894,-0.003475560276352552,-0.0068798057466612494
2024-03-20,-0.0005272811943763944,0.0012528171462655724,0.001848902460663382,0.0016104683349042583,0.0024449877750611915
2024-03-21,-8.116297946292317e-05,0.00032290311209393074,0.00016145155604696537,0.00022603217846575152,0.0
2024-03-22,0.0004058478371347096,-0.004156035571387218,-0.006549562501140693,-0.005592151729239303,-0.008943089430894169
2024-03-25,0.0004868198297860449,0.0008914016149803583,0.00024061467131292202,0.0005009294487798965,-0.00041017227235451426
2024-03-26,0.0009731659031133599,0.004048216935525373,0.003870641089839033,0.003941671428113569,0.0036930652441526934
2024-03-27,-0.00013225203803957086,-0.004365294081274618,-0.004840046877105042,-0.004650145758772872,-0.005314799672935466
2024-03-28,0.003001537239353036,0.003001537239353258,0.0025283066385833886,0.0027175988788913363,0.002055076037813519
2024-03-29,0.0036074635304907954,0.0036074635304905733,0.004059679263194282,0.003878792970112799,0.0045118949958979915
2024-04-01,0.00461566029818572,0.004615660298185942,0.007616119246683928,0.006415935667284734,0.010616578195181914
2024-04-02,-4.065888371629356e-05,-4.065888371629356e-05,-0.0008284102499390156,-0.0005133097034499268,-0.0016161616161617376
2024-04-03,-0.00040660536928083246,-0.00040660536928083246,-0.0018220805073842494,-0.0012558904521428826,-0.0032375556454876664
2024-04-08,-0.0006915102995778133,-0.0006915102995779243,-0.002984813209066184,-0.00206749204527088,-0.005278116118554443
2024-04-09,-0.0027679552678890884,-0.0027679552678890884,-0.004037038858434372,-0.0035294054222162587,-0.0053061224489796555
2024-04-10,-0.0008163641500050778,-0.0008163641500050778,-0.0016392038230533812,-0.00131006795383406,-0.0024620434961016846
2024-04-11,4.08515572469792e-05,4.08515572469792e-05,-0.00039092757390635224,-0.0002182159214450197,-0.0008227067050596837
2024-04-12,-0.006045783492895196,-0.006045783492895085,-0.00734565831705275,-0.006825708387389684,-0.008645533141210415
2024-04-15,0.01401454084644782,0.014014540846448043,0.017389330223888555,0.01603941447291235,0.020764119601329067
2024-04-16,-0.002675002840163976,-0.002675002840163865,-0.0033716755453870872,-0.0030930064632977983,-0.00406834825061031
2024-04-17,0.005323716290462244,0.005323716290462022,0.00776806729555779,0.006790326893519483,0.010212418300653558
2024-04-18,0.0015765301710883861,0.0015765301710886082,0.0022035501643958844,0.0019527421670729739,0.0028305701577031606
2024-04-19,-0.0008879248715464305,-0.0008879248715465415,-0.0036697688873861267,-0.002557031281050293,-0.006451612903225712
2024-04-22,0.0004443569913974432,0.0004443569913974432,-0.0005895098159896528,-0.00017596309303481456,-0.0016233766233767488
2024-04-23,-0.0006056722172216311,-0.0006056722172215201,-0.002945112531374916,-0.002009336405713558,-0.005284552845528312
2024-04-24,0.0035009940585533084,0.003731267298999974,0.003908951998498611,0.0038378781186991563,0.004086636697997248
2024-04-25,0.002728148548095888,0.0032160341857108143,0.003439518924357343,0.0033501250288987317,0.003663003663003872
2024-04-26,0.003817137974918783,0.0066955004674575935,0.009430475294556095,0.008336485363716695,0.012165450121654597
2024-04-29,0.0007686152546666492,0.0021766807315848347,0.004093148058100127,0.00332656112749401,0.006009615384615419
2024-04-30,0.000565913112934302,-2.220446049250313e-16,-0.0021903624054162574,-0.0013142174432498434,-0.004380724810832293
2024-05-06,0.0037571537419229806,0.0063147524825173384,0.009157376241258564,0.008020326737762075,0.011999999999999789
2024-05-07,0.0006439725377915817,0.0014788514943524511,0.0017275680396664495,0.0016280814215408502,0.001976284584980448
2024-05-08,-0.000643558104045816,-0.0011972981530418147,-0.0035572289581776717,-0.002613256636123329,-0.005917159763313529
2024-05-09,0.001086703657522392,0.002237635669399163,0.004293421009302745,0.0034711068733413123,0.006349206349206327
2024-05-10,0.0012463423871396095,0.0012757941913528192,0.002018023278641534,0.0017211316437260483,0.002760252365930249
2024-05-13,0.00036139092137821294,0.0011148975376313874,-3.240573374035938e-05,0.0004265155748083393,-0.0011797090051121062
2024-05-14,0.000521820527456418,-0.00027841398134553774,-0.001910860533979819,-0.0012578819129261069,-0.0035433070866141003
2024-05-15,-0.00016047642240302196,-0.0017107336061341627,-0.0044112735592898855,-0.003331057578027597,-0.007111813512445608
2024-05-16,0.0003210043584369604,0.002152044708489509,0.0030656761544834987,0.002700223576085903,0.0039793076004774885
2024-05-17,-8.022533692664258e-05,0.0018690536629364374,0.008465244231388835,0.005826768004007877,0.015061434799841233
2024-05-20,4.011588677421685e-05,0.000992322775766663,0.0016675788029556493,0.001397476392080055,0.0023428348301446356
2024-05-21,0.0010429712164010674,0.0007930712379606852,-0.0005773638745920073,-2.918982957093039e-05,-0.0019477989871447
2024-05-22,-0.0015199462371461303,-0.0012748209628574703,-0.0004422504502030744,-0.0007752786552648328,0.00039032006245132145
2024-05-23,-0.004098723093566514,-0.006634740037421039,-0.008389551056556865,-0.007687626648902535,-0.010144362075692692
2024-05-24,-0.008231183529150976,-0.009193521144921779,-0.010312172476284243,-0.009864711943739257,-0.011430823807646706
2024-05-27,0.007864762601054398,0.008604723469764153,0.008887688688630102,0.008774502601083723,0.009170653907496051
2024-05-28,-0.0011763905706100308,-0.0016512220399457211,-0.0022084636473929664,-0.0019855670044140682,-0.0027657052548402117
2024-05-29,0.00019629601588389,0.0003937983532691369,0.0003949974333700146,0.00039451780132966353,0.00039619651347089224
2024-05-30,-0.004278413310779827,-0.005314185051811582,-0.00602342915956916,-0.005739731516466129,-0.006732673267326739
2024-05-31,-0.0020892681607020958,-0.0027702248476741964,-0.0031793707970428353,-0.00301571241729538,-0.0035885167464114742
2024-06-03,0.0013825939987635039,0.0013492755798936162,0.0012748778859851262,0.0013046369635485223,0.0012004801920766361
2024-06-04,0.004694329244355755,0.005350198851038934,0.005472861216087144,0.00542379627006786,0.005595523581135353
2024-06-05,-0.0030625785509680314,-0.0039025994742054593,-0.004137309276053547,-0.004043425355314312,-0.004372019077901634
2024-06-06,0.0003544600098117634,0.0005540449695347061,0.0004766232831705519,0.0005075919577162136,0.0003992015968063978
2024-06-07,-0.0033464916729736283,-0.003717956309029713,-0.004053710796174781,-0.0039194090013167536,-0.004389465283319849
2024-06-11,-0.010152190219494872,-0.01119549328196956,-0.011609770689080978,-0.01144405972623641,-0.012024048096192397
2024-06-12,-0.0001995391881892683,-0.0010037456978956305,-0.0011103921187246013,-0.001067733550393013,-0.001217038539553572
2024-06-13,-0.003193264192378087,-0.0036171151762217635,-0.0038394268001336607,-0.0037505021505689017,-0.004061738424045558
2024-06-14,0.006286856571513955,0.0066554513571814855,0.006794283590499273,0.006738750697172158,0.00693311582381706
2024-06-17,-0.005451709010296013,-0.00585013078848895,-0.005962732465933374,-0.005917691794955604,-0.006075334143377797
2024-06-18,0.00024006976907631206,0.000120915538601718,6.0457769300859e-05,8.46408770212026e-05,0.0
2024-06-19,0.001600080996099873,0.0016523125706289221,0.0016411522103348952,0.001645616354452506,0.0016299918500408683
2024-06-20,-0.002635915964522839,-0.0027359002864126847,-0.002791872030919962,-0.002769483333117051,-0.002847843775427239
2024-06-21,-0.0019220962766411942,-0.0020575544786969324,-0.0020487690794137037,-0.0020522832391269953,-0.002039983680130475
2024-06-24,0.0,8.085477403163566e-05,4.042738701581783e-05,5.659834182214495e-05,0.0
2024-06-25,-0.0034905085949862302,-0.003638170667960461,-0.00365882368230408,-0.003650562476566632,-0.003679476696647699
2024-06-26,0.001302270199326827,0.0013149923549644615,0.001478177342849496,0.0014129033476954823,0.0016413623307345304
2024-06-27,-0.0006556971672466716,-0.0006556971672467826,-0.0017616871743648677,-0.0013192911715176336,-0.0028676771814829527
2024-06-28,0.0025424936289515365,0.0025424936289517586,0.002709209016612202,0.0026425228615480243,0.002875924404272645
2024-07-01,0.002740565567243669,0.002740565567243669,0.003213789543146661,0.003024499952785464,0.0036870135190496534
2024-07-02,0.003630503136541119,0.003630503136540897,0.0042642311601072125,0.004010739950680686,0.004897959183673528
2024-07-03,0.0002438676581431043,0.00024386765814332634,0.00012193382907166317,0.00017070736070032841,0.0
2024-07-04,-0.0012596757062418584,-0.0012596757062418584,-0.002254533222739219,-0.001856590216140275,-0.0032493907392365795
2024-07-05,-0.0035396777636038657,-0.0035396777636038657,-0.005844818506903771,-0.004922762209583809,-0.008149959250203676
2024-07-08,-0.0034297601554432733,-0.0034297601554434953,-0.004179958138526951,-0.003879878945293569,-0.004930156121610407
2024-07-09,0.005408171833679587,0.005408171833679587,0.0072457869903327365,0.006510740927671477,0.009083402146985886
2024-07-10,-0.000448256736682362,-0.000448256736682473,-0.0010424589739058687,-0.0008047780790165105,-0.0016366612111292644
2024-07-11,0.005993026441049487,0.005993026441049487,0.008324382072983805,0.007391839820210078,0.010655737704918122
2024-07-12,0.0026341909022866705,0.0026341909022866705,0.004358457981556874,0.0036687511498487927,0.006082725060827077
2024-07-15,0.002991046040949241,0.0029910460409494632,0.0035108394251502917,0.0033029220714699604,0.00403063280935112
2024-07-16,0.0006447840786369952,0.0006447840786369952,0.0021288954516027747,0.001535250902416463,0.0036130068245685543
2024-07-17,0.0004430034125155746,0.0004430034125155746,0.002221501706257789,0.0015101023887609034,0.0040000000000000036
2024-07-18,0.002656843484364124,0.002656843484364124,0.003718859989194079,0.0032940533872620973,0.004780876494024033
2024-07-19,0.0022884665481495148,0.0022884665481495148,0.004514574273281613,0.003624131183228774,0.006740681998413711
2024-07-22,-0.0026036963635792665,-0.0026036963635793775,-0.006028118366901869,-0.004658349565572872,-0.00945254037022436
2024-07-23,-0.001967910330438971,-0.00196791033043886,-0.007345784191064297,-0.005194634646814123,-0.012723658051689735
2024-07-24,-0.0015672546461591441,-0.001311903656853075,-0.002468275630279182,-0.0020057268409087396,-0.003624647603705289
2024-07-25,-0.005176507375694195,-0.007601051225384681,-0.008650970236782907,-0.008231002632223617,-0.009700889248181133
2024-07-26,-0.0010976012656074285,-0.0013444462818543723,-0.0018967129368456237,-0.0016758062748491232,-0.002448979591836875
2024-07-29,-0.0019127386645102495,-0.0028556950780178614,-0.003269091401529367,-0.003103732872124765,-0.0036824877250408727
2024-07-30,-0.003221190113947392,-0.0038048604105132,-0.004571834722710333,-0.00426504499783148,-0.005338809034907466
2024-07-31,0.009612986482054886,0.012813446364905445,0.01487080245578054,0.014047860019430503,0.016928158546655636
2024-08-01,-0.0022689429080077206,-0.003771072234645345,-0.004930603108796561,-0.004466790759136074,-0.006090133982947776
2024-08-02,-0.0034517630529536936,-0.004884318776530394,-0.00550588487846132,-0.00525725843768895,-0.006127450980392246
2024-08-05,-0.006234694182341793,-0.006462585047926073,-0.0065194141844645,-0.006496682529849129,-0.006576243321002928
2024-08-06,-0.002993386215669802,-0.004693208075726596,-0.0056564923291334,-0.005271178627770679,-0.006619776582540204
2024-08-07,0.0013572373261487858,0.0004963513830273936,-0.00016831743634965202,9.755009140116611e-05,-0.0008329862557266976
2024-08-08,0.0029161587519037635,0.003017972938373914,0.0029679276946976696,0.0029879457921681675,0.002917882451021425
2024-08-09,0.0,-0.0004946124136750996,-0.0008707476033463779,-0.0007202935274778666,-0.0012468827930176563
2024-08-12,0.0011057372734657456,0.0006185714702218181,0.0005173589768919795,0.000557843974223915,0.0004161464835621409
2024-08-13,-0.0002863559919603631,-0.00037091344565765016,-0.00039344341168068286,-0.0003844314252714698,-0.00041597337770371556
2024-08-14,-0.00425565051157617,-0.005153487131804635,-0.005281695709056733,-0.0052304122781558935,-0.005409904286308831
2024-08-15,0.01093116379046255,0.012598205393929973,0.012993663366421049,0.012835480177424618,0.013389121338912124
2024-08-16,0.003943073883001524,0.004788327089886968,0.004871455039576089,0.00483820385970044,0.0049545829892652105
2024-08-19,0.003522681228485647,0.004561854077611116,0.0045405819278769854,0.004549090787770637,0.004519309778142855
2024-08-20,-0.0006859237195525614,-0.0022300231585875574,-0.0025465044218295207,-0.0024199119165327354,-0.002862985685071484
2024-08-21,-0.0035934772654219183,-0.004551287545023763,-0.00473667740663819,-0.004662521461992419,-0.004922067268252617
2024-08-22,0.001864001101867574,0.001714536176529613,0.0016816703965912838,0.0016948167085666156,0.0016488046166529546
2024-08-23,0.004651332665456032,0.006072110344834458,0.006122474925503663,0.006102329093235981,0.006172839506172867
2024-08-26,0.0002415546748739672,-0.0009721550096302156,-0.0010995744373304417,-0.0010486066662503512,-0.0012269938650306678
2024-08-27,0.0016904743821284374,0.0010136468902672835,0.0009163238546340269,0.0009552530688873295,0.0008190008190007703
2024-08-28,-0.005188454208030491,-0.006969888439072647,-0.006962849293185969,-0.00696566495154064,-0.006955810147299291
2024-08-29,-0.006016902592096196,-0.006016902592096196,-0.007128764439847113,-0.0066840197007467465,-0.00824062628759803
2024-08-30,0.006426475020612665,0.006426475020612887,0.007783241664855667,0.007240535007158555,0.009140008309098446
2024-09-02,-0.0114937904796929,-0.011493790479693122,-0.01377489029954182,-0.01286245037160234,-0.016055990119390517
2024-09-03,-0.003875811255743433,-0.003875811255743433,-0.004239160857997248,-0.0040938210170957225,-0.004602510460251064
2024-09-04,-0.007237895159005192,-0.00723789515900497,-0.007822394405900213,-0.007588594707142115,-0.008406893652795455
2024-09-05,0.001348562168284051,0.001348562168283829,0.0013101437378087999,0.0013255111099988114,0.0012717253073337709
2024-09-06,-0.003619379868500028,-0.0036193798684999168,-0.004138225073962165,-0.003930686991777265,-0.004657070279424413
2024-09-09,-0.012840561848076137,-0.012840561848076137,-0.013013220098857303,-0.012944156798544836,-0.013185878349638469
2024-09-10,0.0004278811371021263,0.00042788113710190423,0.00042945780993031146,0.00042882714079894857,0.0004310344827587187
2024-09-11,-0.005816694610680795,-0.005816694610680795,-0.005924288709907466,-0.005881251070216797,-0.006031882809134137
2024-09-12,-0.0038718043014586145,-0.0038718043014583925,-0.004103219012454307,-0.004010653128055941,-0.004334633723450221
2024-09-13,-0.0021593630207310532,-0.0021593630207312753,-0.002168057653160582,-0.0021645798001888594,-0.002176752285589889
2024-09-18,0.005713054934290973,0.005713054934290973,0.0056924786015259965,0.005700709134631987,0.00567190226876102
2024-09-19,0.00589577564017385,0.005895775640174072,0.0059847641758353776,0.005949168761570855,0.006073752711496683
2024-09-20,0.0017968701217787597,0.0017968701217783156,0.0017608757680904752,0.0017752735095656114,0.0017248814144026348
2024-09-23,0.00316023549135358,0.00316023549135358,0.0030867901520479357,0.0031161682877701934,0.0030133448127422913
2024-09-24,0.04661562773381234,0.04661562773381256,0.049058886828279635,0.048081583190492806,0.05150214592274671
2024-09-25,0.003972217532872024,0.003972217532872024,0.008108557746027811,0.006454021660765497,0.012244897959183598
2024-09-26,0.015893110522142706,0.015893110522142706,0.03576913590623265,0.027818725752596675,0.0556451612903226
2024-09-27,-0.005678069500841265,-0.005678069500841487,0.017405426670511204,0.008172028201970126,0.040488922841863895
2024-09-30,-0.004512488331424036,-0.004512488331423814,0.03170117139963313,0.017215707507210354,0.06791483113069008
2024-10-08,0.016246389290123897,0.016246389290123897,0.01998294026211256,0.018488319873317095,0.02371949123410122
2024-10-09,-0.004302583571173191,-0.004302583571173191,-0.038249344169737076,-0.024670639930311523,-0.07219610476830096
2024-10-10,0.0066998046669966005,0.0066998046669968225,0.01945558456295915,0.01435327260457422,0.032211364458921476
2024-10-11,-0.001496439105009184,-0.0014964391050096282,-0.01091652249780628,-0.0071484891406876205,-0.020336605890602932
2024-10-14,-0.0005127069285165708,-0.0005127069285163488,0.005649158346765326,0.003184412236652657,0.011811023622047001
2024-10-15,-0.0011443175400678296,-0.0011443175400678296,-0.012775908327869068,-0.008123272012748574,-0.024407499115670306
2024-10-16,0.0021727437123169047,0.0021727437123171267,0.0003612086944472237,0.001085822701595185,-0.0014503263234226793
2024-10-17,-0.0014979138002638726,-0.0014979138002640946,-0.008374229231286667,-0.00562370305887764,-0.01525054466230924
2024-10-18,0.0030792776614669837,0.0030792776614669837,0.01684199871273928,0.011336910292230364,0.03060471976401158
2024-10-21,-0.0023614037065224913,-0.0023614037065224913,-0.002075156236087672,-0.0021896552242615997,-0.0017889087656528524
2024-10-22,0.002051394048495414,0.002051394048495636,0.0029970231891224275,0.002618771532871711,0.003942652329749219
2024-10-23,-0.0025066163363329785,-0.002174046811096675,0.0017690994077326216,0.00019184092020090374,0.005712245626561918
2024-10-24,-0.0036594991644973707,-0.005078970533162641,-0.007509311322669354,-0.00653717500686667,-0.009939652112176067
2024-10-25,0.0009628095896405675,0.0,0.0007171029042668531,0.00043026174256011185,0.0014342058085337062
2024-10-28,-0.0006412556526687041,-0.00021419153120960654,0.0002509421864180239,6.488869936697181e-05,0.0007160759040456544
2024-10-29,-0.001711112334239595,-0.002999323866705539,-0.004361915958397522,-0.0038168791217207286,-0.005724508050089505
2024-10-30,-0.008963028329454281,-0.010600841362992997,-0.011777570735472698,-0.011306878986480817,-0.012954300107952399
2024-10-31,-0.002270030751349683,-0.0022804346812560494,-0.0015047816862350238,-0.001815042884243434,-0.0007291286912139983
2024-11-01,0.005236561106262139,0.006566699966970457,0.007114068699282439,0.006895121206357646,0.00766143743159442
2024-11-04,0.00528113455152468,0.006523859737448401,0.0074255793980507745,0.007064891533809825,0.008327299058653148
2024-11-05,0.010899892244737197,0.014001634073058877,0.017054677000622798,0.01583345982959723,0.020107719928186718
2024-11-06,-0.0024039372532781433,-0.0037081100109368492,-0.005901925473613512,-0.0050243992885428464,-0.008095740936290174
2024-11-07,0.014883627046356596,0.022827722439850096,0.030398957032558127,0.027370463195474915,0.03797019162526616
2024-11-08,-0.0037710908732334625,-0.007589590436589244,-0.011145222568721913,-0.009722969715868845,-0.014700854700854582
2024-11-11,0.002348328803044364,0.00331746629943086,-0.0014640982173907968,0.0004485275893378656,-0.006245662734212454
2024-11-12,-0.0038114649424947356,-0.008318450615829587,-0.011491627542551563,-0.010222356771862774,-0.01466480446927354
2024-11-13,0.003720743721911779,0.005194383663915891,0.005432060719271825,0.005336989897129452,0.005669737774627759
2024-11-14,-0.0029725551328542155,-0.005272288933165226,-0.006864474276307708,-0.006227600139050715,-0.00845665961945019
2024-11-15,-0.00526132510752042,-0.009582540989406918,-0.011187858980844234,-0.010545731784269308,-0.01279317697228155
2024-11-18,0.0036671461225148416,0.004394621097186802,0.004357137762416308,0.004372131096324505,0.004319654427645814
2024-11-19,-0.0019674023908435867,-0.0034226863839749155,-0.0038618808263961024,-0.0036862030494276277,-0.004301075268817289
2024-11-20,0.0037313527406857006,0.003505254624528664,0.00283254091917573,0.003101626401316904,0.002159827213822796
2024-11-21,0.0036122697651479463,0.0029637666821253905,0.002739067249108662,0.0028289470223153536,0.0025143678160919336
2024-11-22,-0.02243427386755159,-0.027439366738815973,-0.028230611352209833,-0.02791411350685229,-0.029021855965603693
2024-11-25,-0.007220751381379897,-0.007957661766965662,-0.008222373318907239,-0.008116488698130609,-0.008487084870848816
2024-11-26,0.004032704077870708,0.0037555176941035384,0.0037385701607846045,0.003745349174112178,0.0037216226274656705
2024-11-27,0.011299609409389122,0.011341176635758732,0.011603105930041102,0.011498334212328154,0.011865035224323472
2024-11-28,-0.0015762225291904297,-0.0015762225291904297,-0.003169936108860516,-0.0025324506769924815,-0.004763649688530602
2024-11-29,0.004001848633783389,0.004001848633783611,0.004946432417039182,0.004568598903736953,0.005891016200294752
2024-12-02,-0.01722346609858738,-0.01722346609858738,-0.016664441687653964,-0.01688805145202733,-0.016105417276720546
2024-12-03,0.0036836644587998624,0.0036836644587998624,0.004445998896066561,0.004141065121159882,0.005208333333333259
2024-12-04,0.00011121651141077216,0.00011121651141077216,-0.0004995360818224603,-0.0002552350445291674,-0.0011102886750556928
2024-12-05,-0.0019646065382401545,-0.0019646065382401545,-0.0032053488415542675,-0.002709051920228622,-0.00444609114486838
2024-12-06,0.007056792920863142,0.007056792920863142,0.00892474927025666,0.008177566730499252,0.010792705619650178
2024-12-09,0.0028766989304434,0.0028766989304434,0.001990632233999312,0.002345058912576947,0.0011045655375552244
2024-12-10,0.0037878213966455743,0.0037878213966453522,0.006491189109503304,0.005409842024360123,0.009194556822361255
2024-12-11,-0.0025645335560423588,-0.00256453355604247,-0.004562150159945544,-0.0037631035183843145,-0.006559766763848618
2024-12-12,0.006133975125885982,0.006133975125886204,0.008752974356780241,0.007705374664422626,0.011371973587674278
2024-12-13,-0.011901106043527565,-0.011901106043527676,-0.01810144166884392,-0.015621307418717423,-0.024301777294160165
2024-12-16,0.0009975463315934352,0.0009975463315936572,-0.00024472125799501754,0.00025218577784045224,-0.0014869888475836923
2024-12-17,0.004650577048029403,0.004650577048029181,0.0049313942574472636,0.00481906737368003,0.005212211466865346
2024-12-18,0.005694465405791771,0.005694465405791993,0.006365751221414473,0.006097236895165481,0.007037037037036953
2024-12-19,-0.002191827901180332,-0.00219182790118011,-0.0029348253150622283,-0.002637626349509381,-0.0036778227289443466
2024-12-20,-0.00025627496575786335,-0.00025627496575786335,-0.0016046970989734288,-0.0010653282456872027,-0.0029531192321889943
2024-12-23,0.007653599689344537,0.007653599689344315,0.008084482184546271,0.00791212918646549,0.008515364679748227
2024-12-24,0.008285964027577641,0.00828596402757742,0.009466036345653683,0.008994007418423178,0.010646108663729947
2024-12-25,0.0016308958504189786,0.0018398639576990838,0.0029177525382393377,0.0024865971060232363,0.0039956411187795915
2024-12-26,-0.0006154214070027697,-0.001447748328787135,-0.0019901549169261123,-0.0017731922816705214,-0.0025325615050650896
2024-12-27,0.0003622355198482641,0.0002537232849992854,-0.0004172079984143817,-0.00014883548504891493,-0.0010881392818280489
2024-12-30,0.004236620927636325,0.0055804963681209685,0.006239776143392439,0.005976064233283851,0.00689905591866391
2024-12-31,-0.0038942286395746706,-0.006846819336203569,-0.009734264338134346,-0.008579286337362036,-0.012621709340065124
2025-01-02,-0.019040483778874573,-0.021879447040698663,-0.023905391891423156,-0.023095013951133357,-0.025931336742147648
2025-01-03,-0.007158843689544669,-0.008198207734534058,-0.00897349456842933,-0.008663379834871221,-0.009748781402324602
2025-01-06,-0.003642398462149421,-0.0038898700732902247,-0.004027479527368316,-0.00397243574573708,-0.004165088981446408
2025-01-07,0.006266938335956818,0.006383271562977688,0.00604334680810481,0.006179316710053962,0.005703422053231932
2025-01-08,0.002965670675209031,0.0025371135404759215,0.002402772271183018,0.002456508778900179,0.0022684310018901144
2025-01-09,-0.0035852430435334703,-0.003982119687147456,-0.004442964785105197,-0.004258626745922101,-0.004903809883062937
2025-01-10,-0.007863983210989467,-0.008108175314368693,-0.008413450811088796,-0.008291340612400755,-0.0087187263078089
2025-01-13,-0.002729344530899014,-0.0029759537475008147,-0.003017613585031498,-0.0030009496500192244,-0.003059273422562181
2025-01-14,0.015558601500670122,0.016246578324196737,0.016753899058530974,0.01655097076479728,0.017261219792865212
2025-01-15,-0.0011813197102068518,-0.0014871485363772141,-0.0018747959876456166,-0.0017197370071382555,-0.002262443438914019
2025-01-16,-0.003104631802033242,-0.0032765995702852546,-0.0033389800572515282,-0.003314027862465019,-0.003401360544217802
2025-01-17,0.0004078250731482935,7.47129765588106e-05,3.73564882794053e-05,5.229908359116742e-05,0.0
2025-01-20,0.0025571325960529467,0.0026147588231439922,0.002445035839330756,0.0025129250328560504,0.0022753128555175195
2025-01-21,-0.0006653766123118077,-0.0009686633133653144,-0.0010518685465804034,-0.001018586453294368,-0.0011350737797954924
2025-01-22,-0.012690250151004445,-0.012631501833630931,-0.012565750916815499,-0.012592051283541673,-0.012500000000000067
2025-01-23,0.0016887167984125373,0.002762808567584374,0.004450065580301588,0.003775162775214702,0.006137322593018801
2025-01-24,0.0026820656572354995,0.0036735953161659562,0.004696119045806912,0.00428710955395053,0.005718642775447869
2025-01-27,0.006534377618587328,0.005718983450691439,0.0038071793674988585,0.004571901000775891,0.0018953752843062777
2025-02-05,-0.0033029253497298683,-0.003828884860977544,-0.006454737549671463,-0.005404396474193896,-0.009080590238365382
2025-02-06,0.00293296612597449,0.004528599868232952,0.005891638613001571,0.005346423115094123,0.0072546773577701895
2025-02-07,0.0034181170037781428,0.0062508435087123,0.008811547607275094,0.007787265967849977,0.011372251705837888
2025-02-10,0.0010597916869670154,0.0018071311087735076,0.00277762852290242,0.002389429557250855,0.0037481259370313325
2025-02-11,0.0003402866949435701,0.00030064521281203405,-0.0011566228752967755,-0.000573715640053252,-0.002613890963405585
2025-02-12,0.001133903130995817,0.0037569356554327804,0.006932754611692515,0.005662427029188621,0.01010857356795225
2025-02-13,0.0018121901614946978,0.0016094357851497154,0.0015460077369039427,0.0015713789562022517,0.00148257968865817
2025-02-14,-0.0003014853448068955,0.0010836893081436205,0.003687662566729033,0.002646073263294868,0.0062916358253144455
2025-02-17,0.0015078813281563797,0.0009705317627515253,0.0012208304271646986,0.0011207109613994293,0.0014711290915778719
2025-02-18,0.0009410069033586321,0.0007458390339520893,-0.001463290545455076,-0.0005796387136922099,-0.0036724201248622412
2025-02-19,-0.001240961359227466,-0.00022358495180085924,0.0015468879516704614,0.0008386987902819333,0.003317360855141782
2025-02-20,0.00030121291097184866,0.0002609074454131832,-0.0024411847783954443,-0.0013603478888719934,-0.005143277002204072
2025-02-21,-0.0003764027613430976,0.0008570437115584806,0.007075493790786647,0.004588113759095382,0.013293943870014813
2025-02-24,0.0004895078418494236,0.0006701555086545685,-0.0020337269103958278,-0.0009521739427756693,-0.004737609329446224
2025-02-25,0.0010538087348059832,0.00048367706184793136,-0.004884488821694122,-0.0027372224682773007,-0.010252654705236175
2025-02-26,-0.0017411513827920722,-0.0012829647962578905,0.003613049603350904,0.0016546438435073871,0.008509064002959699
2025-02-27,0.003596407152556935,0.003449495586499207,0.0042926127969180605,0.003955365912750519,0.005135730007336914
2025-02-28,-0.007349871336114533,-0.007606687170345849,-0.010190204899041655,-0.009156797807563333,-0.01277372262773746
2025-03-03,-0.0034627036882491913,-0.0037219434101719573,-0.005372986492516663,-0.00471256925957878,-0.007024029574861368
2025-03-04,-0.0010719929189322297,-0.001479543772320957,-0.0022289751624076093,-0.0019292026063729485,-0.0029784065524942616
2025-03-05,0.005994800620610086,0.0061492046726101535,0.0066220257866411725,0.006432897341028765,0.0070948469006721915
2025-03-06,0.008754693577908368,0.009241068590046364,0.01259235483636545,0.011251840337837816,0.015943641082684534
2025-03-07,0.0014221422257090222,0.0014591957256069321,0.0005471161109785183,0.0009119479568298837,-0.0003649635036498955
2025-03-10,-0.0004005474026460565,-0.0008013882667505801,-0.0025912746372087625,-0.0018753200890254899,-0.004381161007666945
2025-03-11,0.0029142393102288278,0.0031716680651776574,0.0037860540545909815,0.003540299658825652,0.004400440044004306
2025-03-12,-0.0021793283981836886,-0.0023621451199479226,-0.0028240079378490934,-0.002639262810688625,-0.003285870755750264
2025-03-13,-0.0012740514755016363,-0.0015663497941036386,-0.0020652261791030413,-0.0018656756251032801,-0.002564102564102444
2025-03-14,0.011189507522255893,0.011711327381912051,0.020545344190405213,0.01701173746700795,0.029379360998898374
2025-03-17,-0.00014417834428648302,0.0009376004877832411,-0.00042310129017897324,0.00012117942100591233,-0.0017838030681411876
2025-03-18,0.0009372943754135665,0.0007926111063329966,0.0007537036946960729,0.0007692666593508424,0.0007147962830591492
2025-03-19,0.0009004006512776108,0.0008639818598368265,0.0020391337870612203,0.0015690730161714629,0.003214285714285614
2025-03-20,-0.001691230439412994,-0.0018703447523752414,-0.006275151016273073,-0.004513228510713941,-0.010679957280170904
2025-03-21,-0.004829974533598902,-0.0055855129235974355,-0.010889194029269023,-0.008767721587000388,-0.01619287513494061
2025-03-24,0.005360489767666898,0.005471934213869822,0.006027847136195974,0.005805481967265514,0.006583760058522126
2025-03-25,0.0009366865631503796,0.0012614266786192818,0.0006307133393096409,0.0008829986750334972,0.0
2025-03-26,-0.0010331287206439832,-0.0022565937137827285,-0.0040352736010773604,-0.0033238016461595078,-0.005813953488371992
2025-03-27,0.0036562486431890306,0.0036562486431890306,0.00438660385375822,0.004094461769530544,0.005116959064327409
2025-03-28,-0.00225861609673772,-0.002258616096737942,-0.0033111262301871447,-0.002890122176807464,-0.004363636363636347
2025-03-31,-0.002957452392090665,-0.0029574523920904427,-0.00385272181328411,-0.0034946140448066433,-0.0047479912344777775
2025-04-01,-0.00025634042007804947,-0.00025634042007793845,-0.000862115164167454,-0.0006198052665316478,-0.0014678899082569696
2025-04-02,-0.0009157362404905722,-0.0009157362404904612,-0.0013766479805906173,-0.001192283284550555,-0.0018375597206907734
2025-04-03,0.0015031839544279446,0.0015031839544277226,0.0014879690022506775,0.0014940549831214955,0.0014727540500736325
2025-04-07,-0.051617272567112904,-0.05161727256711279,-0.05319834216590935,-0.052565914326390725,-0.05477941176470591
2025-04-08,0.024434081297361132,0.02443408129736091,0.023302221512157772,0.023754965426239026,0.022170361726954635
2025-04-09,0.007498274972858487,0.0074982749728587095,0.007554312524481133,0.0075318975038321636,0.007610350076103556
2025-04-10,0.00912543973446489,0.009125439734464669,0.009094441921613017,0.009106841046753678,0.009063444108761365
2025-04-11,0.0018901183408650546,0.0018901183408652766,0.0018806879129475984,0.0018844600841146698,0.0018712574850299202
2025-04-14,0.004143017328077425,0.004143017328077203,0.003565718600534673,0.0037966380915516853,0.002988419872992143
2025-04-15,0.002873411047436658,0.002873411047436658,0.0025540239594724623,0.0026817787946581406,0.0022346368715082665
2025-04-16,0.007603742179877138,0.007603742179876916,0.008261179897073423,0.00799820481019482,0.00891861761426993
2025-04-17,0.0010936755930344155,0.0010936755930344155,0.0010993239843625213,0.001097064627831279,0.0011049723756906271
2025-04-18,0.001274560902388755,0.001274560902388977,0.0010051980376551972,0.0011129431835487091,0.0007358351729214174
2025-04-21,-0.0018184835211294548,-0.0018184835211297878,-0.002563653525270826,-0.002265585523614411,-0.003308823529411864
2025-04-22,0.002586950927636167,0.002586950927636167,0.0022156444051681934,0.002364167014155383,0.00184433788270022
2025-04-23,-0.003035799825828356,-0.0028329273058705917,-0.0028892177030089283,-0.002866701544153594,-0.002945508100147265
2025-04-24,0.001293057307468759,0.0020315338000773675,0.0023082336651789603,0.002197553719138323,0.002584933530280553
2025-04-25,-0.0005903485574693113,-0.0011427248395443623,-0.0014921727328476853,-0.001352393575526356,-0.0018416206261510082
2025-04-28,0.0006645344340976411,0.000701180997308537,0.0005350923436726607,0.0006015278051270112,0.00036900369003678435
2025-04-29,0.00018447031148660642,-0.000700689687014866,-0.001272513784857432,-0.0010437841457204057,-0.0018443378826999979
2025-04-30,-0.0033198531924031327,-0.003727330564639919,-0.004265734757560091,-0.004050373080392022,-0.004804138950480263
2025-05-06,0.005477498629931299,0.006223111781478385,0.005710887491184757,0.005915777207302209,0.005198663200891129
2025-05-07,0.005742127143393949,0.006994515434787907,0.007930209324338855,0.0075559317685184755,0.008865903213889803
2025-05-08,0.00036598354922245946,0.0022300097493468396,0.0031289191917733827,0.0027693554148027653,0.004027828634199926
2025-05-09,7.316993085382251e-05,0.00040123814065462504,0.0005653163715674259,0.0004996850792023056,0.0007293946024802267
2025-05-12,0.0012803801046121777,0.0029533867515916246,0.004938792501160139,0.004144630201332733,0.006924198250728653
2025-05-13,0.0013518138464652107,0.00250843958135194,0.002339996120752086,0.0024073735049920273,0.0021715526601522317
2025-05-14,0.0009121546707835382,0.003445007106777531,0.010389892502467801,0.007611938344191695,0.01733477789815807
2025-05-15,0.0005103411056157636,0.00039752607956300423,-0.002286149988262487,-0.0012126795611322907,-0.004969826056087978
2025-05-16,0.0009472928964966432,-0.00018062187062450885,-0.0045498186056654455,-0.002802139911649071,-0.008919015340706382
2025-05-19,-0.00014559944337322328,-0.0006503562028019605,-0.0019450485117680771,-0.0014271715881816307,-0.0032397408207341938
2025-05-20,0.00029124129131608,0.0014100221227046905,0.002691287695516187,0.0021787814663915884,0.003972553268327683
2025-05-21,0.00021836737089264702,0.0010470016931283244,0.0028616303429671586,0.002135778883031625,0.004676258992805993
2025-05-22,0.0004730260101535322,0.0005409861864404952,0.0008075500212545439,0.0007009244873289245,0.0010741138560685926
2025-05-23,0.00025458588741322785,-0.0008290636405651197,-0.00416989662714945,-0.0028335634325157184,-0.00751072961373378
2025-05-26,-0.0011998851382675202,-0.00025253308269057584,-0.0021082485233272497,-0.0013659623470725804,-0.0039639639639639235
2025-05-27,-0.00025482685288957807,-0.0009021316848477623,-0.0029836273474890818,-0.0021510290824325543,-0.005065123010130401
2025-05-28,-2.5890684687945864e-05,0.0014226081461359286,0.00016584952761344862,0.0006685529750224404,-0.0010909090909090313
2025-05-29,0.0014202843554953493,0.0018569465877711355,0.0022025905126696887,0.0020643329427102674,0.002548234437568242
2025-05-30,-3.636589766142784e-05,-0.0005088052195850734,-0.001162173125406063,-0.0009008259630776673,-0.0018155410312270526
2025-06-03,0.0009455477248849764,0.00065451115816062,0.00014537125750879731,0.0003490272177695264,-0.00036376864314302537
2025-06-04,0.0017803104207383402,0.0022166147924298496,0.002381960962444918,0.0023158224944388904,0.002547307132459986
2025-06-05,-3.626829690239752e-05,-0.00021754546999452895,-0.0002902609382641197,-0.0002611747509562834,-0.00036297640653371044
2025-06-06,0.0009430099208269649,0.001160494967060055,0.0009433556897755491,0.0010302114006893516,0.0007262164124910431
2025-06-09,0.00025364809370764796,0.0005071280285642299,0.00025356401428211495,0.0003549896199949609,0.0
2025-06-10,-0.0014128238762887158,-0.0031860461605225376,-0.004132935997532616,-0.0037541800627285847,-0.005079825834542695
2025-06-11,0.003736583217517575,0.005448118457785478,0.006371032241292429,0.0060018667278896485,0.00729394602479938
2025-06-12,0.0001084273729961005,-1.1102230246251565e-16,-0.00036205648081116815,-0.00021723388848674528,-0.0007241129616222253
2025-06-13,-0.0013732644918252879,-0.0032511583786990483,-0.0041618110734074065,-0.0037975499955240632,-0.005072463768115765
2025-06-16,0.0011942117641441374,0.0024282012599030622,0.0024886818389828758,0.00246448960735095,0.0025491624180626893
2025-06-17,0.0009759169010372659,0.0005061562885526616,0.0002530781442763308,0.0003543094019868631,0.0
2025-06-18,-0.00025276881150604336,-0.0006143074148241556,-0.0008520138599729665,-0.0007569312819134422,-0.0010897203051217774
2025-06-19,-0.0022393755176302044,-0.004881322220744333,-0.005531570201281255,-0.005271471009066486,-0.006181818181818177
2025-06-20,0.004488803151140086,0.005958990301416556,0.005906681392933044,0.005927604956326449,0.005854372484449533
2025-06-23,0.001982104122451922,0.004623368650692461,0.004676180505775451,0.004655055763742255,0.004728992360858442
2025-06-24,0.001798348324964394,0.008341290816910929,0.009601492620620489,0.009097411899136664,0.010861694424330048
2025-06-25,-0.0005181320843385961,0.003082800851238021,0.008704724207853953,0.006455954865207581,0.014326647564469885
2025-06-26,0.0010597189794823159,0.0010597189794823159,-0.0005294625441570888,0.00010621006529867296,-0.0021186440677964935
2025-06-27,-0.006210436695325172,-0.006210436695325394,-0.0085900024948673,-0.007638176175050537,-0.010969568294409204
2025-06-30,0.0038702724444554804,0.0038702724444557024,0.0040818267410113185,0.003997205022389072,0.0042933810375669346
2025-07-01,0.001556288551743501,0.001556288551743501,0.0013125226157363334,0.0014100289901392005,0.0010687566797291659
2025-07-02,0.0018363921505253344,0.0018363921505251124,0.001985811733625553,0.0019260439003853768,0.002135231316725994
2025-07-03,0.0014100199969035998,0.0014100199969038218,0.0014152372711792038,0.001413150361469051,0.0014204545454545858
2025-07-04,0.004083300455724581,0.004083300455724581,0.004878529660486408,0.004560437978581677,0.005673758865248235
2025-07-07,-0.0011569045888865093,-0.0011569045888867313,-0.001988889529986382,-0.0016560955535465218,-0.0028208744710860323
2025-07-08,0.003229045460467317,0.003229045460467761,0.0046201804388619205,0.004063726447504257,0.00601131541725608
2025-07-09,-0.0001399414037351887,-0.00013994140373541075,-0.0005972114751541802,-0.00041430344658667246,-0.0010544815465729496
2025-07-10,0.0031141320291205865,0.0031141320291203645,0.004371985085636743,0.0038688438630301914,0.005629838142153121
2025-07-11,0.0008022772954967561,0.0008022772954967561,0.0026754563524370445,0.0019261847296609294,0.004548635409377333
2025-07-14,0.001185024414291469,0.001185024414291469,0.0002442015140075582,0.0006205306741211224,-0.0006966213862763526
2025-07-15,-0.0005221860853983351,-0.0005221860853983351,-0.002700967563438239,-0.0018294549722222778,-0.004879749041478143
2025-07-16,-0.0006269506874025943,-0.0006269506874024833,-0.0011891320862580934,-0.0009642595267158494,-0.0017513134851137035
2025-07-17,0.00264878578265626,0.002648785782656038,0.002903340259749032,0.0028015184689118345,0.0031578947368420263
2025-07-18,0.0032674749426386818,0.0032674749426384597,0.006005895568556019,0.004910527318188996,0.008744316194473578
2025-07-21,0.0013165921937448033,0.0013165921937450253,0.001698518010880945,0.0015457476840265772,0.0020804438280168647
2025-07-22,0.0007612353493335888,0.0007612353493335888,0.004532866809614844,0.0030242142255023424,0.008304498269896099
2025-07-23,-0.0011950228783802475,-0.001000460824641003,0.0007008677345565761,2.0336310877544766e-05,0.0024021962937541552
2025-07-24,0.002021084224677061,0.0029111644303245754,0.0035096732798661767,0.003270269740049536,0.004108182129407778
2025-07-25,-0.002085380824041194,-0.003141761199956128,-0.0044689371973186676,-0.0039380667983736515,-0.005796113194681207
2025-07-28,0.002740640950958495,0.00339146341594998,0.003924812640759612,0.003711472950835759,0.004458161865569243
2025-07-29,0.0008199451101409405,0.0011949495899419293,0.0014510084241959875,0.0013485848904943643,0.0017070672584500457
2025-07-30,0.002048183377408197,0.00306906014483177,0.0030682724037042197,0.00306858750015524,0.0030674846625766694
2025-07-31,-0.005518791621738628,-0.008601071866935595,-0.01177590120699823,-0.010505969470973176,-0.014950730547060864
2025-08-01,-0.0029802428397780467,-0.004217826602988195,-0.006075798434298563,-0.005332609701774416,-0.00793377026560893
2025-08-04,0.00405425110217239,0.004614493742600256,0.004741182893553297,0.004690507233172081,0.004867872044506338
2025-08-05,0.004311635132188352,0.005827318355331235,0.006719887551367987,0.006362859872953286,0.007612456747404739
2025-08-06,0.0016014036746150317,0.0020788647326508425,0.002069652146545309,0.0020733371809875225,0.002060439560439775
2025-08-07,0.0012586638595966093,0.0013603619800799382,0.0011942317097108912,0.00126068381785851,0.0010281014393418442
2025-08-08,-0.0009513050070033557,-0.001833993777701104,-0.0027999136981624595,-0.002413545729977917,-0.003765833618623815
2025-08-11,0.0005781280160426228,0.0007825807461285805,0.0007349329847481378,0.000753992089300315,0.0006872852233676952
2025-08-12,0.002888969885785908,0.004827807327037359,0.005847969597584601,0.005439904689365704,0.006868131868131844
2025-08-13,0.0004066796867425726,0.0009135529075794402,0.0018210329340080378,0.0014580409234365987,0.0027285129604366354
2025-08-14,0.002100324222307659,0.0037522895938681966,0.004257097177886471,0.0040551741442791615,0.004761904761904745
2025-08-15,-0.0008789350768523274,3.3678040992857206e-05,0.0018787212141321286,0.00114070394487642,0.0037237643872714
2025-08-18,-0.00027067947179038043,-0.00013470762728218233,0.0009444505708445794,0.0005127872915938747,0.002023608768971341
2025-08-19,-0.0006430378026356376,-0.0034355072847321866,-0.007439732773971641,-0.005838042578275859,-0.011443958263211096
2025-08-20,0.003149526087761645,0.00682710625480043,0.009882739371867344,0.008660486125040579,0.012938372488934258
2025-08-21,0.0011140649963075067,0.0028868807500221916,0.003964448778372431,0.0035334215670323353,0.005042016806722671
2025-08-22,0.0009104933754524591,0.002510381389357663,0.013964220795013138,0.00938268503275095,0.025418060200668613
2025-08-25,-0.001415034648807656,-0.0014356812224762816,0.008740737340490523,0.0046701699153038016,0.018917155903457328
2025-08-26,0.0014507788523134835,0.0019392844478398619,-0.0027115357530327344,-0.0008512076726836966,-0.007362355953905331
2025-08-27,-0.0006035765339803545,-0.000635656933026918,-0.00837974397763891,-0.005282109159794114,-0.0161238310222509
2025-08-28,0.007869963414015801,0.007869963414016024,0.011145732280590459,0.009835424733960686,0.014421501147164895
2025-08-29,0.0033511525174745316,0.0033511525174745316,0.0044219413637452964,0.0039936258252369905,0.005492730210016061
2025-09-01,0.003339959802772796,0.003339959802772796,0.00183064828184909,0.0024343728902185722,0.00032133676092538366
2025-09-02,0.0030379719507607206,0.0030379719507609426,0.0039282375012398285,0.003572131281048274,0.004818503051718714
2025-09-03,-0.0038342947344064404,-0.0038342947344067735,-0.008470855807101108,-0.006616231378023374,-0.013107416879795442
2025-09-04,-0.011935299228059804,-0.011935299228059582,-0.014552035749436365,-0.013505341140885651,-0.01716877227081315
2025-09-05,0.010933722019513148,0.010933722019512926,0.011729220930653095,0.011411021366197028,0.012524719841793264
2025-09-08,0.00019428985673020094,0.00019428985673042298,-0.0007166571549682144,-0.0003522783502887595,-0.0016276041666668517
2025-09-09,-0.00012950141034295815,-0.00012950141034295815,-0.0013689567697295346,-0.0008731746259749041,-0.002608412129116111
2025-09-10,0.004079822768613406,0.004079822768613406,0.004164788795225305,0.004130802384580546,0.004249754821837204
2025-09-11,0.007384787360610323,0.007384787360610323,0.01183041451363831,0.010052163652427115,0.016276041666666297
2025-09-12,-0.0010883937547390143,-0.0010883937547387923,-0.0034269643341278133,-0.0024915361023722053,-0.005765534913516834
2025-09-15,-0.0009293473454766721,-0.0009293473454772272,-0.001592250992326294,-0.0013270895335866673,-0.0022551546391753607
2025-09-16,-0.0028868643166876096,-0.0028868643166873875,-0.0038651305761674415,-0.0034738240723754202,-0.0048433968356474955
2025-09-17,0.0009972432817930699,0.0009972432817930699,0.0014720155409614355,0.0012821066372940893,0.0019467878001298011
2025-09-18,-0.0061060470288707425,-0.0061060470288708535,-0.009529707452259284,-0.008160243282903913,-0.012953367875647714
2025-09-19,-0.0003233452576055784,-0.00032334525760568944,-0.0006537986130548123,-0.0005216172708751633,-0.0009842519685039353
2025-09-22,0.0036873282167986243,0.0036873282167988464,0.0033214966207147922,0.003467829259148414,0.002955665024630738
2025-09-23,0.000999010834256353,0.000999010834256353,0.0004995054171281765,0.0006993075839794471,0.0
2025-09-24,0.0062254394390111045,0.0062254394390108825,0.006059674532865045,0.00612598049532338,0.005893909626719207
2025-09-25,0.004428730267401537,0.004428730267401759,0.00465577138370088,0.0045649549371812315,0.0048828125
2025-09-26,-0.0023342839921028924,-0.0023342839921032255,-0.002786837493298111,-0.002605816092820157,-0.0032393909944929966
2025-09-29,0.006044342859044649,0.006044342859044649,0.008222041432772165,0.007350962003281159,0.01039974000649968
2025-09-30,0.004037653411449016,0.004037653411449016,0.004752824775843489,0.0044667562300857,0.005467996140237963
2025-10-09,0.006498608782979254,0.00649860878297881,0.008847512964746063,0.007907951292039162,0.011196417146513316
2025-10-10,-0.005050250633071518,-0.005050250633071518,-0.010275837116599129,-0.008185602523188085,-0.01550142360012674
2025-10-13,-0.0017990478924539977,-0.0017990478924534425,-0.002666876131316609,-0.002319744835771342,-0.0035347043701797753
2025-10-14,0.0008689613941692542,0.0008689613941690322,0.00027324238686193825,0.0005115299897847758,-0.0003224766204451557
2025-10-15,0.006109604504077826,0.006109604504077826,0.009183834510103406,0.007954142507693173,0.012258064516128986
2025-10-16,0.0019815539064480525,0.0019815539064482746,0.00433685725915145,0.00339473591807018,0.006692160611854625
2025-10-17,-0.002424197883956092,-0.002424197883956203,-0.008967717808708087,-0.0063503098388073345,-0.01551123773345997
2025-10-20,0.001534792989679623,0.0015347929896798451,0.0009281681990199742,0.0011708181152839225,0.0003215434083601032
2025-10-21,0.0035756956899075654,0.0035756956899075654,0.007091608693555518,0.005685243492096337,0.01060752169720347
2025-10-22,-0.000650874869950302,-0.00025474102744516003,0.0005087618017990403,0.00020336067010136034,0.0012722646310432406
2025-10-23,0.002320590610019435,0.003844934307787984,0.004940256226320883,0.004502127458907723,0.0060355781448537815
2025-10-24,0.002759232335894257,0.004811500219912279,0.0063527030622769765,0.005736221925331098,0.007893905904641674
2025-10-27,0.002277219245829798,0.004756957511092175,0.006137877251786605,0.005585509355508833,0.007518796992481036
2025-10-28,-0.0015778092364890917,-0.002884557033234536,-0.004551731252935676,-0.00388486156505522,-0.006218905472636815
2025-10-29,0.0013274542281931367,0.002609900512950958,0.0034951880537220648,0.003141073037413622,0.004380475594493172
2025-10-30,-0.00015782076541848156,-0.0014740483516400005,-0.003384999253701615,-0.0026206188928769693,-0.005295950155763229
2025-10-31,-0.0033778974823268637,-0.006815759361104012,-0.00857543370498054,-0.00787156396742993,-0.010335108048857067
2025-11-03,0.001393749899626151,0.001486355015863916,0.0009014053560332247,0.0011353852199655011,0.00031645569620253333
2025-11-04,0.00037958456304232335,-0.00047366458834718905,-0.0010277212533636448,-0.0008060985873570626,-0.0015817779183801006
2025-11-05,-0.000347820488833972,-0.0005686668633732017,-0.00123490377389196,-0.0009684090096844567,-0.0019011406844107182
2025-11-06,0.003732463471123326,0.009451563243515704,0.011074987970964179,0.010425618079984789,0.012698412698412653
2025-11-07,0.0005357282022675491,3.131460741712111e-05,-0.0006113019439402678,-0.00035425532339731234,-0.0012539184952976568
2025-11-10,0.0003149655007261831,0.0023798356400956955,0.0035439667842661615,0.003078314326597975,0.0047080979284366276
2025-11-11,-0.0006297326573905249,-0.0035612782033512813,-0.005060864031385004,-0.0044610297001715146,-0.006560449859418727
2025-11-12,0.0019534013585400523,0.00426372673512021,0.004804819342402844,0.004588382299489791,0.005345911949685478
2025-11-13,0.000566010877030898,0.003839792793542518,0.005673415320762487,0.0049399663098745,0.007507037847982456
2025-11-14,-0.0006285452110529333,-0.005380025988013237,-0.00858880218990865,-0.007305291709150486,-0.011797578391804064
2025-11-17,-0.0010377518722066714,-0.004471128290944315,-0.006005592420684158,-0.005391806768788221,-0.007540056550424001
2025-11-18,-0.00040923602905151846,-0.002167086890463743,-0.0025080448697332725,-0.0023716616780254606,-0.002849002849002802
2025-11-19,0.0017320920343009139,0.0047212899029851485,0.004741597332444947,0.004733474360661028,0.004761904761904745
2025-11-20,0.0003458194158045824,-0.001284421779238487,-0.0020640118374865013,-0.0017521758141872956,-0.0028436018957345155
2025-11-21,-0.004368389216816815,-0.01584066312968191,-0.016633893035056413,-0.01631660107290661,-0.017427122940430917
2025-11-24,0.00022095604587701878,-0.0018486068444637516,-0.0020529715937894766,-0.0019712256940591865,-0.0022573363431152016
2025-11-25,0.0042287956431033,0.005236775955253847,0.005204037622100088,0.005217132955361592,0.005171299288946329
2025-11-26,0.001074461232418722,0.0012144226171602046,0.0012502981253003087,0.0012359479220442672,0.0012861736334404128
2025-11-27,9.635063305712954e-05,9.635063305712954e-05,-0.0002729550624052113,-0.00012523278422027495,-0.0006422607578675521
2025-11-28,0.00038536540202893654,0.00038536540202893654,0.0003533510814771601,0.0003661568096978707,0.00032133676092538366
2025-12-01,0.007319122102121156,0.007319122102121378,0.007514363492435616,0.007436266936309921,0.007709604882749854
2025-12-02,-0.0036967072249626254,-0.0036967072249624033,-0.004239172866545571,-0.0040221866099123035,-0.004781638508128738
2025-12-03,-0.003710423574598276,-0.003710423574598276,-0.0040973642536668575,-0.003942587982039425,-0.004484304932735439
2025-12-04,0.0025684428208601062,0.0025684428208603283,0.0025712226974313745,0.002570110746802956,0.002574002574002421
2025-12-05,0.007877728179758181,0.007877728179757959,0.008592265887054862,0.008306450804136101,0.009306803594351765
2025-12-08,0.004352899127726406,0.004352899127726406,0.005197117290413278,0.0048594300253385295,0.0060413354531001495
2025-12-09,-0.00465038632847159,-0.004650386328471701,-0.0058018050479273775,-0.005341237560145107,-0.006953223767383054
2025-12-10,-0.002733345290129696,-0.002733345290129474,-0.0029580157386356887,-0.002868147559233203,-0.003182686187141903
2025-12-11,-0.0029320581260126044,-0.0029320581260129375,-0.003381737875267077,-0.003201865975565421,-0.003831417624521216
2025-12-12,0.004442984474773759,0.004442984474773981,0.004465081980976726,0.004456242978495628,0.004487179487179471
2025-12-15,-3.1822530077718625e-05,-3.182253007749658e-05,-0.00017545178833155983,-0.00011800008502993453,-0.0003190810465856231
2025-12-16,-0.008974239064881373,-0.008974239064881706,-0.009274862909395887,-0.009154613371590214,-0.009575486753910067
2025-12-17,-0.014803503401610851,-0.014803503401610962,-0.014652799074315048,-0.014713080805233415,-0.014502094747019134
2025-12-18,0.0017600884111965698,0.0017600884111967918,0.0018610775607325047,0.0018206819009182196,0.0019620667102682177
2025-12-19,0.004685322514663248,0.004685322514663248,0.004627256557592663,0.004650482940420897,0.004569190600522077
2025-12-22,0.0046634726413006256,0.0046634726413006256,0.004605940349240334,0.004628953266064451,0.004548408057180042
2025-12-23,0.002514322207876507,0.002514322207876285,0.002227406899539708,0.0023421730228743386,0.0019404915912031306
2025-12-24,0.0006450889300639862,0.0007101606557486928,0.000516474775905329,0.0005939491278426745,0.00032278889606196515
2025-12-25,0.0019045702487339167,0.0018398888978246042,0.002210683396960067,0.002062365597305882,0.00258147789609553
2025-12-26,0.0009988041092861,0.0016754125618854143,0.0029297564901477058,0.0024280189188427893,0.004184100418409997
2025-12-29,-0.0009334328179591012,-0.0012222921055221603,-0.0023739665655815867,-0.0019132967815578162,-0.003525641025641013
2025-12-30,-0.0005154785814298624,-0.0007729186938002508,-0.0005472827627894805,-0.0006375371351937885,-0.00032164683177871023
2025-12-31,0.000934786791410902,0.00099912555564452,1.6937295196695068e-05,0.00040981259937582486,-0.0009652509652511299
2026-01-05,0.007793349484030321,0.009079747762675172,0.015650984992448658,0.013022490100539264,0.022222222222222143
2026-01-06,0.0014699248424232536,0.002137834041953335,0.010678242792873327,0.00726207929250533,0.01921865154379332
2026-01-07,-0.00035098784091969204,-0.0003183990234827405,-0.0024775920928850614,-0.001613914865124133,-0.004636785162287382
2026-01-08,-0.000797979719632691,-0.0008281011276460859,-0.0038301996321460363,-0.0026293602303460563,-0.006832298136645987
2026-01-09,0.0008305616797945614,0.000669405246030319,0.0020545275135718244,0.0015004786065552225,0.0034396497811133298
2026-01-12,-0.00019150901989939406,9.556534891563828e-05,0.0014500886887924835,0.0009082793528417455,0.002804612028669329
2026-01-13,0.0015962141885754733,0.0014014911834336896,7.924155194055649e-05,0.0006081414045378097,-0.0012430080795525766
2026-01-14,-0.0008605819886501331,-0.001749412193526978,-0.005075079463284948,-0.0037448125553817607,-0.008400746733042919
2026-01-15,0.000542314624978113,0.0019755206544429527,-0.00011045115693292251,0.0007239375676174275,-0.0021964229683087977
2026-01-16,-0.0006057878179702714,-0.0013992182154423105,-0.0038442631957714135,-0.0028662452036397725,-0.0062893081761005165
2026-01-19,0.00028712606177205835,0.0003502946925750816,-0.0009324475904213259,-0.0004193506772227631,-0.0022151898734177333
2026-01-20,-0.00015946869114491502,0.00028650438750421614,-0.0003324851992069777,-8.488936452250029e-05,-0.0009514747859181716
2026-01-21,-6.379765018604822e-05,-0.0005091952466690364,-0.001048248416985309,-0.0008326271488588,-0.0015873015873015817
2026-01-22,-9.570258087843175e-05,-0.00044577282623892156,-0.0024486415800511474,-0.0016474940785262573,-0.004451510333863373
2026-01-23,-0.0021375622098398495,-0.0036633383750960258,-0.00582400390489074,-0.004959737692972855,-0.007984669434685454
2026-01-26,0.0033251146517119246,0.004763863975186133,0.006084443256105687,0.005556211543737866,0.007405022537025241
2026-01-27,0.0022943733965874458,0.0023865489139189844,0.0015128653805772663,0.0018623387939139535,0.0006391818472355482
2026-01-28,-0.000603695303559304,0.0011729914383011852,0.001704349440006525,0.0014918062393243893,0.002235707441711865
2026-01-29,0.005803560509883399,0.011985592361684061,0.015234351311498529,0.013934847731572742,0.018483110261312996
2026-01-30,-0.004628740311468316,-0.009733203597184326,-0.012532434088955158,-0.011412741892246826,-0.01533166458072599
2026-02-02,-0.013186368391013503,-0.017462943768509986,-0.01937653067040046,-0.01861109590964427,-0.021290117572290934
2026-02-03,0.009424809371126663,0.010521545397465637,0.009806227244187338,0.010092354505498658,0.009090909090909038
2026-02-04,0.007610141043732144,0.011565323808162553,0.01205679317821251,0.011860205430192528,0.012548262548262468
2026-02-05,-0.0006664115474016574,-0.0019319082469630988,-0.0025547688676823554,-0.002305624619394653,-0.003177629488401612
2026-02-06,-0.0023181182951006463,-0.0047597895265496515,-0.005886429669235915,-0.00543577361216141,-0.007013069811922179
2026-02-09,0.0067795403910848595,0.012594057482817611,0.01368065634975546,0.01324601680298032,0.014767255216693309
2026-02-10,0.001580724818603052,0.003369123872089208,0.0031081620625867945,0.0032125467863877597,0.002847200253084381
2026-02-11,0.00034721061565545774,0.0005021025780815869,0.00025105128904079343,0.0003514718046571108,0.0
2026-02-12,-9.466093698751177e-05,-0.0019133054033609875,-0.002376211061301925,-0.00219104879812555,-0.0028391167192428624
2026-02-13,-0.0035974561440905717,-0.01191037421405905,-0.013389543323416742,-0.012797875679673665,-0.014868712432774434
2026-02-24,0.004972278911656192,0.0027669996867407676,0.0021863257907051015,0.002418595349119368,0.0016056518946694354
2026-02-25,0.0004697913837210521,0.004725595203255439,0.004767414466007258,0.004750686760906531,0.004809233728759077
2026-02-26,-0.0016280869646159157,-0.003861612755972854,-0.004962076320551789,-0.004521890894720215,-0.006062539885130724
2026-02-27,0.002206297938217583,0.00249895408359313,0.002533586191074244,0.0025197333480817983,0.002568218298555358
2026-03-02,0.0003509543469650822,0.0008948243153870106,0.000767617088849426,0.0008184999794644598,0.0006404098623118415
2026-03-03,-0.006219280739863442,-0.008365513286422765,-0.00882275664321136,-0.008639859300495923,-0.009279999999999955
2026-03-04,-0.009499630092106637,-0.01291171860335727,-0.013723301162143708,-0.013398668138629133,-0.014534883720930147
2026-03-05,0.005767403593960552,0.005969456249569793,0.0054429385475970316,0.005653545628386136,0.00491642084562427
2026-03-06,0.0013208291405064632,0.0008106602865325385,0.0007314880036708438,0.0007631569168155217,0.000652315720809149
2026-03-09,-0.006884989911237649,-0.00848883823882085,-0.008644679875603467,-0.00858234322089042,-0.008800521512386084
2026-03-10,0.005766469392940676,0.006143377577034981,0.0061956611660249905,0.006174747730428987,0.006247944755015
2026-03-11,0.0007086234448456796,0.0007145163429940204,0.0006840555571179241,0.0006962398714683626,0.0006535947712418277
2026-03-12,-0.0037337323534474276,-0.00460858530435404,-0.004753672142706056,-0.00469563740736525,-0.004898758981058071
2026-03-13,-0.003392337607506457,-0.0036191649259486036,-0.003778732446564681,-0.00371490543831825,-0.003938299967180758
2026-03-16,-0.0015560615925487298,-0.002257922965788084,-0.0022821740034871807,-0.002272473588407542,-0.0023064250411862774
2026-03-17,0.0033117842243999274,0.0036405308963249894,0.0036366458973038363,0.0036381998969122974,0.003632760898282683
2026-03-18,-0.0005501420855197336,-0.0012091085019166892,-0.0012626654717546315,-0.0012412426838194547,-0.0013162224415925738
2026-03-19,-0.01317829869005771,-0.013643476045565262,-0.013741013146341186,-0.013701998306030815,-0.01383855024711711
2026-03-20,-0.011287160185933565,-0.011808780614533165,-0.011918423050333748,-0.011874566076013515,-0.012028065486134332
2026-03-23,-0.029502433004919393,-0.029908302855368496,-0.030003187613007187,-0.02996523370995171,-0.03009807237064588
2026-03-24,0.011079154816416192,0.011280253982876909,0.011218927549318525,0.011243458122741879,0.01115760111576014
2026-03-25,0.009842287009767858,0.009961388310855135,0.010153107948531082,0.010076420093460704,0.010344827586207028
2026-03-26,-0.008262146858090014,-0.008262146858090014,-0.0097624727464512,-0.009162342391106726,-0.011262798634812388
2026-03-27,0.0038900850613574622,0.0038900850613574622,0.004016150573481703,0.003965724368632006,0.004142216085605943
2026-03-30,-0.0005486741152835872,-0.0005486741152838093,-0.0009618585426883763,-0.0007965847717265496,-0.0013750429700929434
2026-03-31,0.0003087986196566028,0.0003087986196566028,-0.00036195180893239254,-9.365163749679444e-05,-0.001032702237521388
2026-04-01,0.011353421091047533,0.011353421091047755,0.014119164025882203,0.013012866851948423,0.01688490696071665
2026-04-02,-0.004612482299598986,-0.004612482299599208,-0.006542093403272997,-0.005770248961803481,-0.008471704506946787
2026-04-03,-0.006575986650133814,-0.006575986650133814,-0.007560037070794945,-0.007166416902530492,-0.008544087491456076
2026-04-07,0.0013719205186080163,0.0013719205186080163,0.0005136058987387782,0.0008569317466864733,-0.00034470872113046003
2026-04-08,0.015515713547458176,0.015515713547458176,0.02120613263579807,0.018929965000462113,0.026896551724137963
2026-04-09,-0.000809465129726461,-0.00080946512972635,-0.003762690926179535,-0.002581400607598261,-0.00671591672263272
2026-04-10,0.0016539968259463578,0.0016539968259461357,0.003193462239883149,0.002577676074308344,0.0047329276538201626
2026-04-13,0.0006739859746216492,0.0006739859746216492,0.0003369929873108246,0.0004717901822351544,0.0
2026-04-14,0.002559421689239949,0.002559421689239949,0.005485632782708749,0.0043151483453212295,0.00841184387617755
2026-04-15,0.0011084907434975033,0.0011084907434977254,0.0023894138735840453,0.0018770446215495174,0.0036703370036703653
2026-04-16,-3.355343491884266e-05,-3.355343491939777e-05,0.0009805637080722018,0.000574916850875562,0.0019946808510638014
2026-04-17,-0.0012750733100043155,-0.0012750733100039824,-0.005946096708087545,-0.00407768734885412,-0.010617120106171107
2026-04-20,0.0023518179956274476,0.0023518179956276697,0.005367726569913134,0.004161363140198948,0.008383635144198598
2026-04-21,0.0012066685329805704,0.0012066685329805704,0.00043705558341733397,0.0007449007632426285,-0.0003325573661459025
2026-04-22,-0.00033287193659170544,-0.0003328719365915944,-0.0003327699669650741,-0.00033281075481568224,-0.0003326679973385538
2026-04-23,-9.988022696094667e-05,-9.988022696127974e-05,-0.0007154975178067513,-0.0004692506014685627,-0.0013311148086522229
2026-04-24,0.0027969257124873526,0.0027969257124875746,0.004230852059842527,0.0036572815209005463,0.005664778407197479
2026-04-27,3.320386592609026e-05,3.320386592609026e-05,-0.0008117612214437742,-0.0004737751864958284,-0.0016567263088136386
2026-04-28,0.002656221077280696,0.002656221077280474,0.0031535337049196643,0.002954608653863988,0.0036508463325588547
2026-04-29,0.003112791503403267,0.0031127915034037112,0.0043672423125483695,0.0038654619888905065,0.005621693121693028
2026-04-30,0.0013865058319901813,0.0013865058319901813,0.004146064491134971,0.003042241027477055,0.0069056231502797605
2026-05-06,0.00313180188221307,0.00313180188221307,0.00777099565044681,0.005915318143153315,0.01241018941868055
2026-05-07,-0.00029577072510633684,-0.0002957707251065589,0.0003359856051887711,8.328307307063913e-05,0.000967741935484101
2026-05-08,-0.0010519403779918335,-0.0010519403779917225,-0.005037732999179478,-0.0034434159507043764,-0.009023525620367234
2026-05-11,0.0015466644289392484,0.0015466644289392484,0.007439998881136223,0.005082665100257434,0.013333333333333197
2026-05-12,0.0003942832218524206,0.00039428322185264264,0.0006785280037375774,0.0005648300909836036,0.0009627727856225121
2026-05-13,0.0006568797064405718,0.0006568797064403498,0.0009696710170548073,0.0008445544928090242,0.0012824623276692648
2026-05-14,-0.0019365230712928838,-0.0019365230712927728,-0.008813282348967,-0.00606257863789731,-0.015690041626641227
2026-05-15,-0.002926863758602738,-0.00292686375860296,-0.007806958229334027,-0.0058549204410416,-0.012687052700065093
2026-05-18,-0.0020779066574646565,-0.0020779066574644345,-0.00548705876530553,-0.004123397922169092,-0.008896210873146626
2026-05-19,0.004759390500554073,0.004759390500553851,0.0053717165268726275,0.005126786116345117,0.005984042553191404
2026-05-20,0.00029605287504352873,0.0002960528750439728,0.0006437303370594449,0.000504659352253256,0.000991407799074917
2026-05-21,-0.004472363833374904,-0.004472363833374793,-0.008013666234944206,-0.006597145274316441,-0.011554968636513618
2026-05-22,0.0018168019495934384,0.0018168019495934384,0.0010754016427994006,0.0013719617655170158,0.00033400133600536286
2026-05-25,0.006198897222778665,0.006198897222778665,0.01044502457132257,0.008746573631905008,0.014691151919866474
2026-05-26,0.0,-4.440892098500626e-16,0.0011516946363931968,0.0006910167818357405,0.0023033892727868377
2026-05-27,0.0006553944286558089,0.0006553944286560309,-0.005909991557832173,-0.0032838371632368923,-0.012475377544320376
