surface_point_id,etf_code,surface_rule,sleeve_name,moneyness_label,moneyness_axis,target_moneyness,avg_realized_moneyness,median_realized_moneyness,target_delta,avg_entry_delta,median_entry_delta,coverage,coverage_label,sample_start,sample_end,n_trading_days,n_periods,avg_actual_dte,avg_premium_return,source_detail,source_file_daily,source_file_period,source_quality,cumulative_return,annualized_return_cagr,arithmetic_annualized_return,annualized_volatility,sharpe_daily_mean,max_drawdown,calmar_ratio,option_leg_annualized_pnl_contribution
surface_0001,159915,ATM,159915_DTE30_ATM_Q10_DynamicHold,ATM,-0.00183718671751225,0.0,0.00010297979586982934,-0.00183718671751225,,0.5223529505005509,0.5338556953625189,0.1,Q10,2022-09-19,2026-05-27,890,44.0,29.613636363636363,0.027085740064241384,ver2_6_stepA_available_rules,outputs/multi_asset_rebalancing/ver2_6_early_close_strike_touch/intermediate/ver2_6_early_close_etf_daily_paths.csv,outputs/multi_asset_rebalancing/ver2_6_early_close_strike_touch/intermediate/ver2_6_early_close_etf_period_paths.csv,510500/159915 当前 Step A 真实路径为 ATM、D40、OTM5_up；未新增 OTM 网格。,0.759353140727071,0.1734666269975036,0.20215405491695576,0.29277409430091056,0.6904779447773943,0.39018329187468537,0.44457728101083227,-0.009145499140499972
surface_0002,159915,ATM,159915_DTE30_ATM_Q20_DynamicHold,ATM,-0.00183718671751225,0.0,0.00010297979586982934,-0.00183718671751225,,0.5223529505005509,0.5338556953625189,0.2,Q20,2022-09-19,2026-05-27,890,44.0,29.613636363636363,0.027085740064241384,ver2_6_stepA_available_rules,outputs/multi_asset_rebalancing/ver2_6_early_close_strike_touch/intermediate/ver2_6_early_close_etf_daily_paths.csv,outputs/multi_asset_rebalancing/ver2_6_early_close_strike_touch/intermediate/ver2_6_early_close_etf_period_paths.csv,510500/159915 当前 Step A 真实路径为 ATM、D40、OTM5_up；未新增 OTM 网格。,0.7394480627529572,0.16969211186262556,0.19300855577645581,0.2709661849965418,0.7122975724034314,0.37440807440703483,0.453227703839918,-0.018290998280999945
surface_0003,159915,ATM,159915_DTE30_ATM_Q30_DynamicHold,ATM,-0.00183718671751225,0.0,0.00010297979586982934,-0.00183718671751225,,0.5223529505005509,0.5338556953625189,0.3,Q30,2022-09-19,2026-05-27,890,44.0,29.613636363636363,0.027085740064241384,ver2_6_stepA_available_rules,outputs/multi_asset_rebalancing/ver2_6_early_close_strike_touch/intermediate/ver2_6_early_close_etf_daily_paths.csv,outputs/multi_asset_rebalancing/ver2_6_early_close_strike_touch/intermediate/ver2_6_early_close_etf_period_paths.csv,510500/159915 当前 Step A 真实路径为 ATM、D40、OTM5_up；未新增 OTM 网格。,0.7155021366487826,0.16511009300868063,0.1838630566359558,0.250214894126457,0.7348205920269184,0.358769054475503,0.4602127495362186,-0.027436497421499933
surface_0004,159915,ATM,159915_DTE30_ATM_Q40_DynamicHold,ATM,-0.00183718671751225,0.0,0.00010297979586982934,-0.00183718671751225,,0.5223529505005509,0.5338556953625189,0.4,Q40,2022-09-19,2026-05-27,890,44.0,29.613636363636363,0.027085740064241384,ver2_6_stepA_available_rules,outputs/multi_asset_rebalancing/ver2_6_early_close_strike_touch/intermediate/ver2_6_early_close_etf_daily_paths.csv,outputs/multi_asset_rebalancing/ver2_6_early_close_strike_touch/intermediate/ver2_6_early_close_etf_period_paths.csv,510500/159915 当前 Step A 真实路径为 ATM、D40、OTM5_up；未新增 OTM 网格。,0.6876962325559168,0.15973157582150788,0.17471755749545584,0.23080539375655923,0.7569907906040457,0.3427809123013158,0.46598737003505764,-0.03658199656199989
surface_0005,159915,ATM,159915_DTE30_ATM_Q50_DynamicHold,ATM,-0.00183718671751225,0.0,0.00010297979586982934,-0.00183718671751225,,0.5223529505005509,0.5338556953625189,0.5,Q50,2022-09-19,2026-05-27,890,44.0,29.613636363636363,0.027085740064241384,ver2_6_stepA_available_rules,outputs/multi_asset_rebalancing/ver2_6_early_close_strike_touch/intermediate/ver2_6_early_close_etf_daily_paths.csv,outputs/multi_asset_rebalancing/ver2_6_early_close_strike_touch/intermediate/ver2_6_early_close_etf_period_paths.csv,510500/159915 当前 Step A 真实路径为 ATM、D40、OTM5_up；未新增 OTM 网格。,0.6562280853614655,0.153567487650345,0.16557205835495584,0.2131046293368563,0.7769519548692425,0.32643583445425195,0.4704369785476679,-0.04572749570249985
surface_0006,159915,ATM,159915_DTE30_ATM_Q60_DynamicHold,ATM,-0.00183718671751225,0.0,0.00010297979586982934,-0.00183718671751225,,0.5223529505005509,0.5338556953625189,0.6,Q60,2022-09-19,2026-05-27,890,44.0,29.613636363636363,0.027085740064241384,ver2_6_stepA_available_rules,outputs/multi_asset_rebalancing/ver2_6_early_close_strike_touch/intermediate/ver2_6_early_close_etf_daily_paths.csv,outputs/multi_asset_rebalancing/ver2_6_early_close_strike_touch/intermediate/ver2_6_early_close_etf_period_paths.csv,510500/159915 当前 Step A 真实路径为 ATM、D40、OTM5_up；未新增 OTM 网格。,0.6213108484094414,0.1466287168667073,0.15642655921445592,0.19757239942803195,0.7917429745617688,0.3097270099076157,0.4734127543814897,-0.054872994842999866
surface_0007,159915,ATM,159915_DTE30_ATM_Q70_DynamicHold,ATM,-0.00183718671751225,0.0,0.00010297979586982934,-0.00183718671751225,,0.5223529505005509,0.5338556953625189,0.7,Q70,2022-09-19,2026-05-27,890,44.0,29.613636363636363,0.027085740064241384,ver2_6_stepA_available_rules,outputs/multi_asset_rebalancing/ver2_6_early_close_strike_touch/intermediate/ver2_6_early_close_etf_daily_paths.csv,outputs/multi_asset_rebalancing/ver2_6_early_close_strike_touch/intermediate/ver2_6_early_close_etf_period_paths.csv,510500/159915 当前 Step A 真实路径为 ATM、D40、OTM5_up；未新增 OTM 网格。,0.5831715527365784,0.1389261438177143,0.1472810600739559,0.184756433446776,0.797163364362,0.2926475287971907,0.47472173911296645,-0.06401849398349979
surface_0008,159915,ATM,159915_DTE30_ATM_Q80_DynamicHold,ATM,-0.00183718671751225,0.0,0.00010297979586982934,-0.00183718671751225,,0.5223529505005509,0.5338556953625189,0.8,Q80,2022-09-19,2026-05-27,890,44.0,29.613636363636363,0.027085740064241384,ver2_6_stepA_available_rules,outputs/multi_asset_rebalancing/ver2_6_early_close_strike_touch/intermediate/ver2_6_early_close_etf_daily_paths.csv,outputs/multi_asset_rebalancing/ver2_6_early_close_strike_touch/intermediate/ver2_6_early_close_etf_period_paths.csv,510500/159915 当前 Step A 真实路径为 ATM、D40、OTM5_up；未新增 OTM 网格。,0.542049484993119,0.13047066442964783,0.13813556093345597,0.17525365359235295,0.7882036014767763,0.2751903818289936,0.47411055416436676,-0.07316399312399978
surface_0009,159915,ATM,159915_DTE30_ATM_Q90_DynamicHold,ATM,-0.00183718671751225,0.0,0.00010297979586982934,-0.00183718671751225,,0.5223529505005509,0.5338556953625189,0.9,Q90,2022-09-19,2026-05-27,890,44.0,29.613636363636363,0.027085740064241384,ver2_6_stepA_available_rules,outputs/multi_asset_rebalancing/ver2_6_early_close_strike_touch/intermediate/ver2_6_early_close_etf_daily_paths.csv,outputs/multi_asset_rebalancing/ver2_6_early_close_strike_touch/intermediate/ver2_6_early_close_etf_period_paths.csv,510500/159915 当前 Step A 真实路径为 ATM、D40、OTM5_up；未新增 OTM 网格。,0.4981944978437278,0.12127320706080114,0.12899006179295602,0.16962182409181978,0.7604567542153718,0.2590918837717642,0.46807026640645966,-0.08230949226449977
surface_0010,159915,ATM,159915_DTE30_ATM_Q100_DynamicHold,ATM,-0.00183718671751225,0.0,0.00010297979586982934,-0.00183718671751225,,0.5223529505005509,0.5338556953625189,1.0,Q100,2022-09-19,2026-05-27,890,44.0,29.613636363636363,0.027085740064241384,ver2_6_stepA_available_rules,outputs/multi_asset_rebalancing/ver2_6_early_close_strike_touch/intermediate/ver2_6_early_close_etf_daily_paths.csv,outputs/multi_asset_rebalancing/ver2_6_early_close_strike_touch/intermediate/ver2_6_early_close_etf_period_paths.csv,510500/159915 当前 Step A 真实路径为 ATM、D40、OTM5_up；未新增 OTM 网格。,0.45186526714119757,0.11134474306657327,0.11984456265245602,0.1682501115371884,0.7123000487638115,0.24507583142406586,0.45432771734193733,-0.0914549914049997
surface_0011,159915,D40,159915_DTE30_D40_Q10_DynamicHold,Delta 40,0.02184078558346365,,0.02120350650860278,0.02184078558346365,0.4,0.3999137848070514,0.4001996374537553,0.1,Q10,2022-09-19,2026-05-27,890,44.0,29.613636363636363,0.018622626672011297,ver2_6_stepA_available_rules,outputs/multi_asset_rebalancing/ver2_6_early_close_strike_touch/intermediate/ver2_6_early_close_etf_daily_paths.csv,outputs/multi_asset_rebalancing/ver2_6_early_close_strike_touch/intermediate/ver2_6_early_close_etf_period_paths.csv,510500/159915 当前 Step A 真实路径为 ATM、D40、OTM5_up；未新增 OTM 网格。,0.7552670703163016,0.17269430935186936,0.20222817348461603,0.2953354320087383,0.684740642560736,0.3944295535806652,0.4378330877697567,-0.009071380572839688
surface_0012,159915,D40,159915_DTE30_D40_Q20_DynamicHold,Delta 40,0.02184078558346365,,0.02120350650860278,0.02184078558346365,0.4,0.3999137848070514,0.4001996374537553,0.2,Q20,2022-09-19,2026-05-27,890,44.0,29.613636363636363,0.018622626672011297,ver2_6_stepA_available_rules,outputs/multi_asset_rebalancing/ver2_6_early_close_strike_touch/intermediate/ver2_6_early_close_etf_daily_paths.csv,outputs/multi_asset_rebalancing/ver2_6_early_close_strike_touch/intermediate/ver2_6_early_close_etf_period_paths.csv,510500/159915 当前 Step A 真实路径为 ATM、D40、OTM5_up；未新增 OTM 网格。,0.7318242767980181,0.16823824461381398,0.19315679291177631,0.27617007138149485,0.6994124741524003,0.3830819790344494,0.4391703442637922,-0.018142761145679375
surface_0013,159915,D40,159915_DTE30_D40_Q30_DynamicHold,Delta 40,0.02184078558346365,,0.02120350650860278,0.02184078558346365,0.4,0.3999137848070514,0.4001996374537553,0.3,Q30,2022-09-19,2026-05-27,890,44.0,29.613636363636363,0.018622626672011297,ver2_6_stepA_available_rules,outputs/multi_asset_rebalancing/ver2_6_early_close_strike_touch/intermediate/ver2_6_early_close_etf_daily_paths.csv,outputs/multi_asset_rebalancing/ver2_6_early_close_strike_touch/intermediate/ver2_6_early_close_etf_period_paths.csv,510500/159915 当前 Step A 真实路径为 ATM、D40、OTM5_up；未新增 OTM 网格。,0.7049085122731495,0.163068381386279,0.1840854123389367,0.2581281787607557,0.7131550426718617,0.3715522107711646,0.43888416394516144,-0.02721414171851907
surface_0014,159915,D40,159915_DTE30_D40_Q40_DynamicHold,Delta 40,0.02184078558346365,,0.02120350650860278,0.02184078558346365,0.4,0.3999137848070514,0.4001996374537553,0.4,Q40,2022-09-19,2026-05-27,890,44.0,29.613636363636363,0.018622626672011297,ver2_6_stepA_available_rules,outputs/multi_asset_rebalancing/ver2_6_early_close_strike_touch/intermediate/ver2_6_early_close_etf_daily_paths.csv,outputs/multi_asset_rebalancing/ver2_6_early_close_strike_touch/intermediate/ver2_6_early_close_etf_period_paths.csv,510500/159915 当前 Step A 真实路径为 ATM、D40、OTM5_up；未新增 OTM 网格。,0.6747116450724191,0.15719817942061098,0.17501403176609698,0.2414617204242572,0.7248106716815851,0.36017487923693436,0.4364495929134499,-0.03628552229135875
surface_0015,159915,D40,159915_DTE30_D40_Q50_DynamicHold,Delta 40,0.02184078558346365,,0.02120350650860278,0.02184078558346365,0.4,0.3999137848070514,0.4001996374537553,0.5,Q50,2022-09-19,2026-05-27,890,44.0,29.613636363636363,0.018622626672011297,ver2_6_stepA_available_rules,outputs/multi_asset_rebalancing/ver2_6_early_close_strike_touch/intermediate/ver2_6_early_close_etf_daily_paths.csv,outputs/multi_asset_rebalancing/ver2_6_early_close_strike_touch/intermediate/ver2_6_early_close_etf_period_paths.csv,510500/159915 当前 Step A 真实路径为 ATM、D40、OTM5_up；未新增 OTM 网格。,0.6414341713005234,0.15064056111906043,0.16594265119325727,0.22647455840900207,0.7327209394247847,0.3486233033784887,0.4321012383831238,-0.04535690286419846
surface_0016,159915,D40,159915_DTE30_D40_Q60_DynamicHold,Delta 40,0.02184078558346365,,0.02120350650860278,0.02184078558346365,0.4,0.3999137848070514,0.4001996374537553,0.6,Q60,2022-09-19,2026-05-27,890,44.0,29.613636363636363,0.018622626672011297,ver2_6_stepA_available_rules,outputs/multi_asset_rebalancing/ver2_6_early_close_strike_touch/intermediate/ver2_6_early_close_etf_daily_paths.csv,outputs/multi_asset_rebalancing/ver2_6_early_close_strike_touch/intermediate/ver2_6_early_close_etf_period_paths.csv,510500/159915 当前 Step A 真实路径为 ATM、D40、OTM5_up；未新增 OTM 网格。,0.605284132885811,0.14340797192099064,0.15687127062041764,0.21352059900458242,0.7346891651285176,0.3368954934417452,0.4256749487976996,-0.05442828343703814
surface_0017,159915,D40,159915_DTE30_D40_Q70_DynamicHold,Delta 40,0.02184078558346365,,0.02120350650860278,0.02184078558346365,0.4,0.3999137848070514,0.4001996374537553,0.7,Q70,2022-09-19,2026-05-27,890,44.0,29.613636363636363,0.018622626672011297,ver2_6_stepA_available_rules,outputs/multi_asset_rebalancing/ver2_6_early_close_strike_touch/intermediate/ver2_6_early_close_etf_daily_paths.csv,outputs/multi_asset_rebalancing/ver2_6_early_close_strike_touch/intermediate/ver2_6_early_close_etf_period_paths.csv,510500/159915 当前 Step A 真实路径为 ATM、D40、OTM5_up；未新增 OTM 网格。,0.5664760126015991,0.13551243085253928,0.14779989004757793,0.20298946822042693,0.7281160512578,0.3249894514916849,0.4169748594317267,-0.06349966400987785
surface_0018,159915,D40,159915_DTE30_D40_Q80_DynamicHold,Delta 40,0.02184078558346365,,0.02120350650860278,0.02184078558346365,0.4,0.3999137848070514,0.4001996374537553,0.8,Q80,2022-09-19,2026-05-27,890,44.0,29.613636363636363,0.018622626672011297,ver2_6_stepA_available_rules,outputs/multi_asset_rebalancing/ver2_6_early_close_strike_touch/intermediate/ver2_6_early_close_etf_daily_paths.csv,outputs/multi_asset_rebalancing/ver2_6_early_close_strike_touch/intermediate/ver2_6_early_close_etf_period_paths.csv,510500/159915 当前 Step A 真实路径为 ATM、D40、OTM5_up；未新增 OTM 网格。,0.525229612737401,0.12696557237439343,0.1387285094747382,0.19527355077931205,0.710431642795915,0.3129031717382844,0.40576633234190673,-0.0725710445827175
surface_0019,159915,D40,159915_DTE30_D40_Q90_DynamicHold,Delta 40,0.02184078558346365,,0.02120350650860278,0.02184078558346365,0.4,0.3999137848070514,0.4001996374537553,0.9,Q90,2022-09-19,2026-05-27,890,44.0,29.613636363636363,0.018622626672011297,ver2_6_stepA_available_rules,outputs/multi_asset_rebalancing/ver2_6_early_close_strike_touch/intermediate/ver2_6_early_close_etf_daily_paths.csv,outputs/multi_asset_rebalancing/ver2_6_early_close_strike_touch/intermediate/ver2_6_early_close_etf_period_paths.csv,510500/159915 当前 Step A 真实路径为 ATM、D40、OTM5_up；未新增 OTM 网格。,0.4817689241320404,0.11777868044939899,0.12965712890189854,0.19071484597671529,0.6798481168987159,0.302276447735471,0.3896389590778498,-0.08164242515555718
surface_0020,159915,D40,159915_DTE30_D40_Q100_DynamicHold,Delta 40,0.02184078558346365,,0.02120350650860278,0.02184078558346365,0.4,0.3999137848070514,0.4001996374537553,1.0,Q100,2022-09-19,2026-05-27,890,44.0,29.613636363636363,0.018622626672011297,ver2_6_stepA_available_rules,outputs/multi_asset_rebalancing/ver2_6_early_close_strike_touch/intermediate/ver2_6_early_close_etf_daily_paths.csv,outputs/multi_asset_rebalancing/ver2_6_early_close_strike_touch/intermediate/ver2_6_early_close_etf_period_paths.csv,510500/159915 当前 Step A 真实路径为 ATM、D40、OTM5_up；未新增 OTM 网格。,0.4363209922677287,0.1079627155720202,0.12058574832905883,0.18954129559095234,0.6361977634113783,0.293758691735,0.36752177419626264,-0.09071380572839692
surface_0021,159915,OTM5_up,159915_DTE30_OTM5_up_Q10_DynamicHold,OTM +5%,0.0621260846987554,0.05,0.06311538107061097,0.0621260846987554,,0.2025380324511793,0.19229077664565125,0.1,Q10,2022-09-19,2026-05-27,890,44.0,29.613636363636363,0.008585605849363822,ver2_6_stepA_available_rules,outputs/multi_asset_rebalancing/ver2_6_early_close_strike_touch/intermediate/ver2_6_early_close_etf_daily_paths.csv,outputs/multi_asset_rebalancing/ver2_6_early_close_strike_touch/intermediate/ver2_6_early_close_etf_period_paths.csv,510500/159915 当前 Step A 真实路径为 ATM、D40、OTM5_up；未新增 OTM 网格。,0.7619101597336655,0.17394928121289355,0.20428840789922487,0.298726272831739,0.6838648839377199,0.40238190007277275,0.43229897065805883,-0.007011146158230865
surface_0022,159915,OTM5_up,159915_DTE30_OTM5_up_Q20_DynamicHold,OTM +5%,0.0621260846987554,0.05,0.06311538107061097,0.0621260846987554,,0.2025380324511793,0.19229077664565125,0.2,Q20,2022-09-19,2026-05-27,890,44.0,29.613636363636363,0.008585605849363822,ver2_6_stepA_available_rules,outputs/multi_asset_rebalancing/ver2_6_early_close_strike_touch/intermediate/ver2_6_early_close_etf_daily_paths.csv,outputs/multi_asset_rebalancing/ver2_6_early_close_strike_touch/intermediate/ver2_6_early_close_etf_period_paths.csv,510500/159915 当前 Step A 真实路径为 ATM、D40、OTM5_up；未新增 OTM 网格。,0.7454673338207956,0.1708367721051729,0.19727726174099405,0.2830598148002324,0.6969454914687243,0.39801758455835623,0.4292191569745213,-0.01402229231646173
surface_0023,159915,OTM5_up,159915_DTE30_OTM5_up_Q30_DynamicHold,OTM +5%,0.0621260846987554,0.05,0.06311538107061097,0.0621260846987554,,0.2025380324511793,0.19229077664565125,0.3,Q30,2022-09-19,2026-05-27,890,44.0,29.613636363636363,0.008585605849363822,ver2_6_stepA_available_rules,outputs/multi_asset_rebalancing/ver2_6_early_close_strike_touch/intermediate/ver2_6_early_close_etf_daily_paths.csv,outputs/multi_asset_rebalancing/ver2_6_early_close_strike_touch/intermediate/ver2_6_early_close_etf_period_paths.csv,510500/159915 当前 Step A 真实路径为 ATM、D40、OTM5_up；未新增 OTM 网格。,0.7258560497461053,0.16709688988628923,0.19026611558276313,0.26859989187177064,0.7083625918717644,0.3941989657049253,0.4238897217487079,-0.021033438474692592
surface_0024,159915,OTM5_up,159915_DTE30_OTM5_up_Q40_DynamicHold,OTM +5%,0.0621260846987554,0.05,0.06311538107061097,0.0621260846987554,,0.2025380324511793,0.19229077664565125,0.4,Q40,2022-09-19,2026-05-27,890,44.0,29.613636363636363,0.008585605849363822,ver2_6_stepA_available_rules,outputs/multi_asset_rebalancing/ver2_6_early_close_strike_touch/intermediate/ver2_6_early_close_etf_daily_paths.csv,outputs/multi_asset_rebalancing/ver2_6_early_close_strike_touch/intermediate/ver2_6_early_close_etf_period_paths.csv,510500/159915 当前 Step A 真实路径为 ATM、D40、OTM5_up；未新增 OTM 网格。,0.7032123124674103,0.16274062841173786,0.1832549694245322,0.25555139513666847,0.7170963372222161,0.3903610530905903,0.41689770821980787,-0.02804458463292346
surface_0025,159915,OTM5_up,159915_DTE30_OTM5_up_Q50_DynamicHold,OTM +5%,0.0621260846987554,0.05,0.06311538107061097,0.0621260846987554,,0.2025380324511793,0.19229077664565125,0.5,Q50,2022-09-19,2026-05-27,890,44.0,29.613636363636363,0.008585605849363822,ver2_6_stepA_available_rules,outputs/multi_asset_rebalancing/ver2_6_early_close_strike_touch/intermediate/ver2_6_early_close_etf_daily_paths.csv,outputs/multi_asset_rebalancing/ver2_6_early_close_strike_touch/intermediate/ver2_6_early_close_etf_period_paths.csv,510500/159915 当前 Step A 真实路径为 ATM、D40、OTM5_up；未新增 OTM 网格。,0.6776778483533554,0.15777814688745218,0.17624382326630142,0.24414073745086917,0.7218943675951199,0.3865037917772869,0.40821888489613545,-0.03505573079115434
surface_0026,159915,OTM5_up,159915_DTE30_OTM5_up_Q60_DynamicHold,OTM +5%,0.0621260846987554,0.05,0.06311538107061097,0.0621260846987554,,0.2025380324511793,0.19229077664565125,0.6,Q60,2022-09-19,2026-05-27,890,44.0,29.613636363636363,0.008585605849363822,ver2_6_stepA_available_rules,outputs/multi_asset_rebalancing/ver2_6_early_close_strike_touch/intermediate/ver2_6_early_close_etf_daily_paths.csv,outputs/multi_asset_rebalancing/ver2_6_early_close_strike_touch/intermediate/ver2_6_early_close_etf_period_paths.csv,510500/159915 当前 Step A 真实路径为 ATM、D40、OTM5_up；未新增 OTM 网格。,0.6493996306287655,0.15221883951749948,0.16923267710807058,0.23460702098146283,0.7213453220628137,0.3826814903535267,0.39776901510673407,-0.042066876949385185
surface_0027,159915,OTM5_up,159915_DTE30_OTM5_up_Q70_DynamicHold,OTM +5%,0.0621260846987554,0.05,0.06311538107061097,0.0621260846987554,,0.2025380324511793,0.19229077664565125,0.7,Q70,2022-09-19,2026-05-27,890,44.0,29.613636363636363,0.008585605849363822,ver2_6_stepA_available_rules,outputs/multi_asset_rebalancing/ver2_6_early_close_strike_touch/intermediate/ver2_6_early_close_etf_daily_paths.csv,outputs/multi_asset_rebalancing/ver2_6_early_close_strike_touch/intermediate/ver2_6_early_close_etf_period_paths.csv,510500/159915 当前 Step A 真实路径为 ATM、D40、OTM5_up；未新增 OTM 网格。,0.6185293925554802,0.14607139451576323,0.16222153094983968,0.2271866619952074,0.7140451359475576,0.3789583266621629,0.3854550335451113,-0.04907802310761606
surface_0028,159915,OTM5_up,159915_DTE30_OTM5_up_Q80_DynamicHold,OTM +5%,0.0621260846987554,0.05,0.06311538107061097,0.0621260846987554,,0.2025380324511793,0.19229077664565125,0.8,Q80,2022-09-19,2026-05-27,890,44.0,29.613636363636363,0.008585605849363822,ver2_6_stepA_available_rules,outputs/multi_asset_rebalancing/ver2_6_early_close_strike_touch/intermediate/ver2_6_early_close_etf_daily_paths.csv,outputs/multi_asset_rebalancing/ver2_6_early_close_strike_touch/intermediate/ver2_6_early_close_etf_period_paths.csv,510500/159915 当前 Step A 真实路径为 ATM、D40、OTM5_up；未新增 OTM 网格。,0.5852231300180821,0.13934384373037378,0.1552103847916088,0.22209159139246687,0.6988575470979015,0.37521782421049377,0.371367868846772,-0.05608916926584692
surface_0029,159915,OTM5_up,159915_DTE30_OTM5_up_Q90_DynamicHold,OTM +5%,0.0621260846987554,0.05,0.06311538107061097,0.0621260846987554,,0.2025380324511793,0.19229077664565125,0.9,Q90,2022-09-19,2026-05-27,890,44.0,29.613636363636363,0.008585605849363822,ver2_6_stepA_available_rules,outputs/multi_asset_rebalancing/ver2_6_early_close_strike_touch/intermediate/ver2_6_early_close_etf_daily_paths.csv,outputs/multi_asset_rebalancing/ver2_6_early_close_strike_touch/intermediate/ver2_6_early_close_etf_period_paths.csv,510500/159915 当前 Step A 真实路径为 ATM、D40、OTM5_up；未新增 OTM 网格。,0.5496405952147194,0.13204360389267777,0.14819923863337797,0.21948380584894653,0.6752171899888225,0.3714599453656713,0.3554719843688446,-0.06310031542407778
surface_0030,159915,OTM5_up,159915_DTE30_OTM5_up_Q100_DynamicHold,OTM +5%,0.0621260846987554,0.05,0.06311538107061097,0.0621260846987554,,0.2025380324511793,0.19229077664565125,1.0,Q100,2022-09-19,2026-05-27,890,44.0,29.613636363636363,0.008585605849363822,ver2_6_stepA_available_rules,outputs/multi_asset_rebalancing/ver2_6_early_close_strike_touch/intermediate/ver2_6_early_close_etf_daily_paths.csv,outputs/multi_asset_rebalancing/ver2_6_early_close_strike_touch/intermediate/ver2_6_early_close_etf_period_paths.csv,510500/159915 当前 Step A 真实路径为 ATM、D40、OTM5_up；未新增 OTM 网格。,0.5119447831773349,0.12417751030286595,0.1411880924751471,0.2194519937859381,0.6433666426966591,0.36768465283677754,0.33772829337533106,-0.07011146158230867
surface_0031,510050,ATM,510050_DTE30_ATM_Q10_DynamicHold,ATM,-0.00098045510195615,0.0,-0.0003832612898528,-0.00098045510195615,,0.5277215933374235,0.5325851042006456,0.1,Q10,2022-09-19,2026-05-27,890,44.0,30.386363636363637,0.01899917547951038,ver2_1_dte30_full_rule_grid,outputs/ver2_downside_protection/ver2_1_dte_regime/ver2_1_daily_mtm.csv,outputs/ver2_downside_protection/ver2_1_dte_regime/ver2_1_periods_with_regime.csv,510050/510300 可用 ATM、OTM2、OTM5、D50、D40、D30、D20 七条真实 DTE30 选券路径。,0.12050616730013597,0.03274107605789678,0.04417143349232057,0.15488031991293216,0.28519719947086936,0.20197629251851634,0.1621035600249728,0.00218329064276328
surface_0032,510050,ATM,510050_DTE30_ATM_Q20_DynamicHold,ATM,-0.00098045510195615,0.0,-0.0003832612898528,-0.00098045510195615,,0.5277215933374235,0.5325851042006456,0.2,Q20,2022-09-19,2026-05-27,890,44.0,30.386363636363637,0.01899917547951038,ver2_1_dte30_full_rule_grid,outputs/ver2_downside_protection/ver2_1_dte_regime/ver2_1_daily_mtm.csv,outputs/ver2_downside_protection/ver2_1_dte_regime/ver2_1_periods_with_regime.csv,510050/510300 可用 ATM、OTM2、OTM5、D50、D40、D30、D20 七条真实 DTE30 选券路径。,0.1344478327724159,0.03636329747228939,0.04635472413508383,0.14605251325781116,0.3173839539019689,0.18789355452908219,0.19353137239553939,0.00436658128552656
surface_0033,510050,ATM,510050_DTE30_ATM_Q30_DynamicHold,ATM,-0.00098045510195615,0.0,-0.0003832612898528,-0.00098045510195615,,0.5277215933374235,0.5325851042006456,0.3,Q30,2022-09-19,2026-05-27,890,44.0,30.386363636363637,0.01899917547951038,ver2_1_dte30_full_rule_grid,outputs/ver2_downside_protection/ver2_1_dte_regime/ver2_1_daily_mtm.csv,outputs/ver2_downside_protection/ver2_1_dte_regime/ver2_1_periods_with_regime.csv,510050/510300 可用 ATM、OTM2、OTM5、D50、D40、D30、D20 七条真实 DTE30 选券路径。,0.1480988535988086,0.03987921627274105,0.04853801477784714,0.13750151749559109,0.35299984801552087,0.1737604018908856,0.2295069293047766,0.00654987192828984
surface_0034,510050,ATM,510050_DTE30_ATM_Q40_DynamicHold,ATM,-0.00098045510195615,0.0,-0.0003832612898528,-0.00098045510195615,,0.5277215933374235,0.5325851042006456,0.4,Q40,2022-09-19,2026-05-27,890,44.0,30.386363636363637,0.01899917547951038,ver2_1_dte30_full_rule_grid,outputs/ver2_downside_protection/ver2_1_dte_regime/ver2_1_daily_mtm.csv,outputs/ver2_downside_protection/ver2_1_dte_regime/ver2_1_periods_with_regime.csv,510050/510300 可用 ATM、OTM2、OTM5、D50、D40、D30、D20 七条真实 DTE30 选券路径。,0.16144411852689933,0.0432875347420032,0.050721305420610416,0.1292822708275731,0.39232993894621987,0.15943553441510472,0.2715049370945138,0.00873316257105312
surface_0035,510050,ATM,510050_DTE30_ATM_Q50_DynamicHold,ATM,-0.00098045510195615,0.0,-0.0003832612898528,-0.00098045510195615,,0.5277215933374235,0.5325851042006456,0.5,Q50,2022-09-19,2026-05-27,890,44.0,30.386363636363637,0.01899917547951038,ver2_1_dte30_full_rule_grid,outputs/ver2_downside_protection/ver2_1_dte_regime/ver2_1_daily_mtm.csv,outputs/ver2_downside_protection/ver2_1_dte_regime/ver2_1_periods_with_regime.csv,510050/510300 可用 ATM、OTM2、OTM5、D50、D40、D30、D20 七条真实 DTE30 选券路径。,0.17446864940102813,0.046586975630362515,0.052904596063373686,0.12146213952978895,0.43556449991891244,0.14491745203871687,0.32147250020595247,0.010916453213816403
surface_0036,510050,ATM,510050_DTE30_ATM_Q60_DynamicHold,ATM,-0.00098045510195615,0.0,-0.0003832612898528,-0.00098045510195615,,0.5277215933374235,0.5325851042006456,0.6,Q60,2022-09-19,2026-05-27,890,44.0,30.386363636363637,0.01899917547951038,ver2_1_dte30_full_rule_grid,outputs/ver2_downside_protection/ver2_1_dte_regime/ver2_1_daily_mtm.csv,outputs/ver2_downside_protection/ver2_1_dte_regime/ver2_1_periods_with_regime.csv,510050/510300 可用 ATM、OTM2、OTM5、D50、D40、D30、D20 七条真实 DTE30 选券路径。,0.18715762599473162,0.04977628274721635,0.05508788670613695,0.11412319956980806,0.4827054175995147,0.13020476231832745,0.38229233601703605,0.01309974385657968
surface_0037,510050,ATM,510050_DTE30_ATM_Q70_DynamicHold,ATM,-0.00098045510195615,0.0,-0.0003832612898528,-0.00098045510195615,,0.5277215933374235,0.5325851042006456,0.7,Q70,2022-09-19,2026-05-27,890,44.0,30.386363636363637,0.01899917547951038,ver2_1_dte30_full_rule_grid,outputs/ver2_downside_protection/ver2_1_dte_regime/ver2_1_daily_mtm.csv,outputs/ver2_downside_protection/ver2_1_dte_regime/ver2_1_periods_with_regime.csv,510050/510300 可用 ATM、OTM2、OTM5、D50、D40、D30、D20 七条真实 DTE30 选券路径。,0.19949641095982096,0.05285422154625197,0.057271177348900255,0.10736417266957782,0.53342913119777,0.12057129343067763,0.4383648880455982,0.015283034499342967
surface_0038,510050,ATM,510050_DTE30_ATM_Q80_DynamicHold,ATM,-0.00098045510195615,0.0,-0.0003832612898528,-0.00098045510195615,,0.5277215933374235,0.5325851042006456,0.8,Q80,2022-09-19,2026-05-27,890,44.0,30.386363636363637,0.01899917547951038,ver2_1_dte30_full_rule_grid,outputs/ver2_downside_protection/ver2_1_dte_regime/ver2_1_daily_mtm.csv,outputs/ver2_downside_protection/ver2_1_dte_regime/ver2_1_periods_with_regime.csv,510050/510300 可用 ATM、OTM2、OTM5、D50、D40、D30、D20 七条真实 DTE30 选券路径。,0.21147057484012977,0.05581957970392848,0.05945446799166352,0.10130120442557411,0.5869078095250551,0.11171231467973775,0.499672572929446,0.01746632514210624
surface_0039,510050,ATM,510050_DTE30_ATM_Q90_DynamicHold,ATM,-0.00098045510195615,0.0,-0.0003832612898528,-0.00098045510195615,,0.5277215933374235,0.5325851042006456,0.9,Q90,2022-09-19,2026-05-27,890,44.0,30.386363636363637,0.01899917547951038,ver2_1_dte30_full_rule_grid,outputs/ver2_downside_protection/ver2_1_dte_regime/ver2_1_daily_mtm.csv,outputs/ver2_downside_protection/ver2_1_dte_regime/ver2_1_periods_with_regime.csv,510050/510300 可用 ATM、OTM2、OTM5、D50、D40、D30、D20 七条真实 DTE30 选券路径。,0.22306592109667722,0.058671167690900417,0.06163775863442681,0.09606617518771814,0.641617702734428,0.10702083838054,0.548221903123951,0.019649615784869526
surface_0040,510050,ATM,510050_DTE30_ATM_Q100_DynamicHold,ATM,-0.00098045510195615,0.0,-0.0003832612898528,-0.00098045510195615,,0.5277215933374235,0.5325851042006456,1.0,Q100,2022-09-19,2026-05-27,890,44.0,30.386363636363637,0.01899917547951038,ver2_1_dte30_full_rule_grid,outputs/ver2_downside_protection/ver2_1_dte_regime/ver2_1_daily_mtm.csv,outputs/ver2_downside_protection/ver2_1_dte_regime/ver2_1_periods_with_regime.csv,510050/510300 可用 ATM、OTM2、OTM5、D50、D40、D30、D20 七条真实 DTE30 选券路径。,0.23426851108990032,0.06140781933599149,0.0638210492771901,0.09180083640359223,0.695212067530713,0.1032484031391877,0.5947580540612185,0.021832906427632807
surface_0041,510050,D50,510050_DTE30_D50_Q10_DynamicHold,Delta 50,0.00464424930956515,,0.0036614201073158453,0.00464424930956515,0.5,0.4946315763554598,0.48665042869627273,0.1,Q10,2022-09-19,2026-05-27,890,44.0,30.386363636363637,0.017056224760448616,ver2_1_dte30_full_rule_grid,outputs/ver2_downside_protection/ver2_1_dte_regime/ver2_1_daily_mtm.csv,outputs/ver2_downside_protection/ver2_1_dte_regime/ver2_1_periods_with_regime.csv,510050/510300 可用 ATM、OTM2、OTM5、D50、D40、D30、D20 七条真实 DTE30 选券路径。,0.11516613399099396,0.03134510973600246,0.04289330761501534,0.15536145931135995,0.2760871827874174,0.2040207612451429,0.15363686295797846,0.0009051647654580682
surface_0042,510050,D50,510050_DTE30_D50_Q20_DynamicHold,Delta 50,0.00464424930956515,,0.0036614201073158453,0.00464424930956515,0.5,0.4946315763554598,0.48665042869627273,0.2,Q20,2022-09-19,2026-05-27,890,44.0,30.386363636363637,0.017056224760448616,ver2_1_dte30_full_rule_grid,outputs/ver2_downside_protection/ver2_1_dte_regime/ver2_1_daily_mtm.csv,outputs/ver2_downside_protection/ver2_1_dte_regime/ver2_1_periods_with_regime.csv,510050/510300 可用 ATM、OTM2、OTM5、D50、D40、D30、D20 七条真实 DTE30 选券路径。,0.12369065197389184,0.03357128039062851,0.04379847238047342,0.14701970002995401,0.297908867801729,0.19208864335092068,0.1747697302921662,0.0018103295309161364
surface_0043,510050,D50,510050_DTE30_D50_Q30_DynamicHold,Delta 50,0.00464424930956515,,0.0036614201073158453,0.00464424930956515,0.5,0.4946315763554598,0.48665042869627273,0.3,Q30,2022-09-19,2026-05-27,890,44.0,30.386363636363637,0.017056224760448616,ver2_1_dte30_full_rule_grid,outputs/ver2_downside_protection/ver2_1_dte_regime/ver2_1_daily_mtm.csv,outputs/ver2_downside_protection/ver2_1_dte_regime/ver2_1_periods_with_regime.csv,510050/510300 可用 ATM、OTM2、OTM5、D50、D40、D30、D20 七条真实 DTE30 选券路径。,0.13185302045476388,0.03569155880831798,0.04470363714593147,0.13895763882725048,0.3217069426568639,0.1801425765435054,0.19812950104939947,0.0027154942963741988
surface_0044,510050,D50,510050_DTE30_D50_Q40_DynamicHold,Delta 50,0.00464424930956515,,0.0036614201073158453,0.00464424930956515,0.5,0.4946315763554598,0.48665042869627273,0.4,Q40,2022-09-19,2026-05-27,890,44.0,30.386363636363637,0.017056224760448616,ver2_1_dte30_full_rule_grid,outputs/ver2_downside_protection/ver2_1_dte_regime/ver2_1_daily_mtm.csv,outputs/ver2_downside_protection/ver2_1_dte_regime/ver2_1_periods_with_regime.csv,510050/510300 可用 ATM、OTM2、OTM5、D50、D40、D30、D20 七条真实 DTE30 选券路径。,0.13964391695082012,0.037705142953888826,0.04560880191138956,0.13122683648551517,0.34755697182735834,0.16806546782242904,0.2243479487036951,0.003620659061832273
surface_0045,510050,D50,510050_DTE30_D50_Q50_DynamicHold,Delta 50,0.00464424930956515,,0.0036614201073158453,0.00464424930956515,0.5,0.4946315763554598,0.48665042869627273,0.5,Q50,2022-09-19,2026-05-27,890,44.0,30.386363636363637,0.017056224760448616,ver2_1_dte30_full_rule_grid,outputs/ver2_downside_protection/ver2_1_dte_regime/ver2_1_daily_mtm.csv,outputs/ver2_downside_protection/ver2_1_dte_regime/ver2_1_periods_with_regime.csv,510050/510300 可用 ATM、OTM2、OTM5、D50、D40、D30、D20 七条真实 DTE30 选券路径。,0.14705432287178577,0.0396112519095726,0.046513966676847616,0.12388932106340848,0.3754477486646411,0.1558567788019244,0.2541516141554153,0.004525823827290337
surface_0046,510050,D50,510050_DTE30_D50_Q60_DynamicHold,Delta 50,0.00464424930956515,,0.0036614201073158453,0.00464424930956515,0.5,0.4946315763554598,0.48665042869627273,0.6,Q60,2022-09-19,2026-05-27,890,44.0,30.386363636363637,0.017056224760448616,ver2_1_dte30_full_rule_grid,outputs/ver2_downside_protection/ver2_1_dte_regime/ver2_1_daily_mtm.csv,outputs/ver2_downside_protection/ver2_1_dte_regime/ver2_1_periods_with_regime.csv,510050/510300 可用 ATM、OTM2、OTM5、D50、D40、D30、D20 七条真实 DTE30 选券路径。,0.15407553921545514,0.0414091262476759,0.04741913144230566,0.11701909744615666,0.40522557836445766,0.14351598822593392,0.288533192430703,0.0054309885927483975
surface_0047,510050,D50,510050_DTE30_D50_Q70_DynamicHold,Delta 50,0.00464424930956515,,0.0036614201073158453,0.00464424930956515,0.5,0.4946315763554598,0.48665042869627273,0.7,Q70,2022-09-19,2026-05-27,890,44.0,30.386363636363637,0.017056224760448616,ver2_1_dte30_full_rule_grid,outputs/ver2_downside_protection/ver2_1_dte_regime/ver2_1_daily_mtm.csv,outputs/ver2_downside_protection/ver2_1_dte_regime/ver2_1_periods_with_regime.csv,510050/510300 可用 ATM、OTM2、OTM5、D50、D40、D30、D20 七条真实 DTE30 选券路径。,0.1606992019092166,0.043098028395473165,0.04832429620776375,0.11070320002004692,0.43652122250316927,0.1310425924353793,0.3288856515619224,0.006336153358206476
surface_0048,510050,D50,510050_DTE30_D50_Q80_DynamicHold,Delta 50,0.00464424930956515,,0.0036614201073158453,0.00464424930956515,0.5,0.4946315763554598,0.48665042869627273,0.8,Q80,2022-09-19,2026-05-27,890,44.0,30.386363636363637,0.017056224760448616,ver2_1_dte30_full_rule_grid,outputs/ver2_downside_protection/ver2_1_dte_regime/ver2_1_daily_mtm.csv,outputs/ver2_downside_protection/ver2_1_dte_regime/ver2_1_periods_with_regime.csv,510050/510300 可用 ATM、OTM2、OTM5、D50、D40、D30、D20 七条真实 DTE30 选券路径。,0.1669172967629693,0.044677242992088084,0.04922946097322181,0.10504166723852282,0.4686660281337145,0.11858506953105008,0.3767526820093476,0.007241318123664546
surface_0049,510050,D50,510050_DTE30_D50_Q90_DynamicHold,Delta 50,0.00464424930956515,,0.0036614201073158453,0.00464424930956515,0.5,0.4946315763554598,0.48665042869627273,0.9,Q90,2022-09-19,2026-05-27,890,44.0,30.386363636363637,0.017056224760448616,ver2_1_dte30_full_rule_grid,outputs/ver2_downside_protection/ver2_1_dte_regime/ver2_1_daily_mtm.csv,outputs/ver2_downside_protection/ver2_1_dte_regime/ver2_1_periods_with_regime.csv,510050/510300 可用 ATM、OTM2、OTM5、D50、D40、D30、D20 七条真实 DTE30 选券路径。,0.1727221739994902,0.046146077237180894,0.05013462573867989,0.10014554034914996,0.5006176567013294,0.10941685360491449,0.42174560606363687,0.008146482889122602
surface_0050,510050,D50,510050_DTE30_D50_Q100_DynamicHold,Delta 50,0.00464424930956515,,0.0036614201073158453,0.00464424930956515,0.5,0.4946315763554598,0.48665042869627273,1.0,Q100,2022-09-19,2026-05-27,890,44.0,30.386363636363637,0.017056224760448616,ver2_1_dte30_full_rule_grid,outputs/ver2_downside_protection/ver2_1_dte_regime/ver2_1_daily_mtm.csv,outputs/ver2_downside_protection/ver2_1_dte_regime/ver2_1_periods_with_regime.csv,510050/510300 可用 ATM、OTM2、OTM5、D50、D40、D30、D20 七条真实 DTE30 选券路径。,0.17810656232865862,0.04750386123121131,0.051039790504137955,0.09613184010203127,0.5309353326636206,0.10324840313918715,0.4600929388435411,0.009051647654580674
surface_0051,510050,D40,510050_DTE30_D40_Q10_DynamicHold,Delta 40,0.015180543165099251,,0.013971532765080997,0.015180543165099251,0.4,0.40683285007431597,0.40055366384088165,0.1,Q10,2022-09-19,2026-05-27,890,44.0,30.386363636363637,0.012808978086279189,ver2_1_dte30_full_rule_grid,outputs/ver2_downside_protection/ver2_1_dte_regime/ver2_1_daily_mtm.csv,outputs/ver2_downside_protection/ver2_1_dte_regime/ver2_1_periods_with_regime.csv,510050/510300 可用 ATM、OTM2、OTM5、D50、D40、D30、D20 七条真实 DTE30 选券路径。,0.11714471273501692,0.03186289814364218,0.04357370894191553,0.1565149973766563,0.27839957622115,0.2060733639301131,0.15461919743518157,0.001585566092358238
surface_0052,510050,D40,510050_DTE30_D40_Q20_DynamicHold,Delta 40,0.015180543165099251,,0.013971532765080997,0.015180543165099251,0.4,0.40683285007431597,0.40055366384088165,0.2,Q20,2022-09-19,2026-05-27,890,44.0,30.386363636363637,0.012808978086279189,ver2_1_dte30_full_rule_grid,outputs/ver2_downside_protection/ver2_1_dte_regime/ver2_1_daily_mtm.csv,outputs/ver2_downside_protection/ver2_1_dte_regime/ver2_1_periods_with_regime.csv,510050/510300 可用 ATM、OTM2、OTM5、D50、D40、D30、D20 七条真实 DTE30 选券路径。,0.12775305465606235,0.034627915921315644,0.04515927503427374,0.1493242680391916,0.30242421829532257,0.19645491267940585,0.17626393480841496,0.003171132184716476
surface_0053,510050,D40,510050_DTE30_D40_Q30_DynamicHold,Delta 40,0.015180543165099251,,0.013971532765080997,0.015180543165099251,0.4,0.40683285007431597,0.40055366384088165,0.3,Q30,2022-09-19,2026-05-27,890,44.0,30.386363636363637,0.012808978086279189,ver2_1_dte30_full_rule_grid,outputs/ver2_downside_protection/ver2_1_dte_regime/ver2_1_daily_mtm.csv,outputs/ver2_downside_protection/ver2_1_dte_regime/ver2_1_periods_with_regime.csv,510050/510300 可用 ATM、OTM2、OTM5、D50、D40、D30、D20 七条真实 DTE30 选券路径。,0.13810472969831644,0.03730811861409866,0.046744841126632006,0.14240356660103184,0.3282561121351387,0.18674791409573555,0.19977796697088038,0.004756698277074713
surface_0054,510050,D40,510050_DTE30_D40_Q40_DynamicHold,Delta 40,0.015180543165099251,,0.013971532765080997,0.015180543165099251,0.4,0.40683285007431597,0.40055366384088165,0.4,Q40,2022-09-19,2026-05-27,890,44.0,30.386363636363637,0.012808978086279189,ver2_1_dte30_full_rule_grid,outputs/ver2_downside_protection/ver2_1_dte_regime/ver2_1_daily_mtm.csv,outputs/ver2_downside_protection/ver2_1_dte_regime/ver2_1_periods_with_regime.csv,510050/510300 可用 ATM、OTM2、OTM5、D50、D40、D30、D20 七条真实 DTE30 选券路径。,0.14819047021351284,0.03990271130080014,0.04833040721899022,0.135794184962307,0.35590925511578797,0.1769471724835472,0.22550635164577357,0.006342264369432952
surface_0055,510050,D40,510050_DTE30_D40_Q50_DynamicHold,Delta 40,0.015180543165099251,,0.013971532765080997,0.015180543165099251,0.4,0.40683285007431597,0.40055366384088165,0.5,Q50,2022-09-19,2026-05-27,890,44.0,30.386363636363637,0.012808978086279189,ver2_1_dte30_full_rule_grid,outputs/ver2_downside_protection/ver2_1_dte_regime/ver2_1_daily_mtm.csv,outputs/ver2_downside_protection/ver2_1_dte_regime/ver2_1_periods_with_regime.csv,510050/510300 可用 ATM、OTM2、OTM5、D50、D40、D30、D20 七条真实 DTE30 选券路径。,0.15800112556849966,0.042410908727269936,0.04991597331134847,0.12954378291561708,0.38532125732242206,0.1670521388287899,0.25387827431971083,0.00792783046179119
surface_0056,510050,D40,510050_DTE30_D40_Q60_DynamicHold,Delta 40,0.015180543165099251,,0.013971532765080997,0.015180543165099251,0.4,0.40683285007431597,0.40055366384088165,0.6,Q60,2022-09-19,2026-05-27,890,44.0,30.386363636363637,0.012808978086279189,ver2_1_dte30_full_rule_grid,outputs/ver2_downside_protection/ver2_1_dte_regime/ver2_1_daily_mtm.csv,outputs/ver2_downside_protection/ver2_1_dte_regime/ver2_1_periods_with_regime.csv,510050/510300 可用 ATM、OTM2、OTM5、D50、D40、D30、D20 七条真实 DTE30 选券路径。,0.16752767389000156,0.04483193555552911,0.051501539403706706,0.12370678578084697,0.4163194369542862,0.15706226641250765,0.2854405235550512,0.009513396554149426
surface_0057,510050,D40,510050_DTE30_D40_Q70_DynamicHold,Delta 40,0.015180543165099251,,0.013971532765080997,0.015180543165099251,0.4,0.40683285007431597,0.40055366384088165,0.7,Q70,2022-09-19,2026-05-27,890,44.0,30.386363636363637,0.012808978086279189,ver2_1_dte30_full_rule_grid,outputs/ver2_downside_protection/ver2_1_dte_regime/ver2_1_daily_mtm.csv,outputs/ver2_downside_protection/ver2_1_dte_regime/ver2_1_periods_with_regime.csv,510050/510300 可用 ATM、OTM2、OTM5、D50、D40、D30、D20 七条真实 DTE30 选券路径。,0.17676123380406739,0.04716502660942168,0.05308710549606494,0.1183443794102481,0.4485815529272853,0.14697701092109405,0.32090070626584355,0.011098962646507676
surface_0058,510050,D40,510050_DTE30_D40_Q80_DynamicHold,Delta 40,0.015180543165099251,,0.013971532765080997,0.015180543165099251,0.4,0.40683285007431597,0.40055366384088165,0.8,Q80,2022-09-19,2026-05-27,890,44.0,30.386363636363637,0.012808978086279189,ver2_1_dte30_full_rule_grid,outputs/ver2_downside_protection/ver2_1_dte_regime/ver2_1_daily_mtm.csv,outputs/ver2_downside_protection/ver2_1_dte_regime/ver2_1_periods_with_regime.csv,510050/510300 可用 ATM、OTM2、OTM5、D50、D40、D30、D20 七条真实 DTE30 选券路径。,0.18569307615181607,0.049409427116654525,0.05467267158842319,0.11352383697441568,0.4815964034121267,0.13679583055786537,0.36119103129940844,0.012684528738865905
surface_0059,510050,D40,510050_DTE30_D40_Q90_DynamicHold,Delta 40,0.015180543165099251,,0.013971532765080997,0.015180543165099251,0.4,0.40683285007431597,0.40055366384088165,0.9,Q90,2022-09-19,2026-05-27,890,44.0,30.386363636363637,0.012808978086279189,ver2_1_dte30_full_rule_grid,outputs/ver2_downside_protection/ver2_1_dte_regime/ver2_1_daily_mtm.csv,outputs/ver2_downside_protection/ver2_1_dte_regime/ver2_1_periods_with_regime.csv,510050/510300 可用 ATM、OTM2、OTM5、D50、D40、D30、D20 七条真实 DTE30 选券路径。,0.19431463566294815,0.05156439294711879,0.056258237680781434,0.10931686566316844,0.5146345656682711,0.12651818615594868,0.4075650664447525,0.014270094831224147
surface_0060,510050,D40,510050_DTE30_D40_Q100_DynamicHold,Delta 40,0.015180543165099251,,0.013971532765080997,0.015180543165099251,0.4,0.40683285007431597,0.40055366384088165,1.0,Q100,2022-09-19,2026-05-27,890,44.0,30.386363636363637,0.012808978086279189,ver2_1_dte30_full_rule_grid,outputs/ver2_downside_protection/ver2_1_dte_regime/ver2_1_daily_mtm.csv,outputs/ver2_downside_protection/ver2_1_dte_regime/ver2_1_periods_with_regime.csv,510050/510300 可用 ATM、OTM2、OTM5、D50、D40、D30、D20 七条真实 DTE30 选券路径。,0.2026175225682867,0.05362919084739204,0.05784380377313966,0.10579668619136082,0.5467449487833116,0.11945913065570479,0.44893337623523855,0.01585566092358238
surface_0061,510050,OTM2,510050_DTE30_OTM2_Q10_DynamicHold,OTM +2%,0.019273161579336402,0.02,0.020323917617080436,0.019273161579336402,,0.3471507331247656,0.35887116795988094,0.1,Q10,2022-09-19,2026-05-27,890,44.0,30.386363636363637,0.010929512875405849,ver2_1_dte30_full_rule_grid,outputs/ver2_downside_protection/ver2_1_dte_regime/ver2_1_daily_mtm.csv,outputs/ver2_downside_protection/ver2_1_dte_regime/ver2_1_periods_with_regime.csv,510050/510300 可用 ATM、OTM2、OTM5、D50、D40、D30、D20 七条真实 DTE30 选券路径。,0.12077848779296652,0.03281213688048501,0.04460450949308156,0.15723113255558285,0.2836875163849208,0.20649456409872735,0.1589007295358979,0.002616366643524275
surface_0062,510050,OTM2,510050_DTE30_OTM2_Q20_DynamicHold,OTM +2%,0.019273161579336402,0.02,0.020323917617080436,0.019273161579336402,,0.3471507331247656,0.35887116795988094,0.2,Q20,2022-09-19,2026-05-27,890,44.0,30.386363636363637,0.010929512875405849,ver2_1_dte30_full_rule_grid,outputs/ver2_downside_protection/ver2_1_dte_regime/ver2_1_daily_mtm.csv,outputs/ver2_downside_protection/ver2_1_dte_regime/ver2_1_periods_with_regime.csv,510050/510300 可用 ATM、OTM2、OTM5、D50、D40、D30、D20 七条真实 DTE30 选券路径。,0.13514488325720353,0.03654356049104357,0.04722087613660584,0.1507476920518619,0.31324443839817057,0.19730695078923777,0.18521172388943968,0.00523273328704855
surface_0063,510050,OTM2,510050_DTE30_OTM2_Q30_DynamicHold,OTM +2%,0.019273161579336402,0.02,0.020323917617080436,0.019273161579336402,,0.3471507331247656,0.35887116795988094,0.3,Q30,2022-09-19,2026-05-27,890,44.0,30.386363636363637,0.010929512875405849,ver2_1_dte30_full_rule_grid,outputs/ver2_downside_protection/ver2_1_dte_regime/ver2_1_daily_mtm.csv,outputs/ver2_downside_protection/ver2_1_dte_regime/ver2_1_periods_with_regime.csv,510050/510300 可用 ATM、OTM2、OTM5、D50、D40、D30、D20 七条真实 DTE30 选券路径。,0.14937851665119983,0.04020726348768755,0.049837242780130096,0.1445202780185979,0.3448460206651186,0.18804054922575753,0.2138223040362191,0.007849099930572827
surface_0064,510050,OTM2,510050_DTE30_OTM2_Q40_DynamicHold,OTM +2%,0.019273161579336402,0.02,0.020323917617080436,0.019273161579336402,,0.3471507331247656,0.35887116795988094,0.4,Q40,2022-09-19,2026-05-27,890,44.0,30.386363636363637,0.010929512875405849,ver2_1_dte30_full_rule_grid,outputs/ver2_downside_protection/ver2_1_dte_regime/ver2_1_daily_mtm.csv,outputs/ver2_downside_protection/ver2_1_dte_regime/ver2_1_periods_with_regime.csv,510050/510300 可用 ATM、OTM2、OTM5、D50、D40、D30、D20 七条真实 DTE30 选券路径。,0.16346958137673218,0.043802371134067375,0.05245360942365439,0.13858340933726815,0.3784984773754476,0.1786902956912345,0.24513010605654317,0.0104654665740971
surface_0065,510050,OTM2,510050_DTE30_OTM2_Q50_DynamicHold,OTM +2%,0.019273161579336402,0.02,0.020323917617080436,0.019273161579336402,,0.3471507331247656,0.35887116795988094,0.5,Q50,2022-09-19,2026-05-27,890,44.0,30.386363636363637,0.010929512875405849,ver2_1_dte30_full_rule_grid,outputs/ver2_downside_protection/ver2_1_dte_regime/ver2_1_daily_mtm.csv,outputs/ver2_downside_protection/ver2_1_dte_regime/ver2_1_periods_with_regime.csv,510050/510300 可用 ATM、OTM2、OTM5、D50、D40、D30、D20 七条真实 DTE30 选券路径。,0.17740821926826666,0.04732801109595508,0.05506997606717866,0.132976006910521,0.4141346799820438,0.16925577149338777,0.27962420825220735,0.013081833217621379
surface_0066,510050,OTM2,510050_DTE30_OTM2_Q60_DynamicHold,OTM +2%,0.019273161579336402,0.02,0.020323917617080436,0.019273161579336402,,0.3471507331247656,0.35887116795988094,0.6,Q60,2022-09-19,2026-05-27,890,44.0,30.386363636363637,0.010929512875405849,ver2_1_dte30_full_rule_grid,outputs/ver2_downside_protection/ver2_1_dte_regime/ver2_1_daily_mtm.csv,outputs/ver2_downside_protection/ver2_1_dte_regime/ver2_1_periods_with_regime.csv,510050/510300 可用 ATM、OTM2、OTM5、D50、D40、D30、D20 七条真实 DTE30 选券路径。,0.19118452922930373,0.05078331361688493,0.05768634271070294,0.1277414653491621,0.4515866680644848,0.15973656103331735,0.3179191619524894,0.015698199861145654
surface_0067,510050,OTM2,510050_DTE30_OTM2_Q70_DynamicHold,OTM +2%,0.019273161579336402,0.02,0.020323917617080436,0.019273161579336402,,0.3471507331247656,0.35887116795988094,0.7,Q70,2022-09-19,2026-05-27,890,44.0,30.386363636363637,0.010929512875405849,ver2_1_dte30_full_rule_grid,outputs/ver2_downside_protection/ver2_1_dte_regime/ver2_1_daily_mtm.csv,outputs/ver2_downside_protection/ver2_1_dte_regime/ver2_1_periods_with_regime.csv,510050/510300 可用 ATM、OTM2、OTM5、D50、D40、D30、D20 七条真实 DTE30 选券路径。,0.2047885760745889,0.05416741169161776,0.0603027093542272,0.12292742578689898,0.4905553741828536,0.15013225190642443,0.3607979698151709,0.018314566504669935
surface_0068,510050,OTM2,510050_DTE30_OTM2_Q80_DynamicHold,OTM +2%,0.019273161579336402,0.02,0.020323917617080436,0.019273161579336402,,0.3471507331247656,0.35887116795988094,0.8,Q80,2022-09-19,2026-05-27,890,44.0,30.386363636363637,0.010929512875405849,ver2_1_dte30_full_rule_grid,outputs/ver2_downside_protection/ver2_1_dte_regime/ver2_1_daily_mtm.csv,outputs/ver2_downside_protection/ver2_1_dte_regime/ver2_1_periods_with_regime.csv,510050/510300 可用 ATM、OTM2、OTM5、D50、D40、D30、D20 七条真实 DTE30 选券路径。,0.21821039957040944,0.05747944123735982,0.06291907599775148,0.11858511094144181,0.5305815839631114,0.14044243500432974,0.40927402914644545,0.0209309331481942
surface_0069,510050,OTM2,510050_DTE30_OTM2_Q90_DynamicHold,OTM +2%,0.019273161579336402,0.02,0.020323917617080436,0.019273161579336402,,0.3471507331247656,0.35887116795988094,0.9,Q90,2022-09-19,2026-05-27,890,44.0,30.386363636363637,0.010929512875405849,ver2_1_dte30_full_rule_grid,outputs/ver2_downside_protection/ver2_1_dte_regime/ver2_1_daily_mtm.csv,outputs/ver2_downside_protection/ver2_1_dte_regime/ver2_1_periods_with_regime.csv,510050/510300 可用 ATM、OTM2、OTM5、D50、D40、D30、D20 七条真实 DTE30 选券路径。,0.23144002366451621,0.060718541262603676,0.06553544264127574,0.114768077219899,0.5710250117348217,0.13066670461778707,0.46468257878096314,0.023547299791718476
surface_0070,510050,OTM2,510050_DTE30_OTM2_Q100_DynamicHold,OTM +2%,0.019273161579336402,0.02,0.020323917617080436,0.019273161579336402,,0.3471507331247656,0.35887116795988094,1.0,Q100,2022-09-19,2026-05-27,890,44.0,30.386363636363637,0.010929512875405849,ver2_1_dte30_full_rule_grid,outputs/ver2_downside_protection/ver2_1_dte_regime/ver2_1_daily_mtm.csv,outputs/ver2_downside_protection/ver2_1_dte_regime/ver2_1_periods_with_regime.csv,510050/510300 可用 ATM、OTM2、OTM5、D50、D40、D30、D20 七条真实 DTE30 选券路径。,0.2444674658969639,0.0638838540335056,0.06815180928480004,0.11153026963954436,0.6110611003188682,0.12080465854057076,0.5288194578361479,0.026163666435242757
surface_0071,510050,D30,510050_DTE30_D30_Q10_DynamicHold,Delta 30,0.028276659531588248,,0.02872221900308499,0.028276659531588248,0.3,0.2938183891344103,0.2969603118837972,0.1,Q10,2022-09-19,2026-05-27,890,44.0,30.386363636363637,0.008526381843634438,ver2_1_dte30_full_rule_grid,outputs/ver2_downside_protection/ver2_1_dte_regime/ver2_1_daily_mtm.csv,outputs/ver2_downside_protection/ver2_1_dte_regime/ver2_1_periods_with_regime.csv,510050/510300 可用 ATM、OTM2、OTM5、D50、D40、D30、D20 七条真实 DTE30 选券路径。,0.11500260579403543,0.03130228541835045,0.043262350146898915,0.15800095854191132,0.27381068156889155,0.20952761919214902,0.14939455494716633,0.0012742072973416245
surface_0072,510050,D30,510050_DTE30_D30_Q20_DynamicHold,Delta 30,0.028276659531588248,,0.02872221900308499,0.028276659531588248,0.3,0.2938183891344103,0.2969603118837972,0.2,Q20,2022-09-19,2026-05-27,890,44.0,30.386363636363637,0.008526381843634438,ver2_1_dte30_full_rule_grid,outputs/ver2_downside_protection/ver2_1_dte_regime/ver2_1_daily_mtm.csv,outputs/ver2_downside_protection/ver2_1_dte_regime/ver2_1_periods_with_regime.csv,510050/510300 可用 ATM、OTM2、OTM5、D50、D40、D30、D20 七条真实 DTE30 选券路径。,0.12351619870905539,0.033525843618714024,0.04453655744424053,0.15228071588905923,0.29246354132381847,0.20315133591380685,0.16502891043226212,0.002548414594683249
surface_0073,510050,D30,510050_DTE30_D30_Q30_DynamicHold,Delta 30,0.028276659531588248,,0.02872221900308499,0.028276659531588248,0.3,0.2938183891344103,0.2969603118837972,0.3,Q30,2022-09-19,2026-05-27,890,44.0,30.386363636363637,0.008526381843634438,ver2_1_dte30_full_rule_grid,outputs/ver2_downside_protection/ver2_1_dte_regime/ver2_1_daily_mtm.csv,outputs/ver2_downside_protection/ver2_1_dte_regime/ver2_1_periods_with_regime.csv,510050/510300 可用 ATM、OTM2、OTM5、D50、D40、D30、D20 七条真实 DTE30 选券路径。,0.1318240600642402,0.0356840553869886,0.045810764741582154,0.14680510382947343,0.31205158095045005,0.19673626934548305,0.1813801568246922,0.003822621892024875
surface_0074,510050,D30,510050_DTE30_D30_Q40_DynamicHold,Delta 30,0.028276659531588248,,0.02872221900308499,0.028276659531588248,0.3,0.2938183891344103,0.2969603118837972,0.4,Q40,2022-09-19,2026-05-27,890,44.0,30.386363636363637,0.008526381843634438,ver2_1_dte30_full_rule_grid,outputs/ver2_downside_protection/ver2_1_dte_regime/ver2_1_daily_mtm.csv,outputs/ver2_downside_protection/ver2_1_dte_regime/ver2_1_periods_with_regime.csv,510050/510300 可用 ATM、OTM2、OTM5、D50、D40、D30、D20 七条真实 DTE30 选券路径。,0.1399204566801182,0.037776434017027904,0.04708497203892379,0.14160250399006744,0.33251510892933445,0.19028232429377956,0.19852834022935487,0.005096829189366498
surface_0075,510050,D30,510050_DTE30_D30_Q50_DynamicHold,Delta 30,0.028276659531588248,,0.02872221900308499,0.028276659531588248,0.3,0.2938183891344103,0.2969603118837972,0.5,Q50,2022-09-19,2026-05-27,890,44.0,30.386363636363637,0.008526381843634438,ver2_1_dte30_full_rule_grid,outputs/ver2_downside_protection/ver2_1_dte_regime/ver2_1_daily_mtm.csv,outputs/ver2_downside_protection/ver2_1_dte_regime/ver2_1_periods_with_regime.csv,510050/510300 可用 ATM、OTM2、OTM5、D50、D40、D30、D20 七条真实 DTE30 选券路径。,0.14779972289151266,0.03980249501601607,0.0483591793362654,0.1367040903166696,0.35375078554155387,0.18379754597548792,0.21655618308050922,0.006371036486708123
surface_0076,510050,D30,510050_DTE30_D30_Q60_DynamicHold,Delta 30,0.028276659531588248,,0.02872221900308499,0.028276659531588248,0.3,0.2938183891344103,0.2969603118837972,0.6,Q60,2022-09-19,2026-05-27,890,44.0,30.386363636363637,0.008526381843634438,ver2_1_dte30_full_rule_grid,outputs/ver2_downside_protection/ver2_1_dte_regime/ver2_1_daily_mtm.csv,outputs/ver2_downside_protection/ver2_1_dte_regime/ver2_1_periods_with_regime.csv,510050/510300 可用 ATM、OTM2、OTM5、D50、D40、D30、D20 七条真实 DTE30 选券路径。,0.155456265699784,0.04176175619012845,0.049633386633607036,0.13214369462647757,0.37560162650138296,0.17732504727649046,0.23550962952804003,0.00764524378404975
surface_0077,510050,D30,510050_DTE30_D30_Q70_DynamicHold,Delta 30,0.028276659531588248,,0.02872221900308499,0.028276659531588248,0.3,0.2938183891344103,0.2969603118837972,0.7,Q70,2022-09-19,2026-05-27,890,44.0,30.386363636363637,0.008526381843634438,ver2_1_dte30_full_rule_grid,outputs/ver2_downside_protection/ver2_1_dte_regime/ver2_1_daily_mtm.csv,outputs/ver2_downside_protection/ver2_1_dte_regime/ver2_1_periods_with_regime.csv,510050/510300 可用 ATM、OTM2、OTM5、D50、D40、D30、D20 七条真实 DTE30 选券路径。,0.1628845699255923,0.0436537377272328,0.05090759393094866,0.12795746284191417,0.39784779097912215,0.17081434323244815,0.25556248322676145,0.008919451081391375
surface_0078,510050,D30,510050_DTE30_D30_Q80_DynamicHold,Delta 30,0.028276659531588248,,0.02872221900308499,0.028276659531588248,0.3,0.2938183891344103,0.2969603118837972,0.8,Q80,2022-09-19,2026-05-27,890,44.0,30.386363636363637,0.008526381843634438,ver2_1_dte30_full_rule_grid,outputs/ver2_downside_protection/ver2_1_dte_regime/ver2_1_daily_mtm.csv,outputs/ver2_downside_protection/ver2_1_dte_regime/ver2_1_periods_with_regime.csv,510050/510300 可用 ATM、OTM2、OTM5、D50、D40、D30、D20 七条真实 DTE30 选券路径。,0.1700792033568852,0.04547796227659262,0.052181801228290275,0.12418324005887602,0.4202000302420083,0.16426535337745984,0.2768566915756747,0.010193658378732996
surface_0079,510050,D30,510050_DTE30_D30_Q90_DynamicHold,Delta 30,0.028276659531588248,,0.02872221900308499,0.028276659531588248,0.3,0.2938183891344103,0.2969603118837972,0.9,Q90,2022-09-19,2026-05-27,890,44.0,30.386363636363637,0.008526381843634438,ver2_1_dte30_full_rule_grid,outputs/ver2_downside_protection/ver2_1_dte_regime/ver2_1_daily_mtm.csv,outputs/ver2_downside_protection/ver2_1_dte_regime/ver2_1_periods_with_regime.csv,510050/510300 可用 ATM、OTM2、OTM5、D50、D40、D30、D20 七条真实 DTE30 选券路径。,0.177034821886648,0.04723395502551209,0.053456008525631926,0.12085963128057903,0.44229829231840284,0.15767799889250167,0.2995595793786947,0.011467865676074603
surface_0080,510050,D30,510050_DTE30_D30_Q100_DynamicHold,Delta 30,0.028276659531588248,,0.02872221900308499,0.028276659531588248,0.3,0.2938183891344103,0.2969603118837972,1.0,Q100,2022-09-19,2026-05-27,890,44.0,30.386363636363637,0.008526381843634438,ver2_1_dte30_full_rule_grid,outputs/ver2_downside_protection/ver2_1_dte_regime/ver2_1_daily_mtm.csv,outputs/ver2_downside_protection/ver2_1_dte_regime/ver2_1_periods_with_regime.csv,510050/510300 可用 ATM、OTM2、OTM5、D50、D40、D30、D20 七条真实 DTE30 选券路径。,0.1837461746349638,0.04892124377287077,0.05473021582297352,0.11802471089653684,0.4637182790555724,0.15105220263140628,0.3238697809143978,0.012742072973416245
surface_0081,510050,D20,510050_DTE30_D20_Q10_DynamicHold,Delta 20,0.0425624341460709,,0.045290434970266934,0.0425624341460709,0.2,0.19874985872679235,0.1987675422528254,0.1,Q10,2022-09-19,2026-05-27,890,44.0,30.386363636363637,0.005234463937865961,ver2_1_dte30_full_rule_grid,outputs/ver2_downside_protection/ver2_1_dte_regime/ver2_1_daily_mtm.csv,outputs/ver2_downside_protection/ver2_1_dte_regime/ver2_1_periods_with_regime.csv,510050/510300 可用 ATM、OTM2、OTM5、D50、D40、D30、D20 七条真实 DTE30 选券路径。,0.11667273905543052,0.031739443721008564,0.043927809046384124,0.15954127879267824,0.27533820324624403,0.2110664694755211,0.15037653209378962,0.0019396661968268396
surface_0082,510050,D20,510050_DTE30_D20_Q20_DynamicHold,Delta 20,0.0425624341460709,,0.045290434970266934,0.0425624341460709,0.2,0.19874985872679235,0.1987675422528254,0.2,Q20,2022-09-19,2026-05-27,890,44.0,30.386363636363637,0.005234463937865961,ver2_1_dte30_full_rule_grid,outputs/ver2_downside_protection/ver2_1_dte_regime/ver2_1_daily_mtm.csv,outputs/ver2_downside_protection/ver2_1_dte_regime/ver2_1_periods_with_regime.csv,510050/510300 可用 ATM、OTM2、OTM5、D50、D40、D30、D20 七条真实 DTE30 选券路径。,0.12696052196309404,0.03442199175161531,0.04586747524321098,0.15533307757379544,0.29528466157776545,0.2062422434814576,0.16690078216061519,0.003879332393653679
surface_0083,510050,D20,510050_DTE30_D20_Q30_DynamicHold,Delta 20,0.0425624341460709,,0.045290434970266934,0.0425624341460709,0.2,0.19874985872679235,0.1987675422528254,0.3,Q30,2022-09-19,2026-05-27,890,44.0,30.386363636363637,0.005234463937865961,ver2_1_dte30_full_rule_grid,outputs/ver2_downside_protection/ver2_1_dte_regime/ver2_1_daily_mtm.csv,outputs/ver2_downside_protection/ver2_1_dte_regime/ver2_1_periods_with_regime.csv,510050/510300 可用 ATM、OTM2、OTM5、D50、D40、D30、D20 七条真实 DTE30 选券路径。,0.13714801158225787,0.03706114476073319,0.04780714144003777,0.15133153658457538,0.3159099717018968,0.20139243086630632,0.18402451671749323,0.005818998590480517
surface_0084,510050,D20,510050_DTE30_D20_Q40_DynamicHold,Delta 20,0.0425624341460709,,0.045290434970266934,0.0425624341460709,0.2,0.19874985872679235,0.1987675422528254,0.4,Q40,2022-09-19,2026-05-27,890,44.0,30.386363636363637,0.005234463937865961,ver2_1_dte30_full_rule_grid,outputs/ver2_downside_protection/ver2_1_dte_regime/ver2_1_daily_mtm.csv,outputs/ver2_downside_protection/ver2_1_dte_regime/ver2_1_periods_with_regime.csv,510050/510300 可用 ATM、OTM2、OTM5、D50、D40、D30、D20 七条真实 DTE30 选券路径。,0.1472307758447573,0.039656531506802706,0.04974680763686464,0.14755347020083556,0.3371442743376627,0.19651692436922252,0.20179702910622954,0.007758664787307358
surface_0085,510050,D20,510050_DTE30_D20_Q50_DynamicHold,Delta 20,0.0425624341460709,,0.045290434970266934,0.0425624341460709,0.2,0.19874985872679235,0.1987675422528254,0.5,Q50,2022-09-19,2026-05-27,890,44.0,30.386363636363637,0.005234463937865961,ver2_1_dte30_full_rule_grid,outputs/ver2_downside_protection/ver2_1_dte_regime/ver2_1_daily_mtm.csv,outputs/ver2_downside_protection/ver2_1_dte_regime/ver2_1_periods_with_regime.csv,510050/510300 可用 ATM、OTM2、OTM5、D50、D40、D30、D20 七条真实 DTE30 选券路径。,0.15720436656798875,0.042207778473705604,0.05168647383369148,0.1440164671082002,0.3588928049100052,0.19166938535015832,0.22021137281051306,0.009698330984134196
surface_0086,510050,D20,510050_DTE30_D20_Q60_DynamicHold,Delta 20,0.0425624341460709,,0.045290434970266934,0.0425624341460709,0.2,0.19874985872679235,0.1987675422528254,0.6,Q60,2022-09-19,2026-05-27,890,44.0,30.386363636363637,0.005234463937865961,ver2_1_dte30_full_rule_grid,outputs/ver2_downside_protection/ver2_1_dte_regime/ver2_1_daily_mtm.csv,outputs/ver2_downside_protection/ver2_1_dte_regime/ver2_1_periods_with_regime.csv,510050/510300 可用 ATM、OTM2、OTM5、D50、D40、D30、D20 七条真实 DTE30 选券路径。,0.16706432144088712,0.04471450988763781,0.053626140030518306,0.14073870347244216,0.3810333526414698,0.18681042996174702,0.23935767342751663,0.011637997180961033
surface_0087,510050,D20,510050_DTE30_D20_Q70_DynamicHold,Delta 20,0.0425624341460709,,0.045290434970266934,0.0425624341460709,0.2,0.19874985872679235,0.1987675422528254,0.7,Q70,2022-09-19,2026-05-27,890,44.0,30.386363636363637,0.005234463937865961,ver2_1_dte30_full_rule_grid,outputs/ver2_downside_protection/ver2_1_dte_regime/ver2_1_daily_mtm.csv,outputs/ver2_downside_protection/ver2_1_dte_regime/ver2_1_periods_with_regime.csv,510050/510300 可用 ATM、OTM2、OTM5、D50、D40、D30、D20 七条真实 DTE30 选券路径。,0.176806166048723,0.04717634773171353,0.05556580622734518,0.1377386878790377,0.40341466208929727,0.1819262866483673,0.259315729468482,0.013577663377787876
surface_0088,510050,D20,510050_DTE30_D20_Q80_DynamicHold,Delta 20,0.0425624341460709,,0.045290434970266934,0.0425624341460709,0.2,0.19874985872679235,0.1987675422528254,0.8,Q80,2022-09-19,2026-05-27,890,44.0,30.386363636363637,0.005234463937865961,ver2_1_dte30_full_rule_grid,outputs/ver2_downside_protection/ver2_1_dte_regime/ver2_1_daily_mtm.csv,outputs/ver2_downside_protection/ver2_1_dte_regime/ver2_1_periods_with_regime.csv,510050/510300 可用 ATM、OTM2、OTM5、D50、D40、D30、D20 七条真实 DTE30 选券路径。,0.1864254159361569,0.049592911758302716,0.057505472424171984,0.1350349334392111,0.42585626518681047,0.17701685373754217,0.2801592656924787,0.015517329574614717
surface_0089,510050,D20,510050_DTE30_D20_Q90_DynamicHold,Delta 20,0.0425624341460709,,0.045290434970266934,0.0425624341460709,0.2,0.19874985872679235,0.1987675422528254,0.9,Q90,2022-09-19,2026-05-27,890,44.0,30.386363636363637,0.005234463937865961,ver2_1_dte30_full_rule_grid,outputs/ver2_downside_protection/ver2_1_dte_regime/ver2_1_daily_mtm.csv,outputs/ver2_downside_protection/ver2_1_dte_regime/ver2_1_periods_with_regime.csv,510050/510300 可用 ATM、OTM2、OTM5、D50、D40、D30、D20 七条真实 DTE30 选券路径。,0.19591757870775095,0.051963819499055264,0.05944513862099884,0.13264555773181266,0.4481502406675922,0.17208202935454953,0.3019712150883083,0.017456995771441556
surface_0090,510050,D20,510050_DTE30_D20_Q100_DynamicHold,Delta 20,0.0425624341460709,,0.045290434970266934,0.0425624341460709,0.2,0.19874985872679235,0.1987675422528254,1.0,Q100,2022-09-19,2026-05-27,890,44.0,30.386363636363637,0.005234463937865961,ver2_1_dte30_full_rule_grid,outputs/ver2_downside_protection/ver2_1_dte_regime/ver2_1_daily_mtm.csv,outputs/ver2_downside_protection/ver2_1_dte_regime/ver2_1_periods_with_regime.csv,510050/510300 可用 ATM、OTM2、OTM5、D50、D40、D30、D20 七条真实 DTE30 选券路径。,0.2052781561652115,0.05428868627258754,0.061384804817825676,0.13058781853524234,0.4700653208420008,0.16712171142371401,0.3248452029966715,0.01939666196826839
surface_0091,510050,OTM5_up,510050_DTE30_OTM5_up_Q10_DynamicHold,OTM +5%,0.05180271851276905,0.05,0.05116964765854936,0.05180271851276905,,0.16654793952575833,0.17112209176313195,0.1,Q10,2022-09-19,2026-05-27,890,44.0,30.386363636363637,0.0045876202898113205,ver2_1_dte30_full_rule_grid,outputs/ver2_downside_protection/ver2_1_dte_regime/ver2_1_daily_mtm.csv,outputs/ver2_downside_protection/ver2_1_dte_regime/ver2_1_periods_with_regime.csv,510050/510300 可用 ATM、OTM2、OTM5、D50、D40、D30、D20 七条真实 DTE30 选券路径。,0.11593321781262955,0.03154593148859841,0.04376858402720682,0.1597197863523719,0.27403357484241236,0.21187080234256817,0.14889230200578865,0.0017804411776495463
surface_0092,510050,OTM5_up,510050_DTE30_OTM5_up_Q20_DynamicHold,OTM +5%,0.05180271851276905,0.05,0.05116964765854936,0.05180271851276905,,0.16654793952575833,0.17112209176313195,0.2,Q20,2022-09-19,2026-05-27,890,44.0,30.386363636363637,0.0045876202898113205,ver2_1_dte30_full_rule_grid,outputs/ver2_downside_protection/ver2_1_dte_regime/ver2_1_daily_mtm.csv,outputs/ver2_downside_protection/ver2_1_dte_regime/ver2_1_periods_with_regime.csv,510050/510300 可用 ATM、OTM2、OTM5、D50、D40、D30、D20 七条真实 DTE30 选券路径。,0.12547347459054792,0.034035331181167194,0.045549025204856375,0.15569123065005003,0.29255999207327055,0.20785926395584164,0.16374219042937524,0.0035608823552990927
surface_0093,510050,OTM5_up,510050_DTE30_OTM5_up_Q30_DynamicHold,OTM +5%,0.05180271851276905,0.05,0.05116964765854936,0.05180271851276905,,0.16654793952575833,0.17112209176313195,0.3,Q30,2022-09-19,2026-05-27,890,44.0,30.386363636363637,0.0045876202898113205,ver2_1_dte30_full_rule_grid,outputs/ver2_downside_protection/ver2_1_dte_regime/ver2_1_daily_mtm.csv,outputs/ver2_downside_protection/ver2_1_dte_regime/ver2_1_periods_with_regime.csv,510050/510300 可用 ATM、OTM2、OTM5、D50、D40、D30、D20 七条真实 DTE30 选券路径。,0.13490577769417578,0.03648173475888994,0.047329466382505916,0.1518698303233955,0.3116449546412302,0.20383054709276682,0.17898070372291386,0.005341323532948639
surface_0094,510050,OTM5_up,510050_DTE30_OTM5_up_Q40_DynamicHold,OTM +5%,0.05180271851276905,0.05,0.05116964765854936,0.05180271851276905,,0.16654793952575833,0.17112209176313195,0.4,Q40,2022-09-19,2026-05-27,890,44.0,30.386363636363637,0.0045876202898113205,ver2_1_dte30_full_rule_grid,outputs/ver2_downside_protection/ver2_1_dte_regime/ver2_1_daily_mtm.csv,outputs/ver2_downside_protection/ver2_1_dte_regime/ver2_1_periods_with_regime.csv,510050/510300 可用 ATM、OTM2、OTM5、D50、D40、D30、D20 七条真实 DTE30 选券路径。,0.14422604799943883,0.03888480593315613,0.049109907560155465,0.1482716032685858,0.3312158665418596,0.1997845980949695,0.19463365196285987,0.007121764710598185
surface_0095,510050,OTM5_up,510050_DTE30_OTM5_up_Q50_DynamicHold,OTM +5%,0.05180271851276905,0.05,0.05116964765854936,0.05180271851276905,,0.16654793952575833,0.17112209176313195,0.5,Q50,2022-09-19,2026-05-27,890,44.0,30.386363636363637,0.0045876202898113205,ver2_1_dte30_full_rule_grid,outputs/ver2_downside_protection/ver2_1_dte_regime/ver2_1_daily_mtm.csv,outputs/ver2_downside_protection/ver2_1_dte_regime/ver2_1_periods_with_regime.csv,510050/510300 可用 ATM、OTM2、OTM5、D50、D40、D30、D20 七条真实 DTE30 选券路径。,0.15343019855307793,0.041244206078736356,0.05089034873780501,0.14491317476843493,0.35117820597834265,0.19572136325881706,0.21072919885703045,0.00890220588824773
surface_0096,510050,OTM5_up,510050_DTE30_OTM5_up_Q60_DynamicHold,OTM +5%,0.05180271851276905,0.05,0.05116964765854936,0.05180271851276905,,0.16654793952575833,0.17112209176313195,0.6,Q60,2022-09-19,2026-05-27,890,44.0,30.386363636363637,0.0045876202898113205,ver2_1_dte30_full_rule_grid,outputs/ver2_downside_protection/ver2_1_dte_regime/ver2_1_daily_mtm.csv,outputs/ver2_downside_protection/ver2_1_dte_regime/ver2_1_periods_with_regime.csv,510050/510300 可用 ATM、OTM2、OTM5、D50、D40、D30、D20 七条真实 DTE30 选券路径。,0.1625141363924294,0.04355959424785283,0.052670789915454555,0.14181158281095071,0.37141387798816183,0.19164078883624946,0.22729813685474348,0.010682647065897277
surface_0097,510050,OTM5_up,510050_DTE30_OTM5_up_Q70_DynamicHold,OTM +5%,0.05180271851276905,0.05,0.05116964765854936,0.05180271851276905,,0.16654793952575833,0.17112209176313195,0.7,Q70,2022-09-19,2026-05-27,890,44.0,30.386363636363637,0.0045876202898113205,ver2_1_dte30_full_rule_grid,outputs/ver2_downside_protection/ver2_1_dte_regime/ver2_1_daily_mtm.csv,outputs/ver2_downside_protection/ver2_1_dte_regime/ver2_1_periods_with_regime.csv,510050/510300 可用 ATM、OTM2、OTM5、D50、D40、D30、D20 七条真实 DTE30 选券路径。,0.1714737643955564,0.045830627181918215,0.05445123109310409,0.1389840232885687,0.39178050688638144,0.1875428210356228,0.2443742017361087,0.012463088243546822
surface_0098,510050,OTM5_up,510050_DTE30_OTM5_up_Q80_DynamicHold,OTM +5%,0.05180271851276905,0.05,0.05116964765854936,0.05180271851276905,,0.16654793952575833,0.17112209176313195,0.8,Q80,2022-09-19,2026-05-27,890,44.0,30.386363636363637,0.0045876202898113205,ver2_1_dte30_full_rule_grid,outputs/ver2_downside_protection/ver2_1_dte_regime/ver2_1_daily_mtm.csv,outputs/ver2_downside_protection/ver2_1_dte_regime/ver2_1_periods_with_regime.csv,510050/510300 可用 ATM、OTM2、OTM5、D50、D40、D30、D20 七条真实 DTE30 选券路径。,0.1803049831610979,0.04805695932092835,0.056231672270753666,0.1364475333300598,0.4121120470146723,0.1834274060225688,0.2619944334545921,0.01424352942119637
surface_0099,510050,OTM5_up,510050_DTE30_OTM5_up_Q90_DynamicHold,OTM +5%,0.05180271851276905,0.05,0.05116964765854936,0.05180271851276905,,0.16654793952575833,0.17112209176313195,0.9,Q90,2022-09-19,2026-05-27,890,44.0,30.386363636363637,0.0045876202898113205,ver2_1_dte30_full_rule_grid,outputs/ver2_downside_protection/ver2_1_dte_regime/ver2_1_daily_mtm.csv,outputs/ver2_downside_protection/ver2_1_dte_regime/ver2_1_periods_with_regime.csv,510050/510300 可用 ATM、OTM2、OTM5、D50、D40、D30、D20 七条真实 DTE30 选券路径。,0.18900369291719565,0.05023824281049416,0.05801211344840321,0.13421861602061116,0.4322210671543106,0.17929448992084973,0.2801995913687701,0.01602397059884592
surface_0100,510050,OTM5_up,510050_DTE30_OTM5_up_Q100_DynamicHold,OTM +5%,0.05180271851276905,0.05,0.05116964765854936,0.05180271851276905,,0.16654793952575833,0.17112209176313195,1.0,Q100,2022-09-19,2026-05-27,890,44.0,30.386363636363637,0.0045876202898113205,ver2_1_dte30_full_rule_grid,outputs/ver2_downside_protection/ver2_1_dte_regime/ver2_1_daily_mtm.csv,outputs/ver2_downside_protection/ver2_1_dte_regime/ver2_1_periods_with_regime.csv,510050/510300 可用 ATM、OTM2、OTM5、D50、D40、D30、D20 七条真实 DTE30 选券路径。,0.19756579545879993,0.05237412750648418,0.05979255462605274,0.132312816209802,0.4519029700890244,0.17514401881322805,0.2990346336767313,0.01780441177649546
surface_0101,510300,ATM,510300_DTE30_ATM_Q10_DynamicHold,ATM,0.00137140753764895,0.0,0.0008398285566092929,0.00137140753764895,,0.5130250759493543,0.5100086424763388,0.1,Q10,2022-09-19,2026-05-27,890,44.0,29.613636363636363,0.017961287518261055,ver2_6_stepA_available_rules,outputs/multi_asset_rebalancing/ver2_6_early_close_strike_touch/intermediate/ver2_6_early_close_etf_daily_paths.csv,outputs/multi_asset_rebalancing/ver2_6_early_close_strike_touch/intermediate/ver2_6_early_close_etf_period_paths.csv,510500/159915 当前 Step A 真实路径为 ATM、D40、OTM5_up；未新增 OTM 网格。,0.2439792529059357,0.0637656610723989,0.07538464483671012,0.16498394465677144,0.4569210961317387,0.22760657177569388,0.28015738111129723,7.546239961880445e-05
surface_0102,510300,ATM,510300_DTE30_ATM_Q20_DynamicHold,ATM,0.00137140753764895,0.0,0.0008398285566092929,0.00137140753764895,,0.5130250759493543,0.5100086424763388,0.2,Q20,2022-09-19,2026-05-27,890,44.0,29.613636363636363,0.017961287518261055,ver2_6_stepA_available_rules,outputs/multi_asset_rebalancing/ver2_6_early_close_strike_touch/intermediate/ver2_6_early_close_etf_daily_paths.csv,outputs/multi_asset_rebalancing/ver2_6_early_close_strike_touch/intermediate/ver2_6_early_close_etf_period_paths.csv,510500/159915 当前 Step A 真实路径为 ATM、D40、OTM5_up；未新增 OTM 网格。,0.25097693083470163,0.06545658318412784,0.07546010723632893,0.15546624590374186,0.48537936191660946,0.21312442391855402,0.30712849320893515,0.0001509247992376089
surface_0103,510300,ATM,510300_DTE30_ATM_Q30_DynamicHold,ATM,0.00137140753764895,0.0,0.0008398285566092929,0.00137140753764895,,0.5130250759493543,0.5100086424763388,0.3,Q30,2022-09-19,2026-05-27,890,44.0,29.613636363636363,0.017961287518261055,ver2_6_stepA_available_rules,outputs/multi_asset_rebalancing/ver2_6_early_close_strike_touch/intermediate/ver2_6_early_close_etf_daily_paths.csv,outputs/multi_asset_rebalancing/ver2_6_early_close_strike_touch/intermediate/ver2_6_early_close_etf_period_paths.csv,510500/159915 当前 Step A 真实路径为 ATM、D40、OTM5_up；未新增 OTM 网格。,0.2573834044788019,0.06699871130681401,0.07553556963594771,0.14630822730309997,0.5162769792806263,0.19840537252237023,0.3376859731923837,0.00022638719885641288
surface_0104,510300,ATM,510300_DTE30_ATM_Q40_DynamicHold,ATM,0.00137140753764895,0.0,0.0008398285566092929,0.00137140753764895,,0.5130250759493543,0.5100086424763388,0.4,Q40,2022-09-19,2026-05-27,890,44.0,29.613636363636363,0.017961287518261055,ver2_6_stepA_available_rules,outputs/multi_asset_rebalancing/ver2_6_early_close_strike_touch/intermediate/ver2_6_early_close_etf_daily_paths.csv,outputs/multi_asset_rebalancing/ver2_6_early_close_strike_touch/intermediate/ver2_6_early_close_etf_period_paths.csv,510500/159915 当前 Step A 真实路径为 ATM、D40、OTM5_up；未新增 OTM 网格。,0.2631896594532235,0.06839150021940865,0.07561103203556652,0.13758173308265567,0.5495717370426006,0.1834769616889046,0.37275252211430365,0.0003018495984752178
surface_0105,510300,ATM,510300_DTE30_ATM_Q50_DynamicHold,ATM,0.00137140753764895,0.0,0.0008398285566092929,0.00137140753764895,,0.5130250759493543,0.5100086424763388,0.5,Q50,2022-09-19,2026-05-27,890,44.0,29.613636363636363,0.017961287518261055,ver2_6_stepA_available_rules,outputs/multi_asset_rebalancing/ver2_6_early_close_strike_touch/intermediate/ver2_6_early_close_etf_daily_paths.csv,outputs/multi_asset_rebalancing/ver2_6_early_close_strike_touch/intermediate/ver2_6_early_close_etf_period_paths.csv,510500/159915 当前 Step A 真实路径为 ATM、D40、OTM5_up；未新增 OTM 网格。,0.26838741639091523,0.06963443653510759,0.07568649443518534,0.12937411379312866,0.5850203894436664,0.17366433076206456,0.40097143857660045,0.00037731199809402477
surface_0106,510300,ATM,510300_DTE30_ATM_Q60_DynamicHold,ATM,0.00137140753764895,0.0,0.0008398285566092929,0.00137140753764895,,0.5130250759493543,0.5100086424763388,0.6,Q60,2022-09-19,2026-05-27,890,44.0,29.613636363636363,0.017961287518261055,ver2_6_stepA_available_rules,outputs/multi_asset_rebalancing/ver2_6_early_close_strike_touch/intermediate/ver2_6_early_close_etf_daily_paths.csv,outputs/multi_asset_rebalancing/ver2_6_early_close_strike_touch/intermediate/ver2_6_early_close_etf_period_paths.csv,510500/159915 当前 Step A 真实路径为 ATM、D40、OTM5_up；未新增 OTM 网格。,0.2729691494385089,0.07072703923908019,0.07576195683480415,0.12179031776691608,0.6220688000814513,0.16476835902085274,0.42925134206215604,0.00045277439771282575
surface_0107,510300,ATM,510300_DTE30_ATM_Q70_DynamicHold,ATM,0.00137140753764895,0.0,0.0008398285566092929,0.00137140753764895,,0.5130250759493543,0.5100086424763388,0.7,Q70,2022-09-19,2026-05-27,890,44.0,29.613636363636363,0.017961287518261055,ver2_6_stepA_available_rules,outputs/multi_asset_rebalancing/ver2_6_early_close_strike_touch/intermediate/ver2_6_early_close_etf_daily_paths.csv,outputs/multi_asset_rebalancing/ver2_6_early_close_strike_touch/intermediate/ver2_6_early_close_etf_period_paths.csv,510500/159915 当前 Step A 真实路径为 ATM、D40、OTM5_up；未新增 OTM 网格。,0.2769281033746347,0.07166886019858865,0.07583741923442294,0.11495387694225069,0.6597204135404788,0.15578808752896112,0.46004069589252355,0.0005282367973316346
surface_0108,510300,ATM,510300_DTE30_ATM_Q80_DynamicHold,ATM,0.00137140753764895,0.0,0.0008398285566092929,0.00137140753764895,,0.5130250759493543,0.5100086424763388,0.8,Q80,2022-09-19,2026-05-27,890,44.0,29.613636363636363,0.017961287518261055,ver2_6_stepA_available_rules,outputs/multi_asset_rebalancing/ver2_6_early_close_strike_touch/intermediate/ver2_6_early_close_etf_daily_paths.csv,outputs/multi_asset_rebalancing/ver2_6_early_close_strike_touch/intermediate/ver2_6_early_close_etf_period_paths.csv,510500/159915 当前 Step A 真实路径为 ATM、D40、OTM5_up；未新增 OTM 网格。,0.280258309300081,0.07245948464564167,0.07591288163404172,0.10900549658902783,0.6964133370287575,0.14672284886967146,0.49385276529087013,0.0006036991969504356
surface_0109,510300,ATM,510300_DTE30_ATM_Q90_DynamicHold,ATM,0.00137140753764895,0.0,0.0008398285566092929,0.00137140753764895,,0.5130250759493543,0.5100086424763388,0.9,Q90,2022-09-19,2026-05-27,890,44.0,29.613636363636363,0.017961287518261055,ver2_6_stepA_available_rules,outputs/multi_asset_rebalancing/ver2_6_early_close_strike_touch/intermediate/ver2_6_early_close_etf_daily_paths.csv,outputs/multi_asset_rebalancing/ver2_6_early_close_strike_touch/intermediate/ver2_6_early_close_etf_period_paths.csv,510500/159915 当前 Step A 真实路径为 ATM、D40、OTM5_up；未新增 OTM 网格。,0.2829545988529818,0.07309853163242463,0.07598834403366055,0.10409752585660105,0.7299726233487802,0.13757197178233393,0.5313475607377421,0.0006791615965692406
surface_0110,510300,ATM,510300_DTE30_ATM_Q100_DynamicHold,ATM,0.00137140753764895,0.0,0.0008398285566092929,0.00137140753764895,,0.5130250759493543,0.5100086424763388,1.0,Q100,2022-09-19,2026-05-27,890,44.0,29.613636363636363,0.017961287518261055,ver2_6_stepA_available_rules,outputs/multi_asset_rebalancing/ver2_6_early_close_strike_touch/intermediate/ver2_6_early_close_etf_daily_paths.csv,outputs/multi_asset_rebalancing/ver2_6_early_close_strike_touch/intermediate/ver2_6_early_close_etf_period_paths.csv,510500/159915 当前 Step A 真实路径为 ATM、D40、OTM5_up；未新增 OTM 网格。,0.2850126169050977,0.07358565445957388,0.07606380643327937,0.10038268592037979,0.7577383065204158,0.12833478115598185,0.5733882412604555,0.0007546239961880495
surface_0111,510300,D40,510300_DTE30_D40_Q10_DynamicHold,Delta 40,0.0149753682624139,,0.014603582608563431,0.0149753682624139,0.4,0.3966910870158797,0.39723248968613634,0.1,Q10,2022-09-19,2026-05-27,890,44.0,29.613636363636363,0.012142259064132426,ver2_6_stepA_available_rules,outputs/multi_asset_rebalancing/ver2_6_early_close_strike_touch/intermediate/ver2_6_early_close_etf_daily_paths.csv,outputs/multi_asset_rebalancing/ver2_6_early_close_strike_touch/intermediate/ver2_6_early_close_etf_period_paths.csv,510500/159915 当前 Step A 真实路径为 ATM、D40、OTM5_up；未新增 OTM 网格。,0.24654214278501585,0.0643857484159962,0.07629125222216547,0.16695122479330438,0.45696731076168273,0.23158768257446505,0.2780188812299787,0.0009820697850742004
surface_0112,510300,D40,510300_DTE30_D40_Q20_DynamicHold,Delta 40,0.0149753682624139,,0.014603582608563431,0.0149753682624139,0.4,0.3966910870158797,0.39723248968613634,0.2,Q20,2022-09-19,2026-05-27,890,44.0,29.613636363636363,0.012142259064132426,ver2_6_stepA_available_rules,outputs/multi_asset_rebalancing/ver2_6_early_close_strike_touch/intermediate/ver2_6_early_close_etf_daily_paths.csv,outputs/multi_asset_rebalancing/ver2_6_early_close_strike_touch/intermediate/ver2_6_early_close_etf_period_paths.csv,510500/159915 当前 Step A 真实路径为 ATM、D40、OTM5_up；未新增 OTM 网格。,0.25629263065381824,0.06673654522973194,0.07727332200723971,0.15938638902833124,0.48481757117606966,0.2212032931757727,0.3016977924316059,0.001964139570148401
surface_0113,510300,D40,510300_DTE30_D40_Q30_DynamicHold,Delta 40,0.0149753682624139,,0.014603582608563431,0.0149753682624139,0.4,0.3966910870158797,0.39723248968613634,0.3,Q30,2022-09-19,2026-05-27,890,44.0,29.613636363636363,0.012142259064132426,ver2_6_stepA_available_rules,outputs/multi_asset_rebalancing/ver2_6_early_close_strike_touch/intermediate/ver2_6_early_close_etf_daily_paths.csv,outputs/multi_asset_rebalancing/ver2_6_early_close_strike_touch/intermediate/ver2_6_early_close_etf_period_paths.csv,510500/159915 当前 Step A 真实路径为 ATM、D40、OTM5_up；未新增 OTM 网格。,0.26564197284630375,0.06897837628522252,0.07825539179231392,0.15215081714013748,0.5143277786029721,0.21070078098779377,0.3273759877008645,0.002946209355222604
surface_0114,510300,D40,510300_DTE30_D40_Q40_DynamicHold,Delta 40,0.0149753682624139,,0.014603582608563431,0.0149753682624139,0.4,0.3966910870158797,0.39723248968613634,0.4,Q40,2022-09-19,2026-05-27,890,44.0,29.613636363636363,0.012142259064132426,ver2_6_stepA_available_rules,outputs/multi_asset_rebalancing/ver2_6_early_close_strike_touch/intermediate/ver2_6_early_close_etf_daily_paths.csv,outputs/multi_asset_rebalancing/ver2_6_early_close_strike_touch/intermediate/ver2_6_early_close_etf_period_paths.csv,510500/159915 当前 Step A 真实路径为 ATM、D40、OTM5_up；未新增 OTM 网格。,0.27458086406552273,0.07111071342936537,0.07923746157738809,0.14529370910933295,0.5453605807376162,0.20007915784459562,0.3554128985518726,0.003928279140296802
surface_0115,510300,D40,510300_DTE30_D40_Q50_DynamicHold,Delta 40,0.0149753682624139,,0.014603582608563431,0.0149753682624139,0.4,0.3966910870158797,0.39723248968613634,0.5,Q50,2022-09-19,2026-05-27,890,44.0,29.613636363636363,0.012142259064132426,ver2_6_stepA_available_rules,outputs/multi_asset_rebalancing/ver2_6_early_close_strike_touch/intermediate/ver2_6_early_close_etf_daily_paths.csv,outputs/multi_asset_rebalancing/ver2_6_early_close_strike_touch/intermediate/ver2_6_early_close_etf_period_paths.csv,510500/159915 当前 Step A 真实路径为 ATM、D40、OTM5_up；未新增 OTM 网格。,0.28310029803182846,0.07313303633386181,0.08021953136246232,0.13887113904083262,0.5776544494164131,0.18933743292357552,0.3862576734278496,0.0049103489253710135
surface_0116,510300,D40,510300_DTE30_D40_Q60_DynamicHold,Delta 40,0.0149753682624139,,0.014603582608563431,0.0149753682624139,0.4,0.3966910870158797,0.39723248968613634,0.6,Q60,2022-09-19,2026-05-27,890,44.0,29.613636363636363,0.012142259064132426,ver2_6_stepA_available_rules,outputs/multi_asset_rebalancing/ver2_6_early_close_strike_touch/intermediate/ver2_6_early_close_etf_daily_paths.csv,outputs/multi_asset_rebalancing/ver2_6_early_close_strike_touch/intermediate/ver2_6_early_close_etf_period_paths.csv,510500/159915 当前 Step A 真实路径为 ATM、D40、OTM5_up；未新增 OTM 网格。,0.29119158048851457,0.07504483283875185,0.08120160114753652,0.1329460988959961,0.6107858885807597,0.1804701897580817,0.4158295225341571,0.005892418710445208
surface_0117,510300,D40,510300_DTE30_D40_Q70_DynamicHold,Delta 40,0.0149753682624139,,0.014603582608563431,0.0149753682624139,0.4,0.3966910870158797,0.39723248968613634,0.7,Q70,2022-09-19,2026-05-27,890,44.0,29.613636363636363,0.012142259064132426,ver2_6_stepA_available_rules,outputs/multi_asset_rebalancing/ver2_6_early_close_strike_touch/intermediate/ver2_6_early_close_etf_daily_paths.csv,outputs/multi_asset_rebalancing/ver2_6_early_close_strike_touch/intermediate/ver2_6_early_close_etf_period_paths.csv,510500/159915 当前 Step A 真实路径为 ATM、D40、OTM5_up；未新增 OTM 网格。,0.29884634191127635,0.0768455992791297,0.08218367093261073,0.12758792170987257,0.6441336282559063,0.17187639842291735,0.44709803081889227,0.0068744884955194065
surface_0118,510300,D40,510300_DTE30_D40_Q80_DynamicHold,Delta 40,0.0149753682624139,,0.014603582608563431,0.0149753682624139,0.4,0.3966910870158797,0.39723248968613634,0.8,Q80,2022-09-19,2026-05-27,890,44.0,29.613636363636363,0.012142259064132426,ver2_6_stepA_available_rules,outputs/multi_asset_rebalancing/ver2_6_early_close_strike_touch/intermediate/ver2_6_early_close_etf_daily_paths.csv,outputs/multi_asset_rebalancing/ver2_6_early_close_strike_touch/intermediate/ver2_6_early_close_etf_period_paths.csv,510500/159915 当前 Step A 真实路径为 ATM、D40、OTM5_up；未新增 OTM 网格。,0.3060565498987686,0.07853484079538053,0.08316574071768493,0.12287078954023238,0.676855264207881,0.16384435052065582,0.4793259001351997,0.007856558280593604
surface_0119,510300,D40,510300_DTE30_D40_Q90_DynamicHold,Delta 40,0.0149753682624139,,0.014603582608563431,0.0149753682624139,0.4,0.3966910870158797,0.39723248968613634,0.9,Q90,2022-09-19,2026-05-27,890,44.0,29.613636363636363,0.012142259064132426,ver2_6_stepA_available_rules,outputs/multi_asset_rebalancing/ver2_6_early_close_strike_touch/intermediate/ver2_6_early_close_etf_daily_paths.csv,outputs/multi_asset_rebalancing/ver2_6_early_close_strike_touch/intermediate/ver2_6_early_close_etf_period_paths.csv,510500/159915 当前 Step A 真实路径为 ATM、D40、OTM5_up；未新增 OTM 网格。,0.3128145212218092,0.08011207162722767,0.08414781050275913,0.11887104222496951,0.7078915850969415,0.1558014868963572,0.5141932418175194,0.008838628065667797
surface_0120,510300,D40,510300_DTE30_D40_Q100_DynamicHold,Delta 40,0.0149753682624139,,0.014603582608563431,0.0149753682624139,0.4,0.3966910870158797,0.39723248968613634,1.0,Q100,2022-09-19,2026-05-27,890,44.0,29.613636363636363,0.012142259064132426,ver2_6_stepA_available_rules,outputs/multi_asset_rebalancing/ver2_6_early_close_strike_touch/intermediate/ver2_6_early_close_etf_daily_paths.csv,outputs/multi_asset_rebalancing/ver2_6_early_close_strike_touch/intermediate/ver2_6_early_close_etf_period_paths.csv,510500/159915 当前 Step A 真实路径为 ATM、D40、OTM5_up；未新增 OTM 网格。,0.31911293350887426,0.08157681539177308,0.08512988028783333,0.11566312739363305,0.7360157226089281,0.1483936644646655,0.5497324679329393,0.009820697850742027
surface_0121,510300,OTM5_up,510300_DTE30_OTM5_up_Q10_DynamicHold,OTM +5%,0.06087762527184335,0.05,0.06257391381489678,0.06087762527184335,,0.11893412169732756,0.10757864218441121,0.1,Q10,2022-09-19,2026-05-27,890,44.0,29.613636363636363,0.0032004102640402184,ver2_6_stepA_available_rules,outputs/multi_asset_rebalancing/ver2_6_early_close_strike_touch/intermediate/ver2_6_early_close_etf_daily_paths.csv,outputs/multi_asset_rebalancing/ver2_6_early_close_strike_touch/intermediate/ver2_6_early_close_etf_period_paths.csv,510500/159915 当前 Step A 真实路径为 ATM、D40、OTM5_up；未新增 OTM 网格。,0.24873557724107553,0.06491572119488098,0.07741425329843576,0.1707004402844051,0.453509394407275,0.23962627263366965,0.2709040226741804,0.0021050708613444594
surface_0122,510300,OTM5_up,510300_DTE30_OTM5_up_Q20_DynamicHold,OTM +5%,0.06087762527184335,0.05,0.06257391381489678,0.06087762527184335,,0.11893412169732756,0.10757864218441121,0.2,Q20,2022-09-19,2026-05-27,890,44.0,29.613636363636363,0.0032004102640402184,ver2_6_stepA_available_rules,outputs/multi_asset_rebalancing/ver2_6_early_close_strike_touch/intermediate/ver2_6_early_close_etf_daily_paths.csv,outputs/multi_asset_rebalancing/ver2_6_early_close_strike_touch/intermediate/ver2_6_early_close_etf_period_paths.csv,510500/159915 当前 Step A 真实路径为 ATM、D40、OTM5_up；未新增 OTM 网格。,0.2609623719376335,0.06785776810074462,0.0795193241597802,0.16680152454373456,0.47673020002242616,0.23739195996853968,0.28584695163954776,0.004210141722688919
surface_0123,510300,OTM5_up,510300_DTE30_OTM5_up_Q30_DynamicHold,OTM +5%,0.06087762527184335,0.05,0.06257391381489678,0.06087762527184335,,0.11893412169732756,0.10757864218441121,0.3,Q30,2022-09-19,2026-05-27,890,44.0,29.613636363636363,0.0032004102640402184,ver2_6_stepA_available_rules,outputs/multi_asset_rebalancing/ver2_6_early_close_strike_touch/intermediate/ver2_6_early_close_etf_daily_paths.csv,outputs/multi_asset_rebalancing/ver2_6_early_close_strike_touch/intermediate/ver2_6_early_close_etf_period_paths.csv,510500/159915 当前 Step A 真实路径为 ATM、D40、OTM5_up；未新增 OTM 网格。,0.2730763086485988,0.07075255965957616,0.08162439502112469,0.1631204075042919,0.5003935207737698,0.23515198537150628,0.30088012885707643,0.006315212584033378
surface_0124,510300,OTM5_up,510300_DTE30_OTM5_up_Q40_DynamicHold,OTM +5%,0.06087762527184335,0.05,0.06257391381489678,0.06087762527184335,,0.11893412169732756,0.10757864218441121,0.4,Q40,2022-09-19,2026-05-27,890,44.0,29.613636363636363,0.0032004102640402184,ver2_6_stepA_available_rules,outputs/multi_asset_rebalancing/ver2_6_early_close_strike_touch/intermediate/ver2_6_early_close_etf_daily_paths.csv,outputs/multi_asset_rebalancing/ver2_6_early_close_strike_touch/intermediate/ver2_6_early_close_etf_period_paths.csv,510500/159915 当前 Step A 真实路径为 ATM、D40、OTM5_up；未新增 OTM 网格。,0.285073198610738,0.07359998537720758,0.08372946588246916,0.1596721534145708,0.5243836454380058,0.23290633759600576,0.31600679542208293,0.008420283445377838
surface_0125,510300,OTM5_up,510300_DTE30_OTM5_up_Q50_DynamicHold,OTM +5%,0.06087762527184335,0.05,0.06257391381489678,0.06087762527184335,,0.11893412169732756,0.10757864218441121,0.5,Q50,2022-09-19,2026-05-27,890,44.0,29.613636363636363,0.0032004102640402184,ver2_6_stepA_available_rules,outputs/multi_asset_rebalancing/ver2_6_early_close_strike_touch/intermediate/ver2_6_early_close_etf_daily_paths.csv,outputs/multi_asset_rebalancing/ver2_6_early_close_strike_touch/intermediate/ver2_6_early_close_etf_period_paths.csv,510500/159915 当前 Step A 真实路径为 ATM、D40、OTM5_up；未新增 OTM 网格。,0.29694884131117116,0.07639992696223841,0.08583453674381358,0.15647215817887236,0.5485610842389683,0.23065500538369255,0.33123030144153087,0.010525354306722296
surface_0126,510300,OTM5_up,510300_DTE30_OTM5_up_Q60_DynamicHold,OTM +5%,0.06087762527184335,0.05,0.06257391381489678,0.06087762527184335,,0.11893412169732756,0.10757864218441121,0.6,Q60,2022-09-19,2026-05-27,890,44.0,29.613636363636363,0.0032004102640402184,ver2_6_stepA_available_rules,outputs/multi_asset_rebalancing/ver2_6_early_close_strike_touch/intermediate/ver2_6_early_close_etf_daily_paths.csv,outputs/multi_asset_rebalancing/ver2_6_early_close_strike_touch/intermediate/ver2_6_early_close_etf_period_paths.csv,510500/159915 当前 Step A 真实路径为 ATM、D40、OTM5_up；未新增 OTM 网格。,0.3086990258067428,0.07915225849279017,0.08793960760515807,0.15353594521052616,0.5727623422943507,0.2283979774644771,0.34655411300698047,0.012630425168066756
surface_0127,510300,OTM5_up,510300_DTE30_OTM5_up_Q70_DynamicHold,OTM +5%,0.06087762527184335,0.05,0.06257391381489678,0.06087762527184335,,0.11893412169732756,0.10757864218441121,0.7,Q70,2022-09-19,2026-05-27,890,44.0,29.613636363636363,0.0032004102640402184,ver2_6_stepA_available_rules,outputs/multi_asset_rebalancing/ver2_6_early_close_strike_touch/intermediate/ver2_6_early_close_etf_daily_paths.csv,outputs/multi_asset_rebalancing/ver2_6_early_close_strike_touch/intermediate/ver2_6_early_close_etf_period_paths.csv,510500/159915 当前 Step A 真实路径为 ATM、D40、OTM5_up；未新增 OTM 网格。,0.3203195320658556,0.08185684657282977,0.09004467846650252,0.1508789154774555,0.5968009392270394,0.2261352425565457,0.36198181958462866,0.014735496029411217
surface_0128,510300,OTM5_up,510300_DTE30_OTM5_up_Q80_DynamicHold,OTM +5%,0.06087762527184335,0.05,0.06257391381489678,0.06087762527184335,,0.11893412169732756,0.10757864218441121,0.8,Q80,2022-09-19,2026-05-27,890,44.0,29.613636363636363,0.0032004102640402184,ver2_6_stepA_available_rules,outputs/multi_asset_rebalancing/ver2_6_early_close_strike_touch/intermediate/ver2_6_early_close_etf_daily_paths.csv,outputs/multi_asset_rebalancing/ver2_6_early_close_strike_touch/intermediate/ver2_6_early_close_etf_period_paths.csv,510500/159915 当前 Step A 真实路径为 ATM、D40、OTM5_up；未新增 OTM 网格。,0.33180613233257517,0.08451355047847864,0.09214974932784697,0.14851605393708944,0.6204699551664703,0.22386678936639692,0.3775171418577747,0.016840566890755675
surface_0129,510300,OTM5_up,510300_DTE30_OTM5_up_Q90_DynamicHold,OTM +5%,0.06087762527184335,0.05,0.06257391381489678,0.06087762527184335,,0.11893412169732756,0.10757864218441121,0.9,Q90,2022-09-19,2026-05-27,890,44.0,29.613636363636363,0.0032004102640402184,ver2_6_stepA_available_rules,outputs/multi_asset_rebalancing/ver2_6_early_close_strike_touch/intermediate/ver2_6_early_close_etf_daily_paths.csv,outputs/multi_asset_rebalancing/ver2_6_early_close_strike_touch/intermediate/ver2_6_early_close_etf_period_paths.csv,510500/159915 当前 Step A 真实路径为 ATM、D40、OTM5_up；未新增 OTM 网格。,0.3431545925127104,0.08712222229466748,0.09425482018919144,0.14646159870718187,0.6435463017007855,0.22159260658886193,0.39316394006011285,0.018945637752100137
surface_0130,510300,OTM5_up,510300_DTE30_OTM5_up_Q100_DynamicHold,OTM +5%,0.06087762527184335,0.05,0.06257391381489678,0.06087762527184335,,0.11893412169732756,0.10757864218441121,1.0,Q100,2022-09-19,2026-05-27,890,44.0,29.613636363636363,0.0032004102640402184,ver2_6_stepA_available_rules,outputs/multi_asset_rebalancing/ver2_6_early_close_strike_touch/intermediate/ver2_6_early_close_etf_daily_paths.csv,outputs/multi_asset_rebalancing/ver2_6_early_close_strike_touch/intermediate/ver2_6_early_close_etf_period_paths.csv,510500/159915 当前 Step A 真实路径为 ATM、D40、OTM5_up；未新增 OTM 网格。,0.3543606735817797,0.08968270704252368,0.09635989105053587,0.14472868406819198,0.6657967746402909,0.2193126829071299,0.408926222841844,0.02105070861344459
surface_0131,510500,ATM,510500_DTE30_ATM_Q10_DynamicHold,ATM,0.00088849788662055,0.0,0.0005464367406946932,0.00088849788662055,,0.5201856679866097,0.5145263815541552,0.1,Q10,2022-09-19,2026-05-27,890,44.0,29.613636363636363,0.020482685110499384,ver2_6_stepA_available_rules,outputs/multi_asset_rebalancing/ver2_6_early_close_strike_touch/intermediate/ver2_6_early_close_etf_daily_paths.csv,outputs/multi_asset_rebalancing/ver2_6_early_close_strike_touch/intermediate/ver2_6_early_close_etf_period_paths.csv,510500/159915 当前 Step A 真实路径为 ATM、D40、OTM5_up；未新增 OTM 网格。,0.42801070982905354,0.10614384143528888,0.12237678601544634,0.2076625719990225,0.5893059343212911,0.2891879733450359,0.36704099485024766,-0.007647518308339241
surface_0132,510500,ATM,510500_DTE30_ATM_Q20_DynamicHold,ATM,0.00088849788662055,0.0,0.0005464367406946932,0.00088849788662055,,0.5201856679866097,0.5145263815541552,0.2,Q20,2022-09-19,2026-05-27,890,44.0,29.613636363636363,0.020482685110499384,ver2_6_stepA_available_rules,outputs/multi_asset_rebalancing/ver2_6_early_close_strike_touch/intermediate/ver2_6_early_close_etf_daily_paths.csv,outputs/multi_asset_rebalancing/ver2_6_early_close_strike_touch/intermediate/ver2_6_early_close_etf_period_paths.csv,510500/159915 当前 Step A 真实路径为 ATM、D40、OTM5_up；未新增 OTM 网格。,0.400255780372502,0.10001357070270123,0.11472926770710709,0.19719962298596166,0.5817925306848811,0.2786373730051763,0.3589381051939621,-0.015295036616678482
surface_0133,510500,ATM,510500_DTE30_ATM_Q30_DynamicHold,ATM,0.00088849788662055,0.0,0.0005464367406946932,0.00088849788662055,,0.5201856679866097,0.5145263815541552,0.3,Q30,2022-09-19,2026-05-27,890,44.0,29.613636363636363,0.020482685110499384,ver2_6_stepA_available_rules,outputs/multi_asset_rebalancing/ver2_6_early_close_strike_touch/intermediate/ver2_6_early_close_etf_daily_paths.csv,outputs/multi_asset_rebalancing/ver2_6_early_close_strike_touch/intermediate/ver2_6_early_close_etf_period_paths.csv,510500/159915 当前 Step A 真实路径为 ATM、D40、OTM5_up；未新增 OTM 网格。,0.3720926968095457,0.09370345580800343,0.10708174939876787,0.18722644392406468,0.571937100093607,0.2681141402074323,0.3494909135919043,-0.02294255492501772
surface_0134,510500,ATM,510500_DTE30_ATM_Q40_DynamicHold,ATM,0.00088849788662055,0.0,0.0005464367406946932,0.00088849788662055,,0.5201856679866097,0.5145263815541552,0.4,Q40,2022-09-19,2026-05-27,890,44.0,29.613636363636363,0.020482685110499384,ver2_6_stepA_available_rules,outputs/multi_asset_rebalancing/ver2_6_early_close_strike_touch/intermediate/ver2_6_early_close_etf_daily_paths.csv,outputs/multi_asset_rebalancing/ver2_6_early_close_strike_touch/intermediate/ver2_6_early_close_etf_period_paths.csv,510500/159915 当前 Step A 真实路径为 ATM、D40、OTM5_up；未新增 OTM 网格。,0.3435655291894466,0.08721638744227,0.09943423109042863,0.1778254588218059,0.5591675778554802,0.257478975067685,0.3387320748008373,-0.030590073233356965
surface_0135,510500,ATM,510500_DTE30_ATM_Q50_DynamicHold,ATM,0.00088849788662055,0.0,0.0005464367406946932,0.00088849788662055,,0.5201856679866097,0.5145263815541552,0.5,Q50,2022-09-19,2026-05-27,890,44.0,29.613636363636363,0.020482685110499384,ver2_6_stepA_available_rules,outputs/multi_asset_rebalancing/ver2_6_early_close_strike_touch/intermediate/ver2_6_early_close_etf_daily_paths.csv,outputs/multi_asset_rebalancing/ver2_6_early_close_strike_touch/intermediate/ver2_6_early_close_etf_period_paths.csv,510500/159915 当前 Step A 真实路径为 ATM、D40、OTM5_up；未新增 OTM 网格。,0.3147182231070944,0.08055532222019446,0.09178671278208939,0.16909213112386376,0.5428207224785261,0.24672056085683325,0.32650429271251136,-0.038237591541696196
surface_0136,510500,ATM,510500_DTE30_ATM_Q60_DynamicHold,ATM,0.00088849788662055,0.0,0.0005464367406946932,0.00088849788662055,,0.5201856679866097,0.5145263815541552,0.6,Q60,2022-09-19,2026-05-27,890,44.0,29.613636363636363,0.020482685110499384,ver2_6_stepA_available_rules,outputs/multi_asset_rebalancing/ver2_6_early_close_strike_touch/intermediate/ver2_6_early_close_etf_daily_paths.csv,outputs/multi_asset_rebalancing/ver2_6_early_close_strike_touch/intermediate/ver2_6_early_close_etf_period_paths.csv,510500/159915 当前 Step A 真实路径为 ATM、D40、OTM5_up；未新增 OTM 网格。,0.2855944950271825,0.07372328074744883,0.08413919447375015,0.16113505612660273,0.5221656695712604,0.23583798929891542,0.3126013793053818,-0.04588510985003544
surface_0137,510500,ATM,510500_DTE30_ATM_Q70_DynamicHold,ATM,0.00088849788662055,0.0,0.0005464367406946932,0.00088849788662055,,0.5201856679866097,0.5145263815541552,0.7,Q70,2022-09-19,2026-05-27,890,44.0,29.613636363636363,0.020482685110499384,ver2_6_stepA_available_rules,outputs/multi_asset_rebalancing/ver2_6_early_close_strike_touch/intermediate/ver2_6_early_close_etf_daily_paths.csv,outputs/multi_asset_rebalancing/ver2_6_early_close_strike_touch/intermediate/ver2_6_early_close_etf_period_paths.csv,510500/159915 当前 Step A 真实路径为 ATM、D40、OTM5_up；未新增 OTM 网格。,0.25623773011754536,0.06672334564448845,0.07649167616541089,0.1540745479302996,0.49645887132516053,0.22483035381551397,0.29677196389255667,-0.05353262815837467
surface_0138,510500,ATM,510500_DTE30_ATM_Q80_DynamicHold,ATM,0.00088849788662055,0.0,0.0005464367406946932,0.00088849788662055,,0.5201856679866097,0.5145263815541552,0.8,Q80,2022-09-19,2026-05-27,890,44.0,29.613636363636363,0.020482685110499384,ver2_6_stepA_available_rules,outputs/multi_asset_rebalancing/ver2_6_early_close_strike_touch/intermediate/ver2_6_early_close_etf_daily_paths.csv,outputs/multi_asset_rebalancing/ver2_6_early_close_strike_touch/intermediate/ver2_6_early_close_etf_period_paths.csv,510500/159915 当前 Step A 真实路径为 ATM、D40、OTM5_up；未新增 OTM 网格。,0.2266908829034353,0.05955865952835193,0.0688441578570717,0.14803894362301523,0.46504086135865047,0.2136967496923846,0.2787064361722222,-0.06118014646671393
surface_0139,510500,ATM,510500_DTE30_ATM_Q90_DynamicHold,ATM,0.00088849788662055,0.0,0.0005464367406946932,0.00088849788662055,,0.5201856679866097,0.5145263815541552,0.9,Q90,2022-09-19,2026-05-27,890,44.0,29.613636363636363,0.020482685110499384,ver2_6_stepA_available_rules,outputs/multi_asset_rebalancing/ver2_6_early_close_strike_touch/intermediate/ver2_6_early_close_etf_daily_paths.csv,outputs/multi_asset_rebalancing/ver2_6_early_close_strike_touch/intermediate/ver2_6_early_close_etf_period_paths.csv,510500/159915 当前 Step A 真实路径为 ATM、D40、OTM5_up；未新增 OTM 网格。,0.19699638103838635,0.05223242295408537,0.06119663954873243,0.14315793320734865,0.42747641138473114,0.2028552382282358,0.25748619266768846,-0.06882766477505317
surface_0140,510500,ATM,510500_DTE30_ATM_Q100_DynamicHold,ATM,0.00088849788662055,0.0,0.0005464367406946932,0.00088849788662055,,0.5201856679866097,0.5145263815541552,1.0,Q100,2022-09-19,2026-05-27,890,44.0,29.613636363636363,0.020482685110499384,ver2_6_stepA_available_rules,outputs/multi_asset_rebalancing/ver2_6_early_close_strike_touch/intermediate/ver2_6_early_close_etf_daily_paths.csv,outputs/multi_asset_rebalancing/ver2_6_early_close_strike_touch/intermediate/ver2_6_early_close_etf_period_paths.csv,510500/159915 当前 Step A 真实路径为 ATM、D40、OTM5_up；未新增 OTM 网格。,0.1671960324696362,0.0447478923173652,0.05354912124039318,0.1395527189038982,0.38371965563257376,0.19469644968188948,0.22983414638776342,-0.07647518308339239
surface_0141,510500,D40,510500_DTE30_D40_Q10_DynamicHold,Delta 40,0.01876473989463185,,0.017442346814385768,0.01876473989463185,0.4,0.38982471251847,0.3900953404945682,0.1,Q10,2022-09-19,2026-05-27,890,44.0,29.613636363636363,0.01382643360637184,ver2_6_stepA_available_rules,outputs/multi_asset_rebalancing/ver2_6_early_close_strike_touch/intermediate/ver2_6_early_close_etf_daily_paths.csv,outputs/multi_asset_rebalancing/ver2_6_early_close_strike_touch/intermediate/ver2_6_early_close_etf_period_paths.csv,510500/159915 当前 Step A 真实路径为 ATM、D40、OTM5_up；未新增 OTM 网格。,0.4367463856559999,0.10805561837359257,0.12457641939931882,0.20995003040139557,0.5933622355812278,0.2934174630016305,0.368265805546114,-0.005447884924466745
surface_0142,510500,D40,510500_DTE30_D40_Q20_DynamicHold,Delta 40,0.01876473989463185,,0.017442346814385768,0.01876473989463185,0.4,0.38982471251847,0.3900953404945682,0.2,Q20,2022-09-19,2026-05-27,890,44.0,29.613636363636363,0.01382643360637184,ver2_6_stepA_available_rules,outputs/multi_asset_rebalancing/ver2_6_early_close_strike_touch/intermediate/ver2_6_early_close_etf_daily_paths.csv,outputs/multi_asset_rebalancing/ver2_6_early_close_strike_touch/intermediate/ver2_6_early_close_etf_period_paths.csv,510500/159915 当前 Step A 真实路径为 ATM、D40、OTM5_up；未新增 OTM 网格。,0.41772191443788564,0.10388138646610323,0.11912853447485212,0.20169779370331875,0.5906288427233896,0.2874896618767333,0.3613395549181326,-0.01089576984893349
surface_0143,510500,D40,510500_DTE30_D40_Q30_DynamicHold,Delta 40,0.01876473989463185,,0.017442346814385768,0.01876473989463185,0.4,0.38982471251847,0.3900953404945682,0.3,Q30,2022-09-19,2026-05-27,890,44.0,29.613636363636363,0.01382643360637184,ver2_6_stepA_available_rules,outputs/multi_asset_rebalancing/ver2_6_early_close_strike_touch/intermediate/ver2_6_early_close_etf_daily_paths.csv,outputs/multi_asset_rebalancing/ver2_6_early_close_strike_touch/intermediate/ver2_6_early_close_etf_period_paths.csv,510500/159915 当前 Step A 真实路径为 ATM、D40、OTM5_up；未新增 OTM 网格。,0.3982631774930223,0.09957012179125702,0.11368064955038536,0.19383202256722482,0.5864905501409533,0.2815503890504121,0.35364938449233974,-0.016343654773400242
surface_0144,510500,D40,510500_DTE30_D40_Q40_DynamicHold,Delta 40,0.01876473989463185,,0.017442346814385768,0.01876473989463185,0.4,0.38982471251847,0.3900953404945682,0.4,Q40,2022-09-19,2026-05-27,890,44.0,29.613636363636363,0.01382643360637184,ver2_6_stepA_available_rules,outputs/multi_asset_rebalancing/ver2_6_early_close_strike_touch/intermediate/ver2_6_early_close_etf_daily_paths.csv,outputs/multi_asset_rebalancing/ver2_6_early_close_strike_touch/intermediate/ver2_6_early_close_etf_period_paths.csv,510500/159915 当前 Step A 真实路径为 ATM、D40、OTM5_up；未新增 OTM 网格。,0.37839364675475595,0.0951232295648623,0.10823276462591862,0.18640164760186742,0.580642746554963,0.2755850045042626,0.34516838002842415,-0.02179153969786698
surface_0145,510500,D40,510500_DTE30_D40_Q50_DynamicHold,Delta 40,0.01876473989463185,,0.017442346814385768,0.01876473989463185,0.4,0.38982471251847,0.3900953404945682,0.5,Q50,2022-09-19,2026-05-27,890,44.0,29.613636363636363,0.01382643360637184,ver2_6_stepA_available_rules,outputs/multi_asset_rebalancing/ver2_6_early_close_strike_touch/intermediate/ver2_6_early_close_etf_daily_paths.csv,outputs/multi_asset_rebalancing/ver2_6_early_close_strike_touch/intermediate/ver2_6_early_close_etf_period_paths.csv,510500/159915 当前 Step A 真实路径为 ATM、D40、OTM5_up；未新增 OTM 网格。,0.35813702995116503,0.09054214725602616,0.10278487970145188,0.17946075825470975,0.5727429255345543,0.2695936695584745,0.33584671110531283,-0.027239424622333728
surface_0146,510500,D40,510500_DTE30_D40_Q60_DynamicHold,Delta 40,0.01876473989463185,,0.017442346814385768,0.01876473989463185,0.4,0.38982471251847,0.3900953404945682,0.6,Q60,2022-09-19,2026-05-27,890,44.0,29.613636363636363,0.01382643360637184,ver2_6_stepA_available_rules,outputs/multi_asset_rebalancing/ver2_6_early_close_strike_touch/intermediate/ver2_6_early_close_etf_daily_paths.csv,outputs/multi_asset_rebalancing/ver2_6_early_close_strike_touch/intermediate/ver2_6_early_close_etf_period_paths.csv,510500/159915 当前 Step A 真实路径为 ATM、D40、OTM5_up；未新增 OTM 网格。,0.33751722809915585,0.08582834399233441,0.0973369947769851,0.17306825690026176,0.5624196864308851,0.2635765493278477,0.3256296670216191,-0.032687309546800485
surface_0147,510500,D40,510500_DTE30_D40_Q70_DynamicHold,Delta 40,0.01876473989463185,,0.017442346814385768,0.01876473989463185,0.4,0.38982471251847,0.3900953404945682,0.7,Q70,2022-09-19,2026-05-27,890,44.0,29.613636363636363,0.01382643360637184,ver2_6_stepA_available_rules,outputs/multi_asset_rebalancing/ver2_6_early_close_strike_touch/intermediate/ver2_6_early_close_etf_daily_paths.csv,outputs/multi_asset_rebalancing/ver2_6_early_close_strike_touch/intermediate/ver2_6_early_close_etf_period_paths.csv,510500/159915 当前 Step A 真实路径为 ATM、D40、OTM5_up；未新增 OTM 网格。,0.3165582931171209,0.08098331994519703,0.09188910985251839,0.16728702163679532,0.5492901299421968,0.2575338127344826,0.3144570380305395,-0.03813519447126722
surface_0148,510500,D40,510500_DTE30_D40_Q80_DynamicHold,Delta 40,0.01876473989463185,,0.017442346814385768,0.01876473989463185,0.4,0.38982471251847,0.3900953404945682,0.8,Q80,2022-09-19,2026-05-27,890,44.0,29.613636363636363,0.01382643360637184,ver2_6_stepA_available_rules,outputs/multi_asset_rebalancing/ver2_6_early_close_strike_touch/intermediate/ver2_6_early_close_etf_daily_paths.csv,outputs/multi_asset_rebalancing/ver2_6_early_close_strike_touch/intermediate/ver2_6_early_close_etf_period_paths.csv,510500/159915 当前 Step A 真实路径为 ATM、D40、OTM5_up；未新增 OTM 网格。,0.29528438565371995,0.07600860569553292,0.08644122492805167,0.16218243412342548,0.5329875913828462,0.2514656325200625,0.30226240036784663,-0.04358307939573396
surface_0149,510500,D40,510500_DTE30_D40_Q90_DynamicHold,Delta 40,0.01876473989463185,,0.017442346814385768,0.01876473989463185,0.4,0.38982471251847,0.3900953404945682,0.9,Q90,2022-09-19,2026-05-27,890,44.0,29.613636363636363,0.01382643360637184,ver2_6_stepA_available_rules,outputs/multi_asset_rebalancing/ver2_6_early_close_strike_touch/intermediate/ver2_6_early_close_etf_daily_paths.csv,outputs/multi_asset_rebalancing/ver2_6_early_close_strike_touch/intermediate/ver2_6_early_close_etf_period_paths.csv,510500/159915 当前 Step A 真实路径为 ATM、D40、OTM5_up；未新增 OTM 网格。,0.2737197332294501,0.07090576158012563,0.0809933400035849,0.15782016517785005,0.5132001979107816,0.2453721852576638,0.2889722871631433,-0.049030964320200696
surface_0150,510500,D40,510500_DTE30_D40_Q100_DynamicHold,Delta 40,0.01876473989463185,,0.017442346814385768,0.01876473989463185,0.4,0.38982471251847,0.3900953404945682,1.0,Q100,2022-09-19,2026-05-27,890,44.0,29.613636363636363,0.01382643360637184,ver2_6_stepA_available_rules,outputs/multi_asset_rebalancing/ver2_6_early_close_strike_touch/intermediate/ver2_6_early_close_etf_daily_paths.csv,outputs/multi_asset_rebalancing/ver2_6_early_close_strike_touch/intermediate/ver2_6_early_close_etf_period_paths.csv,510500/159915 当前 Step A 真实路径为 ATM、D40、OTM5_up；未新增 OTM 网格。,0.2518885887854605,0.06567637701891371,0.07554545507911813,0.1542632017164285,0.4897179251989608,0.2392536513631095,0.2745052234092689,-0.054478849244667456
surface_0151,510500,OTM5_up,510500_DTE30_OTM5_up_Q10_DynamicHold,OTM +5%,0.06666501280973035,0.05,0.0678905706313673,0.06666501280973035,,0.12932254966332846,0.1271497883953432,0.1,Q10,2022-09-19,2026-05-27,890,44.0,29.613636363636363,0.003980918820449982,ver2_6_stepA_available_rules,outputs/multi_asset_rebalancing/ver2_6_early_close_strike_touch/intermediate/ver2_6_early_close_etf_daily_paths.csv,outputs/multi_asset_rebalancing/ver2_6_early_close_strike_touch/intermediate/ver2_6_early_close_etf_period_paths.csv,510500/159915 当前 Step A 真实路径为 ATM、D40、OTM5_up；未新增 OTM 网格。,0.44596818925210213,0.11006476315586311,0.12726609122493063,0.21413378967346133,0.5943297945597577,0.29851419200601625,0.36870864469199127,-0.002758213098854995
surface_0152,510500,OTM5_up,510500_DTE30_OTM5_up_Q20_DynamicHold,OTM +5%,0.06666501280973035,0.05,0.0678905706313673,0.06666501280973035,,0.12932254966332846,0.1271497883953432,0.2,Q20,2022-09-19,2026-05-27,890,44.0,29.613636363636363,0.003980918820449982,ver2_6_stepA_available_rules,outputs/multi_asset_rebalancing/ver2_6_early_close_strike_touch/intermediate/ver2_6_early_close_etf_daily_paths.csv,outputs/multi_asset_rebalancing/ver2_6_early_close_strike_touch/intermediate/ver2_6_early_close_etf_period_paths.csv,510500/159915 当前 Step A 真实路径为 ATM、D40、OTM5_up；未新增 OTM 网格。,0.43633074963412755,0.10796484673041107,0.12450787812607562,0.2099705820982185,0.5929777251740639,0.2974129384442322,0.36301328145028067,-0.00551642619770999
surface_0153,510500,OTM5_up,510500_DTE30_OTM5_up_Q30_DynamicHold,OTM +5%,0.06666501280973035,0.05,0.0678905706313673,0.06666501280973035,,0.12932254966332846,0.1271497883953432,0.3,Q30,2022-09-19,2026-05-27,890,44.0,29.613636363636363,0.003980918820449982,ver2_6_stepA_available_rules,outputs/multi_asset_rebalancing/ver2_6_early_close_strike_touch/intermediate/ver2_6_early_close_etf_daily_paths.csv,outputs/multi_asset_rebalancing/ver2_6_early_close_strike_touch/intermediate/ver2_6_early_close_etf_period_paths.csv,510500/159915 当前 Step A 真实路径为 ATM、D40、OTM5_up；未新增 OTM 网格。,0.4264076494121314,0.10579210659585647,0.12174966502722061,0.20607036471803014,0.5908159826562781,0.29631013704775144,0.3570316819056639,-0.008274639296564985
surface_0154,510500,OTM5_up,510500_DTE30_OTM5_up_Q40_DynamicHold,OTM +5%,0.06666501280973035,0.05,0.0678905706313673,0.06666501280973035,,0.12932254966332846,0.1271497883953432,0.4,Q40,2022-09-19,2026-05-27,890,44.0,29.613636363636363,0.003980918820449982,ver2_6_stepA_available_rules,outputs/multi_asset_rebalancing/ver2_6_early_close_strike_touch/intermediate/ver2_6_early_close_etf_daily_paths.csv,outputs/multi_asset_rebalancing/ver2_6_early_close_strike_touch/intermediate/ver2_6_early_close_etf_period_paths.csv,510500/159915 当前 Step A 真实路径为 ATM、D40、OTM5_up；未新增 OTM 网格。,0.4162055525834154,0.10354695178622575,0.11899145192836563,0.20244833781730562,0.587762059255564,0.2952293461943537,0.3507339399724149,-0.01103285239541998
surface_0155,510500,OTM5_up,510500_DTE30_OTM5_up_Q50_DynamicHold,OTM +5%,0.06666501280973035,0.05,0.0678905706313673,0.06666501280973035,,0.12932254966332846,0.1271497883953432,0.5,Q50,2022-09-19,2026-05-27,890,44.0,29.613636363636363,0.003980918820449982,ver2_6_stepA_available_rules,outputs/multi_asset_rebalancing/ver2_6_early_close_strike_touch/intermediate/ver2_6_early_close_etf_daily_paths.csv,outputs/multi_asset_rebalancing/ver2_6_early_close_strike_touch/intermediate/ver2_6_early_close_etf_period_paths.csv,510500/159915 当前 Step A 真实路径为 ATM、D40、OTM5_up；未新增 OTM 网格。,0.40573121167350346,0.10122978969531649,0.11623323882951062,0.19911968299635405,0.5837355558246791,0.29421113592461323,0.3440719175267892,-0.013791065494274968
surface_0156,510500,OTM5_up,510500_DTE30_OTM5_up_Q60_DynamicHold,OTM +5%,0.06666501280973035,0.05,0.0678905706313673,0.06666501280973035,,0.12932254966332846,0.1271497883953432,0.6,Q60,2022-09-19,2026-05-27,890,44.0,29.613636363636363,0.003980918820449982,ver2_6_stepA_available_rules,outputs/multi_asset_rebalancing/ver2_6_early_close_strike_touch/intermediate/ver2_6_early_close_etf_daily_paths.csv,outputs/multi_asset_rebalancing/ver2_6_early_close_strike_touch/intermediate/ver2_6_early_close_etf_period_paths.csv,510500/159915 当前 Step A 真实路径为 ATM、D40、OTM5_up；未新增 OTM 网格。,0.39499146296696663,0.09884102614017798,0.11347502573065561,0.19609934020734957,0.5786609256852702,0.2931916287494476,0.3371209013086947,-0.01654927859312997
surface_0157,510500,OTM5_up,510500_DTE30_OTM5_up_Q70_DynamicHold,OTM +5%,0.06666501280973035,0.05,0.0678905706313673,0.06666501280973035,,0.12932254966332846,0.1271497883953432,0.7,Q70,2022-09-19,2026-05-27,890,44.0,29.613636363636363,0.003980918820449982,ver2_6_stepA_available_rules,outputs/multi_asset_rebalancing/ver2_6_early_close_strike_touch/intermediate/ver2_6_early_close_etf_daily_paths.csv,outputs/multi_asset_rebalancing/ver2_6_early_close_strike_touch/intermediate/ver2_6_early_close_etf_period_paths.csv,510500/159915 当前 Step A 真实路径为 ATM、D40、OTM5_up；未新增 OTM 网格。,0.38399322170932404,0.0963810654160957,0.11071681263180067,0.19340175465739143,0.5724705695040564,0.29217082327872335,0.3298791588239825,-0.019307491691984955
surface_0158,510500,OTM5_up,510500_DTE30_OTM5_up_Q80_DynamicHold,OTM +5%,0.06666501280973035,0.05,0.0678905706313673,0.06666501280973035,,0.12932254966332846,0.1271497883953432,0.8,Q80,2022-09-19,2026-05-27,890,44.0,29.613636363636363,0.003980918820449982,ver2_6_stepA_available_rules,outputs/multi_asset_rebalancing/ver2_6_early_close_strike_touch/intermediate/ver2_6_early_close_etf_daily_paths.csv,outputs/multi_asset_rebalancing/ver2_6_early_close_strike_touch/intermediate/ver2_6_early_close_etf_period_paths.csv,510500/159915 当前 Step A 真实路径为 ATM、D40、OTM5_up；未新增 OTM 网格。,0.37274347728389734,0.09385031034322533,0.10795859953294566,0.191040599300171,0.5651081494113017,0.29114871812119336,0.32234492031718054,-0.02206570479083996
surface_0159,510500,OTM5_up,510500_DTE30_OTM5_up_Q90_DynamicHold,OTM +5%,0.06666501280973035,0.05,0.0678905706313673,0.06666501280973035,,0.12932254966332846,0.1271497883953432,0.9,Q90,2022-09-19,2026-05-27,890,44.0,29.613636363636363,0.003980918820449982,ver2_6_stepA_available_rules,outputs/multi_asset_rebalancing/ver2_6_early_close_strike_touch/intermediate/ver2_6_early_close_etf_daily_paths.csv,outputs/multi_asset_rebalancing/ver2_6_early_close_strike_touch/intermediate/ver2_6_early_close_etf_period_paths.csv,510500/159915 当前 Step A 真实路径为 ATM、D40、OTM5_up；未新增 OTM 网格。,0.36124928836761505,0.09124916230502156,0.10520038643409066,0.18902848160790447,0.5565319339140878,0.2901253118844953,0.31451637815507005,-0.02482391788969495
surface_0160,510500,OTM5_up,510500_DTE30_OTM5_up_Q100_DynamicHold,OTM +5%,0.06666501280973035,0.05,0.0678905706313673,0.06666501280973035,,0.12932254966332846,0.1271497883953432,1.0,Q100,2022-09-19,2026-05-27,890,44.0,29.613636363636363,0.003980918820449982,ver2_6_stepA_available_rules,outputs/multi_asset_rebalancing/ver2_6_early_close_strike_touch/intermediate/ver2_6_early_close_etf_daily_paths.csv,outputs/multi_asset_rebalancing/ver2_6_early_close_strike_touch/intermediate/ver2_6_early_close_etf_period_paths.csv,510500/159915 当前 Step A 真实路径为 ATM、D40、OTM5_up；未新增 OTM 网格。,0.3495177780694594,0.08857802127852898,0.10244217333523566,0.18737664619322747,0.5467179363942438,0.28910060317515207,0.30639168616629914,-0.027582130988549936
surface_0161,588000,ATM,588000_DTE30_ATM_Q10_DynamicHold,ATM,0.0053619302949061,0.0,0.0006032826838843,0.0053619302949061,,0.5322309121912694,0.4975911905824409,0.1,Q10,2023-06-30,2026-05-27,703,,30.34285714285714,-0.7104598982096955,ver3_stepA_588000_q100_scaled,outputs/ver3_0_stepA_extension_588000_sleeve_clarification/daily/ver3_0_stepA_extension_588000_sleeve_daily_nav.csv,outputs/ver3_0_stepA_extension_588000_sleeve_clarification/summary/ver3_0_stepA_extension_588000_sleeve_summary.csv,588000 为短样本 extension；以已完成 Q100 日频期权腿缩放覆盖率，未新增 TP80 或新选券网格。,0.7507961146538065,0.22233748528414532,0.25176209329613825,0.32386196975121107,0.7773746744316428,0.34210177225064997,0.6499162042377373,-0.020488203496781758
surface_0162,588000,ATM,588000_DTE30_ATM_Q20_DynamicHold,ATM,0.0053619302949061,0.0,0.0006032826838843,0.0053619302949061,,0.5322309121912694,0.4975911905824409,0.2,Q20,2023-06-30,2026-05-27,703,,30.34285714285714,-0.7104598982096955,ver3_stepA_588000_q100_scaled,outputs/ver3_0_stepA_extension_588000_sleeve_clarification/daily/ver3_0_stepA_extension_588000_sleeve_daily_nav.csv,outputs/ver3_0_stepA_extension_588000_sleeve_clarification/summary/ver3_0_stepA_extension_588000_sleeve_summary.csv,588000 为短样本 extension；以已完成 Q100 日频期权腿缩放覆盖率，未新增 TP80 或新选券网格。,0.6843711388532401,0.20550699459095312,0.23127388979935645,0.3012548923206963,0.7677016894821325,0.318790814866874,0.6446452815046512,-0.040976406993563516
surface_0163,588000,ATM,588000_DTE30_ATM_Q30_DynamicHold,ATM,0.0053619302949061,0.0,0.0006032826838843,0.0053619302949061,,0.5322309121912694,0.4975911905824409,0.3,Q30,2023-06-30,2026-05-27,703,,30.34285714285714,-0.7104598982096955,ver3_stepA_588000_q100_scaled,outputs/ver3_0_stepA_extension_588000_sleeve_clarification/daily/ver3_0_stepA_extension_588000_sleeve_daily_nav.csv,outputs/ver3_0_stepA_extension_588000_sleeve_clarification/summary/ver3_0_stepA_extension_588000_sleeve_summary.csv,588000 为短样本 extension；以已完成 Q100 日频期权腿缩放覆盖率，未新增 TP80 或新选券网格。,0.6174942182136915,0.18812612606106405,0.21078568630257458,0.2794985042773348,0.7541567596133562,0.29480400030042875,0.6381396652329974,-0.06146461049034527
surface_0164,588000,ATM,588000_DTE30_ATM_Q40_DynamicHold,ATM,0.0053619302949061,0.0,0.0006032826838843,0.0053619302949061,,0.5322309121912694,0.4975911905824409,0.4,Q40,2023-06-30,2026-05-27,703,,30.34285714285714,-0.7104598982096955,ver3_stepA_588000_q100_scaled,outputs/ver3_0_stepA_extension_588000_sleeve_clarification/daily/ver3_0_stepA_extension_588000_sleeve_daily_nav.csv,outputs/ver3_0_stepA_extension_588000_sleeve_clarification/summary/ver3_0_stepA_extension_588000_sleeve_summary.csv,588000 为短样本 extension；以已完成 Q100 日频期权腿缩放覆盖率，未新增 TP80 或新选券网格。,0.550389915287403,0.17021636496689263,0.19029748280579292,0.25880743167357734,0.7352860061831877,0.2795774601209656,0.6088343634470554,-0.08195281398712703
surface_0165,588000,ATM,588000_DTE30_ATM_Q50_DynamicHold,ATM,0.0053619302949061,0.0,0.0006032826838843,0.0053619302949061,,0.5322309121912694,0.4975911905824409,0.5,Q50,2023-06-30,2026-05-27,703,,30.34285714285714,-0.7104598982096955,ver3_stepA_588000_q100_scaled,outputs/ver3_0_stepA_extension_588000_sleeve_clarification/daily/ver3_0_stepA_extension_588000_sleeve_daily_nav.csv,outputs/ver3_0_stepA_extension_588000_sleeve_clarification/summary/ver3_0_stepA_extension_588000_sleeve_summary.csv,588000 为短样本 extension；以已完成 Q100 日频期权腿缩放覆盖率，未新增 TP80 或新选券网格。,0.4832770015441574,0.15179972501717942,0.16980927930901119,0.23945798908320529,0.7091401709299704,0.2655393508747038,0.5716656477359807,-0.10244101748390883
surface_0166,588000,ATM,588000_DTE30_ATM_Q60_DynamicHold,ATM,0.0053619302949061,0.0,0.0006032826838843,0.0053619302949061,,0.5322309121912694,0.4975911905824409,0.6,Q60,2023-06-30,2026-05-27,703,,30.34285714285714,-0.7104598982096955,ver3_stepA_588000_q100_scaled,outputs/ver3_0_stepA_extension_588000_sleeve_clarification/daily/ver3_0_stepA_extension_588000_sleeve_daily_nav.csv,outputs/ver3_0_stepA_extension_588000_sleeve_clarification/summary/ver3_0_stepA_extension_588000_sleeve_summary.csv,588000 为短样本 extension；以已完成 Q100 日频期权腿缩放覆盖率，未新增 TP80 或新选券网格。,0.4163673907541072,0.13289871311875157,0.1493210758122294,0.2218015767125305,0.6732191809698421,0.25128946540652497,0.5288670295181452,-0.12292922098069053
surface_0167,588000,ATM,588000_DTE30_ATM_Q70_DynamicHold,ATM,0.0053619302949061,0.0,0.0006032826838843,0.0053619302949061,,0.5322309121912694,0.4975911905824409,0.7,Q70,2023-06-30,2026-05-27,703,,30.34285714285714,-0.7104598982096955,ver3_stepA_588000_q100_scaled,outputs/ver3_0_stepA_extension_588000_sleeve_clarification/daily/ver3_0_stepA_extension_588000_sleeve_daily_nav.csv,outputs/ver3_0_stepA_extension_588000_sleeve_clarification/summary/ver3_0_stepA_extension_588000_sleeve_summary.csv,588000 为短样本 extension；以已完成 Q100 日频期权腿缩放覆盖率，未新增 TP80 或新选券网格。,0.349865144541327,0.11353629308432889,0.12883287231544763,0.20627340928643637,0.624573340602264,0.2368260703423677,0.479407917043065,-0.14341742447747233
surface_0168,588000,ATM,588000_DTE30_ATM_Q80_DynamicHold,ATM,0.0053619302949061,0.0,0.0006032826838843,0.0053619302949061,,0.5322309121912694,0.4975911905824409,0.8,Q80,2023-06-30,2026-05-27,703,,30.34285714285714,-0.7104598982096955,ver3_stepA_588000_q100_scaled,outputs/ver3_0_stepA_extension_588000_sleeve_clarification/daily/ver3_0_stepA_extension_588000_sleeve_daily_nav.csv,outputs/ver3_0_stepA_extension_588000_sleeve_clarification/summary/ver3_0_stepA_extension_588000_sleeve_summary.csv,588000 为短样本 extension；以已完成 Q100 日频期权腿缩放覆盖率，未新增 TP80 或新选券网格。,0.28396555617213326,0.09373584835802062,0.10834466881866585,0.19338683609601723,0.5602484171408252,0.22214745408876735,0.42195328657948494,-0.16390562797425406
surface_0169,588000,ATM,588000_DTE30_ATM_Q90_DynamicHold,ATM,0.0053619302949061,0.0,0.0006032826838843,0.0053619302949061,,0.5322309121912694,0.4975911905824409,0.9,Q90,2023-06-30,2026-05-27,703,,30.34285714285714,-0.7104598982096955,ver3_stepA_588000_q100_scaled,outputs/ver3_0_stepA_extension_588000_sleeve_clarification/daily/ver3_0_stepA_extension_588000_sleeve_daily_nav.csv,outputs/ver3_0_stepA_extension_588000_sleeve_clarification/summary/ver3_0_stepA_extension_588000_sleeve_summary.csv,588000 为短样本 extension；以已完成 Q100 日频期权腿缩放覆盖率，未新增 TP80 或新选券网格。,0.21885431784634024,0.07352114383095842,0.08785646532188413,0.18369862934137265,0.4782641309675633,0.2072519279736842,0.35474287042721153,-0.18439383147103586
surface_0170,588000,ATM,588000_DTE30_ATM_Q100_DynamicHold,ATM,0.0053619302949061,0.0,0.0006032826838843,0.0053619302949061,,0.5322309121912694,0.4975911905824409,1.0,Q100,2023-06-30,2026-05-27,703,,30.34285714285714,-0.7104598982096955,ver3_stepA_588000_q100_scaled,outputs/ver3_0_stepA_extension_588000_sleeve_clarification/daily/ver3_0_stepA_extension_588000_sleeve_daily_nav.csv,outputs/ver3_0_stepA_extension_588000_sleeve_clarification/summary/ver3_0_stepA_extension_588000_sleeve_summary.csv,588000 为短样本 extension；以已完成 Q100 日频期权腿缩放覆盖率，未新增 TP80 或新选券网格。,0.15470677592736126,0.0529162868201003,0.06736826182510233,0.1777325899171652,0.37904281852022903,0.19213782740573182,0.275407958623153,-0.20488203496781765
surface_0171,588000,D40,588000_DTE30_D40_Q10_DynamicHold,Delta 40,0.0261194029850746,,0.0261916974255231,0.0261194029850746,0.4,0.4030350485456822,0.405084226446597,0.1,Q10,2023-06-30,2026-05-27,703,,30.34285714285714,-0.7335802849382607,ver3_stepA_588000_q100_scaled,outputs/ver3_0_stepA_extension_588000_sleeve_clarification/daily/ver3_0_stepA_extension_588000_sleeve_daily_nav.csv,outputs/ver3_0_stepA_extension_588000_sleeve_clarification/summary/ver3_0_stepA_extension_588000_sleeve_summary.csv,588000 为短样本 extension；以已完成 Q100 日频期权腿缩放覆盖率，未新增 TP80 或新选券网格。,0.7372053577720028,0.21892768399866713,0.24976362267648916,0.3263192095332798,0.7653966281473752,0.3481486513902866,0.62883392804886,-0.022486674116430818
surface_0172,588000,D40,588000_DTE30_D40_Q20_DynamicHold,Delta 40,0.0261194029850746,,0.0261916974255231,0.0261194029850746,0.4,0.4030350485456822,0.405084226446597,0.2,Q20,2023-06-30,2026-05-27,703,,30.34285714285714,-0.7335802849382607,ver3_stepA_588000_q100_scaled,outputs/ver3_0_stepA_extension_588000_sleeve_clarification/daily/ver3_0_stepA_extension_588000_sleeve_daily_nav.csv,outputs/ver3_0_stepA_extension_588000_sleeve_clarification/summary/ver3_0_stepA_extension_588000_sleeve_summary.csv,588000 为短样本 extension；以已完成 Q100 日频期权腿缩放覆盖率，未新增 TP80 或新选券网格。,0.6586877511137763,0.19888534371376942,0.2272769485600583,0.30625154291838924,0.742125072723711,0.33118255704102517,0.6005308537101867,-0.044973348232861636
surface_0173,588000,D40,588000_DTE30_D40_Q30_DynamicHold,Delta 40,0.0261194029850746,,0.0261916974255231,0.0261194029850746,0.4,0.4030350485456822,0.405084226446597,0.3,Q30,2023-06-30,2026-05-27,703,,30.34285714285714,-0.7335802849382607,ver3_stepA_588000_q100_scaled,outputs/ver3_0_stepA_extension_588000_sleeve_clarification/daily/ver3_0_stepA_extension_588000_sleeve_daily_nav.csv,outputs/ver3_0_stepA_extension_588000_sleeve_clarification/summary/ver3_0_stepA_extension_588000_sleeve_summary.csv,588000 为短样本 extension；以已完成 Q100 日频期权腿缩放覆盖率，未新增 TP80 或新选券网格。,0.5811627223938098,0.178489945759577,0.2047902744436275,0.28711139457293505,0.7132781154445075,0.31384602055472177,0.5687182059664055,-0.06746002234929244
surface_0174,588000,D40,588000_DTE30_D40_Q40_DynamicHold,Delta 40,0.0261194029850746,,0.0261916974255231,0.0261194029850746,0.4,0.4030350485456822,0.405084226446597,0.4,Q40,2023-06-30,2026-05-27,703,,30.34285714285714,-0.7335802849382607,ver3_stepA_588000_q100_scaled,outputs/ver3_0_stepA_extension_588000_sleeve_clarification/daily/ver3_0_stepA_extension_588000_sleeve_daily_nav.csv,outputs/ver3_0_stepA_extension_588000_sleeve_clarification/summary/ver3_0_stepA_extension_588000_sleeve_summary.csv,588000 为短样本 extension；以已完成 Q100 日频期权腿缩放覆盖率，未新增 TP80 或新选券网格。,0.504795641144008,0.1577619035294433,0.18230360032719667,0.26909675317920384,0.6774648826988721,0.29854688697785403,0.528432586004978,-0.08994669646572327
surface_0175,588000,D40,588000_DTE30_D40_Q50_DynamicHold,Delta 40,0.0261194029850746,,0.0261916974255231,0.0261194029850746,0.4,0.4030350485456822,0.405084226446597,0.5,Q50,2023-06-30,2026-05-27,703,,30.34285714285714,-0.7335802849382607,ver3_stepA_588000_q100_scaled,outputs/ver3_0_stepA_extension_588000_sleeve_clarification/daily/ver3_0_stepA_extension_588000_sleeve_daily_nav.csv,outputs/ver3_0_stepA_extension_588000_sleeve_clarification/summary/ver3_0_stepA_extension_588000_sleeve_summary.csv,588000 为短样本 extension；以已完成 Q100 日频期权腿缩放覆盖率，未新增 TP80 或新选券网格。,0.42974124334287356,0.1367217307016444,0.15981692621076585,0.2524486810696686,0.6330669882432896,0.28955154501362446,0.4721844281480561,-0.11243337058215405
surface_0176,588000,D40,588000_DTE30_D40_Q60_DynamicHold,Delta 40,0.0261194029850746,,0.0261916974255231,0.0261194029850746,0.4,0.4030350485456822,0.405084226446597,0.6,Q60,2023-06-30,2026-05-27,703,,30.34285714285714,-0.7335802849382607,ver3_stepA_588000_q100_scaled,outputs/ver3_0_stepA_extension_588000_sleeve_clarification/daily/ver3_0_stepA_extension_588000_sleeve_daily_nav.csv,outputs/ver3_0_stepA_extension_588000_sleeve_clarification/summary/ver3_0_stepA_extension_588000_sleeve_summary.csv,588000 为短样本 extension；以已完成 Q100 日频期权腿缩放覆盖率，未新增 TP80 或新选券网格。,0.3561433145132389,0.11539001901643542,0.13733025209433508,0.23745478495977584,0.5783427447781203,0.2804671535077753,0.4114207941046348,-0.13492004469858487
surface_0177,588000,D40,588000_DTE30_D40_Q70_DynamicHold,Delta 40,0.0261194029850746,,0.0261916974255231,0.0261194029850746,0.4,0.4030350485456822,0.405084226446597,0.7,Q70,2023-06-30,2026-05-27,703,,30.34285714285714,-0.7335802849382607,ver3_stepA_588000_q100_scaled,outputs/ver3_0_stepA_extension_588000_sleeve_clarification/daily/ver3_0_stepA_extension_588000_sleeve_daily_nav.csv,outputs/ver3_0_stepA_extension_588000_sleeve_clarification/summary/ver3_0_stepA_extension_588000_sleeve_summary.csv,588000 为短样本 extension；以已完成 Q100 日频期权腿缩放覆盖率，未新增 TP80 或新选券网格。,0.28413444053540005,0.09378741577846195,0.11484357797790425,0.22444682566484137,0.5116738792706125,0.2712932313304126,0.3457049603432113,-0.15740671881501564
surface_0178,588000,D40,588000_DTE30_D40_Q80_DynamicHold,Delta 40,0.0261194029850746,,0.0261916974255231,0.0261194029850746,0.4,0.4030350485456822,0.405084226446597,0.8,Q80,2023-06-30,2026-05-27,703,,30.34285714285714,-0.7335802849382607,ver3_stepA_588000_q100_scaled,outputs/ver3_0_stepA_extension_588000_sleeve_clarification/daily/ver3_0_stepA_extension_588000_sleeve_daily_nav.csv,outputs/ver3_0_stepA_extension_588000_sleeve_clarification/summary/ver3_0_stepA_extension_588000_sleeve_summary.csv,588000 为短样本 extension；以已完成 Q100 日频期权腿缩放覆盖率，未新增 TP80 或新选券网格。,0.2138358256793762,0.07193460111903693,0.09235690386147342,0.21378761546452155,0.432003059020976,0.2620293009852914,0.2745288440969999,-0.17989339293144654
surface_0179,588000,D40,588000_DTE30_D40_Q90_DynamicHold,Delta 40,0.0261194029850746,,0.0261916974255231,0.0261194029850746,0.4,0.4030350485456822,0.405084226446597,0.9,Q90,2023-06-30,2026-05-27,703,,30.34285714285714,-0.7335802849382607,ver3_stepA_588000_q100_scaled,outputs/ver3_0_stepA_extension_588000_sleeve_clarification/daily/ver3_0_stepA_extension_588000_sleeve_daily_nav.csv,outputs/ver3_0_stepA_extension_588000_sleeve_clarification/summary/ver3_0_stepA_extension_588000_sleeve_summary.csv,588000 为短样本 extension；以已完成 Q100 日频期权腿缩放覆盖率，未新增 TP80 或新选券网格。,0.14535717693081174,0.049852265051338884,0.06987022974504258,0.20584235673262383,0.33943562857570453,0.25267488873373556,0.19729805878680862,-0.20238006704787734
surface_0180,588000,D40,588000_DTE30_D40_Q100_DynamicHold,Delta 40,0.0261194029850746,,0.0261916974255231,0.0261194029850746,0.4,0.4030350485456822,0.405084226446597,1.0,Q100,2023-06-30,2026-05-27,703,,30.34285714285714,-0.7335802849382607,ver3_stepA_588000_q100_scaled,outputs/ver3_0_stepA_extension_588000_sleeve_clarification/daily/ver3_0_stepA_extension_588000_sleeve_daily_nav.csv,outputs/ver3_0_stepA_extension_588000_sleeve_clarification/summary/ver3_0_stepA_extension_588000_sleeve_summary.csv,588000 为短样本 extension；以已完成 Q100 日频期权腿缩放覆盖率，未新增 TP80 或新选券网格。,0.07879665327278307,0.027561084350078202,0.047383555628611795,0.20093325122718636,0.23581739378236258,0.2432295247197701,0.11331307077885348,-0.2248667411643081
surface_0181,588000,OTM5_up,588000_DTE30_OTM5_up_Q10_DynamicHold,OTM +5%,0.0501355013550135,0.05,0.0534362639948709,0.0501355013550135,,0.2843714510576153,0.2870695712298968,0.1,Q10,2023-06-30,2026-05-27,703,,30.34285714285714,-2.0921203155601704,ver3_stepA_588000_q100_scaled,outputs/ver3_0_stepA_extension_588000_sleeve_clarification/daily/ver3_0_stepA_extension_588000_sleeve_daily_nav.csv,outputs/ver3_0_stepA_extension_588000_sleeve_clarification/summary/ver3_0_stepA_extension_588000_sleeve_summary.csv,588000 为短样本 extension；以已完成 Q100 日频期权腿缩放覆盖率，未新增 TP80 或新选券网格。,0.7498207553285481,0.2220933429811469,0.25318027737326954,0.32891848238340404,0.7697356364369631,0.35388819357131485,0.6275805381916226,-0.019070019419650457
surface_0182,588000,OTM5_up,588000_DTE30_OTM5_up_Q20_DynamicHold,OTM +5%,0.0501355013550135,0.05,0.0534362639948709,0.0501355013550135,,0.2843714510576153,0.2870695712298968,0.2,Q20,2023-06-30,2026-05-27,703,,30.34285714285714,-2.0921203155601704,ver3_stepA_588000_q100_scaled,outputs/ver3_0_stepA_extension_588000_sleeve_clarification/daily/ver3_0_stepA_extension_588000_sleeve_daily_nav.csv,outputs/ver3_0_stepA_extension_588000_sleeve_clarification/summary/ver3_0_stepA_extension_588000_sleeve_summary.csv,588000 为短样本 extension；以已完成 Q100 日频期权腿缩放覆盖率，未新增 TP80 或新选券网格。,0.6833160349075502,0.20523625006108404,0.234110257953619,0.3114242960875217,0.7517405061030479,0.3428687703256199,0.5985854292479676,-0.038140038839300915
surface_0183,588000,OTM5_up,588000_DTE30_OTM5_up_Q30_DynamicHold,OTM +5%,0.0501355013550135,0.05,0.0534362639948709,0.0501355013550135,,0.2843714510576153,0.2870695712298968,0.3,Q30,2023-06-30,2026-05-27,703,,30.34285714285714,-2.0921203155601704,ver3_stepA_588000_q100_scaled,outputs/ver3_0_stepA_extension_588000_sleeve_clarification/daily/ver3_0_stepA_extension_588000_sleeve_daily_nav.csv,outputs/ver3_0_stepA_extension_588000_sleeve_clarification/summary/ver3_0_stepA_extension_588000_sleeve_summary.csv,588000 为短样本 extension；以已完成 Q100 日频期权腿缩放覆盖率，未新增 TP80 或新选券网格。,0.6171628485409173,0.18803886784592883,0.2150402385339686,0.2948029549136634,0.7294371882973348,0.3316902469496624,0.5669110550436708,-0.057210058258951375
surface_0184,588000,OTM5_up,588000_DTE30_OTM5_up_Q40_DynamicHold,OTM +5%,0.0501355013550135,0.05,0.0534362639948709,0.0501355013550135,,0.2843714510576153,0.2870695712298968,0.4,Q40,2023-06-30,2026-05-27,703,,30.34285714285714,-2.0921203155601704,ver3_stepA_588000_q100_scaled,outputs/ver3_0_stepA_extension_588000_sleeve_clarification/daily/ver3_0_stepA_extension_588000_sleeve_daily_nav.csv,outputs/ver3_0_stepA_extension_588000_sleeve_clarification/summary/ver3_0_stepA_extension_588000_sleeve_summary.csv,588000 为短样本 extension；以已完成 Q100 日频期权腿缩放覆盖率，未新增 TP80 或新选券网格。,0.5514931664002205,0.17051479719320395,0.19597021911431806,0.27921038331347725,0.7018729632783637,0.32035089664834504,0.5322750739180265,-0.07628007767860183
surface_0185,588000,OTM5_up,588000_DTE30_OTM5_up_Q50_DynamicHold,OTM +5%,0.0501355013550135,0.05,0.0534362639948709,0.0501355013550135,,0.2843714510576153,0.2870695712298968,0.5,Q50,2023-06-30,2026-05-27,703,,30.34285714285714,-2.0921203155601704,ver3_stepA_588000_q100_scaled,outputs/ver3_0_stepA_extension_588000_sleeve_clarification/daily/ver3_0_stepA_extension_588000_sleeve_daily_nav.csv,outputs/ver3_0_stepA_extension_588000_sleeve_clarification/summary/ver3_0_stepA_extension_588000_sleeve_summary.csv,588000 为短样本 extension；以已完成 Q100 日频期权腿缩放覆盖率，未新增 TP80 或新选券网格。,0.4864335120234593,0.15267775823469765,0.17690019969466766,0.26482835944494826,0.6679805745329973,0.308848984970567,0.4943443743201801,-0.09535009709825229
surface_0186,588000,OTM5_up,588000_DTE30_OTM5_up_Q60_DynamicHold,OTM +5%,0.0501355013550135,0.05,0.0534362639948709,0.0501355013550135,,0.2843714510576153,0.2870695712298968,0.6,Q60,2023-06-30,2026-05-27,703,,30.34285714285714,-2.0921203155601704,ver3_stepA_588000_q100_scaled,outputs/ver3_0_stepA_extension_588000_sleeve_clarification/daily/ver3_0_stepA_extension_588000_sleeve_daily_nav.csv,outputs/ver3_0_stepA_extension_588000_sleeve_clarification/summary/ver3_0_stepA_extension_588000_sleeve_summary.csv,588000 为短样本 extension；以已完成 Q100 日频期权腿缩放覆盖率，未新增 TP80 或新选券网格。,0.42210466111590805,0.1345415796590259,0.15783018027501722,0.25186434379355677,0.6266475750310427,0.297182770014362,0.4527233515338857,-0.11442011651790275
surface_0187,588000,OTM5_up,588000_DTE30_OTM5_up_Q70_DynamicHold,OTM +5%,0.0501355013550135,0.05,0.0534362639948709,0.0501355013550135,,0.2843714510576153,0.2870695712298968,0.7,Q70,2023-06-30,2026-05-27,703,,30.34285714285714,-2.0921203155601704,ver3_stepA_588000_q100_scaled,outputs/ver3_0_stepA_extension_588000_sleeve_clarification/daily/ver3_0_stepA_extension_588000_sleeve_daily_nav.csv,outputs/ver3_0_stepA_extension_588000_sleeve_clarification/summary/ver3_0_stepA_extension_588000_sleeve_summary.csv,588000 为短样本 extension；以已完成 Q100 日频期权腿缩放覆盖率，未新增 TP80 或新选券网格。,0.3586213709000339,0.11612018768190824,0.13876016085536674,0.2405477110155645,0.5768508886222091,0.2864000151880973,0.40544756118691067,-0.1334901359375532
surface_0188,588000,OTM5_up,588000_DTE30_OTM5_up_Q80_DynamicHold,OTM +5%,0.0501355013550135,0.05,0.0534362639948709,0.0501355013550135,,0.2843714510576153,0.2870695712298968,0.8,Q80,2023-06-30,2026-05-27,703,,30.34285714285714,-2.0921203155601704,ver3_stepA_588000_q100_scaled,outputs/ver3_0_stepA_extension_588000_sleeve_clarification/daily/ver3_0_stepA_extension_588000_sleeve_daily_nav.csv,outputs/ver3_0_stepA_extension_588000_sleeve_clarification/summary/ver3_0_stepA_extension_588000_sleeve_summary.csv,588000 为短样本 extension；以已完成 Q100 日频期权腿缩放覆盖率，未新增 TP80 或新选券网格。,0.29609214064153466,0.09742759471272588,0.1196901414357163,0.23112057625211233,0.5178688257732413,0.27944345135148185,0.3486486952602879,-0.15256015535720366
surface_0189,588000,OTM5_up,588000_DTE30_OTM5_up_Q90_DynamicHold,OTM +5%,0.0501355013550135,0.05,0.0534362639948709,0.0501355013550135,,0.2843714510576153,0.2870695712298968,0.9,Q90,2023-06-30,2026-05-27,703,,30.34285714285714,-2.0921203155601704,ver3_stepA_588000_q100_scaled,outputs/ver3_0_stepA_extension_588000_sleeve_clarification/daily/ver3_0_stepA_extension_588000_sleeve_daily_nav.csv,outputs/ver3_0_stepA_extension_588000_sleeve_clarification/summary/ver3_0_stepA_extension_588000_sleeve_summary.csv,588000 为短样本 extension；以已完成 Q100 日频期权腿缩放覆盖率，未新增 TP80 或新选券网格。,0.23461900381082423,0.07847788772436459,0.10062012201606582,0.22382181786278518,0.4495545741557303,0.2724345047885851,0.28806148393451514,-0.17163017477685408
surface_0190,588000,OTM5_up,588000_DTE30_OTM5_up_Q100_DynamicHold,OTM +5%,0.0501355013550135,0.05,0.0534362639948709,0.0501355013550135,,0.2843714510576153,0.2870695712298968,1.0,Q100,2023-06-30,2026-05-27,703,,30.34285714285714,-2.0921203155601704,ver3_stepA_588000_q100_scaled,outputs/ver3_0_stepA_extension_588000_sleeve_clarification/daily/ver3_0_stepA_extension_588000_sleeve_daily_nav.csv,outputs/ver3_0_stepA_extension_588000_sleeve_clarification/summary/ver3_0_stepA_extension_588000_sleeve_summary.csv,588000 为短样本 extension；以已完成 Q100 日频期权腿缩放覆盖率，未新增 TP80 或新选券网格。,0.1742973521720801,0.05928521633182582,0.08155010259641535,0.21886447273988413,0.37260548308969244,0.26537296149507406,0.22340337914541566,-0.19070019419650458
