surface_point_id,etf_code,sleeve_name,parameter_grid_role,sample_scope,sample_start,sample_end,n_trading_days,moneyness_label,target_moneyness,coverage,coverage_label,annualized_return_cagr,arithmetic_annualized_return,annualized_volatility,sharpe_daily_mean,sortino_ratio,calmar_ratio,max_drawdown,monthly_win_rate,worst_month_return,best_month_return,option_leg_annualized_pnl_contribution,premium_capture_ratio_agg,payoff_burden_agg,positive_option_leg_period_rate,assignment_rate,p95_short_call_mtm_loss,p99_short_call_mtm_loss,max_short_call_mtm_loss,avg_actual_dte,avg_realized_moneyness,median_realized_moneyness,selected_periods,skipped_periods,avg_active_coverage,annualized_return_cagr_vs_buyhold,sharpe_diff_vs_buyhold,mdd_improvement_vs_buyhold,option_leg_verdict,recommendation_read,source_engine
mny_daily_0001,159915,159915_DTE30_ATM_Q10_Hold,surface,main_stepA_common_sample,2022-09-30,2026-05-27,881,ATM,0.0,0.1,Q10,0.1767184903337233,0.2056428257953989,0.2952240943024427,0.6965651847668232,1.2986788576901989,0.4513061123611853,0.3915712317946483,0.4772727272727273,-0.1608149215656973,0.3927949726367703,-0.0158920219698371,-0.4356328445092198,1.41013284450922,0.6136363636363636,0.5454545454545454,0.0065123966942148,0.0251739130434783,0.0634285714285714,30.34090909090909,-0.0016393267800932,-0.0024498267294932,44,0,0.0999999999999999,-0.0115052734720215,-0.0039004304803906,0.0171792609132753,negative option leg,drawdown cushion with visible return cost,continuous_30d_daily_mtm
mny_daily_0002,159915,159915_DTE30_ATM_Q20_Hold,surface,main_stepA_common_sample,2022-09-30,2026-05-27,881,ATM,0.0,0.2,Q20,0.1647168528069336,0.1897327447096876,0.2745935203511927,0.6909585647433635,1.270111416798828,0.4394074029779169,0.3748613511985179,0.4772727272727273,-0.1538282673456761,0.3483240048253224,-0.0317840439396742,-0.4356328445092198,1.41013284450922,0.6136363636363636,0.5454545454545454,0.0130247933884297,0.0503478260869566,0.1268571428571428,30.34090909090909,-0.0016393267800932,-0.0024498267294932,44,0,0.1999999999999999,-0.0235069109988113,-0.0095070505038503,0.0338891415094058,negative option leg,drawdown cushion with visible return cost,continuous_30d_daily_mtm
mny_daily_0003,159915,159915_DTE30_ATM_Q30_Hold,surface,main_stepA_common_sample,2022-09-30,2026-05-27,881,ATM,0.0,0.3,Q30,0.1522335755296433,0.1738226636239759,0.2545088458743672,0.6829729749738435,1.234379441431292,0.4240684799677344,0.3589834725307246,0.4772727272727273,-0.1467921956416126,0.3047241474770215,-0.0476760659095113,-0.43563284450922,1.41013284450922,0.6136363636363636,0.5454545454545454,0.0195371900826446,0.0755217391304349,0.1902857142857143,30.34090909090909,-0.0016393267800932,-0.0024498267294932,44,0,0.2999999999999999,-0.0359901882761015,-0.0174926402733703,0.0497670201771991,negative option leg,drawdown cushion with visible return cost,continuous_30d_daily_mtm
mny_daily_0004,159915,159915_DTE30_ATM_Q40_Hold,surface,main_stepA_common_sample,2022-09-30,2026-05-27,881,ATM,0.0,0.4,Q40,0.1392835376246957,0.1579125825382635,0.2351100157054609,0.6716540002110835,1.1895351178211868,0.4063614890671752,0.342757720335233,0.4772727272727273,-0.1397064205160577,0.2619880576197626,-0.0635680878793484,-0.4356328445092198,1.41013284450922,0.6136363636363636,0.5454545454545454,0.0260495867768595,0.1006956521739132,0.2537142857142857,30.34090909090909,-0.0016393267800932,-0.0024498267294932,44,0,0.3999999999999999,-0.0489402261810492,-0.0288116150361303,0.0659927723726907,negative option leg,drawdown cushion with visible return cost,continuous_30d_daily_mtm
mny_daily_0005,159915,159915_DTE30_ATM_Q50_Hold,surface,main_stepA_common_sample,2022-09-30,2026-05-27,881,ATM,0.0,0.5,Q50,0.1258817645187124,0.1420025014525507,0.2165813980678395,0.6556541915389771,1.1334610779874397,0.3859295359575993,0.326178104524611,0.4772727272727273,-0.1325706547861149,0.2201083297898236,-0.0794601098491855,-0.43563284450922,1.41013284450922,0.6136363636363636,0.5454545454545454,0.0325619834710743,0.1258695652173915,0.3171428571428571,30.34090909090909,-0.0016393267800932,-0.0024498267294932,44,0,0.5,-0.0623419992870324,-0.0448114237082367,0.0825723881833127,negative option leg,drawdown cushion with visible return cost,continuous_30d_daily_mtm
mny_daily_0006,159915,159915_DTE30_ATM_Q60_Hold,surface,main_stepA_common_sample,2022-09-30,2026-05-27,881,ATM,0.0,0.6,Q60,0.1120434182295981,0.12609242036684,0.1991660115087312,0.6331021011650488,1.0639721808928206,0.3623203116418197,0.3092385787644203,0.4772727272727273,-0.1253846100203943,0.1790774975318008,-0.0953521318190226,-0.43563284450922,1.41013284450922,0.6136363636363636,0.5454545454545454,0.0390743801652892,0.1510434782608698,0.3805714285714286,30.34090909090909,-0.0016393267800932,-0.0024498267294932,44,0,0.5999999999999999,-0.0761803455761467,-0.067363514082165,0.0995119139435034,negative option leg,drawdown cushion with visible return cost,continuous_30d_daily_mtm
mny_daily_0007,159915,159915_DTE30_ATM_Q70_Hold,surface,main_stepA_common_sample,2022-09-30,2026-05-27,881,ATM,0.0,0.7,Q70,0.097783786542211,0.1101823392811277,0.1831816419263958,0.6014922572066478,0.9787156433248616,0.3349527894448263,0.2919330413825919,0.4772727272727273,-0.1181479965359693,0.1388880349034109,-0.1112441537888597,-0.4356328445092199,1.4101328445092198,0.6136363636363636,0.5454545454545454,0.0455867768595041,0.1762173913043481,0.444,30.34090909090909,-0.0016393267800932,-0.0024498267294932,44,0,0.7000000000000001,-0.0904399772635338,-0.098973358040566,0.1168174513253318,negative option leg,drawdown cushion with visible return cost,continuous_30d_daily_mtm
mny_daily_0008,159915,159915_DTE30_ATM_Q80_Hold,surface,main_stepA_common_sample,2022-09-30,2026-05-27,881,ATM,0.0,0.8,Q80,0.0831182711488525,0.0942722581954156,0.1690347401710155,0.5577093685004553,0.8760040553212028,0.3030689293385565,0.2742553363363803,0.5227272727272727,-0.1108605233953367,0.1070894125609263,-0.1271361757586969,-0.4356328445092198,1.41013284450922,0.6136363636363636,0.5454545454545454,0.052099173553719,0.2013913043478264,0.5074285714285715,30.34090909090909,-0.0016393267800932,-0.0024498267294932,44,0,0.7999999999999999,-0.1051054926568924,-0.1427562467467585,0.1344951563715434,negative option leg,drawdown cushion with visible return cost,continuous_30d_daily_mtm
mny_daily_0009,159915,159915_DTE30_ATM_Q90_Hold,surface,main_stepA_common_sample,2022-09-30,2026-05-27,881,ATM,0.0,0.9,Q90,0.0680623748226056,0.0783621771097037,0.1572220992029852,0.498417064184676,0.7554569311557114,0.2656618772173519,0.2561992542381994,0.5454545454545454,-0.1035218984033868,0.1018860430479466,-0.143028197728534,-0.4356328445092199,1.4101328445092196,0.6136363636363636,0.5454545454545454,0.0586115702479338,0.2265652173913047,0.570857142857143,30.34090909090909,-0.0016393267800932,-0.0024498267294932,44,0,0.9000000000000002,-0.1201613889831392,-0.2020485510625378,0.1525512384697243,negative option leg,drawdown cushion with visible return cost,continuous_30d_daily_mtm
mny_daily_0010,159915,159915_DTE30_ATM_Q100_Hold,surface,main_stepA_common_sample,2022-09-30,2026-05-27,881,ATM,0.0,1.0,Q100,0.0526316876836481,0.0624520960239925,0.1483025597155426,0.4211127315926385,0.6189810644636304,0.2089548016373866,0.2518807286131832,0.5454545454545454,-0.0961318281043797,0.0966836066320819,-0.1589202196983711,-0.43563284450922,1.41013284450922,0.6136363636363636,0.5454545454545454,0.0651239669421487,0.2517391304347831,0.6342857142857143,30.34090909090909,-0.0016393267800932,-0.0024498267294932,44,0,1.0,-0.1355920761220967,-0.2793528836545753,0.1568697640947405,negative option leg,drawdown cushion with visible return cost,continuous_30d_daily_mtm
mny_daily_0011,159915,159915_DTE30_OTM1_Q10_Hold,surface,main_stepA_common_sample,2022-09-30,2026-05-27,881,OTM1,0.01,0.1,Q10,0.1780696411002094,0.2073114331075581,0.2969813550125418,0.6980621160503602,1.3004085813781925,0.4536433136343792,0.3925322731500179,0.4772727272727273,-0.162667222168241,0.3947588322914122,-0.0142253086500873,-0.4835345711697272,1.4580345711697271,0.6363636363636364,0.4318181818181818,0.005716806352007,0.0233068322981367,0.0608385093167701,30.34090909090909,0.0113190478272816,0.0124019884179777,44,0,0.0999999999999999,-0.0101541227055355,-0.0024034991968536,0.0162182195579058,negative option leg,drawdown cushion with visible return cost,continuous_30d_daily_mtm
mny_daily_0012,159915,159915_DTE30_OTM1_Q20_Hold,surface,main_stepA_common_sample,2022-09-30,2026-05-27,881,OTM1,0.01,0.2,Q20,0.1674746935783837,0.1930699593340042,0.2781089207153925,0.69422425874496,1.2743738193065934,0.4440254811873985,0.3771736097904299,0.4772727272727273,-0.1575565966544567,0.3521494004104932,-0.0284506173001746,-0.4835345711697272,1.4580345711697271,0.6363636363636364,0.4318181818181818,0.0114336127040141,0.0466136645962734,0.1216770186335403,30.34090909090909,0.0113190478272816,0.0124019884179777,44,0,0.1999999999999999,-0.0207490702273611,-0.0062413565022538,0.0315768829174938,negative option leg,drawdown cushion with visible return cost,continuous_30d_daily_mtm
mny_daily_0013,159915,159915_DTE30_OTM1_Q30_Hold,surface,main_stepA_common_sample,2022-09-30,2026-05-27,881,OTM1,0.01,0.3,Q30,0.1564491907703582,0.1788284855604511,0.2597723726861607,0.6884045586190934,1.242462704991275,0.4315626739600018,0.3625178918621176,0.4772727272727273,-0.1524204687137046,0.3103106559858246,-0.0426759259502619,-0.4835345711697272,1.4580345711697271,0.6363636363636364,0.4318181818181818,0.0171504190560211,0.0699204968944101,0.1825155279503105,30.34090909090909,0.0113190478272816,0.0124019884179777,44,0,0.2999999999999999,-0.0317745730353866,-0.0120610566281204,0.0462326008458061,negative option leg,drawdown cushion with visible return cost,continuous_30d_daily_mtm
mny_daily_0014,159915,159915_DTE30_OTM1_Q40_Hold,surface,main_stepA_common_sample,2022-09-30,2026-05-27,881,OTM1,0.01,0.4,Q40,0.1450035425335358,0.1645870117868976,0.2420935082021756,0.6798489270081906,1.2031863293742382,0.4172049781681536,0.3475594734516626,0.4772727272727273,-0.1472587403586867,0.2692371574871679,-0.0569012346003492,-0.4835345711697272,1.4580345711697271,0.6363636363636364,0.4318181818181818,0.0228672254080282,0.0932273291925468,0.2433540372670807,30.34090909090909,0.0113190478272816,0.0124019884179777,44,0,0.3999999999999999,-0.043220221272209,-0.0206166882390232,0.0611910192562611,negative option leg,drawdown cushion with visible return cost,continuous_30d_daily_mtm
mny_daily_0015,159915,159915_DTE30_OTM1_Q50_Hold,surface,main_stepA_common_sample,2022-09-30,2026-05-27,881,OTM1,0.01,0.5,Q50,0.1331482936519481,0.1503455380133457,0.2252272521019563,0.6675281814710728,1.1551403755625842,0.4006951767268611,0.3322932278336615,0.5,-0.1420713133564263,0.2289234012277701,-0.0711265432504365,-0.4835345711697271,1.458034571169727,0.6363636363636364,0.4318181818181818,0.0285840317600352,0.1165341614906835,0.3041925465838509,30.34090909090909,0.0113190478272816,0.0124019884179777,44,0,0.5,-0.0550754701537967,-0.032937433776141,0.0764572648742621,negative option leg,drawdown cushion with visible return cost,continuous_30d_daily_mtm
mny_daily_0016,159915,159915_DTE30_OTM1_Q60_Hold,surface,main_stepA_common_sample,2022-09-30,2026-05-27,881,OTM1,0.01,0.6,Q60,0.1208941176255877,0.1361040642397914,0.2093700808097508,0.6500645350730205,1.0968109081490387,0.3817138770517929,0.3167139705774549,0.5,-0.1368580892282003,0.1893638224747227,-0.0853518519005238,-0.4835345711697272,1.4580345711697271,0.6363636363636364,0.4318181818181818,0.0343008381120423,0.1398409937888202,0.365031055900621,30.34090909090909,0.0113190478272816,0.0124019884179777,44,0,0.5999999999999999,-0.0673296461801571,-0.0504010801741933,0.0920365221304688,negative option leg,drawdown cushion with visible return cost,continuous_30d_daily_mtm
mny_daily_0017,159915,159915_DTE30_OTM1_Q70_Hold,surface,main_stepA_common_sample,2022-09-30,2026-05-27,881,OTM1,0.01,0.7,Q70,0.1082518096838782,0.1218625904662376,0.1947686156963874,0.6256787831577626,1.0266807462231626,0.3598599950332249,0.3008164596731116,0.5,-0.1316189692494785,0.150552796564152,-0.0995771605506111,-0.4835345711697271,1.4580345711697271,0.6363636363636364,0.4318181818181818,0.0400176444640494,0.163147826086957,0.4258695652173913,30.34090909090909,0.0113190478272816,0.0124019884179777,44,0,0.7000000000000001,-0.0799719541218666,-0.0747868320894512,0.107934033034812,negative option leg,drawdown cushion with visible return cost,continuous_30d_daily_mtm
mny_daily_0018,159915,159915_DTE30_OTM1_Q80_Hold,surface,main_stepA_common_sample,2022-09-30,2026-05-27,881,OTM1,0.01,0.8,Q80,0.0952322790519297,0.1076211166926846,0.1817257930383429,0.5922170699784888,0.9434327554812508,0.334623400434685,0.2845953956842839,0.5227272727272727,-0.126353854449862,0.1124846400211529,-0.1138024692006984,-0.4835345711697272,1.4580345711697271,0.6363636363636364,0.4318181818181818,0.0457344508160564,0.1864546583850937,0.4867080745341615,30.34090909090909,0.0113190478272816,0.0124019884179777,44,0,0.7999999999999999,-0.0929914847538151,-0.108248545268725,0.1241550970236398,negative option leg,drawdown cushion with visible return cost,continuous_30d_daily_mtm
mny_daily_0019,159915,159915_DTE30_OTM1_Q90_Hold,surface,main_stepA_common_sample,2022-09-30,2026-05-27,881,OTM1,0.01,0.9,Q90,0.0818465404929411,0.0933796429191312,0.1705994763288103,0.547361837964573,0.8469315417543348,0.3053457876804354,0.2680454219286593,0.5454545454545454,-0.1210626456130291,0.1018860430479464,-0.1280277778507857,-0.483534571169727,1.458034571169727,0.6363636363636364,0.4318181818181818,0.0514512571680635,0.2097614906832304,0.5475465838509317,30.34090909090909,0.0113190478272816,0.0124019884179777,44,0,0.9000000000000002,-0.1063772233128037,-0.1531037772826408,0.1407050707792644,negative option leg,drawdown cushion with visible return cost,continuous_30d_daily_mtm
mny_daily_0020,159915,159915_DTE30_OTM1_Q100_Hold,surface,main_stepA_common_sample,2022-09-30,2026-05-27,881,OTM1,0.01,1.0,Q100,0.0681057051448255,0.079138169145578,0.16178555579852,0.4891547255561733,0.738174127609557,0.2671259291808795,0.2549572980566366,0.6136363636363636,-0.1157452432766805,0.0966836066320826,-0.142253086500873,-0.4835345711697271,1.458034571169727,0.6363636363636364,0.4318181818181818,0.0571680635200705,0.2330683229813671,0.6083850931677018,30.34090909090909,0.0113190478272816,0.0124019884179777,44,0,1.0,-0.1201180586609194,-0.2113108896910405,0.1537931946512871,negative option leg,drawdown cushion with visible return cost,continuous_30d_daily_mtm
mny_daily_0021,159915,159915_DTE30_OTM2_Q10_Hold,surface,main_stepA_common_sample,2022-09-30,2026-05-27,881,OTM2,0.02,0.1,Q10,0.1789861022054859,0.2084066247548149,0.2980602434628415,0.6992097380501417,1.3033721119370905,0.4526373730875156,0.3954293499553332,0.4772727272727273,-0.1632924267089545,0.3962350492136393,-0.0131313601261527,-0.5342268586699337,1.5087268586699336,0.6818181818181818,0.3863636363636363,0.0052451790633608,0.0233068322981367,0.0608385093167701,30.34090909090909,0.0215857999182659,0.0206297984006809,44,0,0.0999999999999999,-0.0092376616002589,-0.001255877197072,0.0133211427525905,negative option leg,drawdown cushion with visible return cost,continuous_30d_daily_mtm
mny_daily_0022,159915,159915_DTE30_OTM2_Q20_Hold,surface,main_stepA_common_sample,2022-09-30,2026-05-27,881,OTM2,0.02,0.2,Q20,0.1693261976347448,0.1952603426285189,0.2802991297032937,0.6966141594346325,1.2806271691998872,0.4407313840847949,0.3841936466275504,0.4772727272727273,-0.1588125267985169,0.3550476840998795,-0.0262627202523054,-0.5342268586699337,1.5087268586699336,0.6818181818181818,0.3863636363636363,0.0104903581267217,0.0466136645962734,0.1216770186335403,30.34090909090909,0.0215857999182659,0.0206297984006809,44,0,0.1999999999999999,-0.018897566171,-0.0038514558125813,0.0245568460803733,negative option leg,drawdown cushion with visible return cost,continuous_30d_daily_mtm
mny_daily_0023,159915,159915_DTE30_OTM2_Q30_Hold,surface,main_stepA_common_sample,2022-09-30,2026-05-27,881,OTM2,0.02,0.3,Q30,0.1592525443251857,0.1821140605022226,0.2631061118250559,0.6921696316325545,1.2524152289428456,0.4266609033985715,0.3732531925392228,0.4772727272727273,-0.1543126715294711,0.3145763459546888,-0.0393940803784581,-0.5342268586699337,1.5087268586699334,0.6818181818181818,0.3863636363636363,0.0157355371900826,0.0699204968944101,0.1825155279503105,30.34090909090909,0.0215857999182659,0.0206297984006809,44,0,0.2999999999999999,-0.0289712194805591,-0.0082959836146593,0.0354973001687008,negative option leg,drawdown cushion with visible return cost,continuous_30d_daily_mtm
mny_daily_0024,159915,159915_DTE30_OTM2_Q40_Hold,surface,main_stepA_common_sample,2022-09-30,2026-05-27,881,OTM2,0.02,0.4,Q40,0.1487737308110286,0.1689677783759267,0.2466000418389124,0.6851895770816706,1.2174521252716446,0.4108053663263189,0.3621513811795043,0.4772727272727273,-0.1497927889692738,0.2748151423888467,-0.0525254405046108,-0.5342268586699337,1.5087268586699336,0.6818181818181818,0.3863636363636363,0.0209807162534435,0.0932273291925468,0.2433540372670807,30.34090909090909,0.0215857999182659,0.0206297984006809,44,0,0.3999999999999999,-0.0394500329947162,-0.0152760381655432,0.0465991115284194,negative option leg,drawdown cushion with visible return cost,continuous_30d_daily_mtm
mny_daily_0025,159915,159915_DTE30_OTM2_Q50_Hold,surface,main_stepA_common_sample,2022-09-30,2026-05-27,881,OTM2,0.02,0.5,Q50,0.1378984372211504,0.1558214962496315,0.2309282697683145,0.6747614590710959,1.1745355653292446,0.3930000774522854,0.3508865395526362,0.4772727272727273,-0.1452528069884573,0.2357581775920223,-0.0656568006307635,-0.5342268586699338,1.508726858669934,0.6818181818181818,0.3863636363636363,0.0262258953168044,0.1165341614906835,0.3041925465838509,30.34090909090909,0.0215857999182659,0.0206297984006809,44,0,0.5,-0.0503253265845944,-0.0257041561761179,0.0578639531552874,negative option leg,drawdown cushion with visible return cost,continuous_30d_daily_mtm
mny_daily_0026,159915,159915_DTE30_OTM2_Q60_Hold,surface,main_stepA_common_sample,2022-09-30,2026-05-27,881,OTM2,0.02,0.6,Q60,0.1266354317956834,0.1426752141233343,0.2162722393406074,0.6597019319647169,1.122392701194417,0.3730529480408241,0.3394569925281101,0.4772727272727273,-0.1406926532602951,0.1973995526994831,-0.0787881607569162,-0.5342268586699337,1.5087268586699334,0.6818181818181818,0.3863636363636363,0.0314710743801652,0.1398409937888202,0.365031055900621,30.34090909090909,0.0215857999182659,0.0206297984006809,44,0,0.5999999999999999,-0.0615883320100614,-0.0407636832824969,0.0692935001798136,negative option leg,drawdown cushion with visible return cost,continuous_30d_daily_mtm
mny_daily_0027,159915,159915_DTE30_OTM2_Q70_Hold,surface,main_stepA_common_sample,2022-09-30,2026-05-27,881,OTM2,0.02,0.7,Q70,0.1149935666545247,0.1295289319970391,0.2028522315100182,0.6385383637775862,1.0597783398963505,0.3507387108427395,0.3278610632348602,0.4772727272727273,-0.1361122552604639,0.1597333661583357,-0.0919195208830689,-0.5342268586699336,1.5087268586699334,0.6818181818181818,0.3863636363636363,0.0367162534435261,0.163147826086957,0.4258695652173913,30.34090909090909,0.0215857999182659,0.0206297984006809,44,0,0.7000000000000001,-0.0732301971512201,-0.0619272514696276,0.0808894294730635,negative option leg,drawdown cushion with visible return cost,continuous_30d_daily_mtm
mny_daily_0028,159915,159915_DTE30_OTM2_Q80_Hold,surface,main_stepA_common_sample,2022-09-30,2026-05-27,881,OTM2,0.02,0.8,Q80,0.102981772839179,0.1163826498707432,0.1909290568136934,0.6095596543186623,0.9856806741030352,0.3257916048073655,0.3160970734653223,0.5,-0.1315115402667067,0.1363755695633277,-0.1050508810092217,-0.5342268586699337,1.5087268586699336,0.6818181818181818,0.3863636363636363,0.041961432506887,0.1864546583850937,0.4867080745341615,30.34090909090909,0.0215857999182659,0.0206297984006809,44,0,0.7999999999999999,-0.0852419909665658,-0.0909059609285515,0.0926534192426014,negative option leg,drawdown cushion with visible return cost,continuous_30d_daily_mtm
mny_daily_0029,159915,159915_DTE30_OTM2_Q90_Hold,surface,main_stepA_common_sample,2022-09-30,2026-05-27,881,OTM2,0.02,0.9,Q90,0.0906090546436495,0.1032363677444467,0.1807990935566844,0.5710004719248217,0.9001314613297111,0.2978960364698314,0.304163344089426,0.5,-0.1268904353584978,0.1347682132951715,-0.1181822411353743,-0.5342268586699336,1.5087268586699336,0.6818181818181818,0.3863636363636363,0.0472066115702479,0.2097614906832304,0.5475465838509317,30.34090909090909,0.0215857999182659,0.0206297984006809,44,0,0.9000000000000002,-0.0976147091620953,-0.1294651433223921,0.1045871486184977,negative option leg,drawdown cushion with visible return cost,continuous_30d_daily_mtm
mny_daily_0030,159915,159915_DTE30_OTM2_Q100_Hold,surface,main_stepA_common_sample,2022-09-30,2026-05-27,881,OTM2,0.02,1.0,Q100,0.0778844832441751,0.0900900856181508,0.1727780377074884,0.5214209329699209,0.8041159761712624,0.2662873298754228,0.2924828728449523,0.5681818181818182,-0.1222488674167053,0.1331470469071414,-0.1313136012615271,-0.5342268586699338,1.508726858669934,0.6818181818181818,0.3863636363636363,0.0524517906336088,0.2330683229813671,0.6083850931677018,30.34090909090909,0.0215857999182659,0.0206297984006809,44,0,1.0,-0.1103392805615697,-0.1790446822772929,0.1162676198629714,negative option leg,drawdown cushion with visible return cost,continuous_30d_daily_mtm
mny_daily_0031,159915,159915_DTE30_OTM3_Q10_Hold,surface,main_stepA_common_sample,2022-09-30,2026-05-27,881,OTM3,0.03,0.1,Q10,0.1783728449733828,0.2081217049225391,0.2988543285914598,0.696398495894118,1.29819402132433,0.4489531714807784,0.3973083526396688,0.4772727272727273,-0.1632924267089543,0.3962350492136395,-0.0134159565533978,-0.630349285786861,1.6048492857868613,0.7045454545454546,0.3636363636363636,0.0045895316804407,0.0233068322981367,0.0608385093167701,30.34090909090909,0.0290225240136727,0.029412120903848,44,0,0.0999999999999999,-0.0098509188323621,-0.0040671193530958,0.0114421400682549,negative option leg,drawdown cushion with visible return cost,continuous_30d_daily_mtm
mny_daily_0032,159915,159915_DTE30_OTM3_Q20_Hold,surface,main_stepA_common_sample,2022-09-30,2026-05-27,881,OTM3,0.03,0.2,Q20,0.168136629990435,0.1946905029639659,0.2819032009129098,0.6906289191945463,1.2699506335443378,0.4333300322229752,0.3880105635141352,0.4772727272727273,-0.1588125267985168,0.3550476840998802,-0.0268319131067957,-0.630349285786861,1.6048492857868613,0.7045454545454546,0.3636363636363636,0.0091790633608815,0.0466136645962734,0.1216770186335403,30.34090909090909,0.0290225240136727,0.029412120903848,44,0,0.1999999999999999,-0.0200871338153099,-0.0098366960526675,0.0207399291937885,negative option leg,drawdown cushion with visible return cost,continuous_30d_daily_mtm
mny_daily_0033,159915,159915_DTE30_OTM3_Q30_Hold,surface,main_stepA_common_sample,2022-09-30,2026-05-27,881,OTM3,0.03,0.3,Q30,0.1575235543519604,0.1812593010053953,0.2655339165588628,0.6826220294356041,1.235992309750554,0.4155596226081766,0.379063666877199,0.4772727272727273,-0.1543126715294714,0.3145763459546891,-0.0402478696601936,-0.630349285786861,1.6048492857868606,0.7045454545454546,0.3636363636363636,0.0137685950413223,0.0699204968944101,0.1825155279503105,30.34090909090909,0.0290225240136727,0.029412120903848,44,0,0.2999999999999999,-0.0307002094537844,-0.0178435858116097,0.0296868258307246,negative option leg,drawdown cushion with visible return cost,continuous_30d_daily_mtm
mny_daily_0034,159915,159915_DTE30_OTM3_Q40_Hold,surface,main_stepA_common_sample,2022-09-30,2026-05-27,881,OTM3,0.03,0.4,Q40,0.1465420774019303,0.1678280990468229,0.2498608576633929,0.6716862361567543,1.1951324844980329,0.3960452702336579,0.3700134515316237,0.5,-0.1497927889692735,0.2748151423888465,-0.0536638262135915,-0.630349285786861,1.6048492857868613,0.7045454545454546,0.3636363636363636,0.018358126721763,0.0932273291925468,0.2433540372670807,30.34090909090909,0.0290225240136727,0.029412120903848,44,0,0.3999999999999999,-0.0416816864038145,-0.0287793790904595,0.0387370411763,negative option leg,drawdown cushion with visible return cost,continuous_30d_daily_mtm
mny_daily_0035,159915,159915_DTE30_OTM3_Q50_Hold,surface,main_stepA_common_sample,2022-09-30,2026-05-27,881,OTM3,0.03,0.5,Q50,0.1352006812833959,0.1543968970882504,0.2350233535896718,0.6569427877274381,1.1463222579301688,0.3746632168735325,0.360859233558102,0.5,-0.1452528069884573,0.2357581775920223,-0.0670797827669894,-0.6303492857868612,1.6048492857868608,0.7045454545454546,0.3636363636363636,0.0229476584022038,0.1165341614906835,0.3041925465838509,30.34090909090909,0.0290225240136727,0.029412120903848,44,0,0.5,-0.053023082522349,-0.0435228275197757,0.0478912591498217,negative option leg,drawdown cushion with visible return cost,continuous_30d_daily_mtm
mny_daily_0036,159915,159915_DTE30_OTM3_Q60_Hold,surface,main_stepA_common_sample,2022-09-30,2026-05-27,881,OTM3,0.03,0.6,Q60,0.1235078691381934,0.140965695129677,0.2211896165371196,0.6373070189125287,1.088529866966918,0.3512734688460381,0.3516003344742398,0.5,-0.1406926532602952,0.197399552699482,-0.0804957393203872,-0.630349285786861,1.6048492857868606,0.7045454545454546,0.3636363636363636,0.0275371900826446,0.1398409937888202,0.365031055900621,30.34090909090909,0.0290225240136727,0.029412120903848,44,0,0.5999999999999999,-0.0647158946675514,-0.0631585963346851,0.0571501582336839,negative option leg,drawdown cushion with visible return cost,continuous_30d_daily_mtm
mny_daily_0037,159915,159915_DTE30_OTM3_Q70_Hold,surface,main_stepA_common_sample,2022-09-30,2026-05-27,881,OTM3,0.03,0.7,Q70,0.1114721625849579,0.1275344931711061,0.2085594816501818,0.6115017747551778,1.0208408016835049,0.3257171543653398,0.3422360814927343,0.5,-0.1361122552604642,0.1597333661583351,-0.0939116958737851,-0.630349285786861,1.6048492857868608,0.7045454545454546,0.3636363636363636,0.0321267217630854,0.163147826086957,0.4258695652173913,30.34090909090909,0.0290225240136727,0.029412120903848,44,0,0.7000000000000001,-0.0767516012207869,-0.0889638404920361,0.0665144112151894,negative option leg,drawdown cushion with visible return cost,continuous_30d_daily_mtm
mny_daily_0038,159915,159915_DTE30_OTM3_Q80_Hold,surface,main_stepA_common_sample,2022-09-30,2026-05-27,881,OTM3,0.03,0.8,Q80,0.0991020984976671,0.1141032912125346,0.1973641545458536,0.578135839687267,0.94260847001004,0.2978133455410404,0.3327658077834873,0.5,-0.1315115402667064,0.1363755695633268,-0.107327652427183,-0.630349285786861,1.6048492857868613,0.7045454545454546,0.3636363636363636,0.0367162534435261,0.1864546583850937,0.4867080745341615,30.34090909090909,0.0290225240136727,0.029412120903848,44,0,0.7999999999999999,-0.0891216653080777,-0.1223297755599468,0.0759846849244364,negative option leg,drawdown cushion with visible return cost,continuous_30d_daily_mtm
mny_daily_0039,159915,159915_DTE30_OTM3_Q90_Hold,surface,main_stepA_common_sample,2022-09-30,2026-05-27,881,OTM3,0.03,0.9,Q90,0.0864062251006925,0.1006720892539619,0.1878603279142754,0.5358879672556557,0.8539062384603116,0.2673552146623486,0.3231888527396694,0.5,-0.1268904353584972,0.134768213295171,-0.1207436089805809,-0.6303492857868609,1.6048492857868608,0.7045454545454546,0.3636363636363636,0.0413057851239669,0.2097614906832304,0.5475465838509317,30.34090909090909,0.0290225240136727,0.029412120903848,44,0,0.9000000000000002,-0.1018175387050523,-0.1645776479915581,0.0855616399682542,negative option leg,drawdown cushion with visible return cost,continuous_30d_daily_mtm
mny_daily_0040,159915,159915_DTE30_OTM3_Q100_Hold,surface,main_stepA_common_sample,2022-09-30,2026-05-27,881,OTM3,0.03,1.0,Q100,0.0733930973900045,0.087240887295389,0.1803156601617592,0.4838231311530359,0.7561931140686742,0.2329719702072721,0.3150297322236133,0.5227272727272727,-0.1222488674167051,0.1331470469071403,-0.1341595655339788,-0.6303492857868612,1.6048492857868608,0.7045454545454546,0.3636363636363636,0.0458953168044077,0.2330683229813671,0.6083850931677018,30.34090909090909,0.0290225240136727,0.029412120903848,44,0,1.0,-0.1148306664157403,-0.2166424840941779,0.0937207604843104,negative option leg,drawdown cushion with visible return cost,continuous_30d_daily_mtm
mny_daily_0041,159915,159915_DTE30_OTM4_Q10_Hold,surface,main_stepA_common_sample,2022-09-30,2026-05-27,881,OTM4,0.04,0.1,Q10,0.1797950295835024,0.2095510271271084,0.2996015789703215,0.6994323189059912,1.3044591571408628,0.452954791398014,0.3969381337783786,0.4772727272727273,-0.1646485295931694,0.3962350492136386,-0.0119882567349861,-0.6486508403444438,1.623150840344444,0.7272727272727273,0.3409090909090909,0.0041740152851263,0.0233068322981367,0.0608385093167701,30.34090909090909,0.0378432425410198,0.0361554042586613,44,0,0.0999999999999999,-0.0084287342222424,-0.0010332963412226,0.0118123589295451,negative option leg,drawdown cushion with visible return cost,continuous_30d_daily_mtm
mny_daily_0042,159915,159915_DTE30_OTM4_Q20_Hold,surface,main_stepA_common_sample,2022-09-30,2026-05-27,881,OTM4,0.04,0.2,Q20,0.170981969249256,0.197549147373105,0.2834115875807528,0.6970397684139047,1.283108247868248,0.4404802207996844,0.388171729797177,0.4772727272727273,-0.161535324143113,0.3550476840998797,-0.0239765134699723,-0.6486508403444438,1.623150840344444,0.7272727272727273,0.3409090909090909,0.0083480305702527,0.0466136645962734,0.1216770186335403,30.34090909090909,0.0378432425410198,0.0361554042586613,44,0,0.1999999999999999,-0.0172417945564888,-0.0034258468333091,0.0205787629107466,negative option leg,drawdown cushion with visible return cost,continuous_30d_daily_mtm
mny_daily_0043,159915,159915_DTE30_OTM4_Q30_Hold,surface,main_stepA_common_sample,2022-09-30,2026-05-27,881,OTM4,0.04,0.3,Q30,0.1617911026210667,0.1855472676191016,0.267814882899385,0.6928191055342121,1.2567456701988675,0.4265552568662528,0.3792969375402556,0.4772727272727273,-0.1584128056220998,0.3145763459546893,-0.0359647702049585,-0.6486508403444438,1.6231508403444437,0.7272727272727273,0.3409090909090909,0.0125220458553791,0.0699204968944101,0.1825155279503105,30.34090909090909,0.0378432425410198,0.0361554042586613,44,0,0.2999999999999999,-0.0264326611846781,-0.0076465097130017,0.0294535551676681,negative option leg,drawdown cushion with visible return cost,continuous_30d_daily_mtm
mny_daily_0044,159915,159915_DTE30_OTM4_Q40_Hold,surface,main_stepA_common_sample,2022-09-30,2026-05-27,881,OTM4,0.04,0.4,Q40,0.1522289626782917,0.1735453878650984,0.2529212460502588,0.6861637390107302,1.224282993071118,0.4110821640566284,0.3703127403438538,0.4772727272727273,-0.1552809529750413,0.2748151423888469,-0.0479530269399447,-0.6486508403444438,1.623150840344444,0.7272727272727273,0.3409090909090909,0.0166960611405055,0.0932273291925468,0.2433540372670807,30.34090909090909,0.0378432425410198,0.0361554042586613,44,0,0.3999999999999999,-0.0359948011274531,-0.0143018762364836,0.0384377523640698,negative option leg,drawdown cushion with visible return cost,continuous_30d_daily_mtm
mny_daily_0045,159915,159915_DTE30_OTM4_Q50_Hold,surface,main_stepA_common_sample,2022-09-30,2026-05-27,881,OTM4,0.04,0.5,Q50,0.1423020959515781,0.1615435081110946,0.2388622271910219,0.6763041189509874,1.1847693940842423,0.3939506050865878,0.3612181174853154,0.5227272727272727,-0.1521397451162348,0.2357581775920223,-0.0599412836749309,-0.648650840344444,1.623150840344444,0.7272727272727273,0.3409090909090909,0.0208700764256319,0.1165341614906835,0.3041925465838509,30.34090909090909,0.0378432425410198,0.0361554042586613,44,0,0.5,-0.0459216678541667,-0.0241614962962264,0.0475323752226083,negative option leg,drawdown cushion with visible return cost,continuous_30d_daily_mtm
mny_daily_0046,159915,159915_DTE30_OTM4_Q60_Hold,surface,main_stepA_common_sample,2022-09-30,2026-05-27,881,OTM4,0.04,0.6,Q60,0.132017062164329,0.1495416283570925,0.2257937823048518,0.6622929419517465,1.137269451212743,0.3750356395826974,0.3520120442719113,0.5227272727272727,-0.1489891609293547,0.1973995526994822,-0.0719295404099171,-0.6486508403444438,1.6231508403444437,0.7272727272727273,0.3409090909090909,0.0250440917107583,0.1398409937888202,0.365031055900621,30.34090909090909,0.0378432425410198,0.0361554042586613,44,0,0.5999999999999999,-0.0562067016414158,-0.0381726732954673,0.0567384484360123,negative option leg,drawdown cushion with visible return cost,continuous_30d_daily_mtm
mny_daily_0047,159915,159915_DTE30_OTM4_Q70_Hold,surface,main_stepA_common_sample,2022-09-30,2026-05-27,881,OTM4,0.04,0.7,Q70,0.1213804331476209,0.1375397486030889,0.2138975510618153,0.643016939279219,1.080953562114494,0.3541953259526985,0.3426934921321656,0.5227272727272727,-0.1458291792674469,0.1597333661583351,-0.0839177971449033,-0.6486508403444439,1.623150840344444,0.7272727272727273,0.3409090909090909,0.0292181069958847,0.163147826086957,0.4258695652173913,30.34090909090909,0.0378432425410198,0.0361554042586613,44,0,0.7000000000000001,-0.0668433306581239,-0.0574486759679948,0.0660570005757581,negative option leg,drawdown cushion with visible return cost,continuous_30d_daily_mtm
mny_daily_0048,159915,159915_DTE30_OTM4_Q80_Hold,surface,main_stepA_common_sample,2022-09-30,2026-05-27,881,OTM4,0.04,0.8,Q80,0.110398791043931,0.1255378688490853,0.2033793358401698,0.617259705025992,1.015300051256074,0.3312678321981765,0.3332614287097046,0.5454545454545454,-0.1426597789529263,0.1363755695633282,-0.0959060538798895,-0.6486508403444438,1.623150840344444,0.7272727272727273,0.3409090909090909,0.0333921222810111,0.1864546583850937,0.4867080745341615,30.34090909090909,0.0378432425410198,0.0361554042586613,44,0,0.7999999999999999,-0.0778249727618138,-0.0832059102212218,0.075489063998219,negative option leg,drawdown cushion with visible return cost,continuous_30d_daily_mtm
mny_daily_0049,159915,159915_DTE30_OTM4_Q90_Hold,surface,main_stepA_common_sample,2022-09-30,2026-05-27,881,OTM4,0.04,0.9,Q90,0.0990787258082883,0.1135359890950817,0.1944628700219424,0.583844047361179,0.9402338495743204,0.3060679348346393,0.3237148179596731,0.5454545454545454,-0.1394809387775679,0.1347682132951722,-0.1078943106148756,-0.6486508403444435,1.6231508403444432,0.7272727272727273,0.3409090909090909,0.0375661375661375,0.2097614906832304,0.5475465838509317,30.34090909090909,0.0378432425410198,0.0361554042586613,44,0,0.9000000000000002,-0.0891450379974565,-0.1166215678860348,0.0850356747482505,negative option leg,drawdown cushion with visible return cost,continuous_30d_daily_mtm
mny_daily_0050,159915,159915_DTE30_OTM4_Q100_Hold,surface,main_stepA_common_sample,2022-09-30,2026-05-27,881,OTM4,0.04,1.0,Q100,0.087426832008957,0.1015341093410788,0.187376954456488,0.541870848715586,0.8569373579538085,0.2783827498079543,0.3140526202477327,0.5454545454545454,-0.1362926375025027,0.1331470469071414,-0.1198825673498618,-0.648650840344444,1.623150840344444,0.7272727272727273,0.3409090909090909,0.0417401528512639,0.2330683229813671,0.6083850931677018,30.34090909090909,0.0378432425410198,0.0361554042586613,44,0,1.0,-0.1007969317967878,-0.1585947665316278,0.094697872460191,negative option leg,drawdown cushion with visible return cost,continuous_30d_daily_mtm
mny_daily_0051,159915,159915_DTE30_OTM5_Q10_Hold,surface,main_stepA_common_sample,2022-09-30,2026-05-27,881,OTM5,0.05,0.1,Q10,0.1804638452113389,0.2104803614110069,0.3008394723691763,0.699643433600745,1.306710778458811,0.4496709135835648,0.4013242568285492,0.4772727272727273,-0.165119219575622,0.4015617643259495,-0.0110599773140664,-0.7750622143676484,1.7495622143676484,0.75,0.2727272727272727,0.0034380165289256,0.0209080745341615,0.0587763975155279,30.34090909090909,0.0521280692883404,0.053390928079658,44,0,0.0999999999999999,-0.0077599185944059,-0.0008221816464688,0.0074262358793745,negative option leg,drawdown cushion with visible return cost,continuous_30d_daily_mtm
mny_daily_0052,159915,159915_DTE30_OTM5_Q20_Hold,surface,main_stepA_common_sample,2022-09-30,2026-05-27,881,OTM5,0.05,0.2,Q20,0.1723400084181756,0.1994078159409013,0.2859245850047554,0.6974140259312952,1.2878033303804153,0.4371917097653797,0.3941977959981502,0.4772727272727273,-0.1624791801926945,0.3654443833604435,-0.0221199546281328,-0.7750622143676484,1.7495622143676484,0.75,0.2727272727272727,0.0068760330578512,0.041816149068323,0.1175527950310559,30.34090909090909,0.0521280692883404,0.053390928079658,44,0,0.1999999999999999,-0.0158837553875692,-0.0030515893159186,0.0145526967097735,negative option leg,drawdown cushion with visible return cost,continuous_30d_daily_mtm
mny_daily_0053,159915,159915_DTE30_OTM5_Q30_Hold,surface,main_stepA_common_sample,2022-09-30,2026-05-27,881,OTM5,0.05,0.3,Q30,0.1638578387373774,0.1883352704707956,0.2716379694853872,0.693331903590625,1.2641072439080618,0.421838698621884,0.3884371900271098,0.4772727272727273,-0.1598323106127047,0.329790301767622,-0.0331799319421993,-0.7750622143676485,1.7495622143676486,0.75,0.2727272727272727,0.0103140495867768,0.0627242236024846,0.1763291925465838,30.34090909090909,0.0521280692883404,0.053390928079658,44,0,0.2999999999999999,-0.0243659250683674,-0.0071337116565888,0.0203133026808138,negative option leg,drawdown cushion with visible return cost,continuous_30d_daily_mtm
mny_daily_0054,159915,159915_DTE30_OTM5_Q40_Hold,surface,main_stepA_common_sample,2022-09-30,2026-05-27,881,OTM5,0.05,0.4,Q40,0.1550228691971675,0.1772627250006904,0.2580839836242692,0.6868412464477373,1.2346281881486816,0.4051446924296202,0.3826358140532654,0.4772727272727273,-0.1571785965772648,0.2945976299597421,-0.0442399092562657,-0.7750622143676484,1.7495622143676484,0.75,0.2727272727272727,0.0137520661157024,0.0836322981366461,0.2351055900621118,30.34090909090909,0.0521280692883404,0.053390928079658,44,0,0.3999999999999999,-0.0332008946085773,-0.0136243687994765,0.0261146786546583,negative option leg,drawdown cushion with visible return cost,continuous_30d_daily_mtm
mny_daily_0055,159915,159915_DTE30_OTM5_Q50_Hold,surface,main_stepA_common_sample,2022-09-30,2026-05-27,881,OTM5,0.05,0.5,Q50,0.1458405830155724,0.1661901795305854,0.2453840596327015,0.6772655883978123,1.1985740663526283,0.3870570002789595,0.3767935547231087,0.4772727272727273,-0.1545180238048276,0.2598644740065963,-0.0552998865703322,-0.7750622143676487,1.7495622143676488,0.75,0.2727272727272727,0.017190082644628,0.1045403726708077,0.2938819875776397,30.34090909090909,0.0521280692883404,0.053390928079658,44,0,0.5,-0.0423831807901724,-0.0232000268494015,0.031956937984815,negative option leg,drawdown cushion with visible return cost,continuous_30d_daily_mtm
mny_daily_0056,159915,159915_DTE30_OTM5_Q60_Hold,surface,main_stepA_common_sample,2022-09-30,2026-05-27,881,OTM5,0.05,0.6,Q60,0.1363164152424589,0.1551176340604808,0.2336774889061926,0.6638107709328869,1.155127265632046,0.3675185480810391,0.3709103008656877,0.5,-0.1518505779906602,0.2255889356480318,-0.0663598638843986,-0.7750622143676485,1.7495622143676486,0.75,0.2727272727272727,0.0206280991735537,0.1254484472049692,0.3526583850931676,30.34090909090909,0.0521280692883404,0.053390928079658,44,0,0.5999999999999999,-0.0519073485632859,-0.0366548443143269,0.0378401918422359,negative option leg,drawdown cushion with visible return cost,continuous_30d_daily_mtm
mny_daily_0057,159915,159915_DTE30_OTM5_Q70_Hold,surface,main_stepA_common_sample,2022-09-30,2026-05-27,881,OTM5,0.05,0.7,Q70,0.1264557535977528,0.144045088590375,0.2231206823725841,0.6455927216547205,1.103630663219576,0.3464674622061851,0.3649859435357256,0.5227272727272727,-0.1491762448068153,0.1917691123064924,-0.0774198411984651,-0.7750622143676484,1.7495622143676486,0.75,0.2727272727272727,0.0240661157024793,0.1463565217391308,0.4114347826086956,30.34090909090909,0.0521280692883404,0.053390928079658,44,0,0.7000000000000001,-0.061768010207992,-0.0548728935924933,0.043764549172198,negative option leg,drawdown cushion with visible return cost,continuous_30d_daily_mtm
mny_daily_0058,159915,159915_DTE30_OTM5_Q80_Hold,surface,main_stepA_common_sample,2022-09-30,2026-05-27,881,OTM5,0.05,0.8,Q80,0.1162639385244399,0.13297254312027,0.2138839567722102,0.6217041480202644,1.043673572850616,0.3238366017029121,0.359020376057122,0.5,-0.1464950099021061,0.1584030970995775,-0.0884798185125315,-0.7750622143676484,1.7495622143676484,0.75,0.2727272727272727,0.0275041322314049,0.1672645962732923,0.4702111801242236,30.34090909090909,0.0521280692883404,0.053390928079658,44,0,0.7999999999999999,-0.0719598252813049,-0.0787614672269494,0.0497301166508017,negative option leg,drawdown cushion with visible return cost,continuous_30d_daily_mtm
mny_daily_0059,159915,159915_DTE30_OTM5_Q90_Hold,surface,main_stepA_common_sample,2022-09-30,2026-05-27,881,OTM5,0.05,0.9,Q90,0.1057462624669887,0.1218999976501647,0.2061448350259863,0.5913318062749339,0.9753708195457425,0.2995530319500162,0.3530134940668323,0.5227272727272727,-0.1438068589020797,0.1392182324154243,-0.099539795826598,-0.7750622143676484,1.7495622143676488,0.75,0.2727272727272727,0.0309421487603305,0.1881726708074539,0.5289875776397516,30.34090909090909,0.0521280692883404,0.053390928079658,44,0,0.9000000000000002,-0.0824775013387562,-0.1091338089722799,0.0557369986410913,negative option leg,drawdown cushion with visible return cost,continuous_30d_daily_mtm
mny_daily_0060,159915,159915_DTE30_OTM5_Q100_Hold,surface,main_stepA_common_sample,2022-09-30,2026-05-27,881,OTM5,0.05,1.0,Q100,0.0949079683778595,0.1108274521800597,0.2000771776901876,0.5539235082157753,0.8997675665640283,0.2735374313983355,0.3469651955591079,0.5454545454545454,-0.1411117774089884,0.1381528755607488,-0.1105997731406644,-0.7750622143676487,1.7495622143676488,0.75,0.2727272727272727,0.0343801652892561,0.2090807453416154,0.5877639751552795,30.34090909090909,0.0521280692883404,0.053390928079658,44,0,1.0,-0.0933157954278853,-0.1465421070314385,0.0617852971488158,negative option leg,drawdown cushion with visible return cost,continuous_30d_daily_mtm
mny_daily_0061,159915,159915_DTE30_OTM7_Q10_Hold,surface,main_stepA_common_sample,2022-09-30,2026-05-27,881,OTM7,0.07,0.1,Q10,0.1818024745859976,0.2119870647849197,0.3020861469150455,0.7017437474368398,1.3116746783200024,0.4514432023249918,0.4027139486200943,0.4772727272727273,-0.1659575724485396,0.4015617643259486,-0.0095549841596468,-0.90922102407861,1.88372102407861,0.7954545454545454,0.25,0.0023687692986325,0.0209080745341615,0.0587763975155279,30.34090909090909,0.0700741103195983,0.0716239534863477,44,0,0.0999999999999999,-0.0064212892197472,0.0012781321896259,0.0060365440878293,near-flat option leg,"risk-adjusted defensive tradeoff, not a return upgrade",continuous_30d_daily_mtm
mny_daily_0062,159915,159915_DTE30_OTM7_Q20_Hold,surface,main_stepA_common_sample,2022-09-30,2026-05-27,881,OTM7,0.07,0.2,Q20,0.175034082951585,0.2024212226887271,0.2884400982531292,0.7017790657909371,1.2982577754782143,0.4391317743135415,0.3985912502578558,0.4772727272727273,-0.1641596165359812,0.365444383360443,-0.0191099683192937,-0.90922102407861,1.88372102407861,0.7954545454545454,0.25,0.0047375385972651,0.041816149068323,0.1175527950310559,30.34090909090909,0.0700741103195983,0.0716239534863477,44,0,0.1999999999999999,-0.0131896808541598,0.0013134505437232,0.0101592424500679,negative option leg,"risk-adjusted defensive tradeoff, not a return upgrade",continuous_30d_daily_mtm
mny_daily_0063,159915,159915_DTE30_OTM7_Q30_Hold,surface,main_stepA_common_sample,2022-09-30,2026-05-27,881,OTM7,0.07,0.3,Q30,0.1679223665565112,0.192855380592536,0.2754390972768781,0.7001743125765225,1.2806814685476449,0.4250503182350392,0.3950646767041251,0.4772727272727273,-0.1623585712335929,0.3297903017676211,-0.0286649524789406,-0.90922102407861,1.88372102407861,0.7954545454545454,0.25,0.0071063078958976,0.0627242236024846,0.1763291925465838,30.34090909090909,0.0700741103195983,0.0716239534863477,44,0,0.2999999999999999,-0.0203013972492336,-0.0002913026706913,0.0136858160037985,negative option leg,drawdown cushion with visible return cost,continuous_30d_daily_mtm
mny_daily_0064,159915,159915_DTE30_OTM7_Q40_Hold,surface,main_stepA_common_sample,2022-09-30,2026-05-27,881,OTM7,0.07,0.4,Q40,0.1604710112865712,0.1832895384963438,0.2631787572036516,0.6964450339527659,1.258079121684624,0.409864277134896,0.3915223166271611,0.4772727272727273,-0.1605544325123066,0.2945976299597421,-0.0382199366385875,-0.90922102407861,1.88372102407861,0.7954545454545454,0.25,0.0094750771945302,0.0836322981366461,0.2351055900621118,30.34090909090909,0.0700741103195983,0.0716239534863477,44,0,0.3999999999999999,-0.0277527525191736,-0.0040205812944479,0.0172281760807626,negative option leg,drawdown cushion with visible return cost,continuous_30d_daily_mtm
mny_daily_0065,159915,159915_DTE30_OTM7_Q50_Hold,surface,main_stepA_common_sample,2022-09-30,2026-05-27,881,OTM7,0.07,0.5,Q50,0.1526836144454155,0.1737236964001511,0.2517673054309197,0.6900169031193673,1.2297638680502825,0.3935508438845916,0.387964139368457,0.4772727272727273,-0.158747196339447,0.2598644740065958,-0.0477749207982344,-0.90922102407861,1.8837210240786095,0.7954545454545454,0.25,0.0118438464931627,0.1045403726708077,0.2938819875776397,30.34090909090909,0.0700741103195983,0.0716239534863477,44,0,0.5,-0.0355401493603293,-0.0104487121278465,0.0207863533394667,negative option leg,drawdown cushion with visible return cost,continuous_30d_daily_mtm
mny_daily_0066,159915,159915_DTE30_OTM7_Q60_Hold,surface,main_stepA_common_sample,2022-09-30,2026-05-27,881,OTM7,0.07,0.6,Q60,0.1445636870952074,0.1641578543039596,0.2413251951843483,0.6802350420914794,1.1951083736878612,0.3760858607136341,0.3843901145895075,0.4772727272727273,-0.1569368586787453,0.2255889356480316,-0.0573299049578813,-0.90922102407861,1.88372102407861,0.7954545454545454,0.25,0.0142126157917953,0.1254484472049692,0.3526583850931676,30.34090909090909,0.0700741103195983,0.0716239534863477,44,0,0.5999999999999999,-0.0436600767105375,-0.0202305731557344,0.0243603781184161,negative option leg,drawdown cushion with visible return cost,continuous_30d_daily_mtm
mny_daily_0067,159915,159915_DTE30_OTM7_Q70_Hold,surface,main_stepA_common_sample,2022-09-30,2026-05-27,881,OTM7,0.07,0.7,Q70,0.1361146555729591,0.1545920122077668,0.2319833603595567,0.6663926756132892,1.1535836958037116,0.3574437492019186,0.3808002122763894,0.4772727272727273,-0.1551234154903248,0.1917691123064924,-0.0668848891175281,-0.9092210240786104,1.8837210240786104,0.7954545454545454,0.25,0.0165813850904278,0.1463565217391308,0.4114347826086956,30.34090909090909,0.0700741103195983,0.0716239534863477,44,0,0.7000000000000001,-0.0521091082327858,-0.0340729396339246,0.0279502804315343,negative option leg,drawdown cushion with visible return cost,continuous_30d_daily_mtm
mny_daily_0068,159915,159915_DTE30_OTM7_Q80_Hold,surface,main_stepA_common_sample,2022-09-30,2026-05-27,881,OTM7,0.07,0.8,Q80,0.1273398621949384,0.1450261701115755,0.2238795771007049,0.6477865108988493,1.1048641585233554,0.3375974332292499,0.3771944027443675,0.5,-0.1533068627307061,0.1584030970995775,-0.0764398732771751,-0.90922102407861,1.88372102407861,0.7954545454545454,0.25,0.0189501543890604,0.1672645962732923,0.4702111801242236,30.34090909090909,0.0700741103195983,0.0716239534863477,44,0,0.7999999999999999,-0.0608839016108064,-0.0526791043483645,0.0315560899635561,negative option leg,drawdown cushion with visible return cost,continuous_30d_daily_mtm
mny_daily_0069,159915,159915_DTE30_OTM7_Q90_Hold,surface,main_stepA_common_sample,2022-09-30,2026-05-27,881,OTM7,0.07,0.9,Q90,0.1182425651529459,0.1354603280153842,0.2171524959746015,0.6238027677620057,1.0489420231974704,0.3165182543488095,0.3735726566425463,0.5,-0.1514871963528077,0.139218232415424,-0.085994857436822,-0.9092210240786106,1.8837210240786104,0.7954545454545454,0.25,0.0213189236876929,0.1881726708074539,0.5289875776397516,30.34090909090909,0.0700741103195983,0.0716239534863477,44,0,0.9000000000000002,-0.0699811986527989,-0.0766628474852081,0.0351778360653773,negative option leg,drawdown cushion with visible return cost,continuous_30d_daily_mtm
mny_daily_0070,159915,159915_DTE30_OTM7_Q100_Hold,surface,main_stepA_common_sample,2022-09-30,2026-05-27,881,OTM7,0.07,1.0,Q100,0.1088259375976206,0.125894485919192,0.2119332533590199,0.594028940356631,0.986453721488344,0.2941758789773603,0.3699349449585423,0.5227272727272727,-0.1496644123059366,0.1381528755607486,-0.0955498415964688,-0.90922102407861,1.8837210240786095,0.7954545454545454,0.25,0.0236876929863255,0.2090807453416154,0.5877639751552795,30.34090909090909,0.0700741103195983,0.0716239534863477,44,0,1.0,-0.0793978262081243,-0.1064366748905828,0.0388155477493814,negative option leg,drawdown cushion with visible return cost,continuous_30d_daily_mtm
mny_daily_0071,510050,510050_DTE30_ATM_Q10_Hold,surface,main_stepA_common_sample,2022-09-30,2026-05-27,881,ATM,0.0,0.1,Q10,0.0404552263701976,0.0516915557229597,0.1553805007727213,0.3326772372716839,0.5781594338626789,0.2002969054721546,0.2019762925185168,0.5,-0.1165778018064647,0.1792770018655487,0.00192225056064,0.0892242591276646,0.8852757408723356,0.6818181818181818,0.5681818181818182,0.0027300970873786,0.0092129032258064,0.017891129032258,30.34090909090909,-0.0003746881956516,-0.0009804551019562,44,0,0.0999999999999999,0.0035020372413951,0.0301491192874486,0.013888923346699,positive option leg,dominates buyhold in this diagnostic grid,continuous_30d_daily_mtm
mny_daily_0072,510050,510050_DTE30_ATM_Q20_Hold,surface,main_stepA_common_sample,2022-09-30,2026-05-27,881,ATM,0.0,0.2,Q20,0.0438484092320232,0.0536159906592366,0.1464893246613988,0.3660061290006409,0.6306457904010465,0.233368352320124,0.187893554529082,0.5227272727272727,-0.1135249925549081,0.1611274084223048,0.0038445011212801,0.0892242591276646,0.8852757408723356,0.6818181818181818,0.5681818181818182,0.0054601941747572,0.0184258064516129,0.0357822580645161,30.34090909090909,-0.0003746881956516,-0.0009804551019562,44,0,0.1999999999999999,0.0068952201032208,0.0634780110164055,0.0279716613361337,positive option leg,dominates buyhold in this diagnostic grid,continuous_30d_daily_mtm
mny_daily_0073,510050,510050_DTE30_ATM_Q30_Hold,surface,main_stepA_common_sample,2022-09-30,2026-05-27,881,ATM,0.0,0.3,Q30,0.0471314748307591,0.0555404255955135,0.1378755635589547,0.4028300894071399,0.6871080131701667,0.271244048228869,0.1737604018908861,0.5454545454545454,-0.1104641998923304,0.1431624351502654,0.0057667516819201,0.0892242591276646,0.8852757408723353,0.6818181818181818,0.5681818181818182,0.0081902912621359,0.0276387096774194,0.0536733870967741,30.34090909090909,-0.0003746881956516,-0.0009804551019562,44,0,0.2999999999999999,0.0101782857019567,0.1003019714229045,0.0421048139743296,positive option leg,dominates buyhold in this diagnostic grid,continuous_30d_daily_mtm
mny_daily_0074,510050,510050_DTE30_ATM_Q40_Hold,surface,main_stepA_common_sample,2022-09-30,2026-05-27,881,ATM,0.0,0.4,Q40,0.0503031822523813,0.0574648605317903,0.1295945461090925,0.4434203618678249,0.7473595656087184,0.3155079727798472,0.1594355344151051,0.5681818181818182,-0.1073954099498873,0.1253811117487206,0.0076890022425602,0.0892242591276646,0.8852757408723356,0.6818181818181818,0.5681818181818182,0.0109203883495145,0.0368516129032259,0.0715645161290322,30.34090909090909,-0.0003746881956516,-0.0009804551019562,44,0,0.3999999999999999,0.0133499931235789,0.1408922438835895,0.0564296814501106,positive option leg,dominates buyhold in this diagnostic grid,continuous_30d_daily_mtm
mny_daily_0075,510050,510050_DTE30_ATM_Q50_Hold,surface,main_stepA_common_sample,2022-09-30,2026-05-27,881,ATM,0.0,0.5,Q50,0.0533623131439819,0.0593892954680672,0.1217142074834311,0.4879405346015327,0.8110273745862819,0.3682255821729864,0.1449174520387158,0.5681818181818182,-0.1043186088523749,0.1077824682292438,0.0096112528032003,0.0892242591276646,0.8852757408723353,0.6818181818181818,0.5681818181818182,0.0136504854368932,0.0460645161290323,0.0894556451612903,30.34090909090909,-0.0003746881956516,-0.0009804551019562,44,0,0.5,0.0164091240151795,0.1854124166172973,0.0709477638264999,positive option leg,dominates buyhold in this diagnostic grid,continuous_30d_daily_mtm
mny_daily_0076,510050,510050_DTE30_ATM_Q60_Hold,surface,main_stepA_common_sample,2022-09-30,2026-05-27,881,ATM,0.0,0.6,Q60,0.0563076722981756,0.0613137304043446,0.1143174387090324,0.5363462573755176,0.8773962624384904,0.4324547834933577,0.1302047623183257,0.5681818181818182,-0.1012337827182802,0.0960173629499576,0.0115335033638403,0.0892242591276646,0.8852757408723353,0.6818181818181818,0.5681818181818182,0.0163805825242718,0.0552774193548388,0.1073467741935483,30.34090909090909,-0.0003746881956516,-0.0009804551019562,44,0,0.5999999999999999,0.0193544831693732,0.2338181393912822,0.08566045354689,positive option leg,dominates buyhold in this diagnostic grid,continuous_30d_daily_mtm
mny_daily_0077,510050,510050_DTE30_ATM_Q70_Hold,surface,main_stepA_common_sample,2022-09-30,2026-05-27,881,ATM,0.0,0.7,Q70,0.0591380882299203,0.0632381653406218,0.1075041015507906,0.5882395594994555,0.9451344738462876,0.4904823241688311,0.1205712934306766,0.6136363636363636,-0.0981409176598278,0.0897687150573656,0.0134557539244804,0.0892242591276646,0.8852757408723353,0.6818181818181818,0.5681818181818182,0.0191106796116504,0.0644903225806453,0.1252379032258064,30.34090909090909,-0.0003746881956516,-0.0009804551019562,44,0,0.7000000000000001,0.0221848991011179,0.2857114415152201,0.0952939224345391,positive option leg,dominates buyhold in this diagnostic grid,continuous_30d_daily_mtm
mny_daily_0078,510050,510050_DTE30_ATM_Q80_Hold,surface,main_stepA_common_sample,2022-09-30,2026-05-27,881,ATM,0.0,0.8,Q80,0.0618524137454195,0.065162600276899,0.1013918807157046,0.6426806546730324,1.012681817816856,0.5536758764934828,0.1117123146797376,0.6590909090909091,-0.0950399997830344,0.0835311468263928,0.0153780044851205,0.0892242591276646,0.8852757408723356,0.6818181818181818,0.5681818181818182,0.0218407766990291,0.0737032258064518,0.1431290322580645,30.34090909090909,-0.0003746881956516,-0.0009804551019562,44,0,0.7999999999999999,0.024899224616617,0.340152536688797,0.1041529011854781,positive option leg,dominates buyhold in this diagnostic grid,continuous_30d_daily_mtm
mny_daily_0079,510050,510050_DTE30_ATM_Q90_Hold,surface,main_stepA_common_sample,2022-09-30,2026-05-27,881,ATM,0.0,0.9,Q90,0.0644495265027262,0.067087035213176,0.0961146277497257,0.6979898563189044,1.0783157226621234,0.6266228338966366,0.1028521831896049,0.7045454545454546,-0.0919310151877569,0.0773048085735217,0.0173002550457605,0.0892242591276646,0.8852757408723354,0.6818181818181818,0.5681818181818182,0.0245708737864077,0.0829161290322583,0.1610201612903226,30.34090909090909,-0.0003746881956516,-0.0009804551019562,44,0,0.9000000000000002,0.0274963373739238,0.3954617383346691,0.1130130326756108,positive option leg,dominates buyhold in this diagnostic grid,continuous_30d_daily_mtm
mny_daily_0080,510050,510050_DTE30_ATM_Q100_Hold,surface,main_stepA_common_sample,2022-09-30,2026-05-27,881,ATM,0.0,1.0,Q100,0.0669283295637235,0.0690114701494536,0.0918164278734728,0.7516244287411675,1.139392829770408,0.7115376943748405,0.0940615375584943,0.7045454545454546,-0.0888139499677465,0.071089849692161,0.0192225056064006,0.0892242591276646,0.8852757408723353,0.6818181818181818,0.5681818181818182,0.0273009708737864,0.0921290322580647,0.1789112903225806,30.34090909090909,-0.0003746881956516,-0.0009804551019562,44,0,1.0,0.0299751404349211,0.4490963107569322,0.1218036783067214,positive option leg,dominates buyhold in this diagnostic grid,continuous_30d_daily_mtm
mny_daily_0081,510050,510050_DTE30_OTM1_Q10_Hold,surface,main_stepA_common_sample,2022-09-30,2026-05-27,881,OTM1,0.01,0.1,Q10,0.0388712858334654,0.0503587163457394,0.1566073257734342,0.3215604129438621,0.5585570460503574,0.1884189994415687,0.2063023683846699,0.5,-0.1173555771926172,0.1792770018655485,0.0005909240544498,0.0474322115269271,0.9270677884730728,0.7045454545454546,0.4545454545454545,0.002357281553398,0.0092129032258064,0.017891129032258,30.34090909090909,0.0111283548637382,0.0105006686032568,44,0,0.0999999999999999,0.001918096704663,0.0190322949596267,0.0095628474805458,positive option leg,dominates buyhold in this diagnostic grid,continuous_30d_daily_mtm
mny_daily_0082,510050,510050_DTE30_OTM1_Q20_Hold,surface,main_stepA_common_sample,2022-09-30,2026-05-27,881,OTM1,0.01,0.2,Q20,0.0406931246536632,0.0509503119047956,0.1489461048590429,0.3420721337628338,0.5888897775817518,0.206912716903043,0.1966680698157938,0.5227272727272727,-0.1150839789671154,0.1611274084223055,0.0011818481088997,0.0474322115269271,0.9270677884730728,0.7045454545454546,0.4545454545454545,0.0047145631067961,0.0184258064516129,0.0357822580645161,30.34090909090909,0.0111283548637382,0.0105006686032568,44,0,0.1999999999999999,0.0037399355248608,0.0395440157785985,0.0191971460494219,positive option leg,dominates buyhold in this diagnostic grid,continuous_30d_daily_mtm
mny_daily_0083,510050,510050_DTE30_OTM1_Q30_Hold,surface,main_stepA_common_sample,2022-09-30,2026-05-27,881,OTM1,0.01,0.3,Q30,0.0424180817284065,0.0515419074638539,0.1415587064398006,0.3641027016997555,0.6203904734667548,0.2267379295608272,0.1870797788908406,0.5454545454545454,-0.1128078402702879,0.1431624351502647,0.0017727721633495,0.0474322115269271,0.9270677884730728,0.7045454545454546,0.4545454545454545,0.0070718446601941,0.0276387096774194,0.0536733870967741,30.34090909090909,0.0111283548637382,0.0105006686032568,44,0,0.2999999999999999,0.0054648925996041,0.0615745837155202,0.0287854369743751,positive option leg,dominates buyhold in this diagnostic grid,continuous_30d_daily_mtm
mny_daily_0084,510050,510050_DTE30_OTM1_Q40_Hold,surface,main_stepA_common_sample,2022-09-30,2026-05-27,881,OTM1,0.01,0.4,Q40,0.0440455488167115,0.0521335030229099,0.1344902603707514,0.3876377581483797,0.652716331532508,0.2482751994882238,0.1774061561827511,0.5454545454545454,-0.1105271545337225,0.1253811117487204,0.0023636962177994,0.0474322115269271,0.9270677884730728,0.7045454545454546,0.4545454545454545,0.0094291262135922,0.0368516129032259,0.0715645161290322,30.34090909090909,0.0111283548637382,0.0105006686032568,44,0,0.3999999999999999,0.0070923596879091,0.0851096401641444,0.0384590596824646,positive option leg,dominates buyhold in this diagnostic grid,continuous_30d_daily_mtm
mny_daily_0085,510050,510050_DTE30_OTM1_Q50_Hold,surface,main_stepA_common_sample,2022-09-30,2026-05-27,881,OTM1,0.01,0.5,Q50,0.0455749335550328,0.052725098581968,0.1277937026998183,0.412579786547205,0.6854819776555253,0.2718507349700302,0.1676469021136072,0.5454545454545454,-0.1082419151832342,0.1077824682292436,0.0029546202722492,0.0474322115269271,0.927067788473073,0.7045454545454546,0.4545454545454545,0.0117864077669902,0.0460645161290323,0.0894556451612903,30.34090909090909,0.0111283548637382,0.0105006686032568,44,0,0.5,0.0086217444262304,0.1100516685629696,0.0482183137516085,positive option leg,dominates buyhold in this diagnostic grid,continuous_30d_daily_mtm
mny_daily_0086,510050,510050_DTE30_OTM1_Q60_Hold,surface,main_stepA_common_sample,2022-09-30,2026-05-27,881,OTM1,0.01,0.6,Q60,0.0470056597088861,0.0533166941410257,0.1215305242082036,0.4387103115731209,0.7181605872889345,0.2978779860617304,0.1578017238881995,0.5681818181818182,-0.1059521156388653,0.0982764734411827,0.0035455443266991,0.0474322115269271,0.9270677884730728,0.7045454545454546,0.4545454545454545,0.0141436893203883,0.0552774193548388,0.1073467741935483,30.34090909090909,0.0111283548637382,0.0105006686032568,44,0,0.5999999999999999,0.0100524705800837,0.1361821935888856,0.0580634919770162,positive option leg,dominates buyhold in this diagnostic grid,continuous_30d_daily_mtm
mny_daily_0087,510050,510050_DTE30_OTM1_Q70_Hold,surface,main_stepA_common_sample,2022-09-30,2026-05-27,881,OTM1,0.01,0.7,Q70,0.0483371674186066,0.0539082897000821,0.1157710832996141,0.4656455495071095,0.7500543772642971,0.3268888733338425,0.1478703356453531,0.5909090909090909,-0.1036577493148841,0.0923992841746774,0.004136468381149,0.0474322115269271,0.9270677884730728,0.7045454545454546,0.4545454545454545,0.0165009708737864,0.0644903225806453,0.1252379032258064,30.34090909090909,0.0111283548637382,0.0105006686032568,44,0,0.7000000000000001,0.0113839782898041,0.1631174315228742,0.0679948802198626,positive option leg,dominates buyhold in this diagnostic grid,continuous_30d_daily_mtm
mny_daily_0088,510050,510050_DTE30_OTM1_Q80_Hold,surface,main_stepA_common_sample,2022-09-30,2026-05-27,881,OTM1,0.01,0.8,Q80,0.0495689134390777,0.0544998852591396,0.1105941078532931,0.4927919426904334,0.780416773818673,0.359579465892817,0.1378524586102288,0.6136363636363636,-0.1013588096197859,0.0865316715885771,0.0047273924355988,0.0474322115269271,0.9270677884730728,0.7045454545454546,0.4545454545454545,0.0188582524271844,0.0737032258064518,0.1431290322580645,30.34090909090909,0.0111283548637382,0.0105006686032568,44,0,0.7999999999999999,0.0126157243102753,0.1902638247061981,0.0780127572549869,positive option leg,dominates buyhold in this diagnostic grid,continuous_30d_daily_mtm
mny_daily_0089,510050,510050_DTE30_OTM1_Q90_Hold,surface,main_stepA_common_sample,2022-09-30,2026-05-27,881,OTM1,0.01,0.9,Q90,0.0507003713733154,0.0550914808181964,0.1060849056408103,0.5193149815745609,0.8084791189562134,0.3968785602616997,0.1277478212475973,0.6363636363636364,-0.0990552899562905,0.0806737648739623,0.0053183164900487,0.0474322115269271,0.9270677884730728,0.7045454545454546,0.4545454545454545,0.0212155339805825,0.0829161290322583,0.1610201612903226,30.34090909090909,0.0111283548637382,0.0105006686032568,44,0,0.9000000000000002,0.0137471822445129,0.2167868635903255,0.0881173946176184,positive option leg,dominates buyhold in this diagnostic grid,continuous_30d_daily_mtm
mny_daily_0090,510050,510050_DTE30_OTM1_Q100_Hold,surface,main_stepA_common_sample,2022-09-30,2026-05-27,881,OTM1,0.01,1.0,Q100,0.0517310318997996,0.0556830763772544,0.1023317901105401,0.5441425027071727,0.8332285862052989,0.4280242224823634,0.120860056937388,0.6590909090909091,-0.0967471837213438,0.0748256924669619,0.0059092405444985,0.0474322115269271,0.927067788473073,0.7045454545454546,0.4545454545454545,0.0235728155339805,0.0921290322580647,0.1789112903225806,30.34090909090909,0.0111283548637382,0.0105006686032568,44,0,1.0,0.0147778427709972,0.2416143847229373,0.0950051589278277,positive option leg,dominates buyhold in this diagnostic grid,continuous_30d_daily_mtm
mny_daily_0091,510050,510050_DTE30_OTM2_Q10_Hold,surface,main_stepA_common_sample,2022-09-30,2026-05-27,881,OTM2,0.02,0.1,Q10,0.040665847171639,0.0522615070827243,0.1577445854698937,0.331304601847641,0.5770787752785562,0.1969342260854683,0.2064945640987273,0.5,-0.1178057631002567,0.181411030047256,0.0024915549835605,0.1981521069618035,0.7763478930381963,0.7727272727272727,0.3181818181818182,0.0018152218152218,0.0079274193548387,0.0166693548387096,30.34090909090909,0.0203326524677759,0.0192731615793364,44,0,0.0999999999999999,0.0037126580428366,0.0287764838634056,0.0093706517664884,positive option leg,dominates buyhold in this diagnostic grid,continuous_30d_daily_mtm
mny_daily_0092,510050,510050_DTE30_OTM2_Q20_Hold,surface,main_stepA_common_sample,2022-09-30,2026-05-27,881,OTM2,0.02,0.2,Q20,0.0443094022624992,0.0547558933787653,0.1512114905693915,0.3621146327741385,0.6271019832760936,0.2245709139250246,0.1973069507892388,0.5454545454545454,-0.1159860011058985,0.165344304180107,0.004983109967121,0.1981521069618035,0.7763478930381963,0.7727272727272727,0.3181818181818182,0.0036304436304436,0.0158548387096774,0.0333387096774193,30.34090909090909,0.0203326524677759,0.0192731615793364,44,0,0.1999999999999999,0.0073562131336968,0.0595865147899031,0.0185582650759769,positive option leg,dominates buyhold in this diagnostic grid,continuous_30d_daily_mtm
mny_daily_0093,510050,510050_DTE30_OTM2_Q30_Hold,surface,main_stepA_common_sample,2022-09-30,2026-05-27,881,OTM2,0.02,0.3,Q30,0.0478829832718097,0.0572502796748075,0.1449354555449842,0.395005345376229,0.6794339163213625,0.2546417965112523,0.1880405492257585,0.5454545454545454,-0.1141633522335898,0.1494115343844264,0.0074746649506816,0.1981521069618035,0.7763478930381964,0.7727272727272727,0.3181818181818182,0.0054456654456654,0.0237822580645162,0.050008064516129,30.34090909090909,0.0203326524677759,0.0192731615793364,44,0,0.2999999999999999,0.0109297941430073,0.0924772273919937,0.0278246666394572,positive option leg,dominates buyhold in this diagnostic grid,continuous_30d_daily_mtm
mny_daily_0094,510050,510050_DTE30_OTM2_Q40_Hold,surface,main_stepA_common_sample,2022-09-30,2026-05-27,881,OTM2,0.02,0.4,Q40,0.0513857219474536,0.0597446659708496,0.1389513167498363,0.4299683325665208,0.733768416600814,0.2875686211647707,0.1786902956912349,0.5454545454545454,-0.1123378131883996,0.1336122458707305,0.0099662199342421,0.1981521069618035,0.7763478930381963,0.7727272727272727,0.3181818181818182,0.0072608872608872,0.0317096774193549,0.0666774193548387,30.34090909090909,0.0203326524677759,0.0192731615793364,44,0,0.3999999999999999,0.0144325328186512,0.1274402145822855,0.0371749201739808,positive option leg,dominates buyhold in this diagnostic grid,continuous_30d_daily_mtm
mny_daily_0095,510050,510050_DTE30_OTM2_Q50_Hold,surface,main_stepA_common_sample,2022-09-30,2026-05-27,881,OTM2,0.02,0.5,Q50,0.054816753098732,0.0622390522668911,0.1332983921045597,0.4669152514463239,0.7896770333741666,0.3238693287388009,0.1692557714933897,0.5454545454545454,-0.1105093806732343,0.1179459631587354,0.0124577749178027,0.1981521069618034,0.7763478930381965,0.7727272727272727,0.3181818181818182,0.009076109076109,0.0396370967741937,0.0833467741935483,30.34090909090909,0.0203326524677759,0.0192731615793364,44,0,0.5,0.0178635639699296,0.1643871334620886,0.046609444371826,positive option leg,dominates buyhold in this diagnostic grid,continuous_30d_daily_mtm
mny_daily_0096,510050,510050_DTE30_OTM2_Q60_Hold,surface,main_stepA_common_sample,2022-09-30,2026-05-27,881,OTM2,0.02,0.6,Q60,0.0581752147781109,0.0647334385629327,0.1280205647834552,0.5056487500459659,0.8464824786039737,0.3641947366450202,0.1597365610333193,0.5681818181818182,-0.1086780513888404,0.1095624140878357,0.0149493299013632,0.1981521069618035,0.7763478930381964,0.7727272727272727,0.3181818181818182,0.0108913308913308,0.0475645161290324,0.100016129032258,30.34090909090909,0.0203326524677759,0.0192731615793364,44,0,0.5999999999999999,0.0212220256493085,0.2031206320617305,0.0561286548318964,positive option leg,dominates buyhold in this diagnostic grid,continuous_30d_daily_mtm
mny_daily_0097,510050,510050_DTE30_OTM2_Q70_Hold,surface,main_stepA_common_sample,2022-09-30,2026-05-27,881,OTM2,0.02,0.7,Q70,0.0614602484606434,0.067227824858975,0.1231660644656435,0.5458307460796386,0.9034839387538688,0.4093740530778826,0.1501322519064264,0.5681818181818182,-0.106843822033801,0.1055300033938584,0.0174408848849238,0.1981521069618035,0.7763478930381964,0.7727272727272727,0.3181818181818182,0.0127065527065527,0.0554919354838711,0.1166854838709677,30.34090909090909,0.0203326524677759,0.0192731615793364,44,0,0.7000000000000001,0.024507059331841,0.2433026280954032,0.0657329639587893,positive option leg,dominates buyhold in this diagnostic grid,continuous_30d_daily_mtm
mny_daily_0098,510050,510050_DTE30_OTM2_Q80_Hold,surface,main_stepA_common_sample,2022-09-30,2026-05-27,881,OTM2,0.02,0.8,Q80,0.0646709992209948,0.0697222111550168,0.1187868032363091,0.5869525002395646,0.9598287592900652,0.4604804752851293,0.1404424350043301,0.5681818181818182,-0.1050066893045413,0.1014967131573558,0.0199324398684843,0.1981521069618035,0.7763478930381963,0.7727272727272727,0.3181818181818182,0.0145217745217745,0.0634193548387099,0.1333548387096774,30.34090909090909,0.0203326524677759,0.0192731615793364,44,0,0.7999999999999999,0.0277178100921924,0.2844243822553292,0.0754227808608856,positive option leg,dominates buyhold in this diagnostic grid,continuous_30d_daily_mtm
mny_daily_0099,510050,510050_DTE30_OTM2_Q90_Hold,surface,main_stepA_common_sample,2022-09-30,2026-05-27,881,OTM2,0.02,0.9,Q90,0.0678066159079462,0.0722165974510583,0.1149371157151356,0.6283139871896786,1.0146848489263294,0.5189280322503503,0.1306667046177875,0.5681818181818182,-0.1031666498953249,0.0974626325992074,0.0224239948520449,0.1981521069618035,0.7763478930381965,0.7727272727272727,0.3181818181818182,0.0163369963369963,0.0713467741935486,0.150024193548387,30.34090909090909,0.0203326524677759,0.0192731615793364,44,0,0.9000000000000002,0.0308534267791438,0.3257858692054432,0.0851985112474282,positive option leg,dominates buyhold in this diagnostic grid,continuous_30d_daily_mtm
mny_daily_0100,510050,510050_DTE30_OTM2_Q100_Hold,surface,main_stepA_common_sample,2022-09-30,2026-05-27,881,OTM2,0.02,1.0,Q100,0.0708662513162801,0.0747109837471005,0.1116717836939738,0.6690229284045387,1.0673950077180514,0.5866185308779336,0.1208046585405708,0.5681818181818182,-0.1013237004982557,0.093427850768549,0.0249155498356054,0.1981521069618034,0.7763478930381965,0.7727272727272727,0.3181818181818182,0.0181522181522181,0.0792741935483874,0.1666935483870967,30.34090909090909,0.0203326524677759,0.0192731615793364,44,0,1.0,0.0339130621874776,0.3664948104203033,0.0950605573246449,positive option leg,dominates buyhold in this diagnostic grid,continuous_30d_daily_mtm
mny_daily_0101,510050,510050_DTE30_OTM3_Q10_Hold,surface,main_stepA_common_sample,2022-09-30,2026-05-27,881,OTM3,0.03,0.1,Q10,0.0402743430613381,0.052027150515605,0.1586476960082808,0.3279414187829708,0.5717487860438556,0.1928909134632877,0.2087933658368175,0.5227272727272727,-0.1182906887347371,0.1814110300472553,0.0022574644284348,0.2405121798125855,0.7339878201874144,0.8409090909090909,0.25,0.0013489527866524,0.0079274193548387,0.0166693548387096,30.34090909090909,0.0298841588190635,0.0304948764447551,44,0,0.0999999999999999,0.0033211539325357,0.0254133007987354,0.0070718500283982,positive option leg,dominates buyhold in this diagnostic grid,continuous_30d_daily_mtm
mny_daily_0102,510050,510050_DTE30_OTM3_Q20_Hold,surface,main_stepA_common_sample,2022-09-30,2026-05-27,881,OTM3,0.03,0.2,Q20,0.04353541123953,0.0542871802445251,0.1530158924691793,0.3547813195643043,0.6156370530754377,0.2158764931965528,0.2016681417920368,0.5454545454545454,-0.1169571692998192,0.1653443041801063,0.0045149288568696,0.2405121798125855,0.7339878201874144,0.8409090909090909,0.25,0.0026979055733049,0.0158548387096774,0.0333387096774193,30.34090909090909,0.0298841588190635,0.0304948764447551,44,0,0.1999999999999999,0.0065822221107276,0.052253201580069,0.0141970740731789,positive option leg,dominates buyhold in this diagnostic grid,continuous_30d_daily_mtm
mny_daily_0103,510050,510050_DTE30_OTM3_Q30_Hold,surface,main_stepA_common_sample,2022-09-30,2026-05-27,881,OTM3,0.03,0.3,Q30,0.0467357178558747,0.0565472099734467,0.147634413558618,0.3830218755262967,0.6610108464940678,0.2402263874700236,0.1945486436693245,0.5681818181818182,-0.1156220818605621,0.1494115343844264,0.0067723932853044,0.2405121798125857,0.7339878201874146,0.8409090909090909,0.25,0.0040468583599574,0.0237822580645162,0.050008064516129,30.34090909090909,0.0298841588190635,0.0304948764447551,44,0,0.2999999999999999,0.0097825287270723,0.0804937575420613,0.0213165721958912,positive option leg,dominates buyhold in this diagnostic grid,continuous_30d_daily_mtm
mny_daily_0104,510050,510050_DTE30_OTM3_Q40_Hold,surface,main_stepA_common_sample,2022-09-30,2026-05-27,881,OTM3,0.03,0.4,Q40,0.0498745869371717,0.0588072397023686,0.1425316161583411,0.4125908432627225,0.7075950411854186,0.2660951042382696,0.1874314338850538,0.5681818181818182,-0.1142854250721052,0.1336122458707307,0.0090298577137393,0.2405121798125855,0.7339878201874144,0.8409090909090909,0.25,0.0053958111466098,0.0317096774193549,0.0666774193548387,30.34090909090909,0.0298841588190635,0.0304948764447551,44,0,0.3999999999999999,0.0129213978083693,0.1100627252784872,0.028433781980162,positive option leg,dominates buyhold in this diagnostic grid,continuous_30d_daily_mtm
mny_daily_0105,510050,510050_DTE30_OTM3_Q50_Hold,surface,main_stepA_common_sample,2022-09-30,2026-05-27,881,OTM3,0.03,0.5,Q50,0.0529513424368688,0.0610672694312906,0.1377384766936034,0.4433566487535188,0.7549659328692357,0.2937464827217358,0.1802620475528529,0.5681818181818182,-0.1129471975888446,0.1179459631587354,0.0112873221421741,0.2405121798125856,0.7339878201874145,0.8409090909090909,0.25,0.0067447639332623,0.0396370967741937,0.0833467741935483,30.34090909090909,0.0298841588190635,0.0304948764447551,44,0,0.5,0.0159981533080664,0.1408285307692834,0.0356031683123628,positive option leg,dominates buyhold in this diagnostic grid,continuous_30d_daily_mtm
mny_daily_0106,510050,510050_DTE30_OTM3_Q60_Hold,surface,main_stepA_common_sample,2022-09-30,2026-05-27,881,OTM3,0.03,0.6,Q60,0.0559653083249385,0.0633272991602116,0.1332884058659791,0.4751148364988848,0.8025801224320892,0.323423706246293,0.1730402170406145,0.5909090909090909,-0.1116073980644321,0.1116893322858845,0.0135447865706089,0.2405121798125857,0.7339878201874146,0.8409090909090909,0.25,0.0080937167199148,0.0475645161290324,0.100016129032258,30.34090909090909,0.0298841588190635,0.0304948764447551,44,0,0.5999999999999999,0.0190121191961361,0.1725867185146494,0.0428249988246012,positive option leg,dominates buyhold in this diagnostic grid,continuous_30d_daily_mtm
mny_daily_0107,510050,510050_DTE30_OTM3_Q70_Hold,surface,main_stepA_common_sample,2022-09-30,2026-05-27,881,OTM3,0.03,0.7,Q70,0.0589158086752219,0.0655873288891335,0.1292168531344408,0.5075756551732044,0.8498971452983372,0.3554162152417856,0.1657656745771776,0.5909090909090909,-0.1102660251517768,0.1080084336727906,0.0158022509990437,0.2405121798125855,0.7339878201874142,0.8409090909090909,0.25,0.0094426695065672,0.0554919354838711,0.1166854838709677,30.34090909090909,0.0298841588190635,0.0304948764447551,44,0,0.7000000000000001,0.0219626195464195,0.205047537188969,0.0500995412880381,positive option leg,dominates buyhold in this diagnostic grid,continuous_30d_daily_mtm
mny_daily_0108,510050,510050_DTE30_OTM3_Q80_Hold,surface,main_stepA_common_sample,2022-09-30,2026-05-27,881,OTM3,0.03,0.8,Q80,0.0618021677501789,0.0678473586180552,0.1255606464976003,0.5403552825713738,0.8963536702005382,0.3900712477732899,0.158438152268271,0.5909090909090909,-0.1089230775030429,0.1043257730795654,0.0180597154274786,0.2405121798125855,0.7339878201874144,0.8409090909090909,0.25,0.0107916222932197,0.0634193548387099,0.1333548387096774,30.34090909090909,0.0298841588190635,0.0304948764447551,44,0,0.7999999999999999,0.0248489786213765,0.2378271645871384,0.0574270635969447,positive option leg,dominates buyhold in this diagnostic grid,continuous_30d_daily_mtm
mny_daily_0109,510050,510050_DTE30_OTM3_Q90_Hold,surface,main_stepA_common_sample,2022-09-30,2026-05-27,881,OTM3,0.03,0.9,Q90,0.0646237100829836,0.0701073883469763,0.1223570250663078,0.5729739531423201,0.9413193211831878,0.4278090165417633,0.151057382112644,0.5909090909090909,-0.1075785537696514,0.1006414275991818,0.0203171798559134,0.2405121798125856,0.7339878201874145,0.8409090909090909,0.25,0.0121405750798722,0.0713467741935486,0.150024193548387,30.34090909090909,0.0298841588190635,0.0304948764447551,44,0,0.9000000000000002,0.0276705209541812,0.2704458351580848,0.0648078337525717,positive option leg,dominates buyhold in this diagnostic grid,continuous_30d_daily_mtm
mny_daily_0110,510050,510050_DTE30_OTM3_Q100_Hold,surface,main_stepA_common_sample,2022-09-30,2026-05-27,881,OTM3,0.03,1.0,Q100,0.0673797605568895,0.0723674180758987,0.1196423505139915,0.604864563133401,0.9843043547766634,0.4691429333083399,0.1436230960183829,0.5909090909090909,-0.1062324526022778,0.0969554742040545,0.0225746442843482,0.2405121798125856,0.7339878201874145,0.8409090909090909,0.25,0.0134895278665246,0.0792741935483874,0.1666935483870967,30.34090909090909,0.0298841588190635,0.0304948764447551,44,0,1.0,0.0304265714280871,0.3023364451491656,0.0722421198468328,positive option leg,dominates buyhold in this diagnostic grid,continuous_30d_daily_mtm
mny_daily_0111,510050,510050_DTE30_OTM4_Q10_Hold,surface,main_stepA_common_sample,2022-09-30,2026-05-27,881,OTM4,0.04,0.1,Q10,0.0401086328946875,0.0520046504565202,0.1595183427174853,0.3260104735956481,0.5691825495317449,0.1912419918678332,0.2097271237501361,0.5227272727272727,-0.1186638604618181,0.1832627051520596,0.0022349899085785,0.3154808837079956,0.6590191162920043,0.8409090909090909,0.2045454545454545,0.001126213592233,0.0066427419354839,0.015266129032258,30.34090909090909,0.0392906074944722,0.0377934434538208,44,0,0.0999999999999999,0.0031554437658851,0.0234823556114127,0.0061380921150796,positive option leg,dominates buyhold in this diagnostic grid,continuous_30d_daily_mtm
mny_daily_0112,510050,510050_DTE30_OTM4_Q20_Hold,surface,main_stepA_common_sample,2022-09-30,2026-05-27,881,OTM4,0.04,0.2,Q20,0.0432159474393485,0.0542421801263585,0.1547328046554403,0.3505538482750656,0.6100773448148683,0.2123137775509479,0.2035475414636161,0.5227272727272727,-0.1177042844332196,0.1690159042621866,0.0044699798171571,0.3154808837079956,0.6590191162920043,0.8409090909090909,0.2045454545454545,0.002252427184466,0.0132854838709678,0.0305322580645161,30.34090909090909,0.0392906074944722,0.0377934434538208,44,0,0.1999999999999999,0.0062627583105461,0.0480257302908302,0.0123176744015996,positive option leg,dominates buyhold in this diagnostic grid,continuous_30d_daily_mtm
mny_daily_0113,510050,510050_DTE30_OTM4_Q30_Hold,surface,main_stepA_common_sample,2022-09-30,2026-05-27,881,OTM4,0.04,0.3,Q30,0.0462746434804921,0.0564797097961974,0.150166647056538,0.3761135438745776,0.6520136399251305,0.234508301935046,0.1973262485748128,0.5681818181818182,-0.1167439129475199,0.1548714859718121,0.0067049697257356,0.3154808837079957,0.6590191162920043,0.8409090909090909,0.2045454545454545,0.003378640776699,0.0199282258064517,0.0457983870967741,30.34090909090909,0.0392906074944722,0.0377934434538208,44,0,0.2999999999999999,0.0093214543516897,0.0735854258903422,0.0185389672904029,positive option leg,dominates buyhold in this diagnostic grid,continuous_30d_daily_mtm
mny_daily_0114,510050,510050_DTE30_OTM4_Q40_Hold,surface,main_stepA_common_sample,2022-09-30,2026-05-27,881,OTM4,0.04,0.4,Q40,0.049284230432703,0.0587172394660351,0.1458404772973739,0.402612776330323,0.6947581291673348,0.2579475054663629,0.1910630240195512,0.5681818181818182,-0.1157827455284202,0.1408291523724294,0.0089399596343142,0.3154808837079956,0.6590191162920043,0.8409090909090909,0.2045454545454545,0.004504854368932,0.0265709677419356,0.0610645161290322,30.34090909090909,0.0392906074944722,0.0377934434538208,44,0,0.3999999999999999,0.0123310413039006,0.1000846583460876,0.0248021918456645,positive option leg,dominates buyhold in this diagnostic grid,continuous_30d_daily_mtm
mny_daily_0115,510050,510050_DTE30_OTM4_Q50_Hold,surface,main_stepA_common_sample,2022-09-30,2026-05-27,881,OTM4,0.04,0.5,Q50,0.0522442164528711,0.0609547691358731,0.1417762660917106,0.4299363413650871,0.7379606190915754,0.2827591655228087,0.1847657753419733,0.5681818181818182,-0.1148207816994405,0.126888605090216,0.0111749495428928,0.3154808837079956,0.6590191162920044,0.8409090909090909,0.2045454545454545,0.005631067961165,0.0332137096774195,0.0763306451612903,30.34090909090909,0.0392906074944722,0.0377934434538208,44,0,0.5,0.0152910273240687,0.1274082233808517,0.0310994405232424,positive option leg,dominates buyhold in this diagnostic grid,continuous_30d_daily_mtm
mny_daily_0116,510050,510050_DTE30_OTM4_Q60_Hold,surface,main_stepA_common_sample,2022-09-30,2026-05-27,881,OTM4,0.04,0.6,Q60,0.0551541084836375,0.0631922988057112,0.1379971605285701,0.4579246309392596,0.7811671708286699,0.309025694361333,0.1784774194832736,0.5681818181818182,-0.11385802098392,0.1237849578515406,0.0134099394514713,0.3154808837079957,0.6590191162920043,0.8409090909090909,0.2045454545454545,0.006757281553398,0.0398564516129034,0.0915967741935483,30.34090909090909,0.0392906074944722,0.0377934434538208,44,0,0.5999999999999999,0.0182009193548351,0.1553965129550242,0.0373877963819421,positive option leg,dominates buyhold in this diagnostic grid,continuous_30d_daily_mtm
mny_daily_0117,510050,510050_DTE30_OTM4_Q70_Hold,surface,main_stepA_common_sample,2022-09-30,2026-05-27,881,OTM4,0.04,0.7,Q70,0.0580134122948909,0.0654298284755498,0.1345271901120627,0.486368803370129,0.823930326070303,0.3369985035647545,0.1721473884341556,0.5681818181818182,-0.1128944629050185,0.122105051229499,0.0156449293600499,0.3154808837079956,0.6590191162920043,0.8409090909090909,0.2045454545454545,0.007883495145631,0.0464991935483873,0.1068629032258064,30.34090909090909,0.0392906074944722,0.0377934434538208,44,0,0.7000000000000001,0.0210602231660885,0.1838406853858937,0.0437178274310601,positive option leg,dominates buyhold in this diagnostic grid,continuous_30d_daily_mtm
mny_daily_0118,510050,510050_DTE30_OTM4_Q80_Hold,surface,main_stepA_common_sample,2022-09-30,2026-05-27,881,OTM4,0.04,0.8,Q80,0.0608216325232544,0.0676673581453888,0.1313908494660298,0.515008148743903,0.8658892024239547,0.3668916353526396,0.1657754679111053,0.5681818181818182,-0.1119301069857137,0.1204189754169131,0.0178799192686285,0.3154808837079956,0.6590191162920043,0.8409090909090909,0.2045454545454545,0.009009708737864,0.0531419354838712,0.1221290322580645,30.34090909090909,0.0392906074944722,0.0377934434538208,44,0,0.7999999999999999,0.023868443394452,0.2124800307596676,0.0500897479541104,positive option leg,dominates buyhold in this diagnostic grid,continuous_30d_daily_mtm
mny_daily_0119,510050,510050_DTE30_OTM4_Q90_Hold,surface,main_stepA_common_sample,2022-09-30,2026-05-27,881,OTM4,0.04,0.9,Q90,0.0635782727095441,0.0699048878152256,0.1286125485550361,0.5435308498323692,0.9065335391119216,0.3989564318758874,0.159361443079386,0.5681818181818182,-0.1109649527488033,0.1187267565696399,0.020114909177207,0.3154808837079957,0.6590191162920044,0.8409090909090909,0.2045454545454545,0.010135922330097,0.0597846774193551,0.1373951612903226,30.34090909090909,0.0392906074944722,0.0377934434538208,44,0,0.9000000000000002,0.0266250835807417,0.2410027318481338,0.0565037727858297,positive option leg,dominates buyhold in this diagnostic grid,continuous_30d_daily_mtm
mny_daily_0120,510050,510050_DTE30_OTM4_Q100_Hold,surface,main_stepA_common_sample,2022-09-30,2026-05-27,881,OTM4,0.04,1.0,Q100,0.0662828353341793,0.0721424174850651,0.1262159334105516,0.5715793207375989,0.9453652111785076,0.4334900272112318,0.1529050985569292,0.5681818181818182,-0.1099989997169039,0.1170284209270045,0.0223498990857856,0.3154808837079956,0.6590191162920044,0.8409090909090909,0.2045454545454545,0.01126213592233,0.066427419354839,0.1526612903225806,30.34090909090909,0.0392906074944722,0.0377934434538208,44,0,1.0,0.0293296462053769,0.2690512027533635,0.0629601173082865,positive option leg,dominates buyhold in this diagnostic grid,continuous_30d_daily_mtm
mny_daily_0121,510050,510050_DTE30_OTM5_Q10_Hold,surface,main_stepA_common_sample,2022-09-30,2026-05-27,881,OTM5,0.05,0.1,Q10,0.0394875847250602,0.0515234765439182,0.1602507245312607,0.321517900743515,0.561974153463447,0.1863757737661932,0.2118708023425675,0.5227272727272727,-0.1189228504291992,0.1830141960998594,0.0017543621638688,0.3437358345186371,0.6307641654813629,0.9090909090909092,0.0909090909090909,0.0007968441814595,0.0066427419354839,0.015266129032258,30.34090909090909,0.0511787060222336,0.051802718512769,44,0,0.0999999999999999,0.0025343955962577,0.0189897827592796,0.0039944135226482,positive option leg,dominates buyhold in this diagnostic grid,continuous_30d_daily_mtm
mny_daily_0122,510050,510050_DTE30_OTM5_Q20_Hold,surface,main_stepA_common_sample,2022-09-30,2026-05-27,881,OTM5,0.05,0.2,Q20,0.0419783468790253,0.053279832301155,0.1561902895994338,0.3411212850542546,0.5950774295209539,0.2019556217034591,0.2078592639558413,0.5227272727272727,-0.1182226313675125,0.1685249741103696,0.0035087243277377,0.3437358345186371,0.6307641654813629,0.9090909090909092,0.0909090909090909,0.0015936883629191,0.0132854838709678,0.0305322580645161,30.34090909090909,0.0511787060222336,0.051802718512769,44,0,0.1999999999999999,0.0050251577502229,0.0385931670700193,0.0080059519093744,positive option leg,dominates buyhold in this diagnostic grid,continuous_30d_daily_mtm
mny_daily_0123,510050,510050_DTE30_OTM5_Q30_Hold,surface,main_stepA_common_sample,2022-09-30,2026-05-27,881,OTM5,0.05,0.3,Q30,0.0444251373471589,0.055036188058393,0.152338241835953,0.3612762455120059,0.6286522901786449,0.2179513227079773,0.2038305470927656,0.5681818181818182,-0.1175219841336855,0.1541441543435839,0.0052630864916066,0.343735834518637,0.6307641654813629,0.9090909090909092,0.0909090909090909,0.0023905325443786,0.0199282258064517,0.0457983870967741,30.34090909090909,0.0511787060222336,0.051802718512769,44,0,0.2999999999999999,0.0074719482183565,0.0587481275277705,0.0120346687724501,positive option leg,dominates buyhold in this diagnostic grid,continuous_30d_daily_mtm
mny_daily_0124,510050,510050_DTE30_OTM5_Q40_Hold,surface,main_stepA_common_sample,2022-09-30,2026-05-27,881,OTM5,0.05,0.4,Q40,0.0468276155913514,0.0567925438156293,0.1487107756497051,0.3818993181059504,0.6624844474597182,0.2343905187780856,0.1997845980949701,0.5681818181818182,-0.1168209085369711,0.1398713708690626,0.0070174486554755,0.3437358345186371,0.6307641654813629,0.9090909090909092,0.0909090909090909,0.0031873767258382,0.0265709677419356,0.0610645161290322,30.34090909090909,0.0511787060222336,0.051802718512769,44,0,0.3999999999999999,0.0098744264625489,0.0793712001217151,0.0160806177702456,positive option leg,dominates buyhold in this diagnostic grid,continuous_30d_daily_mtm
mny_daily_0125,510050,510050_DTE30_OTM5_Q50_Hold,surface,main_stepA_common_sample,2022-09-30,2026-05-27,881,OTM5,0.05,0.5,Q50,0.0491854387968047,0.0585488995728663,0.1453247094308394,0.4028833073341185,0.696321323962166,0.2513033732130881,0.1957213632588162,0.5681818181818182,-0.1161194043865687,0.1266548181777358,0.0087718108193443,0.343735834518637,0.6307641654813628,0.9090909090909092,0.0909090909090909,0.0039842209072978,0.0332137096774195,0.0763306451612903,30.34090909090909,0.0511787060222336,0.051802718512769,44,0,0.5,0.0122322496680022,0.1003551893498831,0.0201438526063995,positive option leg,dominates buyhold in this diagnostic grid,continuous_30d_daily_mtm
mny_daily_0126,510050,510050_DTE30_OTM5_Q60_Hold,surface,main_stepA_common_sample,2022-09-30,2026-05-27,881,OTM5,0.05,0.6,Q60,0.0514982618875472,0.060305255330104,0.1421972892010681,0.4240956748819021,0.7298187292561944,0.2687228653162722,0.191640788836248,0.5681818181818182,-0.1154174714916183,0.1252215238440712,0.0105261729832132,0.343735834518637,0.6307641654813629,0.9090909090909092,0.0909090909090909,0.0047810650887573,0.0398564516129034,0.0915967741935483,30.34090909090909,0.0511787060222336,0.051802718512769,44,0,0.5999999999999999,0.0145450727587448,0.1215675568976667,0.0242244270289677,positive option leg,dominates buyhold in this diagnostic grid,continuous_30d_daily_mtm
mny_daily_0127,510050,510050_DTE30_OTM5_Q70_Hold,surface,main_stepA_common_sample,2022-09-30,2026-05-27,881,OTM5,0.05,0.7,Q70,0.0537657375396303,0.0620616110873404,0.1393459308672478,0.4453779934662419,0.7626369184352908,0.2866851273897493,0.1875428210356222,0.5681818181818182,-0.1147151096612049,0.1237824178074373,0.0122805351470821,0.3437358345186371,0.6307641654813629,0.9090909090909092,0.0909090909090909,0.0055779092702169,0.0464991935483873,0.1068629032258064,30.34090909090909,0.0511787060222336,0.051802718512769,44,0,0.7000000000000001,0.0168125484108279,0.1428498754820065,0.0283223948295935,positive option leg,dominates buyhold in this diagnostic grid,continuous_30d_daily_mtm
mny_daily_0128,510050,510050_DTE30_OTM5_Q80_Hold,surface,main_stepA_common_sample,2022-09-30,2026-05-27,881,OTM5,0.05,0.8,Q80,0.0559875161919605,0.0638179668445769,0.1367878991378285,0.4665468747368761,0.7945303992555929,0.305229831277623,0.1834274060225681,0.5681818181818182,-0.1140123187043573,0.1223375208847146,0.014034897310951,0.3437358345186371,0.6307641654813629,0.9090909090909092,0.0909090909090909,0.0063747534516765,0.0531419354838712,0.1221290322580645,30.34090909090909,0.0511787060222336,0.051802718512769,44,0,0.7999999999999999,0.0190343270631581,0.1640187567526408,0.0324378098426476,positive option leg,dominates buyhold in this diagnostic grid,continuous_30d_daily_mtm
mny_daily_0129,510050,510050_DTE30_OTM5_Q90_Hold,surface,main_stepA_common_sample,2022-09-30,2026-05-27,881,OTM5,0.05,0.9,Q90,0.0581632460547461,0.0655743226018138,0.1345399262671679,0.4873967484685333,0.8251262712127054,0.3244006331729583,0.1792944899208493,0.5681818181818182,-0.1133090984300473,0.1208868539603824,0.0157892594748198,0.3437358345186371,0.6307641654813629,0.9090909090909092,0.0909090909090909,0.007171597633136,0.0597846774193551,0.1373951612903226,30.34090909090909,0.0511787060222336,0.051802718512769,44,0,0.9000000000000002,0.0212100569259436,0.1848686304842979,0.0365707259443665,positive option leg,dominates buyhold in this diagnostic grid,continuous_30d_daily_mtm
mny_daily_0130,510050,510050_DTE30_OTM5_Q100_Hold,surface,main_stepA_common_sample,2022-09-30,2026-05-27,881,OTM5,0.05,1.0,Q100,0.0602925731155519,0.0673306783590511,0.1326177803975113,0.507704759929119,0.8541218287635803,0.3442456872012703,0.175144018813228,0.5681818181818182,-0.1126054486471908,0.1194304379861992,0.0175436216386887,0.343735834518637,0.6307641654813628,0.9090909090909092,0.0909090909090909,0.0079684418145956,0.066427419354839,0.1526612903225806,30.34090909090909,0.0511787060222336,0.051802718512769,44,0,1.0,0.0233393839867495,0.2051766419448836,0.0407211970519877,positive option leg,dominates buyhold in this diagnostic grid,continuous_30d_daily_mtm
mny_daily_0131,510050,510050_DTE30_OTM7_Q10_Hold,surface,main_stepA_common_sample,2022-09-30,2026-05-27,881,OTM7,0.07,0.1,Q10,0.038884160579963,0.0510734231524309,0.1610768909433448,0.3170748010674908,0.5552960024303146,0.1821431074183446,0.2134813725926737,0.5,-0.1191928910546846,0.1845894885058938,0.0013048196161857,0.4296149764658361,0.544885023534164,0.9772727272727272,0.0227272727272727,0.0003762868299609,0.005308064516129,0.0137217741935483,30.34090909090909,0.0702606238791474,0.0710204442300365,44,0,0.0999999999999999,0.0019309714511606,0.0145466830832555,0.002383843272542,positive option leg,dominates buyhold in this diagnostic grid,continuous_30d_daily_mtm
mny_daily_0132,510050,510050_DTE30_OTM7_Q20_Hold,surface,main_stepA_common_sample,2022-09-30,2026-05-27,881,OTM7,0.07,0.2,Q20,0.0407775713256841,0.0523797255181808,0.1578261035420305,0.3318825235030381,0.5812811501345517,0.1931750338689314,0.2110913118998162,0.5227272727272727,-0.1187629816170429,0.1716497861897612,0.0026096392323714,0.4296149764658361,0.544885023534164,0.9772727272727272,0.0227272727272727,0.0007525736599219,0.010616129032258,0.0274435483870967,30.34090909090909,0.0702606238791474,0.0710204442300365,44,0,0.1999999999999999,0.0038243821968817,0.0293544055188027,0.0047739039653995,positive option leg,dominates buyhold in this diagnostic grid,continuous_30d_daily_mtm
mny_daily_0133,510050,510050_DTE30_OTM7_Q30_Hold,surface,main_stepA_common_sample,2022-09-30,2026-05-27,881,OTM7,0.07,0.3,Q30,0.0426332475319821,0.0536860278839302,0.1547628729975085,0.3468921637607136,0.6073297559026394,0.2042849286542747,0.208695021276549,0.5227272727272727,-0.1183329131554058,0.1587928452143361,0.0039144588485571,0.4296149764658361,0.544885023534164,0.9772727272727272,0.0227272727272727,0.0011288604898828,0.0159241935483871,0.0411653225806451,30.34090909090909,0.0702606238791474,0.0710204442300365,44,0,0.2999999999999999,0.0056800584031797,0.0443640457764782,0.0071701945886667,positive option leg,dominates buyhold in this diagnostic grid,continuous_30d_daily_mtm
mny_daily_0134,510050,510050_DTE30_OTM7_Q40_Hold,surface,main_stepA_common_sample,2022-09-30,2026-05-27,881,OTM7,0.07,0.4,Q40,0.0444510124663319,0.0549923302496797,0.151898546713008,0.3620332876099228,0.6332621009432287,0.2154756717222359,0.2062924882008611,0.5681818181818182,-0.1179026856286606,0.1460184316061907,0.0052192784647429,0.4296149764658361,0.544885023534164,0.9772727272727272,0.0227272727272727,0.0015051473198438,0.0212322580645161,0.0548870967741935,30.34090909090909,0.0702606238791474,0.0710204442300365,44,0,0.3999999999999999,0.0074978233375295,0.0595051696256875,0.0095727276643546,positive option leg,dominates buyhold in this diagnostic grid,continuous_30d_daily_mtm
mny_daily_0135,510050,510050_DTE30_OTM7_Q50_Hold,surface,main_stepA_common_sample,2022-09-30,2026-05-27,881,OTM7,0.07,0.5,Q50,0.0462306865128876,0.0562986326154292,0.149244577337009,0.3772239743645856,0.6588681660430162,0.2267502820549113,0.2038837001388695,0.5681818181818182,-0.117472298995691,0.1333263113405416,0.0065240980809286,0.4296149764658359,0.544885023534164,0.9772727272727272,0.0227272727272727,0.0018814341498047,0.0265403225806451,0.0686088709677419,30.34090909090909,0.0702606238791474,0.0710204442300365,44,0,0.5,0.0092774973840852,0.0746958563803502,0.0119815157263462,positive option leg,dominates buyhold in this diagnostic grid,continuous_30d_daily_mtm
mny_daily_0136,510050,510050_DTE30_OTM7_Q60_Hold,surface,main_stepA_common_sample,2022-09-30,2026-05-27,881,OTM7,0.07,0.6,Q60,0.047972087185139,0.0576049349811798,0.1468123733592597,0.3923711173867935,0.6838874144120327,0.2381119270123342,0.2014686445448574,0.5681818181818182,-0.1170417532153733,0.1322708066168827,0.0078289176971143,0.4296149764658361,0.544885023534164,0.9772727272727272,0.0227272727272727,0.0022577209797657,0.0318483870967742,0.0823306451612903,30.34090909090909,0.0702606238791474,0.0710204442300365,44,0,0.5999999999999999,0.0110188980563366,0.0898429994025581,0.0143965713203583,positive option leg,dominates buyhold in this diagnostic grid,continuous_30d_daily_mtm
mny_daily_0137,510050,510050_DTE30_OTM7_Q70_Hold,surface,main_stepA_common_sample,2022-09-30,2026-05-27,881,OTM7,0.07,0.7,Q70,0.0496750291360164,0.0589112373469292,0.1446131246261991,0.4073713053307231,0.7080710244523584,0.2495639324148072,0.1990473088613227,0.5681818181818182,-0.1166110482465784,0.1320166861487082,0.0091337373133,0.4296149764658361,0.5448850235341639,0.9772727272727272,0.0227272727272727,0.0026340078097266,0.0371564516129032,0.0960524193548387,30.34090909090909,0.0702606238791474,0.0710204442300365,44,0,0.7000000000000001,0.0127218400072139,0.1048431873464877,0.016817907003893,positive option leg,dominates buyhold in this diagnostic grid,continuous_30d_daily_mtm
mny_daily_0138,510050,510050_DTE30_OTM7_Q80_Hold,surface,main_stepA_common_sample,2022-09-30,2026-05-27,881,OTM7,0.07,0.8,Q80,0.0513393241654589,0.0602175397126784,0.1426576054503377,0.4221123684404017,0.7311842742148408,0.2611097934344072,0.1966196805190142,0.5681818181818182,-0.1161801840481693,0.131759607392,0.0104385569294858,0.4296149764658361,0.544885023534164,0.9772727272727272,0.0227272727272727,0.0030102946396876,0.0424645161290322,0.109774193548387,30.34090909090909,0.0702606238791474,0.0710204442300365,44,0,0.7999999999999999,0.0143861350366565,0.1195842504561663,0.0192455353462015,positive option leg,dominates buyhold in this diagnostic grid,continuous_30d_daily_mtm
mny_daily_0139,510050,510050_DTE30_OTM7_Q90_Hold,surface,main_stepA_common_sample,2022-09-30,2026-05-27,881,OTM7,0.07,0.9,Q90,0.0529647812254596,0.0615238420784281,0.1409559601698117,0.4364756339803541,0.7531280417624553,0.272753186373923,0.1941857469369731,0.5681818181818182,-0.1157491605790035,0.1314995706518074,0.0117433765456715,0.4296149764658359,0.5448850235341639,0.9772727272727272,0.0227272727272727,0.0033865814696485,0.0477725806451613,0.1234959677419354,30.34090909090909,0.0702606238791474,0.0710204442300365,44,0,0.9000000000000002,0.0160115920966572,0.1339475159961187,0.0216794689282426,positive option leg,dominates buyhold in this diagnostic grid,continuous_30d_daily_mtm
mny_daily_0140,510050,510050_DTE30_OTM7_Q100_Hold,surface,main_stepA_common_sample,2022-09-30,2026-05-27,881,OTM7,0.07,1.0,Q100,0.0545512064225544,0.0628301444441777,0.1395174783239021,0.4503388765263661,0.7736723642879744,0.2844979814200037,0.1917454955225871,0.5681818181818182,-0.1153179777979327,0.1312365762506566,0.0130481961618572,0.4296149764658359,0.544885023534164,0.9772727272727272,0.0227272727272727,0.0037628682996095,0.0530806451612903,0.1372177419354838,30.34090909090909,0.0702606238791474,0.0710204442300365,44,0,1.0,0.0175980172937519,0.1478107585421307,0.0241197203426286,positive option leg,dominates buyhold in this diagnostic grid,continuous_30d_daily_mtm
mny_daily_0141,510300,510300_DTE30_ATM_Q10_Hold,surface,main_stepA_common_sample,2022-09-30,2026-05-27,881,ATM,0.0,0.1,Q10,0.0701485611143182,0.0814583513360451,0.1654972849705303,0.4922035509558374,0.8554718440959591,0.3071624223199209,0.2283761164028583,0.5227272727272727,-0.0770975711267073,0.225381879246338,-0.0034424169567939,-0.147883338560729,1.1223833385607287,0.6363636363636364,0.5227272727272727,0.0026864893062076,0.0113540587219344,0.0238341968911917,30.34090909090909,0.0024063186898719,0.0034316366069292,44,0,0.0999999999999999,-0.0019182348653641,0.0079080781483709,0.0134788181988058,near-flat option leg,"risk-adjusted defensive tradeoff, not a return upgrade",continuous_30d_daily_mtm
mny_daily_0142,510300,510300_DTE30_ATM_Q20_Hold,surface,main_stepA_common_sample,2022-09-30,2026-05-27,881,ATM,0.0,0.2,Q20,0.0680959615246756,0.0780120225418004,0.1559063727174929,0.5003773815144847,0.8598173050696023,0.3171794994160875,0.2146921905420656,0.5227272727272727,-0.0750271409226064,0.2030996487532141,-0.0068848339135878,-0.147883338560729,1.1223833385607287,0.6363636363636364,0.5227272727272727,0.0053729786124152,0.0227081174438688,0.0476683937823834,30.34090909090909,0.0024063186898719,0.0034316366069292,44,0,0.1999999999999999,-0.0039708344550066,0.0160819087070182,0.0271627440595985,near-flat option leg,"risk-adjusted defensive tradeoff, not a return upgrade",continuous_30d_daily_mtm
mny_daily_0143,510300,510300_DTE30_ATM_Q30_Hold,surface,main_stepA_common_sample,2022-09-30,2026-05-27,881,ATM,0.0,0.3,Q30,0.065909567423334,0.0745656937475552,0.1465878234159942,0.5086759050644268,0.8625302245423502,0.3282336898043688,0.2008007388352395,0.5454545454545454,-0.0729541890730899,0.1810878650025094,-0.0103272508703817,-0.1478833385607291,1.122383338560729,0.6363636363636364,0.5227272727272727,0.0080594679186228,0.0340621761658032,0.0715025906735751,30.34090909090909,0.0024063186898719,0.0034316366069292,44,0,0.2999999999999999,-0.0061572285563482,0.0243804322569603,0.0410541957664246,negative option leg,"risk-adjusted defensive tradeoff, not a return upgrade",continuous_30d_daily_mtm
mny_daily_0144,510300,510300_DTE30_ATM_Q40_Hold,surface,main_stepA_common_sample,2022-09-30,2026-05-27,881,ATM,0.0,0.4,Q40,0.0635899821252152,0.0711193649533105,0.1375969843141757,0.5168671777785727,0.862977730755662,0.340601022379102,0.1866993283843909,0.5681818181818182,-0.070878719446358,0.159344765682921,-0.0137696678271756,-0.147883338560729,1.1223833385607287,0.6363636363636364,0.5227272727272727,0.0107459572248304,0.0454162348877376,0.0953367875647668,30.34090909090909,0.0024063186898719,0.0034316366069292,44,0,0.3999999999999999,-0.008476813854467,0.0325717049711062,0.0551556062172732,negative option leg,"risk-adjusted defensive tradeoff, not a return upgrade",continuous_30d_daily_mtm
mny_daily_0145,510300,510300_DTE30_ATM_Q50_Hold,surface,main_stepA_common_sample,2022-09-30,2026-05-27,881,ATM,0.0,0.5,Q50,0.0611378419328763,0.0676730361590656,0.1290023930377893,0.5245874480734772,0.8603982369577763,0.348834842848473,0.1752630024960935,0.5681818181818182,-0.0688007359437732,0.137868590472773,-0.0172120847839695,-0.1478833385607291,1.1223833385607294,0.6363636363636364,0.5227272727272727,0.013432446531038,0.056770293609672,0.1191709844559585,30.34090909090909,0.0024063186898719,0.0034316366069292,44,0,0.5,-0.010928954046806,0.0402919752660107,0.0665919321055706,negative option leg,"risk-adjusted defensive tradeoff, not a return upgrade",continuous_30d_daily_mtm
mny_daily_0146,510300,510300_DTE30_ATM_Q60_Hold,surface,main_stepA_common_sample,2022-09-30,2026-05-27,881,ATM,0.0,0.6,Q60,0.0585538160026157,0.0642267073648214,0.1208885930317701,0.531288401610749,0.8539018106202779,0.3532120780071182,0.1657752371690861,0.5909090909090909,-0.066720242499971,0.1166575810680843,-0.0206545017407634,-0.1478833385607291,1.122383338560729,0.6363636363636364,0.5227272727272727,0.0161189358372456,0.0681243523316064,0.1430051813471502,30.34090909090909,0.0024063186898719,0.0034316366069292,44,0,0.5999999999999999,-0.0135129799770665,0.0469929288032824,0.076079697432578,negative option leg,"risk-adjusted defensive tradeoff, not a return upgrade",continuous_30d_daily_mtm
mny_daily_0147,510300,510300_DTE30_ATM_Q70_Hold,surface,main_stepA_common_sample,2022-09-30,2026-05-27,881,ATM,0.0,0.7,Q70,0.0558386061914897,0.0607803785705769,0.1133588710226489,0.5361766399246612,0.842558921424788,0.3574993848615932,0.1561921741854403,0.6136363636363636,-0.0646372430829715,0.0957099812105908,-0.0240969186975573,-0.147883338560729,1.122383338560729,0.6363636363636364,0.5227272727272727,0.0188054251434533,0.0794784110535408,0.1668393782383419,30.34090909090909,0.0024063186898719,0.0034316366069292,44,0,0.7000000000000001,-0.0162281897881926,0.0518811671171947,0.0856627604162239,negative option leg,"risk-adjusted defensive tradeoff, not a return upgrade",continuous_30d_daily_mtm
mny_daily_0148,510300,510300_DTE30_ATM_Q80_Hold,surface,main_stepA_common_sample,2022-09-30,2026-05-27,881,ATM,0.0,0.8,Q80,0.052992946885376,0.0573340497763314,0.1065371416570866,0.5381602029541377,0.8254238031023736,0.3604397091104048,0.14702305419169,0.5909090909090909,-0.0625517416942911,0.0750240367157282,-0.0275393356543512,-0.147883338560729,1.1223833385607287,0.6363636363636364,0.5227272727272727,0.0214919144496609,0.0908324697754753,0.1906735751295336,30.34090909090909,0.0024063186898719,0.0034316366069292,44,0,0.7999999999999999,-0.0190738490943063,0.0538647301466712,0.0948318804099741,negative option leg,"risk-adjusted defensive tradeoff, not a return upgrade",continuous_30d_daily_mtm
mny_daily_0149,510300,510300_DTE30_ATM_Q90_Hold,surface,main_stepA_common_sample,2022-09-30,2026-05-27,881,ATM,0.0,0.9,Q90,0.0500176048082063,0.0538877209820858,0.1005675825701235,0.5358358986556242,0.8019552804401159,0.3626632156615763,0.1379175021016769,0.6136363636363636,-0.060463742369052,0.0599919411068483,-0.0309817526111451,-0.1478833385607291,1.1223833385607291,0.6363636363636364,0.5227272727272727,0.0241784037558685,0.1021865284974097,0.2145077720207253,30.34090909090909,0.0024063186898719,0.0034316366069292,44,0,0.9000000000000002,-0.0220491911714759,0.0515404258481577,0.1039374324999872,negative option leg,"risk-adjusted defensive tradeoff, not a return upgrade",continuous_30d_daily_mtm
mny_daily_0150,510300,510300_DTE30_ATM_Q100_Hold,surface,main_stepA_common_sample,2022-09-30,2026-05-27,881,ATM,0.0,1.0,Q100,0.0469133788124804,0.0504413921878415,0.0956099470460007,0.5275747319844527,0.7720416179625663,0.364439415470655,0.1287275108590936,0.6136363636363636,-0.0583732491760958,0.0558382148672218,-0.034424169567939,-0.1478833385607291,1.1223833385607294,0.6363636363636364,0.5227272727272727,0.0268648930620761,0.1135405872193441,0.238341968911917,30.34090909090909,0.0024063186898719,0.0034316366069292,44,0,1.0,-0.0251534171672018,0.0432792591769862,0.1131274237425705,negative option leg,"risk-adjusted defensive tradeoff, not a return upgrade",continuous_30d_daily_mtm
mny_daily_0151,510300,510300_DTE30_OTM1_Q10_Hold,surface,main_stepA_common_sample,2022-09-30,2026-05-27,881,OTM1,0.01,0.1,Q10,0.0724182895218912,0.0837057683422858,0.1662738849874308,0.5034210173691039,0.8761905307011765,0.3164942599468888,0.2288139112982453,0.5227272727272727,-0.0770975711267073,0.2253818792463384,-0.0011975509346694,-0.0523877951999032,1.0268877951999034,0.7272727272727273,0.4318181818181818,0.0022997359154929,0.0113540587219344,0.0238341968911917,30.34090909090909,0.0080680073490905,0.0071903599150338,44,0,0.0999999999999999,0.0003514935422088,0.0191255445616374,0.0130410233034188,near-flat option leg,dominates buyhold in this diagnostic grid,continuous_30d_daily_mtm
mny_daily_0152,510300,510300_DTE30_OTM1_Q20_Hold,surface,main_stepA_common_sample,2022-09-30,2026-05-27,881,OTM1,0.01,0.2,Q20,0.0726448137584063,0.0825068565542811,0.1574703008045684,0.5239518571611664,0.90308469200589,0.3369743240661786,0.2155796705274779,0.5227272727272727,-0.0750271409226067,0.2030996487532139,-0.0023951018693389,-0.0523877951999032,1.0268877951999034,0.7272727272727273,0.4318181818181818,0.0045994718309859,0.0227081174438688,0.0476683937823834,30.34090909090909,0.0080680073490905,0.0071903599150338,44,0,0.1999999999999999,0.000578017778724,0.0396563843536999,0.0262752640741862,near-flat option leg,dominates buyhold in this diagnostic grid,continuous_30d_daily_mtm
mny_daily_0153,510300,510300_DTE30_OTM1_Q30_Hold,surface,main_stepA_common_sample,2022-09-30,2026-05-27,881,OTM1,0.01,0.3,Q30,0.0727460934546595,0.0813079447662774,0.1489473908127148,0.5458836460486464,0.9303260338352364,0.3598620191422607,0.2021499618883134,0.5454545454545454,-0.0729541890730899,0.1810878650025098,-0.0035926528040084,-0.0523877951999032,1.0268877951999031,0.7272727272727273,0.4318181818181818,0.0068992077464788,0.0340621761658032,0.0715025906735751,30.34090909090909,0.0080680073490905,0.0071903599150338,44,0,0.2999999999999999,0.0006792974749771,0.0615881732411798,0.0397049727133507,near-flat option leg,dominates buyhold in this diagnostic grid,continuous_30d_daily_mtm
mny_daily_0154,510300,510300_DTE30_OTM1_Q40_Hold,surface,main_stepA_common_sample,2022-09-30,2026-05-27,881,OTM1,0.01,0.4,Q40,0.0727218782925485,0.080109032978272,0.1407561494646553,0.5691334501757446,0.9573477560289412,0.3857463720256474,0.1885225204080814,0.5681818181818182,-0.0708787194463582,0.1593447656829207,-0.0047902037386779,-0.0523877951999032,1.0268877951999034,0.7272727272727273,0.4318181818181818,0.0091989436619718,0.0454162348877376,0.0953367875647668,30.34090909090909,0.0080680073490905,0.0071903599150338,44,0,0.3999999999999999,0.0006550823128661,0.084837977368278,0.0533324141935827,near-flat option leg,dominates buyhold in this diagnostic grid,continuous_30d_daily_mtm
mny_daily_0155,510300,510300_DTE30_OTM1_Q50_Hold,surface,main_stepA_common_sample,2022-09-30,2026-05-27,881,OTM1,0.01,0.5,Q50,0.0725719430669429,0.0789101211902676,0.1329578910109648,0.5934970883658202,0.9834961610011912,0.4140745167740695,0.1752630024960946,0.5681818181818182,-0.0688007359437726,0.1378685904727732,-0.0059877546733474,-0.0523877951999032,1.0268877951999034,0.7272727272727273,0.4318181818181818,0.0114986795774647,0.056770293609672,0.1191709844559585,30.34090909090909,0.0080680073490905,0.0071903599150338,44,0,0.5,0.0005051470872605,0.1092016155583536,0.0665919321055695,near-flat option leg,dominates buyhold in this diagnostic grid,continuous_30d_daily_mtm
mny_daily_0156,510300,510300_DTE30_OTM1_Q60_Hold,surface,main_stepA_common_sample,2022-09-30,2026-05-27,881,OTM1,0.01,0.6,Q60,0.0722960878687137,0.0777112094022637,0.1256258203548031,0.6185926522333157,1.0079087168549214,0.436109090255586,0.1657752371690852,0.5681818181818182,-0.066720242499971,0.1166575810680847,-0.0071853056080169,-0.0523877951999032,1.0268877951999031,0.7272727272727273,0.4318181818181818,0.0137984154929577,0.0681243523316064,0.1430051813471502,30.34090909090909,0.0080680073490905,0.0071903599150338,44,0,0.5999999999999999,0.0002292918890314,0.1342971794258492,0.0760796974325789,near-flat option leg,dominates buyhold in this diagnostic grid,continuous_30d_daily_mtm
mny_daily_0157,510300,510300_DTE30_OTM1_Q70_Hold,surface,main_stepA_common_sample,2022-09-30,2026-05-27,881,OTM1,0.01,0.7,Q70,0.0718941382542626,0.0765122976142588,0.1188462514567344,0.6437922667010904,1.02955467450293,0.460292832398283,0.1561921741854409,0.5909090909090909,-0.0646372430829719,0.0957099812105908,-0.0083828565426864,-0.0523877951999031,1.0268877951999031,0.7272727272727273,0.4318181818181818,0.0160981514084507,0.0794784110535408,0.1668393782383419,30.34090909090909,0.0080680073490905,0.0071903599150338,44,0,0.7000000000000001,-0.0001726577254197,0.1594967938936238,0.0856627604162232,near-flat option leg,"risk-adjusted defensive tradeoff, not a return upgrade",continuous_30d_daily_mtm
mny_daily_0158,510300,510300_DTE30_OTM1_Q80_Hold,surface,main_stepA_common_sample,2022-09-30,2026-05-27,881,OTM1,0.01,0.8,Q80,0.0713659454014206,0.0753133858262553,0.1127189204108338,0.6681521216824632,1.0475071467315875,0.4854064948778253,0.1470230541916896,0.5909090909090909,-0.0625517416942913,0.0856205492381918,-0.0095804074773559,-0.0523877951999032,1.0268877951999034,0.7272727272727273,0.4318181818181818,0.0183978873239436,0.0908324697754753,0.1906735751295336,30.34090909090909,0.0080680073490905,0.0071903599150338,44,0,0.7999999999999999,-0.0007008505782617,0.1838566488749967,0.0948318804099745,near-flat option leg,"risk-adjusted defensive tradeoff, not a return upgrade",continuous_30d_daily_mtm
mny_daily_0159,510300,510300_DTE30_OTM1_Q90_Hold,surface,main_stepA_common_sample,2022-09-30,2026-05-27,881,OTM1,0.01,0.9,Q90,0.0707113862515869,0.0741144740382494,0.1073555650146598,0.6903645286402142,1.0606813275507403,0.512707851969774,0.1379175021016756,0.6363636363636364,-0.060463742369052,0.0841478832396669,-0.0107779584120254,-0.0523877951999033,1.0268877951999034,0.7272727272727273,0.4318181818181818,0.0206976232394366,0.1021865284974097,0.2145077720207253,30.34090909090909,0.0080680073490905,0.0071903599150338,44,0,0.9000000000000002,-0.0013554097280954,0.2060690558327477,0.1039374324999885,negative option leg,"risk-adjusted defensive tradeoff, not a return upgrade",continuous_30d_daily_mtm
mny_daily_0160,510300,510300_DTE30_OTM1_Q100_Hold,surface,main_stepA_common_sample,2022-09-30,2026-05-27,881,OTM1,0.01,1.0,Q100,0.0699303636380479,0.0729155622502463,0.1028757427599735,0.7087731305169833,1.0689023089658831,0.5432433453529154,0.1287275108590939,0.6363636363636364,-0.0583732491760963,0.0826656519645641,-0.0119755093466949,-0.0523877951999032,1.0268877951999034,0.7272727272727273,0.4318181818181818,0.0229973591549295,0.1135405872193441,0.238341968911917,30.34090909090909,0.0080680073490905,0.0071903599150338,44,0,1.0,-0.0021364323416344,0.2244776577095168,0.1131274237425702,negative option leg,"risk-adjusted defensive tradeoff, not a return upgrade",continuous_30d_daily_mtm
mny_daily_0161,510300,510300_DTE30_OTM2_Q10_Hold,surface,main_stepA_common_sample,2022-09-30,2026-05-27,881,OTM2,0.02,0.1,Q10,0.0729154795572319,0.0843720904019593,0.167492309705884,0.5037371002293567,0.8776624940552106,0.313780091681668,0.2323776475634573,0.5227272727272727,-0.0772098352047565,0.225381879246338,-0.0005319851996939,-0.0223479383779551,0.9968479383779552,0.7727272727272727,0.3409090909090909,0.0016846071044133,0.0113540587219344,0.0238341968911917,30.34090909090909,0.0206161699057081,0.022478184726079,44,0,0.0999999999999999,0.0008486835775496,0.0194416274218902,0.0094772870382068,near-flat option leg,dominates buyhold in this diagnostic grid,continuous_30d_daily_mtm
mny_daily_0162,510300,510300_DTE30_OTM2_Q20_Hold,surface,main_stepA_common_sample,2022-09-30,2026-05-27,881,OTM2,0.02,0.2,Q20,0.073660408945904,0.08383950067363,0.1599102255836519,0.5242910537310957,0.9058975701889702,0.3306147524399704,0.2227983125443822,0.5227272727272727,-0.0752518094625958,0.2030996487532141,-0.0010639703993879,-0.0223479383779551,0.9968479383779552,0.7727272727272727,0.3409090909090909,0.0033692142088266,0.0227081174438688,0.0476683937823834,30.34090909090909,0.0206161699057081,0.022478184726079,44,0,0.1999999999999999,0.0015936129662217,0.0399955809236292,0.0190566220572819,near-flat option leg,dominates buyhold in this diagnostic grid,continuous_30d_daily_mtm
mny_daily_0163,510300,510300_DTE30_OTM2_Q30_Hold,surface,main_stepA_common_sample,2022-09-30,2026-05-27,881,OTM2,0.02,0.3,Q30,0.0743011821299961,0.0833069109452994,0.152605609715763,0.5458967799444824,0.9343777138184546,0.3486418659111471,0.2131160637745442,0.5454545454545454,-0.0732914010274169,0.18108786500251,-0.001595955599082,-0.0223479383779552,0.9968479383779552,0.7727272727272727,0.3409090909090909,0.00505382131324,0.0340621761658032,0.0715025906735751,30.34090909090909,0.0206161699057081,0.022478184726079,44,0,0.2999999999999999,0.0022343861503137,0.0616013071370158,0.0287388708271199,near-flat option leg,dominates buyhold in this diagnostic grid,continuous_30d_daily_mtm
mny_daily_0164,510300,510300_DTE30_OTM2_Q40_Hold,surface,main_stepA_common_sample,2022-09-30,2026-05-27,881,OTM2,0.02,0.4,Q40,0.0748374082699816,0.0827743212169698,0.1456202232594357,0.5684260013082099,0.962625325868158,0.3680588046276771,0.203330031313029,0.5454545454545454,-0.0713286123263408,0.1593447656829203,-0.0021279407987759,-0.0223479383779551,0.9968479383779552,0.7727272727272727,0.3409090909090909,0.0067384284176533,0.0454162348877376,0.0953367875647668,30.34090909090909,0.0206161699057081,0.022478184726079,44,0,0.3999999999999999,0.0027706122902992,0.0841305285007433,0.0385249032886351,near-flat option leg,dominates buyhold in this diagnostic grid,continuous_30d_daily_mtm
mny_daily_0165,510300,510300_DTE30_OTM2_Q50_Hold,surface,main_stepA_common_sample,2022-09-30,2026-05-27,881,OTM2,0.02,0.5,Q50,0.0752687078698437,0.0822417314886397,0.1390022020057189,0.5916577601069661,0.990133474462881,0.3891075489220957,0.1934393410725462,0.5454545454545454,-0.0693634458100317,0.1378685904727727,-0.0026599259984699,-0.0223479383779552,0.9968479383779552,0.7727272727272727,0.3409090909090909,0.0084230355220667,0.056770293609672,0.1191709844559585,30.34090909090909,0.0206161699057081,0.022478184726079,44,0,0.5,0.0032019118901613,0.1073622872994996,0.0484155935291179,near-flat option leg,dominates buyhold in this diagnostic grid,continuous_30d_daily_mtm
mny_daily_0166,510300,510300_DTE30_OTM2_Q60_Hold,surface,main_stepA_common_sample,2022-09-30,2026-05-27,881,OTM2,0.02,0.6,Q60,0.0755947129363672,0.0817091417603097,0.1328064770169446,0.6152496745311945,1.0161520909028612,0.4087559487253086,0.1849385022336842,0.5454545454545454,-0.0673959039527731,0.1166575810680843,-0.003191911198164,-0.0223479383779552,0.9968479383779552,0.7727272727272727,0.3409090909090909,0.01010764262648,0.0681243523316064,0.1430051813471502,30.34090909090909,0.0206161699057081,0.022478184726079,44,0,0.5999999999999999,0.0035279169566848,0.130954201723728,0.0569164323679799,near-flat option leg,dominates buyhold in this diagnostic grid,continuous_30d_daily_mtm
mny_daily_0167,510300,510300_DTE30_OTM2_Q70_Hold,surface,main_stepA_common_sample,2022-09-30,2026-05-27,881,OTM2,0.02,0.7,Q70,0.0758150671303308,0.0811765520319793,0.1270948226631146,0.6387085668088223,1.0398948859272072,0.4241324343518148,0.1787532878644285,0.5454545454545454,-0.0654259892525452,0.0957099812105908,-0.0037238963978579,-0.0223479383779551,0.996847938377955,0.7727272727272727,0.3409090909090909,0.0117922497308934,0.0794784110535408,0.1668393782383419,30.34090909090909,0.0206161699057081,0.022478184726079,44,0,0.7000000000000001,0.0037482711506484,0.1544130940013557,0.0631016467372356,near-flat option leg,dominates buyhold in this diagnostic grid,continuous_30d_daily_mtm
mny_daily_0168,510300,510300_DTE30_OTM2_Q80_Hold,surface,main_stepA_common_sample,2022-09-30,2026-05-27,881,OTM2,0.02,0.8,Q80,0.075929425909516,0.0806439623036488,0.121935281985107,0.6613669234266305,1.0607675456701882,0.4400888160790155,0.1725320506574366,0.5681818181818182,-0.0634537042311027,0.0856205492381918,-0.0042558815975519,-0.0223479383779551,0.9968479383779552,0.7727272727272727,0.3409090909090909,0.0134768568353067,0.0908324697754753,0.1906735751295336,30.34090909090909,0.0206161699057081,0.022478184726079,44,0,0.7999999999999999,0.0038626299298336,0.177071450619164,0.0693228839442275,near-flat option leg,dominates buyhold in this diagnostic grid,continuous_30d_daily_mtm
mny_daily_0169,510300,510300_DTE30_OTM2_Q90_Hold,surface,main_stepA_common_sample,2022-09-30,2026-05-27,881,OTM2,0.02,0.9,Q90,0.0759374566634834,0.0801113725753196,0.1174006706655005,0.6823757660088159,1.0778491541626642,0.4566988533363974,0.1662746821208877,0.5681818181818182,-0.0614790514340521,0.0841478832396669,-0.0047878667972459,-0.0223479383779552,0.996847938377955,0.7727272727272727,0.3409090909090909,0.0151614639397201,0.1021865284974097,0.2145077720207253,30.34090909090909,0.0206161699057081,0.022478184726079,44,0,0.9000000000000002,0.003870660683801,0.1980802932013494,0.0755802524807764,near-flat option leg,dominates buyhold in this diagnostic grid,continuous_30d_daily_mtm
mny_daily_0170,510300,510300_DTE30_OTM2_Q100_Hold,surface,main_stepA_common_sample,2022-09-30,2026-05-27,881,OTM2,0.02,1.0,Q100,0.0758388388399702,0.0795787828469892,0.1135658724597042,0.7007279662754817,1.0909019121850687,0.4734471929174161,0.1601843668617946,0.5909090909090909,-0.0595020334309306,0.0826656519645641,-0.0053198519969399,-0.0223479383779552,0.9968479383779552,0.7727272727272727,0.3409090909090909,0.0168460710441334,0.1135405872193441,0.238341968911917,30.34090909090909,0.0206161699057081,0.022478184726079,44,0,1.0,0.0037720428602878,0.2164324934680152,0.0816705677398695,near-flat option leg,dominates buyhold in this diagnostic grid,continuous_30d_daily_mtm
mny_daily_0171,510300,510300_DTE30_OTM3_Q10_Hold,surface,main_stepA_common_sample,2022-09-30,2026-05-27,881,OTM3,0.03,0.1,Q10,0.0728315620829171,0.0844734827910891,0.1685822708377502,0.5010816521293007,0.8753800645300333,0.3095157059326828,0.2353081303691822,0.5227272727272727,-0.0783114926954292,0.2289904766515103,-0.0004307078984073,-0.0218662666441313,0.9963662666441312,0.8181818181818182,0.25,0.001372046683746,0.009258491652274,0.0217184801381692,30.34090909090909,0.0310408500298647,0.0313784679992932,44,0,0.0999999999999999,0.0007647661032348,0.0167861793218341,0.0065468042324819,near-flat option leg,dominates buyhold in this diagnostic grid,continuous_30d_daily_mtm
mny_daily_0172,510300,510300_DTE30_OTM3_Q20_Hold,surface,main_stepA_common_sample,2022-09-30,2026-05-27,881,OTM3,0.03,0.2,Q20,0.0735072717423763,0.0840422854518892,0.1620941311434575,0.5184782746854029,0.9008793540067126,0.3213969469693626,0.2287117921794804,0.5227272727272727,-0.0774572272203419,0.2102184071714776,-0.0008614157968146,-0.0218662666441313,0.9963662666441312,0.8181818181818182,0.25,0.0027440933674921,0.0185169833045481,0.0434369602763385,30.34090909090909,0.0310408500298647,0.0313784679992932,44,0,0.1999999999999999,0.001440475762694,0.0341828018779363,0.0131431424221837,near-flat option leg,dominates buyhold in this diagnostic grid,continuous_30d_daily_mtm
mny_daily_0173,510300,510300_DTE30_OTM3_Q30_Hold,surface,main_stepA_common_sample,2022-09-30,2026-05-27,881,OTM3,0.03,0.3,Q30,0.0740936958725011,0.0836110881126869,0.1558820988469535,0.5363738923914352,0.9261335304318724,0.3336567721662579,0.2220656136887309,0.5227272727272727,-0.0766026801636849,0.1916194829833517,-0.0012921236952218,-0.0218662666441312,0.9963662666441312,0.8181818181818182,0.25,0.0041161400512382,0.0277754749568222,0.0651554404145077,30.34090909090909,0.0310408500298647,0.0313784679992932,44,0,0.2999999999999999,0.0020268998928187,0.0520784195839686,0.0197893209129332,near-flat option leg,dominates buyhold in this diagnostic grid,continuous_30d_daily_mtm
mny_daily_0174,510300,510300_DTE30_OTM3_Q40_Hold,surface,main_stepA_common_sample,2022-09-30,2026-05-27,881,OTM3,0.03,0.4,Q40,0.0745906100645514,0.0831798907734864,0.1499804860978571,0.5546047551760463,0.950671335648062,0.3463381942630897,0.2153692873038716,0.5227272727272727,-0.0757478522659264,0.173193073882599,-0.0017228315936292,-0.0218662666441313,0.9963662666441312,0.8181818181818182,0.25,0.0054881867349843,0.0370339666090963,0.086873920552677,30.34090909090909,0.0310408500298647,0.0313784679992932,44,0,0.3999999999999999,0.0025238140848691,0.0703092823685798,0.0264856472977925,near-flat option leg,dominates buyhold in this diagnostic grid,continuous_30d_daily_mtm
mny_daily_0175,510300,510300_DTE30_OTM3_Q50_Hold,surface,main_stepA_common_sample,2022-09-30,2026-05-27,881,OTM3,0.03,0.5,Q50,0.0749977947136082,0.0827486934342849,0.1444273511451579,0.5729433710316933,0.9740043634759802,0.3594904346826921,0.2086225041837505,0.5454545454545454,-0.0748927442693034,0.1549385487911057,-0.0021535394920364,-0.0218662666441312,0.9963662666441316,0.8181818181818182,0.25,0.0068602334187304,0.0462924582613704,0.1085924006908462,30.34090909090909,0.0310408500298647,0.0313784679992932,44,0,0.5,0.0029309987339258,0.0886478982242268,0.0332324304179136,near-flat option leg,dominates buyhold in this diagnostic grid,continuous_30d_daily_mtm
mny_daily_0176,510300,510300_DTE30_OTM3_Q60_Hold,surface,main_stepA_common_sample,2022-09-30,2026-05-27,881,OTM3,0.03,0.6,Q60,0.0753150351383991,0.0823174960950835,0.1392643866424692,0.5910879161548721,0.9954850638687008,0.3731700840557602,0.2018249542402903,0.5454545454545454,-0.0740373569178228,0.1368552757568575,-0.0025842473904437,-0.0218662666441312,0.9963662666441312,0.8181818181818182,0.25,0.0082322801024765,0.0555509499136445,0.1303108808290155,30.34090909090909,0.0310408500298647,0.0313784679992932,44,0,0.5999999999999999,0.0032482391587167,0.1067924433474056,0.0400299803613738,near-flat option leg,dominates buyhold in this diagnostic grid,continuous_30d_daily_mtm
mny_daily_0177,510300,510300_DTE30_OTM3_Q70_Hold,surface,main_stepA_common_sample,2022-09-30,2026-05-27,881,OTM3,0.03,0.7,Q70,0.0755421216939487,0.0818862987558839,0.1345365195567311,0.6086548026192569,1.014528582542888,0.3856909957513488,0.1958617715375703,0.5454545454545454,-0.073181690957264,0.1189426219536309,-0.003014955288851,-0.0218662666441312,0.9963662666441316,0.8181818181818182,0.25,0.0096043267862226,0.0648094415659186,0.1520293609671847,30.34090909090909,0.0310408500298647,0.0313784679992932,44,0,0.7000000000000001,0.0034753257142663,0.1243593298117903,0.0459931630640938,near-flat option leg,dominates buyhold in this diagnostic grid,continuous_30d_daily_mtm
mny_daily_0178,510300,510300_DTE30_OTM3_Q80_Hold,surface,main_stepA_common_sample,2022-09-30,2026-05-27,881,OTM3,0.03,0.8,Q80,0.0756788498771388,0.0814551014166814,0.1302911235710758,0.6251776727694456,1.0305003716647028,0.3966516870369193,0.1907942216065623,0.5681818181818182,-0.0723257471351819,0.101199953680674,-0.0034456631872584,-0.0218662666441313,0.9963662666441312,0.8181818181818182,0.25,0.0109763734699686,0.0740679332181927,0.173747841105354,30.34090909090909,0.0310408500298647,0.0313784679992932,44,0,0.7999999999999999,0.0036120538974564,0.1408821999619791,0.0510607129951018,near-flat option leg,dominates buyhold in this diagnostic grid,continuous_30d_daily_mtm
mny_daily_0179,510300,510300_DTE30_OTM3_Q90_Hold,surface,main_stepA_common_sample,2022-09-30,2026-05-27,881,OTM3,0.03,0.9,Q90,0.075725020425226,0.0810239040774802,0.1265767543738863,0.6401167771939332,1.042711256265247,0.4077732681637068,0.18570373866397,0.5681818181818182,-0.0714695262009065,0.0841478832396667,-0.0038763710856656,-0.0218662666441313,0.9963662666441312,0.8181818181818182,0.25,0.0123484201537147,0.0833264248704668,0.1954663212435233,30.34090909090909,0.0310408500298647,0.0313784679992932,44,0,0.9000000000000002,0.0036582244455436,0.1558213043864667,0.0561511959376941,near-flat option leg,dominates buyhold in this diagnostic grid,continuous_30d_daily_mtm
mny_daily_0180,510300,510300_DTE30_OTM3_Q100_Hold,surface,main_stepA_common_sample,2022-09-30,2026-05-27,881,OTM3,0.03,1.0,Q100,0.0756804394072923,0.0805927067382797,0.1234413573065368,0.6528825386952548,1.0509212604444294,0.4190725725230009,0.1805902947827457,0.5681818181818182,-0.0706130289055493,0.0826656519645641,-0.0043070789840729,-0.0218662666441312,0.9963662666441316,0.8181818181818182,0.25,0.0137204668374608,0.0925849165227409,0.2171848013816925,30.34090909090909,0.0310408500298647,0.0313784679992932,44,0,1.0,0.0036136434276099,0.1685870658877883,0.0612646398189185,near-flat option leg,dominates buyhold in this diagnostic grid,continuous_30d_daily_mtm
mny_daily_0181,510300,510300_DTE30_OTM4_Q10_Hold,surface,main_stepA_common_sample,2022-09-30,2026-05-27,881,OTM4,0.04,0.1,Q10,0.0745093579064173,0.0861522525807081,0.1692713755442392,0.5089593695550266,0.8903505502263122,0.31524344110121,0.2363549821881808,0.5227272727272727,-0.0783114926954292,0.2289904766515096,0.0012461563636407,0.188435381901192,0.7860646180988081,0.8636363636363636,0.1363636363636363,0.0008312849162011,0.009258491652274,0.0217184801381692,30.34090909090909,0.0383876538672487,0.0368032268652045,44,0,0.0999999999999999,0.0024425619267349,0.0246638967475601,0.0054999524134833,positive option leg,dominates buyhold in this diagnostic grid,continuous_30d_daily_mtm
mny_daily_0182,510300,510300_DTE30_OTM4_Q20_Hold,surface,main_stepA_common_sample,2022-09-30,2026-05-27,881,OTM4,0.04,0.2,Q20,0.0768776094208871,0.0873998250311252,0.1634663080379249,0.5346656817553378,0.931737955861194,0.3330626329428192,0.2308202776805816,0.5227272727272727,-0.0774572272203423,0.2102184071714772,0.0024923127272814,0.188435381901192,0.7860646180988081,0.8636363636363636,0.1363636363636363,0.0016625698324022,0.0185169833045481,0.0434369602763385,30.34090909090909,0.0383876538672487,0.0368032268652045,44,0,0.1999999999999999,0.0048108134412048,0.0503702089478713,0.0110346569210825,positive option leg,dominates buyhold in this diagnostic grid,continuous_30d_daily_mtm
mny_daily_0183,510300,510300_DTE30_OTM4_Q30_Hold,surface,main_stepA_common_sample,2022-09-30,2026-05-27,881,OTM4,0.04,0.3,Q30,0.079170986048245,0.0886473974815424,0.1579270675490572,0.5613185811482614,0.9737787852145162,0.3514795101846215,0.2252506440749815,0.5227272727272727,-0.0766026801636854,0.1916194829833521,0.0037384690909221,0.1884353819011921,0.786064618098808,0.8636363636363636,0.1363636363636363,0.0024938547486033,0.0277754749568222,0.0651554404145077,30.34090909090909,0.0383876538672487,0.0368032268652045,44,0,0.2999999999999999,0.0071041900685626,0.0770231083407949,0.0166042905266826,positive option leg,dominates buyhold in this diagnostic grid,continuous_30d_daily_mtm
mny_daily_0184,510300,510300_DTE30_OTM4_Q40_Hold,surface,main_stepA_common_sample,2022-09-30,2026-05-27,881,OTM4,0.04,0.4,Q40,0.0813889209828298,0.0898949699319608,0.1526825889940404,0.5887702751455809,1.0160109304783815,0.370546045121662,0.2196459038069269,0.5227272727272727,-0.0757478522659268,0.1731930738825995,0.0049846254545629,0.188435381901192,0.7860646180988081,0.8636363636363636,0.1363636363636363,0.0033251396648044,0.0370339666090963,0.086873920552677,30.34090909090909,0.0383876538672487,0.0368032268652045,44,0,0.3999999999999999,0.0093221250031474,0.1044748023381144,0.0222090307947372,positive option leg,dominates buyhold in this diagnostic grid,continuous_30d_daily_mtm
mny_daily_0185,510300,510300_DTE30_OTM4_Q50_Hold,surface,main_stepA_common_sample,2022-09-30,2026-05-27,881,OTM4,0.04,0.5,Q50,0.0835308451807343,0.091142542382377,0.147764260954351,0.6168104641387803,1.0579143656428356,0.3903203298324239,0.214005878752451,0.5454545454545454,-0.0748927442693034,0.1549385487911054,0.0062307818182036,0.188435381901192,0.786064618098808,0.8636363636363636,0.1363636363636363,0.0041564245810055,0.0462924582613704,0.1085924006908462,30.34090909090909,0.0383876538672487,0.0368032268652045,44,0,0.5,0.011464049201052,0.1325149913313137,0.0278490558492131,positive option leg,dominates buyhold in this diagnostic grid,continuous_30d_daily_mtm
mny_daily_0186,510300,510300_DTE30_OTM4_Q60_Hold,surface,main_stepA_common_sample,2022-09-30,2026-05-27,881,OTM4,0.04,0.6,Q60,0.0855961874462456,0.0923901148327946,0.1432056918038939,0.6451567229556339,1.0988895691641012,0.4108675040261585,0.208330390229148,0.5681818181818182,-0.0740373569178221,0.1368552757568573,0.0074769381818443,0.1884353819011921,0.786064618098808,0.8636363636363636,0.1363636363636363,0.0049877094972067,0.0555509499136445,0.1303108808290155,30.34090909090909,0.0383876538672487,0.0368032268652045,44,0,0.5999999999999999,0.0135293914665632,0.1608612501481673,0.0335245443725161,positive option leg,dominates buyhold in this diagnostic grid,continuous_30d_daily_mtm
mny_daily_0187,510300,510300_DTE30_OTM4_Q70_Hold,surface,main_stepA_common_sample,2022-09-30,2026-05-27,881,OTM4,0.04,0.7,Q70,0.0875843745121185,0.0936376872832139,0.1390422706620616,0.6734476273823066,1.1383101284428412,0.4322608568679601,0.2026192589972872,0.5681818181818182,-0.0731816909572643,0.1189426219536313,0.0087230945454851,0.1884353819011921,0.7860646180988079,0.8636363636363636,0.1363636363636363,0.0058189944134078,0.0648094415659186,0.1520293609671847,30.34090909090909,0.0383876538672487,0.0368032268652045,44,0,0.7000000000000001,0.0155175785324361,0.18915215457484,0.0392356756043769,positive option leg,dominates buyhold in this diagnostic grid,continuous_30d_daily_mtm
mny_daily_0188,510300,510300_DTE30_OTM4_Q80_Hold,surface,main_stepA_common_sample,2022-09-30,2026-05-27,881,OTM4,0.04,0.8,Q80,0.0894948311137115,0.0948852597336299,0.1353104778384736,0.7012410365359795,1.1753693731266566,0.4545831420782171,0.1968723052609654,0.5681818181818182,-0.0723257471351814,0.1011999536806749,0.0099692509091258,0.188435381901192,0.7860646180988081,0.8636363636363636,0.1363636363636363,0.0066502793296089,0.0740679332181927,0.173747841105354,30.34090909090909,0.0383876538672487,0.0368032268652045,44,0,0.7999999999999999,0.0174280351340292,0.2169455637285129,0.0449826293406987,positive option leg,dominates buyhold in this diagnostic grid,continuous_30d_daily_mtm
mny_daily_0189,510300,510300_DTE30_OTM4_Q90_Hold,surface,main_stepA_common_sample,2022-09-30,2026-05-27,881,OTM4,0.04,0.9,Q90,0.091326980056988,0.0961328321840473,0.132046913296275,0.7280202905489591,1.2092830851936889,0.4779281560850321,0.1910893486692575,0.5681818181818182,-0.0714695262009066,0.0936511841761724,0.0112154072727665,0.188435381901192,0.786064618098808,0.8636363636363636,0.1363636363636363,0.00748156424581,0.0833264248704668,0.1954663212435233,30.34090909090909,0.0383876538672487,0.0368032268652045,44,0,0.9000000000000002,0.0192601840773056,0.2437248177414926,0.0507655859324066,positive option leg,dominates buyhold in this diagnostic grid,continuous_30d_daily_mtm
mny_daily_0190,510300,510300_DTE30_OTM4_Q100_Hold,surface,main_stepA_common_sample,2022-09-30,2026-05-27,881,OTM4,0.04,1.0,Q100,0.0930802422802836,0.0973804046344657,0.1292870400521867,0.7532108755460568,1.2395375362438812,0.502402642743277,0.1852702083174486,0.5681818181818182,-0.0706130289055492,0.0932528949073514,0.0124615636364073,0.188435381901192,0.786064618098808,0.8636363636363636,0.1363636363636363,0.0083128491620111,0.0925849165227409,0.2171848013816925,30.34090909090909,0.0383876538672487,0.0368032268652045,44,0,1.0,0.0210134463006013,0.2689154027385903,0.0565847262842155,positive option leg,dominates buyhold in this diagnostic grid,continuous_30d_daily_mtm
mny_daily_0191,510300,510300_DTE30_OTM5_Q10_Hold,surface,main_stepA_common_sample,2022-09-30,2026-05-27,881,OTM5,0.05,0.1,Q10,0.0732007093866864,0.0850429382023577,0.1699209970352037,0.5004851647894862,0.8760493582094964,0.3071894272657408,0.2382917603585445,0.5227272727272727,-0.0787676548678681,0.2289904766515105,0.0001381011389548,0.068614895341357,0.9058851046586432,0.8863636363636364,0.1136363636363636,0.0006234636871508,0.009258491652274,0.0217184801381692,30.34090909090909,0.0513814167236898,0.0524858254747918,44,0,0.0999999999999999,0.001133913407004,0.0161896919820197,0.0035631742431196,positive option leg,dominates buyhold in this diagnostic grid,continuous_30d_daily_mtm
mny_daily_0192,510300,510300_DTE30_OTM5_Q20_Hold,surface,main_stepA_common_sample,2022-09-30,2026-05-27,881,OTM5,0.05,0.2,Q20,0.0742620600755863,0.0851811962744238,0.164775171050727,0.5169540758552774,0.9020525675573384,0.3163936468661129,0.2347141316241774,0.5227272727272727,-0.0783699476196582,0.2102184071714774,0.0002762022779097,0.068614895341357,0.9058851046586432,0.8863636363636364,0.1136363636363636,0.0012469273743016,0.0185169833045481,0.0434369602763385,30.34090909090909,0.0513814167236898,0.0524858254747918,44,0,0.1999999999999999,0.0021952640959039,0.0326586030478109,0.0071408029774867,positive option leg,dominates buyhold in this diagnostic grid,continuous_30d_daily_mtm
mny_daily_0193,510300,510300_DTE30_OTM5_Q30_Hold,surface,main_stepA_common_sample,2022-09-30,2026-05-27,881,OTM5,0.05,0.3,Q30,0.0752505830047927,0.0853194543464922,0.1599024330458667,0.5335719583580009,0.927641830489709,0.3255881407565253,0.2311220022631753,0.5227272727272727,-0.0779723544653462,0.1916194829833528,0.0004143034168646,0.0686148953413569,0.9058851046586428,0.8863636363636364,0.1136363636363636,0.0018703910614525,0.0277754749568222,0.0651554404145077,30.34090909090909,0.0513814167236898,0.0524858254747918,44,0,0.2999999999999999,0.0031837870251103,0.0492764855505343,0.0107329323384888,positive option leg,dominates buyhold in this diagnostic grid,continuous_30d_daily_mtm
mny_daily_0194,510300,510300_DTE30_OTM5_Q40_Hold,surface,main_stepA_common_sample,2022-09-30,2026-05-27,881,OTM5,0.05,0.4,Q40,0.0761660103922987,0.0854577124185594,0.1553284858968638,0.5501741160040815,0.9524131872264796,0.3347730973184061,0.2275153260593592,0.5227272727272727,-0.0775748757649842,0.1731930738826002,0.0005524045558194,0.068614895341357,0.9058851046586432,0.8863636363636364,0.1136363636363636,0.0024938547486033,0.0370339666090963,0.086873920552677,30.34090909090909,0.0513814167236898,0.0524858254747918,44,0,0.3999999999999999,0.0040992144126164,0.065878643196615,0.0143396085423049,positive option leg,dominates buyhold in this diagnostic grid,continuous_30d_daily_mtm
mny_daily_0195,510300,510300_DTE30_OTM5_Q50_Hold,surface,main_stepA_common_sample,2022-09-30,2026-05-27,881,OTM5,0.05,0.5,Q50,0.0770080717987822,0.0855959704906271,0.1510804696374399,0.5665588060193267,0.975959717870632,0.3439487091721701,0.2238940567159807,0.5227272727272727,-0.0771775118789482,0.1549385487911057,0.0006905056947743,0.068614895341357,0.905885104658643,0.8863636363636364,0.1136363636363636,0.0031173184357541,0.0462924582613704,0.1085924006908462,30.34090909090909,0.0513814167236898,0.0524858254747918,44,0,0.5,0.0049412758190998,0.0822633332118602,0.0179608778856834,positive option leg,dominates buyhold in this diagnostic grid,continuous_30d_daily_mtm
mny_daily_0196,510300,510300_DTE30_OTM5_Q60_Hold,surface,main_stepA_common_sample,2022-09-30,2026-05-27,881,OTM5,0.05,0.6,Q60,0.0777764942037122,0.0857342285626935,0.1471866074701072,0.5824866136690162,0.9978653693365278,0.3531151739937885,0.220258147855975,0.5227272727272727,-0.0767802631679346,0.136855275756857,0.0008286068337292,0.0686148953413569,0.9058851046586428,0.8863636363636364,0.1136363636363636,0.003740782122905,0.0555509499136445,0.1303108808290155,30.34090909090909,0.0513814167236898,0.0524858254747918,44,0,0.5999999999999999,0.0057096982240298,0.0981911408615497,0.0215967867456891,positive option leg,dominates buyhold in this diagnostic grid,continuous_30d_daily_mtm
mny_daily_0197,510300,510300_DTE30_OTM5_Q70_Hold,surface,main_stepA_common_sample,2022-09-30,2026-05-27,881,OTM5,0.05,0.7,Q70,0.078471002074592,0.0858724866347607,0.1436756968630475,0.5976827571375201,1.0176720042375187,0.3622726953872749,0.2166075530221932,0.5454545454545454,-0.0763831299929616,0.1189426219536304,0.0009667079726841,0.068614895341357,0.9058851046586428,0.8863636363636364,0.1136363636363636,0.0043642458100558,0.0648094415659186,0.1520293609671847,30.34090909090909,0.0513814167236898,0.0524858254747918,44,0,0.7000000000000001,0.0064042060949096,0.1133872843300535,0.0252473815794709,positive option leg,dominates buyhold in this diagnostic grid,continuous_30d_daily_mtm
mny_daily_0198,510300,510300_DTE30_OTM5_Q80_Hold,surface,main_stepA_common_sample,2022-09-30,2026-05-27,881,OTM5,0.05,0.8,Q80,0.0790913174293754,0.0860107447068293,0.1405764335066089,0.6118432696102349,1.0348511406037657,0.3714214838211929,0.2129422256776375,0.5454545454545454,-0.0759861127153697,0.1011999536806749,0.0011048091116389,0.068614895341357,0.9058851046586432,0.8863636363636364,0.1136363636363636,0.0049877094972067,0.0740679332181927,0.173747841105354,30.34090909090909,0.0513814167236898,0.0524858254747918,44,0,0.7999999999999999,0.0070245214496931,0.1275477968027684,0.0289127089240266,positive option leg,dominates buyhold in this diagnostic grid,continuous_30d_daily_mtm
mny_daily_0199,510300,510300_DTE30_OTM5_Q90_Hold,surface,main_stepA_common_sample,2022-09-30,2026-05-27,881,OTM5,0.05,0.9,Q90,0.0796371598921037,0.0861490027788952,0.1379165718237899,0.6246457669275898,1.049029926824819,0.380561757638585,0.2092621192057195,0.5454545454545454,-0.0755892116968212,0.0936511841761713,0.0012429102505938,0.0686148953413569,0.9058851046586428,0.8863636363636364,0.1136363636363636,0.0056111731843575,0.0833264248704668,0.1954663212435233,30.34090909090909,0.0513814167236898,0.0524858254747918,44,0,0.9000000000000002,0.0075703639124213,0.1403502941201233,0.0325928153959446,positive option leg,dominates buyhold in this diagnostic grid,continuous_30d_daily_mtm
mny_daily_0200,510300,510300_DTE30_OTM5_Q100_Hold,surface,main_stepA_common_sample,2022-09-30,2026-05-27,881,OTM5,0.05,1.0,Q100,0.0801082467418039,0.0862872608509635,0.1357219482900536,0.6357649734481972,1.0599772375594114,0.3896937441513113,0.2055671869104968,0.5681818181818182,-0.0751924272993019,0.093252894907351,0.0013810113895487,0.068614895341357,0.905885104658643,0.8863636363636364,0.1136363636363636,0.0062346368715083,0.0925849165227409,0.2171848013816925,30.34090909090909,0.0513814167236898,0.0524858254747918,44,0,1.0,0.0080414507621215,0.1514695006407306,0.0362877476911673,positive option leg,dominates buyhold in this diagnostic grid,continuous_30d_daily_mtm
mny_daily_0201,510300,510300_DTE30_OTM7_Q10_Hold,surface,main_stepA_common_sample,2022-09-30,2026-05-27,881,OTM7,0.07,0.1,Q10,0.0731279249094527,0.0851456780674271,0.1709360008122006,0.4981143683183084,0.8738007271367116,0.3049212902076783,0.239825578790009,0.5227272727272727,-0.0788285118173277,0.2313320315727425,0.0002407243866975,0.1324288261799622,0.8420711738200375,0.9772727272727272,0.0227272727272727,0.000245174752217,0.0070616004605642,0.0195624640184225,30.34090909090909,0.0701729263238457,0.0716006510633724,44,0,0.0999999999999999,0.0010611289297703,0.0138188955108419,0.0020293558116551,positive option leg,dominates buyhold in this diagnostic grid,continuous_30d_daily_mtm
mny_daily_0202,510300,510300_DTE30_OTM7_Q20_Hold,surface,main_stepA_common_sample,2022-09-30,2026-05-27,881,OTM7,0.07,0.2,Q20,0.0741310312660252,0.0853866760045628,0.1667767236336488,0.5119819729288367,0.8974016844639551,0.3117480750903641,0.2377914642922413,0.5227272727272727,-0.078491496410417,0.2148562866900696,0.000481448773395,0.1324288261799622,0.8420711738200375,0.9772727272727272,0.0227272727272727,0.000490349504434,0.0141232009211285,0.0391249280368451,30.34090909090909,0.0701729263238457,0.0716006510633724,44,0,0.1999999999999999,0.0020642352863429,0.0276865001213702,0.0040634703094228,positive option leg,dominates buyhold in this diagnostic grid,continuous_30d_daily_mtm
mny_daily_0203,510300,510300_DTE30_OTM7_Q30_Hold,surface,main_stepA_common_sample,2022-09-30,2026-05-27,881,OTM7,0.07,0.3,Q30,0.0750759537265792,0.0856276739417008,0.1628549364521363,0.5257910862706155,0.9204976919691512,0.3184523074517941,0.2357525820030176,0.5227272727272727,-0.0781544296645928,0.1985086812906402,0.0007221731600926,0.1324288261799623,0.8420711738200376,0.9772727272727272,0.0227272727272727,0.000735524256651,0.0211848013816927,0.0586873920552677,30.34090909090909,0.0701729263238457,0.0716006510633724,44,0,0.2999999999999999,0.0030091577468969,0.041495613463149,0.0061023525986465,positive option leg,dominates buyhold in this diagnostic grid,continuous_30d_daily_mtm
mny_daily_0204,510300,510300_DTE30_OTM7_Q40_Hold,surface,main_stepA_common_sample,2022-09-30,2026-05-27,881,OTM7,0.07,0.4,Q40,0.0759625257148515,0.0858686718788379,0.1591881927664024,0.5394160859960526,0.9428020526698913,0.3250304900767661,0.2337089228057053,0.5227272727272727,-0.0778173116149676,0.182288810433167,0.0009628975467901,0.1324288261799622,0.8420711738200375,0.9772727272727272,0.0227272727272727,0.000980699008868,0.028246401842257,0.0782498560736902,30.34090909090909,0.0701729263238457,0.0716006510633724,44,0,0.3999999999999999,0.0038957297351691,0.0551206131885861,0.0081460117959588,positive option leg,dominates buyhold in this diagnostic grid,continuous_30d_daily_mtm
mny_daily_0205,510300,510300_DTE30_OTM7_Q50_Hold,surface,main_stepA_common_sample,2022-09-30,2026-05-27,881,OTM7,0.07,0.5,Q50,0.0767905754501072,0.0861096698159746,0.1557945015531235,0.55271315070521,0.9639873004190692,0.3314789654878091,0.2316604775723888,0.5227272727272727,-0.0774801422966902,0.1661962690511236,0.0012036219334876,0.1324288261799623,0.8420711738200377,0.9772727272727272,0.0227272727272727,0.001225873761085,0.0353080023028212,0.0978123200921128,30.34090909090909,0.0701729263238457,0.0716006510633724,44,0,0.5,0.0047237794704249,0.0684176778977435,0.0101944570292753,positive option leg,dominates buyhold in this diagnostic grid,continuous_30d_daily_mtm
mny_daily_0206,510300,510300_DTE30_OTM7_Q60_Hold,surface,main_stepA_common_sample,2022-09-30,2026-05-27,881,OTM7,0.07,0.6,Q60,0.0775599259891752,0.086350667753112,0.152692070261321,0.5655216253557199,0.9837373672379204,0.3377939081851345,0.2296072371638716,0.5227272727272727,-0.0771429217449435,0.1502306519527205,0.0014443463201852,0.1324288261799623,0.8420711738200376,0.9772727272727272,0.0227272727272727,0.001471048513302,0.0423696027633855,0.1173747841105354,30.34090909090909,0.0701729263238457,0.0716006510633724,44,0,0.5999999999999999,0.0054931300094929,0.0812261525482534,0.0122476974377925,positive option leg,dominates buyhold in this diagnostic grid,continuous_30d_daily_mtm
mny_daily_0207,510300,510300_DTE30_OTM7_Q70_Hold,surface,main_stepA_common_sample,2022-09-30,2026-05-27,881,OTM7,0.07,0.7,Q70,0.0782703952615806,0.0865916656902485,0.149898984438652,0.5776667935044428,1.0017247198247978,0.3439713163814805,0.2275491924296823,0.5227272727272727,-0.0768056499949453,0.134391553820895,0.0016850707068827,0.1324288261799623,0.8420711738200375,0.9772727272727272,0.0227272727272727,0.001716223265519,0.0494312032239498,0.1369372481289579,30.34090909090909,0.0701729263238457,0.0716006510633724,44,0,0.7000000000000001,0.0062035992818982,0.0933713206969763,0.0143057421719818,positive option leg,dominates buyhold in this diagnostic grid,continuous_30d_daily_mtm
mny_daily_0208,510300,510300_DTE30_OTM7_Q80_Hold,surface,main_stepA_common_sample,2022-09-30,2026-05-27,881,OTM7,0.07,0.8,Q80,0.0789217960978549,0.0868326636273864,0.1474328266002499,0.5889642464959649,1.017658829438537,0.3500070031961363,0.225486334208087,0.5227272727272727,-0.0764683270819489,0.1186785692132952,0.0019257950935803,0.1324288261799622,0.8420711738200375,0.9772727272727272,0.0227272727272727,0.001961398017736,0.056492803684514,0.1564997121473805,30.34090909090909,0.0701729263238457,0.0716006510633724,44,0,0.7999999999999999,0.0068550001181726,0.1046687736884984,0.0163686003935771,positive option leg,dominates buyhold in this diagnostic grid,continuous_30d_daily_mtm
mny_daily_0209,510300,510300_DTE30_OTM7_Q90_Hold,surface,main_stepA_common_sample,2022-09-30,2026-05-27,881,OTM7,0.07,0.9,Q90,0.0795139362510271,0.0870736615645229,0.1453102432435115,0.599225901911158,1.0311985267420398,0.3558965872691703,0.2234186533260838,0.5227272727272727,-0.0761309530412392,0.1030912925622609,0.0021665194802778,0.1324288261799622,0.8420711738200375,0.9772727272727272,0.0227272727272727,0.002206572769953,0.0635544041450783,0.1760621761658031,30.34090909090909,0.0701729263238457,0.0716006510633724,44,0,0.9000000000000002,0.0074471402713447,0.1149304291036915,0.0184362812755803,positive option leg,dominates buyhold in this diagnostic grid,continuous_30d_daily_mtm
mny_daily_0210,510300,510300_DTE30_OTM7_Q100_Hold,surface,main_stepA_common_sample,2022-09-30,2026-05-27,881,OTM7,0.07,1.0,Q100,0.0800466184113233,0.0873146595016594,0.143546476209577,0.6082675228765668,1.0420782723695696,0.3616354827536307,0.2213461405994173,0.5227272727272727,-0.07579352790814,0.1019377133178627,0.0024072438669753,0.1324288261799623,0.8420711738200377,0.9772727272727272,0.0227272727272727,0.00245174752217,0.0706160046056425,0.1956246401842256,30.34090909090909,0.0701729263238457,0.0716006510633724,44,0,1.0,0.0079798224316409,0.1239720500691003,0.0205087940022468,positive option leg,dominates buyhold in this diagnostic grid,continuous_30d_daily_mtm
mny_daily_0211,510500,510500_DTE30_ATM_Q10_Hold,surface,main_stepA_common_sample,2022-09-30,2026-05-27,881,ATM,0.0,0.1,Q10,0.1160437132979805,0.1311298605370019,0.2068497830316744,0.6339376266927109,1.0877412448877628,0.4043142943547858,0.2870136300354303,0.5,-0.1271723705111639,0.244588129926194,-0.0102828877825837,-0.4106410250358887,1.3851410250358884,0.6363636363636364,0.5454545454545454,0.0045553283925376,0.0142380187416332,0.0281072096405568,30.34090909090909,0.0014251456044855,0.001931086398741,44,0,0.0999999999999999,-0.0087432527879196,-0.0125622119219596,0.0146079915861913,negative option leg,drawdown cushion with visible return cost,continuous_30d_daily_mtm
mny_daily_0212,510500,510500_DTE30_ATM_Q20_Hold,surface,main_stepA_common_sample,2022-09-30,2026-05-27,881,ATM,0.0,0.2,Q20,0.1071494015843312,0.120835287654666,0.1952726146495264,0.6188030404137319,1.0436737578113031,0.3907341898395782,0.2742258148137051,0.5227272727272727,-0.1209527571803,0.217284406177777,-0.0205657755651674,-0.4106410250358887,1.3851410250358884,0.6363636363636364,0.5454545454545454,0.0091106567850753,0.0284760374832665,0.0562144192811136,30.34090909090909,0.0014251456044855,0.001931086398741,44,0,0.1999999999999999,-0.0176375645015689,-0.0276967982009386,0.0273958068079165,negative option leg,drawdown cushion with visible return cost,continuous_30d_daily_mtm
mny_daily_0213,510500,510500_DTE30_ATM_Q30_Hold,surface,main_stepA_common_sample,2022-09-30,2026-05-27,881,ATM,0.0,0.3,Q30,0.0981079396591473,0.1105407147723308,0.1840842242503804,0.6004898856622277,0.993525103689421,0.3753367021629628,0.261386480708596,0.5681818181818182,-0.1146985368352204,0.1903700010635625,-0.0308486633477511,-0.4106410250358889,1.3851410250358889,0.6363636363636364,0.5454545454545454,0.013665985177613,0.0427140562248997,0.0843216289216704,30.34090909090909,0.0014251456044855,0.001931086398741,44,0,0.2999999999999999,-0.0266790264267529,-0.0460099529524428,0.0402351409130256,negative option leg,drawdown cushion with visible return cost,continuous_30d_daily_mtm
mny_daily_0214,510500,510500_DTE30_ATM_Q40_Hold,surface,main_stepA_common_sample,2022-09-30,2026-05-27,881,ATM,0.0,0.4,Q40,0.0889232844469747,0.1002461418899925,0.1733599016429587,0.5782544921861644,0.9365898289589704,0.3580101681492733,0.2483820079934096,0.5909090909090909,-0.1089782070532527,0.1638425393232316,-0.0411315511303349,-0.4106410250358887,1.3851410250358884,0.6363636363636364,0.5454545454545454,0.0182213135701507,0.056952074966533,0.1124288385622273,30.34090909090909,0.0014251456044855,0.001931086398741,44,0,0.3999999999999999,-0.0358636816389255,-0.0682453464285061,0.053239613628212,negative option leg,drawdown cushion with visible return cost,continuous_30d_daily_mtm
mny_daily_0215,510500,510500_DTE30_ATM_Q50_Hold,surface,main_stepA_common_sample,2022-09-30,2026-05-27,881,ATM,0.0,0.5,Q50,0.0795994384577407,0.0899515690076554,0.1631911629698081,0.5512036765391356,0.8722284018908069,0.3384484520533255,0.2351892525281786,0.5909090909090909,-0.1060481285005926,0.1376996297622705,-0.0514144389129186,-0.4106410250358889,1.3851410250358889,0.6363636363636364,0.5454545454545454,0.0227766419626884,0.0711900937081662,0.1405360482027841,30.34090909090909,0.0014251456044855,0.001931086398741,44,0,0.5,-0.0451875276281594,-0.0952961620755349,0.0664323690934429,negative option leg,drawdown cushion with visible return cost,continuous_30d_daily_mtm
mny_daily_0216,510500,510500_DTE30_ATM_Q60_Hold,surface,main_stepA_common_sample,2022-09-30,2026-05-27,881,ATM,0.0,0.6,Q60,0.0701404471376221,0.07965699612532,0.1536883279211883,0.5183021847057134,0.7999894078924707,0.3162238671762136,0.2218063037554873,0.5909090909090909,-0.103111826218032,0.1119388654790725,-0.0616973266955023,-0.4106410250358889,1.3851410250358889,0.6363636363636364,0.5454545454545454,0.0273319703552261,0.0854281124497995,0.1686432578433409,30.34090909090909,0.0014251456044855,0.001931086398741,44,0,0.5999999999999999,-0.0546465189482781,-0.1281976539089571,0.0798153178661342,negative option leg,drawdown cushion with visible return cost,continuous_30d_daily_mtm
mny_daily_0217,510500,510500_DTE30_ATM_Q70_Hold,surface,main_stepA_common_sample,2022-09-30,2026-05-27,881,ATM,0.0,0.7,Q70,0.0605503961980375,0.069362423242983,0.1449823951415242,0.4784196258813015,0.7194624830218176,0.2907843896665538,0.2082312474458189,0.6136363636363636,-0.100169295738403,0.0866152205789192,-0.0719802144780861,-0.4106410250358889,1.385141025035889,0.6363636363636364,0.5454545454545454,0.0318872987477638,0.0996661311914327,0.1967504674838978,30.34090909090909,0.0014251456044855,0.001931086398741,44,0,0.7000000000000001,-0.0642365698878626,-0.168080212733369,0.0933903741758027,negative option leg,drawdown cushion with visible return cost,continuous_30d_daily_mtm
mny_daily_0218,510500,510500_DTE30_ATM_Q80_Hold,surface,main_stepA_common_sample,2022-09-30,2026-05-27,881,ATM,0.0,0.8,Q80,0.0508334089250392,0.059067850360646,0.1372251214491195,0.4304448758134082,0.6305967470945978,0.2598846713949448,0.1955998737908945,0.6363636363636364,-0.0972205326156308,0.0796623502403601,-0.0822631022606698,-0.4106410250358887,1.3851410250358884,0.6363636363636364,0.5454545454545454,0.0364426271403015,0.113904149933066,0.2248576771244546,30.34090909090909,0.0014251456044855,0.001931086398741,44,0,0.7999999999999999,-0.0739535571608609,-0.2160549628012623,0.1060217478307271,negative option leg,drawdown cushion with visible return cost,continuous_30d_daily_mtm
mny_daily_0219,510500,510500_DTE30_ATM_Q90_Hold,surface,main_stepA_common_sample,2022-09-30,2026-05-27,881,ATM,0.0,0.9,Q90,0.0409936434713362,0.0487732774783096,0.1305856780296682,0.3734963758217703,0.533947251298351,0.2210685985759361,0.1854340405440039,0.6590909090909091,-0.0942655324248167,0.0727173299143042,-0.0925459900432535,-0.4106410250358889,1.3851410250358889,0.6363636363636364,0.5454545454545454,0.0409979555328392,0.1281421686746993,0.2529648867650115,30.34090909090909,0.0014251456044855,0.001931086398741,44,0,0.9000000000000002,-0.0837933226145639,-0.2730034627929002,0.1161875810776177,negative option leg,drawdown cushion with visible return cost,continuous_30d_daily_mtm
mny_daily_0220,510500,510500_DTE30_ATM_Q100_Hold,surface,main_stepA_common_sample,2022-09-30,2026-05-27,881,ATM,0.0,1.0,Q100,0.0310352901332764,0.0384787045959728,0.1252419696036474,0.3072349047028421,0.4304219576674654,0.1771754928806312,0.175166946786404,0.6363636363636364,-0.0913042907623332,0.0657804558351331,-0.1028288778258373,-0.4106410250358889,1.3851410250358889,0.6363636363636364,0.5454545454545454,0.0455532839253769,0.1423801874163325,0.2810720964055683,30.34090909090909,0.0014251456044855,0.001931086398741,44,0,1.0,-0.0937516759526237,-0.3392649339118284,0.1264546748352176,negative option leg,drawdown cushion with visible return cost,continuous_30d_daily_mtm
mny_daily_0221,510500,510500_DTE30_OTM1_Q10_Hold,surface,main_stepA_common_sample,2022-09-30,2026-05-27,881,OTM1,0.01,0.1,Q10,0.1156889454198475,0.1310277535439713,0.2078980823251078,0.6302499382321003,1.0816193872869706,0.3985096951009417,0.2903039671106213,0.5,-0.1304149024061508,0.2460439310144053,-0.0103848788766439,-0.484627061032883,1.4591270610328828,0.6363636363636364,0.5,0.0035768645357686,0.0142223902188156,0.026904217743611,30.34090909090909,0.0080853990637132,0.0078530282829188,44,0,0.0999999999999999,-0.0090980206660526,-0.0162499003825702,0.0113176545110003,negative option leg,drawdown cushion with visible return cost,continuous_30d_daily_mtm
mny_daily_0222,510500,510500_DTE30_OTM1_Q20_Hold,surface,main_stepA_common_sample,2022-09-30,2026-05-27,881,OTM1,0.01,0.2,Q20,0.1064722335118071,0.1206310736686042,0.1973623832451517,0.6112161379748013,1.0315670096116776,0.3790384651463291,0.2809008670682094,0.5,-0.1274675336237649,0.220149419257347,-0.0207697577532879,-0.484627061032883,1.4591270610328828,0.6363636363636364,0.5,0.0071537290715372,0.0284447804376312,0.0538084354872221,30.34090909090909,0.0080853990637132,0.0078530282829188,44,0,0.1999999999999999,-0.0183147325740931,-0.0352837006398691,0.0207207545534122,negative option leg,drawdown cushion with visible return cost,continuous_30d_daily_mtm
mny_daily_0223,510500,510500_DTE30_OTM1_Q30_Hold,surface,main_stepA_common_sample,2022-09-30,2026-05-27,881,OTM1,0.01,0.3,Q30,0.0971402609861833,0.1102343937932368,0.1872009903811294,0.5888558258629222,0.975760711107608,0.3577379438432512,0.2715402787375189,0.5681818181818182,-0.124515407729624,0.1945981396347924,-0.0311546366299319,-0.4846270610328831,1.4591270610328833,0.6363636363636364,0.5,0.0107305936073059,0.0426671706564468,0.0807126532308331,30.34090909090909,0.0080853990637132,0.0078530282829188,44,0,0.2999999999999999,-0.0276467050997168,-0.0576440127517483,0.0300813428841026,negative option leg,drawdown cushion with visible return cost,continuous_30d_daily_mtm
mny_daily_0224,510500,510500_DTE30_OTM1_Q40_Hold,surface,main_stepA_common_sample,2022-09-30,2026-05-27,881,OTM1,0.01,0.4,Q40,0.0876964839006042,0.0998377139178692,0.1774782073181547,0.5625350595236521,0.9136978588654876,0.334578534197364,0.2621103117418558,0.5909090909090909,-0.1215585467349078,0.1693882234276056,-0.0415395155065759,-0.484627061032883,1.4591270610328828,0.6363636363636364,0.5,0.0143074581430745,0.0568895608752624,0.1076168709744442,30.34090909090909,0.0080853990637132,0.0078530282829188,44,0,0.3999999999999999,-0.0370904821852959,-0.0839647790910184,0.0395113098797658,negative option leg,drawdown cushion with visible return cost,continuous_30d_daily_mtm
mny_daily_0225,510500,510500_DTE30_OTM1_Q50_Hold,surface,main_stepA_common_sample,2022-09-30,2026-05-27,881,OTM1,0.01,0.5,Q50,0.0781443818484641,0.0894410340425024,0.1682700809406614,0.5315326024835209,0.8449449050106457,0.3093730006521002,0.2525895332939541,0.5909090909090909,-0.1185969728857043,0.1445177898483096,-0.0519243943832199,-0.484627061032883,1.459127061032883,0.6363636363636364,0.5,0.0178843226788432,0.071111951094078,0.1345210887180553,30.34090909090909,0.0080853990637132,0.0078530282829188,44,0,0.5,-0.046642584237436,-0.1149672361311496,0.0490320883276674,negative option leg,drawdown cushion with visible return cost,continuous_30d_daily_mtm
mny_daily_0226,510500,510500_DTE30_OTM1_Q60_Hold,surface,main_stepA_common_sample,2022-09-30,2026-05-27,881,OTM1,0.01,0.6,Q60,0.0684874560533563,0.0790443541671353,0.1596656788430384,0.4950616484388047,0.769297553427819,0.2818674133626241,0.242977558974676,0.5909090909090909,-0.115630708664191,0.11998494618944,-0.0623092732598638,-0.4846270610328831,1.4591270610328833,0.6363636363636364,0.5,0.0214611872146118,0.0853343413128937,0.1614253064616663,30.34090909090909,0.0080853990637132,0.0078530282829188,44,0,0.5999999999999999,-0.0562995100325438,-0.1514381901758658,0.0586440626469456,negative option leg,drawdown cushion with visible return cost,continuous_30d_daily_mtm
mny_daily_0227,510500,510500_DTE30_OTM1_Q70_Hold,surface,main_stepA_common_sample,2022-09-30,2026-05-27,881,OTM1,0.01,0.7,Q70,0.0587292274567405,0.0686476742917686,0.1517677194094993,0.452320655267565,0.6865714728688843,0.2491323286566369,0.2357350720936876,0.5909090909090909,-0.1126597767898192,0.0957877879726771,-0.0726941521365078,-0.4846270610328832,1.4591270610328833,0.6363636363636364,0.5,0.0250380517503805,0.0995567315317093,0.1883295242052774,30.34090909090909,0.0080853990637132,0.0078530282829188,44,0,0.7000000000000001,-0.0660577386291596,-0.1941791833471055,0.065886549527934,negative option leg,drawdown cushion with visible return cost,continuous_30d_daily_mtm
mny_daily_0228,510500,510500_DTE30_OTM1_Q80_Hold,surface,main_stepA_common_sample,2022-09-30,2026-05-27,881,OTM1,0.01,0.8,Q80,0.0488732348001548,0.0582509944164001,0.1446919317129792,0.4025863344747574,0.5970380511259268,0.2122375411081819,0.2302761073510699,0.6363636363636364,-0.1096842002205042,0.0796623502403601,-0.0830790310131518,-0.484627061032883,1.4591270610328828,0.6363636363636364,0.5,0.0286149162861491,0.1137791217505249,0.2152337419488884,30.34090909090909,0.0080853990637132,0.0078530282829188,44,0,0.7999999999999999,-0.0759137312857454,-0.2439135041399131,0.0713455142705516,negative option leg,drawdown cushion with visible return cost,continuous_30d_daily_mtm
mny_daily_0229,510500,510500_DTE30_OTM1_Q90_Hold,surface,main_stepA_common_sample,2022-09-30,2026-05-27,881,OTM1,0.01,0.9,Q90,0.0389230327033058,0.0478543145410331,0.1385643256564511,0.3453581166315528,0.5012597514895909,0.1731480562638275,0.2247962439959385,0.6590909090909091,-0.1067040021538225,0.0727173299143038,-0.0934639098897958,-0.4846270610328831,1.459127061032883,0.6363636363636364,0.5,0.0321917808219178,0.1280015119693405,0.2421379596924995,30.34090909090909,0.0080853990637132,0.0078530282829188,44,0,0.9000000000000002,-0.0858639333825943,-0.3011417219831176,0.076825377625683,negative option leg,drawdown cushion with visible return cost,continuous_30d_daily_mtm
mny_daily_0230,510500,510500_DTE30_OTM1_Q100_Hold,surface,main_stepA_common_sample,2022-09-30,2026-05-27,881,OTM1,0.01,1.0,Q100,0.0288821897393503,0.0374576346656649,0.1335155136309682,0.2805489313339002,0.4000449219686371,0.1317043766366019,0.2192955957647625,0.6363636363636364,-0.1037192060282052,0.0657804558351331,-0.1038487887664398,-0.484627061032883,1.459127061032883,0.6363636363636364,0.5,0.0357686453576864,0.1422239021881561,0.2690421774361106,30.34090909090909,0.0080853990637132,0.0078530282829188,44,0,1.0,-0.0959047763465499,-0.3659509072807703,0.0823260258568591,negative option leg,drawdown cushion with visible return cost,continuous_30d_daily_mtm
mny_daily_0231,510500,510500_DTE30_OTM2_Q10_Hold,surface,main_stepA_common_sample,2022-09-30,2026-05-27,881,OTM2,0.02,0.1,Q10,0.1152029710803905,0.1307639761498398,0.2087230116895052,0.6264952536444012,1.0751600621020718,0.3918507026320188,0.2939971022294579,0.5,-0.1304149024061508,0.2460439310144053,-0.0106483568639721,-0.6269078360641719,1.6014078360641717,0.6590909090909091,0.4318181818181818,0.0032545887151597,0.0127834487753632,0.026904217743611,30.34090909090909,0.0185422762247995,0.0178575606939708,44,0,0.0999999999999999,-0.0095839950055096,-0.0200045849702693,0.0076245193921636,negative option leg,drawdown cushion with visible return cost,continuous_30d_daily_mtm
mny_daily_0232,510500,510500_DTE30_OTM2_Q20_Hold,surface,main_stepA_common_sample,2022-09-30,2026-05-27,881,OTM2,0.02,0.2,Q20,0.1055255386051834,0.1201035188803406,0.1990184997435813,0.6034791691982602,1.0186640092139034,0.3656023121009559,0.2886347681960065,0.5,-0.1274675336237649,0.220149419257347,-0.0212967137279442,-0.6269078360641719,1.6014078360641717,0.6590909090909091,0.4318181818181818,0.0065091774303195,0.0255668975507265,0.0538084354872221,30.34090909090909,0.0185422762247995,0.0178575606939708,44,0,0.1999999999999999,-0.0192614274807167,-0.0430206694164103,0.0129868534256151,negative option leg,drawdown cushion with visible return cost,continuous_30d_daily_mtm
mny_daily_0233,510500,510500_DTE30_OTM2_Q30_Hold,surface,main_stepA_common_sample,2022-09-30,2026-05-27,881,OTM2,0.02,0.3,Q30,0.0957578037317548,0.1094430616108423,0.1896905918509794,0.576955665238372,0.9565749220083796,0.338040426341369,0.283273230862199,0.5909090909090909,-0.1245154077296236,0.194598139634792,-0.0319450705919164,-0.6269078360641721,1.601407836064172,0.6590909090909091,0.4318181818181818,0.0097637661454792,0.0383503463260897,0.0807126532308331,30.34090909090909,0.0185422762247995,0.0178575606939708,44,0,0.2999999999999999,-0.0290291623541454,-0.0695441733762984,0.0183483907594226,negative option leg,drawdown cushion with visible return cost,continuous_30d_daily_mtm
mny_daily_0234,510500,510500_DTE30_OTM2_Q40_Hold,surface,main_stepA_common_sample,2022-09-30,2026-05-27,881,OTM2,0.02,0.4,Q40,0.0859029118783236,0.0987826043413422,0.1807975879222513,0.546371251279203,0.8885676816022242,0.3091267576580327,0.2778889557446612,0.6136363636363636,-0.1215585467349077,0.1693882234276065,-0.0425934274558885,-0.6269078360641719,1.6014078360641717,0.6590909090909091,0.4318181818181818,0.013018354860639,0.051133795101453,0.1076168709744442,30.34090909090909,0.0185422762247995,0.0178575606939708,44,0,0.3999999999999999,-0.0388840542075765,-0.1001285873354674,0.0237326658769604,negative option leg,drawdown cushion with visible return cost,continuous_30d_daily_mtm
mny_daily_0235,510500,510500_DTE30_OTM2_Q50_Hold,surface,main_stepA_common_sample,2022-09-30,2026-05-27,881,OTM2,0.02,0.5,Q50,0.0759640173689892,0.0881221470718422,0.172406800113493,0.5111291840799356,0.8143615362304844,0.2787854084390373,0.2724820419918086,0.6136363636363636,-0.1185969728857041,0.1445177898483098,-0.0532417843198606,-0.6269078360641718,1.6014078360641717,0.6590909090909091,0.4318181818181818,0.0162729435757987,0.0639172438768162,0.1345210887180553,30.34090909090909,0.0185422762247995,0.0178575606939708,44,0,0.5,-0.0488229487169109,-0.1353706545347349,0.029139579629813,negative option leg,drawdown cushion with visible return cost,continuous_30d_daily_mtm
mny_daily_0236,510500,510500_DTE30_OTM2_Q60_Hold,surface,main_stepA_common_sample,2022-09-30,2026-05-27,881,OTM2,0.02,0.6,Q60,0.0659442819927276,0.0774616898023427,0.1645950528338688,0.4706197936612795,0.7339367539245116,0.2469336906695234,0.2670525913816363,0.6136363636363636,-0.1156307086641913,0.1199849461894397,-0.0638901411838328,-0.6269078360641721,1.601407836064172,0.6590909090909091,0.4318181818181818,0.0195275322909585,0.0767006926521795,0.1614253064616663,30.34090909090909,0.0185422762247995,0.0178575606939708,44,0,0.5999999999999999,-0.0588426840931726,-0.175880044953391,0.0345690302399853,negative option leg,drawdown cushion with visible return cost,continuous_30d_daily_mtm
mny_daily_0237,510500,510500_DTE30_OTM2_Q70_Hold,surface,main_stepA_common_sample,2022-09-30,2026-05-27,881,OTM2,0.02,0.7,Q70,0.0558468735631123,0.0668012325328441,0.1574485562796134,0.4242733887899969,0.6473550199934883,0.2134813545362663,0.2616007083355144,0.6136363636363636,-0.112659776789819,0.0957877879726776,-0.0745384980478049,-0.626907836064172,1.6014078360641717,0.6590909090909091,0.4318181818181818,0.0227821210061182,0.0894841414275427,0.1883295242052774,30.34090909090909,0.0185422762247995,0.0178575606939708,44,0,0.7000000000000001,-0.0689400925227878,-0.2222264498246736,0.0400209132861072,negative option leg,drawdown cushion with visible return cost,continuous_30d_daily_mtm
mny_daily_0238,510500,510500_DTE30_OTM2_Q80_Hold,surface,main_stepA_common_sample,2022-09-30,2026-05-27,881,OTM2,0.02,0.8,Q80,0.0456749644795435,0.0561407752633439,0.1510617559040855,0.3716412200252042,0.5550371264015959,0.1783297100913342,0.2561264999317861,0.6136363636363636,-0.1096842002205042,0.0796623502403608,-0.085186854911777,-0.6269078360641719,1.6014078360641717,0.6590909090909091,0.4318181818181818,0.026036709721278,0.102267590202906,0.2152337419488884,30.34090909090909,0.0185422762247995,0.0178575606939708,44,0,0.7999999999999999,-0.0791120016063566,-0.2748586185894663,0.0454951216898354,negative option leg,drawdown cushion with visible return cost,continuous_30d_daily_mtm
mny_daily_0239,510500,510500_DTE30_OTM2_Q90_Hold,surface,main_stepA_common_sample,2022-09-30,2026-05-27,881,OTM2,0.02,0.9,Q90,0.035431730290824,0.0454803179938445,0.1455347040545891,0.3125049677277329,0.4575300732488551,0.1413706242592022,0.2506300759191681,0.6136363636363636,-0.1067040021538219,0.0727173299143044,-0.0958352117757491,-0.626907836064172,1.6014078360641726,0.6590909090909091,0.4318181818181818,0.0292912984364377,0.1150510389782693,0.2421379596924995,30.34090909090909,0.0185422762247995,0.0178575606939708,44,0,0.9000000000000002,-0.0893552357950762,-0.3339948708869376,0.0509915457024535,negative option leg,drawdown cushion with visible return cost,continuous_30d_daily_mtm
mny_daily_0240,510500,510500_DTE30_OTM2_Q100_Hold,surface,main_stepA_common_sample,2022-09-30,2026-05-27,881,OTM2,0.02,1.0,Q100,0.0251203482618451,0.0348198607243463,0.140968563292773,0.2470044378052585,0.3556169376255843,0.1024853720357294,0.2451115487299736,0.6363636363636364,-0.1037192060282052,0.0657804558351333,-0.1064835686397213,-0.6269078360641718,1.6014078360641717,0.6590909090909091,0.4318181818181818,0.0325458871515975,0.1278344877536325,0.2690421774361106,30.34090909090909,0.0185422762247995,0.0178575606939708,44,0,1.0,-0.099666617824055,-0.3994954008094119,0.056510072891648,negative option leg,drawdown cushion with visible return cost,continuous_30d_daily_mtm
mny_daily_0241,510500,510500_DTE30_OTM3_Q10_Hold,surface,main_stepA_common_sample,2022-09-30,2026-05-27,881,OTM3,0.03,0.1,Q10,0.1175595441110244,0.1333166528739393,0.2108594276932605,0.6322536977947061,1.0882450762378035,0.3995295686652485,0.2942449153482388,0.5,-0.1312719590034557,0.2486817073252569,-0.0080985776162896,-0.6779207191493797,1.6524207191493798,0.7272727272727273,0.2954545454545454,0.0029498840734795,0.0118527443105757,0.0256160398919592,30.34090909090909,0.0310367789923914,0.0334767900838635,44,0,0.0999999999999999,-0.0072274219748758,-0.0142461408199644,0.0073767062733828,near-flat option leg,drawdown cushion with visible return cost,continuous_30d_daily_mtm
mny_daily_0242,510500,510500_DTE30_OTM3_Q20_Hold,surface,main_stepA_common_sample,2022-09-30,2026-05-27,881,OTM3,0.03,0.2,Q20,0.1102481849471417,0.1252088723285418,0.2032651366747392,0.615987937611252,1.0466200360096962,0.3813214148062617,0.2891214095677149,0.5,-0.1291827140096383,0.2253512943832492,-0.0161971552325793,-0.6779207191493797,1.6524207191493798,0.7272727272727273,0.2954545454545454,0.0058997681469591,0.0237054886211514,0.0512320797839185,30.34090909090909,0.0310367789923914,0.0334767900838635,44,0,0.1999999999999999,-0.0145387811387585,-0.0305119010034184,0.0125002120539067,negative option leg,drawdown cushion with visible return cost,continuous_30d_daily_mtm
mny_daily_0243,510500,510500_DTE30_OTM3_Q30_Hold,surface,main_stepA_common_sample,2022-09-30,2026-05-27,881,OTM3,0.03,0.3,Q30,0.1028545690198616,0.1171010917831431,0.196006046751733,0.5974361185472344,1.0013650373630911,0.3621774500975757,0.2839894338870385,0.5681818181818182,-0.1270897543606616,0.2022910000202358,-0.024295732848869,-0.6779207191493799,1.6524207191493798,0.7272727272727273,0.2954545454545454,0.0088496522204387,0.0355582329317271,0.0768481196758778,30.34090909090909,0.0310367789923914,0.0334767900838635,44,0,0.2999999999999999,-0.0219323970660385,-0.049063720067436,0.017632187734583,negative option leg,drawdown cushion with visible return cost,continuous_30d_daily_mtm
mny_daily_0244,510500,510500_DTE30_OTM3_Q40_Hold,surface,main_stepA_common_sample,2022-09-30,2026-05-27,881,OTM3,0.03,0.4,Q40,0.0953803854210111,0.1089933112377437,0.1891207602952558,0.5763159531908773,0.9523811200026508,0.3420794988830108,0.2788252021312468,0.5681818181818182,-0.1249930771084801,0.1794995280251128,-0.0323943104651586,-0.6779207191493797,1.6524207191493798,0.7272727272727273,0.2954545454545454,0.0117995362939183,0.0474109772423028,0.1024641595678371,30.34090909090909,0.0310367789923914,0.0334767900838635,44,0,0.3999999999999999,-0.0294065806648891,-0.0701838854237932,0.0227964194903748,negative option leg,drawdown cushion with visible return cost,continuous_30d_daily_mtm
mny_daily_0245,510500,510500_DTE30_OTM3_Q50_Hold,surface,main_stepA_common_sample,2022-09-30,2026-05-27,881,OTM3,0.03,0.5,Q50,0.0878273313996529,0.1008855306923435,0.1826515552127592,0.5523387445282268,0.8995386675870674,0.3209728345209267,0.2736285503124931,0.5681818181818182,-0.1228926793142656,0.1569755785823279,-0.0404928880814483,-0.6779207191493797,1.6524207191493794,0.7272727272727273,0.2954545454545454,0.0147494203673978,0.0592637215528785,0.1280801994597964,30.34090909090909,0.0310367789923914,0.0334767900838635,44,0,0.5,-0.0369596346862473,-0.0941610940864436,0.0279930713091285,negative option leg,drawdown cushion with visible return cost,continuous_30d_daily_mtm
mny_daily_0246,510500,510500_DTE30_OTM3_Q60_Hold,surface,main_stepA_common_sample,2022-09-30,2026-05-27,881,OTM3,0.03,0.6,Q60,0.0801971118485234,0.0927777501469442,0.1766441516274869,0.5252240127519029,0.8428477062227625,0.2987977527978057,0.2683993139091384,0.5909090909090909,-0.120788558048454,0.1347178483157534,-0.048591465697738,-0.6779207191493799,1.6524207191493798,0.7272727272727273,0.2954545454545454,0.0176993044408774,0.0711164658634542,0.1536962393517556,30.34090909090909,0.0310367789923914,0.0334767900838635,44,0,0.5999999999999999,-0.0445898542373768,-0.1212758258627676,0.0332223077124832,negative option leg,drawdown cushion with visible return cost,continuous_30d_daily_mtm
mny_daily_0247,510500,510500_DTE30_OTM3_Q70_Hold,surface,main_stepA_common_sample,2022-09-30,2026-05-27,881,OTM3,0.03,0.7,Q70,0.0724914387860204,0.0846699696015455,0.1711471852597071,0.494720199301339,0.7823180283533567,0.2754889979837043,0.2631373278663872,0.5909090909090909,-0.1186807103908034,0.125802770991074,-0.0566900433140276,-0.6779207191493801,1.6524207191493805,0.7272727272727273,0.2954545454545454,0.020649188514357,0.0829692101740298,0.1793122792437149,30.34090909090909,0.0310367789923914,0.0334767900838635,44,0,0.7000000000000001,-0.0522955272998797,-0.1517796393133315,0.0384842937552344,negative option leg,drawdown cushion with visible return cost,continuous_30d_daily_mtm
mny_daily_0248,510500,510500_DTE30_OTM3_Q80_Hold,surface,main_stepA_common_sample,2022-09-30,2026-05-27,881,OTM3,0.03,0.8,Q80,0.0647120308338657,0.0765621890561464,0.1662113076057628,0.46063165111332,0.7182473791149151,0.2509751078903284,0.2578424265969188,0.5909090909090909,-0.1165691334304345,0.1243520309758214,-0.0647886209303173,-0.6779207191493797,1.6524207191493798,0.7272727272727273,0.2954545454545454,0.0235990725878366,0.0948219544846056,0.2049283191356742,30.34090909090909,0.0310367789923914,0.0334767900838635,44,0,0.7999999999999999,-0.0600749352520344,-0.1858681875013505,0.0437791950247028,negative option leg,drawdown cushion with visible return cost,continuous_30d_daily_mtm
mny_daily_0249,510500,510500_DTE30_OTM3_Q90_Hold,surface,main_stepA_common_sample,2022-09-30,2026-05-27,881,OTM3,0.03,0.9,Q90,0.0568606126905593,0.0684544085107476,0.1618878487264729,0.4228508133825953,0.6507265564405583,0.2251776642714079,0.2525144439815526,0.5909090909090909,-0.1144538242658865,0.1228844503782531,-0.072887198546607,-0.6779207191493799,1.65242071914938,0.7272727272727273,0.2954545454545454,0.0265489566613162,0.1066746987951813,0.2305443590276335,30.34090909090909,0.0310367789923914,0.0334767900838635,44,0,0.9000000000000002,-0.0679263533953409,-0.2236490252320752,0.049107177640069,negative option leg,drawdown cushion with visible return cost,continuous_30d_daily_mtm
mny_daily_0250,510500,510500_DTE30_OTM3_Q100_Hold,surface,main_stepA_common_sample,2022-09-30,2026-05-27,881,OTM3,0.03,1.0,Q100,0.0489389146007146,0.0603466279653487,0.1582270185212507,0.3813926883621577,0.5804412737654173,0.1980104322069291,0.2471532133699473,0.6136363636363636,-0.1123347800051637,0.1214001082649558,-0.0809857761628966,-0.6779207191493797,1.6524207191493794,0.7272727272727273,0.2954545454545454,0.0294988407347957,0.118527443105757,0.2561603989195928,30.34090909090909,0.0310367789923914,0.0334767900838635,44,0,1.0,-0.0758480514851855,-0.2651071502525128,0.0544684082516743,negative option leg,drawdown cushion with visible return cost,continuous_30d_daily_mtm
mny_daily_0251,510500,510500_DTE30_OTM4_Q10_Hold,surface,main_stepA_common_sample,2022-09-30,2026-05-27,881,OTM4,0.04,0.1,Q10,0.1196142688241248,0.1352900069957966,0.2115034734586465,0.6396585587151066,1.1021966977292863,0.4048914648554966,0.2954230434736737,0.5,-0.1312719590034555,0.2490397591768911,-0.0061274633969548,-0.6243238093852297,1.5988238093852298,0.7954545454545454,0.2727272727272727,0.0026843964263453,0.0118527443105757,0.0256160398919592,30.34090909090909,0.0396560407911711,0.0377751892033471,44,0,0.0999999999999999,-0.0051726972617753,-0.0068412798995639,0.0061985781479478,near-flat option leg,drawdown cushion with visible return cost,continuous_30d_daily_mtm
mny_daily_0252,510500,510500_DTE30_OTM4_Q20_Hold,surface,main_stepA_common_sample,2022-09-30,2026-05-27,881,OTM4,0.04,0.2,Q20,0.11434560115071,0.1291555805722548,0.2045498838268589,0.6314136100002798,1.075349946128642,0.3922774724732564,0.2914916332813517,0.5,-0.1291827140096381,0.2260559198464373,-0.0122549267939096,-0.6243238093852297,1.5988238093852298,0.7954545454545454,0.2727272727272727,0.0053687928526906,0.0237054886211514,0.0512320797839185,30.34090909090909,0.0396560407911711,0.0377751892033471,44,0,0.1999999999999999,-0.0104413649351902,-0.0150862286143906,0.0101299883402699,negative option leg,drawdown cushion with visible return cost,continuous_30d_daily_mtm
mny_daily_0253,510500,510500_DTE30_OTM4_Q30_Hold,surface,main_stepA_common_sample,2022-09-30,2026-05-27,881,OTM4,0.04,0.3,Q30,0.1089819768295869,0.1230211541487135,0.1979245432177533,0.6215558320797422,1.045698020857116,0.3789811341978777,0.2875657044518848,0.5227272727272727,-0.1270897543606618,0.2033308543231724,-0.0183823901908644,-0.6243238093852299,1.5988238093852298,0.7954545454545454,0.2727272727272727,0.0080531892790359,0.0355582329317271,0.0768481196758778,30.34090909090909,0.0396560407911711,0.0377751892033471,44,0,0.2999999999999999,-0.0158049892563132,-0.0249440065349283,0.0140559171697368,negative option leg,drawdown cushion with visible return cost,continuous_30d_daily_mtm
mny_daily_0254,510500,510500_DTE30_OTM4_Q40_Hold,surface,main_stepA_common_sample,2022-09-30,2026-05-27,881,OTM4,0.04,0.4,Q40,0.1035244227657434,0.1168867277251698,0.1916614953197354,0.609860251430137,1.0131577569949246,0.3650089347450672,0.2836216128190065,0.5227272727272727,-0.1249930771084802,0.180863400298,-0.0245098535878192,-0.6243238093852297,1.5988238093852298,0.7954545454545454,0.2727272727272727,0.0107375857053812,0.0474109772423028,0.1024641595678371,30.34090909090909,0.0396560407911711,0.0377751892033471,44,0,0.3999999999999999,-0.0212625433201567,-0.0366395871845335,0.018000008802615,negative option leg,drawdown cushion with visible return cost,continuous_30d_daily_mtm
mny_daily_0255,510500,510500_DTE30_OTM4_Q50_Hold,surface,main_stepA_common_sample,2022-09-30,2026-05-27,881,OTM4,0.04,0.5,Q50,0.0979739787184834,0.1107523013016281,0.1857973813440422,0.5960918313296755,0.97761051880539,0.3503333506667571,0.2796592974434738,0.5454545454545454,-0.1228926793142654,0.1586523922794767,-0.030637316984774,-0.6243238093852296,1.5988238093852296,0.7954545454545454,0.2727272727272727,0.0134219821317265,0.0592637215528785,0.1280801994597964,30.34090909090909,0.0396560407911711,0.0377751892033471,44,0,0.5,-0.0268129873674167,-0.050408007284995,0.0219623241781478,negative option leg,drawdown cushion with visible return cost,continuous_30d_daily_mtm
mny_daily_0256,510500,510500_DTE30_OTM4_Q60_Hold,surface,main_stepA_common_sample,2022-09-30,2026-05-27,881,OTM4,0.04,0.6,Q60,0.0923316970075025,0.1046178748780857,0.1803711151661365,0.5800145704134729,0.9390305877141278,0.3349250337548101,0.2756786973263282,0.5681818181818182,-0.1207885580484543,0.1366966616259779,-0.0367647803817288,-0.6243238093852299,1.5988238093852298,0.7954545454545454,0.2727272727272727,0.0161063785580718,0.0711164658634542,0.1536962393517556,30.34090909090909,0.0396560407911711,0.0377751892033471,44,0,0.5999999999999999,-0.0324552690783976,-0.0664852682011976,0.0259429242952934,negative option leg,drawdown cushion with visible return cost,continuous_30d_daily_mtm
mny_daily_0257,510500,510500_DTE30_OTM4_Q70_Hold,surface,main_stepA_common_sample,2022-09-30,2026-05-27,881,OTM4,0.04,0.7,Q70,0.0865986422117708,0.0984834484545421,0.175423332553323,0.561404500878504,0.8973578961580876,0.3187526555158179,0.2716797514098621,0.5681818181818182,-0.1186807103908033,0.1258027709910747,-0.0428922437786836,-0.6243238093852301,1.59882380938523,0.7954545454545454,0.2727272727272727,0.0187907749844172,0.0829692101740298,0.1793122792437149,30.34090909090909,0.0396560407911711,0.0377751892033471,44,0,0.7000000000000001,-0.0381883238741294,-0.0850953377361665,0.0299418702117595,negative option leg,drawdown cushion with visible return cost,continuous_30d_daily_mtm
mny_daily_0258,510500,510500_DTE30_OTM4_Q80_Hold,surface,main_stepA_common_sample,2022-09-30,2026-05-27,881,OTM4,0.04,0.8,Q80,0.0807758908611944,0.0923490220310011,0.1709955735328188,0.5400667404602536,0.8528725678910909,0.3017827356033252,0.2676623985785897,0.5681818181818182,-0.1165691334304347,0.1243520309758214,-0.0490197071756384,-0.6243238093852297,1.5988238093852298,0.7954545454545454,0.2727272727272727,0.0214751714107625,0.0948219544846056,0.2049283191356742,30.34090909090909,0.0396560407911711,0.0377751892033471,44,0,0.7999999999999999,-0.0440110752247058,-0.1064330981544169,0.0339592230430318,negative option leg,drawdown cushion with visible return cost,continuous_30d_daily_mtm
mny_daily_0259,510500,510500_DTE30_OTM4_Q90_Hold,surface,main_stepA_common_sample,2022-09-30,2026-05-27,881,OTM4,0.04,0.9,Q90,0.0748645311209683,0.0862145956074594,0.1671291742257687,0.5158560497103593,0.8055478405475517,0.2839794522442117,0.2636265776602303,0.5681818181818182,-0.1144538242658864,0.1228844503782533,-0.0551471705725932,-0.6243238093852298,1.5988238093852294,0.7954545454545454,0.2727272727272727,0.0241595678371078,0.1066746987951813,0.2305443590276335,30.34090909090909,0.0396560407911711,0.0377751892033471,44,0,0.9000000000000002,-0.0499224349649318,-0.1306437889043112,0.0379950439613913,negative option leg,drawdown cushion with visible return cost,continuous_30d_daily_mtm
mny_daily_0260,510500,510500_DTE30_OTM4_Q100_Hold,surface,main_stepA_common_sample,2022-09-30,2026-05-27,881,OTM4,0.04,1.0,Q100,0.0688656624686245,0.0800801691839169,0.1638638756188284,0.4886993480503003,0.755918425129975,0.265304432416875,0.2595722274266997,0.5681818181818182,-0.1123347800051636,0.1214001082649558,-0.061274633969548,-0.6243238093852296,1.5988238093852296,0.7954545454545454,0.2727272727272727,0.0268439642634531,0.118527443105757,0.2561603989195928,30.34090909090909,0.0396560407911711,0.0377751892033471,44,0,1.0,-0.0559213036172756,-0.1578004905643702,0.0420493941949219,negative option leg,drawdown cushion with visible return cost,continuous_30d_daily_mtm
mny_daily_0261,510500,510500_DTE30_OTM5_Q10_Hold,surface,main_stepA_common_sample,2022-09-30,2026-05-27,881,OTM5,0.05,0.1,Q10,0.1206728397087497,0.1364185662299899,0.2123687855974925,0.6423663715276275,1.107173210047432,0.4072765442626644,0.2962921420559991,0.5,-0.1325572263789718,0.2501858246352886,-0.0050001851607572,-0.6692513705718165,1.6437513705718163,0.8409090909090909,0.25,0.0016118589197478,0.0110002077706212,0.0256160398919592,30.34090909090909,0.050172383960824,0.050604129567764,44,0,0.0999999999999999,-0.0041141263771504,-0.0041334670870429,0.0053294795656225,near-flat option leg,drawdown cushion with visible return cost,continuous_30d_daily_mtm
mny_daily_0262,510500,510500_DTE30_OTM5_Q20_Hold,surface,main_stepA_common_sample,2022-09-30,2026-05-27,881,OTM5,0.05,0.2,Q20,0.1164671925895945,0.1314126990406415,0.2062768170064897,0.637069647223164,1.0857847116046442,0.397177373351654,0.2932372295198109,0.5,-0.1317569864387214,0.2283100745338449,-0.0100003703215144,-0.6692513705718165,1.6437513705718163,0.8409090909090909,0.25,0.0032237178394956,0.0220004155412425,0.0512320797839185,30.34090909090909,0.050172383960824,0.050604129567764,44,0,0.1999999999999999,-0.0083197734963056,-0.0094301913915065,0.0083843921018107,negative option leg,drawdown cushion with visible return cost,continuous_30d_daily_mtm
mny_daily_0263,510500,510500_DTE30_OTM5_Q30_Hold,surface,main_stepA_common_sample,2022-09-30,2026-05-27,881,OTM5,0.05,0.3,Q30,0.1121706071770165,0.1264068318512942,0.200504838238269,0.6304428010913093,1.06212729038742,0.3865350927454645,0.2901951447158292,0.5,-0.130956774026652,0.206655614223131,-0.0150005554822716,-0.6692513705718166,1.6437513705718163,0.8409090909090909,0.25,0.0048355767592434,0.0330006233118637,0.0768481196758778,30.34090909090909,0.050172383960824,0.050604129567764,44,0,0.2999999999999999,-0.0126163589088836,-0.0160570375233611,0.0114264769057924,negative option leg,drawdown cushion with visible return cost,continuous_30d_daily_mtm
mny_daily_0264,510500,510500_DTE30_OTM5_Q40_Hold,surface,main_stepA_common_sample,2022-09-30,2026-05-27,881,OTM5,0.05,0.4,Q40,0.1077836755135939,0.1214009646619436,0.1950812545172665,0.6223097394075786,1.036160142723354,0.3753667530531901,0.2871423071886197,0.5,-0.13015659069374,0.1852217737039212,-0.0200007406430289,-0.6692513705718165,1.6437513705718163,0.8409090909090909,0.25,0.0064474356789913,0.044000831082485,0.1024641595678371,30.34090909090909,0.050172383960824,0.050604129567764,44,0,0.3999999999999999,-0.0170032905723063,-0.0241900992070919,0.0144793144330018,negative option leg,drawdown cushion with visible return cost,continuous_30d_daily_mtm
mny_daily_0265,510500,510500_DTE30_OTM5_Q50_Hold,surface,main_stepA_common_sample,2022-09-30,2026-05-27,881,OTM5,0.05,0.5,Q50,0.103306999091161,0.1163950974725946,0.1900358975445353,0.6124900557028558,1.0078193082848754,0.3636562772309481,0.2840786906740333,0.5227272727272727,-0.1293564379938658,0.1640078798591244,-0.0250009258037861,-0.6692513705718167,1.6437513705718168,0.8409090909090909,0.25,0.0080592945987391,0.0550010388531062,0.1280801994597964,30.34090909090909,0.050172383960824,0.050604129567764,44,0,0.5,-0.0214799669947391,-0.0340097829118147,0.0175429309475882,negative option leg,drawdown cushion with visible return cost,continuous_30d_daily_mtm
mny_daily_0266,510500,510500_DTE30_OTM5_Q60_Hold,surface,main_stepA_common_sample,2022-09-30,2026-05-27,881,OTM5,0.05,0.6,Q60,0.0987411886995071,0.1113892302832458,0.1853996484126498,0.6008060491858289,0.977077859640884,0.3513867923976826,0.2810042689019357,0.5454545454545454,-0.1285563174838186,0.1430132564534629,-0.0300011109645433,-0.6692513705718166,1.6437513705718163,0.8409090909090909,0.25,0.0096711535184869,0.0660012466237275,0.1536962393517556,30.34090909090909,0.050172383960824,0.050604129567764,44,0,0.5999999999999999,-0.0260457773863931,-0.0456937894288416,0.0206173527196859,negative option leg,drawdown cushion with visible return cost,continuous_30d_daily_mtm
mny_daily_0267,510500,510500_DTE30_OTM5_Q70_Hold,surface,main_stepA_common_sample,2022-09-30,2026-05-27,881,OTM5,0.05,0.7,Q70,0.0940868642684331,0.1063833630938945,0.1812039119113099,0.5870919781575343,0.9439368892991764,0.3385405783281,0.2779190155965526,0.5681818181818182,-0.1277562307232987,0.1258027709910745,-0.0350012961253006,-0.6692513705718168,1.6437513705718172,0.8409090909090909,0.25,0.0112830124382347,0.0770014543943487,0.1793122792437149,30.34090909090909,0.050172383960824,0.050604129567764,44,0,0.7000000000000001,-0.030700101817467,-0.0594078604571362,0.023702606025069,negative option leg,drawdown cushion with visible return cost,continuous_30d_daily_mtm
mny_daily_0268,510500,510500_DTE30_OTM5_Q80_Hold,surface,main_stepA_common_sample,2022-09-30,2026-05-27,881,OTM5,0.05,0.8,Q80,0.0893446547030145,0.1013774959045476,0.1774799327722429,0.5712053995120884,0.9086289065240796,0.3250990119368067,0.2748229044768107,0.5681818181818182,-0.1269561792749221,0.1243520309758217,-0.0400014812860578,-0.6692513705718165,1.6437513705718163,0.8409090909090909,0.25,0.0128948713579826,0.08800166216497,0.2049283191356742,30.34090909090909,0.050172383960824,0.050604129567764,44,0,0.7999999999999999,-0.0354423113828856,-0.0752944391025821,0.0267987171448109,negative option leg,drawdown cushion with visible return cost,continuous_30d_daily_mtm
mny_daily_0269,510500,510500_DTE30_OTM5_Q90_Hold,surface,main_stepA_common_sample,2022-09-30,2026-05-27,881,OTM5,0.05,0.9,Q90,0.0845151977119076,0.0963716287151979,0.1742579586881714,0.553040041560751,0.8711675008682868,0.311042507386143,0.2717159092566934,0.5681818181818182,-0.1261561647042195,0.1228844503782531,-0.045001666446815,-0.6692513705718167,1.6437513705718163,0.8409090909090909,0.25,0.0145067302777304,0.0990018699355912,0.2305443590276335,30.34090909090909,0.050172383960824,0.050604129567764,44,0,0.9000000000000002,-0.0402717683739926,-0.0934597970539194,0.0299057123649282,negative option leg,drawdown cushion with visible return cost,continuous_30d_daily_mtm
mny_daily_0270,510500,510500_DTE30_OTM5_Q100_Hold,surface,main_stepA_common_sample,2022-09-30,2026-05-27,881,OTM5,0.05,1.0,Q100,0.0795991396285857,0.0913657615258491,0.1715662745994899,0.5325391702951904,0.8319141885481433,0.2963504514114582,0.2685980036455855,0.5681818181818182,-0.1253561885796449,0.1214001082649556,-0.0500018516075722,-0.6692513705718167,1.6437513705718168,0.8409090909090909,0.25,0.0161185891974782,0.1100020777062125,0.2561603989195928,30.34090909090909,0.050172383960824,0.050604129567764,44,0,1.0,-0.0451878264573144,-0.1139606683194801,0.0330236179760361,negative option leg,drawdown cushion with visible return cost,continuous_30d_daily_mtm
mny_daily_0271,510500,510500_DTE30_OTM7_Q10_Hold,surface,main_stepA_common_sample,2022-09-30,2026-05-27,881,OTM7,0.07,0.1,Q10,0.1218518134689601,0.13773657703362,0.2136500884762144,0.6446829861666743,1.1146285744557232,0.408625977657119,0.2981988912393789,0.5,-0.1325572263789718,0.2547134062279776,-0.0036836703966318,-0.7409098554010057,1.715409855401006,0.8863636363636364,0.1818181818181818,0.0012490450725744,0.008892502595742,0.0208206939538749,30.34090909090909,0.0677412998429958,0.0655077217180655,44,0,0.0999999999999999,-0.0029351526169401,-0.0018168524479962,0.0034227303822427,near-flat option leg,drawdown cushion with visible return cost,continuous_30d_daily_mtm
mny_daily_0272,510500,510500_DTE30_OTM7_Q20_Hold,surface,main_stepA_common_sample,2022-09-30,2026-05-27,881,OTM7,0.07,0.2,Q20,0.118844732658953,0.1340487206479013,0.2087806606626963,0.6420552565664547,1.1011731219862906,0.4009702311794921,0.2963929075466772,0.5,-0.1317569864387215,0.2372700046385192,-0.0073673407932637,-0.7409098554010057,1.715409855401006,0.8863636363636364,0.1818181818181818,0.0024980901451489,0.0177850051914841,0.0416413879077498,30.34090909090909,0.0677412998429958,0.0655077217180655,44,0,0.1999999999999999,-0.0059422334269472,-0.0044445820482158,0.0052287140749444,near-flat option leg,drawdown cushion with visible return cost,continuous_30d_daily_mtm
mny_daily_0273,510500,510500_DTE30_OTM7_Q30_Hold,surface,main_stepA_common_sample,2022-09-30,2026-05-27,881,OTM7,0.07,0.3,Q30,0.1157660430071818,0.130360864262183,0.2041625078828193,0.6385151985740922,1.0859440247595578,0.3927217208558489,0.2947788137485641,0.5,-0.130956774026652,0.2199531492946891,-0.0110510111898956,-0.7409098554010058,1.7154098554010058,0.8863636363636364,0.1818181818181818,0.0037471352177234,0.0266775077872262,0.0624620818616247,30.34090909090909,0.0677412998429958,0.0655077217180655,44,0,0.2999999999999999,-0.0090209230787183,-0.0079846400405783,0.0068428078730575,negative option leg,drawdown cushion with visible return cost,continuous_30d_daily_mtm
mny_daily_0274,510500,510500_DTE30_OTM7_Q40_Hold,surface,main_stepA_common_sample,2022-09-30,2026-05-27,881,OTM7,0.07,0.4,Q40,0.1126160668291096,0.1266730078764641,0.1998130535792024,0.6339576199222297,1.0689360072865015,0.3841250518034709,0.2931755330728264,0.5,-0.1301565906937402,0.2027626622109521,-0.0147346815865275,-0.7409098554010057,1.715409855401006,0.8863636363636364,0.1818181818181818,0.0049961802902979,0.0355700103829682,0.0832827758154997,30.34090909090909,0.0677412998429958,0.0655077217180655,44,0,0.3999999999999999,-0.0121708992567906,-0.0125422186924408,0.0084460885487952,negative option leg,drawdown cushion with visible return cost,continuous_30d_daily_mtm
mny_daily_0275,510500,510500_DTE30_OTM7_Q50_Hold,surface,main_stepA_common_sample,2022-09-30,2026-05-27,881,OTM7,0.07,0.5,Q50,0.1093951293334023,0.122985151490744,0.1957502095367482,0.6282759634423586,1.0500632647172334,0.3751006866043909,0.29164203969794,0.5227272727272727,-0.1293564379938658,0.1856983647618757,-0.0184183519831594,-0.7409098554010058,1.715409855401005,0.8863636363636364,0.1818181818181818,0.0062452253628724,0.0444625129787103,0.1041034697693746,30.34090909090909,0.0677412998429958,0.0655077217180655,44,0,0.5,-0.0153918367524978,-0.0182238751723119,0.0099795819236816,negative option leg,drawdown cushion with visible return cost,continuous_30d_daily_mtm
mny_daily_0276,510500,510500_DTE30_OTM7_Q60_Hold,surface,main_stepA_common_sample,2022-09-30,2026-05-27,881,OTM7,0.07,0.6,Q60,0.1061035585463077,0.1192972951050249,0.1919921719344542,0.6213654124698004,1.02926052265772,0.3657399960697371,0.2901065229028889,0.5227272727272727,-0.1285563174838186,0.1687600776816629,-0.0221020223797913,-0.7409098554010058,1.7154098554010058,0.8863636363636364,0.1818181818181818,0.0074942704354469,0.0533550155744524,0.1249241637232495,30.34090909090909,0.0677412998429958,0.0655077217180655,44,0,0.5999999999999999,-0.0186834075395925,-0.0251344261448701,0.0115150987187326,negative option leg,drawdown cushion with visible return cost,continuous_30d_daily_mtm
mny_daily_0277,510500,510500_DTE30_OTM7_Q70_Hold,surface,main_stepA_common_sample,2022-09-30,2026-05-27,881,OTM7,0.07,0.7,Q70,0.102741685231245,0.1156094387193061,0.1885571664825547,0.6131267290230641,1.0066725392471445,0.3560385589421114,0.2885689840350969,0.5227272727272727,-0.127756230723299,0.1519476210636821,-0.0257856927764231,-0.740909855401006,1.7154098554010062,0.8863636363636364,0.1818181818181818,0.0087433155080213,0.0622475181701944,0.1457448576771244,30.34090909090909,0.0677412998429958,0.0655077217180655,44,0,0.7000000000000001,-0.0220452808546551,-0.0333731095916064,0.0130526375865247,negative option leg,drawdown cushion with visible return cost,continuous_30d_daily_mtm
mny_daily_0278,510500,510500_DTE30_OTM7_Q80_Hold,surface,main_stepA_common_sample,2022-09-30,2026-05-27,881,OTM7,0.07,0.8,Q80,0.0993098428035292,0.1119215823335877,0.1854631429075419,0.603470752080285,0.9821675988721722,0.345991854288223,0.2870294244580705,0.5454545454545454,-0.1269561792749216,0.1352608143600009,-0.029469363173055,-0.7409098554010057,1.715409855401006,0.8863636363636364,0.1818181818181818,0.0099923605805958,0.0711400207659365,0.1665655516309994,30.34090909090909,0.0677412998429958,0.0655077217180655,44,0,0.7999999999999999,-0.0254771232823709,-0.0430290865343855,0.014592197163551,negative option leg,drawdown cushion with visible return cost,continuous_30d_daily_mtm
mny_daily_0279,510500,510500_DTE30_OTM7_Q90_Hold,surface,main_stepA_common_sample,2022-09-30,2026-05-27,881,OTM7,0.07,0.9,Q90,0.0958083672400682,0.1082337259478687,0.1827274230096551,0.5923233861955677,0.9559470681822142,0.3355952581974549,0.2854878455514329,0.5454545454545454,-0.1261561647042193,0.1299545742948238,-0.0331530335696869,-0.7409098554010058,1.7154098554010058,0.8863636363636364,0.1818181818181818,0.0112414056531703,0.0800325233616786,0.1873862455848743,30.34090909090909,0.0677412998429958,0.0655077217180655,44,0,0.9000000000000002,-0.0289785988458319,-0.0541764524191028,0.0161337760701887,negative option leg,drawdown cushion with visible return cost,continuous_30d_daily_mtm
mny_daily_0280,510500,510500_DTE30_OTM7_Q100_Hold,surface,main_stepA_common_sample,2022-09-30,2026-05-27,881,OTM7,0.07,1.0,Q100,0.0922375969839299,0.1045458695621497,0.1803663113215661,0.5796308013183241,0.9280197945665992,0.3248440403447677,0.2839442487109664,0.5454545454545454,-0.125356188579645,0.1292549147451596,-0.0368367039663188,-0.7409098554010058,1.715409855401005,0.8863636363636364,0.1818181818181818,0.0124904507257448,0.0889250259574207,0.2082069395387492,30.34090909090909,0.0677412998429958,0.0655077217180655,44,0,1.0,-0.0325493691019702,-0.0668690372963464,0.0176773729106551,negative option leg,drawdown cushion with visible return cost,continuous_30d_daily_mtm
mny_daily_0281,588000,588000_DTE30_ATM_Q10_Hold,surface,short_sample_extension,2023-06-30,2026-05-27,703,ATM,0.0,0.1,Q10,0.2226871116038715,0.2521207287566736,0.3240923330596663,0.7779287043802344,1.5814113072513143,0.6509381992932592,0.3421017722506512,0.4285714285714285,-0.1885397679202246,0.2745266113320943,-0.0204882034967815,-0.5809554618717575,1.555455461871757,0.7428571428571429,0.4285714285714285,0.0104087523277467,0.0348434285714286,0.0620285714285714,30.34285714285714,0.0006032826838843,0.0053619302949061,35,0,0.0999999999999999,-0.0162871622566691,-0.006866123826085,0.0226484633761163,negative option leg,drawdown cushion with visible return cost,continuous_30d_daily_mtm
mny_daily_0282,588000,588000_DTE30_ATM_Q20_Hold,surface,short_sample_extension,2023-06-30,2026-05-27,703,ATM,0.0,0.2,Q20,0.2058279910572702,0.2316033397848252,0.3014691879475717,0.7682487930577607,1.5199571565859125,0.6456522003095431,0.3187908148668753,0.4285714285714285,-0.1819384928705291,0.2443599977116064,-0.0409764069935631,-0.5809554618717575,1.555455461871757,0.7428571428571429,0.4285714285714285,0.0208175046554934,0.0696868571428572,0.1240571428571428,30.34285714285714,0.0006032826838843,0.0053619302949061,35,0,0.1999999999999999,-0.0331462828032704,-0.0165460351485587,0.0459594207598922,negative option leg,drawdown cushion with visible return cost,continuous_30d_daily_mtm
mny_daily_0283,588000,588000_DTE30_ATM_Q30_Hold,surface,short_sample_extension,2023-06-30,2026-05-27,703,ATM,0.0,0.3,Q30,0.1884179084235064,0.2110859508129777,0.2796973399638758,0.7546941663450945,1.445918785302804,0.6391294155828742,0.2948040003004287,0.4285714285714285,-0.1752906617027247,0.2144477353419303,-0.0614646104903447,-0.5809554618717574,1.5554554618717578,0.7428571428571429,0.4285714285714285,0.0312262569832402,0.1045302857142858,0.1860857142857143,30.34285714285714,0.0006032826838843,0.0053619302949061,35,0,0.3,-0.0505563654370342,-0.030100661861225,0.0699462353263388,negative option leg,drawdown cushion with visible return cost,continuous_30d_daily_mtm
mny_daily_0284,588000,588000_DTE30_ATM_Q40_Hold,surface,short_sample_extension,2023-06-30,2026-05-27,703,ATM,0.0,0.4,Q40,0.1704784238511714,0.1905685618411292,0.2589915683016657,0.7358099072135068,1.361566019597358,0.6097717025450122,0.2795774601209655,0.4285714285714285,-0.1685959997019969,0.1877157096851058,-0.0819528139871263,-0.5809554618717575,1.555455461871757,0.7428571428571429,0.4285714285714285,0.0416350093109869,0.1393737142857144,0.2481142857142857,30.34285714285714,0.0006032826838843,0.0053619302949061,35,0,0.3999999999999999,-0.0684958500093693,-0.0489849209928127,0.085172775505802,negative option leg,drawdown cushion with visible return cost,continuous_30d_daily_mtm
mny_daily_0285,588000,588000_DTE30_ATM_Q50_Hold,surface,short_sample_extension,2023-06-30,2026-05-27,703,ATM,0.0,0.5,Q50,0.1520316271335033,0.1700511728692803,0.2396283845608314,0.7096453668497338,1.265445189731263,0.5725389725955948,0.2655393508747026,0.4857142857142857,-0.1618542308955679,0.1726925600021533,-0.1024410174839079,-0.5809554618717575,1.555455461871758,0.7428571428571429,0.4285714285714285,0.0520437616387337,0.174217142857143,0.3101428571428571,30.34285714285714,0.0006032826838843,0.0053619302949061,35,0,0.5,-0.0869426467270373,-0.0751494613565857,0.0992108847520649,negative option leg,drawdown cushion with visible return cost,continuous_30d_daily_mtm
mny_daily_0286,588000,588000_DTE30_ATM_Q60_Hold,surface,short_sample_extension,2023-06-30,2026-05-27,703,ATM,0.0,0.6,Q60,0.1331001022796785,0.1495337838974332,0.2219594392912809,0.6736986918641369,1.156569722258842,0.5296684525328373,0.2512894654065258,0.4857142857142857,-0.1550650780492198,0.1578115205592074,-0.1229292209806895,-0.5809554618717574,1.5554554618717578,0.7428571428571429,0.4285714285714285,0.0624525139664804,0.2090605714285716,0.3721714285714286,30.34285714285714,0.0006032826838843,0.0053619302949061,35,0,0.6,-0.1058741715808622,-0.1110961363421826,0.1134607702202417,negative option leg,drawdown cushion with visible return cost,continuous_30d_daily_mtm
mny_daily_0287,588000,588000_DTE30_ATM_Q70_Hold,surface,short_sample_extension,2023-06-30,2026-05-27,703,ATM,0.0,0.7,Q70,0.1137068910297085,0.1290163949255832,0.2064202569060382,0.6250180910505841,1.034374021182057,0.4801282682490464,0.2368260703423691,0.4857142857142857,-0.148228262663817,0.14307182218635,-0.1434174244774711,-0.5809554618717574,1.5554554618717578,0.7428571428571429,0.4285714285714285,0.0728612662942271,0.2439040000000002,0.4342,30.34285714285714,0.0006032826838843,0.0053619302949061,35,0,0.7000000000000001,-0.1252673828308321,-0.1597767371557353,0.1279241652843984,negative option leg,drawdown cushion with visible return cost,continuous_30d_daily_mtm
mny_daily_0288,588000,588000_DTE30_ATM_Q80_Hold,surface,short_sample_extension,2023-06-30,2026-05-27,703,ATM,0.0,0.8,Q80,0.0938754553851786,0.1084990059537364,0.1935245514119557,0.5606472417175358,0.8986518382881334,0.4225817296455122,0.222147454088768,0.5142857142857142,-0.1413435049718396,0.1385931585013502,-0.1639056279742527,-0.5809554618717575,1.555455461871757,0.7428571428571429,0.4285714285714285,0.0832700186219739,0.2787474285714289,0.4962285714285714,30.34285714285714,0.0006032826838843,0.0053619302949061,35,0,0.7999999999999998,-0.1450988184753621,-0.2241475864887837,0.1426027815379995,negative option leg,drawdown cushion with visible return cost,continuous_30d_daily_mtm
mny_daily_0289,588000,588000_DTE30_ATM_Q90_Hold,surface,short_sample_extension,2023-06-30,2026-05-27,703,ATM,0.0,0.9,Q90,0.0736296392288826,0.0879816169818884,0.1838294897578498,0.4786044779745763,0.7501385494010726,0.35526636566793,0.2072519279736849,0.6,-0.1344105239339147,0.1341912028835494,-0.1843938314710342,-0.5809554618717574,1.5554554618717575,0.7428571428571429,0.4285714285714285,0.0936787709497206,0.3135908571428575,0.5582571428571429,30.34285714285714,0.0006032826838843,0.0053619302949061,35,0,0.9000000000000004,-0.165344634631658,-0.3061903502317432,0.1574983076530826,negative option leg,drawdown cushion with visible return cost,continuous_30d_daily_mtm
mny_daily_0290,588000,588000_DTE30_ATM_Q100_Hold,surface,short_sample_extension,2023-06-30,2026-05-27,703,ATM,0.0,1.0,Q100,0.0529936291070554,0.0674642280100402,0.177859243160014,0.3793124653597281,0.5899232810658227,0.2758104940738733,0.1921378274057315,0.6,-0.1274290372353609,0.1297713341451487,-0.2048820349678159,-0.5809554618717575,1.555455461871758,0.7428571428571429,0.4285714285714285,0.1040875232774674,0.3484342857142861,0.6202857142857143,30.34285714285714,0.0006032826838843,0.0053619302949061,35,0,1.0,-0.1859806447534853,-0.4054823628465914,0.172612408221036,negative option leg,drawdown cushion with visible return cost,continuous_30d_daily_mtm
mny_daily_0291,588000,588000_DTE30_OTM1_Q10_Hold,surface,short_sample_extension,2023-06-30,2026-05-27,703,OTM1,0.01,0.1,Q10,0.2247537698765371,0.2540866193503816,0.3249476217446741,0.7819310016370233,1.590190708288031,0.6561170884650297,0.342551312605412,0.4285714285714285,-0.1917075233146413,0.2745266113320941,-0.0185251093335056,-0.6163692987697376,1.5908692987697377,0.8,0.3428571428571428,0.0092408539149642,0.0348434285714286,0.0620285714285714,30.34285714285714,0.0107003218898211,0.0130246020260491,35,0,0.0999999999999999,-0.0142205039840035,-0.0028638265692961,0.0221989230213555,negative option leg,drawdown cushion with visible return cost,continuous_30d_daily_mtm
mny_daily_0292,588000,588000_DTE30_OTM1_Q20_Hold,surface,short_sample_extension,2023-06-30,2026-05-27,703,OTM1,0.01,0.2,Q20,0.2099490702936794,0.235535120972242,0.3031915508715972,0.7768525220941664,1.5388211010069124,0.6567430292128986,0.3196822211349571,0.4285714285714285,-0.1883092861262358,0.244359997711606,-0.0370502186670112,-0.6163692987697376,1.5908692987697377,0.8,0.3428571428571428,0.0184817078299284,0.0696868571428572,0.1240571428571428,30.34285714285714,0.0107003218898211,0.0130246020260491,35,0,0.1999999999999999,-0.0290252035668612,-0.007942306112153,0.0450680144918104,negative option leg,drawdown cushion with visible return cost,continuous_30d_daily_mtm
mny_daily_0293,588000,588000_DTE30_OTM1_Q30_Hold,surface,short_sample_extension,2023-06-30,2026-05-27,703,OTM1,0.01,0.3,Q30,0.1945767061178593,0.2169836225941004,0.2822934432624131,0.7686456337294303,1.4761799950810537,0.6500613395618376,0.2993205321962545,0.4285714285714285,-0.1849000260135238,0.2144477353419291,-0.0555753280005168,-0.6163692987697376,1.5908692987697377,0.8,0.3428571428571428,0.0277225617448927,0.1045302857142858,0.1860857142857143,30.34285714285714,0.0107003218898211,0.0130246020260491,35,0,0.3,-0.0443975677426813,-0.0161491944768892,0.065429703430513,negative option leg,drawdown cushion with visible return cost,continuous_30d_daily_mtm
mny_daily_0294,588000,588000_DTE30_OTM1_Q40_Hold,surface,short_sample_extension,2023-06-30,2026-05-27,703,OTM1,0.01,0.4,Q40,0.1786537904008629,0.1984321242159616,0.2624583236336666,0.7560519379561711,1.4048389591106687,0.6212865927365028,0.2875545561251678,0.4285714285714285,-0.1814797202483169,0.1877157096851058,-0.0741004373340224,-0.6163692987697376,1.5908692987697377,0.8,0.3428571428571428,0.0369634156598569,0.1393737142857144,0.2481142857142857,30.34285714285714,0.0107003218898211,0.0130246020260491,35,0,0.3999999999999999,-0.0603204834596777,-0.0287428902501484,0.0771956795015997,negative option leg,drawdown cushion with visible return cost,continuous_30d_daily_mtm
mny_daily_0295,588000,588000_DTE30_OTM1_Q50_Hold,surface,short_sample_extension,2023-06-30,2026-05-27,703,OTM1,0.01,0.5,Q50,0.1621979950253118,0.1798806258378218,0.2439456232992515,0.7373800087290757,1.323527933447641,0.5884756422709929,0.2756239738307124,0.4857142857142857,-0.178048346107941,0.172692560002154,-0.092625546667528,-0.6163692987697376,1.5908692987697377,0.8,0.3428571428571428,0.0462042695748211,0.174217142857143,0.3101428571428571,30.34285714285714,0.0107003218898211,0.0130246020260491,35,0,0.5,-0.0767762788352288,-0.0474148194772438,0.0891262617960551,negative option leg,drawdown cushion with visible return cost,continuous_30d_daily_mtm
mny_daily_0296,588000,588000_DTE30_OTM1_Q60_Hold,surface,short_sample_extension,2023-06-30,2026-05-27,703,OTM1,0.01,0.6,Q60,0.1452275263356028,0.1613291274596806,0.2270790050967866,0.7104537356543297,1.2312985727685748,0.5510914118572267,0.263527108590158,0.4857142857142857,-0.1746058808755277,0.157811520559207,-0.1111506560010336,-0.6163692987697376,1.5908692987697377,0.8,0.3428571428571428,0.0554451234897854,0.2090605714285716,0.3721714285714286,30.34285714285714,0.0107003218898211,0.0130246020260491,35,0,0.6,-0.0937467475249378,-0.0743410925519898,0.1012231270366095,negative option leg,drawdown cushion with visible return cost,continuous_30d_daily_mtm
mny_daily_0297,588000,588000_DTE30_OTM1_Q70_Hold,surface,short_sample_extension,2023-06-30,2026-05-27,703,OTM1,0.01,0.7,Q70,0.1277610996524161,0.1427776290815399,0.2122512518956084,0.6726821529032125,1.1274964955517757,0.5084770408527877,0.2512622781121891,0.4857142857142857,-0.1711523018403102,0.1430718221863496,-0.1296757653345392,-0.6163692987697376,1.5908692987697377,0.8,0.3428571428571428,0.0646859774047496,0.2439040000000002,0.4342,30.34285714285714,0.0107003218898211,0.0130246020260491,35,0,0.7000000000000001,-0.1112131742081246,-0.1121126753031069,0.1134879575145784,negative option leg,drawdown cushion with visible return cost,continuous_30d_daily_mtm
mny_daily_0298,588000,588000_DTE30_OTM1_Q80_Hold,surface,short_sample_extension,2023-06-30,2026-05-27,703,OTM1,0.01,0.8,Q80,0.1098179127091305,0.1242261307033999,0.1999165457219088,0.6213899417620141,1.0116583604581797,0.459820486230543,0.238827794753952,0.5714285714285714,-0.1676875862979175,0.13859315850135,-0.1482008746680448,-0.6163692987697376,1.5908692987697377,0.8,0.3428571428571428,0.0739268313197139,0.2787474285714289,0.4962285714285714,30.34285714285714,0.0107003218898211,0.0130246020260491,35,0,0.7999999999999998,-0.1291563611514101,-0.1634048864443054,0.1259224408728155,negative option leg,drawdown cushion with visible return cost,continuous_30d_daily_mtm
mny_daily_0299,588000,588000_DTE30_OTM1_Q90_Hold,surface,short_sample_extension,2023-06-30,2026-05-27,703,OTM1,0.01,0.9,Q90,0.0914176180491905,0.1056746323252604,0.1905596193376956,0.5545489264333159,0.8845110556791623,0.4041058424578999,0.2262219657433301,0.6,-0.1642117115506687,0.1341912028835492,-0.1667259840015504,-0.6163692987697376,1.5908692987697377,0.8,0.3428571428571428,0.0831676852346781,0.3135908571428575,0.5582571428571429,30.34285714285714,0.0107003218898211,0.0130246020260491,35,0,0.9000000000000004,-0.1475566558113501,-0.2302459017730036,0.1385282698834374,negative option leg,drawdown cushion with visible return cost,continuous_30d_daily_mtm
mny_daily_0300,588000,588000_DTE30_OTM1_Q100_Hold,surface,short_sample_extension,2023-06-30,2026-05-27,703,OTM1,0.01,1.0,Q100,0.0725802944237881,0.08712313394712,0.18463375568269,0.4718700197858138,0.7468078868968796,0.3400451767513047,0.2134430934065869,0.6571428571428571,-0.1607246549078754,0.1297713341451485,-0.185251093335056,-0.6163692987697376,1.5908692987697377,0.8,0.3428571428571428,0.0924085391496423,0.3484342857142861,0.6202857142857143,30.34285714285714,0.0107003218898211,0.0130246020260491,35,0,1.0,-0.1663939794367526,-0.3129248084205057,0.1513071422201806,negative option leg,drawdown cushion with visible return cost,continuous_30d_daily_mtm
mny_daily_0301,588000,588000_DTE30_OTM2_Q10_Hold,surface,short_sample_extension,2023-06-30,2026-05-27,703,OTM2,0.02,0.1,Q10,0.2206211964081474,0.2508718430366485,0.3254586882761571,0.7708254598008444,1.5655578238407823,0.6362086214361597,0.3467749240966324,0.4285714285714285,-0.1917075233146412,0.2745266113320939,-0.0217353127079583,-0.7875145830241553,1.7620145830241551,0.8,0.3428571428571428,0.0092408539149642,0.0348434285714286,0.0620285714285714,30.34285714285714,0.0178193079326995,0.015228426395939,35,0,0.0999999999999999,-0.0183530774523932,-0.0139693684054751,0.017975311530135,negative option leg,drawdown cushion with visible return cost,continuous_30d_daily_mtm
mny_daily_0302,588000,588000_DTE30_OTM2_Q20_Hold,surface,short_sample_extension,2023-06-30,2026-05-27,703,OTM2,0.02,0.2,Q20,0.2018118258715961,0.2291055683447759,0.3042464723021397,0.7530262113187524,1.487765105383615,0.6145740605529261,0.3283767389889969,0.4285714285714285,-0.1883092861262357,0.2443599977116055,-0.0434706254159166,-0.7875145830241553,1.7620145830241551,0.8,0.3428571428571428,0.0184817078299284,0.0696868571428572,0.1240571428571428,30.34285714285714,0.0178193079326995,0.015228426395939,35,0,0.1999999999999999,-0.0371624479889445,-0.0317686168875671,0.0363734966377706,negative option leg,drawdown cushion with visible return cost,continuous_30d_daily_mtm
mny_daily_0303,588000,588000_DTE30_OTM2_Q30_Hold,surface,short_sample_extension,2023-06-30,2026-05-27,703,OTM2,0.02,0.3,Q30,0.1825671490493472,0.2073392936529041,0.2839274266134132,0.7302545447122686,1.397202615653964,0.589785190665753,0.30954854740124,0.4285714285714285,-0.1849000260135235,0.2144477353419291,-0.0652059381238749,-0.7875145830241553,1.7620145830241554,0.8,0.3428571428571428,0.0277225617448927,0.1045302857142858,0.1860857142857143,30.34285714285714,0.0178193079326995,0.015228426395939,35,0,0.3,-0.0564071248111934,-0.0545402834940509,0.0552016882255275,negative option leg,drawdown cushion with visible return cost,continuous_30d_daily_mtm
mny_daily_0304,588000,588000_DTE30_OTM2_Q40_Hold,surface,short_sample_extension,2023-06-30,2026-05-27,703,OTM2,0.02,0.4,Q40,0.1629084417070463,0.1855730189610309,0.2647073115716533,0.7010498420282523,1.29654684664052,0.5456712121708743,0.2985468869778535,0.4285714285714285,-0.1814797202483169,0.1877157096851058,-0.0869412508318333,-0.7875145830241553,1.7620145830241551,0.8,0.3428571428571428,0.0369634156598569,0.1393737142857144,0.2481142857142857,30.34285714285714,0.0178193079326995,0.015228426395939,35,0,0.3999999999999999,-0.0760658321534943,-0.0837449861780672,0.066203348648914,negative option leg,drawdown cushion with visible return cost,continuous_30d_daily_mtm
mny_daily_0305,588000,588000_DTE30_OTM2_Q50_Hold,surface,short_sample_extension,2023-06-30,2026-05-27,703,OTM2,0.02,0.5,Q50,0.1428572408205628,0.1638067442691584,0.2468429613272947,0.6636071103196792,1.1847829303448068,0.4933741272692603,0.2895515450136243,0.4571428571428571,-0.1780483461079407,0.1726925600021536,-0.1086765635397916,-0.7875145830241552,1.7620145830241554,0.8,0.3428571428571428,0.0462042695748211,0.174217142857143,0.3101428571428571,30.34285714285714,0.0178193079326995,0.015228426395939,35,0,0.5,-0.0961170330399778,-0.1211877178866402,0.0751986906131432,negative option leg,drawdown cushion with visible return cost,continuous_30d_daily_mtm
mny_daily_0306,588000,588000_DTE30_OTM2_Q60_Hold,surface,short_sample_extension,2023-06-30,2026-05-27,703,OTM2,0.02,0.6,Q60,0.1224353162632323,0.1420404695772849,0.2306496127361219,0.6158279127040562,1.0613389173522638,0.4365406598667449,0.2804671535077764,0.4857142857142857,-0.1746058808755279,0.1578115205592065,-0.1304118762477499,-0.7875145830241553,1.7620145830241554,0.8,0.3428571428571428,0.0554451234897854,0.2090605714285716,0.3721714285714286,30.34285714285714,0.0178193079326995,0.015228426395939,35,0,0.6,-0.1165389575973083,-0.1689669155022632,0.0842830821189911,negative option leg,drawdown cushion with visible return cost,continuous_30d_daily_mtm
mny_daily_0307,588000,588000_DTE30_OTM2_Q70_Hold,surface,short_sample_extension,2023-06-30,2026-05-27,703,OTM2,0.02,0.7,Q70,0.1016646419870981,0.1202741948854127,0.2165025396963657,0.5555324896146318,0.9260195334894304,0.3747407979496515,0.2712932313304124,0.5142857142857142,-0.1711523018403102,0.14307182218635,-0.1521471889557083,-0.7875145830241552,1.7620145830241554,0.8,0.3428571428571428,0.0646859774047496,0.2439040000000002,0.4342,30.34285714285714,0.0178193079326995,0.015228426395939,35,0,0.7000000000000001,-0.1373096318734425,-0.2292623385916877,0.0934570042963551,negative option leg,drawdown cushion with visible return cost,continuous_30d_daily_mtm
mny_daily_0308,588000,588000_DTE30_OTM2_Q80_Hold,surface,short_sample_extension,2023-06-30,2026-05-27,703,OTM2,0.02,0.8,Q80,0.0805673667472917,0.0985079201935407,0.2048261825934091,0.4809342191817548,0.7789358554545628,0.3074746467068376,0.2620293009852901,0.5428571428571428,-0.1676875862979173,0.13859315850135,-0.1738825016636666,-0.7875145830241553,1.7620145830241551,0.8,0.3428571428571428,0.0739268313197139,0.2787474285714289,0.4962285714285714,30.34285714285714,0.0178193079326995,0.015228426395939,35,0,0.7999999999999998,-0.158406907113249,-0.3038606090245647,0.1027209346414774,negative option leg,drawdown cushion with visible return cost,continuous_30d_daily_mtm
mny_daily_0309,588000,588000_DTE30_OTM2_Q90_Hold,surface,short_sample_extension,2023-06-30,2026-05-27,703,OTM2,0.02,0.9,Q90,0.0591657844179727,0.0767416455016671,0.1960624645304639,0.3914142652722962,0.6212501871868273,0.2341577539203776,0.252674888733735,0.5714285714285714,-0.1642117115506686,0.1341912028835501,-0.195617814371625,-0.7875145830241552,1.7620145830241551,0.8,0.3428571428571428,0.0831676852346781,0.3135908571428575,0.5582571428571429,30.34285714285714,0.0178193079326995,0.015228426395939,35,0,0.9000000000000004,-0.179808489442568,-0.3933805629340233,0.1120753468930325,negative option leg,drawdown cushion with visible return cost,continuous_30d_daily_mtm
mny_daily_0310,588000,588000_DTE30_OTM2_Q100_Hold,surface,short_sample_extension,2023-06-30,2026-05-27,703,OTM2,0.02,1.0,Q100,0.0374823039472118,0.0549753708097937,0.1906135474222358,0.2884127154300085,0.4541639735299032,0.1541026073639542,0.2432295247197696,0.6,-0.1607246549078752,0.1297713341451492,-0.2173531270795833,-0.7875145830241552,1.7620145830241554,0.8,0.3428571428571428,0.0924085391496423,0.3484342857142861,0.6202857142857143,30.34285714285714,0.0178193079326995,0.015228426395939,35,0,1.0,-0.2014919699133288,-0.496382112776311,0.1215207109069979,negative option leg,drawdown cushion with visible return cost,continuous_30d_daily_mtm
mny_daily_0311,588000,588000_DTE30_OTM3_Q10_Hold,surface,short_sample_extension,2023-06-30,2026-05-27,703,OTM3,0.03,0.1,Q10,0.2197965204902949,0.2505104816056003,0.3264330826072798,0.7674175656607107,1.5574802825475993,0.6267074449847243,0.3507163067061576,0.4285714285714285,-0.1917075233146411,0.2703584982654337,-0.022096160111367,-0.9194897723631456,1.8939897723631451,0.8,0.3142857142857143,0.0092408539149642,0.0348434285714286,0.0620285714285714,30.34285714285714,0.02824506151361,0.026392961876833,35,0,0.0999999999999999,-0.0191777533702457,-0.0173772625456087,0.0140339289206099,negative option leg,drawdown cushion with visible return cost,continuous_30d_daily_mtm
mny_daily_0312,588000,588000_DTE30_OTM3_Q20_Hold,surface,short_sample_extension,2023-06-30,2026-05-27,703,OTM3,0.03,0.2,Q20,0.2002224237795844,0.228382845482678,0.306232527058441,0.7457824538641963,1.4716685198362671,0.5951293030083,0.3364351625226426,0.4285714285714285,-0.1883092861262356,0.236242474957915,-0.044192320222734,-0.9194897723631456,1.8939897723631451,0.8,0.3142857142857143,0.0184817078299284,0.0696868571428572,0.1240571428571428,30.34285714285714,0.02824506151361,0.026392961876833,35,0,0.1999999999999999,-0.0387518500809562,-0.0390123743421232,0.0283150731041249,negative option leg,drawdown cushion with visible return cost,continuous_30d_daily_mtm
mny_daily_0313,588000,588000_DTE30_OTM3_Q30_Hold,surface,short_sample_extension,2023-06-30,2026-05-27,703,OTM3,0.03,0.3,Q30,0.18027219148618,0.2062552093597561,0.2869608314841217,0.7187573589504627,1.3734905654144915,0.5600183075267721,0.3219041039610334,0.4285714285714285,-0.1849000260135238,0.2135509681039538,-0.0662884803341011,-0.9194897723631454,1.8939897723631451,0.8,0.3142857142857143,0.0277225617448927,0.1045302857142858,0.1860857142857143,30.34285714285714,0.02824506151361,0.026392961876833,35,0,0.3,-0.0587020823743607,-0.0660374692558568,0.0428461316657341,negative option leg,drawdown cushion with visible return cost,continuous_30d_daily_mtm
mny_daily_0314,588000,588000_DTE30_OTM3_Q40_Hold,surface,short_sample_extension,2023-06-30,2026-05-27,703,OTM3,0.03,0.4,Q40,0.1599661961898293,0.1841275732368355,0.2688178415821213,0.6849529486330108,1.2658732407780435,0.5208581785278323,0.3071204461874096,0.4285714285714285,-0.1814797202483169,0.2018075930846317,-0.0883846404454681,-0.9194897723631456,1.8939897723631451,0.8,0.3142857142857143,0.0369634156598569,0.1393737142857144,0.2481142857142857,30.34285714285714,0.02824506151361,0.026392961876833,35,0,0.3999999999999999,-0.0790080776707113,-0.0998418795733087,0.0576297894393579,negative option leg,drawdown cushion with visible return cost,continuous_30d_daily_mtm
mny_daily_0315,588000,588000_DTE30_OTM3_Q50_Hold,surface,short_sample_extension,2023-06-30,2026-05-27,703,OTM3,0.03,0.5,Q50,0.1393249524799487,0.161999937113914,0.2520474163109684,0.6427359561347119,1.148013370069209,0.4701568232065252,0.296337191343382,0.4571428571428571,-0.1780483461079407,0.1901411899339757,-0.1104808005568352,-0.9194897723631456,1.8939897723631447,0.8,0.3142857142857143,0.0462042695748211,0.174217142857143,0.3101428571428571,30.34285714285714,0.02824506151361,0.026392961876833,35,0,0.5,-0.099649321380592,-0.1420588720716076,0.0684130442833855,negative option leg,drawdown cushion with visible return cost,continuous_30d_daily_mtm
mny_daily_0316,588000,588000_DTE30_OTM3_Q60_Hold,surface,short_sample_extension,2023-06-30,2026-05-27,703,OTM3,0.03,0.6,Q60,0.1183690937789645,0.1398723009909917,0.236941180790826,0.5903249934188196,1.0196435101214545,0.4100029945632719,0.2887029981452922,0.4857142857142857,-0.1746058808755277,0.1785515762214276,-0.1325769606682022,-0.9194897723631454,1.8939897723631451,0.8,0.3142857142857143,0.0554451234897854,0.2090605714285716,0.3721714285714286,30.34285714285714,0.02824506151361,0.026392961876833,35,0,0.6,-0.1206051800815761,-0.1944698347874999,0.0760472374814753,negative option leg,drawdown cushion with visible return cost,continuous_30d_daily_mtm
mny_daily_0317,588000,588000_DTE30_OTM3_Q70_Hold,surface,short_sample_extension,2023-06-30,2026-05-27,703,OTM3,0.03,0.7,Q70,0.0971193488386992,0.1177446648680705,0.2238363268315029,0.5260301870335152,0.8808188085829023,0.345606690154879,0.2810111945320748,0.5142857142857142,-0.1711523018403099,0.1670385671741756,-0.1546731207795692,-0.9194897723631452,1.8939897723631451,0.8,0.3142857142857143,0.0646859774047496,0.2439040000000002,0.4342,30.34285714285714,0.02824506151361,0.026392961876833,35,0,0.7000000000000001,-0.1418549250218415,-0.2587646411728043,0.0837390410946927,negative option leg,drawdown cushion with visible return cost,continuous_30d_daily_mtm
mny_daily_0318,588000,588000_DTE30_OTM3_Q80_Hold,surface,short_sample_extension,2023-06-30,2026-05-27,703,OTM3,0.03,0.8,Q80,0.0755965179460604,0.0956170287451485,0.2131024031625173,0.4486905230825977,0.7318249544131146,0.2766451375504352,0.2732616904653835,0.5142857142857142,-0.1676875862979172,0.1556019757035085,-0.1767692808909363,-0.9194897723631456,1.8939897723631451,0.8,0.3142857142857143,0.0739268313197139,0.2787474285714289,0.4962285714285714,30.34285714285714,0.02824506151361,0.026392961876833,35,0,0.7999999999999998,-0.1633777559144802,-0.3361043051237217,0.091488545161384,negative option leg,drawdown cushion with visible return cost,continuous_30d_daily_mtm
mny_daily_0319,588000,588000_DTE30_OTM3_Q90_Hold,surface,short_sample_extension,2023-06-30,2026-05-27,703,OTM3,0.03,0.9,Q90,0.0538214488730184,0.0734893926222273,0.2051119748508433,0.3582891378022594,0.5736701597691056,0.2027521437274946,0.2654544010412841,0.5142857142857142,-0.1642117115506687,0.148233411442989,-0.1988654410023034,-0.9194897723631452,1.8939897723631451,0.8,0.3142857142857143,0.0831676852346781,0.3135908571428575,0.5582571428571429,30.34285714285714,0.02824506151361,0.026392961876833,35,0,0.9000000000000004,-0.1851528249875222,-0.42650569040406,0.0992958345854834,negative option leg,drawdown cushion with visible return cost,continuous_30d_daily_mtm
mny_daily_0320,588000,588000_DTE30_OTM3_Q100_Hold,surface,short_sample_extension,2023-06-30,2026-05-27,703,OTM3,0.03,1.0,Q100,0.0318150126043106,0.0513617564993048,0.2001938190607741,0.2565601512587788,0.4077694485762302,0.1235106396266692,0.2575892465659365,0.5142857142857142,-0.1607246549078751,0.1453582650642957,-0.2209616011136704,-0.9194897723631456,1.8939897723631447,0.8,0.3142857142857143,0.0924085391496423,0.3484342857142861,0.6202857142857143,30.34285714285714,0.02824506151361,0.026392961876833,35,0,1.0,-0.20715926125623,-0.5282346769475408,0.107160989060831,negative option leg,drawdown cushion with visible return cost,continuous_30d_daily_mtm
mny_daily_0321,588000,588000_DTE30_OTM4_Q10_Hold,surface,short_sample_extension,2023-06-30,2026-05-27,703,OTM4,0.04,0.1,Q10,0.2226877503145687,0.2533392252949846,0.3279254389774602,0.7725513033845408,1.5717325718697288,0.6331117081937031,0.3517353216384312,0.4285714285714285,-0.1917075233146409,0.2764430996244464,-0.0192714402394633,-0.9517205865141584,1.9262205865141584,0.8,0.2285714285714285,0.0075081490803013,0.0295157142857143,0.0567,30.34285714285714,0.0403247881095084,0.043737574552684,35,0,0.0999999999999999,-0.0162865235459719,-0.0122435248217787,0.0130149139883363,negative option leg,drawdown cushion with visible return cost,continuous_30d_daily_mtm
mny_daily_0322,588000,588000_DTE30_OTM4_Q20_Hold,surface,short_sample_extension,2023-06-30,2026-05-27,703,OTM4,0.04,0.2,Q20,0.2060004270898825,0.2340403328614506,0.3091570054945735,0.7570274284648506,1.502131247092774,0.6085647127860025,0.3385020898546924,0.4285714285714285,-0.188309286126236,0.2482152431127409,-0.0385428804789267,-0.9517205865141584,1.9262205865141584,0.8,0.2285714285714285,0.0150162981606026,0.0590314285714286,0.1134,30.34285714285714,0.0403247881095084,0.043737574552684,35,0,0.1999999999999999,-0.0329738467706581,-0.0277673997414689,0.0262481457720751,negative option leg,drawdown cushion with visible return cost,continuous_30d_daily_mtm
mny_daily_0323,588000,588000_DTE30_OTM4_Q30_Hold,surface,short_sample_extension,2023-06-30,2026-05-27,703,OTM4,0.04,0.3,Q30,0.1889272343795991,0.2147414404279121,0.2912318504820013,0.7373556157147845,1.4222441319723642,0.5812286751434842,0.3250480274961655,0.4285714285714285,-0.1849000260135238,0.2202613669536388,-0.0578143207183901,-0.9517205865141584,1.9262205865141584,0.8,0.2285714285714285,0.022524447240904,0.0885471428571429,0.1700999999999999,30.34285714285714,0.0403247881095084,0.043737574552684,35,0,0.3,-0.0500470394809415,-0.047439212491535,0.0397022081306019,negative option leg,drawdown cushion with visible return cost,continuous_30d_daily_mtm
mny_daily_0324,588000,588000_DTE30_OTM4_Q40_Hold,surface,short_sample_extension,2023-06-30,2026-05-27,703,OTM4,0.04,0.4,Q40,0.1714833149549632,0.1954425479943747,0.2743153360549811,0.7124740118620347,1.3340893632288051,0.5507369800054838,0.3113706200612419,0.4571428571428571,-0.1814797202483168,0.2073317397607021,-0.0770857609578535,-0.9517205865141584,1.9262205865141584,0.8,0.2285714285714285,0.0300325963212053,0.1180628571428573,0.2268,30.34285714285714,0.0403247881095084,0.043737574552684,35,0,0.3999999999999999,-0.0674909589055774,-0.0723208163442847,0.0533796155655256,negative option leg,drawdown cushion with visible return cost,continuous_30d_daily_mtm
mny_daily_0325,588000,588000_DTE30_OTM4_Q50_Hold,surface,short_sample_extension,2023-06-30,2026-05-27,703,OTM4,0.04,0.5,Q50,0.1536840094410521,0.1761436555608399,0.2586054767898993,0.6811288675991405,1.237684028095671,0.5166416023565666,0.2974673521064708,0.4571428571428571,-0.1780483461079406,0.1970058726334755,-0.0963572011973168,-0.9517205865141584,1.9262205865141584,0.8,0.2285714285714285,0.0375407454015066,0.1475785714285716,0.2835,30.34285714285714,0.0403247881095084,0.043737574552684,35,0,0.5,-0.0852902644194886,-0.103665960607179,0.0672828835202967,negative option leg,drawdown cushion with visible return cost,continuous_30d_daily_mtm
mny_daily_0326,588000,588000_DTE30_OTM4_Q60_Hold,surface,short_sample_extension,2023-06-30,2026-05-27,703,OTM4,0.04,0.6,Q60,0.1355448411781805,0.1568447631273023,0.2443351342469855,0.6419247220039839,1.132542546643818,0.4708483525395413,0.2878736655806768,0.4571428571428571,-0.1746058808755276,0.1867407030363586,-0.1156286414367802,-0.9517205865141584,1.9262205865141584,0.8,0.2285714285714285,0.045048894481808,0.1770942857142859,0.3401999999999999,30.34285714285714,0.0403247881095084,0.043737574552684,35,0,0.6,-0.1034294326823601,-0.1428701062023356,0.0768765700460907,negative option leg,drawdown cushion with visible return cost,continuous_30d_daily_mtm
mny_daily_0327,588000,588000_DTE30_OTM4_Q70_Hold,surface,short_sample_extension,2023-06-30,2026-05-27,703,OTM4,0.04,0.7,Q70,0.1170815006863836,0.1375458706937664,0.2317703587610831,0.5934575561301756,1.0185830252363004,0.4181406291892903,0.2800050808585296,0.4857142857142857,-0.1711523018403101,0.1765361016754276,-0.1349000816762436,-0.9517205865141584,1.9262205865141584,0.8,0.2285714285714285,0.0525570435621093,0.2066100000000002,0.3968999999999999,30.34285714285714,0.0403247881095084,0.043737574552684,35,0,0.7000000000000001,-0.121892773174157,-0.1913372720761439,0.0847451547682379,negative option leg,drawdown cushion with visible return cost,continuous_30d_daily_mtm
mny_daily_0328,588000,588000_DTE30_OTM4_Q80_Hold,surface,short_sample_extension,2023-06-30,2026-05-27,703,OTM4,0.04,0.8,Q80,0.0983098297494151,0.1182469782602272,0.221201981781306,0.5345656368356297,0.8958201243767944,0.3613442006187112,0.2720669920288862,0.5142857142857142,-0.1676875862979173,0.1663919376709572,-0.154171521915707,-0.9517205865141584,1.9262205865141584,0.8,0.2285714285714285,0.0600651926424107,0.2361257142857146,0.4536,30.34285714285714,0.0403247881095084,0.043737574552684,35,0,0.7999999999999998,-0.1406644441111255,-0.2502291913706898,0.0926832435978813,negative option leg,drawdown cushion with visible return cost,continuous_30d_daily_mtm
mny_daily_0329,588000,588000_DTE30_OTM4_Q90_Hold,surface,short_sample_extension,2023-06-30,2026-05-27,703,OTM4,0.04,0.9,Q90,0.0792458051337023,0.0989480858266923,0.212927476993226,0.4647032277090299,0.7649903215486825,0.3001064244376555,0.2640590093404181,0.5142857142857142,-0.1642117115506686,0.1563080785744222,-0.1734429621551703,-0.9517205865141584,1.9262205865141584,0.8,0.2285714285714285,0.067573341722712,0.265641428571429,0.5103,30.34285714285714,0.0403247881095084,0.043737574552684,35,0,0.9000000000000004,-0.1597284687268383,-0.3200916004972896,0.1006912262863494,negative option leg,drawdown cushion with visible return cost,continuous_30d_daily_mtm
mny_daily_0330,588000,588000_DTE30_OTM4_Q100_Hold,surface,short_sample_extension,2023-06-30,2026-05-27,703,OTM4,0.04,1.0,Q100,0.0599055219562816,0.0796491933931556,0.2072218143545985,0.3843668372522774,0.6269121993662068,0.2340235482379832,0.2559807438495997,0.5714285714285714,-0.160724654907875,0.1462843903854684,-0.1927144023946337,-0.9517205865141584,1.9262205865141584,0.8,0.2285714285714285,0.0750814908030133,0.2951571428571433,0.567,30.34285714285714,0.0403247881095084,0.043737574552684,35,0,1.0,-0.179068751904259,-0.4004279909540421,0.1087694917771678,negative option leg,drawdown cushion with visible return cost,continuous_30d_daily_mtm
mny_daily_0331,588000,588000_DTE30_OTM5_Q10_Hold,surface,short_sample_extension,2023-06-30,2026-05-27,703,OTM5,0.05,0.1,Q10,0.2224425516228845,0.2535409330390426,0.3291524534043641,0.7702841963251824,1.5645638178043,0.6285673149422463,0.3538881935713168,0.4285714285714285,-0.1925690903370914,0.2764430996244462,-0.0190700194196502,-1.1317479805688777,2.1062479805688774,0.8,0.2,0.0070548137737174,0.0295157142857143,0.0567,30.34285714285714,0.0534362639948709,0.0501355013550135,35,0,0.0999999999999999,-0.0165317222376562,-0.0145106318811371,0.0108620420554507,negative option leg,drawdown cushion with visible return cost,continuous_30d_daily_mtm
mny_daily_0332,588000,588000_DTE30_OTM5_Q20_Hold,surface,short_sample_extension,2023-06-30,2026-05-27,703,OTM5,0.05,0.2,Q20,0.205556788699603,0.2344437483495649,0.3116458470434279,0.7522761832821574,1.488237992850535,0.5995203019055563,0.3428687703256208,0.4285714285714285,-0.1900365804081877,0.2482152431127406,-0.0381400388393004,-1.1317479805688777,2.1062479805688774,0.8,0.2,0.0141096275474349,0.0590314285714286,0.1134,30.34285714285714,0.0534362639948709,0.0501355013550135,35,0,0.1999999999999999,-0.0334174851609376,-0.0325186449241621,0.0218814653011467,negative option leg,drawdown cushion with visible return cost,continuous_30d_daily_mtm
mny_daily_0333,588000,588000_DTE30_OTM5_Q30_Hold,surface,short_sample_extension,2023-06-30,2026-05-27,703,OTM5,0.05,0.3,Q30,0.1883305044539227,0.2153465636600847,0.295012708834122,0.7299569042673633,1.4024662582483487,0.56779029888842,0.3316902469496625,0.4285714285714285,-0.1874972147569893,0.220261366953639,-0.0572100582589506,-1.1317479805688777,2.1062479805688774,0.8,0.2,0.0211644413211524,0.0885471428571429,0.1700999999999999,30.34285714285714,0.0534362639948709,0.0501355013550135,35,0,0.3,-0.0506437694066179,-0.0548379239389562,0.033059988677105,negative option leg,drawdown cushion with visible return cost,continuous_30d_daily_mtm
mny_daily_0334,588000,588000_DTE30_OTM5_Q40_Hold,surface,short_sample_extension,2023-06-30,2026-05-27,703,OTM5,0.05,0.4,Q40,0.1707773481751804,0.1962493789706064,0.2794090742349012,0.7023729616083199,1.3095747363703774,0.5330946470321446,0.3203508966483448,0.4285714285714285,-0.1849509775848198,0.2073317397607024,-0.0762800776786009,-1.1317479805688777,2.1062479805688774,0.8,0.2,0.0282192550948699,0.1180628571428573,0.2268,30.34285714285714,0.0534362639948709,0.0501355013550135,35,0,0.3999999999999999,-0.0681969256853602,-0.0824218665979996,0.0443993389784227,negative option leg,drawdown cushion with visible return cost,continuous_30d_daily_mtm
mny_daily_0335,588000,588000_DTE30_OTM5_Q50_Hold,surface,short_sample_extension,2023-06-30,2026-05-27,703,OTM5,0.05,0.5,Q50,0.1529110886220701,0.1771521942811285,0.2650168506961205,0.6684563408545622,1.2097496687684357,0.4950998580637793,0.3088489849705672,0.4571428571428571,-0.1823978530627291,0.1970058726334762,-0.0953500970982511,-1.1317479805688777,2.1062479805688774,0.8,0.2,0.0352740688685874,0.1475785714285716,0.2835,30.34285714285714,0.0534362639948709,0.0501355013550135,35,0,0.5,-0.0860631852384705,-0.1163384873517573,0.0559012506562003,negative option leg,drawdown cushion with visible return cost,continuous_30d_daily_mtm
mny_daily_0336,588000,588000_DTE30_OTM5_Q60_Hold,surface,short_sample_extension,2023-06-30,2026-05-27,703,OTM5,0.05,0.6,Q60,0.1347456032437877,0.1580550095916503,0.2520436460970647,0.6270938071209368,1.1028025999757785,0.4534098771516132,0.2971827700143613,0.4571428571428571,-0.179837825331448,0.1867407030363583,-0.1144201165179013,-1.1317479805688777,2.1062479805688774,0.8,0.2,0.0423288826423049,0.1770942857142859,0.3401999999999999,30.34285714285714,0.0534362639948709,0.0501355013550135,35,0,0.6,-0.104228670616753,-0.1577010210853827,0.0675674656124062,negative option leg,drawdown cushion with visible return cost,continuous_30d_daily_mtm
mny_daily_0337,588000,588000_DTE30_OTM5_Q70_Hold,surface,short_sample_extension,2023-06-30,2026-05-27,703,OTM5,0.05,0.7,Q70,0.1162948670890284,0.1389578249021711,0.2407189978374001,0.5772615628619132,0.9888834517808912,0.4060574752855738,0.2864000151880965,0.4571428571428571,-0.1772708785013431,0.1765361016754281,-0.1334901359375516,-1.131747980568878,2.106247980568878,0.8,0.2,0.0493836964160224,0.2066100000000002,0.3968999999999999,30.34285714285714,0.0534362639948709,0.0501355013550135,35,0,0.7000000000000001,-0.1226794067715122,-0.2075332653444063,0.078350220438671,negative option leg,drawdown cushion with visible return cost,continuous_30d_daily_mtm
mny_daily_0338,588000,588000_DTE30_OTM5_Q80_Hold,surface,short_sample_extension,2023-06-30,2026-05-27,703,OTM5,0.05,0.8,Q80,0.0975729414114394,0.1198606402126911,0.231285192562579,0.5182374145299438,0.8681678161193128,0.3491688244599899,0.2794434513514823,0.4857142857142857,-0.174696996652369,0.166391937670957,-0.1525601553572018,-1.1317479805688777,2.1062479805688774,0.8,0.2,0.0564385101897399,0.2361257142857146,0.4536,30.34285714285714,0.0534362639948709,0.0501355013550135,35,0,0.7999999999999998,-0.1414013324491012,-0.2665574136763757,0.0853067842752852,negative option leg,drawdown cushion with visible return cost,continuous_30d_daily_mtm
mny_daily_0339,588000,588000_DTE30_OTM5_Q90_Hold,surface,short_sample_extension,2023-06-30,2026-05-27,703,OTM5,0.05,0.9,Q90,0.0785939619787552,0.1007634555232135,0.2239812775088658,0.4498744566684823,0.7414548857266477,0.2884875469050659,0.2724345047885846,0.4857142857142857,-0.1721161638340224,0.156308078574423,-0.171630174776852,-1.131747980568878,2.106247980568878,0.8,0.2,0.0634933239634574,0.265641428571429,0.5103,30.34285714285714,0.0534362639948709,0.0501355013550135,35,0,0.9000000000000004,-0.1603803118817854,-0.3349203715378372,0.0923157308381829,negative option leg,drawdown cushion with visible return cost,continuous_30d_daily_mtm
mny_daily_0340,588000,588000_DTE30_OTM5_Q100_Hold,surface,short_sample_extension,2023-06-30,2026-05-27,703,OTM5,0.05,1.0,Q100,0.0593721270912037,0.0816662708337345,0.2190204397932418,0.3728705453738862,0.6093033754119801,0.2237308833451215,0.2653729614950737,0.4857142857142857,-0.1695283640652974,0.1536542728398011,-0.1907001941965022,-1.1317479805688777,2.1062479805688774,0.8,0.2,0.0705481377371749,0.2951571428571433,0.567,30.34285714285714,0.0534362639948709,0.0501355013550135,35,0,1.0,-0.1796021467693369,-0.4119242828324332,0.0993772741316938,negative option leg,drawdown cushion with visible return cost,continuous_30d_daily_mtm
mny_daily_0341,588000,588000_DTE30_OTM7_Q10_Hold,surface,short_sample_extension,2023-06-30,2026-05-27,703,OTM7,0.07,0.1,Q10,0.2212536548216193,0.2529289424623171,0.3302595803740097,0.7658489185260944,1.555108440800253,0.6184125430147244,0.3577767904625946,0.4285714285714285,-0.1938250197392106,0.2764430996244467,-0.019681139455016,-1.5191831731257393,2.4936831731257394,0.8,0.2,0.0064155849408507,0.0295157142857143,0.0567,30.34285714285714,0.0739409238056368,0.0752688172043012,35,0,0.0999999999999999,-0.0177206190389214,-0.0189459096802251,0.0069734451641729,negative option leg,drawdown cushion with visible return cost,continuous_30d_daily_mtm
mny_daily_0342,588000,588000_DTE30_OTM7_Q20_Hold,surface,short_sample_extension,2023-06-30,2026-05-27,703,OTM7,0.07,0.2,Q20,0.2032449417819317,0.2332197671961109,0.3138928194333798,0.742991724427163,1.46952498190604,0.5794746941527638,0.3507399785232923,0.4285714285714285,-0.1925536700917461,0.2482152431127406,-0.0393622789100321,-1.5191831731257393,2.4936831731257394,0.8,0.2,0.0128311698817014,0.0590314285714286,0.1134,30.34285714285714,0.0739409238056368,0.0752688172043012,35,0,0.1999999999999999,-0.0357293320786089,-0.0418031037791565,0.0140102571034752,negative option leg,drawdown cushion with visible return cost,continuous_30d_daily_mtm
mny_daily_0343,588000,588000_DTE30_OTM7_Q30_Hold,surface,short_sample_extension,2023-06-30,2026-05-27,703,OTM7,0.07,0.3,Q30,0.1849611980022203,0.213510591929905,0.2984276196513886,0.7154518478528218,1.3749238508055608,0.5382421216627667,0.3436393967659539,0.4285714285714285,-0.1912807098178621,0.2334980051367796,-0.0590434183650481,-1.5191831731257397,2.4936831731257394,0.8,0.2,0.0192467548225522,0.0885471428571429,0.1700999999999999,30.34285714285714,0.0739409238056368,0.0752688172043012,35,0,0.3,-0.0540130758583203,-0.0693429803534977,0.0211108388608136,negative option leg,drawdown cushion with visible return cost,continuous_30d_daily_mtm
mny_daily_0344,588000,588000_DTE30_OTM7_Q40_Hold,surface,short_sample_extension,2023-06-30,2026-05-27,703,OTM7,0.07,0.4,Q40,0.1664155154295219,0.1938014166636998,0.2840112967219605,0.6823722116005345,1.2737539053152196,0.4945856083386707,0.3364746418491979,0.4285714285714285,-0.1900061373646862,0.2282700829429633,-0.0787245578200642,-1.5191831731257393,2.4936831731257394,0.8,0.2,0.0256623397634029,0.1180628571428573,0.2268,30.34285714285714,0.0739409238056368,0.0752688172043012,35,0,0.3999999999999999,-0.0725587584310187,-0.102422616605785,0.0282755937775696,negative option leg,drawdown cushion with visible return cost,continuous_30d_daily_mtm
mny_daily_0345,588000,588000_DTE30_OTM7_Q50_Hold,surface,short_sample_extension,2023-06-30,2026-05-27,703,OTM7,0.07,0.5,Q50,0.1476210072331534,0.1740922413974939,0.2708114096128953,0.6428541605626803,1.1664333492291683,0.4483617615007318,0.3292453101688344,0.4571428571428571,-0.188729951178372,0.2230527036716738,-0.0984056972750803,-1.519183173125739,2.4936831731257385,0.8,0.2,0.0320779247042537,0.1475785714285716,0.2835,30.34285714285714,0.0739409238056368,0.0752688172043012,35,0,0.5,-0.0913532666273873,-0.1419406676436392,0.0355049254579331,negative option leg,drawdown cushion with visible return cost,continuous_30d_daily_mtm
mny_daily_0346,588000,588000_DTE30_OTM7_Q60_Hold,surface,short_sample_extension,2023-06-30,2026-05-27,703,OTM7,0.07,0.6,Q60,0.1285908001044278,0.1543830661312887,0.2590140013653612,0.5960413928107244,1.0529982563892502,0.3994110934445591,0.3219509978940458,0.4571428571428571,-0.1874521497040977,0.2178458985208917,-0.1180868367300963,-1.5191831731257397,2.4936831731257394,0.8,0.2,0.0384935096451044,0.1770942857142859,0.3401999999999999,30.34285714285714,0.0739409238056368,0.0752688172043012,35,0,0.6,-0.1103834737561129,-0.188753435395595,0.0427992377327217,negative option leg,drawdown cushion with visible return cost,continuous_30d_daily_mtm
mny_daily_0347,588000,588000_DTE30_OTM7_Q70_Hold,surface,short_sample_extension,2023-06-30,2026-05-27,703,OTM7,0.07,0.7,Q70,0.1093380263271237,0.1346738908650824,0.2488186420789355,0.5412532185685602,0.9335766338220544,0.3475557842131425,0.3145913010041317,0.4571428571428571,-0.186172731386064,0.2126496984036576,-0.1377679761851124,-1.5191831731257393,2.4936831731257394,0.8,0.2,0.0449090945859551,0.2066100000000002,0.3968999999999999,30.34285714285714,0.0739409238056368,0.0752688172043012,35,0,0.7000000000000001,-0.1296362475334169,-0.2435416096377592,0.0501589346226358,negative option leg,drawdown cushion with visible return cost,continuous_30d_daily_mtm
mny_daily_0348,588000,588000_DTE30_OTM7_Q80_Hold,surface,short_sample_extension,2023-06-30,2026-05-27,703,OTM7,0.07,0.8,Q80,0.0898758156241814,0.1149647155988776,0.2404292220273019,0.4781644869516851,0.8084889405974386,0.2920041388048087,0.3077895265185241,0.4571428571428571,-0.1848916946674984,0.207464133948483,-0.1574491156401284,-1.5191831731257393,2.4936831731257394,0.8,0.2,0.0513246795268059,0.2361257142857146,0.4536,30.34285714285714,0.0739409238056368,0.0752688172043012,35,0,0.7999999999999998,-0.1490984582363592,-0.3066303412546344,0.0569607091082434,negative option leg,drawdown cushion with visible return cost,continuous_30d_daily_mtm
mny_daily_0349,588000,588000_DTE30_OTM7_Q90_Hold,surface,short_sample_extension,2023-06-30,2026-05-27,703,OTM7,0.07,0.9,Q90,0.0702172867843904,0.095255540332672,0.2340400294377867,0.4070053339229868,0.6785487007061406,0.2305933596185392,0.3045069766993633,0.4571428571428571,-0.1836090379906521,0.2022892354997716,-0.1771302550951446,-1.5191831731257397,2.4936831731257394,0.8,0.2,0.0577402644676566,0.265641428571429,0.5103,30.34285714285714,0.0739409238056368,0.0752688172043012,35,0,0.9000000000000004,-0.1687569870761502,-0.3777894942833327,0.0602432589274042,negative option leg,drawdown cushion with visible return cost,continuous_30d_daily_mtm
mny_daily_0350,588000,588000_DTE30_OTM7_Q100_Hold,surface,short_sample_extension,2023-06-30,2026-05-27,703,OTM7,0.07,1.0,Q100,0.0503755390710545,0.0755463650664671,0.2298179504950921,0.3287226472245496,0.5441290395736299,0.1672421339696251,0.3012132043244786,0.4857142857142857,-0.1823247597968004,0.1971250331182252,-0.1968113945501606,-1.519183173125739,2.4936831731257385,0.8,0.2,0.0641558494085074,0.2951571428571433,0.567,30.34285714285714,0.0739409238056368,0.0752688172043012,35,0,1.0,-0.1885987347894862,-0.4560721809817699,0.0635370313022889,negative option leg,drawdown cushion with visible return cost,continuous_30d_daily_mtm
