date,159915__159915_DTE30_D40_Q100_Hold__daily_return,159915__159915_DTE30_OTM5up_Q100_Hold__daily_return,159915__159915_DTE30_OTM5up_Q50_Hold__daily_return,159915__159915_ETF_BuyHold__daily_return,510300__510300_DTE30_ATM_Q100_Hold__daily_return,510300__510300_DTE30_D40_Q100_Hold__daily_return,510300__510300_DTE30_D40_Q50_Hold__daily_return,510300__510300_DTE30_D40_Q70_Hold__daily_return,510300__510300_ETF_BuyHold__daily_return,510500__510500_DTE30_D40_Q100_Hold__daily_return,510500__510500_DTE30_OTM5up_Q100_Hold__daily_return,510500__510500_DTE30_OTM5up_Q50_Hold__daily_return,510500__510500_ETF_BuyHold__daily_return
2022-09-30,0.0,0.0,0.0,0.0,0.0,0.0,0.0,0.0,0.0,0.0,0.0,0.0,0.0
2022-10-10,-0.01252365670323441,-0.01945440569560153,-0.022109012843298304,-0.02476361999099508,-0.011095208984015614,-0.011095208984015614,-0.01575960035550311,-0.013893843806908113,-0.02042399172699061,-0.0028019921218314092,-0.00866555571324723,-0.01010907752404877,-0.011552599334850311
2022-10-11,0.009899639778568226,0.011435779578242045,0.011719736511189405,0.012003693444136765,-0.0005230626495019708,-0.0005230626495019708,-0.0006574141434366743,-0.0006036735458627929,-0.0007917656373713777,0.0038108798706084634,0.005668603180418508,0.005933292204694851,0.006197981228971194
2022-10-12,0.019740714969395556,0.030332246624595438,0.03387050287434146,0.037408759124087476,0.012795574667509468,0.012795574667509468,0.014585848612148844,0.013869739034293093,0.01637612255678822,0.012316470915401778,0.020720400201535538,0.022327817137022588,0.023935234072509637
2022-10-13,0.004651370994923187,0.004098583357715402,0.0038083066304848145,0.0035180299032542273,-0.006045677808648509,-0.006045677808648509,-0.007310780692266039,-0.0068047395388190265,-0.00857588357588357,0.0013480063129209796,0.002924544666029094,0.0027513751174765844,0.0025782055689240746
2022-10-14,0.009656514898955137,0.0229988307025788,0.029685217279422638,0.03637160385626648,0.015985927185401705,0.015985927185401705,0.01952638430043352,0.018110201454420792,0.023066841415465333,0.007421312876674024,0.017444640753353058,0.02140875960177513,0.0253728784501972
2022-10-17,0.0018778941269057547,0.0015445495057506697,0.0001380252814165428,-0.0012684989429175841,0.0011768818196382647,0.0011768818196382647,0.00046033432514069883,0.0007469533229397252,-0.000256213169356867,0.0015075919977391994,0.003607813357092704,0.004061054312721302,0.004514295268349899
2022-10-18,0.0007846217792828458,0.004283798754502577,0.004470434516963384,0.004657070279424191,0.00028109744274806836,0.00028109744274806836,-0.0007564271884158424,-0.0003414173359502781,-0.0017939518195797532,0.0026685264014894017,0.004333970600594483,0.004413989294971055,0.004494007989347626
2022-10-19,0.0017422369569009,-0.0016635551786536862,-0.0046244450988085495,-0.007585335018963413,-0.009018137505520718,-0.009018137505520718,-0.012082881332991458,-0.010856983802003162,-0.015147625160462197,-0.0016548599941101916,-0.003077555725627623,-0.005764129975489862,-0.008450704225352101
2022-10-20,-0.002000087873425871,-0.00440081287713745,-0.006022062489524083,-0.007643312101910715,-0.0025521819705746074,-0.0025521819705746074,-0.0028402202866428805,-0.002725004960215571,-0.0031282586027111536,-0.0003246851423506225,-0.001879077756019365,-0.002610661872662068,-0.0033422459893047707
2022-10-21,-0.0016119904555351727,-0.004334435238323331,-0.005590409745819758,-0.0068463842533161845,-0.004703895284054016,-0.004703895284054016,-0.005228516679683881,-0.005018668121431935,-0.005753138075313746,0.0017436126788026307,0.0009581167338161833,0.00047905836690809167,0.0
2022-10-24,-0.0061092714325078346,-0.018059747766097645,-0.020878215115276322,-0.023696682464455,-0.02396821290420803,-0.02396821290420803,-0.024872060160678444,-0.02451052125809028,-0.025775907417148858,-0.0029009629755132327,-0.007422495336464774,-0.00798690159177362,-0.008551307847082468
2022-10-25,-0.0019757648729159527,-0.009437371561213936,-0.010235014112469243,-0.01103265666372455,-0.003964206408778259,-0.003964206408778259,-0.0041419304182120364,-0.004070840814438525,-0.004319654427645814,-0.00035939684686236983,-0.0033837107521486054,-0.005666149304706158,-0.007948587857263711
2022-10-26,0.009451917637383733,0.026858743154760223,0.027039367115086477,0.02721999107541273,0.006894162701157169,0.007211519477432926,0.007401855183401973,0.007325720901014354,0.00759219088937102,0.0020180758134753507,0.02088239153546323,0.0207548677759144,0.020627344016365567
2022-10-27,-0.009692779529058337,-0.01134231421539178,-0.013707647116383948,-0.016072980017376115,-0.002612058030019848,-0.004226431924894691,-0.005611601323050164,-0.005057533563787975,-0.006996770721205636,-0.0016210939824053971,-0.0020715635667298837,-0.002539038840321639,-0.0030065141139133944
2022-10-28,-0.02576390132004458,-0.029186586108758794,-0.03181183610073707,-0.03443708609271534,-0.014201450929302695,-0.01824808959060442,-0.020777161326467508,-0.019765532632122274,-0.023306233062330595,-0.021292574435626488,-0.028057643658818465,-0.029944385575430388,-0.03183112749204231
2022-10-31,0.004730408074509418,0.005750202943678229,0.00630445675304625,0.006858710562414272,-0.008435474467640147,-0.009747991428431413,-0.010284650542184637,-0.010069986896683347,-0.01082130965593786,0.0042245955060977725,0.005098335173097324,0.005577373158446974,0.006056411143796625
2022-11-01,0.02623104714362623,0.02921689229775648,0.03118428629420067,0.03315168029064486,0.025991266437300986,0.0320623574756258,0.03538601744749026,0.034056553458744476,0.038709677419354716,0.017355275397393122,0.022860406475163852,0.023900103478380008,0.024939800481596164
2022-11-02,0.010486386343858456,0.01115379344670453,0.012170303316758946,0.013186813186813362,0.003957414025382189,0.007840670357377011,0.008511207444419022,0.008242992609602217,0.009181744531461034,0.0057087242163209595,0.007220861595215844,0.007218418715043695,0.007215975834871546
2022-11-03,0.00116747586076138,0.0017303150812921775,0.001732836499431345,0.0017353579175705125,-0.000938527293540159,-0.005052776990861818,-0.0065403034004349325,-0.005945292836605687,-0.008027829810008047,0.0003495680736882445,0.00018296993065525236,0.0003414016597628189,0.0004998333888703854
2022-11-04,0.017059822513493472,0.020382449898793675,0.026215477872740256,0.03204850584668684,0.010682421825272348,0.018755286596028098,0.026507397816492584,0.023406553328306788,0.03425950903695707,0.010533298402053859,0.01849321292433448,0.021902726362250546,0.025312239800166614
2022-11-07,4.246497907889335e-05,-0.0003808850388651308,-0.0010297207401627206,-0.0016785564414603105,0.0002390091064858879,-0.00021100288524034116,-0.00010550144262017058,-0.00014770201966823882,0.0,-0.0008892089162757522,-0.0017634908026116225,-0.0021810794925840593,-0.002598668182556496
2022-11-08,-0.0012738952764240752,-0.00177814078192573,-0.004251827852081003,-0.006725514922236275,5.310044328510344e-05,-0.0009497133758435972,-0.0034743350395128325,-0.0024644863740451387,-0.005998956703182068,0.001615185752294801,0.0022409726750514114,0.0016090061225769725,0.0009770395701025336
2022-11-09,-0.007057878193905243,-0.009669958792827726,-0.01266401028934655,-0.015658061785865374,-0.0020973561392229056,-0.004489020891335627,-0.007492476858682762,-0.006291094471743908,-0.010495932826029897,1.6454909532725992e-05,-0.001370954769460031,-0.0020682657367717128,-0.0027655767040833945
2022-11-10,-0.01044797110570772,-0.012291127386314993,-0.014314093357817914,-0.016337059329320835,-0.0013568351729137396,-0.0027055578404699965,-0.004137186239248525,-0.0035645348797371137,-0.005568814638027053,-0.0005594577182916893,-0.0016997027873559833,-0.0025627388325034084,-0.0034257748776508334
2022-11-11,0.014020016126047974,0.015956171172774702,0.017156407264709128,0.018356643356643554,0.006766752621297556,0.014096429444903746,0.020114881389118544,0.017707500611432628,0.026133333333333342,0.0027329990337692234,0.005271501307856141,0.005582223071672332,0.005892944835488523
2022-11-14,-0.0067423929857945986,-0.008578314269061305,-0.010297740825517765,-0.012017167381974225,0.0010584679433325306,0.0008917290517471699,0.0007057397857488379,0.0007801354921481707,0.0005197505197505059,0.0007224349683745412,0.00022799383921578986,-0.0006996727305141337,-0.0016273393002440573
2022-11-15,0.016068179606073096,0.019500497133534855,0.02256519209413499,0.025629887054735123,0.0018767940730526345,0.005240791644112841,0.012360655562316136,0.00951270999503482,0.01948051948051943,0.00469243731363167,0.012504239718779564,0.014891076664605762,0.01727791361043196
2022-11-16,-0.0062156930477663686,-0.007938124179876827,-0.010534076914165469,-0.013130029648454111,-0.0007651418471407156,-0.0010687611326297697,-0.00422864808223844,-0.002964693302394972,-0.00738853503184711,-0.0005062453033499725,-0.002058302445932081,-0.0033524968406555278,-0.004646691235378975
2022-11-17,-0.0013189908537133421,-0.0033623922050048938,-0.004685487947996059,-0.006008583690987224,0.0008977497611788454,0.0004958094511380295,-0.0019338201204268657,-0.0009619682918009078,-0.004363449691991761,0.0004738241873063487,0.0022075706848019294,0.0021501472226327367,0.002092723760463544
2022-11-18,0.0018745886156701363,0.001110343503126332,0.00033928228696905594,-0.00043177892918822014,0.0007386602007166676,0.0013562797257555825,-0.0009975497478466044,-5.601795840573e-05,-0.0033513792214487914,0.00017964129748304636,0.0009003770135804778,-0.0005136669148964601,-0.001927710843373398
2022-11-21,0.004124883352445208,0.0030287289444150822,0.002378295357736704,0.0017278617710583255,0.0,-0.0007814092630101799,-0.004658681868959791,-0.003107772826579947,-0.008535954474909402,0.0009796856306376611,0.0012047773179562071,3.905371611639952e-05,-0.001126669885723408
2022-11-22,-0.016389404457532675,-0.019138204930792435,-0.019487170598212034,-0.019836136265631632,0.0016080362163501949,0.002319993678147725,0.0008991045875736958,0.0014674602238033073,-0.0005217845030003332,-0.0002120574703150524,-0.007941962002829928,-0.009288415741988687,-0.010634869481147446
2022-11-23,-0.0018929104477609648,-0.0019233644912322045,-0.0018415766582866033,-0.0017597888253410021,-0.002316760673947149,0.0005449010324578563,0.0006639931943808186,0.0006163563296116336,0.000783085356303781,-0.00034216395588715365,-0.0015909894878103348,-0.0016912602162179047,-0.0017915309446254746
2022-11-24,0.0002204751234498037,-0.00030861797849190964,-0.0012561159526660592,-0.002203613926840209,-0.0022709679844417074,-0.002922601488478338,-0.0038087185846147897,-0.0034542717461602092,-0.0046948356807512415,0.0005549568006937289,0.0005711331021287513,0.00036714592779796273,0.00016315875346717412
2022-11-25,-0.006436454526635882,-0.007453219964124513,-0.00858526722587849,-0.009717314487632467,0.0035057742587478735,0.003873329307775508,0.0046882369809317925,0.004362273911669279,0.005503144654088077,-0.0034583996125288063,-0.004599074310717377,-0.004909651347854593,-0.00522022838499181
2022-11-28,-0.0013311268869860005,-0.0020883539454235045,-0.0030513134579927548,-0.004014272970562005,-0.005579214350156514,-0.007012874555772819,-0.009370393493680074,-0.008427385918517171,-0.011727912431587328,-0.0021444463015094506,-0.00337512994864686,-0.003901405577799999,-0.004427681206953138
2022-11-29,0.011285229715849221,0.013090658352584494,0.014382319771903518,0.01567398119122254,0.011063729045605264,0.016540198688480556,0.023565457994029315,0.020755354271809814,0.030590717299578074,0.010072669222893627,0.014236703810489804,0.015354227378807761,0.01647175094712572
2022-11-30,-0.0006150792251699011,-0.0006592605772919313,-0.0009910059500215507,-0.00132275132275117,0.0017373421336193129,0.0016271071925948455,0.0011973816413332061,0.001369271861837862,0.0007676560900715668,0.00021113825771612582,-0.0011832461359273516,-0.0017259611006974485,-0.0022686760654675453
2022-12-01,0.016441514992408868,0.017679839092353822,0.018994444932490362,0.020309050772626902,0.004322879773077437,0.006420500632735138,0.00896325466308201,0.007946153050943261,0.011506008693428882,0.00461158517882021,0.005322801370238439,0.005341277248380627,0.005359753126522815
2022-12-02,0.0015570061807304025,0.001858273097734786,0.002010919326885574,0.002163565556036362,-0.0011340599306856047,-0.0015628593896045428,-0.003688406438988323,-0.0028381876192348113,-0.005813953488372103,-6.46537476626241e-05,-0.0015496446333944647,-0.001986453980671432,-0.0024232633279483995
2022-12-05,-0.0001727317423573238,-0.0007333034303694808,-0.0010143201089670706,-0.0012953367875646604,0.005263883783767298,0.007903510961534632,0.012977944140823205,0.010948170869107775,0.01805237732011178,0.004817015638974631,0.006143530295938504,0.006553546524487475,0.006963562753036445
2022-12-06,0.002591423756501454,0.0032375362892742565,0.0029157850058563195,0.0025940337224383825,0.0013347483376930924,0.002393195838716222,0.004068725791486094,0.0033985138103781454,0.005744255744255966,0.0005952186567907969,0.00027316395379251013,-0.00010465314693780536,-0.00048247024766812086
2022-12-07,0.00766801939000894,0.008734652800885812,0.009541970643651143,0.010349288486416475,-7.690206688415469e-05,-0.0001269937301291435,-0.0015534397505873598,-0.0009828613424040732,-0.002979885771045576,0.0002250838960029533,-0.0006104350302190698,-0.000948821698536717,-0.0012872083668543643
2022-12-08,-0.0013680302572380842,-0.0010237264166225168,-0.0015788713175728386,-0.0021340162185231604,0.00020508795004459124,0.000762059157509265,0.0015018265899626737,0.0012059196169813104,0.0022415940224160824,-6.429521275508332e-05,-0.0008197684822710549,-0.0012154263709889257,-0.0016110842597067965
2022-12-09,0.004152522493668043,0.003714811210625557,0.003995985588204132,0.004277159965782706,0.001384059808812843,0.0024367323698128995,0.005443018272381583,0.00424050391135411,0.008449304174950267,0.0007072928158500247,0.0011582697232783712,0.0013052926799383968,0.0014523156365984224
2022-12-12,-0.0031121708881947097,-0.003701062462299398,-0.005044739067606163,-0.006388415672912928,-0.0007678593527381539,-0.0017977859253491824,-0.0060738559986528995,-0.004363427969331413,-0.010349926071956617,-0.001236887586034241,-0.0029083926844958308,-0.0033072417821448097,-0.0037060908797937886
2022-12-13,-0.0068424914700326855,-0.008411698948198043,-0.010206706739422644,-0.012001714530647245,-0.0012807490230126728,-0.0009385616884572956,-0.001838802756579272,-0.0014787063293304815,-0.0027390438247012483,-0.0035865911670461825,-0.004995754656039297,-0.005247351693214497,-0.005498948730389697
2022-12-14,-0.0005167225297547651,-0.0013779583123260108,-0.0019904975943409453,-0.0026030368763558798,0.0010772088134660684,0.0013456892147265531,0.0019212840580499213,0.001691046120720574,0.0024968789013732895,-0.002259776479051734,-0.0038709037719723005,-0.004049616790848698,-0.004228329809725095
2022-12-15,0.009693556311839657,0.011081998227440826,0.011413117426030128,0.01174423662461943,0.0013834924499105394,0.0018763618282331418,0.0006891149116259321,0.0011640136782688159,-0.0004981320049812776,0.0013427589619858793,0.00016259187843492562,-3.633781106571199e-07,-0.00016331863465623986
2022-12-16,-0.007211037256293129,-0.00899872604054519,-0.010518279615285508,-0.012037833190025826,0.0006396208532259973,0.000683336318711758,0.000840048423497497,0.0007773635815832014,0.000996760528283236,-0.0026172922560623313,-0.0036252094594816375,-0.0036910758176205705,-0.0037569421757595034
2022-12-19,-0.007392350348582655,-0.009209544177699258,-0.009826704203732162,-0.010443864229765065,-0.0010483076798381008,-0.002427981116630007,-0.008433308457244604,-0.006031177520998765,-0.0144386357978592,-0.018855078795277258,-0.020867770661471052,-0.021009389511748855,-0.021151008362026658
2022-12-20,-0.011560796007134999,-0.01272653476199781,-0.013179450318553887,-0.013632365875109964,-0.0019708390053613245,-0.005501606779754309,-0.01070735807540385,-0.008625057557144034,-0.01591310937105339,-0.01026910503428824,-0.010647925961488003,-0.010684096984094116,-0.010720268006700229
2022-12-21,0.00017522114167500824,-0.0008799035678480616,-0.001108698997477231,-0.0013374944271064004,0.0010001883688095514,0.0014021304352234143,0.00031605495067121847,0.0007504851444920966,-0.0007700205338809774,-0.004670712281954925,-0.00501914289309513,-0.005049361490570559,-0.005079580088045987
2022-12-22,-0.0019708925018073753,-0.00215766227596359,-0.002194902566553303,-0.0022321428571430157,0.0014859733721257484,0.0017565734191362647,0.0019057719394679484,0.001846092531335275,0.002054970459799632,-0.0105584179668744,-0.01066446615282124,-0.010693022729235724,-0.010721579305650208
2022-12-23,-0.0056171650558530795,-0.005780917311104861,-0.005798736060474097,-0.005816554809843333,-0.0003325688088063883,-0.001245234357871161,-0.0019043398141572743,-0.0016406976316428292,-0.0025634452704433874,-0.0036586586645929176,-0.003730022542510647,-0.0037573216101508544,-0.003784620677791062
2022-12-26,0.01787345948156216,0.01784306346580178,0.017922431822909868,0.018001800180017957,0.0016122157845905871,0.004147474788982919,0.0032302524291868417,0.0035971413731052723,0.0023130300693907646,0.011747299438662706,0.011815887790421531,0.011865464185316088,0.011915040580210645
2022-12-27,0.013440688010609492,0.01356197485640398,0.013633330487441642,0.013704686118479303,0.0005109907075064868,0.005549358279430372,0.008800320165356257,0.007499935410985903,0.012051282051282142,0.006721217185547523,0.006823425880205569,0.006824682223379286,0.006825938566553003
2022-12-28,-0.011432183333388024,-0.011238160344053783,-0.011288508868058322,-0.011338857392062862,-0.0003318759532284776,-0.00023111063233627327,-0.0017623756860692952,-0.0011498696645760864,-0.003293640739802317,-0.0029100678409760272,-0.002753139770473534,-0.002732502088626576,-0.0027118644067796183
2022-12-29,0.004104152172960118,0.004499965985551357,0.004455540998951291,0.004411116012351224,-0.0010933979512874892,-0.0010933979512876002,-0.002071864201876661,-0.0016804777016410366,-0.0030503304524657215,0.00037400390647079895,-0.000645866194608824,-0.0005778617172908507,-0.0005098572399728774
2022-12-30,0.001318508695465681,0.0013615099725332591,0.0011199293384843712,0.0008783487044354832,0.0036147083398754276,0.0036147083398756497,0.0038471297946190974,0.0037541612127217185,0.004079551249362545,0.0018353327555997723,0.002057903065486366,0.0015390688597283209,0.0010202346539702756
2023-01-03,0.0036430706371426425,0.004122836311380995,0.004255362868283763,0.004387889425186531,0.002206668786421062,0.002206668786421062,0.002499982437903281,0.0023826569773103936,0.0027932960893854997,0.010109763020200502,0.013272522775275908,0.01368569233718786,0.014098861899099813
2023-01-04,-0.005422903725725181,-0.007643978261749118,-0.008627581092429892,-0.009611183923110667,0.0018728040107567345,0.0018728040107569566,0.0015694736690908817,0.0016908058057573117,0.0012661433274248068,0.00023510084104771956,0.00018425239657071657,-7.537798931933626e-05,-0.0003350083752093891
2023-01-05,0.01565387110008909,0.02337267425385048,0.025581352565831272,0.027790030877812066,0.00987699378865936,0.009876993788658917,0.014422563662159438,0.01260433571275923,0.01896813353565996,0.005254947646534891,0.008775497257523135,0.009330778119378214,0.009886058981233292
2023-01-06,0.004199501700982378,0.006709724170981479,0.007646707579052947,0.008583690987124415,0.00172595168976164,0.001725951689761862,0.0028485802132105498,0.002399528803831075,0.0039712087366592375,0.0018872362952613297,0.0023574053639539017,0.0022571828545338013,0.002156960345113701
2023-01-09,0.0016382856315215744,0.0036315726016731276,0.005007275662538668,0.006382978723404209,0.0020475969402309335,0.0020475969402309335,0.004114033327964672,0.003287458772871177,0.006180469715698411,0.0011668822481623042,0.001871551418076045,0.0019291531924816585,0.001986754966887272
2023-01-10,0.006929804544862472,0.01136613346871651,0.013294060391863427,0.015221987315010344,0.0014951801373093154,0.0014951801373093154,0.0014846908057553065,0.0014888865383769101,0.0014742014742012977,0.0017815839663437583,0.002446656442287587,0.0024625879699872177,0.0024785194976868485
2023-01-11,-0.004573826551135474,-0.007744812469888895,-0.009495063461100128,-0.011245314452311361,0.0007464739556231059,0.0007464739556231059,0.00037323697781155296,0.0005225317689361741,0.0,-0.0018116569821968742,-0.003496116243622338,-0.004055623640189299,-0.004615131036756259
2023-01-12,0.0028771444092670073,0.0034360124134220627,0.0034029261730126326,0.0033698399326032025,0.0007459171478993998,0.0007459171478993998,0.0011089742756180687,0.0009637514245306012,0.0014720314033367377,8.325435963540961e-05,-0.0006288609164196712,-0.0008112014467840378,-0.0009935419771484044
2023-01-13,0.005223949315530829,0.010780035779572872,0.012736785312120524,0.014693534844668177,0.0033541252659945453,0.0033541252659943233,0.00927137914451115,0.006904477593104419,0.015188633023027975,0.004179020931983191,0.008014742356833748,0.00823412403769086,0.008453505718547971
2023-01-16,-0.004302270084290516,0.003513198207365731,0.011065659922880333,0.018618121638394936,-0.013173552340504213,-0.013173552340504213,-0.006707432540908498,-0.009293880460746784,-0.00024131274131278246,0.003432100736632915,0.008476704078720587,0.009087135734297869,0.00969756738987515
2023-01-17,-0.0002994655160859505,0.0009585794486064447,0.002103985093921401,0.0032493907392363575,-0.0013048296966393647,-0.0013048296966392536,-0.0011351568227342401,-0.0012030259722962456,-0.0009654839488292266,-0.0003304697305008819,0.0015475156704694015,0.001424905482963812,0.0013022952954582223
2023-01-18,0.00025676161932453034,0.001082573817585919,0.00013642860919776956,-0.0008097165991903799,0.00040201061589439924,0.00040201061589439924,-0.0008862138271096276,-0.0003709240499080171,-0.0021744382701136544,0.001371902753912968,0.0034805963907580395,0.003691200487689228,0.0039018045846204163
2023-01-19,-0.0006845218925822794,0.0011229955465323904,0.0062341071735902975,0.011345218800648205,-0.00022604010092031057,-0.0002260401009204216,0.003276810458014423,0.0018756702344404855,0.006779661016949268,-0.001353516911492103,0.006304933557021775,0.007767851393895575,0.009230769230769376
2023-01-20,0.0010702980996408762,0.0009970985263800802,0.002702074904215701,0.004407051282051322,0.0018589721431516715,0.0018589721431518935,0.003695238837328696,0.002960732159657975,0.005531505531505498,0.005570163690912677,0.005911087325024766,0.006565941608597137,0.007220795892169507
2023-01-30,-0.0003755033557049092,0.0008878075393736751,0.005629384423855077,0.01037096130833648,-0.0005049421511981178,-0.00041701552639217265,0.002661619000735971,0.0014301651898847136,0.005740253527864114,-0.0031857805285444574,0.003216645646389571,0.0032810964411651433,0.0033455472359407157
2023-01-31,-0.005252663273064506,-0.006278601820135066,-0.008271555154046983,-0.010264508487958901,-0.005781464221242039,-0.006637393540757541,-0.008788375724005426,-0.007927982850706273,-0.010939357907253311,0.0009369415247884039,0.0009369415247884039,0.0008654221755411973,0.0007939028262939907
2023-02-01,0.00905211331411615,0.009258851029438242,0.010612672423374825,0.011966493817311408,0.0035416972028370353,0.004406597466721562,0.005930156151009336,0.005320732677294227,0.007453714835297109,0.008091404888498577,0.008091404888498577,0.009757268365239269,0.011423131841979961
2023-02-02,-0.002832918202614887,-0.003386078794565317,-0.004255120595548334,-0.005124162396531351,-0.0001430755886220325,-0.0003815012658988648,-0.0013840680553838802,-0.000983041339589874,-0.0023866348448688957,0.0012590524791249447,0.0012590524791249447,0.0014138399650526212,0.0015686274509802978
2023-02-03,-0.006155427260931101,-0.00738776829327481,-0.008448242308285614,-0.009508716323296418,-0.005652294455921969,-0.006344879124984049,-0.008315980232348474,-0.007527539789402704,-0.0102870813397129,-0.002593530347381634,-0.002593530347381745,-0.0034894041713415813,-0.004385277995301418
2023-02-06,-0.00964764708478194,-0.010786022644001081,-0.011793011322000557,-0.012800000000000034,-0.009450055914829392,-0.01032225293492528,-0.012050176503720755,-0.011359007076202566,-0.01377810007251623,-0.0027578666155606557,-0.0027578666155606557,-0.0036598834414912074,-0.004561900267421759
2023-02-07,-0.001603560642263746,-0.002132444133634892,-0.002484374416898527,-0.002836304700162162,0.0030025030948179765,0.0028621622095259536,0.002656571300841404,0.0027388076643152237,0.002450980392156854,0.001327436869295262,0.001327436869295262,0.0009007601539902099,0.0004740834386851578
2023-02-08,-0.004537334705749907,-0.005080417874047227,-0.005384581143443701,-0.005688744412840174,-0.002510690047467623,-0.0028056208436825214,-0.0034810500306431402,-0.0032108783558588926,-0.004156479217603759,-0.005097544150788891,-0.005097544150788891,-0.0061816894660120525,-0.007265834781235214
2023-02-09,0.016739616098484733,0.018115421129134335,0.01845697496996146,0.018798528810788584,0.010310058054581406,0.011254057994416256,0.012256049375307776,0.011855252822951167,0.013258040756199296,0.011706695780278276,0.011706695780278276,0.013092806919574262,0.01447891805887025
2023-02-10,-0.008965945415205456,-0.010508671654344992,-0.010870059854448888,-0.011231448054552784,-0.0030183345859821076,-0.003885490983052464,-0.004850426615829628,-0.004464452362718763,-0.005815362248606792,-0.001254334401522117,-0.001254334401522228,-0.0021955486311250327,-0.0031367628607278375
2023-02-13,0.011128685493880797,0.011947811236409756,0.012059098315973737,0.01217038539553772,0.00643938597571414,0.006814093061369153,0.007306632199707286,0.007109616544372033,0.007799171338045419,0.005353315233947331,0.005353315233947331,0.005665959064424908,0.005978602894902485
2023-02-14,-0.001266900828210682,-0.0015901342031525711,-0.0017970711095923186,-0.002004008016032066,0.0021486444142706507,0.002295850328255744,0.002236196022652681,0.0022600577448939063,0.002176541717049618,0.002654597285060456,0.002654597285060456,0.0026566699281104222,0.0026587425711603885
2023-02-15,-0.007848892643143923,-0.008560583819075207,-0.008697962592268571,-0.008835341365461935,-0.0042404299986600336,-0.004986808519496955,-0.005871782638126932,-0.005517792990674941,-0.00675675675675691,-0.0005139398754663294,-0.0005139398754662183,-0.0011928613743264482,-0.0018717828731866781
2023-02-16,-0.012385885787709272,-0.012771028175599053,-0.012868496259598572,-0.012965964343598091,-0.005909249949909046,-0.006402636255503524,-0.006724155834262946,-0.006595548002759177,-0.0070456754130223676,-0.011203417593967258,-0.011203417593967258,-0.01224337155678984,-0.013283325519612421
2023-02-17,-0.023383306790785485,-0.02355371494867009,-0.023681619379096908,-0.023809523809523725,-0.013019869741136891,-0.013491149208791797,-0.013841243799404435,-0.01370120596315938,-0.014191338390017072,-0.008115623780514225,-0.008115623780514225,-0.008334023483541897,-0.008552423186569569
2023-02-20,0.01035604561191894,0.010415317232127741,0.010464176698486094,0.010513036164844447,0.024383776254469414,0.025271817293813115,0.0256664373140697,0.025508589305967066,0.026061057334326287,0.01541080630045566,0.01541080630045566,0.015532879188566495,0.01565495207667733
2023-02-21,-0.003197967929178702,-0.0032573142837624136,-0.003293243076130048,-0.0033291718684976823,0.002142302439546828,0.001574856790934387,0.0013921695662461042,0.0014652444561214172,0.0012094823415578215,0.005883011420607209,0.005883011420606987,0.005851225748051192,0.005819440075495397
2023-02-22,-0.007897042362892015,-0.007615453865811195,-0.0075655557429265,-0.007515657620041805,-0.009526528836988124,-0.009806090804542866,-0.009735130446968221,-0.009763514589998079,-0.009664170089393576,-0.0009911073689193861,-0.0008112398702453394,-0.000874736432386114,-0.0009382329945268886
2023-02-23,0.0031569378191429465,0.00378708965147867,0.0035763382628449802,0.0033655868742112904,0.0009519324399387408,0.0006833663671821366,0.0003416831835910683,0.0004783564570274956,0.0,-0.000939329299780467,-0.0015496143428609388,-0.0016356617652636407,-0.0017217091876663426
2023-02-24,-0.006126165697088903,-0.00909664413060407,-0.010418343029662547,-0.011740041928721023,-0.003926035060127009,-0.005048579899106231,-0.0072815478173258175,-0.006388360650037983,-0.009514515735545404,-0.0006581487282301124,-0.0018498816785108563,-0.0020224635736549312,-0.002195045468799006
2023-02-27,-0.0038841183425000203,-0.0057534597647657115,-0.00648300905081739,-0.007212558336869068,-0.0023502168833999804,-0.0021081206548047016,-0.0029013509677964233,-0.002584058842599735,-0.003694581280788145,-0.004218062014386681,-0.004758923348406219,-0.004972170662260911,-0.005185417976115603
2023-02-28,0.005764128716554406,0.007361091000487763,0.007740374560072927,0.00811965811965809,0.00419618577019909,0.00464275031222483,0.005535219408275505,0.005178231769855235,0.006427688504326179,0.004991783005523498,0.0062493230393199095,0.006362696585210381,0.006476070131100853
2023-03-01,0.004466882051852972,0.005406558180416132,0.005458683922764163,0.005510809665112193,0.0062068856648165305,0.007310937267292594,0.00967364598564835,0.008728562498306048,0.012036354704004104,0.0048259702632798,0.005818433797283751,0.005969480552125872,0.006120527306967993
2023-03-02,-0.006376855638770107,-0.008990481894450841,-0.009765055449754922,-0.010539629005059004,0.0002671440028090277,0.00048547661508901996,-0.00036405780896031636,-2.424403934058188e-05,-0.0012135922330096527,9.35608856742487e-05,-0.0008108041081915651,-0.000951338725441897,-0.001091873342692229
2023-03-03,0.00249111232345256,0.002373992807055858,0.0022521860072773903,0.0021303792074989225,0.0017723912622173987,0.0016255574904000536,0.001906338891007997,0.0017940263307648196,0.0021871202916159405,-4.6776066427112184e-05,-0.00021847055056400944,-0.00034346388240258374,-0.00046845721424115805
2023-03-06,0.003790559140746108,0.003890894085591512,0.003858712348918325,0.003826530612245138,-0.000945218664704206,-0.001986259492836595,-0.004024167573770332,-0.0032090043413968376,-0.006062075654704069,0.0015124968964577157,0.0006555548711251191,0.0004840030253141503,0.00031245117950318146
2023-03-07,-0.015021063685156433,-0.019084169655993244,-0.019919043743710396,-0.02075391783142755,-0.0078114966502510486,-0.009150123651664344,-0.011527977171038373,-0.010576835763288762,-0.013905830690412402,-0.012330808885649303,-0.01525506289683487,-0.015436371054851905,-0.01561767921286894
2023-03-08,-0.0011501499944686078,-0.001460233273983591,-0.0015951685401059956,-0.0017301038062284002,-0.002396129380619505,-0.0023270266583439447,-0.003142731537979504,-0.0028164495861252806,-0.003958436417615063,0.0013399043714978909,0.0015681463291510322,0.001577346209157393,0.001586546089163754
2023-03-09,-0.001236768759937612,-0.0018924771067256874,-0.002029427461508415,-0.002166377816291143,-0.0012744693832504872,-0.0018168591714892157,-0.002150357057180252,-0.0020169579029038374,-0.0024838549428712886,-0.00033059223568243645,-0.0009805338179509349,-0.0010446784407353027,-0.0011088230635196705
2023-03-10,-0.0010675002163822445,-0.0013358642358591855,-0.001319256477460673,-0.0013026487190621605,-0.01072411217725644,-0.011683498981162055,-0.012689359052334037,-0.012287015023865245,-0.01369521912350602,-0.01152731162636611,-0.01260114486625219,-0.01264373767258059,-0.012686330478908991
2023-03-13,-0.004060835765310911,-0.0052643045502017705,-0.005458239231622586,-0.005652173913043401,0.010021756638310064,0.010577236110465238,0.010842771046901345,0.010736557072326902,0.011108305983337452,0.005783076052564118,0.005643479876469071,0.005632533385070415,0.0056215868936717595
2023-03-14,-0.0039057136685258786,-0.004554731409440849,-0.004682262950019944,-0.00480979449059904,-0.004961158793086562,-0.005541103673089354,-0.005891650463261289,-0.005751431747192515,-0.006242197253433224,-0.007808990137118776,-0.008130747068106459,-0.008138205350057048,-0.008145663632007638
2023-03-15,-0.002412940357844784,-0.003486150027076418,-0.003500544257826421,-0.0035149384885764245,0.0004442876383332628,0.00024764349262640373,-1.8063943902912882e-06,9.79735604163867e-05,-0.0002512562814069863,0.005140537588161687,0.005143465435715422,0.005148222250868972,0.005152979066022523
2023-03-16,-0.014771814979648412,-0.015305262810821896,-0.01536868078812692,-0.015432098765431945,-0.01063349634244759,-0.010967890596603636,-0.011264292119111119,-0.011145731510108125,-0.011560693641618602,-0.012070894970936275,-0.012297140458298106,-0.012316465134628085,-0.012335789810958064
2023-03-17,-0.0019289616894617723,-0.002087223655473869,-0.002163181912824219,-0.0022391401701745695,0.005436233553959724,0.005306948254675925,0.0053231919000306105,0.005316694441888736,0.005339435545385296,0.00583588497891907,0.005844652362060998,0.0058420342102275535,0.005839416058394109
2023-03-20,-0.0008784953518152783,-0.000890037987266501,-0.0008938520277446127,-0.0008976660682227244,-0.005307632618765434,-0.005403436371386738,-0.005483711104256883,-0.005451601211108825,-0.005563985837127028,-0.003004905524251922,-0.003058258365159605,-0.0030611401485529655,-0.0030640219319463258
2023-03-21,0.017233648575746496,0.017415743324191713,0.017467979478807516,0.01752021563342332,0.010821513987654408,0.010815512419074746,0.010875711448601444,0.010851631836790766,0.010935910478128141,0.010404582261392736,0.010526848845033854,0.01052062274021337,0.010514396635392886
2023-03-22,0.0016896457623094552,0.002040212570191491,0.0021238590444776495,0.002207505518763808,0.003995528205790633,0.004254646267745743,0.004391474077269031,0.004336742953459716,0.004528301886792319,0.005314432905541011,0.005304567810936245,0.0053735901324570845,0.005442612453977924
2023-03-23,0.007008002985144701,0.008239468202691613,0.008084491810596894,0.007929515418502175,0.005086397982078106,0.006888618454253148,0.008202636299503241,0.0076770291614032034,0.009516654144753334,0.0053661545391363585,0.0053661545391363585,0.005469257814067485,0.005572361088998612
2023-03-24,0.0021446691851068067,0.0032775939156843847,0.0036055801746255334,0.003933566433566682,-0.0002243641240270433,-0.00017414701919260533,-0.0007072670099684264,-0.000494019013658098,-0.0012403870007442475,0.0014412867909834315,0.0014412867909834315,0.0013539556184176682,0.001266624445851905
2023-03-27,0.006420238268144418,0.00971354219583409,0.01051632704045069,0.01131911188506729,-0.0018451856799128752,-0.0031103098510577576,-0.00416320261554376,-0.003742045509749359,-0.005216095380029762,-1.5815521682061018e-05,-1.5815521682061018e-05,-0.00024509941169492677,-0.0004743833017077925
2023-03-28,-0.004817008675367607,-0.007980797941316453,-0.009371371850554866,-0.010761945759793279,-0.0003247534715210554,-0.001098244949658267,-0.001547874035378427,-0.0013680224010903632,-0.001997503121098587,-0.0015499456380291265,-0.0015499456380290155,-0.0020405953470954974,-0.0025312450561619793
2023-03-29,4.3606527574624465e-05,-0.0002609190320626009,-0.0003480400208180634,-0.0004351610095735259,0.0001749240610922076,0.00019990043958606485,9.995021979303242e-05,0.00013993030771024538,0.0,-0.0033739888963135733,-0.0033739888963135733,-0.003748850118259872,-0.004123711340206171
2023-03-30,0.004578485743456762,0.006133197521431599,0.006549402417659667,0.006965607313887734,0.005496651851940815,0.007894489251777603,0.009326278901595653,0.008753563041668433,0.010758068551413702,0.004529775597778007,0.004529775597777785,0.004892694774522033,0.00525561395126628
2023-03-31,0.0029081948220541776,0.005447320209196693,0.0057500327807764595,0.006052745352356226,0.0011430171652599963,0.001982950492517732,0.002229099008635105,0.002130639602188156,0.0024752475247524774,0.005964998842442393,0.005964998842442171,0.0067055665948585474,0.007446134347274924
2023-04-03,0.0062323237610830695,0.011824580245138216,0.014292178390725607,0.016759776536312998,0.0032762175274412275,0.004650711526704487,0.006029059467056008,0.0054777202909154,0.007407407407407529,0.007219362159443854,0.007219362159444076,0.008641918852956842,0.010064475546469609
2023-04-04,-0.002193610044050165,-0.004717053395280502,-0.00573976084810518,-0.006762468300929858,0.0011132451057722648,0.0024869544465293547,0.0036944576154215314,0.003211456347864661,0.004901960784313708,0.00017177294539894028,0.00017177294539871824,0.0003972674473218252,0.0006227619492449321
2023-04-06,0.0012931956163342306,0.001707895294660755,0.0017050114771176572,0.0017021276595745594,4.9422540855159625e-05,-0.0006877423339939348,-0.0018072858011432547,-0.0013594684142835267,-0.0029268292682925745,0.00037471296986524294,0.000374712969865465,0.00010955969016074318,-0.00015559358954397862
2023-04-07,0.0021094915214907584,0.005200199252880733,0.0057861658966188445,0.006372132540356956,0.0016555732959979697,0.004006398242572651,0.005550165853184574,0.004932658808939805,0.007093933463796498,0.005134766231729371,0.005134766231729371,0.00638001928144194,0.007625272331154509
2023-04-10,0.0020620907112414155,0.001399334455330914,0.0004886077088810947,-0.0004221190375687245,0.0,-0.0003427346928446262,-0.0019930821873258564,-0.0013329431895333643,-0.0036434296818070866,-0.0033694593200982448,-0.003369459320098356,-0.005005192980512441,-0.0066409266409265255
2023-04-11,-8.57436351482388e-05,-0.0008468963967716014,-0.001690340090277631,-0.0025337837837836608,0.00012334603756403162,-0.000563257186022903,-0.0015005461941817178,-0.0011256305909181918,-0.0024378352023405325,0.0008413177503838742,0.0008413177503836522,0.0003429225567838645,-0.00015547263681592316
2023-04-12,-0.0002572529632486331,-0.0016952284764308878,-0.0027527793525253252,-0.0038103302286197627,0.0009126481064465342,0.00041655515648497676,-0.000280480975032138,-1.666522425292148e-06,-0.0009775171065492527,0.003331308395968069,0.003331308395968069,0.003376119133452926,0.0034209298709377833
2023-04-13,-0.002658964646770845,-0.0064528071929443875,-0.0076887920367612606,-0.008924776880578134,-0.001182896353759233,-0.002939165015550138,-0.004527312449066678,-0.0038920534756600625,-0.0061154598825832185,-0.002466912956636369,-0.00246691295663648,-0.0034029900286049464,-0.004339067100573413
2023-04-14,0.004687094212937115,0.008631136195718758,0.009246957463211025,0.009862778730703292,0.0019491558983000257,0.004004134625196443,0.004586364629851514,0.004353472627989486,0.005168594634506585,0.0022397104900448994,0.0022397104900448994,0.002287170420119722,0.0023346303501945442
2023-04-17,0.0008560051101793587,0.0030924813538730778,0.0034570687024142455,0.003821656050955413,0.001871489495095302,0.006043416392710554,0.01048987665864709,0.008711292552272477,0.014936336924583626,0.0032744641579947054,0.0032744641579949274,0.004121704128686954,0.00496894409937898
2023-04-18,-0.0007697456929145474,-0.0026606258353650825,-0.0034453721393407077,-0.004230118443316333,0.0002949463523311824,0.0013862568249440876,0.0015375192448001673,0.0014770142768577355,0.001688781664656247,-6.187255046607998e-05,-6.187255046630202e-05,-0.0010352626040341928,-0.0020086526576020836
2023-04-19,-0.00012838977629636705,-0.004107447524340779,-0.005239790032348812,-0.006372132540356845,-0.0001228580769295773,-0.0012871912665677332,-0.004617584072590275,-0.0032854269501812585,-0.007947976878612817,-0.002567869724976468,-0.002567869724976468,-0.003606275782135182,-0.004644681839293896
2023-04-20,-0.0025681252469546,-0.009566879920923865,-0.010127604133185308,-0.010688328345446751,0.00019659707662622594,-0.0005836303079412852,-0.002234034139161234,-0.0015738726066732546,-0.0038844379703811827,-0.0005273032668733357,-0.0005273032668734468,-0.0008080597840045001,-0.0010888163011355534
2023-04-21,-0.010427686856048779,-0.018932206794048057,-0.01918952604179497,-0.01944684528954188,-0.002653538856469684,-0.01231205801597468,-0.015051958815445243,-0.013955998495657018,-0.017791859614915806,-0.022096353009349423,-0.022096353009349423,-0.02296035339660868,-0.023824353783867935
2023-04-24,-0.012619064505383859,-0.015228000249161489,-0.015326648868520809,-0.01542529748788013,-0.004853129400073319,-0.011406210329237387,-0.012030648588936321,-0.011780873285056748,-0.012655086848635255,-0.006569236323421324,-0.0065692363234212126,-0.006634434719375304,-0.006699633115329395
2023-04-25,-0.017391803493350122,-0.0182184655746207,-0.018285598051410612,-0.018352730528200523,-0.0018814039680046246,-0.004659980649368123,-0.004717524881105273,-0.004694507188410413,-0.004775069112842423,-0.014934426526965972,-0.014934426526965972,-0.0150149890784822,-0.015095551629998427
2023-04-26,0.01437522737326935,0.01489487660314337,0.014971378110053224,0.015047879616963078,-0.0017894143636176807,-0.0024539704484708436,-0.002363348860599024,-0.0023995974957477517,-0.002272727272727204,0.003953076089870944,0.004184665798134368,0.0042120133164811335,0.004239360834827899
2023-04-27,0.005258468206863043,0.006379981308002547,0.006334644742051587,0.0062893081761006275,0.006835945436698854,0.006835945436698854,0.00784723113394048,0.007442716855043829,0.008858516831182106,0.0038490966060638065,0.004302849624676863,0.004262157074069184,0.0042214645234615045
2023-04-28,0.00442619807625344,0.006160956735864476,0.006428692653646428,0.006696428571428381,0.005884261554219172,0.00588426155421895,0.007834253205609265,0.00705425654505314,0.00978424485699958,0.009157110691809578,0.013871802204009853,0.014373249525610476,0.0148746968472111
2023-05-04,-0.00480730165023302,-0.0086967639629707,-0.009891619232039628,-0.011086474501108556,0.0012499657196902714,0.0012499657196902714,0.0006249828598451357,0.0008749760037831899,0.0,0.0010741329788970244,0.0007494806298562473,0.00045439620149811955,0.00015931177313999179
2023-05-05,-0.006664333255485988,-0.011011087023239052,-0.011783570417449152,-0.012556053811659251,-0.0008239474689046844,-0.0008239474689046844,-0.00239955137420389,-0.0017693098120842078,-0.003975155279503095,-0.003635321840767536,-0.007712275646674427,-0.008316156937704766,-0.008920038228735105
2023-05-08,0.004322605893769538,0.004933216357269066,0.004964337515600992,0.004995458673932918,0.0048977841200195105,0.0048977841200195105,0.00806126422264386,0.0067958721815941205,0.01122474432526821,0.00395397384779006,0.0060379207437151194,0.00615300087330406,0.006268081002893
2023-05-09,-0.010804836827797426,-0.014051447257408478,-0.014481665788668052,-0.014911884319927626,-0.0032326972305258828,-0.0032326972305257717,-0.005933072838252562,-0.004852922595161846,-0.008633448445979353,-0.005091104392543344,-0.008683286125148015,-0.008893631562813642,-0.009103977000479269
2023-05-10,0.00611861256788826,0.007902387336337524,0.008308991833306356,0.008715596330275188,-0.003417814301766686,-0.003417814301766686,-0.005565587917243153,-0.004706478471052567,-0.00771336153271962,-0.0009655012018517928,-0.0016745808592542044,-0.001723815252322125,-0.0017730496453900457
2023-05-11,0.005991307963567616,0.005891652020812765,0.005674338970842907,0.005457025920873049,0.0005006621632603903,0.0005006621632606123,-0.0003765495602954805,-2.5664870873043496e-05,-0.0012537612838515733,-0.0008858981040482661,-0.002790273390825382,-0.002929126684109551,-0.00306797997739372
2023-05-12,-0.008731932819374677,-0.011308792967246295,-0.011534088930479747,-0.011759384893713198,-0.008156709505321436,-0.008156709505321325,-0.010480564142567761,-0.009551022287669186,-0.012804418779814197,-0.006690430916065471,-0.00959110933601015,-0.009654641159744681,-0.009718172983479212
2023-05-15,0.015810758412492465,0.02155475053600342,0.021990189913310587,0.022425629290617755,0.011351855373729958,0.011351855373729958,0.01368711792084265,0.012753012901997573,0.016022380467955344,0.009332311345155553,0.011088412979139317,0.011105214013285791,0.011122015047432265
2023-05-16,-0.00044470483394820626,-0.0020966120155004875,-0.002391188729325866,-0.0026857654431512445,-0.002045341887252361,-0.00204534188725225,-0.003150330518094213,-0.0027083350657574282,-0.004255319148936176,-0.004647132346687233,-0.006509018875557215,-0.0065705883766333795,-0.006632157877709544
2023-05-17,0.0004893929527547414,0.0004917273907156794,0.0004702802124134653,0.0004488330341112512,-0.004623948398535305,-0.004623948398535527,-0.0057056393576388476,-0.005272962973997519,-0.006787330316742168,0.00014539605922880838,0.00032514460440502546,0.000325412230552935,0.00032567985670084454
2023-05-18,-0.002045551269508117,-0.005719106487015124,-0.005999974957280607,-0.00628084342754609,0.0011801899739245503,0.0011801899739247723,0.0004635447465169418,0.000750202837480074,-0.00025310048089088877,0.0023098459874653088,0.0016739504367329072,0.0016509097780278426,0.0016278691193227779
2023-05-19,0.0009803124081861903,0.0001348125657083532,6.74062828541766e-05,0.0,-0.00025080824839107674,-0.0002508082483912988,-0.0008848977950817738,-0.0006312619764055838,-0.0015189873417722488,0.0014987456586634806,0.0008112393249628536,0.0008119255295382377,0.0008126117341136219
2023-05-22,0.0011574163981997732,-0.00040438318119129235,-0.00042792522490714413,-0.0004514672686229959,0.004791639326935604,0.004791639326935826,0.00493131662087154,0.004875445703297255,0.005070993914807254,-0.0005792913993353244,-0.0014266238785419771,-0.0014440686784720769,-0.0014615134784021766
2023-05-23,-0.010449169558918947,-0.012046503910158046,-0.012120812930688785,-0.012195121951219523,-0.012308968491712258,-0.012308968491712258,-0.013344191612152778,-0.01293010236397657,-0.014379414732593299,-0.00995026645903907,-0.010487678171406278,-0.010529251347859592,-0.010570824524312905
2023-05-24,-0.0019441704568217144,-0.0019434879311301945,-0.0018862387072203224,-0.0018289894833104503,-0.013862585525273197,-0.013669341167532156,-0.013617368305803457,-0.013638157450494936,-0.013565395444074757,-0.007562362289672442,-0.007661105476995167,-0.007610960365058983,-0.007560815253122799
2023-05-25,0.0013747052402848237,0.0006872442091372388,0.0005726647064926427,0.0004580852038480465,-0.0006750109880755417,-0.0007527493618859626,-0.0015439927401023068,-0.0012274953888157692,-0.002335236118318651,-0.0020539299220146967,-0.0020539299220148077,-0.0025175247490167307,-0.0029811195760186537
2023-05-26,-0.004621820667866872,-0.00590624116853844,-0.006845061976210709,-0.007783882783882978,0.0025459907575597907,0.002052137834720913,0.0016762639758779452,0.0018266135194151324,0.0013003901170349774,0.007801079833769542,0.007801079833769764,0.00830253327236663,0.008803986710963496
2023-05-29,-0.00809126208057609,-0.009395594962809839,-0.010235407079928205,-0.01107521919704657,-0.002487698106121927,-0.002644169485094161,-0.003400006820469148,-0.0030976718863191532,-0.004155844155844135,-0.000576434664148695,-0.0005764346641489171,-0.0008645387547651096,-0.001152642845381302
2023-05-30,0.005005594215016229,0.005207291463378061,0.005403459077465977,0.005599626691553894,0.001013147761379285,0.0015335254858097613,0.0012884111518772778,0.0013864568854502712,0.0010432968179447943,0.004136244294629554,0.004136244294629554,0.004788201276889503,0.005440158259149452
2023-05-31,-0.010007443324205223,-0.010545643383111813,-0.010841267167193969,-0.011136890951276124,-0.0051644190781788835,-0.006877322158645116,-0.008128603757800945,-0.0076280911181386135,-0.009379885356956774,-0.0007056807522102249,-0.0007056807522101138,-0.0009267049440670472,-0.0011477291359239805
2023-06-01,0.0072204318656758915,0.007713054730784652,0.00784526504723193,0.00797747536367921,0.001226069103889449,0.0017769675966952114,0.0019405616521087632,0.0018751240299433424,0.002104155707522315,0.001001788940494519,0.001001788940494741,0.0013216429929000517,0.0016414970453053623
2023-06-02,0.011608622014942283,0.012246430182996981,0.012408131292615754,0.012569832402234526,0.009197285060458027,0.010642893503281847,0.012276827329068762,0.011623253798753997,0.013910761154855678,0.007120348883314032,0.007120348883314032,0.00782107250786479,0.008521796132415549
2023-06-05,-0.012115470953501295,-0.013289765814849863,-0.014001204746505402,-0.014712643678160942,-0.0014973966661729898,-0.002581082146823732,-0.0036203365691405698,-0.003204634800213835,-0.004659590991457407,-0.000944839773460493,-0.000944839773460382,-0.001528643481140346,-0.00211244718882031
2023-06-06,-0.015318499842187139,-0.016487623078074387,-0.01687656935518278,-0.017265515632291173,-0.004860909282466186,-0.0062623825190304405,-0.007942634692545192,-0.007270533823139292,-0.009622886866059943,-0.014936064472076627,-0.014936064472076738,-0.016749908152012938,-0.018563751831949138
2023-06-07,-0.013723829550036815,-0.014355669503682056,-0.014537758778431664,-0.014719848053181273,-0.0015329496550882116,-0.002525946976544957,-0.0028386037403733133,-0.0027135410348419708,-0.0031512605042016695,0.0009104141019369294,0.0009104141019369294,0.0007870471040628546,0.0006636801061887798
2023-06-08,-0.0017631759277879633,-0.0018685049241693452,-0.0018981078837714271,-0.001927710843373509,0.004345688711837825,0.0063439121723734004,0.007386919205259357,0.006969716392104974,0.008429926238145313,-0.0018687857859557289,-0.0018687857859557289,-0.0020121577744237062,-0.0021555297628916836
2023-06-09,0.007160635979045038,0.007104010513935277,0.007173444175364474,0.007242877836793671,0.003057320233165406,0.0036578305025940505,0.003918779410126749,0.0038143998471136696,0.004179728317659448,0.008002774361387965,0.008002774361387521,0.00823867531628697,0.008474576271186418
2023-06-12,0.0047398172136892125,0.0045755024026752356,0.004444989935757593,0.00431447746883995,0.0029188489098284087,0.0021194961869683837,0.0015800394566475306,0.0017958221487758717,0.0010405827263266776,0.0032052825950137365,0.0032052825950137365,0.0030855874171311637,0.002965892239248591
2023-06-13,0.007783804591595667,0.007685993024961313,0.007661612264270645,0.007637231503579978,0.003296684206614886,0.005648633413092963,0.00659250797473776,0.006214958150079841,0.007536382536382558,0.0029164994970389824,0.0029164994970389824,0.002936810615941976,0.0029571217348449697
2023-06-14,-0.0021064595283591947,-0.0021657961696246453,-0.00226717094127854,-0.002368545712932435,0.0003337193225145807,0.0006924952075806345,0.00034624760379031727,0.00048474664530644417,0.0,0.0013396488628396597,0.0013396488628396597,0.0012431250047203468,0.001146601146601034
2023-06-15,0.031429045879839634,0.03354833443254046,0.034105601214370895,0.03466286799620133,0.004850146947263045,0.008124780324970438,0.012445160345616602,0.010717008337358136,0.016765540366262766,0.007553995219561127,0.007553995219561127,0.008194536876796277,0.008835078534031426
2023-06-16,0.011233471561125308,0.012645917394539463,0.012977387334259238,0.013308857273979013,0.000842763527334478,0.002644060659886982,0.006015079543540636,0.004666671990079175,0.00938609842719429,0.004825514770086636,0.004825514770086858,0.005899620829740049,0.006973726889393239
2023-06-19,0.00040476980741011026,-9.016603060185702e-05,-0.0002715322906633455,-0.000452898550724834,-0.0001275839204605278,-0.0011156910934847497,-0.00432763695161803,-0.0030428586083647187,-0.007539582809751311,0.0002900742887508301,0.000290074288750386,-0.0004991889789940918,-0.0012884522467385695
2023-06-20,0.0022028550800088365,0.0018485703055810543,0.0016039407939323347,0.001359311282283615,0.0002041603203113418,0.0006853933127621836,-0.0005436036728161397,-5.2004878584810616e-05,-0.0017726006583944631,0.000402764125081001,0.000402764125081001,-4.051440577101939e-05,-0.0004837929366230398
2023-06-21,-0.021262413167265293,-0.02367204496878461,-0.02405321705452801,-0.024434389140271406,-0.0015819195172167566,-0.0049213048474511245,-0.009436806660153785,-0.007630605935072721,-0.013952308472856445,-0.017521237797506917,-0.017521237797506917,-0.018844516930376587,-0.020167796063246257
2023-06-26,-0.0101288518281889,-0.010371386680903871,-0.01051964510297515,-0.01066790352504643,-0.0021721968690644466,-0.0071890287162056365,-0.009254406305620189,-0.008428255269854367,-0.01131978389503474,-0.016194578981063912,-0.016194578981064023,-0.016412784303639183,-0.016630989626214343
2023-06-27,0.002453946826213249,0.002375484718238896,0.002359800493202835,0.0023441162681667738,0.004072131379046606,0.0067018553444582185,0.006733701546806303,0.0067209630658670695,0.006765547749154388,0.0075308143386938475,0.00753081433869407,0.0075329892189116565,0.0075351640991292435
2023-06-28,-0.0058712230890296535,-0.0056382071290647096,-0.005625464649658629,-0.005612722170252549,0.0006627717619860363,0.0027280594720016094,0.002397888614263821,0.0025299569573589364,0.002067717756526033,0.0018654735023597713,0.0022511326974028467,0.002288936799091923,0.002326740900780999
2023-06-29,0.002117547559000732,0.0015053383413745625,0.00145821949994418,0.0014111006585137975,-0.002244804815317858,-0.002244804815317747,-0.0034437849199105974,-0.0029641928780734573,-0.004642765024503448,-0.0006303711144047819,-0.001227092443423894,-0.0013596911396359657,-0.0014922898358480374
2023-06-30,0.008921863889124193,0.014185276955437365,0.015312459990165839,0.016439643024894313,0.003801479647078665,0.003801479647078443,0.004880786467747589,0.00444906373947993,0.005960093288416735,0.006473679099726848,0.01065893556250086,0.011390577047274975,0.01212221853204909
2023-07-03,0.0012566323133642587,0.0027788482132664605,0.003006799337686772,0.0032347504621070833,0.006363330153257074,0.006363330153257074,0.008977646529487848,0.007931919978995538,0.011591962905718622,0.0012534232059762118,0.0037619209978521084,0.004259959678581504,0.0047579983593109
2023-07-04,0.0014874727946458943,0.0019398033302684414,0.001660827505760687,0.0013818516812529325,0.001356777301658063,0.0013567773016582851,0.0015696542479770592,0.0014845034694495496,0.0017825311942958333,0.0012847976320191634,0.0024549052320659293,0.002370496378279907,0.002286087524493885
2023-07-05,-0.002042237320183715,-0.006176914340418893,-0.007228291576833135,-0.008279668813247376,-0.0023519695002730545,-0.0023519695002731655,-0.004607606509160478,-0.003705351705605553,-0.00686324351804779,-0.0014805565905741114,-0.0037223180147700763,-0.004386411532637524,-0.005050505050504972
2023-07-06,-0.004743965727917354,-0.0076067921139552075,-0.00820970403471416,-0.008812615955473113,-0.0034850211420984767,-0.0034850211420985877,-0.005325822575144523,-0.004589502001926149,-0.007166624008190459,-0.0013344766997898105,-0.004670281792513387,-0.005200705003019446,-0.005731128213525505
2023-07-07,-0.005374083277775998,-0.007945529376620075,-0.00841824901212851,-0.008890968647636943,-0.0015171715468567104,-0.0015171715468565994,-0.0021764769825028396,-0.0019127548082443434,-0.00283578241814908,-0.0007588636511732805,-0.002090908245265921,-0.002362977179286463,-0.0026350461133070047
2023-07-10,0.008785943111206507,0.012060862409611017,0.012404368881859362,0.012747875354107707,0.003270738312644683,0.003270738312644461,0.003703621483106101,0.003530468214921445,0.004136504653567741,0.0021627529368448695,0.0033656615574879645,0.003416648480197071,0.0034676354029061773
2023-07-11,0.004051977368449089,0.006889591663445271,0.007174399561326372,0.007459207459207473,0.004030172024042322,0.004030172024042322,0.005362150893586604,0.004829359345768891,0.006694129763130885,0.00271819933297035,0.007185590736540348,0.007706667344574258,0.008227743952608169
2023-07-12,-0.004453103566177785,-0.008784226321985056,-0.009482349162843573,-0.01018047200370209,-0.0017129787297768262,-0.0017129787297768262,-0.003286156884070024,-0.002656885622352745,-0.004859335038363222,-0.0026779722000196404,-0.008326101733045377,-0.009141017244848115,-0.009955932756650854
2023-07-13,0.009644954546055073,0.018004000479578286,0.01905342613974248,0.020102851799906674,0.006863672243669239,0.006863672243669461,0.011527441364702962,0.009661933716289562,0.016191210485736462,0.004629023317263448,0.012248293655474418,0.013047984612109209,0.013847675568744
2023-07-14,-0.0019382529377164337,-0.00467339401735456,-0.005315615432141985,-0.00595783684692941,0.00033066971669626355,0.00033066971669626355,-8.7573588794021e-05,7.972373340209282e-05,-0.0005058168942843055,-0.0015905563585769666,-0.0031226034120459545,-0.003512521218218101,-0.0039024390243902474
2023-07-17,-0.0012946780386561274,-0.006444580440436165,-0.00714114683617012,-0.007837713231904075,-0.001220530746014803,-0.001220530746015136,-0.004152775494465077,-0.0029798775950851016,-0.007085020242915019,9.854166546907628e-05,-0.0016151358129368187,-0.0020318578183196045,-0.0024485798237023904
2023-07-18,-0.00037038754366336413,-0.0019459147361785556,-0.002134667405264079,-0.0023234200743496025,-0.00012729398560007432,-0.0001272939855999633,-0.0008281729866837506,-0.0005478213862502358,-0.001529051987767538,0.0005090817724915375,-0.0009150901719231497,-0.0011939221109983356,-0.0014727540500735214
2023-07-19,-0.005882080905151299,-0.009841386786949347,-0.010044121432598974,-0.0102468560782486,7.638611485316638e-05,7.638611485294433e-05,-0.00021703920393140175,-9.966907641766336e-05,-0.0005104645227157478,-0.0007714409285524138,-0.001292113178319676,-0.001383519716003534,-0.001474926253687392
2023-07-20,-0.006802087691163083,-0.01017361747043577,-0.010263279323453112,-0.010352941176470454,-0.002367788694259798,-0.002367788694259687,-0.004758970955914321,-0.0038024980512524676,-0.007150153217568955,-0.002332535836045868,-0.010153754870834142,-0.010492928641719357,-0.010832102412604572
2023-07-21,0.0030490667311002806,0.003505002763860343,0.003416790492724142,0.003328578221587941,0.001020820827480673,0.001020820827480895,0.0007676120598310021,0.0008688955668909593,0.0005144032921811093,0.000642123816290141,0.0006287106856246449,0.0005632353826331427,0.0004977600796416404
2023-07-24,-0.006921386633404136,-0.009392694121794776,-0.009435683553788377,-0.009478672985781977,-0.0012237357780071623,-0.0012237357780073843,-0.0027969578632967562,-0.0021676690291810075,-0.004370179948586128,0.0012011527775832587,-0.0016038583872411971,-0.0016311165899722257,-0.0016583747927032544
2023-07-25,0.020014129033256056,0.021917620764124734,0.021963595071057607,0.02200956937799048,0.00964872674393602,0.009648726743936242,0.019283439023917492,0.015429554111924993,0.028918151303898743,0.004174339480623734,0.016047787628646448,0.016163428698044213,0.016279069767441978
2023-07-26,0.0010971934479127032,-0.0005318503661395635,-0.0005000075800736248,-0.00046816479400768607,-0.001003791656982611,-0.001003791656982722,-0.001631130458353336,-0.0013801949378050905,-0.0022584692597239497,-0.0006387241035233915,-0.0015872753309315035,-0.0016926242623928611,-0.0017979731938542187
2023-07-27,0.0007966287608054401,-0.0016863720015777295,-0.0022483382256131557,-0.002810304449648582,0.0010818913776027284,0.0010818913776025063,3.792758014936615e-05,0.00045551309913062217,-0.001006036217303774,-0.004782105257313929,-0.006484508419323576,-0.006680931137777069,-0.006877353856230561
2023-07-28,0.007913123271126032,0.012903768899974466,0.01443685391922156,0.015969938938468653,0.009424902502525256,0.009424902502525256,0.016797043396277744,0.01384818703877675,0.024169184290030232,0.011041818988779095,0.014174432511348645,0.014671717492277803,0.01516900247320696
2023-07-31,0.0027873363412562746,0.006114903766933244,0.007449499964835127,0.00878409616273701,-0.00019918726615730797,-0.00019918726615730797,0.001866974705171054,0.0010405099166397092,0.003933136676499416,0.0029459648362799573,0.0053955119059363454,0.005864882800458826,0.006334253694981307
2023-08-01,-0.002408976866988821,-0.004512260756366238,-0.005464196372683527,-0.006416131989000817,-0.00047316400536812075,-0.00047316400536800973,-0.0024403038440160008,-0.0016534479085568046,-0.004407443682663992,0.001168433351417475,0.001002188278105276,0.0009045802591300944,0.0008069722401549129
2023-08-02,-0.00023219173557631478,-0.0006475305059714387,-0.0012462744780779578,-0.0018450184501844769,-0.0022174490316849704,-0.0022174490316849704,-0.004674882902463207,-0.0036919093541519124,-0.007132316773241443,-0.001604720848839447,-0.0031004435685116905,-0.0033241292185405835,-0.0035478148685694766
2023-08-03,0.005666794130826824,0.008145658065730865,0.009387061934898577,0.01062846580406629,0.004120137208060148,0.004120137208060148,0.0065188251063833524,0.0055593499470540705,0.008917513004706557,0.002581421399785233,0.003434053529410841,0.0034163308592191077,0.0033986081890273745
2023-08-04,0.0014779967278539807,0.005279442498217657,0.006526323901143605,0.007773205304069553,0.0020889177690064376,0.0020889177690064376,0.0036224112537641684,0.003009013859861076,0.005155904738521899,0.004469420443935501,0.00615045633722433,0.006381679781515381,0.006612903225806432
2023-08-07,-0.001014623140717541,-0.00506904796840113,-0.006844868811786808,-0.008620689655172487,-0.0030523962427236873,-0.0030523962427237983,-0.0053122264555094945,-0.004408294370395216,-0.007572056668295191,-0.004401169111731162,-0.00582406295199156,-0.006196761487211877,-0.006569460022432194
2023-08-08,-0.0012926500954310027,-0.002432687647541676,-0.003047007439331506,-0.0036613272311213363,-0.0006471974731419028,-0.0006471974731419028,-0.002169525391751803,-0.0015605942243078434,-0.0036918533103617035,-0.0014897344423672187,-0.00317923341516968,-0.003283165094681628,-0.0033870967741935765
2023-08-09,-0.00041603245792798393,-0.0010122573785857902,-0.0011951502786360368,-0.0013780431786862835,-0.0008966999201188708,-0.0008966999201188708,-0.0014364922525495483,-0.0012205753195772772,-0.0019762845849802257,-0.004638040432458079,-0.006475884623243666,-0.006636550500649263,-0.00679721637805486
2023-08-10,0.004439526538368321,0.004513715546475394,0.0045567657769175485,0.004599816007359703,0.0016703559927508937,0.0016703559927508937,0.0014539898775635107,0.001540536323638464,0.0012376237623761277,0.00011404742870868567,-0.00021183808928038061,-0.0002688651094926997,-0.0003258921297050188
2023-08-11,-0.012200777373681526,-0.021091626472980574,-0.02313738832806539,-0.025183150183150205,-0.010627651157181894,-0.010627651157182005,-0.017056718038417906,-0.014485091285923547,-0.023485784919653807,-0.016290631910842235,-0.01921615588771508,-0.01946952863660406,-0.01972290138549304
2023-08-14,-0.003262653765667478,-0.006932213212582972,-0.00722373929769593,-0.007515265382808889,-0.003345810102384328,-0.003345810102384328,-0.005090626570179502,-0.0043926999830614325,-0.0068354430379746756,0.0018216452626382829,0.0012463518657712669,0.0012051513236405187,0.0011639507815097705
2023-08-15,-0.005611428890745507,-0.007735264168468703,-0.007890348601035102,-0.008045433033601501,-5.048183650901983e-05,-5.0481836508908806e-05,-0.0005350548361743868,-0.0003412256363081956,-0.0010196278358398647,-0.004926029142950261,-0.005344343078410807,-0.005412580109210363,-0.005480817140009919
2023-08-16,-0.005219862611805515,-0.00636954694886116,-0.00652446813091917,-0.00667938931297718,-0.006310548131686522,-0.006310548131686633,-0.006982781082939538,-0.006713887902438376,-0.007655014034192442,-0.006960482880094321,-0.007225261958713869,-0.007203145341414419,-0.007181028724114968
2023-08-17,0.005152707458224937,0.0056927985094243905,0.005728243635115704,0.0057636887608070175,0.002921287063194722,0.002921287063194722,0.003132024349288276,0.0030477294348508544,0.00334276163538183,0.005771356616591783,0.006034057328889508,0.0060447830799199576,0.006055508830950407
2023-08-18,-0.01166349271519651,-0.013651972593498485,-0.013750532619576372,-0.01384909264565426,-0.011017899400752929,-0.011017899400752929,-0.011915920484589726,-0.011556712051055008,-0.012813941568426523,-0.015119012827260025,-0.015470818352660953,-0.015510028805155063,-0.015549239257649172
2023-08-21,-0.013561788400173969,-0.014274964658611444,-0.014401404847465493,-0.014527845036319542,-0.012574844011749131,-0.012574844011749131,-0.013037162400474755,-0.012852235044984506,-0.01349948078920038,-0.012885472150297894,-0.013066655231363522,-0.013072050441768734,-0.013077445652173947
2023-08-22,0.0015919013706147123,0.001516663508581706,0.0014954324913915018,0.0014742014742012977,0.006121092324487432,0.006121092324487432,0.0060868619517173705,0.006100554100825395,0.0060526315789473095,0.004670580932844448,0.004676864512421552,0.004661612431739903,0.004646360351058254
2023-08-23,-0.02488232961603154,-0.025118965194341758,-0.025071749525531928,-0.025024533856722098,-0.014577774903024476,-0.014577774903024254,-0.014482191139715106,-0.014520424645038766,-0.014386607376405958,-0.01757444886553272,-0.017253937333731373,-0.01719154557676633,-0.01712915381980129
2023-08-24,0.010774595758816785,0.01147757492031043,0.012532949513501923,0.013588324106693417,0.003558076443865188,0.003558076443865188,0.004831055207070611,0.004321863701788442,0.006104033970276035,0.0023017706405525917,0.002597182969849232,0.002692805496775308,0.0027884280237013837
2023-08-25,-0.008567642584252022,-0.010003571673239398,-0.01071181562807938,-0.011420059582919362,-0.002116693385731505,-0.002116693385731394,-0.0019815859437229966,-0.0020356289205263555,-0.001846478501714599,-0.00821167241912868,-0.010796460450852807,-0.011307163141658583,-0.011817865832464358
2023-08-28,0.004421325378699104,0.006334260908759992,0.00793860207668029,0.009542943244600588,0.007954437301315842,0.00795443730131562,0.010980389898015197,0.009770008859335367,0.014006342494714774,0.005297580535327917,0.007961636371820235,0.009520740802864025,0.011079845233907815
2023-08-29,0.018107664974583937,0.021480856797443604,0.02491953287633386,0.028358208955224118,0.0023938046126956714,0.0023938046126956714,0.00406372534518018,0.003395757052186377,0.005733646077664689,0.011970164069420308,0.01851759793416141,0.020130254872455566,0.02174291181074972
2023-08-30,0.0011300248890435682,0.001467148814151109,0.0004916779387639236,-0.00048379293662326184,0.0014171071628377163,0.0014171071628377163,0.0005789863360184944,0.0009142346667461831,-0.0002591344908007276,8.621409691511595e-05,0.0009415736273512554,0.0005559076853133282,0.0001702417432754011
2023-08-31,-0.0016685860313632173,-0.003027665513378186,-0.0049020224953144065,-0.006776379477250627,-0.0005503173713039544,-0.0005503173713038434,-0.0027375744451128003,-0.0018626716155892178,-0.004924831518921757,0.000568963986924631,-0.002035306548208826,-0.00348573838048738,-0.0049361702127659335
2023-09-01,-0.00014747425271632864,-0.00014694484403265928,-0.000804466574063134,-0.0014619883040936088,0.0032250622682830077,0.0032250622682832297,0.004608102897621702,0.004054886645886313,0.005991143526960174,0.0009305025561592295,0.0016452766139303243,0.0013358097062124985,0.0010263427984946727
2023-09-04,0.00511319482540773,0.006417534546360404,0.007601153803194927,0.00878477306002945,0.005410095921131175,0.005410095921131397,0.010214110622398964,0.008292504741891938,0.015018125323666531,0.0048719892569710765,0.010882053579023054,0.012618060282334476,0.014354066985645897
2023-09-05,-0.0011739653232167857,-0.0024338215327835977,-0.0036358754495074974,-0.004837929366231397,-0.0014297301227121917,-0.0014297301227123027,-0.004158742612376587,-0.0030671376165108733,-0.006887755102040871,-0.0010964507273204527,-0.004028377993404608,-0.005636156651688817,-0.007243935309973026
2023-09-06,-0.0006856179969630949,-0.0013174701148374046,-0.0026033145421051618,-0.003889158969372919,-0.0003904846848197252,-0.00039048468481950316,-0.001479598879784494,-0.0010439532017984976,-0.0025687130747494846,0.0003258661058020973,-0.00015294976105073577,-0.00024616773645613765,-0.00033938571186153954
2023-09-07,-0.012692635242968708,-0.016514531431807034,-0.019482253514829795,-0.022449975597852556,-0.003958457189747744,-0.003958457189747855,-0.008803848733941633,-0.006865692116264122,-0.01364924027813541,-0.004114862547474285,-0.010249201603342084,-0.012084369941036177,-0.01391953827873027
2023-09-08,-0.0016379988736523465,-0.002185920106061001,-0.002341087861318092,-0.0024962556165751826,-0.002300846174092097,-0.002300846174092097,-0.0038919374473593282,-0.003255500938052436,-0.005483028720626559,0.0004992669727872379,-0.00015455724663915316,-0.0002494252922815021,-0.0003442933379238511
2023-09-11,0.00616500312675039,0.0066219152983844065,0.006564210902445522,0.006506506506506637,0.004900573585931989,0.004900573585931767,0.006125792174955902,0.0056357047393462475,0.007351010763980037,0.005661271240005483,0.010408463310450422,0.010973131259151447,0.011537799207852473
2023-09-12,-0.0033600931813135837,-0.004500979049500642,-0.005482712299489267,-0.006464445549477893,0.0002086278109449946,0.00020862781094521665,-0.0005472367851711568,-0.00024489094672460756,-0.0013031013812875303,-0.0002224383638691485,0.0008159400553320317,0.000578211770941528,0.00034048348655102423
2023-09-13,-0.009568887412073956,-0.011079741420696454,-0.011545876716354264,-0.012012012012012074,-0.001407943987607907,-0.001407943987608129,-0.003965976169169383,-0.0029427632965448817,-0.006524008350730637,-0.0018141317301976212,-0.007660186516879608,-0.008850515314260121,-0.010040844111640634
2023-09-14,-0.005406343262549851,-0.006380683590768488,-0.006736441086164391,-0.007092198581560294,2.220446049250313e-16,2.220446049250313e-16,-0.0003940110323087942,-0.00023640661938518776,-0.0007880220646178104,0.0,-0.00034232008567725014,-0.000600934840844447,-0.0008595495960116439
2023-09-15,-0.0026172036648504093,-0.0029327257736816437,-0.0029969751317387994,-0.003061224489795955,-0.001723246664078304,-0.001723246664078304,-0.003096113342554385,-0.002546966671163953,-0.004468980021030466,5.143666373808031e-05,-6.848746176946197e-05,5.1785174827567726e-05,0.00017205781142459742
2023-09-18,0.007468510890956237,0.007353379880904232,0.007259085027453094,0.007164790174001956,0.002563177184709886,0.002563177184709664,0.002997986796738239,0.002824062951926809,0.003432796408766814,0.001148693071886031,0.0022259949602450035,0.0021451667558837206,0.0020643385515224377
2023-09-19,-0.007162701618780631,-0.007752787372481529,-0.00794143433664729,-0.008130081300813052,0.0005739360233778523,0.0005739360233778523,-0.0003709267251531534,7.0183742592487205e-06,-0.001315789473684159,-0.0002911250228531115,-0.00328032134711298,-0.0037860834203376492,-0.0042918454935623185
2023-09-20,-0.007567527316503453,-0.00811777944130243,-0.008157250376388925,-0.008196721311475419,-0.002972326196061137,-0.002972326196061248,-0.003857704600006895,-0.003503553238428636,-0.004743083003952542,-0.00226115845725694,-0.006667940717584808,-0.006868453117413076,-0.0070689655172413435
2023-09-21,-0.009506121891663222,-0.009565303748138687,-0.009689676667457736,-0.009814049586776785,-0.005256303847939958,-0.005256303847939958,-0.007261458781264163,-0.006459396807934481,-0.009266613714588368,-0.003193398606400888,-0.007748078592988872,-0.007867788211236626,-0.00798749782948438
2023-09-22,0.022889949536386123,0.023756865831060292,0.024137170526380425,0.024517475221700558,0.011935182442736503,0.011935182442736503,0.015988970163110627,0.014367455074960978,0.020042757883484752,0.0071823296914614865,0.016451930424473016,0.01680289502144361,0.017153859618414202
2023-09-25,-0.004064115893733677,-0.004893349325337137,-0.005247081994644076,-0.005600814663951015,-0.0009871976442554775,-0.0009871976442554775,-0.004161400760823053,-0.0028917195141960235,-0.0073356038773906285,0.0012654730587968732,-0.004961772876352133,-0.005320328874933944,-0.005678884873515755
2023-09-26,-0.00740571541881041,-0.007604245267631149,-0.0076423684095452415,-0.007680491551459334,-0.0019503417759424435,-0.0019503417759426656,-0.003746350618771044,-0.003027947081639693,-0.005542359461599422,0.0009393655586502625,-0.0031294679280347015,-0.00320890149603531,-0.003288335064035919
2023-09-27,0.008820882823290077,0.009101127882999771,0.009194526789797153,0.009287925696594534,0.0030559053570711203,0.0030559053570711203,0.002854916585117384,0.0029353120938988785,0.002653927813163648,0.0020154000316445764,0.0042373217340945235,0.004289176581581011,0.004341031429067499
2023-09-28,-0.00035800295925247916,-0.0009715588669688691,-0.0012526505991286019,-0.0015337423312883347,7.94415712999097e-05,7.944157130013174e-05,-0.001813111400691958,-0.001056090211895122,-0.0037056643726840477,0.0025774707485397563,0.0016772515939813548,0.0015301887292175076,0.0013831258644536604
2023-10-09,0.0035301501168198968,0.0012284257409345134,-0.0009218854398245768,-0.003072196620583667,0.0023036225643116026,0.0023036225643116026,-0.00017656278798233727,0.0008155113529352384,-0.002656748140276277,0.0012077792822009492,-0.0023821974449137473,-0.003953529661683386,-0.0055248618784530246
2023-10-10,-0.0030079157636759835,-0.003629634080996258,-0.004126065114458122,-0.0046224961479199855,-0.0039890521915570964,-0.0039890521915570964,-0.005590690187414149,-0.004950034989071328,-0.007192328183271202,-0.0013614208939625172,-0.004152844974798953,-0.004506978042955023,-0.004861111111111094
2023-10-11,0.007414637957802173,0.008004022329067384,0.008129978140797856,0.008255933952528327,0.002174916116867154,0.002174916116867154,0.0021607073205747174,0.0021663908390916918,0.002146498524282281,0.0009318601510188707,-0.0005212703769152949,-0.0006967831298393401,-0.0008722958827633853
2023-10-12,0.005735775365920848,0.0066170555472035986,0.006890922860602777,0.007164790174001956,0.0074368915899833965,0.0074368915899831745,0.00853772290342536,0.008097390378048486,0.009638554216867545,0.004379113322479089,0.0073363608628653765,0.00742232745430671,0.007508294045748043
2023-10-13,-0.008277013054111104,-0.01036599522744519,-0.011026493548681904,-0.011686991869918617,-0.005989659404716741,-0.005989659404716852,-0.007635508567380933,-0.006977168902315301,-0.009281357730045015,-0.002145679281249646,-0.004884050652817273,-0.005041678705957953,-0.005199306759098632
2023-10-16,-0.0175573314301527,-0.019211902713888063,-0.0196316582978181,-0.020051413881748137,-0.009197199817372326,-0.009197199817371993,-0.010353417895838046,-0.009890930664451625,-0.0115096359743041,-0.0060896301176729395,-0.009746672027451941,-0.009838492808151078,-0.009930313588850215
2023-10-17,0.0035224197614793784,0.0033341667882031967,0.003241060309106869,0.0031479538300105414,0.0032542355375939636,0.0032542355375937415,0.0032518131384150495,0.0032527820980865264,0.0032493907392363575,0.00244039172302557,0.0019615155208332347,0.0019485564582875092,0.0019355973957417838
2023-10-18,-0.01259490636177496,-0.012928885599378881,-0.013002099703455117,-0.013075313807531352,-0.006593709837444228,-0.006593709837444339,-0.007075532381610183,-0.006882803363943845,-0.0075573549257760275,-0.009340693857645022,-0.011868407778984347,-0.011905401641511826,-0.011942395504039305
2023-10-19,-0.010350824466693331,-0.010520667575284026,-0.01055975085176497,-0.010598834128245915,-0.020260358452845573,-0.020260358452845573,-0.0206006714755389,-0.020464546266461568,-0.02094098449823223,-0.01054418274431601,-0.011444904715154025,-0.011499203157434856,-0.011553501599715688
2023-10-20,-0.008768727506034968,-0.008984486901136401,-0.009045001886561765,-0.00910551687198713,-0.0046986058130197295,-0.0046986058130196184,-0.004849302906509867,-0.004789024069113768,-0.0050000000000001155,-0.006517227290741334,-0.006817607543330384,-0.006825455453017493,-0.006833303362704601
2023-10-23,-0.01849196087314242,-0.01872197018641597,-0.01882044455266746,-0.018918918918918948,-0.010347306235952258,-0.01034730623595237,-0.010477952392124679,-0.010425693929655755,-0.010608598548296988,-0.025654841377507287,-0.026430667054364254,-0.0265233183180566,-0.026615969581748944
2023-10-24,0.009338735538465981,0.009402914646600369,0.009384652915586766,0.009366391184573164,0.0015808038934146396,0.0015808038934146396,0.001495819553930744,0.0015298132897243022,0.0014108352144468483,0.011700352445367823,0.011862306857447713,0.011883534381104788,0.011904761904761862
2023-10-25,-0.00947798039567671,-0.009347740786195935,-0.009313608384364402,-0.00927947598253287,0.0052326271541112135,0.0052326271541112135,0.005434008702443038,0.005353456083110308,0.005635390250774863,0.004538627346158064,0.004886472839741973,0.0049248540669297736,0.004963235294117574
2023-10-26,0.00611809207463998,0.00699862176747712,0.00735606019503332,0.007713498622589521,0.0024385322401569987,0.0024385322401569987,0.0030405045622191595,0.0027997156333942953,0.0036424768842813204,0.0028544378329238285,0.004371988501377544,0.004380982361169794,0.004389976220962044
2023-10-27,0.015120047424357574,0.020466874582385497,0.02444885555253773,0.028430836522689962,0.0074935272561256205,0.0074935272561256205,0.011284452070273954,0.00976808214461462,0.015075376884422287,0.008356483651525082,0.01641010308304014,0.017675093428243804,0.01894008377344747
2023-10-30,0.00825692039211634,0.013406673198397723,0.018665059087237146,0.02392344497607657,0.0023867541362103672,0.0023867541362103672,0.0033935970901073365,0.002990859908548549,0.004400440044004306,0.0035103120482851136,0.00670176426004887,0.0073723298512040625,0.008042895442359255
2023-10-31,-0.0025156679277654748,-0.002381276184116099,-0.003786692089981225,-0.005192107995846351,-0.00019380811318969737,-0.00019380811318969737,-0.001192194308511585,-0.00079283983038283,-0.0021905805038334725,0.000522901819485444,-0.0008543935331807306,-0.0015796790360939061,-0.0023049645390070816
2023-11-01,0.00026829919932525037,-0.0008486969584290405,-0.002512031151448324,-0.0041753653444676075,0.0007753827282224179,0.0007753827282221959,0.0001132676539025157,0.00037811368363038767,-0.0005488474204171645,-0.000810975314596063,-0.0014073918231658489,-0.0017699834537900916,-0.0021325750844143343
2023-11-02,-0.002038526979716737,-0.0042470892839037155,-0.006840525774027328,-0.009433962264150941,-0.0013281976725606492,-0.0013281976725606492,-0.002997981318432985,-0.0023300678600840508,-0.004667764964305321,-0.0032284978167598233,-0.007403680722923189,-0.00824324730714282,-0.009082813891362451
2023-11-03,0.0036553418978353402,0.006930956477325445,0.01087288564607014,0.014814814814814836,0.0032694951475567002,0.0032694951475569223,0.005496816539295679,0.004605887982600176,0.007724137931034436,0.002768492070405637,0.006632133977805488,0.0070004667013399136,0.007368799424874339
2023-11-06,0.0028921995289892255,0.008206950704818361,0.02052683301664282,0.03284671532846728,0.002899815596583588,0.002899815596583366,0.008019850311294707,0.005971836425410171,0.013139885026006048,0.0035187287132698586,0.012337699328499596,0.014643425935436216,0.016949152542372836
2023-11-07,-0.001495334210133148,-0.0022057166924962512,-0.00463642725084179,-0.007067137809187329,0.00016522462742463162,0.00016522462742463162,-0.001403472528222316,-0.0007759936659635369,-0.0029721696838692635,0.0017621860831822378,0.0019048223585158564,0.0017418848634683792,0.0015789473684209021
2023-11-08,0.002888177624635224,0.003000090002700073,0.0025168218188386104,0.0020335536349771477,0.0005506577758562781,0.000550657775856056,-0.0012151860172210371,-0.0005088484999902,-0.0029810298102981303,0.00030514761408140245,0.0001056222726953937,-0.0002975129133983012,-0.0007006480994919961
2023-11-09,-0.0010132841012363558,-0.0007346601645743522,-0.0013820434257676428,-0.0020294266869609334,8.255320781258568e-05,8.255320781280773e-05,0.0004489960928979464,0.00030241893886389097,0.0008154389779830851,-0.0004486095991476091,-0.001196926001836518,-0.0016501720280874266,-0.002103418054338335
2023-11-10,0.000640618034113194,0.0003150858372589216,-0.0028927875338362052,-0.006100660904931332,-0.0008254639334309699,-0.0008254639334308589,-0.0040792175723645685,-0.002777716116791085,-0.007332971211298278,0.00023338168882269805,-0.001973769989058294,-0.0027434281176627606,-0.0035130862462672274
2023-11-13,-0.0002134026351279239,0.0005249776490765523,0.0010297522516482527,0.001534526854219953,-0.0006609167096511825,-0.0006609167096514046,-0.0010144528828694432,-0.0008730384135822278,-0.001367989056087482,0.00043075797141867156,0.004290845099688356,0.004877662987002651,0.005464480874316946
2023-11-14,-0.000320172278299391,0.0003148213152921464,-0.001119402416919768,-0.0025536261491316825,0.0006889102181615314,0.0006889102181615314,0.0003444551090807657,0.00048223715271307195,0.0,0.0009867286432718725,0.0034637240531574243,0.0038356488428480384,0.004207573632538653
2023-11-15,0.0012810992856748804,0.0017834259928042329,0.003451876846888524,0.005120327700972815,0.0026160566008903707,0.0026160566008905928,0.004732685834691885,0.0038860341411713684,0.006849315068493178,-8.961417905639646e-05,0.00460819799650114,0.005533847601602471,0.0064594972067038015
2023-11-16,0.00015993252127066704,-0.002932178194752222,-0.011145151756571214,-0.019358125318390207,-0.0006866396593893098,-0.0006866396593893098,-0.0052412790133681275,-0.003419423271776601,-0.009795918367346945,-0.0006811287996278947,-0.005668420048518197,-0.007864565618361408,-0.010060711188204619
2023-11-17,0.00010660463129963382,0.0025732010042838205,0.0036242628398042154,0.00467532467532461,8.245337488399507e-05,8.245337488399507e-05,-0.0006457752361633817,-0.00035448379174443114,-0.0013740038472107585,0.0005919097559319297,0.0034730626846333212,0.0034011537358684674,0.0033292447871036135
2023-11-20,0.00026648316990907084,0.002199939973066556,0.0031682223133171483,0.004136504653567741,0.0019512356529558517,0.0019512356529560737,0.002489101590924969,0.002273955215737411,0.0030269675288938647,-0.0006453377520323489,0.004492362943665951,0.005040453214759988,0.005588543485854025
2023-11-21,0.00015984730532880853,5.226454430795613e-05,-0.0028059995507090374,-0.005664263645726031,0.00194743574689471,0.00194743574689471,0.00165958892968876,0.0017747276565711402,0.00137174211248281,0.0005560663593089377,-0.00010441101654234952,-0.0015284125245963454,-0.002952414032650341
2023-11-22,-0.0003236176935228485,-0.0005831913247777987,-0.008577457909929032,-0.016571724495080264,-0.0016120743169205642,-0.0013136891430945985,-0.005999310324971918,-0.004125061852220991,-0.010684931506849238,-0.0017122042150529149,-0.011083748309092534,-0.011899651545244694,-0.012715554781396854
2023-11-23,0.005531015842962894,0.005688143278641089,0.00600362930124787,0.006319115323854652,0.002770750193221705,0.004099485085283794,0.004680592722647425,0.004448149667701973,0.005261700360011057,0.005258861687093441,0.008345515786751578,0.008671699318922754,0.00899788285109393
2023-11-24,-0.008329467857801531,-0.009740839467116458,-0.010888211465635733,-0.012035583464155009,-0.0028459871794908054,-0.004717229016916957,-0.005802140679257384,-0.005368176014321213,-0.00688705234159781,-0.0040200648281975004,-0.007051600779868661,-0.007547482502191727,-0.008043364224514793
2023-11-27,-0.003961995587446254,-0.004601016872325392,-0.004948813520908479,-0.005296610169491567,-0.0027709805240664354,-0.0048781711403792505,-0.005767795695016231,-0.005411945873161439,-0.006657420249653212,-0.0017801982049768794,-0.0022732421564687355,-0.0023705361143704917,-0.002467830072272248
2023-11-28,0.005409747394232056,0.005950526630904562,0.006170151494366061,0.006389776357827559,0.0011114720771050468,0.0010305518229001276,0.0010737791228435656,0.0010564882028661904,0.0011170064227870036,0.004043489191801974,0.004556843120820053,0.004575647218653556,0.004594451316487058
2023-11-29,-0.00986450573854425,-0.010985607876596415,-0.011577460022954289,-0.012169312169312163,-0.004135636842345969,-0.005898704497024898,-0.006715042625081491,-0.0063885073738588535,-0.007531380753138084,-0.003411693514452474,-0.004711993133711734,-0.004906568246715148,-0.005101143359718563
2023-11-30,0.0038359380995736103,0.003898351603385475,0.0038238410400430745,0.003749330476700674,0.000836136515841801,0.0010915779304772055,0.001107902512175074,0.0011013726794959267,0.0011242270938729426,-0.0019410877914216584,-0.003162089186319328,-0.003260676842098853,-0.003359264497878378
2023-12-01,0.003237473254025902,0.0033512664209727205,0.0035432959639548622,0.003735325506937004,-0.0015594842212011129,-0.003131369768777592,-0.0035308729809637174,-0.003371071696089267,-0.003930376193149843,0.0039604481710335815,0.004483498810473163,0.004636640304651163,0.0047897817988291624
2023-12-04,-0.009945587847591808,-0.011080559457977146,-0.011654049000652533,-0.01222753854332792,-0.004797325747497139,-0.005833668371939549,-0.0062990213336586165,-0.006112880148970989,-0.006764374295377684,-0.001532141812474852,-0.0019759309033899886,-0.002047287485593241,-0.0021186440677964935
2023-12-05,-0.01635064809079878,-0.017638042545049415,-0.018237751089532295,-0.018837459634015175,-0.014545430697979977,-0.017349799750868145,-0.01803925855874844,-0.017763475035596322,-0.018728717366628733,-0.012505235023854144,-0.014937207867103841,-0.015164994591725989,-0.015392781316348136
2023-12-06,0.0061926721187350875,0.00600310081986799,0.006018555346851251,0.006034009873834512,0.0019338889538496051,0.0017512584299048672,0.001598590464229499,0.0016596576504996463,0.0014459224985541308,0.002125483718343313,0.0022610977909720553,0.002208716011388945,0.0021563342318058343
2023-12-07,-0.002483418524936387,-0.002549655420850949,-0.002637968386543288,-0.0027262813522356266,-0.0022140027527718376,-0.0025793068800573637,-0.0025891047827950597,-0.0025851856216999813,-0.0025989026855327557,0.0007129329812431973,0.0008415226015783261,0.0008690309798280449,0.0008965393580777636
2023-12-08,0.007306438441673002,0.007614131687005754,0.007634293836941919,0.007654455986878084,0.0019344390994975313,0.0020975146032269354,0.002062075193912216,0.0020762509576381038,0.002026635784597497,0.0019947901957595437,0.002182541159148288,0.002166154133855791,0.002149767108563294
2023-12-11,0.01165923578437611,0.012576332739754115,0.0130705863373215,0.013564839934888884,0.0058772909385504946,0.006394064473101091,0.006664238246374299,0.006556168737065016,0.006934412019647507,0.008709832817336283,0.010692582296825126,0.01088794291816586,0.011083303539506595
2023-12-12,-0.004886117740194984,-0.005650360942125232,-0.006037171905752148,-0.0064239828693790635,0.0025686399518607406,0.0026211502034452216,0.0024583512853667555,0.002523470852598142,0.0022955523672882894,0.0017093036454662869,0.0019604676467732673,0.0018642507965125343,0.0017680339462518013
2023-12-13,-0.016544932875472873,-0.017529880606234838,-0.017924423061738137,-0.018318965517241437,-0.014218019419477756,-0.01594153293610201,-0.016273085391612374,-0.01614046440940823,-0.01660463784712274,-0.007581987207358143,-0.010082822987369844,-0.010247906375435711,-0.010412989763501579
2023-12-14,-0.004992713216463551,-0.005347341622313095,-0.005417907913242148,-0.005488474204171201,-0.004341206430120592,-0.00444699906252044,-0.004552466052366477,-0.004510279256428063,-0.004657933042212514,-0.002889340620652159,-0.003294268414568702,-0.003341444890359091,-0.00338862136614948
2023-12-15,-0.005072306409630967,-0.005321231353781264,-0.005419997575345392,-0.0055187637969095205,-0.0018645312754109744,-0.0019723811527960766,-0.002009881714157613,-0.0019948814896129986,-0.0020473822755191495,-0.006506521441108082,-0.007807315594064335,-0.007840665671047964,-0.007874015748031593
2023-12-18,-0.015458954570655048,-0.015828488891944326,-0.01596085931833624,-0.016093229744728155,-0.0036210737699373663,-0.004039747042083985,-0.004071456170514409,-0.00405877251914224,-0.004103165298944833,-0.010092107389577887,-0.010875800091558419,-0.010939343047222216,-0.011002886002886014
2023-12-19,0.004398699332447187,0.004539121299526938,0.004525623819532254,0.00451212633953757,0.0006922349710269948,0.0006711586635128608,0.000629870091026552,0.0006463855200210755,0.0005885815185402432,-0.0015184037173560094,-0.0016019764311401286,-0.0016217068002863932,-0.001641437169432658
2023-12-20,-0.014302460280945395,-0.01450418274132248,-0.014551361443653932,-0.014598540145985384,-0.008646951415676618,-0.008952500569008648,-0.00903507381391605,-0.00900204451595309,-0.009117647058823453,-0.010934648988851325,-0.011250061629186847,-0.011288165633738523,-0.011326269638290198
2023-12-21,0.017828164557558424,0.018114031052034463,0.018173824642826353,0.018233618233618243,0.008954969977081895,0.00912164582738395,0.00916159465604871,0.009145615124582807,0.00920154348471347,0.002562541783731165,0.002563291918896038,0.002575067984577406,0.002586844050258774
2023-12-22,-0.0035915859529094263,-0.0038363462504872325,-0.003876762940576539,-0.003917179630665846,0.001873074236545591,0.0017786800124042212,0.001771692947378667,0.0017744877733888887,0.0017647058823531125,-0.0027568198863039406,-0.002943008060310559,-0.002945886632440553,-0.002948765204570547
2023-12-25,0.001663630125779525,0.0017860268902534226,0.0017357100743401466,0.0016853932584268705,0.0027036893005392137,0.0027069432658164416,0.002674669518991535,0.0026875790177214977,0.002642395772166628,-0.0012815289181900003,-0.0012729184352240352,-0.001283409310033512,-0.0012939001848429887
2023-12-26,-0.012124329518349408,-0.012257043461275319,-0.012297899184367356,-0.012338754907459393,-0.005708334212411903,-0.005776639415346008,-0.0058165773943494314,-0.005800602202748062,-0.005856515373352855,-0.008578930343219104,-0.008663183266557128,-0.008681027132075525,-0.008698870997593922
2023-12-27,0.0007945772599555756,0.0009919102678861424,0.0010638143048686821,0.0011357183418512218,0.002738377769728517,0.0027737868498005636,0.0028596474749739142,0.002825303224904574,0.002945508100147265,0.0027625932917929585,0.002962781029074879,0.0029750424936263453,0.0029873039581778116
2023-12-28,0.019179189693988574,0.026096909113287436,0.03290097866328012,0.03970504821327281,0.01603850934216733,0.01603850934216733,0.02035405643319821,0.018627837596785858,0.02466960352422909,0.012921598573038429,0.01803864256999388,0.018606067375838364,0.01917349218168285
2023-12-29,0.0022826896185725865,0.0038149772523690118,0.004362480442878458,0.004909983633387904,0.0027754437067162296,0.0027754437067160076,0.002820797233123007,0.0028026558225602073,0.002866150759530006,0.004760808436740538,0.007149778216988256,0.007593153948676767,0.008036529680365279
2024-01-02,-0.004666078740745427,-0.009528735982602843,-0.014536354961985465,-0.019543973941368087,-0.0064869420451407755,-0.0064869420451407755,-0.009816777681615874,-0.008484843427025834,-0.013146613318090972,0.0006768929333751394,-0.002360288573238556,-0.0031732589813103784,-0.003986229389382201
2024-01-03,-0.005022806891826659,-0.0072292070419038845,-0.008874847153288623,-0.010520487264673362,-0.0018572223197260707,-0.0018572223197261817,-0.0023766273776447133,-0.0021688653544773007,-0.002896032435563245,-0.0007861272310357714,-0.0010373441906748049,-0.0011553830285737088,-0.0012734218664726127
2024-01-04,-0.012171681511630839,-0.01512384030602587,-0.016795272139582595,-0.01846670397313932,-0.006250715198111267,-0.006250715198111156,-0.007482023297574358,-0.006989500057789077,-0.00871333139703756,-0.004683881455717742,-0.007633308120340687,-0.007823940034669463,-0.00801457194899824
2024-01-05,-0.012151311308192247,-0.013592977401504447,-0.014208119259475127,-0.014823261117445807,-0.0037447634748878356,-0.0037447634748879466,-0.004362859323145674,-0.0041156209838425824,-0.004980955171403401,-0.00919125672512755,-0.01246511717733334,-0.01265929380717562,-0.0128534704370179
2024-01-08,-0.014255111779619467,-0.01556769457751539,-0.01617505099246136,-0.01678240740740733,-0.012010666646619428,-0.012010666646619317,-0.012925239094805474,-0.012559410115531012,-0.013839811542991631,-0.019721880665924285,-0.023088501218123003,-0.023263000609061557,-0.02343750000000011
2024-01-09,0.0048398567215812704,0.004802733997326891,0.004461402313554519,0.0041200706297821466,0.0033586905553384394,0.0033586905553384394,0.0028737316616644915,0.0030677152191340706,0.0023887727679905435,0.0026118296008301733,0.002302524684063556,0.00229411948488889,0.0022857142857142243
2024-01-10,-0.003946085332470428,-0.004371748166204559,-0.004530539968213676,-0.004689331770222793,-0.004384267541750586,-0.004384267541750586,-0.004575213901944708,-0.004498835357867059,-0.00476616026213883,-0.0022463627564380806,-0.002316220658444168,-0.002393382089009244,-0.0024705435195743197
2024-01-11,0.017711212619145877,0.019261608858958335,0.01964258299249444,0.020023557126030544,0.005266436458926549,0.005266436458926549,0.005476678271366886,0.005392581546390751,0.005686920083807223,0.010973308845196428,0.01191246182612593,0.011957373987934394,0.012002286149742858
2024-01-12,-0.007728299107845227,-0.009247766829449389,-0.009820188264609231,-0.010392609699769073,-0.002456634190949214,-0.002456634190949214,-0.0028652218573793076,-0.0027017867908072702,-0.003273809523809401,-0.0032001182733770728,-0.0037422889806458803,-0.0037536746108048913,-0.0037650602409639022
2024-01-15,-0.006980795542998575,-0.008522426606180855,-0.008928657877186108,-0.009334889148191361,-0.0004450633924559799,-0.0004450633924559799,-0.0008197248882256258,-0.0006698602899177675,-0.0011943863839952717,-0.0013329697392401307,-0.002284009567848133,-0.002370273869336026,-0.0024565381708239187
2024-01-16,0.0056936134157334894,0.005964351248012534,0.005926816377834321,0.005889281507656108,0.006382082389774668,0.006382082389774668,0.006479531478893241,0.006440551843245812,0.006576980568011814,-0.0009399640275766785,-0.0009270468783579844,-0.0009370979798116741,-0.0009471490812653638
2024-01-17,-0.028884590348341233,-0.030051834764781904,-0.03024839981798816,-0.030444964871194413,-0.021472985450518678,-0.021472985450518567,-0.02187400386277044,-0.02171359649786969,-0.022275022275022316,-0.02453732604301273,-0.025148175873843548,-0.02518311334458201,-0.02521805081532047
2024-01-18,0.015526224804982336,0.01594092652200718,0.01612263717404716,0.01630434782608714,-0.007686496098394779,-0.0076864960983948905,-0.007488448535224179,-0.007567667560492463,-0.007290400972053468,0.0008873538096654254,0.0009712696306460877,0.0009719215299699435,0.0009725734292937993
2024-01-19,-0.007497978474709677,-0.007904388283372588,-0.008111433595043405,-0.008318478906714222,0.002551635379566708,0.002551635379566708,0.0023468091218519227,0.002428739624937837,0.0021419828641371375,-0.007555093641241961,-0.007704397819705999,-0.007738712706976958,-0.0077730275942479166
2024-01-22,-0.027090405463692124,-0.027350657457779537,-0.027456035739075513,-0.02756141402037149,-0.020694421147650188,-0.020694421147650188,-0.02088156171886324,-0.020806705490378018,-0.02106870229007629,-0.04579216513144113,-0.046135482525809346,-0.0461778078512321,-0.046220133176654854
2024-01-23,0.011647468968594588,0.011614679818274132,0.011660697888188132,0.011706715958102132,0.00683764618640037,0.00683764618640037,0.006849889843044243,0.006844992380386694,0.006862133499688117,0.015915165249582586,0.016012954377575772,0.016014690741149362,0.016016427104722952
2024-01-24,0.004364913184892627,0.004596491700391114,0.004734299443374557,0.004872107186357999,0.01534554627543172,0.015443498286372703,0.015621377395974356,0.015550225752133695,0.01579925650557601,0.01338923973199102,0.01393959823587343,0.014043364194735397,0.014147130153597365
2024-01-25,0.011399524124440008,0.013519163019523717,0.014335339085519427,0.015151515151515138,0.007596909796764528,0.008480872292492725,0.012779624923312527,0.011060123870984605,0.01707837755413233,0.012961726484419511,0.02300235325634792,0.026248087748142135,0.02949382223993635
2024-01-26,-0.014388561237701492,-0.017705357018953816,-0.02019596209156649,-0.02268656716417916,-3.0279646158204443e-05,-3.0250186893066022e-05,-0.0009146753183340572,-0.0005609052657576609,-0.0017991004497750485,-0.0016339341588119671,-0.006332470688454439,-0.008683076226921771,-0.011033681765389103
2024-01-29,-0.028467297872224573,-0.03093391687204028,-0.03287685458751677,-0.03481979230299326,-0.0034822647499269666,-0.004356158687237821,-0.006683936958518322,-0.0057528256500061214,-0.009011715229798822,-0.010115422192532364,-0.015039870362984487,-0.016915120149196328,-0.01879036993540817
2024-01-30,-0.019909946311076787,-0.022307256506555406,-0.022546033316568848,-0.02278481012658229,-0.010422527122499914,-0.011424179890484054,-0.014199510375675517,-0.013089378181598933,-0.01697484086086698,-0.011573326971257125,-0.01779785223323238,-0.0190724748898059,-0.020347097546379422
2024-01-31,-0.006068768796613888,-0.005591581623209274,-0.0063579669774077585,-0.007124352331606243,-0.005158677701938119,-0.00544001967996266,-0.005957752670693595,-0.0057506594744012205,-0.006475485661424529,-0.021221007818308935,-0.02505230377823575,-0.02555812093819132,-0.026063938098146888
2024-02-01,0.009447958667301748,0.009436337811586704,0.009610536811859971,0.009784735812133238,-0.0015124163984828742,-0.0012052047415721523,-0.0012233348350939588,-0.0012160827976852363,-0.0012414649286157653,-0.0030884761634654145,-0.003263980334622607,-0.003513654394783683,-0.0037633284549447588
2024-02-02,-0.024831406686773083,-0.02509907732718386,-0.025469435304418808,-0.025839793281653756,-0.006769814109868877,-0.007765933646068146,-0.008544247121355986,-0.00823292173124085,-0.009322560596643825,-0.022822260411471396,-0.02594705715736234,-0.026404798253392647,-0.026862539349422954
2024-02-05,0.010773106526142273,0.011362066093860923,0.01198076779494106,0.012599469496021198,0.00557103324148378,0.0054880554188825315,0.005880790570168992,0.0057236965096544076,0.006273525721455453,-0.020861232634014404,-0.021541857370634077,-0.021769419088594977,-0.021996980806555877
2024-02-06,0.05477711865444146,0.05844495887552936,0.06065666411359971,0.06286836935167006,0.022748737715875045,0.02496460995184857,0.028535920936023973,0.027107396542353814,0.032107231920199375,0.0656224062352686,0.07688136109553656,0.08011653501303839,0.08335170893054022
2024-02-07,0.02063823401877274,0.02220980981531273,0.022503549393177003,0.022797288971041274,0.004115664081313364,0.005900035784473623,0.007329359480880759,0.006757630002317905,0.008758683177287896,0.027103871973462867,0.046070886979395986,0.054787936874595156,0.06350498676979432
2024-02-08,0.0061802781743205415,0.008822944746038175,0.010736773577838421,0.012650602409638667,0.0031946489028116254,0.0027071213262899185,0.004646973836797685,0.0038710328325945787,0.006586826347305452,0.0041417144396169725,0.004371157509706736,0.00448222947255672,0.004593301435406705
2024-02-19,0.01264243876460358,0.01314841935771005,0.011333281659818728,0.009518143961927406,0.006008444568418314,0.007499479461130276,0.007765206714503203,0.0076589158131540325,0.00803093396787613,0.0016498525576853496,0.0022824523131879104,-0.002097485979050906,-0.006477424271289722
2024-02-20,0.004946729465397093,0.002818703790874677,0.0011147142996800752,-0.0005892751915145267,0.0025682002754250366,0.0034240817215760444,0.0034824746170583065,0.0034591174588654017,0.0035408675125405686,0.004804143830928753,0.004670301782550013,0.0023351508912750063,0.0
2024-02-21,0.003867584116219014,0.004099055671266116,0.004113207080916115,0.004127358490566113,-0.0003872218574230146,-0.0005044413539005976,0.006804527338339361,0.0038809398614433784,0.01411349603057932,0.0011513848510598113,0.0007491531687835451,8.694475313575367e-05,-0.0005752636625120378
2024-02-22,0.0007588619091103421,0.0030325820616705634,0.003571487742520474,0.004110393423370384,-0.0015792852601880236,0.0014547118368744005,0.004496564384659285,0.0032798233655453313,0.00753841693244417,-0.0007797021617662603,0.004242023364527059,0.0064379725418184375,0.008633921719109816
2024-02-23,0.0006416270167903804,0.000232570254822706,-0.00017611253340732436,-0.0005847953216373547,0.0005372094387101622,-0.001007925645443497,-7.230814646269623e-05,-0.00044655514605501656,0.0008633093525181046,0.0004876941072533558,0.0031537432638910623,0.0038595423566935017,0.004565341449495941
2024-02-26,0.003147785650836621,-5.8129044619104064e-05,-0.0014919082905951453,-0.0029256875365711865,0.0006860657218148436,0.0005044712922745997,-0.004779391725915627,-0.002665846518639537,-0.010063254744105854,0.0005849476531809561,0.003620166077977105,0.0008632926583788669,-0.0018935807612193711
2024-02-27,0.006101488144241829,0.019881288940004183,0.02226458813197396,0.02464788732394374,-0.001251956741317506,-0.0012753722329575945,0.005316423671496817,0.002679705309715053,0.011908219575951229,-0.0009743428157578116,0.004670255295898373,0.014382177543604602,0.02409409979131083
2024-02-28,-0.0007548761465533405,-0.020065270688433445,-0.022919233282361007,-0.025773195876288568,-0.00030200681921144223,1.3507979166327289e-06,-0.005165799916770741,-0.0030989396308957924,-0.010332950631458115,-0.0009088881942687088,-0.00015388823384643313,-0.012952083057271413,-0.025750277880696393
2024-02-29,0.019056503680331627,0.024286935143150945,0.02978015187492644,0.03527336860670194,0.00606530669528027,0.009168259023046632,0.012559767562567381,0.011203164146759082,0.01595127610208813,0.019439648887224603,0.019439648887224603,0.026072743249468955,0.032705837611713307
2024-03-01,0.004963618551801163,0.005856001777468922,0.006903015085213737,0.007950028392958552,0.003259558279661734,0.00468623230947296,0.006196955720822683,0.0055926663562827945,0.007707679132172407,0.005840100728863096,0.005840100728863096,0.006234357121934764,0.006628613515006432
2024-03-04,0.002067531375290921,0.003595884766733226,0.004051463510127196,0.004507042253521165,0.0017538677239863354,0.0015738685173072309,0.00036200508018341404,0.0008467504550329406,-0.0008498583569404028,0.001038807511305695,0.0010388075113054729,0.00033648807977931794,-0.000365831351746837
2024-03-05,0.002636394817203458,0.0015924447595840885,-4.5056363898343665e-05,-0.0016825574873807758,0.005194987990393196,0.006942710354123749,0.007582497791181475,0.007326582816358384,0.008222285228239201,0.0006115191755919902,0.0006115191755919902,-0.002164505736998168,-0.004940530649588326
2024-03-06,0.0014862179437438172,0.0022713041587156813,0.0016974498321667975,0.0011235955056179137,-0.0020843877813302436,-0.0023550281553545993,-0.0031460180146852257,-0.0028296220709529752,-0.003937007874015852,0.0002592738266071759,0.00025927382660739795,-0.00033009092781433047,-0.0009194556822360589
2024-03-07,-0.009760235254774763,-0.013880211789370489,-0.01816345045136314,-0.02244668911335579,0.0003147418741800134,-0.0009385467996407826,-0.003151373908007793,-0.002266243064660989,-0.005364201016374803,-0.007146696839304689,-0.0071466968393048,-0.01001546143272064,-0.01288422602613648
2024-03-08,0.0059945578061118,0.007813385334476619,0.007925062357249768,0.008036739380022917,0.0006864934754231555,0.001679584282962665,0.002259037103161665,0.002027255975082065,0.0028384899233606653,0.010069936454598416,0.010069936454598416,0.011654397651129078,0.01323885884765974
2024-03-11,0.020168372102110643,0.028731000450204824,0.03828349566929379,0.04783599088838275,0.0022295732076647035,0.004518747687339175,0.009052467531753372,0.007238979593987694,0.013586187376167569,0.010966498160452698,0.010966498160452698,0.01486860057084094,0.01877070298122918
2024-03-12,-0.0007301291354129269,0.0011636910117751587,0.003570975940670129,0.0059782608695651,-0.0009411825371054006,5.658390516072309e-05,0.0007264209668221833,0.0004584861421575993,0.0013962580284836434,-0.0015887809130653574,-0.0015887809130653574,-0.003594245947862118,-0.005599710982658879
2024-03-13,-0.0010678915120020394,-0.0022693273699838645,-0.0038359062565748725,-0.0054024851431658805,0.00028547551399427107,-0.0010184526648662207,-0.0034372798739835675,-0.002469748990336629,-0.005856107083100914,9.145454911951845e-05,9.145454911951845e-05,-0.0006808848961941116,-0.0014532243415077417
2024-03-14,0.000787708617242755,0.0,-0.002444323737099352,-0.004888647474198704,-0.0008847215270496589,-0.0007079798389996173,-0.0021772718269331692,-0.0015895550317597488,-0.003646563814866721,-0.0007681479619769949,-0.0007681479619768838,-0.0024761241901934405,-0.004184100418409997
2024-03-15,-0.0015179566257387256,-0.00044380271804189686,5.1024405171185006e-05,0.0005458515283842669,0.0007426815729334457,0.0015019806306844075,0.0020178822072340896,0.0018115215766142168,0.0025337837837837718,0.008071753902070489,0.008071753902070489,0.010886443264517154,0.013701132626963819
2024-03-18,0.0032657529859327905,0.006881996378349298,0.014897626667079722,0.022913256955810146,0.00145571733554406,0.0026598950643099695,0.005682657445100769,0.00447355249278445,0.00870541982589157,0.004720752424024699,0.004720752424024921,0.00875792531995978,0.01279509821589464
2024-03-19,-0.0006734736330442637,-0.0006063269389267045,-0.006169830136130039,-0.011733333333333373,0.00062704369930211,-0.00019755182489900047,-0.0033003349324940423,-0.002059221689456026,-0.006403118040089084,-0.0014999286359256292,-0.0014999286359257402,-0.005999074638247559,-0.010498220640569378
2024-03-20,0.0005054456290873865,0.000551540722112831,0.001085268472227563,0.001618996222342295,8.545237662160865e-05,0.0005645453123828137,0.0007025584505315763,0.0006473531952720712,0.0008405715886803389,0.0013573931940598083,0.0013573931940595862,0.0019374630059491027,0.002517532817838619
2024-03-21,-0.00011226450730372761,0.00044098935410374906,-0.0024734708401895067,-0.0053879310344827624,-0.0007405239845181821,0.00019747937327907472,-0.0001812155205273558,-2.9737563004783585e-05,-0.0005599104143337863,0.00021688850806467208,0.00021688850806467208,-0.0023130804096447855,-0.004843049327354243
2024-03-22,-0.0005613855601921403,-0.004022254084964261,-0.00986594827758508,-0.015709642470205898,0.001881184715408546,0.0007333499935409105,-0.0039750616979074005,-0.0020916970213280765,-0.008683473389355711,-0.0063064729747033255,-0.0063064729747034365,-0.010633409522679771,-0.014960346070656105
2024-03-25,-0.001291912049211752,-0.007745064561336834,-0.01377897146613899,-0.019812878370941145,-0.000995724812842158,-0.0020011420602292773,-0.0036849451470968297,-0.003011423912349809,-0.005368748233964382,-0.009819794764106993,-0.009819794764106993,-0.012320693356435874,-0.014821591948764756
2024-03-26,0.0030933512380255657,0.006244415046754659,0.006210360246566626,0.006176305446378594,-8.543290876783516e-05,0.0025135037281756034,0.002819251864087824,0.0026969526097229356,0.0031250000000000444,-0.003819950595550625,-0.003819950595550625,-0.004138801449335483,-0.004457652303120341
2024-03-27,-0.006678334410640363,-0.024492824631855092,-0.026197305173070395,-0.0279017857142857,-0.0007847385038917132,-0.0021607868908815053,-0.006461305368408776,-0.004741097977397868,-0.010761823845936047,-0.02330423020964356,-0.022906334634443026,-0.02302033149632604,-0.023134328358209055
2024-03-28,0.008786532233106437,0.009416630280099092,0.009300737642919832,0.009184845005740572,0.0042962066657563636,0.0042962066657561415,0.004581541638059794,0.004467407649138333,0.004866876610363446,0.0077204872502698585,0.011251275236058955,0.012023651368984423,0.01279602750190989
2024-03-29,0.004269608590179219,0.005176337776858997,0.005432309957826509,0.005688282138794021,0.002652253503587776,0.002652253503587998,0.003605329030996307,0.0032240988200329833,0.004558404558404616,0.005101237422711957,0.009690467667353264,0.01125669904204929,0.012822930416745315
2024-04-01,0.017232570487873966,0.023032091031198965,0.026787538728269222,0.03054298642533948,0.0056317963141969685,0.0056317963141969685,0.011040515286990793,0.008877027697873264,0.016449234259784618,0.005830045293131247,0.013544958594006618,0.017291935636604805,0.021038912679202992
2024-04-02,-0.0035664504673249553,-0.0051996912379088656,-0.006441777561874307,-0.007683863885839748,-0.0005373983806180593,-0.0005373983806181704,-0.001942806333166236,-0.0013806431521470098,-0.0033482142857143016,-0.00018758099923410487,-0.0014397619785501137,-0.002725716146094903,-0.0040116703136396925
2024-04-03,-0.00369106604866265,-0.006172154226119719,-0.008063953219254572,-0.009955752212389424,-0.0005659866662314217,-0.0005659866662313107,-0.0022426797832836853,-0.0015720025364627356,-0.00391937290033606,0.0013883598242550033,0.0010351656588083458,0.00024295814979963248,-0.0005492493592090808
2024-04-08,-0.008588262046174355,-0.012253121629604902,-0.015065108300835961,-0.01787709497206702,-0.0012741911742355505,-0.0012741911742356615,-0.004712418802407303,-0.0033371277511386466,-0.008150646430578945,-0.0009180447666169433,-0.006906278650265385,-0.0107804886565121,-0.014654698662758814
2024-04-09,0.007813378916661451,0.009686192018900641,0.010246964041304651,0.010807736063708662,0.0002835148463897763,0.0002835148463897763,-0.0007083417550425297,-0.0003115991144696075,-0.0017001983564748357,0.0029254404524863276,0.006415069321378697,0.007390468291475827,0.008365867261572957
2024-04-10,-0.014943809310701162,-0.01845722662554239,-0.019920791140570826,-0.021384355655599263,-0.0022958193568836105,-0.0022958193568836105,-0.00483794657881087,-0.0038210956900399666,-0.0073800738007381295,-0.002075491671589602,-0.0072425448739629195,-0.009428794560875309,-0.011615044247787698
2024-04-11,-0.003364888573996083,-0.0038866034295330643,-0.004243474227704991,-0.004600345025876917,-0.0002272693601996778,-0.00022726936019956678,-0.0005425737707488443,-0.0004164520065291333,-0.0008578781812981218,0.0008244285138832019,0.0037035230078994452,0.0041834160460128,0.004663309084126155
2024-04-12,-0.007381968757333768,-0.00912325177480966,-0.009760932646503628,-0.010398613518197597,-0.0038076271403287842,-0.0038076271403287842,-0.005910682488309782,-0.005069460349117383,-0.00801373783629078,-0.00031826681031232873,-0.0036156895449545035,-0.004500009644367309,-0.005384329743780114
2024-04-15,0.01654558889123381,0.018298689214512276,0.018781568775382174,0.01926444833625207,0.010496734723967283,0.010496734723967283,0.015779238683391594,0.013666237099621871,0.021061742642815906,0.003202408900666587,0.0099745757183487,0.01161413124166455,0.013253686764980399
2024-04-16,-0.01638971172992365,-0.01791299759428433,-0.018406670618447973,-0.018900343642611617,-0.0035284299645395034,-0.0035284299645393924,-0.006285266126660749,-0.005182531661812206,-0.009042102288782106,-0.009445884355848588,-0.022718637241430972,-0.024992332622189306,-0.02726602800294764
2024-04-17,0.018623141022784173,0.019455707475099837,0.019651963486528312,0.019848219497956787,0.00478732906738899,0.00478732906738899,0.008951976481227919,0.007286117515692348,0.013116623895066848,0.009724417636712612,0.0231525030773454,0.024928524265945384,0.02670454545454537
2024-04-18,-0.0039055838131776266,-0.004714302879703425,-0.00493299574437378,-0.005151688609044136,0.001663353046556848,0.00166335304655707,0.0016760334047871694,0.0016709612614951297,0.0016887137630172688,0.0002426355287639126,0.0021928361094654125,0.002018757106568181,0.0018446781036709492
2024-04-19,-0.016479133183956662,-0.018432920419746868,-0.01871013109594938,-0.01898734177215189,-0.0014354260301533417,-0.0014354260301534527,-0.004651402253626868,-0.0033650117642375025,-0.007867378477100284,0.0007837092449149985,-0.0036038274596630337,-0.00520828456393202,-0.006812741668201006
2024-04-22,-0.0008666506085939218,-0.0010465118408599094,-0.0011097661843595952,-0.001173020527859281,0.0006482795513336193,0.0006482795513338413,-0.0006670808417219565,-0.00014093668449963745,-0.0019824412347777542,0.00044748315755005486,-0.006163428112740732,-0.007253015502421523,-0.008342602892102313
2024-04-23,0.0013300169264893746,0.0011640090835778327,0.0011692036022704633,0.0011743981209630938,-0.0008450342050831949,-0.000845034205083306,-0.00396962266440315,-0.0027197872806752127,-0.007094211123722993,-0.0007268348846491968,-0.011010716667401943,-0.011300834123568249,-0.011590951579734554
2024-04-24,0.00768064261628143,0.007960421373815807,0.008085782534415276,0.008211143695014744,0.0028993838143585027,0.003195086181369655,0.0035981146825682098,0.003436903282088788,0.004001143183766764,0.0014813800395896415,0.011639144731664608,0.011683010988869924,0.01172687724607524
2024-04-25,0.0011058006489943484,0.00023274797798733537,-0.0007562263600465191,-0.0017452006980803736,0.0026201071350417937,0.0034449947230370537,0.0031457823031638688,0.0032654672711131425,0.002846569883290684,0.00014959846369855256,-0.0007291496093568828,-0.0011123781324032245,-0.0014956066554495662
2024-04-26,0.01651055232128651,0.023269381897153885,0.028534457848343853,0.03379953379953382,0.004175535181468737,0.008313372490925452,0.011252911053864612,0.01007709562868895,0.01419244961680377,0.01269527041346663,0.018728495848920668,0.02059809926316092,0.02246770267740117
2024-04-29,0.010408850199230768,0.016259265009590074,0.025886115030161472,0.03551296505073287,0.001980082183593801,0.0054871736471815424,0.008760939188550254,0.00745143297200277,0.012034704729918966,0.007994315727652967,0.014968144803412242,0.01718925460276821,0.01941036440212418
2024-04-30,-0.0018112742254745573,-0.003244578993779168,-0.007338130542071941,-0.011431682090364714,8.46929659779061e-05,-0.0007276305179546583,-0.002852753312074685,-0.0020027041944266745,-0.004977876106194712,-0.000311375356856769,-0.0031666203902793733,-0.004996279478416132,-0.0068259385665528916
2024-05-06,0.006010732957566267,0.009821544776338564,0.015097997057772816,0.020374449339207068,0.0034156603453803225,0.007365621998351557,0.010631115612850128,0.009324918167050701,0.0138966092273487,0.00822653420053343,0.01392293344118034,0.014648209350360486,0.015373485259540631
2024-05-07,-5.6366225571813366e-05,0.0005557725847498141,-0.0005316118187961294,-0.0016189962223420729,0.000365722588501205,0.0010286515315327538,0.0007884485727839285,0.0008845297562834586,0.0005482456140351033,0.0005996894153998955,0.0008951595331390116,0.00035851670992542717,-0.0001781261132881573
2024-05-08,-0.0011273880580461304,-0.004332618210627581,-0.01000414694315166,-0.015675675675675738,0.0005061999937681083,-0.0016941422753458113,-0.0048196738773989,-0.003569461236577665,-0.007945205479451989,-0.003250911231326148,-0.009641189364666403,-0.01114519828112176,-0.012649207197577117
2024-05-09,0.002934517290669403,0.006694571500283075,0.012957390088417231,0.019220208676551387,0.0007589158274652341,0.003505314348662303,0.006585576257457371,0.005353471493939344,0.009665838166252438,0.006377262254068761,0.014647723469692453,0.01643609558544168,0.018224467701190905
2024-05-10,0.0016317692646750093,0.0002770855104174963,-0.00417180207237744,-0.008620689655172376,0.0009549470582967956,0.0011643566800432215,0.0008557013159515847,0.0009791634615882393,0.000547045951859948,-0.0002353687327302234,-0.0019046613569513315,-0.002724437713740535,-0.0035442140705297387
2024-05-13,-0.002808811950910761,-0.004930755844427814,-0.00871537792221394,-0.012500000000000067,-0.00025253894234678054,0.0,-0.0004100601421542227,-0.0002460360852925337,-0.0008201202843084454,-0.00028975279287735134,-0.003602577522942685,-0.004379983408456911,-0.0051573892939711374
2024-05-14,2.220446049250313e-16,-5.5676277190164214e-05,-0.0011285536036473864,-0.0022014309301046087,0.0007578082031223232,0.00033228643722216233,-0.000654650215041408,-0.00025987555413597985,-0.0016415868673049783,0.00045286995920634787,-0.0005369707445183058,-0.0008047742532030222,-0.0010725777618877386
2024-05-15,-0.00045067577565038874,-0.002282854465633477,-0.005554003073964031,-0.008825151682294585,-0.0003365486065372014,-0.0015501549449069563,-0.004337697368315352,-0.0032226803989519937,-0.0071252397917237476,-0.0021184720167501947,-0.007199273775944315,-0.007984032020398824,-0.008768790264853332
2024-05-16,0.0017471560315447388,0.0032367930055803296,0.002731362557325534,0.0022259321090707385,0.00039277222790601307,0.002328842484053073,0.002820507358504587,0.0026238414087239813,0.003312172232956101,-0.000508061069303456,-0.0037159321067097295,-0.004204960095600729,-0.004693988084491729
2024-05-17,-5.626157423643807e-05,0.00489515169157273,0.008832917322743605,0.01277068295391448,-0.0013180747762330247,0.001300015287626577,0.00628962249938414,0.004293779614681115,0.011279229711141703,-0.010565780287866589,-0.002154588443687433,-0.001893546715948602,-0.0016325049882097709
2024-05-20,0.0021943248513953684,0.0038195466795929445,0.0038286329889192228,0.003837719298245501,0.0008705158744468644,0.001685063275921772,0.001930670919788935,0.0018324278622420698,0.0021762785636560977,0.002843959205882207,0.0039374389577888635,0.003785579944010742,0.00363372093023262
2024-05-21,0.0007859816578268397,0.000551451196210806,-0.003274247094412319,-0.007099945385035444,0.000981985669293861,0.00022062014613277725,-0.0015183544220476186,-0.0008227645947754604,-0.0032573289902280145,0.00038421790204745676,-0.006759569723023384,-0.007000349669621764,-0.007241129616220143
2024-05-22,-0.0017430672998555163,0.0003721742910076653,0.005961664703259539,0.011551155115511413,-0.001232747568169379,-0.0008162628288115314,0.0006811932043305768,8.221079107373352e-05,0.002178649237472685,-0.0010787188526598657,-0.0012270558877416349,-0.001160573895730821,-0.001094091903720007
2024-05-23,-0.010444019322088494,-0.012237099180954614,-0.013731382651923751,-0.015225666122892889,-0.005083515499435198,-0.006197636259586359,-0.008125992042836705,-0.007354649729536566,-0.010054347826087051,-0.010027040132817189,-0.014587856093629559,-0.015964975874489085,-0.01734209565534861
2024-05-24,-0.013742510537894548,-0.0153069282763868,-0.015936180869281225,-0.01656543346217565,-0.008360983095321739,-0.008834739201097341,-0.01004459990524259,-0.00956065562358449,-0.01125446060938784,-0.006623255745305201,-0.008671068839856133,-0.009165554854629887,-0.009660040869403641
2024-05-27,0.0062424314002771375,0.006374516071483205,0.006275410758930899,0.006176305446378594,0.007356878338200978,0.007726862262802392,0.008027784268547222,0.00790741546624929,0.008328706274292053,0.008877506200789309,0.009625343323380386,0.009689805407704033,0.00975426749202768
2024-05-28,-0.010524142743490228,-0.011779276036249287,-0.012307048732410397,-0.012834821428571508,-0.0041302458532948005,-0.004518416366810274,-0.005425507742876534,-0.00506267119245003,-0.006332599118942794,-0.005614673258231728,-0.007811981524848743,-0.008271586155327915,-0.008731190785807086
2024-05-29,0.0019032982311026903,0.0019116469932423108,0.0018037601840151796,0.0016958733747880483,0.0004669230733524987,0.000632698653141528,0.00045489185912828134,0.0005260145767335799,0.0002770850651150347,0.0018142453433598327,0.002052331275746777,0.0020569002705570494,0.0020614692653673217
2024-05-30,0.0025142857525985995,0.002693646454020593,0.002757658441457256,0.0028216704288939187,-0.0029374971705998787,-0.003106510506507454,-0.0034923134249988386,-0.0033379922576022847,-0.0038781163434902233,-0.0016631263634172555,-0.001992269806955549,-0.0020247490796513334,-0.002057228352347118
2024-05-31,-0.002173582644377281,-0.0025744764557271704,-0.0026941037315214023,-0.002813731007315634,-0.0027258784742251185,-0.00306103716377637,-0.0034771259233787877,-0.0033106904195378205,-0.0038932146829812053,0.0002776494934284557,-1.8656512797532443e-05,-0.00010303140482459394,-0.00018740629685165544
2024-06-03,0.005585429223758931,0.005723356352354658,0.005683348605071248,0.0056433408577878375,0.0020154851657945283,0.0020746188392708476,0.0017352435346550399,0.0018709936565013629,0.0013958682300392322,-0.005329390571234938,-0.007182891434700633,-0.007433994920724274,-0.0076850984067479144
2024-06-04,0.011941971792840622,0.012943748449853576,0.013205880958933491,0.013468013468013407,0.005703647250964616,0.006017740907490188,0.0064936766985178584,0.00630330238210679,0.006969612489545529,0.011180989712931355,0.01311670475302984,0.013264056947727698,0.013411409142425557
2024-06-05,-0.0038970889678516807,-0.004791880769414059,-0.005164489664884198,-0.0055370985603543366,-0.0024931802615630883,-0.00274391941284291,-0.003171516738536606,-0.0030004778082591277,-0.003599114064230302,-0.00840800729307234,-0.010461379286487604,-0.010636095048649208,-0.010810810810810811
2024-06-06,-0.005896055191925598,-0.0061432164735828465,-0.006133969038573217,-0.006124721603563588,5.493212627682986e-05,-2.7514692226726645e-05,-1.3757346113363322e-05,-1.926028455870865e-05,0.0,-0.006419777367316137,-0.0071417076947777325,-0.007151030971941363,-0.007160354249104994
2024-06-07,-0.019012537576783894,-0.020047098988481782,-0.02038769515250416,-0.020728291316526537,-0.005053478019169666,-0.005448058962526092,-0.005919361517939925,-0.005730840495774392,-0.006390664073353758,-0.0035294150601448138,-0.004568832050772076,-0.004656782698379047,-0.004744733345986019
2024-06-11,0.0023731861159346224,0.0023866741074072273,0.002337501813429066,0.0022883295194509046,-0.006100495252558735,-0.006280222012211345,-0.006635636733175021,-0.00649347084478955,-0.006991051454138697,0.002586160853583097,0.002370765540107511,0.002329547529779208,0.0022883295194509046
2024-06-12,-0.004678764222245335,-0.00498874400461391,-0.005062865152991869,-0.005136986301369828,-0.0006943370729310949,-0.0007795486741701829,-0.0009529959647955888,-0.0008836170485454264,-0.0011264432554209947,0.003420627881481675,0.0030652451623760513,0.0029595632204574285,0.0028538812785388057
2024-06-13,-0.00022654255230880604,-0.0005127705359543322,-0.0005432470006220824,-0.0005737234652898326,-0.0029738275108337486,-0.003120627377615204,-0.0033928482250354386,-0.003283959886067345,-0.0036650690724556734,-0.004116840017920453,-0.004923359236302272,-0.00502286345423536,-0.005122367672168449
2024-06-14,0.007874137519942481,0.007980522736210194,0.008008631058116555,0.008036739380022917,0.005352130163136515,0.005422293379108822,0.00554080147167102,0.005493398234646141,0.005659309564233217,0.004395731837911532,0.004663366986982442,0.004715360076252506,0.00476735316552257
2024-06-17,0.006800913705566458,0.0067862899186184045,0.006810001451336589,0.006833712984054774,-0.0024677277359870242,-0.002557529186620333,-0.0026856300969679836,-0.0026343897328289234,-0.002813731007315634,-0.0029424938007428514,-0.003283168468902642,-0.003349688239006221,-0.0034162080091098
2024-06-18,0.0045777507802136075,0.004549868965178172,0.004537377921503105,0.004524886877828038,0.0031965251159178365,0.003177238132242355,0.003140537802012844,0.0031552179341046483,0.003103837471783333,0.005099186651711385,0.005149215071260205,0.00514554640441689,0.005141877737573575
2024-06-19,-0.012725950218639204,-0.012860865758255513,-0.012905658104353013,-0.012950450450450512,-0.002743023044690762,-0.0027504416750924188,-0.002781690598446407,-0.0027691910291048117,-0.002812939521800395,-0.009533375641946451,-0.010113835265210813,-0.010172491713696663,-0.010231148162182513
2024-06-20,-0.014015750664185922,-0.014161328860581301,-0.014211297630518815,-0.01426126640045633,-0.006223507203584666,-0.00635182083719843,-0.006419916060348196,-0.00639267797108829,-0.006488011283497963,-0.014465847185492042,-0.014821555793406493,-0.01487632154141999,-0.014931087289433487
2024-06-21,-0.0027973262356604245,-0.002872950569937305,-0.0028832345442278973,-0.0028935185185184897,-0.0017333654993781922,-0.0017102538888720265,-0.001706915700824374,-0.001708250976043435,-0.0017035775127767216,0.0017705197046469223,0.0017188241273080607,0.0017338776680069223,0.001748931208705784
2024-06-24,-0.015457076928211744,-0.015558632259078053,-0.015614487342539674,-0.015670342426001294,-0.00470501686706537,-0.004718276883035388,-0.00477665835050517,-0.0047533057635172574,-0.004835039817974951,-0.02052453489598549,-0.020802572501255057,-0.020876552981956398,-0.02095053346265774
2024-06-25,-0.01738601851279531,-0.01750205261321902,-0.01759536592925104,-0.017688679245283057,-0.005852796484450251,-0.005897587573461371,-0.005949651174555759,-0.005928825734118004,-0.0060017147756501465,-0.008517664452526552,-0.008643504372008337,-0.008680777349467594,-0.008718050326926852
2024-06-26,0.019250612399819733,0.01955503628808386,0.019681479728675844,0.019807923169267827,0.005570409328509829,0.00558758329203024,0.005812768069246799,0.005722694158360175,0.006037952846463357,0.01332097781212016,0.013522457312829195,0.013657091138925104,0.013791724965021013
2024-06-27,-0.011481130614640844,-0.014187114262076528,-0.0156279891498729,-0.017068864037669274,-0.0020871439196665786,-0.0020871439196664676,-0.0037586334059607207,-0.00309003761144302,-0.005430122892254974,-0.01346876309377465,-0.013468763093774871,-0.015015138644679182,-0.016561514195583493
2024-06-28,-0.008576845257629917,-0.009554380127940298,-0.010166411620856408,-0.010778443113772518,0.0020342075784487434,0.0020342075784489655,0.002022850915661234,0.0020273935807763265,0.0020114942528735025,0.0021388481233430845,0.0021388481233430845,0.0018713486807573343,0.001603849238171584
2024-07-01,-0.0007209203268894182,-0.0010249456085482667,-0.0011177996807874568,-0.001210653753026647,0.0034311177100401213,0.0034311177100401213,0.003723015121151363,0.003606256156706866,0.0040149125322626045,0.010970614660102074,0.010970614660102074,0.011390031109074217,0.01180944755804636
2024-07-02,-0.008717405171164705,-0.00965644423409473,-0.009979737268562494,-0.010303030303030258,8.548463490631875e-05,8.54846349060967e-05,-0.0006713393734923967,-0.00036860977013299947,-0.00142816338189089,-0.007517175933139719,-0.007517175933139719,-0.008308538510585606,-0.009099901088031492
2024-07-03,-0.0018801107931094574,-0.001950120072549244,-0.0021997997790793034,-0.0024494794856093627,-0.00034190931163224914,-0.00034190931163224914,-0.0010290782256101583,-0.0007542106600189947,-0.0017162471395880674,-0.00705724333837221,-0.00705724333837221,-0.007820895576153564,-0.008584547813934917
2024-07-04,-0.006805453355605118,-0.007571480577381662,-0.007775918312018015,-0.007980356046654369,-0.001596122516768439,-0.001596122516768328,-0.002947058393054647,-0.002406684042540119,-0.004297994269340966,-0.013413969979034879,-0.013413969979034768,-0.013855595541269361,-0.014297221103503954
2024-07-05,0.004037835744512774,0.0043068320014352235,0.004319257584875946,0.004331683168316669,-0.0033400871608590954,-0.0033400871608589844,-0.004116086745897085,-0.003805686911881845,-0.004892086330935186,0.00722432979755494,0.007224329797554718,0.007187241507561892,0.007150153217569066
2024-07-08,-0.01553798916484228,-0.016173253775627727,-0.01640455664751811,-0.01663585951940849,-0.004955312533280076,-0.004955312533280076,-0.005947870263169841,-0.005550847171213935,-0.006940427993059606,-0.0162388922375728,-0.0162388922375728,-0.016435876139070382,-0.016632860040567965
2024-07-09,0.014173958415215182,0.014571045240853842,0.014804319612908179,0.015037593984962516,0.008031313255587369,0.008031313255587369,0.009402960064019639,0.008854301340646731,0.010774606872451908,0.01748999074351465,0.01748999074351465,0.017820902962516372,0.018151815181518094
2024-07-10,-0.0006713297638932803,-0.0009820019902725408,-0.001108284945753546,-0.0012345679012345512,-0.0013992793311649043,-0.0013992793311647933,-0.001852045312370043,-0.0016709389198879432,-0.002304811293575293,-0.005333931538787362,-0.005333931538787362,-0.005503270469555732,-0.005672609400324102
2024-07-11,0.021252700100583777,0.021993892578633822,0.022121791777574007,0.02224969097651419,0.008436037080358005,0.008436037080357783,0.010859658736540378,0.00989021007406734,0.013283280392722974,0.019426541644055106,0.019426541644054884,0.01979884539415455,0.02017114914425422
2024-07-12,-0.00023920025785784116,-0.00042079329635391627,-0.0005126941088782755,-0.0006045949214026347,0.001843238205416542,0.001843238205416764,0.0023465264837286837,0.002145211172403916,0.0028498147620406034,-0.003870819632658229,-0.003870819632658118,-0.004132334122300629,-0.004393848611943141
2024-07-15,-0.006818838416857154,-0.00763760651604517,-0.007751047662136357,-0.007864488808227543,0.003113587111062577,0.003113587111062577,0.0025513942943774515,0.0027762714210515017,0.001989201477692326,-0.006596000123749612,-0.0065960001237497234,-0.006908832559367362,-0.007221664994985
2024-07-16,0.014393783812594263,0.014544356226190658,0.014589251283827043,0.014634146341463428,0.0030757052973182653,0.0030757052973184873,0.005082946239130082,0.004280049862405444,0.007090187180941676,0.003390107435814471,0.003390107435814471,0.0034125724085518616,0.003435037381289252
2024-07-17,-0.0004155932980237642,-0.0005973271045655038,-0.0005991443215134784,-0.0006009615384614531,0.00042196435886476813,0.00042196435886476813,0.0009150092140705057,0.0007177912719882108,0.0014080540692762433,-0.006817282971871563,-0.006817282971871674,-0.006932604433982581,-0.007047925896093488
2024-07-18,0.013066934182446532,0.01368696629049615,0.013758696614881272,0.013830426939266394,0.0018558600721998442,0.0018558600721998442,0.003880685941611728,0.0030707555938469747,0.0059055118110236116,0.004569341799900872,0.004569341799900872,0.004616855041098211,0.00466436828229555
2024-07-19,0.003869517523930943,0.003655607353808321,0.0036071631075091926,0.003558718861210064,0.002582164328601033,0.002582164328600811,0.004506066788287022,0.0037365058044125377,0.006429969247973233,-0.001402638995137373,-0.001402638995137484,-0.0015087478383035147,-0.0016148566814695453
2024-07-22,0.0011096581727199073,0.0006462131965430107,0.0006186148725032536,0.0005910165484634966,-0.001875646013079213,-0.001875646013078991,-0.004965600784317237,-0.003729618875821939,-0.008055555555555483,-0.0022674404926043,-0.0022674404926043,-0.002346821742460592,-0.0024262029923168837
2024-07-23,-0.030802636192280963,-0.031056910702751628,-0.0311811428882926,-0.031305375073833575,-0.005609464692710953,-0.005609464692711064,-0.01260590848749249,-0.00980733096957992,-0.019602352282273916,-0.028156025205877344,-0.028156025205877233,-0.02826528459321026,-0.028374543980543288
2024-07-24,-0.012900591684262164,-0.012818918036761495,-0.012811898042770942,-0.012804878048780388,-0.003994616850014565,-0.003994616850014454,-0.005139267865167163,-0.00468140745910608,-0.006283918880319872,-0.012126646273199149,-0.011875015999685323,-0.011882439163797553,-0.011889862327909784
2024-07-25,-0.004263273315301186,-0.0035830226502628904,-0.003335674388750931,-0.0030883261272389717,-0.004284249856818967,-0.004284249856819078,-0.005016514120706195,-0.004723608415151348,-0.005748778384593312,-0.000422367305391802,-0.0008656324828716366,-0.0010661284643617708,-0.001266624445851905
2024-07-26,0.006329213284373525,0.007067816943541194,0.007561169933976264,0.008054522924411334,0.0033497402745668037,0.0033497402745668037,0.00384312685887922,0.0036457722251542536,0.004336513443191636,0.010436880640325885,0.01434813865073381,0.01510051193792239,0.01585288522511097
2024-07-29,-0.010605665509518802,-0.011758585768417484,-0.012947516608855292,-0.0141364474492931,-0.003482460293728673,-0.003482460293728784,-0.004619756341452785,-0.004164837922363185,-0.005757052389176787,-0.003679995149097226,-0.005353919995956913,-0.005798058624695068,-0.006242197253433224
2024-07-30,-0.0009348271538870412,-0.0013705073057385109,-0.0016204157476323866,-0.0018703241895262623,-0.004592117376368554,-0.004592117376368443,-0.00562553176288022,-0.0052121660082755095,-0.006658946149391998,0.00027282180643717346,-0.00039794566623696515,-0.0006177333021301634,-0.0008375209380233617
2024-07-31,0.01996163996599787,0.026823950668883434,0.031213349475603502,0.03560274828232357,0.013346660457374648,0.013346660457374426,0.0178945485323887,0.01607539330238299,0.02244243660740297,0.015399737533083657,0.02920826850042335,0.03587404204568523,0.042539815590947105
2024-08-01,-0.005443176388210236,-0.0089912487204179,-0.011130123757072674,-0.013268998793727449,-0.003292718320932253,-0.003292718320932364,-0.005209643082929094,-0.004442873178130403,-0.007126567844925824,-0.0021282244925580063,-0.005435644347744573,-0.007240435239198928,-0.009045226130653283
2024-08-02,-0.011683861518691718,-0.01348663137664774,-0.014995149429155141,-0.016503667481662543,-0.006406103804649788,-0.0064061038046496765,-0.008371010558655578,-0.007585047857053218,-0.01033591731266148,-0.005404381275993075,-0.008965633712739729,-0.01117652882391551,-0.013387423935091292
2024-08-05,-0.017172993079097032,-0.019512255747260454,-0.020010944529938457,-0.02050963331261646,-0.009656653771998092,-0.009656653771998203,-0.01048542001045516,-0.010153913515072378,-0.011314186248912117,-0.014385898072476921,-0.017742357688554145,-0.018534007791645546,-0.019325657894736947
2024-08-06,0.012028554268436853,0.013055781778311681,0.013190327437379135,0.013324873096446588,0.0012261502643353683,0.0012261502643353683,0.0006130751321676842,0.0008583051850347578,0.0,0.00925179781653318,0.010492845924028105,0.010592334911699641,0.010691823899371178
2024-08-07,-0.0023145618406198443,-0.0034408440703309617,-0.00422511834073841,-0.0050093926111458575,-8.747490436122884e-05,-8.747490436111782e-05,-0.0010707327573448722,-0.0006774296161513706,-0.0020539906103286265,0.0027417243353151655,0.001789608188489611,0.0011022299395051505,0.00041485169052069004
2024-08-08,-0.0021945297646264184,-0.003389947549977901,-0.0038976169467950794,-0.004405286343612258,0.0018371336946780836,0.0018371336946780836,0.0015066291819465505,0.0016388309870391637,0.0011761246692150173,0.0012731900611862024,0.002077222339949003,0.002075310319881174,0.002073398299813345
2024-08-09,-0.007603488983455642,-0.00913359936253788,-0.009623689693911197,-0.010113780025284513,-0.0020957312268944372,-0.0020957312268944372,-0.0028099801508921773,-0.0025242805812930817,-0.0035242290748899174,-0.003376959339950414,-0.0066126034168940695,-0.007547973547884279,-0.008483343678874489
2024-08-12,-0.0008864828898988986,-0.0015257033333440084,-0.001720706072802336,-0.0019157088122606636,-0.0009625607476098086,-0.0009625607476099196,-0.0010707292391158862,-0.0010274618425134996,-0.0011788977306218529,0.0007738942463053622,0.0011894275789006148,0.0008033949246756267,0.00041736227045063856
2024-08-13,0.008302306894204081,0.009295544187260862,0.009446236584993217,0.009596928982725572,0.0014598305507529385,0.0014598305507529385,0.001467596007155847,0.0014644898245946836,0.0014753614635587553,0.0021526883001392605,0.002125920722978236,0.002105930741130413,0.0020859407592825896
2024-08-14,-0.012382346494887786,-0.013941062737936494,-0.014258237325875778,-0.014575411913815062,-0.006151504769580929,-0.006151504769580929,-0.006611403533877069,-0.0064274440281586135,-0.00707130229817321,-0.007111552310055336,-0.01210452028647424,-0.013025615680289593,-0.013946711074104945
2024-08-15,0.00610968915874488,0.006333385578433104,0.006382126872817806,0.006430868167202508,0.010413748342032125,0.010413748342032347,0.010844856366861833,0.010672413156930039,0.011275964391691318,0.005881222412078335,0.007473808275743732,0.0076423295125815915,0.007810850749419451
2024-08-16,-0.0017711713648146388,-0.0020342711111250855,-0.0022950908271280324,-0.002555910543130979,0.0007838685541854407,0.0007838685541854407,0.0006853615071397146,0.000724764325958005,0.0005868544600939885,-0.003361930625204179,-0.005161510183905094,-0.0055133064116005825,-0.0058651026392960715
2024-08-19,-0.0002534734255609239,-0.0010192089027897255,-0.001150219441785616,-0.0012812299807815064,0.0032490560585605177,0.0032490560585605177,0.002944176123121922,0.0030661280972973603,0.0026392961876833265,0.0033313673377239894,0.0024156004180162505,0.0020506152111150477,0.001685630004213845
2024-08-20,-0.012359962418108106,-0.012689343820640353,-0.012759040095053964,-0.012828736369467575,-0.004019251869469054,-0.004019251869469054,-0.004349491392470706,-0.004217395583270045,-0.004679730915472358,-0.012633869420084376,-0.016742727859541673,-0.016995680294936977,-0.01724863273033228
2024-08-21,-0.006289410295264086,-0.006523094013285102,-0.006510409904628256,-0.00649772579597141,-0.004267728795009362,-0.00426772879500914,-0.0043378020995322175,-0.004309772777722987,-0.004407875404055295,-0.0010363318926910337,-0.0017901588001920654,-0.0018582643316027991,-0.0019263698630135329
2024-08-22,-0.00826673285219659,-0.008256162054809169,-0.00837922556631887,-0.008502289077828573,-0.0023908412934618983,-0.0023908412934621204,-0.002523637884039198,-0.002470519247808367,-0.002656434474616276,-0.01098804547230059,-0.011891745871938975,-0.011950590928678062,-0.01200943598541715
2024-08-23,0.0008465885769020076,0.0006555034430317797,0.0006575670249459042,0.0006596306068600288,0.004062480304094507,0.004062480304094507,0.004102858974183943,0.004086707506148169,0.004143237644273379,0.0007492376506903486,0.0003024920276333276,0.0002597765108862671,0.00021706099413920654
2024-08-26,-0.0013013422629702953,-0.001310148079486706,-0.0013142698208903347,-0.0013183915622939635,0.00046573160664697966,0.00046573160664697966,0.0003802280196513186,0.000414429454449583,0.0002947244326556575,0.0011123196892350862,0.0011232020572571333,0.0011041357508508876,0.0010850694444446418
2024-08-27,-0.00970763281198117,-0.009773407803639778,-0.009837198951324788,-0.009900990099009799,-0.004800621392433091,-0.004800621392433091,-0.0049047302601529785,-0.004863086713065024,-0.005008839127872866,-0.009636515342037577,-0.009881718952629126,-0.009926768862830948,-0.00997181877303277
2024-08-28,0.00045678104520319174,0.0006164411761975241,0.0006415539214320587,0.0006666666666665932,-0.005988664824378764,-0.005988664824378653,-0.00595554058512382,-0.005968790280825753,-0.005922416345868986,-8.89692218264404e-05,0.00012691280785759318,0.00017293746370539154,0.0002189621195531899
2024-08-29,0.006530722568141245,0.007595788388531366,0.007795229304192408,0.00799467021985345,-0.002472943429109864,-0.002472943429110086,-0.002725896796473448,-0.0026247154495281032,-0.0029788501638368103,0.008847209964997882,0.012326258593652106,0.013168383237281422,0.014010507880910739
2024-08-30,0.01588983419057377,0.020962396172491404,0.023369499474216626,0.025776602775941848,0.008990376936487188,0.008990376936487188,0.011217626472426412,0.010326726658050723,0.013444876008365636,0.007879636747009311,0.013690083204346282,0.01548062018593821,0.017271157167530138
2024-09-02,-0.017140254170417868,-0.02344663303435013,-0.026220739197587495,-0.02899484536082486,-0.011515266201354346,-0.011515266201354346,-0.014601972723318701,-0.01336729011453296,-0.017688679245283057,-0.008550301082053569,-0.015489371656143947,-0.017825330989362287,-0.020161290322580627
2024-09-03,0.00895166310793849,0.011009916419479904,0.011477088269461255,0.011944260119442607,0.0032043370552305994,0.0032043370552308215,0.003402888815730698,0.0033234681115307473,0.0036014405762305746,0.006386568082819899,0.009405166760866557,0.010009059447143254,0.01061295213341995
2024-09-04,0.00046004216680772814,0.0004592176361615241,0.00022960881808076206,0.0,-0.004806078824021176,-0.004806078824021176,-0.005542991565120614,-0.005248226468680839,-0.006279904306220052,-0.002158516556043266,-0.0024259938239352685,-0.0024988948973941882,-0.002571795970853108
2024-09-05,0.00499244678930344,0.0064260959296778,0.00681960534188808,0.00721311475409836,0.002099690768042173,0.002099690768042173,0.002103110505898953,0.002101742610756241,0.002106530243755733,0.0026823504272999177,0.004261194065344753,0.004386720797176058,0.004512247529007363
2024-09-06,-0.011634750030827368,-0.015767201055333913,-0.01699818386100027,-0.01822916666666663,-0.006435537577290984,-0.006435537577290984,-0.00742197299284969,-0.007027398826626207,-0.008408408408408397,-0.005307201364183722,-0.011122100107944233,-0.012405969840068365,-0.013689839572192497
2024-09-09,0.0023146622644876214,0.002912688777813921,0.003114169322593896,0.003315649867373871,-0.011598746341216826,-0.011598746341216826,-0.012007731741171701,-0.01184413758118975,-0.012416717141126576,-0.0042944413434458095,-0.006804659822378101,-0.006980729390694551,-0.0071567989590110015
2024-09-10,-0.0013196097003586038,-0.00092407307385034,-0.0007925058032833832,-0.0006609385327164263,0.00018288087208562231,0.00018288087208584436,9.144043604292218e-05,0.00012801661046009104,0.0,-0.0008713056788968165,-8.727745802827869e-05,-0.00026207472726674785,-0.000436871996505217
2024-09-11,0.008390593906387522,0.010108139252104742,0.010345074917057717,0.010582010582010692,-0.00179799975574646,-0.001797999755746571,-0.0019722902795905606,-0.0019025740700529647,-0.00214658080343455,0.001983949045560651,0.0027276586264961544,0.002675018124436934,0.002622377622377714
2024-09-12,0.0009172510784496435,-0.0008502668889659448,-0.0014068088371531617,-0.0019633507853403787,-0.0026255339126247668,-0.0026255339126247668,-0.003002994368727918,-0.0028520101862866574,-0.0033804548248310695,-0.0006527541050153074,-0.0026114291940675383,-0.003267353655447003,-0.003923278116826467
2024-09-13,-0.006349415606660691,-0.009099051819885351,-0.009795427549286917,-0.010491803278688483,-0.00440781570004245,-0.00440781570004245,-0.004516581300529954,-0.004473075060334952,-0.0046253469010174575,-0.006205214476870058,-0.009622129798865564,-0.010062706037288371,-0.010503282275711179
2024-09-18,-0.0021080373766884097,-0.0027085381114764218,-0.0030109953645519605,-0.003313452617627499,0.0029822990558794338,0.0029822990558794338,0.003040096244172674,0.003016977368855378,0.0030978934324659146,0.003176751367950148,0.003282599979568479,0.0032998581498903112,0.0033171163202121434
2024-09-19,0.008581993004817434,0.009604991734076362,0.009789197994697685,0.009973404255319007,0.008307215544731461,0.008307215544731461,0.008322848044138409,0.00831659504437563,0.008338480543545357,0.010788590611171989,0.013592491270667084,0.013739159455038119,0.013885827639409154
2024-09-20,-0.004647206196178755,-0.006561112796223512,-0.006901359558085407,-0.007241606319947302,0.0029185325830980435,0.0029185325830982656,0.002837520502881441,0.002869925334968171,0.0027565084226646164,-0.003478590523085634,-0.00636930959868609,-0.006662915668908254,-0.006956521739130417
2024-09-23,-0.003156441839123225,-0.004557067261718339,-0.0045994885380210015,-0.004641909814323664,0.002940352449741779,0.0029403524497415567,0.002844641710515239,0.002882926006205766,0.002748930971288921,0.0016261180225405347,0.0,-0.00010945709281956484,-0.00021891418563912968
2024-09-24,0.03265387652804064,0.0532101335182904,0.055252635046953325,0.057295136575616246,0.033609135277298474,0.033609135277298474,0.03873572816256032,0.036685091008455586,0.04386232104782217,0.01396191127828783,0.04212376236101867,0.0442718658531609,0.046419969345303125
2024-09-25,-0.0004123063959936557,0.011783093151039425,0.013137923387113948,0.01449275362318847,0.001372113881581205,0.001372113881581205,0.007543366541024055,0.005074865477246915,0.013714619200466904,0.00018914416844650894,0.00815932691080623,0.007636893001333189,0.007114459091860148
2024-09-26,0.011184021264552202,0.021929494872411803,0.0345672319082555,0.0472049689440992,0.01195044510368648,0.011950445103686702,0.029866989966926827,0.022700372021630777,0.04778353483016695,0.01739639196336573,0.02468827724951983,0.03810769565779548,0.051527114066071134
2024-09-27,0.019048332994354933,0.028145824794854724,0.06567433588497185,0.10320284697508897,0.00014228094567925176,0.0001422809456790297,0.03152718442888347,0.0189732230356017,0.06291208791208791,0.003738476223648979,0.011032691568695352,0.048195658173203704,0.08535862477771206
2024-09-30,2.220446049250313e-16,0.0,0.09999999999999998,0.19999999999999996,0.008222668731153515,0.008222668731153515,0.05115191332654856,0.033980215488390544,0.0940811579219436,-0.005088185893818653,-0.0036307467198311016,0.04387914693864625,0.0913890405971236
2024-10-08,0.023817577854837957,0.023709513640419955,0.11176515108544294,0.19982078853046592,0.011034057705582079,0.0110340577055823,0.02666042597067453,0.02040987866463764,0.042286794235766756,0.012499124191891031,0.009059611519026456,0.025463917519313095,0.041868223519599734
2024-10-09,-0.020318751144769998,-0.016749410680648502,-0.08977873820066778,-0.16280806572068707,-0.013956056286449692,-0.013956056286449692,-0.05117567093560921,-0.036287825075945405,-0.08839528558476872,-0.002343698305415254,-0.0021547852473189355,-0.03173701478184071,-0.06131924431636249
2024-10-10,0.0051700122457147835,0.002819541916073476,-0.013755260264086355,-0.030330062444246186,0.006708799057031589,0.006708799057031589,0.011310640204796218,0.009469903745690367,0.015912481352560848,0.003706072034496799,0.00611840872425895,-0.003251558046193981,-0.012621524816646912
2024-10-11,-0.004545348523569137,-0.0005857530106821995,-0.026511827747291383,-0.05243790248390057,-0.00025306674719804967,-0.0002530667471981607,-0.013464761469536457,-0.008180083580601141,-0.026676456191874753,-0.0029861933953673203,-0.004074007506189803,-0.022161377565497686,-0.04024874762480557
2024-10-14,0.006068110636676893,0.0039268453330496556,0.015555655676233626,0.027184466019417597,-0.0022219259654269186,-0.0022219259654265855,0.006809580140243687,0.0031969776979755785,0.01584108624591396,0.004168907538791178,0.006305622675849332,0.015481825016830264,0.024658027357811196
2024-10-15,-0.00023887171334902035,-0.00035028228665678895,-0.016952078761475864,-0.03355387523629494,-0.0016631083664500057,-0.0016631083664501167,-0.01432165319312606,-0.009258235262455686,-0.026980198019802004,-0.0017936523851295183,-0.003747768887744085,-0.014345340618121094,-0.024942912348498103
2024-10-16,0.0,-0.0005840083788851702,-0.011294449177217614,-0.022004889975550057,0.0021176426740576737,0.0021176426740574517,-0.0021210311178173624,-0.0004255616010674368,-0.0063597049096921765,0.0004845506574999714,0.0011942436500673725,0.00014675252220536228,-0.000900738605656648
2024-10-17,0.00023892878667775008,0.004090447507812955,0.0007952237539065043,-0.0024999999999999467,0.00014087784932503844,0.00014087784932526048,-0.005433913353883213,-0.0032039968725998237,-0.011008704557091686,0.003208593379905089,0.0008747340311534568,-0.003529455919872304,-0.007933645870898065
2024-10-18,0.030874168950379977,0.028109108969180507,0.054405431677572724,0.08070175438596494,0.0031270477232556715,0.0031270477232554494,0.02136678557532179,0.014070890434495255,0.03960652342738813,0.002071874951283359,0.00013904060867697687,0.02142539089685036,0.042711741185023744
2024-10-21,-0.025604797481692976,-0.02841609908999443,-0.011657029136833974,0.005102040816326481,-0.0014322728710107757,-0.0014322728710105537,-0.0007161364355052768,-0.0010025910097073876,0.0,-0.0005219162153846657,0.0010327295016896443,0.005396964367369139,0.009761199233048634
2024-10-22,-0.0022591628374849515,-0.0011069653639862453,0.0012923871841812873,0.00369173973234882,-0.00016874437870262327,-0.00016874437870262327,0.002903675619413626,0.001674707620167127,0.005976095617529875,-0.0018276606395708495,0.0004959923421954393,0.004822482620260526,0.009148972898325614
2024-10-23,-0.005094986046943362,-0.0029118375130957608,-0.004444424503674271,-0.005977011494252782,-0.0019473923271601246,-0.001750176790900837,0.000981347248113884,-0.00011126236749200427,0.003712871287128605,-0.002041763958460341,-0.0013604416205722503,0.001286936220162016,0.003934314060896282
2024-10-24,-0.002917023731978774,-0.002917023731978774,-0.008396532217515684,-0.013876040703052595,-0.005034403608877636,-0.0059216576535747745,-0.008386229566614722,-0.007400400801398744,-0.01085080147965467,-0.0033760711832673262,-0.004244450953549528,-0.006467088315418479,-0.00868972567728743
2024-10-25,0.017228283957040347,0.017228283957040347,0.023623522841559552,0.030018761726078758,0.003794907804203218,0.0036734417508299533,0.005451779464295536,0.004740444378909303,0.0072301171777611195,0.008349008754098275,0.009363899921547958,0.012330626481915297,0.015297353042282635
2024-10-28,-0.003925980477103352,-0.003925980477103241,-0.0037844838633239175,-0.0036429872495445936,0.0005683196160333193,0.0006924318582752775,0.001088790186563382,0.0009302468552481402,0.0014851485148514865,0.007753903982490762,0.00900567334524971,0.010258719523479787,0.011511765701709864
2024-10-29,-0.013336782258834834,-0.013336782258835056,-0.018779908496876496,-0.024223034734917936,-0.003951282172543369,-0.003929302992062844,-0.006042753324998373,-0.005197373191824162,-0.008156203657933903,-0.004411141820271802,-0.005210624230849947,-0.007542550609148768,-0.009874476987447589
2024-10-30,-0.008500416845578007,-0.008500416845577785,-0.009870817322086223,-0.01124121779859466,-0.007239696046815958,-0.008708339403533882,-0.009587162475253097,-0.00923563324656541,-0.010465985546972312,0.0014374363643749888,0.002585165510955445,0.002813880929919854,0.0030425963488842633
2024-10-31,0.0019676411112563574,0.0019676411112561354,0.0035892208398534686,0.005210800568450802,-0.0009989714340373768,-0.0012013457475064104,-0.0006006728737532052,-0.0008409420232544872,0.0,0.005657058715330177,0.006875999100154129,0.008999172451998216,0.011122345803842304
2024-11-01,-0.014026979304968656,-0.014026979304968767,-0.01596730680611297,-0.01790763430725717,0.0012499629698472514,0.0017290116528370092,0.001871808772779593,0.0018146899248025594,0.0020146058927221766,-0.005474110667962995,-0.006929469706513536,-0.007964734853256772,-0.009000000000000008
2024-11-04,0.019917148456164657,0.019917148456164657,0.024593890926738693,0.02927063339731273,0.008239456585366955,0.009555687545226954,0.011437808587893672,0.010684960170826985,0.01331992963056039,0.008543393240783015,0.011444302782104065,0.013037993974301276,0.014631685166498487
2024-11-05,0.028315893408748405,0.028315893408748405,0.03840037094679849,0.048484848484848575,0.015601325221139328,0.01793935664907864,0.02199051165787258,0.020370049654355005,0.02604166666666652,0.014029083814191434,0.019646780711257472,0.02498997414478832,0.030333167578319165
2024-11-06,4.5215405286347377e-05,4.5215405286347377e-05,-0.0057577391181661275,-0.011560693641618602,-0.0015605498841352317,-0.0011440480099017547,-0.003714397705700201,-0.0026862578273808228,-0.006284747401498647,0.002294825568698977,0.0034973702676441842,0.002311748196885177,0.0011261261261261701
2024-11-07,0.020255585703824686,0.020255585703824686,0.028796258888799442,0.0373369320737742,0.01401805765158226,0.01791145512369008,0.025618340064885725,0.022535586088407465,0.03332522500608137,0.006473392524244614,0.01148155521134231,0.01538242954203628,0.01928330387273025
2024-11-08,-0.0022157860039965227,-0.0022157860039966337,-0.006311709133828336,-0.010407632263660038,-0.00260108183328589,-0.00402200688950638,-0.008366935648143059,-0.006628964144688387,-0.012711864406779738,0.0012601661758222527,0.0006762432206313118,-0.0010019382982449643,-0.0026801198171212404
2024-11-11,0.02220706614632273,0.02220706614632273,0.025783638244064155,0.02936021034180558,0.006350634465810856,0.00898991091623258,0.006998531996027624,0.007795083564109606,0.005007153075822668,0.011000317464585851,0.01711991769438681,0.01693808088323523,0.016756244072083648
2024-11-12,0.0007386372819955245,0.0007386372819957465,-0.0004821074977846007,-0.001702852277564948,-0.0005758684486116827,-0.0032161087885246298,-0.0070647566481176205,-0.005525297504280425,-0.010913404507710611,0.00032334701670522215,-0.0018192221112240947,-0.005573790160089687,-0.009328358208955279
2024-11-13,0.00460222132724919,0.00460222132724919,0.008058040301151204,0.011513859275053218,0.002784967943458616,0.004899478007223124,0.005567992781496001,0.00530058687178685,0.006236507555768878,-0.0014061048628561945,-0.0016957524799807722,-0.002338773917328729,-0.002981795354676686
2024-11-14,-0.00924871239771774,-0.009248712397717851,-0.022330932927358105,-0.03541315345699836,-0.0054347585369103335,-0.00929929635482818,-0.013112103481347392,-0.011586980630739707,-0.016924910607866606,-0.009775669031453216,-0.016049700031344538,-0.021561761710934324,-0.02707382339052411
2024-11-15,-0.016968851818563335,-0.016968851818563335,-0.026841069265924944,-0.03671328671328655,-0.00746247368725772,-0.011859265946967734,-0.014295297376975602,-0.013320884804972455,-0.01673132880698347,-0.00843384585700202,-0.018634793565168617,-0.022260286282665187,-0.025885779000161757
2024-11-18,-0.019303001026475974,-0.019303001026475974,-0.022128814487829662,-0.02495462794918335,-0.0027406440052595293,-0.0037413882474538473,-0.0039668716822965355,-0.00387667830835946,-0.004192355117139224,-0.007582494344757329,-0.012379608818006704,-0.013663645963562399,-0.014947683109118093
2024-11-19,0.021900099708801024,0.021900099708801246,0.02630602937976123,0.030711959050721216,0.00442626541030422,0.004755263418182665,0.004854105210824855,0.004814568493767979,0.004952947003467045,0.010895914492982328,0.014499066853540743,0.015089695288176497,0.01568032372281225
2024-11-20,0.007217385344084892,0.007217385344084892,0.005414561746534541,0.0036117381489841893,0.003656157956677397,0.003931829646345086,0.0031980488793578177,0.003491561186152725,0.002464268112370549,0.006917282324647056,0.010288161813390317,0.010207161915991247,0.010126162018592177
2024-11-21,0.004264231851824896,0.004264231851824896,0.002132115925912448,0.0,0.002388351503099795,0.0018131624570354443,0.0015211338342208114,0.0016379452833466645,0.0012291052114061785,0.0021376219795841145,0.0005684509880301558,-0.00012662084945247454,-0.0008216926869351049
2024-11-22,-0.029635328743782385,-0.029635328743782385,-0.03438581551898967,-0.039136302294196956,-0.023080522986841268,-0.02729300320334438,-0.028377657997449346,-0.02794379607980736,-0.029462312791554313,-0.025466484238277687,-0.036895857821511835,-0.03818477101601908,-0.03947368421052633
2024-11-25,-0.0003157796536490398,-0.0003157796536490398,-0.0010942194148395035,-0.0018726591760299671,-0.005124265280750162,-0.0052842856360316715,-0.005424839504077017,-0.005368617956858879,-0.0055653933721223625,-0.0011194643480053612,-0.0022247379176567605,-0.0023966155341708095,-0.0025684931506848585
2024-11-26,-0.009295879542729368,-0.009295879542729368,-0.010041936019019482,-0.010787992495309595,-0.0013619530009828518,-0.0017707858837536783,-0.0019029457274276074,-0.0018500817899580358,-0.0020351055711015364,-0.005670503358790491,-0.006604636963587374,-0.006735794876643497,-0.006866952789699621
2024-11-27,0.024990121936221854,0.024990121936221854,0.025771495297176816,0.02655286865813178,0.015365883140763481,0.015677406662915283,0.015995726018177003,0.015868398276072317,0.016314045373438724,0.018339721265717257,0.01860565976374917,0.01889660689138195,0.01918755401901473
2024-11-28,-0.012246906697103044,-0.012246906697103155,-0.0146684879905839,-0.017090069284064646,-0.002509580007982848,-0.004290365945634256,-0.005782002636724792,-0.005185347960288578,-0.007273639327815329,-0.0031222452336974182,-0.0036136924435390405,-0.005029369966681352,-0.006445047489823663
2024-11-29,0.01908940095167222,0.01908940095167222,0.021527783182602955,0.02396616541353369,0.006088463104605424,0.008038151739138799,0.009451112251580573,0.008885928046603864,0.010864072764022348,0.009634378731513182,0.01135715798887138,0.013018968205770642,0.014680778422669905
2024-12-02,0.008034482345418592,0.008034482345418592,0.011360058979042464,0.014685635612666337,0.0032008558288270095,0.004374481623927284,0.005936303546279942,0.0053115747773388785,0.007498125468632599,0.008648892882702652,0.010337312657147546,0.012907552694657154,0.015477792732166762
2024-12-03,-0.004463448614342891,-0.00446344861434278,-0.0051715705305996895,-0.005879692446856599,0.000598245570085254,0.0009457502711565091,0.000969029935875998,0.0009597180699882024,0.0009923096005954868,-0.0013204751370410328,-0.001266445429203733,-0.0014615858690087413,-0.0016567263088137496
2024-12-04,-0.007091187223492446,-0.007091187223492446,-0.009915020363338578,-0.01273885350318471,-0.0020926076020695294,-0.0030086225630778785,-0.00410654176481029,-0.0036673740841173252,-0.005204460966542701,-0.0034645540139871533,-0.003754099382673348,-0.005610869804181018,-0.007467640225688688
2024-12-05,0.0028106561836258592,0.002810656183625637,0.0030182313176192466,0.003225806451612856,0.0007738913039703199,0.00014963810025436786,-0.0007971291312380835,-0.0004184222386411031,-0.0017438963627305348,0.002401708404048186,0.002277695209930819,0.0025600146338903285,0.002842334057849838
2024-12-06,0.017459931868589074,0.017459931868589296,0.01952463750067046,0.021589343132751626,0.006286122598598398,0.008577967490500882,0.010528065352437999,0.009748026207663152,0.012478163214375115,0.00854501084462389,0.01092814333860792,0.011966239058433636,0.013004334778259352
2024-12-09,-0.004244919768081057,-0.004244919768081168,-0.006169222473968672,-0.008093525179856176,0.0010411423513034812,0.0012114697006482267,0.00023600352175617845,0.0006261899933129977,-0.0007394626571358698,-0.0013788761162871754,-0.0026446507644862782,-0.004037927752223336,-0.0054312047399603935
2024-12-10,0.0034013424962779926,0.0034013424962779926,0.005100489924476315,0.006799637352674637,0.0024515688245136946,0.0036053174975936297,0.00562604306058756,0.004817752835389988,0.00764676862358149,0.0036765348077181237,0.005353045667122691,0.006979021592455892,0.008604997517789092
2024-12-11,0.0014011225341767908,0.0014011225341767908,2.51898127884842e-05,-0.0013507429085998224,-9.881104376452399e-05,-0.00031986819461971017,-0.00138392430538814,-0.0009583018610807683,-0.00244798041615657,0.003513892721849654,0.0058850213702517085,0.006716095590786231,0.007547169811320753
2024-12-12,0.008530375606880858,0.008530375606880858,0.011028037217326814,0.01352569882777277,0.0024705202087935696,0.005341046756557111,0.007823897611407338,0.006830757269467247,0.010306748466257565,0.002328886701313815,0.004211769646059738,0.006665402816841914,0.009119035987624091
2024-12-13,-0.010203571545407408,-0.010203571545407408,-0.017334881858112994,-0.02446619217081858,-0.004928863560554442,-0.010870166631820055,-0.017215505953753152,-0.014677370224979914,-0.02356084527568625,-0.0024058683413268334,-0.005418065657049609,-0.010616084627782518,-0.015814103598515428
2024-12-16,-0.01085132388638177,-0.01085132388638177,-0.013405598103701621,-0.015959872321021473,-0.0004705613710473955,-0.002549395149812783,-0.0042597722017720385,-0.0035756213809883365,-0.005970149253731294,-0.00493896904389679,-0.009041015469136604,-0.01222668907577179,-0.015412362682406977
2024-12-17,0.0016455550335996438,0.0016455550335996438,0.0010544735316283527,0.0004633920296570615,0.001833575518099595,0.002754428550371557,0.00275359065156211,0.002753925811085889,0.002752752752752663,-0.0061919042097475785,-0.008560526519737266,-0.009609155849377382,-0.010657785179017498
2024-12-18,0.0009583301179836301,0.0009583301179836301,0.0002475763605203074,-0.0004631773969430153,0.0029926564908926423,0.004083174007058599,0.004162874749973011,0.004130994452807246,0.004242575492887424,0.005712667840937158,0.0066470171598178585,0.006521623375397967,0.006396229590978075
2024-12-19,0.006747479280793556,0.006747479280793556,0.006385787833167789,0.0060240963855420215,0.0011836273270451336,0.001873086555822967,0.0016820701168777097,0.0017584766924558127,0.0014910536779324524,0.0027072387078665994,0.003235199957713375,0.0031228684183950417,0.0030105368790767084
2024-12-20,0.00013585653947933984,0.00013585653947933984,-0.0003926889573445669,-0.0009212344541684736,0.0008866710072497064,-0.0008609929364140623,-0.0019193302151053748,-0.0014959953036288499,-0.0029776674937966874,0.003064336997562478,0.0026128882881195636,0.0023069443941848844,0.002001000500250205
2024-12-23,-0.008150285099236765,-0.008150285099236876,-0.009146604052615248,-0.01014292300599362,0.001648731381178159,0.0013787758144996332,0.001187147986891457,0.0012637991179347274,0.0009955201592832807,-0.00827320398401854,-0.013607690433257047,-0.01462544614856398,-0.015643201863870915
2024-12-24,0.01091069269340128,0.010910692693401502,0.010811657478512648,0.010712622263623794,0.003832518452286493,0.011015019273824977,0.011350373883555864,0.01121623203966351,0.011685728493286751,0.010290404198085579,0.01130387875292449,0.011315506578491008,0.011327134404057526
2024-12-25,-0.006430315644257667,-0.006268054918843413,-0.0063598339110345625,-0.006451612903225712,-0.00031158901167971376,0.0021180784442476064,0.0014276801658446026,0.001703839477205804,0.0007372818874415987,-0.004868148729381239,-0.008305114481173326,-0.008331761520091852,-0.008358408559010377
2024-12-26,0.005568997982259072,0.005753691607976119,0.0051959552659546215,0.004638218923933124,0.0012530608006353638,0.0012530608006353638,0.0007493201842077024,0.000950816430778767,0.000245579567780041,0.007924883235487012,0.007924883235487012,0.007755428805875653,0.007585974376264293
2024-12-27,-9.23026000443361e-05,-0.0003229470337801077,-0.0008539942925133714,-0.0013850415512466352,0.00012269535336373316,0.00012269535336373316,-0.0006752101431070079,-0.00035604794451871147,-0.001473115639577749,0.0024089586159727894,0.0024089586159727894,0.00237563540636343,0.0023423121967540705
2024-12-30,0.0013385112487100947,0.0011537548652114094,0.0010391982832761437,0.0009246417013408781,0.0038030893328875326,0.0038030893328875326,0.004237418775123403,0.0040636869982290545,0.004671748217359273,-0.0005841036930914756,-0.0005841036930914756,-0.0004589688887757237,-0.00033383408445997187
2024-12-31,-0.02060395682627536,-0.023002407969509253,-0.026050857564431318,-0.029099307159353383,-0.007992893999474004,-0.007992893999474004,-0.011828067166158918,-0.010293997899484953,-0.01566324033284383,-0.024780470951681455,-0.024780470951681455,-0.027250813201671387,-0.02972115545166132
2025-01-02,-0.035532986801213196,-0.03732121263650001,-0.03840370812605204,-0.039486203615604065,-0.023235563560175976,-0.023235563560176087,-0.025665519224145783,-0.024693536958557905,-0.02809547488811548,-0.02838950312676236,-0.02838950312676225,-0.029166357139013555,-0.02994321115126486
2025-01-03,-0.01707911759714187,-0.01788919199224881,-0.019098137353231903,-0.020307082714214997,-0.008198512060874963,-0.008198512060874963,-0.009215654086206171,-0.008808797276073688,-0.010232796111537379,-0.019649700472037734,-0.019649700472037734,-0.01993661181132489,-0.020223523150612044
2025-01-06,-0.0011914890743928153,-0.0013474142446937565,-0.001179268295248781,-0.0010111223458038054,-0.004145859000937668,-0.004145859000937779,-0.004140647256995145,-0.004142731954572198,-0.00413543551305251,-0.002354892448601431,-0.002354892448601431,-0.0023543428384597,-0.0023537932283179686
2025-01-07,0.008847418904707638,0.008495165825886941,0.0077900930344009245,0.007085020242914908,0.007968668930525835,0.007968668930526057,0.007488097766586654,0.0076803262321624155,0.007007526602647252,0.011279712684455934,0.011279712684455934,0.010903014236964825,0.010526315789473717
2025-01-08,-0.009755202552985787,-0.010108327076328472,-0.01058180172911899,-0.011055276381909507,-0.001064224976450423,-0.001064224976450423,-0.0013053083645138686,-0.0012088750092884904,-0.001546391752577314,-0.0038129945339209215,-0.0038129945339209215,-0.003971870830178803,-0.004130747126436685
2025-01-09,0.002487703035127131,0.002402717353190642,0.0019635537985466245,0.001524390243902607,-0.0013951126590886487,-0.0013951126590885377,-0.0017300808520016586,-0.0015960935748364103,-0.0020650490449147796,-0.00032194674759333797,-0.000321946747593449,-0.0005216586758706176,-0.0007213706041477863
2025-01-10,-0.016030682030578336,-0.016329277330603742,-0.01653602374901575,-0.016742770167427756,-0.010541465687167184,-0.010541465687167406,-0.010832036516630783,-0.010715808184845433,-0.01112260734609416,-0.014689077977220966,-0.014689077977220966,-0.014743925380958478,-0.01479877278469599
2025-01-13,0.0018158100767571295,0.0019290925482657872,0.00199653801819899,0.002063983488132193,-0.0038764327253636433,-0.0038764327253635322,-0.003900026459464412,-0.00389058896582406,-0.0039236201935652915,0.0016160994740097578,0.0016160994740095358,0.0016323765367849408,0.0016486535995603457
2025-01-14,0.044809494698936136,0.046006408165711665,0.04720505784186724,0.04840370751802281,0.024251115064853446,0.024251115064853224,0.024993204591250207,0.024696368780691414,0.02573529411764719,0.03332132732189752,0.03332132732189752,0.03376015159072199,0.034198975859546454
2025-01-15,-0.015757622135305183,-0.01637249380351946,-0.01727269090961825,-0.018172888015717037,-0.004906482506332743,-0.004906482506332854,-0.005397429681225863,-0.0052010508112686595,-0.005888376856118871,-0.007368696732382163,-0.007368696732382163,-0.007663128207039904,-0.007957559681697646
2025-01-16,0.005189753546437581,0.005367770849960651,0.005435261112824219,0.005502751375687787,0.0005815667684352377,0.0005815667684352377,0.0005483162196541214,0.0005616164391665679,0.000515065670873005,-0.012867222328589945,-0.012867222328589945,-0.01293985002347503,-0.013012477718360116
2025-01-17,0.008523753167304804,0.008033158920717653,0.007996678962846393,0.007960199004975133,0.0035379141006839365,0.0035379141006839365,0.0034420587234437194,0.003480400874339806,0.0033462033462035023,0.00802150515397404,0.00802150515397404,0.007984023301205956,0.007946541448437872
2025-01-20,0.01786933574656291,0.01783338381266164,0.017801193387081082,0.017769002961500524,0.005011163121304341,0.005011163121304341,0.004942728815654718,0.004970102537914567,0.004874294510005095,0.00500907072545842,0.00500907072545842,0.004923456702990769,0.004837842680523119
2025-01-21,0.004080497395551275,0.003914757398903568,0.0038972429089570992,0.0038797284190106307,0.001478313658544561,0.0014783136585447831,0.0013774003830125947,0.0014177656932254702,0.0012764871074804063,0.0035525003659651055,0.0035525003659651055,0.0035594170874048148,0.003566333808844524
2025-01-22,-0.005762718100317588,-0.005663968686077769,-0.005488989173956682,-0.005314009661835595,-0.00944590937715073,-0.009230001729794934,-0.009204496020430386,-0.009214698304176205,-0.009178990311065838,-0.004136650661566765,-0.003960842172293977,-0.003846092727938011,-0.003731343283582045
2025-01-23,-0.0017009813325804535,-0.002526718223056279,-0.002963213409731158,-0.003399708596406037,0.0009011137353829302,0.001415727288709867,0.0021232007519205176,0.0018402113666362574,0.002830674215131168,-0.002266062623586307,-0.003460933491187812,-0.0037814744145791557,-0.004102015337970499
2025-01-24,0.009833819405557609,0.011496461793384594,0.013545501851857988,0.015594541910331383,0.003961330826068421,0.00596335262769232,0.007087398664372246,0.0066377802497002755,0.008211444701052173,0.007761455492514724,0.01040095763281812,0.011289304031308789,0.012177650429799458
2025-01-27,-0.014366044648268739,-0.017241333641237144,-0.022056367396434295,-0.026871401151631447,0.0010761001638128764,-0.0008943106257646161,-0.0032468498916555233,-0.0023058341852991607,-0.0055993891575464305,-0.004631655033907167,-0.007299626880989507,-0.009576918889893205,-0.011854210898796902
2025-02-05,0.004206333882887492,0.0031853290604186846,0.0006064712363237357,-0.0019723865877712132,-0.0002815327996972261,-0.001560050832082327,-0.003339533990394883,-0.002627740727069861,-0.005119017148707439,0.007487919445390512,0.007228368487090631,0.005673271083294629,0.004118173679498627
2025-02-06,0.018751804404555372,0.02227535415248494,0.02497166917110416,0.027667984189723382,0.005837050442151437,0.008683337137096014,0.010130194423963457,0.00955145150921648,0.011577051710830899,0.015430802433402224,0.018836082157993372,0.02118694264818366,0.023537803138373947
2025-02-07,0.013386652049717451,0.017107041578473314,0.020813136173851943,0.02451923076923057,0.005115958675678378,0.00944658981916624,0.011844352895341026,0.010885247664871112,0.014242115971515812,0.008138391411560697,0.011774478013649503,0.013814068275117442,0.01585365853658538
2025-02-10,0.0022173621104475405,0.0034766177489322647,0.004319256786244674,0.005161895823557083,0.0004811366087629221,0.0010062566523001415,0.0010046328396906556,0.00100528236473445,0.0010030090270811698,0.003820267841571301,0.005758562453784144,0.007252459069457595,0.008746355685131046
2025-02-11,-0.00461320674003618,-0.007210056811970511,-0.010374402822418471,-0.013538748832866432,0.00015186480873241592,-0.0010806385015416087,-0.0025443272668028705,-0.001958851760698366,-0.004008016032064132,-0.0003271893656844327,-0.0007007440072587245,-0.002305489310667763,-0.003910234614076802
2025-02-12,0.007613964436401721,0.01131805600126956,0.014414352184259904,0.017510648367250248,0.002201705365054707,0.005559987612045791,0.007558665838216072,0.0067591945477479595,0.009557344064386353,0.005133386482832014,0.008072758679365855,0.010607466555931477,0.0131421744324971
2025-02-13,0.00018773739246591425,-0.0013056623076974638,-0.004141203246872005,-0.006976744186046546,0.0005302786053489328,0.00045034575295188617,-0.001020467382617296,-0.00043214212838962353,-0.0024912805181864783,-0.0006855260950905384,-0.0003393267428276614,-0.0026123857433814623,-0.004885444743935263
2025-02-14,0.007038830765743853,0.011065947208894977,0.01466646306580588,0.01826697892271678,0.0011104710759639591,0.003301048908290527,0.005396778200399077,0.004558486483555658,0.007492507492507627,0.0017149909087474935,0.0038187216511895716,0.005803046283526125,0.007787370915862679
2025-02-17,0.0007921582853407383,0.0018010483486810003,0.002740450577284337,0.0036798528058876734,0.0006050396169856587,0.0012213576062785059,0.0014783039890590155,0.0013755254359468117,0.0017352503718395251,0.001112835587769867,0.0006593937118286597,-0.00042622452826174273,-0.0015118427683521451
2025-02-18,-0.0034454890458474052,-0.007698316350555401,-0.013473356158779037,-0.019248395967002674,0.00010077896090043836,-0.0016181918622872882,-0.00439731666858495,-0.0032856667460658853,-0.007176441474882611,-0.004189871500403286,-0.00861715874670066,-0.012720423249527935,-0.01682368775235521
2025-02-19,0.006213978344285387,0.011567377301600512,0.016297707342389,0.02102803738317749,0.0,0.0025933034421863344,0.0039138002754302015,0.003385601542132655,0.005234297108674069,0.003451867663912145,0.008981794924283859,0.012447776312244585,0.01591375770020531
2025-02-20,0.0015787256503334568,0.0013777232709630827,0.0004600286835365064,-0.0004576659038900699,0.00030230641657458257,-2.487111168136824e-05,-0.0015001618142092,-0.0009100455331980672,-0.0029754525167370316,0.001985269743477458,0.0028715614255450106,0.0026990449876588274,0.002526528549772644
2025-02-21,-0.0017616768753139223,0.003072681999655602,0.014127916091402848,0.025183150183150094,-5.036917583733924e-05,0.0033328118560551623,0.008381153503257632,0.006361816844376645,0.013429495150460102,-0.0004953340641389303,0.0036044387214342333,0.01037076774781387,0.017137096774193505
2025-02-24,0.0015325771922560794,0.0020116994036454283,-0.0030138019283693085,-0.008039303260384045,0.0022163553728382634,0.0012146665281782543,-0.0009877587604507632,-0.00010678864499915654,-0.0031901840490797806,0.002785498802602815,0.0031719264171472528,9.934279231987864e-05,-0.0029732408325074955
2025-02-25,-0.0013911199941851748,-0.0009582016471486599,-0.005882072457973231,-0.010805943268797802,-0.0012816381164605373,-0.0006684940487936553,-0.005381022012087677,-0.003496010826770069,-0.0100935499753817,-0.0035105450211463385,-0.002459253309464726,-0.00644831452749578,-0.010437375745526833
2025-02-26,-0.0011063421009660512,-0.0010140779304308456,0.005410120798098106,0.011834319526627057,-0.0005641626842710634,0.0008262824259352985,0.004516598064497113,0.0030404718090723875,0.008206913703058927,-0.00019987851250979904,-2.9629169994049853e-05,0.006012307464224487,0.012054244098443023
2025-02-27,-0.002430259320820749,-0.0027449432688847475,-0.0038466056875237076,-0.004948268106162668,0.0024675330331422884,0.0024675330331420664,0.0028371212279671987,0.0026892859500371458,0.003206709422792331,-0.0009928561271297376,-0.001836436675556219,-0.002241626112798767,-0.002646815550041315
2025-02-28,-0.030497362812733853,-0.03289461587109277,-0.035434649707698274,-0.03797468354430378,-0.011888848423865395,-0.011888848423865284,-0.014919098418964827,-0.01370699842092501,-0.01794934841406437,-0.022692745534243608,-0.025177293353283225,-0.026023710534661182,-0.02687012771603914
2025-03-03,0.012610603954396726,0.013064160917055423,0.012641103014918609,0.012218045112781795,-0.0010462516335071337,-0.0010462516335072447,-0.0021505669784963044,-0.0017088408405006807,-0.003254882323485364,0.00272873417165731,0.002176384374508622,0.001940416492691499,0.0017044486108743762
2025-03-04,-0.0016543470657466308,-0.001980409467158717,-0.0021508361170519685,-0.00232126276694522,-0.0002743052773104271,-0.0002743052773104271,-0.0006395389737469115,-0.0004934454951723178,-0.0010047726701833959,0.008248438017548043,0.008669665969561757,0.00875885884831673,0.008848051727071704
2025-03-05,0.0011507558786016947,0.0008768010734259146,0.0004384005367129573,0.0,0.004015933377810255,0.004015933377810477,0.00414525610303651,0.004093527012946097,0.004274578828262543,0.0029337451462128072,0.0028594428824644247,0.002694690238668529,0.0025299375948726333
2025-03-06,0.015310449712965912,0.01627577038281447,0.017909872162091278,0.019543973941368087,0.009241936035045306,0.009241936035045306,0.011506296009510697,0.01060055201972454,0.013770655983976088,0.011399779892314221,0.014189359739608776,0.015085931552173193,0.01598250336473761
2025-03-07,-0.009690777698948216,-0.010661618533957862,-0.012405204520287871,-0.014148790506617881,2.461641077844412e-05,2.4616410778666165e-05,-0.001222564602711529,-0.000723692197315451,-0.002469745616201724,-0.0014378331398442468,-0.002894086018735531,-0.003599717293189586,-0.004305348567643641
2025-03-10,0.0007773613712032112,0.0001834300189138549,-0.00013976647202462722,-0.00046296296296310935,-0.0018215695571318635,-0.0018215695571318635,-0.0028914730677463973,-0.002463511663500584,-0.003961376578360931,0.0006123727447027161,-0.0005639115779679793,-0.0008640279659338779,-0.0011641443538997764
2025-03-11,0.000137074861745079,0.0001833963785131676,9.16981892565838e-05,0.0,0.0025893762356643535,0.0025893762356643535,0.002786112428048493,0.002707417951094837,0.002982848620432632,0.00304344938333867,0.004630002978552206,0.004812503986778571,0.004995004995004937
2025-03-12,-0.0035634579448686754,-0.0040339805098690285,-0.004332877239649591,-0.004631773969430153,-0.0017955835605369952,-0.0017955835605371062,-0.002136949153254908,-0.002000402916167787,-0.0024783147459727095,0.001055379096995157,0.0006607404797971395,0.0006617155016613863,0.0006626905235256331
2025-03-13,-0.0097199325234949,-0.010171824905704119,-0.01066990500752868,-0.01116798510935324,-0.003720833363673015,-0.003720833363673015,-0.004344888731525998,-0.004095266584384805,-0.00496894409937898,-0.006440909069906131,-0.008006188304839235,-0.008224948457055403,-0.008443708609271572
2025-03-14,0.02509392745012229,0.026272127205082985,0.02748900477901206,0.028705882352941137,0.01530991831787576,0.01530991831787576,0.020264197610872947,0.018282485893674073,0.025218476903870135,0.012451355880948034,0.016574271068425794,0.017387152231491232,0.01820003339455667
2025-03-17,-0.004019719025253332,-0.004530897697925584,-0.005238916369548319,-0.005946935041171053,0.00014616212427065456,0.00014616212427065456,-0.0013881951190628516,-0.0007744522217294492,-0.002922552362396358,0.0028330135125820277,0.0013423007645689822,0.0008351385751346196,0.0003279763857002571
2025-03-18,0.005532415396784618,0.005552854607627999,0.0055375869908825814,0.0055223193741371635,0.0017780459623177869,0.0017780459623175648,0.0019881924975241327,0.0019041338834415056,0.0021983390327307006,0.00342920315777695,0.004364803366712078,0.004313549224339686,0.004262295081967293
2025-03-19,-0.0023902027663125214,-0.0027610953428175433,-0.0029823783350243493,-0.0032036613272311554,0.001531754492383408,0.0015317544923838522,0.0014970495591336563,0.0015109315324337348,0.0014623446258834605,-0.0022295014087073683,-0.0035320079389447034,-0.003724867828434175,-0.003917727717923647
2025-03-20,-0.008001500484768886,-0.008487777022375798,-0.008835256738919772,-0.009182736455463747,-0.00305882361794918,-0.003058823617949291,-0.005544987374805799,-0.004550521872063196,-0.008031151131662306,-0.0038002524362534817,-0.006354014264076224,-0.006618501723975212,-0.0068829891838742
2025-03-21,-0.02023345856659331,-0.020599979908152877,-0.020958006636189463,-0.02131603336422605,-0.011810168513693875,-0.011810168513693764,-0.014001256975198162,-0.013124821590596403,-0.01619234543670256,-0.01236109799393037,-0.014794810647834833,-0.014988164399824977,-0.015181518151815121
2025-03-24,0.000186047800982303,0.0001402217649277837,7.011088246389185e-05,0.0,0.004435539797123189,0.004435539797123189,0.0043374706466913215,0.004376698306864069,0.004239401496259454,-0.0006465118905596423,-0.0011012454994828724,-0.0011370838757467916,-0.0011729222520107108
2025-03-25,-0.003115720993416504,-0.0032246484274475185,-0.003269521183420776,-0.0033143939393940336,0.0010794550954837945,0.0010794550954837945,0.0007880513619956675,0.0009046128553909182,0.0004966476285075405,-0.0030024193611327687,-0.0032572669353890804,-0.003306204345064123,-0.003355141754739166
2025-03-26,-0.003571311876421457,-0.00345315244451061,-0.0033892840607351316,-0.0033254156769596532,-0.004147895033125626,-0.003911760729409797,-0.003941484733034517,-0.003929595131584629,-0.0039712087366592375,-0.0002121388558756765,-7.853006561620024e-05,-3.926503280810012e-05,0.0
2025-03-27,0.0035284167119264964,0.003527940574224786,0.002955581345263081,0.0023832221163013756,0.00172014206079929,0.0028911474870914056,0.0031899046680411436,0.003070401795661248,0.0034886618489908816,0.0016332040554110083,0.0026429045864817535,0.002583866028302406,0.002524827470123059
2025-03-28,-0.004656338575111607,-0.0054158287571957064,-0.006036492600186127,-0.006657156443176548,-0.0018416221844398395,-0.0031561830340128827,-0.003937167752417425,-0.0036247738650556083,-0.004718152470821968,-0.004958861953620941,-0.00711871168645184,-0.007504956917772643,-0.007891202149093446
2025-03-31,-0.009213035184557405,-0.010556277617682075,-0.01126186307882665,-0.011967448539971226,-0.002642866506868069,-0.004836520918482856,-0.005412272435289356,-0.005181971828566756,-0.005988023952095856,-0.006926324316588017,-0.008708541992394903,-0.009008188748778234,-0.009307835505161566
2025-04-01,-0.00019271926375297177,-0.00033792900690887695,-0.0006534606274855026,-0.0009689922480621282,-0.0002499877131038053,0.00015031009912913618,-0.00017584896649963655,-4.538534024812747e-05,-0.0005020080321284093,0.004678107423499833,0.005646311724272879,0.005556329760325718,0.005466347796378557
2025-04-02,0.0011565384697587167,0.0012072972911632007,0.001088614697957957,0.0009699321047527132,-2.500502225877277e-05,-0.0003757187734961809,-0.0005645545148244557,-0.0004890202182931459,-0.0007533902561527306,0.0009989932856815376,0.0011873797343353587,0.0011883211957439688,0.0011892626571525788
2025-04-03,-0.015691499724472147,-0.016737079770272834,-0.01733171817971002,-0.017926356589147208,-0.00250056475254945,-0.004059287904430886,-0.004542838222132528,-0.004349418095051872,-0.00502638853983417,-0.00661383984723829,-0.008284858299866915,-0.008469596976168003,-0.008654335652469092
2025-04-07,-0.12367002460857457,-0.12459891657808209,-0.12446028710009188,-0.12432165762210168,-0.0617934396474632,-0.06619454516441126,-0.06643902555012687,-0.06634123339584062,-0.06668350593584249,-0.0922396502242494,-0.09582409395619873,-0.09601201274324822,-0.09619993153029771
2025-04-08,0.019530618415548595,0.018436113263859077,0.017387070716436637,0.016338028169014196,0.011462629982617045,0.011181319167994141,0.010326789489274457,0.010668601360762331,0.009472259810554773,0.007409428274258056,0.006915402091236311,0.006582701045618089,0.006249999999999867
2025-04-09,0.010453965075382543,0.010839416520260992,0.010685783648157088,0.010532150776053184,0.009615647257482651,0.009725429152879883,0.009688451841855517,0.009703242766265264,0.00965147453083115,0.021077932938508237,0.021448138129912753,0.02154657988746722,0.02164502164502169
2025-04-10,0.0226416163362404,0.022371717794116064,0.022156785940393164,0.021941854086670265,0.016483962438962774,0.016545509949043247,0.016637067242179615,0.01660044432492507,0.016728624535315983,0.019694567888050907,0.019730192737345664,0.019721397031900567,0.01971260132645547
2025-04-11,0.015307544323219568,0.015493219453733609,0.015529755191171613,0.015566290928609616,0.00283147819172358,0.0030371878340380576,0.0029550002894399574,0.0029878753072791974,0.0028728127448418572,0.006777847690352612,0.006791772313705868,0.006828587150529586,0.006865401987353303
2025-04-14,0.0026084353303279517,0.002254447421829786,0.0019200355502383415,0.001585623678646897,0.0031314999479195027,0.002743308317251225,0.002413320825292331,0.0025453158220758885,0.002083333333333437,0.008792738214284723,0.008499545829005362,0.00819737743630422,0.00789520904360308
2025-04-15,-0.0007284617471338128,-0.0007846661585517722,-0.000920037564763998,-0.0010554089709762238,0.0011514556728204894,0.00092914069777561,0.0008543832387006844,0.0008842862223306547,0.0007796257796257589,-0.0038033890168267526,-0.003938940111768985,-0.004016826295870246,-0.004094712479971507
2025-04-16,-0.011924239215963972,-0.0120933480826807,-0.012121687247890756,-0.012150026413100812,0.002146911848770694,0.002501194030062548,0.0024191246701857905,0.0024519524141364936,0.002337055310309033,-0.00841354243790815,-0.00862155896703698,-0.008690472011226802,-0.008759385055416624
2025-04-17,0.0015809793845820153,0.001589790576887129,0.0015970343258766562,0.0016042780748661833,0.0008926302052902901,0.0006173081237554889,0.0006972550981472203,0.0006652763083905278,0.0007772020725389517,0.0005525900286804664,0.0006288817840420791,0.0005849548685764594,0.0005410279531108397
2025-04-18,0.002788654773720367,0.0026983541626874885,0.0026839341555562335,0.0026695141484249785,0.0028029072569459856,0.00275046749914587,0.0026695645805333568,0.002701925747978362,0.0025886616619208436,0.0004453910012773843,0.0004130054407720518,0.0003867478537673552,0.0003604902667626586
2025-04-21,0.015898351710839753,0.015935489760392496,0.01595496532748064,0.015974440894568787,0.0009909804013044088,0.0006408699014233132,0.0005786327302107486,0.0006035275986957745,0.0005163955589981839,0.014762590477406246,0.014772311031493457,0.014773542903134151,0.014774774774774846
2025-04-22,-0.004596732410183768,-0.004622557770285862,-0.004669769451180639,-0.004716981132075415,0.0008630763401682451,0.0008197880963054516,0.0007969908223462996,0.0008061097319299604,0.0007741935483871476,-0.0025796508437317955,-0.0026532077573638846,-0.0026582800150455332,-0.002663352272727182
2025-04-23,0.009928507191686142,0.010179357976821901,0.01035560842495653,0.01053185887309116,0.0007269468157882208,0.0006858584267903645,0.0008586589710022352,0.000789538753317487,0.001031459515214106,0.0016966623998682095,0.0018610027143359797,0.0019096717328133117,0.0019583407512906437
2025-04-24,-0.0035974057699312834,-0.004326491655735398,-0.005289874280186624,-0.0062532569046378494,-0.00010307711339285763,-0.00010307711339296866,-5.153855669648433e-05,-7.215397937507805e-05,0.0,-0.003199224849147142,-0.0032164079310826876,-0.0036515586208362705,-0.004086709310589853
2025-04-25,0.004866182976799305,0.005654114271219868,0.00623555215396332,0.0068169900367067715,0.0001804035439141316,0.0001804035439141316,9.02017719570658e-05,0.00012628248073989212,0.0,0.0025141026448201043,0.0026741325356955947,0.002764363324047614,0.0028545941123996332
2025-04-28,-0.004478119789548152,-0.005362032178960696,-0.006326849422813696,-0.007291666666666696,-0.00043804386769719095,-0.0004380438676969689,-0.000991819460896437,-0.0007703092236166498,-0.0015455950540959051,-0.0028457279815933267,-0.003964940925536342,-0.004295226200181523,-0.0046255114748267045
2025-04-29,-0.0005753592916091232,-0.0008897665592753068,-0.0012318717371402332,-0.0015739769150051597,-0.00038667867724984095,-0.000386678677250063,-0.0010963321146827965,-0.000812470739709703,-0.00180598555211553,0.0003924042732894595,0.0005712250062170909,0.0005537090178538984,0.0005361930294907058
2025-04-30,0.006594273234810544,0.007595943975460484,0.008527346659301438,0.009458749343142392,-0.0005931366584154274,-0.0005931366584153164,-0.0006842654085563171,-0.0006478139084999168,-0.0007753941586973179,0.004011651333154731,0.004513669384582419,0.004757727868425543,0.005001786352268667
2025-05-06,0.016273698866432706,0.018716724198930557,0.018988762932364844,0.019260801665799132,0.008128214507245213,0.008128214507245213,0.008849415065314226,0.00856093484208662,0.009570615623383238,0.01667506368888727,0.0194831870618708,0.01925101407839358,0.01901884109491636
2025-05-07,0.002506844132131425,0.0034193905472226227,0.004007958807829892,0.004596527068437162,0.00399294594906463,0.00399294594906463,0.005071031006815163,0.00463979698371495,0.006149116064565696,0.0013100292749621545,0.0017246798896131121,0.0017344836740932346,0.001744287458573357
2025-05-08,0.007603791046086883,0.011749067385987466,0.014517136641646444,0.017285205897305422,0.0017590867698487056,0.0017590867698484836,0.0038079874898389043,0.002988427201842736,0.005856888209829325,0.0024421886413146243,0.00398254244692442,0.004080771484649692,0.004179000522374965
2025-05-09,-0.003140116797657355,-0.004926570224865201,-0.00671116117440157,-0.008495752123937939,0.00025449243729247506,0.0002544924372926971,-0.0005056651737587736,-0.0002016021293381855,-0.0012658227848102444,-0.0039153839245371636,-0.0070847099980059225,-0.007617263963802745,-0.008149817929599568
2025-05-12,0.006909695387349091,0.011821683544140704,0.019267696610779983,0.02671370967741926,0.003002246710972045,0.003002246710972045,0.007204545408717955,0.005523625929619591,0.011406844106463865,0.006551290692490497,0.010641832189244749,0.011614622388328666,0.012587412587412583
2025-05-13,0.0030779340210529416,0.0022967690201805002,-0.0005698285483290433,-0.003436426116838587,0.000532698850107538,0.000532698850107316,0.0007676025578857715,0.0006736410747743894,0.001002506265664227,0.000642186862179317,-0.0009494060399297677,-0.001683266555876528,-0.0024171270718232885
2025-05-14,0.0006036372615925156,0.003337628246497415,0.007580144172509851,0.011822660098522286,0.0006084745521426349,0.000608474552143079,0.006688814141369459,0.004256678305678907,0.01276915373059584,-0.00024283367892885543,0.002367131504772635,0.0029142684176685085,0.003461405330564382
2025-05-15,-0.005379185172592615,-0.008539737209447007,-0.01449382186665138,-0.020447906523855752,-2.5337689000592967e-05,-2.533768900070399e-05,-0.004215388251175234,-0.0025393680263054224,-0.008405438813349764,-0.006020268108736682,-0.011428481497921972,-0.012354461514742288,-0.013280441531562603
2025-05-16,0.002021785905660378,0.0017527048617778096,-0.00011768335439937827,-0.001988071570576566,0.0007854882614670711,0.0007854882614672931,-0.0023497141091068374,-0.0010956331608771852,-0.005484916479680968,0.0009425460742267244,-0.001185702730218785,-0.0014668244467384572,-0.0017479461632581295
2025-05-19,0.00035309864362931265,0.00034992765245744906,-0.0013190600781537998,-0.0029880478087650486,0.00035445821144675094,0.00035445821144675094,-0.0005748390817922888,-0.000203120164496673,-0.0015041363750313286,0.00270290870817691,0.002740828169861542,0.0025961188651794087,0.002451409560497275
2025-05-20,0.002369968346047413,0.0038978298832126335,0.0059449189376102884,0.007992007992007943,2.5309472524437382e-05,2.5309472524437382e-05,0.0025233250852454425,0.0015241188401570408,0.005021340697966448,0.002695622686144983,0.004213168461721484,0.004202654099856429,0.004192139737991374
2025-05-21,0.002968032504081286,0.005176927727351233,0.006552784973685499,0.007928642220019766,-2.5308831971271317e-05,-2.5308831971160295e-05,0.0019858467081713127,0.0011813844921143239,0.003997002248313786,0.0013875488202550468,0.0014389497857931755,0.001328276423597674,0.0012176030614021727
2025-05-22,-0.0012037624498192345,-0.003070350393834409,-0.005959953957979103,-0.008849557522123797,0.0006580462856342617,0.0006580462856340397,8.020502885836e-05,0.0003113415315686318,-0.0004976362279173197,-0.004503285137847923,-0.0075825830940094985,-0.0077002561057260555,-0.007817929117442612
2025-05-23,-0.0005523894017867015,-0.003924269545656611,-0.007418483979177493,-0.010912698412698374,0.0003035139440692447,0.00030351394406946675,-0.0034579019774300668,-0.001953335608830254,-0.0072193178989296,-0.0056893679232290495,-0.008425502677831487,-0.00850271806978603,-0.008579933461740574
2025-05-26,-0.0022610237910699604,-0.005186480142887362,-0.00685602843653893,-0.008525576730190498,-0.0007585546282663502,-0.0007585546282662392,-0.003012176010221357,-0.00211072745743931,-0.0052657973921764745,0.0024672507891660977,0.0016360866099567328,0.001612815470291018,0.0015895443306253032
2025-05-27,-0.0010071767132084908,-0.0032083199757771963,-0.004133244459309959,-0.005058168942842722,2.220446049250313e-16,2.220446049250313e-16,-0.002646836400302388,-0.0015881018401813444,-0.005293672800604998,-0.0017629717937255318,-0.002388648726749709,-0.002428674566160971,-0.002468700405572233
2025-05-28,0.0009639478873750829,-0.0037123656348792,-0.0038897364524167477,-0.004067107269954295,0.0002912142116797689,0.000421950052725828,-0.0002958673456593952,-8.740386305306023e-06,-0.0010136847440446184,-0.001859728828484064,-0.0018439338328247734,-0.0018058276199655054,-0.0017677214071062375
2025-05-29,0.010927724489801616,0.01271301576934758,0.014013475725408897,0.015313935681470214,0.004414951217072582,0.005733612555190559,0.00591094630803668,0.005840012806898232,0.0060882800608828,0.009068882430813385,0.012060720574392114,0.013113767406020216,0.014166814237648317
2025-05-30,-0.003182265466908918,-0.005243197128179999,-0.0068951028375943135,-0.008547008547008628,0.00040418805516173606,-0.0009333373862036032,-0.001349169953817897,-0.0011828369267721794,-0.0017650025214321907,-0.0018255609461680367,-0.003762339950058591,-0.004762259550723402,-0.005762179151388214
2025-06-03,0.002787037357499633,0.0033449518038057846,0.0029402243806047057,0.002535496957403627,0.00022726392366512194,-5.049780101029633e-05,-0.0002778379381409568,-0.00018690188328869263,-0.0005051780752716173,0.0020926833266652345,0.0021429717692629247,0.001861791469457641,0.0015806111696523573
2025-06-04,0.00884319980926973,0.010203449715631807,0.010918619142085029,0.01163378856853825,0.0028527764861741023,0.004141028795679125,0.004218606386720114,0.004187575350303718,0.004296183977761103,0.005054068796510824,0.006905945647613487,0.007485937929891162,0.008065930212168837
2025-06-05,0.0075635322938034655,0.009550369599303554,0.01052518479965181,0.011500000000000066,0.0016363095992415477,0.002061975697101648,0.002289166006578025,0.002198289882787474,0.0025163563160544022,0.003544502388619364,0.005065601453657198,0.005576808380333587,0.006088015307009975
2025-06-06,-0.0013422673988552347,-0.0019316277093679446,-0.0024487599743083233,-0.002965892239248702,0.0008545175351271084,0.0008281119411610582,0.0006650599866447893,0.0007302807684512969,0.0005020080321285203,0.0006089626319822905,0.0006061940422279477,0.0003895423876423276,0.00017289073305670755
2025-06-09,0.003584190672571763,0.006103846981816208,0.00726610296537511,0.008428358948934012,0.0015820188639927846,0.002106177154321376,0.002182039906814426,0.002151694805817206,0.002257902659307476,0.004121037407351924,0.006040958599389468,0.006477696240057784,0.006914433880726101
2025-06-10,-0.003620992770067666,-0.006560053143335631,-0.008688089501854568,-0.010816125860373504,-0.002381815923537589,-0.0046288552578228614,-0.005193025876721213,-0.004967357629161872,-0.005757196495619565,-0.003255592159224774,-0.005729398150983944,-0.0069848707493117,-0.008240343347639456
2025-06-11,0.006123297219321033,0.009681635070278416,0.01130205013951291,0.012922465208747402,0.004146714894552428,0.006912728809752355,0.007484561786547772,0.007255828595829605,0.008056394763343189,0.0030229960876002604,0.00484527245382349,0.0056249903899721065,0.006404708326120723
2025-06-12,0.001533877642184489,0.0013276799736587908,0.0011545171212750116,0.0009813542688912325,0.0008509459540699815,0.0008487971483410739,0.000674148823920917,0.0007440081536889797,0.0004995004995007601,0.0006062412607072964,0.001704889250393915,0.0017984370572574626,0.0018919848641210102
2025-06-13,-0.004446372962653267,-0.0069733548112661525,-0.008388638189946784,-0.009803921568627416,-0.003000785155435781,-0.005512502467842406,-0.006001383535468918,-0.005805831108418313,-0.00649026460309543,-0.003392894147536185,-0.006171853843348951,-0.007291935505365499,-0.008412017167382047
2025-06-16,0.005359477792334033,0.007863024724613643,0.008139433154386033,0.008415841584158423,0.0021821173029008545,0.0026837433002042665,0.002598153057137287,0.0026323891543640785,0.002512562814070307,0.0024317464780623244,0.003632697096997539,0.0036342155845098256,0.003635734072022112
2025-06-17,-0.0016288882240611535,-0.003042164498077482,-0.0037302133241491897,-0.004418262150220897,0.0004004351328368294,7.504374112032863e-05,-8.779141264791956e-05,-2.2657351140620307e-05,-0.00025062656641616776,5.1982444973841524e-05,-0.0010341566783219625,-0.0015520964519779024,-0.0020700362256338423
2025-06-18,0.002422598353414074,0.0032975319794157354,0.003128055930536222,0.002958579881656709,-0.020914360845874724,-0.02126079782769652,-0.021284698236986865,-0.02127513807327073,-0.02130859864627721,2.220446049250313e-16,-0.001104242416546053,-0.0013299950198547572,-0.0015557476231634615
2025-06-19,-0.006362447316840103,-0.011184570629729662,-0.012721095541020189,-0.014257620452310715,-0.004471525250549613,-0.007309028938004558,-0.007624801354248145,-0.007498492387750711,-0.007940573770491732,-0.004678176864575612,-0.00901643353831405,-0.009528992392425717,-0.010041551246537384
2025-06-20,-0.004169517284560276,-0.007243060131388979,-0.007860931561953832,-0.008478802992518686,0.0020533072440114264,0.0015189084145852405,0.0014049486560403501,0.0014505325594583063,0.0012909888974954598,-0.004143108467397627,-0.006483966614683312,-0.006652266623186354,-0.006820566631689395
2025-06-23,0.005183873746356316,0.005197082877381076,0.00511363198195014,0.005030181086519203,0.00327855970003621,0.003393081994212066,0.0033726627093287886,0.0033808304232820995,0.0033522434244455113,0.0057335850214006445,0.005859619516308534,0.005835250856939256,0.005810882197569978
2025-06-24,0.005950545905560656,0.020581424240522894,0.021802223631772977,0.02302302302302306,0.006356981423368602,0.011272026404209656,0.011418588375582073,0.011359963587033107,0.01156515034695449,0.007856116136756297,0.01599391972915054,0.01605018115309076,0.016106442577030977
2025-06-25,-0.0018199882372839093,0.005238222674814441,0.018519307032123455,0.03180039138943247,0.00017950732732874286,0.016514918050597904,0.016514572846437203,0.016514710928101483,0.016514227642276502,-2.304665883678947e-05,0.01696022484044324,0.017870188230007966,0.018780151619572694
2025-06-26,-0.00042695160467975946,-0.0011858246239850878,-0.004386179263154211,-0.007586533902323334,0.0002750562593196726,5.00000587502214e-05,-0.0018495313377830946,-0.0010897187791697686,-0.0037490627343164107,-0.0005413609172285616,-0.001488473472857188,-0.002858222868679594,-0.004227972264502
2025-06-27,0.0035594497517816848,0.0037516546162175146,0.0037869596540237582,0.003822264691830002,-0.00169988022218992,-0.003924808371231325,-0.004847502028064277,-0.004478424565331096,-0.005770195684897228,0.003910065878093283,0.0040147054765475865,0.0038755592600129285,0.0037364130434782705
2025-06-30,0.011113385020031785,0.01253762737135311,0.013884234913663196,0.015230842455973281,0.004006528788906394,0.004693191632074489,0.0047437696742255175,0.004723538457365106,0.004794347716376546,0.007654787495891213,0.008807157715425395,0.008887504407628088,0.008967851099830781
2025-07-01,-0.00018708485432361588,-0.0006541635606552854,-0.0019679631680444842,-0.003281762775433683,0.002070092922355826,0.0021982439877463733,0.0018525122500258062,0.001990804945114033,0.0015067805123052391,0.0041664373940868416,0.003963742758580802,0.0035750291857636896,0.0031863156129465775
2025-07-02,-0.00589427564088818,-0.0073875356983373885,-0.00886780359705197,-0.010348071495766553,0.0006720125932171417,0.00112163640869678,0.001062322717888975,0.001086048194212097,0.0010030090270811698,-0.004532405059007205,-0.005264124708580731,-0.005557505349943981,-0.005850885991307231
2025-07-03,0.012564308258949941,0.014979244208102038,0.016282397769450285,0.017585551330798532,0.002910098947468187,0.004879876244346493,0.005320699645219307,0.005144370284870181,0.005761523046092121,0.0035654330661625266,0.003868506094982127,0.003952077160489176,0.0040356482259962245
2025-07-04,-0.0017195168297126084,-0.0026917431313153717,-0.003214157413392371,-0.0037365716954693706,0.001959237031931238,0.0033695933790267585,0.0038018577106840867,0.0036289519780211554,0.004234122042341415,-0.0010674977403449804,-0.0013679440300028434,-0.0013538765536046937,-0.001339809077206544
2025-07-07,-0.007169235506942484,-0.008562370739903624,-0.009672652786735736,-0.010782934833567848,-0.0011138388198744797,-0.002839719817932962,-0.00365200276610933,-0.003327089586838783,-0.004464285714285698,-0.0005176217780581416,-0.0015034586314085496,-0.0017579342461084835,-0.0020124098608084173
2025-07-08,0.014442009178881499,0.017507318751551537,0.020365033783358744,0.02322274881516595,0.0030478876298842827,0.006067066642368557,0.00726871020210107,0.006788052778208065,0.008470353761833582,0.006765980286923767,0.011660983651986756,0.012552051227774585,0.013443118803562415
2025-07-09,0.001525329306464096,0.0025832193929846703,0.0022179644903783657,0.0018527095877720612,-0.0005681984023322428,-0.0004922840263208439,-0.0006166953728442559,-0.0005669308342348911,-0.0007411067193676679,-0.001908292807485834,-0.0034232431895278026,-0.003867151357655585,-0.004311059525783367
2025-07-10,0.0008768823693454664,0.002024442800300452,0.002399183952161321,0.00277392510402219,0.0018785925688291627,0.003866332940567929,0.004405354356563418,0.004189745790165222,0.004944375772558907,0.0037407548179864136,0.005193988587131271,0.005344704535031108,0.005495420482930946
2025-07-11,0.0029050099779024396,0.004683544922806648,0.0060301080999464185,0.007376671277086189,0.000148031848114627,0.002134238551398493,0.002789136495871314,0.0025271773180821854,0.0034440344403441348,0.0024514152479866436,0.007643420658230982,0.008127771938920003,0.008612123219609025
2025-07-14,-0.0007816209646375194,-0.0014624977528380212,-0.0025619124919796787,-0.0036613272311213363,0.0011347428574626228,0.000685418526221504,0.00022013019961486524,0.0004062455302575207,-0.00024515812699177353,0.0004956933459867585,-0.000704479488530918,-0.0012553596129025735,-0.001806239737274229
2025-07-15,0.006487927336134236,0.01103056838253269,0.013553869400269591,0.016077170418006492,0.001034895225544341,0.0013209731668029079,0.0006604865834014539,0.0009246812167620354,0.0,0.001271649239966255,0.0003115010805891938,-8.750199958718063e-06,-0.0003290014805066299
2025-07-16,-0.0006857559013010439,-0.00036216505984976166,-0.0015373212279357618,-0.002712477396021762,0.00039383821891503246,-0.0009527775824040852,-0.0015798708902702296,-0.0013290335671237719,-0.002206964198136374,0.0005113124709104078,0.0002458453246436676,4.064522279573213e-05,-0.00016455487905220334
2025-07-17,0.00402586204628852,0.008695110501608205,0.013640392966125958,0.01858567543064371,0.00091039233394552,0.00572211739960693,0.00691610908073248,0.00643851240828226,0.00811010076185803,0.0020442046563073912,0.0101427235224818,0.010831730424835428,0.011520737327189057
2025-07-18,-0.003143984583540038,-0.0009877263551725246,0.0006187313929522098,0.002225189141076944,-0.00022124536385004223,0.0035742114371699607,0.0054438585220953906,0.004695999688125219,0.00731350560702082,-0.00032903780781778913,0.0036010916368653945,0.0033462666124450813,0.003091441588024768
2025-07-21,0.0015998045495926316,0.001348231258782251,0.005780687565448028,0.010213143872113806,0.000688471230822163,0.0018897659314114357,0.003970052375192656,0.0031379377976801684,0.006050338818973877,0.0013165844373286273,0.008566352534209232,0.0092304593165774,0.009894566098945567
2025-07-22,2.220446049250313e-16,0.0015259381091623503,0.0038398921315042633,0.006153846153846176,0.00014742804949086086,0.0014751062638742596,0.006029831217094661,0.004207941235806501,0.010584556170315063,-0.0009532686583829664,0.0061859001124888735,0.008393303413134934,0.010600706713780994
2025-07-23,-0.00131275259914998,-0.001440817604113076,-0.0011572807985615885,-0.000873743993010101,-0.0007329396008162181,-0.0010235693739437668,-0.0007498232492189616,-0.0008593216991088837,-0.0004760771244941564,-0.0007809024430684985,0.0006848677943611658,-0.0014058178510711894,-0.0034965034965035446
2025-07-24,0.011636679505001135,0.013472351672470184,0.015044002683633484,0.016615653694796784,0.0026448405528685104,0.004216551759476994,0.005204251111936564,0.0048091713709527365,0.006191950464396134,0.010417325227473961,0.01041732522747374,0.012624930556320635,0.01483253588516753
2025-07-25,-0.0022486725210423275,-0.002287476592208959,-0.0026491146401905197,-0.0030107526881720803,-0.002162573044617755,-0.0033211220026382327,-0.00426411129717702,-0.0038869155793615053,-0.0052071005917158075,0.0007104847673882198,0.0007104847673884418,0.0005124009566943588,0.0003143171460002758
2025-07-28,0.007541362259109841,0.008738295658589967,0.00954602444706898,0.010353753235547991,0.0021910759453476203,0.002737154927622276,0.0026771665668328115,0.002701161911148597,0.002617178206043347,0.004670092884518473,0.004670092884518473,0.00437746592379884,0.004084838963079207
2025-07-29,0.00873240176386747,0.010678154588458444,0.014092279685347875,0.017506404782237306,0.003160608570190071,0.004011447722344519,0.004497418213331716,0.004303030016936838,0.004983388704318914,0.005056688540822973,0.005056688540822973,0.005657744990173685,0.006258801439524397
2025-07-30,-0.008017141501417302,-0.010013732391317975,-0.012980009292595573,-0.01594628619387317,0.0007817403736698481,0.0009929446906049577,0.00014228108202030132,0.00048254652545416383,-0.0007083825265643551,-0.0031874981572276306,-0.0031874981572275196,-0.004859182137236018,-0.006530866117244516
2025-07-31,-0.010188397440098584,-0.011786571674614055,-0.01527494895031345,-0.018763326226012844,-0.008521415269313382,-0.012706531772582297,-0.0154506193834556,-0.014352984339106279,-0.018194706994328902,-0.009655772191617507,-0.009655772191617618,-0.012027760880595206,-0.014399749569572795
2025-08-01,0.003213932205010206,0.0030360023031981154,0.001952594806531649,0.0008691873098651826,-0.0017905528925327152,-0.003444775941665812,-0.004369800726548967,-0.003999790812595705,-0.005294825511432122,4.748335300908124e-05,4.748335300908124e-05,-0.0007702872261475258,-0.0015880578053041328
2025-08-04,0.004632284394381347,0.004799660443481901,0.004570911420177848,0.004342162396873794,0.0039462823909213185,0.004344859048151628,0.0044710019895972675,0.004420544813019012,0.004597144931042907,0.006631526749814265,0.006631526749814487,0.007133164361069144,0.007634801972323801
2025-08-05,0.0023270090183880043,0.002495950965063498,0.0027611618206206945,0.003026372676177891,0.005169558727062595,0.0065966484221930966,0.00703146486620243,0.006857538288598697,0.007466281310211764,0.005833146507556064,0.005833146507556064,0.006152563782586218,0.006471981057616372
2025-08-06,0.004557227807370001,0.005451664852593074,0.00617410828836551,0.006896551724137945,0.0017538244957544524,0.0023269382145787443,0.0024783149117360015,0.0024177642328730986,0.0026296916088932587,0.005877476162340356,0.005877476162340356,0.007016529800116245,0.008155583437892133
2025-08-07,-0.003338218759424194,-0.0043120680353827545,-0.005580691551937966,-0.006849315068493178,0.000331223726047547,0.0003316480204871297,4.6606079866784444e-05,0.00016062285611492252,-0.00023843586075356082,-0.0009479551341229353,-0.0009479551341229353,-0.0020296714065138333,-0.0031113876789047312
2025-08-08,-0.0009876435274170925,-0.001543630987122624,-0.002495953424595798,-0.0034482758620689724,-0.0008277851330428243,-0.0013024709757072372,-0.0018436991177128714,-0.0016272078609106178,-0.0023849272597185056,-0.001477724385953727,-0.001477724385953616,-0.0015971643153238624,-0.0017166042446941088
2025-08-11,0.011949406128485274,0.014730110871783886,0.01709688934592668,0.019463667820069475,0.0031481895300518037,0.004149630605218668,0.004345912601198876,0.004267399802806793,0.004542194597179083,0.008053833003725863,0.008053833003725863,0.009263746265814832,0.0104736595279038
2025-08-12,0.005606820561289805,0.00808341200905538,0.009981459929007896,0.011879507848960413,0.003492254221430624,0.005218734828255522,0.005703132287997348,0.005509373304100618,0.006187529747739173,0.0034152352594079005,0.0034152352594079005,0.004260216639604852,0.005105198019801804
2025-08-13,0.006800492904794675,0.012804561748970489,0.024850918191047122,0.036897274633123756,0.0012462523223353283,0.004486893379209267,0.006382519537286746,0.005624269074055754,0.008278145695364225,0.003680828322517149,0.003680828322517149,0.008381894844650906,0.013082961366784662
2025-08-14,-0.0009649369395879903,-0.003689174833560127,-0.007303544149493302,-0.010917913465426476,4.6969853233491676e-05,-0.00023386654945567464,-0.0009379513371251536,-0.0006563174220573619,-0.0016420361247946325,-0.00368267398712685,-0.00368267398712685,-0.007006940153697072,-0.010331206320267294
2025-08-15,0.0013858119605609787,0.005991104208767251,0.015873720542650127,0.025756336876533004,0.0012681264735878717,0.0037427400930047927,0.006453136963795569,0.005368978215479259,0.009163533834586346,0.006468500857314874,0.006468500857315096,0.014287366793410361,0.022106232729505626
2025-08-18,0.002264554053007517,0.0037221403994665003,0.016408698736999128,0.029095257074531755,0.001360336688959407,0.0037520891241886734,0.005601306494574021,0.004861619546419883,0.007450523864959369,0.0034582994956835478,0.0034582994956835478,0.008487936170190835,0.013517572844698122
2025-08-19,0.0015899744911607172,0.0002060187470467323,-0.001252528968846811,-0.0027110766847403545,0.0011008442808098096,-0.0001393067171368001,-0.002611830386532399,-0.0016228209187741597,-0.005084354055927998,-9.149683748066462e-05,-9.14968374805536e-05,-0.0011571888455334522,-0.002222880853586351
2025-08-20,-0.001169700357650516,-0.0002471715744779557,0.0024006860574212197,0.005048543689320395,0.0005615151090789805,0.005596266069106015,0.009650630130952575,0.008028884506213953,0.013704994192799136,0.000305017366392768,0.000305017366392768,0.006910268968359001,0.013515520570325235
2025-08-21,0.00020911967122061448,0.0005768762611957357,-0.002802751977593776,-0.0061823802163832875,0.0010288666424798087,0.002147536768976055,0.002677801381738232,0.002465695536633361,0.0032080659945004086,-0.0008232957697524856,-0.0008232957697525967,-0.003195938623446082,-0.005568581477139567
2025-08-22,-0.0004181518986534627,0.0007000887383066257,0.017846156344269892,0.03499222395023316,0.0004905452827783652,0.0021890193558506965,0.012629457142521061,0.008453282027852916,0.023069894929191426,-0.0002136229262688083,-0.0002136229262688083,0.0093980514900045,0.019009725906277808
2025-08-25,0.0025517936191314927,0.0014815036735529308,0.014827904353681087,0.028174305033809244,-2.3347846004329043e-05,0.0009426711439866065,0.010071692794587639,0.006420084134347227,0.01920071444518867,0.0020145893815846083,0.0020145893815848304,0.00982869743844239,0.01764280549529995
2025-08-26,-0.0009597027291585736,-0.0005341960242996047,-0.004103415147699685,-0.007672634271099765,-0.001120722774663907,-0.0015849524704337759,-0.0034211728398171326,-0.00268668469206379,-0.005257393209200489,-6.09254233671086e-05,-6.0925423367330644e-05,0.0007511203492798768,0.0015631661219270843
2025-08-27,-0.0011555369811405702,-0.0006255240119044103,-0.003994647131136286,-0.007363770250368162,0.00036176649079799894,-2.7127116337899437e-05,-0.0072806853375128044,-0.004379262049042843,-0.01453424355868771,-0.0011649428150216634,-0.0009131403394081472,-0.007196070737240934,-0.01347900113507372
2025-08-28,0.018928515385320033,0.02156127412582709,0.03118123053472366,0.04080118694362023,0.008630640932972167,0.011020860644939345,0.014895905182804925,0.013345887367658692,0.018770949720670504,0.009511976326489702,0.013796802207683978,0.01775702328131934,0.0217172443549547
2025-08-29,0.007758580370660351,0.009844715237887991,0.01543554364887989,0.02102637205987179,0.003945877414335275,0.005151864073218437,0.007182205342158632,0.006370068834582554,0.009212546611098826,0.004247898095832703,0.0052506206002949085,0.005229476966814084,0.005208333333333259
2025-09-01,0.013156717176412425,0.016367813475419712,0.01900415106580755,0.02164048865619539,0.00492400118816394,0.006291335213481908,0.00477574802404146,0.005381982899817639,0.0032601608346010114,0.010759351601160372,0.01140632981144285,0.010254348213381448,0.009102366615320046
2025-09-02,-0.009061565704414076,-0.012741802468473229,-0.019865947356546176,-0.026990092244619124,-0.0008789012021116482,-0.0016395109548679176,-0.0036360466386124446,-0.002837432365114634,-0.0056325823223569715,-0.011417201653143416,-0.014669375071571622,-0.017812067496929374,-0.020954759922287125
2025-09-03,0.005220244641545024,0.00652482708356783,0.007124773092345715,0.0077247191011236005,-0.0006597557617158412,-0.0028026937434033616,-0.0058675778085208186,-0.004641624182473836,-0.008932461873638275,-0.008409647331495296,-0.012210520622814913,-0.014255508362435054,-0.016300496102055195
2025-09-04,-0.01987717268241862,-0.02219019781314746,-0.03182680622364692,-0.04146341463414638,-0.012081501279478268,-0.015260521753725498,-0.01785228769594388,-0.016815581319056527,-0.020444053638162263,-0.016990590507829806,-0.0206645760645372,-0.021931711663392528,-0.023198847262247857
2025-09-05,0.02934246996215406,0.03340320017592635,0.051779753486727254,0.07015630679752816,0.013053442430559725,0.016701098839767337,0.019346958755610766,0.018288614789273395,0.021992818671454195,0.023390588344270213,0.02981321617383692,0.03201827647458633,0.03422333677533573
2025-09-08,0.00014199767152223153,-7.0498346998904e-05,-0.006149379608282046,-0.012228260869565188,0.0013852738463757674,0.0020615685924938454,0.0011405778843013303,0.0015089741675783364,0.00021958717610881529,0.009256313325465504,0.009981819367304468,0.009412532847252297,0.008843246327200127
2025-09-09,-0.004578774731240132,-0.005851775341390586,-0.01375807474084656,-0.021664374140302534,-0.0004172030607990651,-0.002232418953862836,-0.0040799855471839175,-0.003340958909855485,-0.005927552140504999,-0.004726808661127735,-0.007151921690737306,-0.008312282066915366,-0.009472642443093426
2025-09-10,0.006596664526732354,0.007304586487802078,0.008924700976765676,0.010544815465729274,0.002789837019149477,0.003070960116048127,0.0026397203407096947,0.0028122162508450676,0.0022084805653712625,0.0015452807960925075,0.0007657200138673215,0.00016875780881775437,-0.0004282043962318127
2025-09-11,0.009458198940710094,0.013763990405407212,0.0329689517244427,0.05217391304347818,0.004928873885396534,0.012049418316517402,0.019466754111982842,0.016499819793796666,0.026884089907448283,0.00808251331682519,0.02070112910631794,0.026129516430925648,0.031557903755533356
2025-09-12,0.00045619675920649527,0.0006250334327781992,-0.004646160969561275,-0.009917355371900749,-0.0015913024205397308,-0.0028306362177935585,-0.005599867465119923,-0.0044921749661893775,-0.008369098712446288,0.001123321901005614,0.003151164534717754,0.00282142944343855,0.002491694352159346
2025-09-15,0.0032269972271674607,0.0024291672611620463,0.008226269774153638,0.01402337228714523,0.0011353371561080294,0.0015818550906538942,0.001656541048897453,0.0016266666656000294,0.0017312270071410119,0.0009257007084499946,-0.0002214108115632385,-0.0012153726247818852,-0.002209334438000532
2025-09-16,-0.00024474261398244046,0.0023886624111895127,0.004816326595782461,0.007243990780375409,0.00023989511349475912,-0.00021635024343802378,-0.0010803073316995038,-0.0007347244963949119,-0.0019442644199609838,0.0004904478828922088,0.004429196903346311,0.006089494659810457,0.0077497924162746035
2025-09-17,-0.0004896050551862485,-0.0013123604548564982,0.009150946284503803,0.019614253023864103,0.00043606832296649856,0.0024236470831400236,0.0047832521129985706,0.003839410101055152,0.0071428571428571175,0.0007283082287821152,0.0034037106550770524,0.006851539480243862,0.010299368305410672
2025-09-18,0.002484213349000841,0.0037693491020536207,-0.006451330578822523,-0.016672010259698666,0.0009807260631060633,-0.002029214274092861,-0.007354602838744173,-0.005224447412883648,-0.012679991403395485,0.002701176713751696,0.0006317391763732694,-0.004101691917862027,-0.008835123012097323
2025-09-19,0.0006631421013003624,-0.001619212291461336,-0.0016247349360796193,-0.0016302575806979025,0.0004789963111297979,0.0016656085906119333,0.0019211804381008557,0.0018189516991052868,0.002176752285589778,-0.0033359694470980195,-0.0033488487279119683,-0.003800041478602134,-0.0042512342292923
2025-09-22,-0.0003139117746074893,0.0022084607892705055,0.0043700697153407075,0.00653167864141091,0.0005005291191246819,0.0029585576154853577,0.0031082970527469556,0.0030484012778423165,0.0032580364900085534,0.003473178143704514,0.007587769509809661,0.007718963945098967,0.007850158380388272
2025-09-23,-0.0012909314230712399,-0.0002065869597939196,0.001681262003555395,0.0035691109669047094,0.0012398211634101486,0.0022608188985340227,0.001455155065201219,0.0017774205985343404,0.0006494912318684154,-0.0005582511175978855,0.0006423585393753317,-0.0024801325641466976,-0.005602623667668727
2025-09-24,-0.00031642979711576924,-0.0012492178105979468,0.010206299597772472,0.02166181700614289,-0.0015213187630557234,0.0014976688328671717,0.005184143806308161,0.003709553816931766,0.008870618779749151,-0.0023337778229199913,0.0010610139880606884,0.011180500123067039,0.02129998625807339
2025-09-25,0.012760321037645017,0.012760321037645017,0.014449780771986998,0.016139240506328978,0.0053634583485033804,0.0053634583485036025,0.006112996598656717,0.005813181298595471,0.0068625348488098314,0.0014807516753188033,0.0015746024325684616,0.0013927909902347047,0.0012109795479009478
2025-09-26,-0.020165527718182252,-0.02016552771818214,-0.022851371769399387,-0.025537215820616632,-0.005142790704220301,-0.005142790704220301,-0.007257231347850335,-0.006411455090398322,-0.009371671991480368,-0.009677862273131943,-0.011811107656089614,-0.012961057120612962,-0.01411100658513631
2025-09-29,0.020995346962068284,0.020995346962068284,0.02392049227298043,0.02684563758389258,0.008472628257439885,0.008472628257439885,0.012514103851360203,0.010897513613792077,0.01655557944528052,0.011794790462289706,0.014726184647277707,0.015950878583180783,0.01717557251908386
2025-09-30,0.002781399717531441,0.002781399717531441,0.002013171069472186,0.0012449424214129312,0.0027863023208420934,0.0027863023208423154,0.002767939654498952,0.0027752847210362973,0.0027495769881555887,0.00685486513321143,0.0076381427973710725,0.007638422779012499,0.007638702760653926
2025-10-09,0.011593379961886585,0.011593379961886585,0.00859432753145617,0.005595275101025754,0.008208418925631955,0.008208418925631955,0.012013933149801814,0.010491727460133871,0.015819447373971673,0.012084214585007746,0.01764733954287845,0.017468436362741202,0.017289533182603956
2025-10-10,-0.03139318181065465,-0.03139318181065476,-0.037334921662668885,-0.04327666151468301,-0.006311309573279411,-0.006311309573279411,-0.013226252793284154,-0.010460275505282259,-0.020141196013288898,-0.00805649074402015,-0.014975993228028228,-0.016900991776780505,-0.018825990325532782
2025-10-13,-0.011959181976049726,-0.011959181976049615,-0.012603177417750244,-0.013247172859450873,-0.0033238968184942097,-0.0033238968184942097,-0.004522723997295419,-0.004043193125774935,-0.005721551176096629,-0.0029860018225228435,-0.003993288595278588,-0.004395045363595307,-0.004796802131912026
2025-10-14,-0.03541044854495634,-0.03541044854495645,-0.03735158969487501,-0.039292730844793566,-0.0051193035096236406,-0.0051193035096234185,-0.007568176904001911,-0.006588627546250514,-0.010017050298380403,-0.016572027522344324,-0.0222176429783415,-0.023158627353409622,-0.024099611728477743
2025-10-15,0.022827181466331004,0.02282718146633078,0.023172281939709327,0.023517382413087873,0.00881805662138202,0.008818056621382242,0.010975228525976433,0.010112359764138757,0.013132400430570623,0.01238468119157421,0.014249230941692836,0.014258653061736792,0.014268075181780748
2025-10-16,0.004698469595884935,0.0046984695958851574,0.004180736629444404,0.00366300366300365,0.0027937266825017737,0.0027937266825015517,0.0029905734984968513,0.0029118347720987316,0.003187420314492151,-0.004933379654514902,-0.007118539893986586,-0.007414267918046946,-0.007709995942107306
2025-10-17,-0.03163130755755239,-0.03163130755755239,-0.032239011443009724,-0.03284671532846706,-0.012051316277583046,-0.012051316277583157,-0.016298905332182867,-0.014599869710342984,-0.020546494386782577,-0.02769134216952729,-0.029760507523791002,-0.030011115266802835,-0.030261723009814667
2025-10-20,0.018948109930226664,0.018948109930226664,0.01907954381588517,0.019210977701543674,0.004016260171112007,0.004016260171112007,0.003738233891784404,0.003849444403515445,0.0034602076124568004,0.006798717004717236,0.0064971758442726735,0.006481649490874042,0.00646612313747541
2025-10-21,0.03001651154981544,0.03001651154981544,0.03032296462714601,0.03062941770447658,0.011872917272480743,0.011872917272480743,0.013479562084516283,0.012836904159702067,0.015086206896551824,0.016634962560010846,0.016650627739401402,0.01670520213785709,0.016759776536312776
2025-10-22,-0.007912677188906314,-0.007680276145576981,-0.007595853291599675,-0.007511430437622368,0.0014304544801844177,0.0016573830186663585,-0.000763665178564854,0.00020475410032763089,-0.0031847133757960666,-0.008026597825176007,-0.007868245170299937,-0.007780276431303801,-0.007692307692307665
2025-10-23,-0.0016463182553466682,-0.0005596171139211625,-0.00044433636215973626,-0.00032905561039831,0.002237594496412587,0.0025353659042202104,0.003184615859458284,0.0029249158773630548,0.003833865814696358,0.001855951334407413,0.002755442825174148,0.0031080647126977556,0.003460686600221363
2025-10-24,0.01942560978399044,0.02414288397717157,0.030010875826637085,0.0358788676761026,0.0071443163056736925,0.008904468568352364,0.010499338039745787,0.009861390251188418,0.01209420751113921,0.010755636108848998,0.013863631698594503,0.015208819573948928,0.016554007449303354
2025-10-27,0.006793962115282159,0.009519548086469598,0.014610425457279974,0.01970130282809035,0.004602419320829609,0.0066773355181630745,0.00920868872344216,0.008196147441330525,0.011740041928721245,0.007153391933975017,0.009996772635929574,0.012394233787092257,0.01479169493825494
2025-10-28,-0.00212083635438709,-0.001592868384184265,-0.0014196813095742056,-0.0012464942349641461,-0.002458789402428385,-0.002657402668023834,-0.0038152326228639843,-0.0033521006409279242,-0.004973062577704135,-0.0029062199884405393,-0.0031284682635737138,-0.004038157640746443,-0.004947847017919171
2025-10-29,0.007825129669724484,0.011550765951392261,0.020595975799409083,0.029641185647425905,0.0038552781259262314,0.005874451310512674,0.00918462257320729,0.007860554068129445,0.012494793835901907,0.006020062143113014,0.011119272985138595,0.015840512718882982,0.02056175245262737
2025-10-30,-0.0038023058492707706,-0.005740978470289759,-0.012112913477569098,-0.018484848484848437,-0.0005456408360120513,-0.0023777727802833937,-0.005199581577307433,-0.004070858058497817,-0.008021390374331472,-0.0036960233861618175,-0.006327954199899843,-0.00955059811654202,-0.012773242033184196
2025-10-31,-0.005933709527309983,-0.009835052526953492,-0.01618643642093276,-0.022537820314912027,-0.00575335422913803,-0.0076520970321029,-0.010771932820426322,-0.009523998505096953,-0.013891768608749744,-0.0024188013483158466,-0.004604529080775022,-0.006370558524647851,-0.008136587968520681
2025-11-03,0.0021295269609167278,0.003396356792151556,0.0032774582444649036,0.0031585596967782514,0.0019429617188495563,0.0020857901940301016,0.001778807628554091,0.0019016006547444952,0.0014718250630780805,0.001212333067014848,0.0015554687634042885,0.0009794557372696522,0.00040344271113501584
2025-11-04,-0.0076950819588206265,-0.011208359149547875,-0.015679746325403643,-0.02015113350125941,-0.0016862555993568673,-0.0036372790915363273,-0.005387818634577712,-0.004687602817361159,-0.007138358177619097,-0.005210801477184668,-0.010668799130031048,-0.01380327979085233,-0.01693776045167361
2025-11-05,0.005645721531891246,0.0069433426149136945,0.008291722721338601,0.009640102827763508,0.0018580142462190086,0.0017514233902298226,0.0015100952857260985,0.0016066265275275881,0.0012687671812223744,0.0022292680769950834,0.002702787685933128,0.0025137075309195067,0.0023246273759058855
2025-11-06,0.009356710504522026,0.013534354634023416,0.016156101569080428,0.01877784850413744,0.00547940672988112,0.009436937936081913,0.012110232431610024,0.01104091463339878,0.014783526927138135,0.0060452092405891555,0.011612441793401151,0.014059972602021187,0.016507503410641222
2025-11-07,-0.00028768884954943896,-0.0012657461591012442,-0.003132092073614978,-0.004998437988128712,0.00020959794032293644,-0.0003547503344356606,-0.0012179578935445634,-0.0008726748699010023,-0.002081165452653466,-2.712814572369826e-05,-2.691475014626743e-05,-0.0007516133272942871,-0.0014763119044423068
2025-11-10,-0.001822553708859087,-0.003706999635921915,-0.006092118342293784,-0.008477237048665653,0.0005657958492275572,0.0016282556292870343,0.002065431255728001,0.0018905610051516142,0.0025026068821689673,0.0013971374065244735,0.0009689570845072826,0.001022112950855747,0.0010752688172042113
2025-11-11,-0.005605776461142797,-0.008840857661142176,-0.01154519133848747,-0.014249525015832765,-0.0025760569019557256,-0.004918508443141123,-0.007035913260472204,-0.006188951333539772,-0.009153318077803285,-0.002194373574681663,-0.004315751890059061,-0.00578301020926153,-0.007250268528463999
2025-11-12,0.0005154174485910712,0.0001604265395163118,-0.0007228705721949447,-0.0016061676839062011,0.0007349175110211714,0.0009005985126384619,0.000660250967425613,0.0007563899855107525,0.000419903422212764,-0.002592883290155723,-0.003510776222968026,-0.004325039179917889,-0.005139302136867752
2025-11-13,0.011429933453478425,0.016970405377430664,0.020389964593477194,0.023809523809523725,0.00316831566831266,0.0061938906225040835,0.008028739644935223,0.007294800035962768,0.009863588667366363,0.005444238348265129,0.010894648994904443,0.012856242387609962,0.01481783578031548
2025-11-14,-0.011173433865375837,-0.017633561531808173,-0.02280169591360992,-0.02796983029541167,-0.003346552739553532,-0.00811063302742121,-0.011432706372397294,-0.01010387703440686,-0.014754779717373379,-0.0051575580513956165,-0.011165965910708064,-0.014089345982815527,-0.01701272605492299
2025-11-17,0.00032192849591461403,-0.0010917762181146262,-0.002000786266186272,-0.0029097963142579175,-0.0027072179940593744,-0.004507807585637846,-0.0055232562501063565,-0.005117076784318953,-0.006538704914574867,0.0011293873961919498,0.0005964589600686576,0.00016195256534368152,-0.0002725538293812946
2025-11-18,-0.00559975310881633,-0.008229417383287863,-0.009464903244173095,-0.010700389105058328,-0.002924998462534689,-0.00478095778633314,-0.00525672093138313,-0.005066415673363134,-0.00573248407643312,-0.004621187090811718,-0.008548664795087424,-0.009317952899179527,-0.01008724100327163
2025-11-19,0.003754191283521502,0.0029819868868421473,0.0024742776125459276,0.001966568338249708,0.0028491596324522472,0.003280213207933036,0.003134874914878405,0.0031930102321002574,0.002989536621823774,-0.0017614728447319372,-0.0037577702233236865,-0.004288689573242632,-0.004819608923161578
2025-11-20,-0.005932651795238719,-0.008596197901668101,-0.009368429340104623,-0.010140660778541144,-0.0016625491392441294,-0.003374955962098136,-0.003922947429633283,-0.0037037508426192244,-0.0044709388971684305,-0.003966887758647952,-0.006981526038557839,-0.007434308058714423,-0.007887090078871006
2025-11-21,-0.03525695255671035,-0.03882271913346902,-0.039569984814586456,-0.040317250495703894,-0.018887655183509766,-0.023175571398474926,-0.023563833603429063,-0.023408528721447407,-0.0239520958083832,-0.02904614559090013,-0.0337994179138007,-0.03419399068632856,-0.034588563458856414
2025-11-24,0.002084468128709327,0.001763494198256721,0.0015704523332881193,0.0013774104683195176,-0.0009238889040780185,-0.0011050196361988007,-0.0013193809837435122,-0.0012336364447256276,-0.0015337423312882237,0.007185272782020968,0.006933454908486958,0.006933933464067232,0.006934412019647507
2025-11-25,0.017949527505528584,0.018010141402291735,0.01811786299825724,0.018225584594222743,0.008774308180477641,0.008698099298282358,0.00873790196426083,0.008721980897869441,0.008777704630239302,0.011908746031652706,0.011939968535698675,0.011995809231981402,0.01205164992826413
2025-11-26,0.021450619864179288,0.02177302804234227,0.0220313975064802,0.02228976697061813,0.005802609904702161,0.006054643836188589,0.006181552938324897,0.006130789297470374,0.006308462040461205,0.0013951151735900336,0.0014926033992175292,0.0015260011609072865,0.001559398922597044
2025-11-27,-0.00300745747000708,-0.0035025310247424057,-0.004228966206127394,-0.0049554013875123815,0.0003460237545307443,2.1621309807207112e-05,-0.00042152829883618237,-0.0002442684553788266,-0.0008646779074795719,-0.0006937085294139722,-0.001472140404598643,-0.0017976413275647696,-0.002123142250530896
2025-11-28,0.005535828962376366,0.0066980948794423956,0.007167108528698618,0.0076361221779548405,0.0014268542619702007,0.0022701884453157906,0.0025414118340815195,0.0024329224785752277,0.0028126352228472484,0.009690327040462465,0.01122744376246776,0.011642090675560102,0.012056737588652444
2025-12-01,0.009461294027448108,0.01106725601122438,0.01179392454597461,0.01252059308072484,0.005483402991261155,0.0080463075570123,0.009632646766639996,0.008998111082788918,0.011218985976267692,0.007703116772248553,0.008831763051703856,0.009111046207001205,0.009390329362298555
2025-12-02,-0.003918864226932106,-0.004984390550259898,-0.005909051767157281,-0.006833712984054663,-0.001094993945327527,-0.0023325653058902107,-0.0034065216117673547,-0.0029769390894164973,-0.004480477917644499,-0.006056905420085079,-0.00746212289989967,-0.007965996190299751,-0.008469869480699832
2025-12-03,-0.007606278812674394,-0.009036491020527393,-0.009924536467013356,-0.01081258191349932,-0.0014615923618904736,-0.0027241137498096313,-0.0036123783494012573,-0.0032570725095646073,-0.004500642948992883,-0.0036282715084040573,-0.004746141923881897,-0.005033762741803727,-0.0053213835597255565
2025-12-04,0.00832531718715157,0.009746643759741103,0.010173090015014652,0.010599536270288201,0.0011839006728864288,0.001957255812926384,0.002270339424224277,0.0021451059797051196,0.00258342303552217,0.0027275979044907306,0.0030525788203459303,0.0030749308292916666,0.003097282838237403
2025-12-05,0.007797879743391967,0.009783445879498753,0.011119189344206859,0.012454932808914965,0.0027305016383007974,0.005495370397302413,0.00714966071937273,0.0064879445905446035,0.008803951041443048,0.009240193473105895,0.011710351454924606,0.01224114063974302,0.012771929824561434
2025-12-08,0.013199338589596099,0.019344911311358626,0.02294535950805865,0.026545807704758673,0.0008791001445156432,0.0031596475771791255,0.005198384878414952,0.004382889957920622,0.007237122179650779,0.004737568373983203,0.007693434196612392,0.008142725967485775,0.008592017738359159
2025-12-09,0.002534885397670994,0.004005362226363385,0.004683223528823555,0.0053610848312837245,-0.0004498753202685224,-0.0016812564612654901,-0.0033765538434814557,-0.0026984348905950695,-0.005071851225697421,-0.0032218431340442777,-0.005860145925474791,-0.0066398833502064325,-0.007419620774938074
2025-12-10,0.00140826511435721,0.0014564415226538951,0.0013555733334724707,0.0012547051442910462,0.0006215360083672294,0.00017054054124931994,-0.0005519429834110468,-0.00026294957354690003,-0.0012744265080714134,0.003925874332096679,0.004884566789881362,0.00514161894311338,0.005398671096345398
2025-12-11,-0.005177684550335737,-0.008283320153264384,-0.011347173861093407,-0.01441102756892243,-0.0016278412255072983,-0.00415621688947132,-0.005693591218023597,-0.005078641486602687,-0.007230965546575874,-0.005264695849193535,-0.007477131183946328,-0.008006774321148435,-0.008536417458350543
2025-12-12,0.00420868430199639,0.007172954175438839,0.008036572446905699,0.008900190718372558,0.001630495413158961,0.003852519805857879,0.004711178497616153,0.004367715020912844,0.005569837189374427,0.006890051297959943,0.010793796988004756,0.011229421754660684,0.011665046521316613
2025-12-15,-0.0065265136256807965,-0.011521601943276338,-0.014267417228726986,-0.017013232514177634,-0.0010709481746759009,-0.0028783011422357507,-0.004315162501241476,-0.003740417957639186,-0.005752023860247202,-0.002731642866722339,-0.005517700629205091,-0.006121925125858574,-0.0067261496225120565
2025-12-16,-0.010272720770671873,-0.01556254318725847,-0.017396656209013872,-0.019230769230769273,-0.0032591728562360034,-0.007398273683397516,-0.008734491459226057,-0.008200004348894641,-0.010070709235054598,-0.010333972264255031,-0.014547073519053266,-0.01487442122608268,-0.015201768933112092
2025-12-17,0.01828586778660357,0.02771378001679703,0.030850354060686147,0.033986928104575265,0.005162889152769745,0.012386457384221172,0.014743012241894116,0.013800390298824938,0.01709956709956706,0.013195626717694475,0.018011094624206025,0.018337570887741572,0.01866404715127712
2025-12-18,-0.010224910649458518,-0.017028102921525345,-0.01989205398920768,-0.022756005056890016,-0.0013696988374681807,-0.003808780737578732,-0.005202964533505217,-0.004645291015134623,-0.006597148329431701,-0.002400567759108685,-0.004677626542850755,-0.0049562536902158505,-0.005234880837580946
2025-12-19,0.0049392891949624484,0.005538234441126999,0.005194731709567413,0.004851228978007827,0.0011786994016493857,0.00395149976183129,0.00411799495375198,0.004051396876983704,0.00428449014567267,0.0054073600088773155,0.008832501498985179,0.00891701241685161,0.009001523334718042
2025-12-22,0.009476658139708771,0.019277059668167507,0.0205815616976176,0.021886063727067695,0.0022475950732716576,0.005489050227724057,0.007224047298162395,0.00653004846998706,0.008959044368600733,0.005006887703060903,0.011194014181089784,0.011224237395238923,0.011254460609388062
2025-12-23,0.0010819715316108258,0.004775244779204657,0.003962425539208669,0.0031496062992126816,0.0005766569275718059,0.0024756315859870703,0.0022948982454248368,0.0023671915816497304,0.0021141649048626032,0.0005885263127307638,0.0012872203926115322,0.0010507763200842124,0.0008143322475568926
2025-12-24,-0.0005454841777148278,0.007664840073585921,0.008071038561125787,0.008477237048665653,-0.0016382256472469159,-0.0006088135048644139,0.001488842192715445,0.0006497799136835018,0.0035864978902953037,-0.000579893462601011,0.013131098683034859,0.01307490654249388,0.013018714401952902
2025-12-25,0.0026162876395219303,0.00333206989754653,0.0032226974643398965,0.0031133250311332628,0.0019763626813065205,0.0019763626813065205,0.0019341556942374938,0.0019510384890651044,0.001891948707168467,0.006641201008179776,0.00809978181463733,0.008333692781481994,0.008567603748326658
2025-12-26,0.000403845083597032,0.00037244905568090125,0.0008069569921483888,0.0012414649286158763,0.002182301012101817,0.002182301012101817,0.00297952650269373,0.002660636306456965,0.003776751993285643,0.003391801495708391,0.004780979986685141,0.005443317176777707,0.006105654366870272
2025-12-29,-0.004316292780225606,-0.005057216117633323,-0.005783412770533958,-0.0065096094234345925,-0.002973191828525623,-0.002973191828525623,-0.003681411967774495,-0.0033981239120749462,-0.004389632107023367,-0.0027838061726432883,-0.00342328284365645,-0.003822459363780728,-0.004221635883905006
2025-12-30,0.005114680891550538,0.006205529991006875,0.006846914761494127,0.007488299531981379,0.0012810249409149765,0.0012810249409149765,0.0016902710259897313,0.0015265725919598296,0.002099517111064486,0.0023396077114612446,0.003236101309600059,0.003804060193750791,0.004372019077901523
2025-12-31,-0.00952571215441922,-0.01093991148247997,-0.012128363917145835,-0.0133168163518117,-0.0024539043248501535,-0.0024539043248499315,-0.003322070536613042,-0.0029748040519077977,-0.004190236748376153,0.002851372418262166,0.002379587265876504,0.0016514741500204266,0.0009233610341643494
2026-01-05,0.02239865364982241,0.025631246607796365,0.027724600077281725,0.029817953546767084,0.014948870919243573,0.014948870919243573,0.017047336785100398,0.016207950438757668,0.019145802650957222,0.016147101496428284,0.02176110083210503,0.024322827695968163,0.026884554559831297
2026-01-06,0.0010724168966145253,0.002566282533378539,0.004635777658033358,0.006705272782688176,0.007208980824017663,0.007208980824017663,0.011346026332735404,0.009691208129248308,0.015483071841453144,0.005387938993147712,0.011875048161710033,0.016781979933011115,0.021688911704312197
2026-01-07,0.002877119907476855,0.0029863325159669163,0.002704186542573206,0.0024220405691794955,-0.0015425395225104888,-0.0015425395225105998,-0.002600909932021722,-0.0021775617682172734,-0.0036592803415328445,0.002148803712107572,0.0027425788685955244,0.003757924279166436,0.004773269689737347
2026-01-08,-0.003937060562810735,-0.005104184378452392,-0.0061763748832763254,-0.007248565388100259,-0.003913803987694364,-0.003913803987694364,-0.005833661838776705,-0.0050657186983437685,-0.007753519689859045,0.0014854371647712306,0.0024806518695146274,0.002803021271674422,0.0031253906738342163
2026-01-09,0.003921981793332918,0.0056189774734429765,0.006916577267296553,0.00821417706115013,0.0021920699779873765,0.0021920699779871544,0.0033580131917489986,0.002891635906244261,0.004523956405510843,0.002953570141773998,0.007931132894443804,0.015929674124190996,0.023928215353938187
2026-01-12,0.003021557300560973,0.005435744542052978,0.01131775157096615,0.017199758599879322,0.001919024570953498,0.0019190245709537201,0.003825428355077709,0.003062866841428114,0.005731832139201698,0.0010930748544797364,0.002920870716596413,0.013631808289164882,0.02434274586173335
2026-01-13,-0.0032254568635233793,-0.006856106320872302,-0.013069109226885256,-0.01928211213289821,0.00012357090123971126,0.00012357090123971126,-0.0016683183556085446,-0.0009515626528692426,-0.0034602076124568004,0.0005780548304659128,-0.000539791617839569,-0.006805066911581448,-0.013070342205323326
2026-01-14,0.006441260897884549,0.008271959776135818,0.00806822429218157,0.007864488808227321,-0.0017297788670258551,-0.0017297788670259662,-0.003928614923709106,-0.0030490805010358504,-0.006127450980392246,0.0003594707673657549,0.0019342512821010072,0.004518775051115531,0.007103298820130055
2026-01-15,0.003093856551794172,0.005187884124928432,0.005595142542656251,0.006002400960384069,0.0030117300387098034,0.0030117300387098034,0.0024306492363709298,0.002663081557306479,0.0018495684340320562,1.283362837711799e-05,0.0005265046845752686,-0.0012908420988360647,-0.003108188882247398
2026-01-16,0.0015421570631630743,0.0012002578814072073,-0.00029485912612214893,-0.0017899761336515052,-0.0007609548630262974,-0.0007609548630264085,-0.002021503072538844,-0.0015172837887338698,-0.0032820512820512793,-0.007173906195709456,-0.004986633191907619,-0.005131522615860307,-0.005276412039812994
2026-01-19,-0.00021134269288591856,-0.002367667504196924,-0.005367934170508515,-0.008368200836820106,-0.023833967151174362,-0.02383396715117425,-0.024368105205552104,-0.024154449983800962,-0.024902243259929957,1.29261949879389e-05,0.001359938258803206,0.0038746647291605374,0.006389391199517869
2026-01-20,-0.006915386755159236,-0.01294793100699454,-0.014762090880230283,-0.016576250753466026,-0.001728932100524605,-0.001728932100524716,-0.0023418826817524496,-0.002096702449261356,-0.0029548332629801832,0.0009565260648536356,0.0008047948672191829,-0.0010350726190976878,-0.0028749401054145585
2026-01-21,0.003922694158650986,0.005600165557937853,0.005558280756290501,0.00551639595464315,0.0016263212104148383,0.0016263212104148383,0.0014482156433107685,0.0015194578701523964,0.0012701100762066986,0.0006585974574404574,0.0007036292316231485,0.006839080353437721,0.012974531475252293
2026-01-22,0.006118512281315658,0.009231186950709569,0.00979694062561387,0.010362694300518172,6.326028250280835e-05,6.326028250280835e-05,-0.0002854945944780196,-0.00014599264368568847,-0.0006342494714588476,-0.0014324745714953124,-0.0006277986478975262,0.0018801234464496108,0.004388045540796748
2026-01-23,0.002137487951604955,0.005338104198984173,0.005987302476565981,0.006636500754147789,-0.003816462280527455,-0.003816462280527566,-0.004341063803686707,-0.00413122319442305,-0.004865665326845847,0.0013957584309964854,0.0018594513588254813,0.01568943756983665,0.02951942378084782
2026-01-26,0.0002102887590611502,-0.006174833428275184,-0.007882142515755808,-0.009589451603236432,0.002074288285496051,0.002074288285496051,0.001887484278802476,0.001962205881479906,0.001700680272108901,-0.0022068705908444564,-0.00285924357707934,-0.010318255806202214,-0.01777726803532509
2026-01-27,0.0039045415870697653,0.007053631597496279,0.006855106267734445,0.0066565809379726115,0.0009082629016818888,0.0009082629016818888,0.00024190734218221266,0.000508449565982083,-0.0004244482173174635,0.0027937915458873253,0.0005533660565515408,0.0034877993290697296,0.006422232601587918
2026-01-28,0.0021980525320894895,-0.005715975124217287,-0.005863698412724827,-0.006011421701232367,0.002934513343829437,0.003158178339018658,0.0031714458574073623,0.0031661388500518806,0.0031847133757960666,-0.0010498608894794481,0.0009364162512319751,0.004645026782072681,0.008353637312913387
2026-01-29,-0.0022084622252142028,-0.0026618020218203142,-0.003598817551581479,-0.004535833081342644,0.004044534817563061,0.006414768652003522,0.007757648876266288,0.0072204967865611815,0.009100529100529053,-0.006618892422053935,-0.007964409677264306,-0.009735282735306938,-0.01150615579334957
2026-01-30,0.009520438387687236,0.01128219405919717,0.012172081233729815,0.013061968408262459,-0.004977304808216343,-0.007593964636652184,-0.009774331311614648,-0.008902184641629663,-0.011954697986577112,-0.013013117100365124,-0.014281647074165016,-0.015929090327910123,-0.01757653358165523
2026-02-02,-0.018921376709157833,-0.021292988218979625,-0.02309027222043436,-0.024887556221889096,-0.015345739240133272,-0.018780436999572325,-0.02117115672946146,-0.020214868837505805,-0.023561876459350595,-0.041913933189929975,-0.044324895125603225,-0.045325954671806334,-0.046327014218009444
2026-02-03,0.017480122750871185,0.018630698795224943,0.018694193186050367,0.018757687576875792,0.011128997033369004,0.013112770626685144,0.013512907052472989,0.01335285248215785,0.013913043478260834,0.03743664238878952,0.0387327005227005,0.03905823745230563,0.03938377438191076
2026-02-04,-0.0012034898377091263,-0.002286243043879699,-0.003557851374037635,-0.004829459704195571,0.007706682883060312,0.00927549809371464,0.00924752606229473,0.009258714874862694,0.009219554030874821,0.003897965876628051,0.0034857854648437936,0.003057738536868526,0.0026296916088932587
2026-02-05,-0.013163969180105983,-0.015075539003284066,-0.016485297557450374,-0.01789505611161668,-0.0023027737892666877,-0.003718355605402901,-0.004833471407970136,-0.004387425086943242,-0.0059485872105373705,-0.01819047368540594,-0.019306082219334608,-0.01984617415687756,-0.020386266094420513
2026-02-06,-0.0013431146881511813,-0.0022041056978886475,-0.0024917996062018832,-0.002779493514515119,-0.0037056471489773646,-0.005237850249691811,-0.005824738332796342,-0.005589983099554529,-0.006411626415900873,-5.992075563987509e-05,-0.00022890865749425338,-0.0003578521625065001,-0.0004867956675187468
2026-02-09,0.023780649853329727,0.02656905453743308,0.02753042383111981,0.02849179312480654,0.010308134694249516,0.014474602519207735,0.01562620209849397,0.015165562266779476,0.016777801677780202,0.021369021909006358,0.021691048610363195,0.0219255194348541,0.022159990259345008
2026-02-10,-5.971276755567523e-05,-0.0011356738774985775,-0.0020734075500110083,-0.003011141222523439,0.002608592140823207,0.0024795775791635055,0.001874440788735443,0.002116495504906668,0.0012693039983073806,-0.0009504639264293901,-0.001615879686080457,-0.0018800065494130047,-0.0021441334127455525
2026-02-11,-0.00868872650723962,-0.010771248306894132,-0.011124071752359743,-0.011476895197825354,-0.0005455397774613013,-0.0011738380591040931,-0.001643331452962138,-0.00145553409541892,-0.0021128248468201827,0.003922925530405408,0.003993075204254959,0.004025903723650637,0.004058732243046315
2026-02-12,0.012379266571827863,0.013489680545611948,0.013772032451235483,0.014054384356859018,0.0007137875700382601,0.0009653572931096477,0.000906138312021687,0.0009298259044568713,0.0008469193309337264,0.01158239628091362,0.01190804821676994,0.012076958361149193,0.012245868505528446
2026-02-13,-0.013655969445973026,-0.015578225222340314,-0.01592409302695802,-0.016269960831575725,-0.004342606977526864,-0.009895852235302205,-0.010871344776419878,-0.010481147759972808,-0.01184683731753755,-0.015624902326289214,-0.016047157246093846,-0.01630405783375871,-0.016560958421423577
2026-02-24,0.011371631570780139,0.01009509702661493,0.00964172921774853,0.009188361408882129,0.009692327697725878,0.010862947694525893,0.010248429531270697,0.010494236796572775,0.009633911368015502,0.01183125498110349,0.01141620775323604,0.011440816166120027,0.011465424579004013
2026-02-25,0.014354872955942621,0.01449632243608745,0.01468366956402245,0.01487101669195745,0.001058069655270888,0.006976630563058528,0.007093065069485149,0.007046491266914501,0.007209499575911771,0.01502883150722667,0.015386783278033667,0.015545558364722378,0.01570433345141109
2026-02-26,-8.975165626978754e-05,-2.9911377076197176e-05,-0.0012111279373419048,-0.0023923444976076125,-0.0011161220193025567,-0.0012634719406624528,-0.0022106833387522395,-0.001831798779516325,-0.0031578947368420263,0.00351228576626883,0.003651034707305767,0.0034530458354012916,0.0032550569634968163
2026-02-27,-0.006522539097610025,-0.008524997461195949,-0.00950830208791209,-0.010491606714628232,-0.0013492759421624978,-0.0014548308697444057,-0.0017833816439535854,-0.0016519613342699136,-0.0021119324181627652,0.007880778470714445,0.009801080127687767,0.011099844814712934,0.0123986095017381
2026-03-02,-0.0035537280157879048,-0.0044349115634888525,-0.005095371564840467,-0.005755831566192082,0.0034833019739397564,0.003484012032426209,0.0032234874976946326,0.003327697311587263,0.002962962962963056,0.0009658959169878134,0.0009522387229896623,0.0002472078357995122,-0.00045782305139063784
2026-03-03,-0.0197058824507238,-0.021879387904425895,-0.022670345993651086,-0.023461304082876278,-0.010224293331188794,-0.010647208563360433,-0.01175956123462385,-0.011314620166118483,-0.012871913905887267,-0.029190156835576464,-0.035932872442761554,-0.038463401754416426,-0.0409939310660713
2026-03-04,-0.014059074690283446,-0.014995153684060014,-0.01545389509476014,-0.015912636505460265,-0.012009050998560422,-0.012420723905523734,-0.013478425227665625,-0.013055344698808868,-0.014536126549807515,-0.00588103793858763,-0.006170416415247848,-0.006547894774788066,-0.006925373134328283
2026-03-05,0.016354704074138082,0.016733193166629468,0.016610096900372406,0.016487000634115345,0.010132769942719166,0.00994956443035866,0.009747016488498184,0.009828035665242374,0.009544468546637708,0.008451184506117482,0.007321273274216944,0.006906999508336065,0.006492725742455185
2026-03-06,0.006461226930996933,0.006032464869786036,0.005979426446122038,0.00592638802245804,0.0025131060878449407,0.0026228141522830484,0.002708055120834274,0.002673958733413784,0.0027932960893854997,0.005878055697811746,0.006377367958585456,0.006175184994703042,0.005973002030820629
2026-03-09,-0.006725449746874057,-0.007226301153179349,-0.007334080809147825,-0.007441860465116301,-0.007159268605295366,-0.007507572412955299,-0.007824923982350851,-0.00769798335459263,-0.008142275551746403,-0.006324814398966927,-0.0074580176445132595,-0.00758840794350113,-0.007718798242489
2026-03-10,0.026406851968696854,0.02862001799901792,0.029149121776765985,0.02967822555451405,0.010463284383243288,0.011207256490718631,0.011436421505242711,0.01134475549943308,0.01166558651976679,0.012978134429665777,0.01484977526250253,0.014904542968733336,0.014959310674964144
2026-03-11,0.009235502218065017,0.010840403811064325,0.011336464041454497,0.011832524271844669,0.004997475057490819,0.00493757114115545,0.005458322192401388,0.0052500217719030125,0.005979073243647326,-0.0005595717000903555,-0.001265259009004538,-0.001399048558859084,-0.00153283810871363
2026-03-12,-0.006298732169203181,-0.007119643827157018,-0.007607797925572535,-0.008095952023988051,-0.002570594016342076,-0.0029943785708690385,-0.0033014771224118555,-0.003178637701794729,-0.0036085756739546726,-0.0035576025780462706,-0.004645160364014855,-0.004802504603358404,-0.004959848842701953
2026-03-13,-0.002033154348975441,-0.0024002331826538104,-0.00240930643413223,-0.00241837968561065,-0.003591206803393532,-0.0035532849500711228,-0.003587464801409701,-0.0035737928608742696,-0.0036216446527482793,-0.012712624497681735,-0.013375913599941947,-0.013512072631919725,-0.013648231663897503
2026-03-16,0.011534693346582303,0.01386462204092953,0.01435655344470721,0.014848484848484889,0.0009116379542231101,0.0008065852420986452,0.0007240110302860758,0.0007570407150111035,0.0006414368184735064,-0.005323633522870463,-0.006020137575193929,-0.006138452856902676,-0.006256768138611424
2026-03-17,-0.01682336535607587,-0.020794340854249804,-0.02174384107507954,-0.022693341295909275,-0.00597320351006192,-0.006320228569157371,-0.006792592917057305,-0.006603647177897331,-0.007264957264957239,-0.02115818296242511,-0.021714830629668613,-0.02181515838300241,-0.021915486136336204
2026-03-18,0.01653885107162245,0.019175952083749115,0.01951770412009024,0.019859456156431365,0.0036438141806061086,0.0036070883212757643,0.0035254554822048423,0.003558108617833211,0.0034438226431339203,0.009669143347510012,0.009569082121236416,0.009612468765495708,0.009655855409754999
2026-03-19,-0.007942254593297893,-0.009987190536423718,-0.010236255543826012,-0.010485320551228305,-0.012590274310336103,-0.012972873604324753,-0.01324319355891912,-0.013135065577081374,-0.013513513513513487,-0.025243969151845347,-0.02546630935637917,-0.025668417061710913,-0.025870524767042657
2026-03-20,0.010007298756134597,0.011258862413549009,0.011381777558575945,0.011504692703602881,-0.004708983983487736,-0.0046755962007313245,-0.004838341696799753,-0.0047732434983723815,-0.005001087192868181,-0.016394884439698165,-0.016605485026428557,-0.016672786566077735,-0.016740088105726914
2026-03-23,-0.030197659802629118,-0.03301457346996972,-0.03341839119472745,-0.033822208919485175,-0.031368924640533424,-0.031475817409822304,-0.03169070590770834,-0.03160475050855392,-0.03190559440559437,-0.03770148405218432,-0.038050370132848954,-0.03822641394507276,-0.03840245775729656
2026-03-24,0.0037511931767810758,0.0030703011458825813,0.002929202617550919,0.0027881040892192566,0.011017969494164337,0.01108622831503836,0.011073588198151296,0.011078644244906122,0.011060948081264232,0.018340854172927523,0.01847769722806958,0.018557272469199915,0.01863684771033025
2026-03-25,0.021206362253557653,0.02133158404654245,0.02147827271526992,0.021624961383997388,0.013826313847245197,0.014219383585756251,0.014365775740187714,0.014307218878415129,0.014512167894619177,0.021992046535763254,0.022424474912966952,0.022581814037769377,0.0227391531625718
2026-03-26,-0.01095007410508031,-0.012278862896243248,-0.012791986634090813,-0.013305110371938378,-0.007178082276235842,-0.009421430295729394,-0.010872686978850521,-0.01029218430560207,-0.012323943661971648,-0.012820735938747663,-0.014607304099342189,-0.015353741495109319,-0.01610017889087645
2026-03-27,0.008624608325799477,0.008971506770073523,0.009082750013905905,0.009193993257738287,0.002971832132291796,0.0038666368935624806,0.0041614824396510874,0.004043544221215644,0.004456327985739694,0.00997026549593416,0.012165146401635685,0.012770884889129475,0.013376623376623265
2026-03-30,-0.0074895834903140335,-0.007890276360267623,-0.008348417864312452,-0.00880655936835728,-0.000840261250490193,-0.000841185383833043,-0.0013079041382341727,-0.001121216636473721,-0.0017746228926353025,0.0021282149916628246,0.002178271675965293,0.002050304619220622,0.0019223375624759509
2026-03-31,-0.02083579205354047,-0.023247312465383474,-0.024184930742495614,-0.025122549019607754,-0.0035409174030114343,-0.006048340664878582,-0.007135281443550412,-0.00670050513208168,-0.008222222222222242,-0.012422338237536246,-0.01531704395115785,-0.016292443694688685,-0.01726784343821952
2026-04-01,0.014258909408094045,0.015094599136770803,0.015403993471590938,0.015713387806411072,0.009128053261635793,0.01272753917276348,0.014318060422142453,0.013681851922390863,0.015908581671521427,0.013951746143613386,0.01545143008503791,0.015925636948024624,0.01639984381101134
2026-04-02,-0.017319273610591934,-0.01946692644781256,-0.02025326520410431,-0.02103960396039606,-0.0038514841308951997,-0.0066909733146487405,-0.008307992171219358,-0.007661184628591111,-0.009925011027789976,-0.012201098869292215,-0.015126808495946942,-0.0163353340725349,-0.01754385964912286
2026-04-03,-0.006292234471696689,-0.0066702427977817225,-0.006969761095477478,-0.007269279393173234,-0.005214083416055559,-0.00655877968940477,-0.0071778082006837,-0.006930196796172128,-0.007796836711962629,-0.007566288593884085,-0.008815602968092806,-0.008904673225443693,-0.00899374348279458
2026-04-07,0.003811847581415728,0.0033891915387658234,0.003286445498768442,0.003183699458771061,0.00031093125465453397,-0.000825260160756347,-0.0013106992317028499,-0.0011165236033242488,-0.0017961383026493527,0.00424857342255236,0.004099889283341263,0.003759796016128081,0.003419702748914899
2026-04-08,0.0516254370862137,0.057074398530384984,0.059321077399118294,0.0615677562678516,0.015452920435443884,0.025626517856364828,0.030357118577305275,0.028464878288929095,0.03508771929824572,0.035843299298615294,0.045227721971482504,0.048632998487379786,0.05203827500327707
2026-04-09,-0.002894732860473148,-0.004957302840226996,-0.006215572197393049,-0.007473841554559102,-0.0003061043995293833,-0.002307088923576117,-0.004412996873782882,-0.003570633693700176,-0.006518904823989646,-0.0022926688649435034,-0.004418178056943889,-0.0060715360755688175,-0.007724894094193746
2026-04-10,0.020501532122892963,0.028301362147861386,0.03177116300164151,0.035240963855421636,0.003980575665603725,0.008093483618925701,0.01170203489782684,0.010258614386266386,0.01531058617672798,0.005173498125488951,0.0072458749127564115,0.008080496471948306,0.008915118031140201
2026-04-13,0.0023462380433876273,0.005720464649994872,0.007369979197269783,0.009019493744544693,0.00037033785486828563,0.000995448064861293,0.0015748459626331313,0.001343086803524396,0.0021542438604049696,0.0005246810037875527,0.00019913494535139797,-0.00033602680237093674,-0.0008711885500932715
2026-04-14,0.0034526004913750796,0.010215052686890935,0.016929902352672666,0.023644752018454396,0.0001742121202417124,0.0026374759191150066,0.007767577168499851,0.005715536668745914,0.012897678417884695,0.006804790300179775,0.012804316386072045,0.014561101890096295,0.016317887394120545
2026-04-15,-0.00011663461207322978,-0.0024130337605541285,-0.006699474626755908,-0.010985915492957687,-0.0010450906539936078,-0.0011212128918824948,-0.0024706234238699443,-0.0019308592110749646,-0.0038200339558573937,-0.0015005771920564293,-0.0033664025044070067,-0.004624738205261492,-0.0058830739061159765
2026-04-16,0.004228497876871629,0.01053936465657479,0.021361963729597533,0.032184562802620276,0.0006320695067223436,0.0016621211430953853,0.006370046511045002,0.004486876363865156,0.011077971878994619,0.0038626516344604234,0.01167427538900645,0.014590682263606825,0.0175070891382072
2026-04-17,0.0005227067135895602,0.0026786006112735627,0.007685878672082702,0.012693156732891842,0.0010237414351501606,0.0006680552662294836,-0.00040343549372895415,2.5160810254420832e-05,-0.001474926253687392,0.0016084005324621398,0.003472834664739022,0.0039780264442075275,0.004483218223676033
2026-04-20,2.902409077920609e-05,0.00042629439532881896,0.00048562676169716656,0.0005449591280655142,-0.00043518913210882637,0.0008614313114108096,0.0031739104225337877,0.0022489187780845967,0.005486389533656766,0.0012105395228279026,0.0037886825858124418,0.005814727300143985,0.007840772014475528
2026-04-21,-0.0008706974521683897,0.0003124826802922698,0.001381731536224562,0.002450980392156854,0.00010884465103644381,-0.00027972421301303285,0.0010143876311640154,0.0004967428934931962,0.0023084994753410637,2.4675018136299798e-05,0.0015726594366671787,-0.0006499359908226365,-0.0028725314183124517
2026-04-22,-0.0007415916913900977,-0.001018953915857268,0.009949637413166179,0.020918228742189626,-0.0010310382439097099,-0.0005859851633751578,0.0033711615221649893,0.001788302847948931,0.0073283082077051365,-0.0004297564778993346,0.0016081501558145028,0.008246158861366704,0.014884167566918904
2026-04-23,-0.0048718098380875485,-0.0048718098380874375,-0.006427389751401336,-0.007982969664715234,0.0004159075400940182,-0.00035344231609313326,-0.0012160061299858471,-0.0008709806044287617,-0.002078569943878561,-0.006956596469560594,-0.007854558837406267,-0.008658207863410428,-0.009461856889414588
2026-04-24,-0.010433374975429954,-0.010433374975429843,-0.01245917675810121,-0.014484978540772575,-0.0028893556988313085,-0.0029949228570267383,-0.0034762158546746136,-0.0032836986556154637,-0.003957508852322489,-0.0042413220763243276,-0.005162573800810755,-0.005685764512345648,-0.006208955223880541
2026-04-27,-0.003541493633049786,-0.003541493633049897,-0.004764758792572821,-0.0059880239520957446,0.0006671029102762738,0.00025032661364932096,0.00012516330682466048,0.00017522862955452465,0.0,0.005276376101620128,0.005417073101951608,0.005411888707650081,0.005406704313348554
2026-04-28,-0.010363806927431884,-0.010363806927431773,-0.012027467538195669,-0.013691128148959564,-0.0003958282947690295,-0.0013138858210699489,-0.0019116480548261316,-0.0016725431613236587,-0.0025094102885823144,-0.008723999921353198,-0.009989046259809786,-0.010670909363174552,-0.011352772466539318
2026-04-29,0.021191411008718797,0.021191411008718797,0.02336638845827388,0.02554136590782896,0.005647997104557323,0.00768485864830204,0.009188341273836609,0.00858694822362278,0.010691823899371178,0.014695978387882835,0.01627858672440552,0.017144490993050154,0.01801039526169479
2026-04-30,-0.0013422803477338707,-0.0013422803477338707,-0.0013479133195085091,-0.0013535462912831475,0.0005388309453351336,0.0008289404325891869,0.0007256089841850555,0.000766941563546708,0.000622277535780924,0.0011477647482680542,0.0010899712890897195,0.001019932213055852,0.0009498931370219843
2026-05-06,0.019381698287038063,0.019381698287038285,0.022838043505134742,0.0262943887232312,0.004701875122297583,0.008282538594766464,0.010774768468195806,0.009777876518824068,0.013266998341625147,0.019040506899660636,0.022592279312810826,0.0248192713290033,0.027046263345195776
2026-05-07,0.009282445228134373,0.009282445228134373,0.012433087378990626,0.01558372952984688,0.0014225158404872484,0.0024848867544691178,0.003697435193928511,0.003212415818144754,0.004909983633387904,0.006158657311569948,0.009362678970531002,0.0112070960110221,0.013051513051513197
2026-05-08,-0.00467692109923068,-0.004676921099230569,-0.0074099820060522514,-0.010143042912873934,-0.0009881705486022296,-0.001966593637758196,-0.003629876623439332,-0.0029645634291668777,-0.005293159609120468,0.0007953790368422364,0.0006535506091760457,0.00021276321930696618,-0.00022802417056211333
2026-05-11,0.02031813767205204,0.02031813767205204,0.028682452966346528,0.037046768260641016,0.0023904409891719602,0.00617824055695948,0.011275776029605389,0.009236761840547026,0.016373311502251298,0.007083613779170106,0.010449980155923466,0.013378713421558497,0.016307446687193528
2026-05-12,-0.0018266934847568361,-0.0018266934847569472,-0.001800096172325294,-0.0017734988598936408,0.0007400918507438625,0.0002651958659150022,-0.00016945603401796738,4.40472595522037e-06,-0.000604107933950937,-0.0020014847127972635,-0.002574137046353675,-0.004092274986372546,-0.005610412926391417
2026-05-13,0.009021306198790935,0.009021306198790935,0.018216236855740697,0.02741116751269046,0.0020953761396356185,0.00391570051515111,0.007398108166098649,0.006005145105719634,0.010880515817046188,0.005959196100778774,0.010152585169360684,0.013370131447239642,0.0165876777251186
2026-05-14,-0.006616080895510912,-0.006616080895510912,-0.01405408787858553,-0.02149209486166015,-0.001393996479461812,-0.003514447793304676,-0.009331471454954166,-0.00700466199029437,-0.015148495116603655,-0.008942802201665212,-0.015520384246447527,-0.020913705276736916,-0.026307026307026304
2026-05-15,0.008023031758412458,0.008023031758412458,0.0051475926275021955,0.0022721534965919332,-0.003428270350772311,-0.006279003184596399,-0.009514729279001266,-0.00822043884123932,-0.012750455373406133,-0.009023497555471383,-0.014073092027401257,-0.016156473054284304,-0.01823985408116735
2026-05-18,-0.006173462694587517,-0.006173462694587517,-0.009006126813288717,-0.011838790931989918,0.00022659103003164205,-0.0014770936016980096,-0.0034035734511154714,-0.002632981511348487,-0.005330053300532933,0.003619065851362402,0.004000422398223513,0.0031033231359440805,0.002206223873664648
2026-05-19,0.0020534912656353654,0.0020534912656353654,0.0008992921533377274,-0.00025490695895991067,0.0023477750537406195,0.003184558171933638,0.003344133991160514,0.0032803036634697635,0.00350370981038739,0.00718891540440314,0.008223048528239962,0.00828253573440152,0.008342022940563076
2026-05-20,0.0024335236583648,0.0024335236583648,0.00249162159460814,0.0025497195308514797,0.0015204247179063657,0.0013107402135015267,0.0008607510884719449,0.0010407467384837775,0.00041076196344236315,0.003603227629016992,0.004902752922112397,0.005036691869536036,0.005170630816959676
2026-05-21,-0.009812679400023727,-0.009812679400023616,-0.01584225017813995,-0.021871820956256283,-0.004041472399892498,-0.009449520050286098,-0.011191604615576278,-0.010494770789460206,-0.012933689180866459,-0.018843310691022075,-0.025739264916915694,-0.026872833190053624,-0.028006401463191555
2026-05-22,0.01409067075657422,0.014090670756573997,0.020045855399087875,0.026001040041601753,0.006344287466585996,0.010468853488333485,0.010850067343168401,0.010697581801234434,0.011231281198003318,0.015557610636287356,0.018088664008600208,0.018158762205405576,0.018228860402210945
2026-05-25,0.008728836468366197,0.008728836468366419,0.01551495041867379,0.02230106436898116,0.0031316771373506302,0.01017647977663727,0.012801115248252892,0.011751261059606643,0.015425750719868514,0.01063743211149526,0.014377014484342254,0.014580514634178532,0.01478401478401481
2026-05-26,0.0010595881469170898,0.0010595881469170898,0.0031326696312176106,0.005205751115518131,-0.0012854883808069983,0.0008293824385996462,0.003959353969958168,0.00270736535741476,0.00708932550131669,-0.0006017797329034291,-0.003070303387780471,-0.003470048120022662,-0.003869792852264853
2026-05-27,-0.0008064507491393202,-0.0008064507491393202,-0.00027992081230082677,0.0002466091245376667,-0.001838775697375783,-0.0006265743691628023,-0.004335813331001359,-0.0028521177462659366,-0.008045052292839916,-0.010100081468688571,-0.015376067064108656,-0.015571945780683216,-0.015767824497257776
