etf_code,sleeve_name,parameter_grid_role,sample_scope,sample_start,sample_end,n_trading_days,delta_label,target_delta,coverage,coverage_label,cumulative_return,annualized_return_cagr,arithmetic_annualized_return,annualized_volatility,sharpe_daily_mean,cagr_vol_ratio,sortino_ratio,calmar_ratio,max_drawdown,max_drawdown_start,max_drawdown_trough,max_drawdown_recovery,drawdown_duration,monthly_win_rate,worst_month_return,best_month_return,option_leg_annualized_pnl_contribution,premium_capture_ratio_agg,payoff_burden_agg,positive_option_leg_period_rate,assignment_rate,p95_short_call_mtm_loss,p99_short_call_mtm_loss,max_short_call_mtm_loss,avg_actual_dte,avg_selected_delta,median_selected_delta,avg_realized_moneyness,median_realized_moneyness,selected_periods,skipped_periods,avg_active_coverage,source_engine,annualized_return_cagr_vs_buyhold,sharpe_diff_vs_buyhold,mdd_improvement_vs_buyhold,target_delta_scope,selection_policy,portfolio_role,eligible_delta_grid,eligible_coverage_grid,eligible_target_delta_surface
159915,159915_ETF_BuyHold,buyhold,main_stepA_common_sample,2022-09-30,2026-05-27,881,BuyHold,,0.0,Q0,0.8262044124268293,0.1882237638057449,0.22155290688111068,0.31629376525915337,0.7004656152472138,0.5950916030593424,1.3216530708175265,0.46048571723739024,0.40875049270792374,2023-02-01,2024-08-27,2024-10-08,406,0.4772727272727273,-0.16775244299674286,0.438144329896907,0.0,,,,,0.0,0.0,0.0,,,,,,0,0,0.0,continuous_30d_daily_mtm_target_delta,0.0,0.0,0.0,core_target_delta_candidate,full_target_delta_surface,portfolio_candidate,D10;D20;D30;D40;D50,Q10;Q20;Q30;Q40;Q50;Q60;Q70;Q80;Q90;Q100,False
159915,159915_DTE30_D10_Q10_Hold,target_delta_surface,main_stepA_common_sample,2022-09-30,2026-05-27,881,D10,0.1,0.1,Q10,0.7865639692130764,0.18077990743720607,0.211705612196996,0.3040921191125564,0.6961890785424645,0.5944906035867781,1.3042656237723398,0.44617601883203567,0.40517620805895715,2023-02-01,2024-08-27,2024-10-08,406,0.4772727272727273,-0.1664344033241093,0.4036801557314764,-0.009836117278117111,-1.784737743349102,2.759237743349102,0.8636363636363636,0.13636363636363635,0.0015070746956235604,0.0181813664596274,0.05595031055900621,30.34090909090909,0.11190200961423334,0.104402891121898,0.10809803083151688,0.09834036396433632,44,0,0.09999999999999999,continuous_30d_daily_mtm_target_delta,-0.007443856368538837,-0.004276536704749367,0.003574284648966586,core_target_delta_candidate,full_target_delta_surface,portfolio_candidate,D10;D20;D30;D40;D50,Q10;Q20;Q30;Q40;Q50;Q60;Q70;Q80;Q90;Q100,True
159915,159915_DTE30_D10_Q20_Hold,target_delta_surface,main_stepA_common_sample,2022-09-30,2026-05-27,881,D10,0.1,0.2,Q20,0.7459921482971865,0.17303807609187194,0.20185831751288172,0.2924954603515099,0.6901246168754076,0.5915923477373678,1.2828657896529088,0.43088922662522916,0.40158366791187794,2023-02-01,2024-08-27,2025-08-22,622,0.4772727272727273,-0.1651147122336627,0.36959494746309773,-0.019672234556234222,-1.784737743349102,2.759237743349102,0.8636363636363636,0.13636363636363635,0.003014149391247121,0.0363627329192548,0.11190062111801242,30.34090909090909,0.11190200961423334,0.104402891121898,0.10809803083151688,0.09834036396433632,44,0,0.19999999999999998,continuous_30d_daily_mtm_target_delta,-0.015185687713872964,-0.010340998371806243,0.007166824796045801,core_target_delta_candidate,full_target_delta_surface,portfolio_candidate,D10;D20;D30;D40;D50,Q10;Q20;Q30;Q40;Q50;Q60;Q70;Q80;Q90;Q100,True
159915,159915_DTE30_D10_Q30_Hold,target_delta_surface,main_stepA_common_sample,2022-09-30,2026-05-27,881,D10,0.1,0.3,Q30,0.7045847707185584,0.16500327355425415,0.19201102282876634,0.2815785471257391,0.6819092746544491,0.585993767062701,1.256714625328737,0.4142232310434062,0.39834384261505495,2023-02-01,2024-02-02,2025-08-22,622,0.4772727272727273,-0.16379336804703903,0.33588756444272905,-0.02950835183435133,-1.784737743349102,2.7592377433491024,0.8636363636363636,0.13636363636363635,0.004521224086870681,0.054544099378882195,0.16785093167701862,30.34090909090909,0.11190200961423334,0.104402891121898,0.10809803083151688,0.09834036396433632,44,0,0.29999999999999993,continuous_30d_daily_mtm_target_delta,-0.023220490251490755,-0.018556340592764786,0.010406650092868786,core_target_delta_candidate,full_target_delta_surface,portfolio_candidate,D10;D20;D30;D40;D50,Q10;Q20;Q30;Q40;Q50;Q60;Q70;Q80;Q90;Q100,True
159915,159915_DTE30_D10_Q40_Hold,target_delta_surface,main_stepA_common_sample,2022-09-30,2026-05-27,881,D10,0.1,0.4,Q40,0.662436210434957,0.15668029750852397,0.18216372814465095,0.2714234119083433,0.6711422823251726,0.5772541742325205,1.2251795133372372,0.39574682491900426,0.3959104347598772,2023-02-01,2024-02-02,2025-08-25,623,0.4772727272727273,-0.16247036908448842,0.30255686387190184,-0.039344469112468444,-1.784737743349102,2.759237743349102,0.8636363636363636,0.13636363636363635,0.006028298782494242,0.0727254658385096,0.22380124223602485,30.34090909090909,0.11190200961423334,0.104402891121898,0.10809803083151688,0.09834036396433632,44,0,0.39999999999999997,continuous_30d_daily_mtm_target_delta,-0.031543466297220935,-0.029323332922041256,0.012840057948046546,core_target_delta_candidate,full_target_delta_surface,portfolio_candidate,D10;D20;D30;D40;D50,Q10;Q20;Q30;Q40;Q50;Q60;Q70;Q80;Q90;Q100,True
159915,159915_DTE30_D10_Q50_Hold,target_delta_surface,main_stepA_common_sample,2022-09-30,2026-05-27,881,D10,0.1,0.5,Q50,0.619639280297066,0.14807374735526913,0.17231643346053638,0.2621186092550741,0.6573987018710717,0.5649112353223839,1.1877705901200946,0.376328700447297,0.3934691857922915,2023-02-01,2024-02-02,2025-08-28,626,0.4772727272727273,-0.1611457136648743,0.2696017008017708,-0.049180586390585555,-1.7847377433491018,2.759237743349102,0.8636363636363636,0.13636363636363635,0.007535373478117802,0.090906832298137,0.27975155279503106,30.34090909090909,0.11190200961423334,0.104402891121898,0.10809803083151688,0.09834036396433632,44,0,0.5,continuous_30d_daily_mtm_target_delta,-0.04015001645047578,-0.0430669133761421,0.015281306915632231,core_target_delta_candidate,full_target_delta_surface,portfolio_candidate,D10;D20;D30;D40;D50,Q10;Q20;Q30;Q40;Q50;Q60;Q70;Q80;Q90;Q100,True
159915,159915_DTE30_D10_Q60_Hold,target_delta_surface,main_stepA_common_sample,2022-09-30,2026-05-27,881,D10,0.1,0.6,Q60,0.5762851226455155,0.13918803085170017,0.16246913877642186,0.2537576965512297,0.6402530484178709,0.5485076225997357,1.1441415589267316,0.3559613365855155,0.3910200815257977,2023-02-01,2024-02-02,2025-08-29,627,0.4772727272727273,-0.15981940010567441,0.23702092813217268,-0.05901670366870266,-1.784737743349102,2.7592377433491024,0.8636363636363636,0.13636363636363635,0.009042448173741361,0.10908819875776439,0.33570186335403723,30.34090909090909,0.11190200961423334,0.104402891121898,0.10809803083151688,0.09834036396433632,44,0,0.5999999999999999,continuous_30d_daily_mtm_target_delta,-0.04903573295404473,-0.06021256682934295,0.017730411182126038,core_target_delta_candidate,full_target_delta_surface,portfolio_candidate,D10;D20;D30;D40;D50,Q10;Q20;Q30;Q40;Q50;Q60;Q70;Q80;Q90;Q100,True
159915,159915_DTE30_D10_Q70_Hold,target_delta_surface,main_stepA_common_sample,2022-09-30,2026-05-27,881,D10,0.1,0.7,Q70,0.5324631046433164,0.13002736963181194,0.15262184409230642,0.24643676319794808,0.6193144322777617,0.5276297576079128,1.0940794068524817,0.334636425888177,0.38856310781678693,2023-02-01,2024-02-02,2025-09-01,628,0.4772727272727273,-0.15849142672297856,0.20481339661067066,-0.06885282094681978,-1.7847377433491012,2.7592377433491015,0.8636363636363636,0.13636363636363635,0.010549522869364922,0.12726956521739177,0.39165217391304347,30.34090909090909,0.11190200961423334,0.104402891121898,0.10809803083151688,0.09834036396433632,44,0,0.7000000000000001,continuous_30d_daily_mtm_target_delta,-0.058196394173932964,-0.08115118296945212,0.020187384891136806,core_target_delta_candidate,full_target_delta_surface,portfolio_candidate,D10;D20;D30;D40;D50,Q10;Q20;Q30;Q40;Q50;Q60;Q70;Q80;Q90;Q100,True
159915,159915_DTE30_D10_Q80_Hold,target_delta_surface,main_stepA_common_sample,2022-09-30,2026-05-27,881,D10,0.1,0.8,Q80,0.4882607184470764,0.12059580365017153,0.142774549408192,0.24025089886887194,0.5942726960872593,0.5019577625638448,1.0376674203984202,0.3123448590447193,0.3860982505651085,2023-02-01,2024-02-02,2025-09-11,636,0.4772727272727273,-0.15716179183148749,0.1729779548316206,-0.07868893822493689,-1.784737743349102,2.759237743349102,0.8636363636363636,0.13636363636363635,0.012056597564988484,0.1454509316770192,0.4476024844720497,30.34090909090909,0.11190200961423334,0.104402891121898,0.10809803083151688,0.09834036396433632,44,0,0.7999999999999999,continuous_30d_daily_mtm_target_delta,-0.06762796015557337,-0.10619291915995455,0.02265224214281525,core_target_delta_candidate,full_target_delta_surface,portfolio_candidate,D10;D20;D30;D40;D50,Q10;Q20;Q30;Q40;Q50;Q60;Q70;Q80;Q90;Q100,True
159915,159915_DTE30_D10_Q90_Hold,target_delta_surface,main_stepA_common_sample,2022-09-30,2026-05-27,881,D10,0.1,0.9,Q90,0.4437634863105162,0.11089719458073644,0.1329272547240768,0.23528964493671228,0.5649515717524726,0.4713220363376609,0.9751855879252687,0.2890767058486179,0.3836254957146581,2023-02-01,2024-02-02,2025-09-19,642,0.5,-0.15583049374451274,0.14598584974851714,-0.08852505550305402,-1.784737743349102,2.759237743349102,0.8636363636363636,0.13636363636363635,0.013563672260612045,0.1636322981366466,0.5035527950310559,30.34090909090909,0.11190200961423334,0.104402891121898,0.10809803083151688,0.09834036396433632,44,0,0.9000000000000002,continuous_30d_daily_mtm_target_delta,-0.07732656922500847,-0.13551404349474128,0.025124996993265647,core_target_delta_candidate,full_target_delta_surface,portfolio_candidate,D10;D20;D30;D40;D50,Q10;Q20;Q30;Q40;Q50;Q60;Q70;Q80;Q90;Q100,True
159915,159915_DTE30_D10_Q100_Hold,target_delta_surface,main_stepA_common_sample,2022-09-30,2026-05-27,881,D10,0.1,1.0,Q100,0.39905487070408596,0.10093522819023115,0.12307996003996141,0.23163170352287957,0.531360596015321,0.43575739700183663,0.9073647770617703,0.26482119247898267,0.3811448292539571,2023-02-01,2024-02-02,2025-10-09,650,0.5,-0.1544975307739751,0.1456805864131301,-0.09836117278117111,-1.7847377433491018,2.759237743349102,0.8636363636363636,0.13636363636363635,0.015070746956235604,0.181813664596274,0.5595031055900621,30.34090909090909,0.11190200961423334,0.104402891121898,0.10809803083151688,0.09834036396433632,44,0,1.0,continuous_30d_daily_mtm_target_delta,-0.08728853561551375,-0.1691050192318928,0.027605663453966645,core_target_delta_candidate,full_target_delta_surface,portfolio_candidate,D10;D20;D30;D40;D50,Q10;Q20;Q30;Q40;Q50;Q60;Q70;Q80;Q90;Q100,True
159915,159915_DTE30_D20_Q10_Hold,target_delta_surface,main_stepA_common_sample,2022-09-30,2026-05-27,881,D20,0.2,0.1,Q10,0.7910799177235326,0.1816338446008876,0.2119436578508412,0.30241667539947664,0.7008332380179589,0.600607900873716,1.309079851945289,0.45155967580763673,0.402236635226621,2023-02-01,2024-08-27,2024-10-08,406,0.4772727272727273,-0.16541249834666216,0.4015617643259495,-0.009598341823651877,-0.9305209622283858,1.9050209622283858,0.7954545454545454,0.22727272727272727,0.002853994490358127,0.020908074534161547,0.05877639751552795,30.34090909090909,0.20041840634212676,0.20150619435248557,0.06994804376522151,0.05990281203702019,44,0,0.09999999999999999,continuous_30d_daily_mtm_target_delta,-0.006589919204857297,0.00036762277074509075,0.006513857481302732,core_target_delta_candidate,full_target_delta_surface,portfolio_candidate,D10;D20;D30;D40;D50,Q10;Q20;Q30;Q40;Q50;Q60;Q70;Q80;Q90;Q100,True
159915,159915_DTE30_D20_Q20_Hold,target_delta_surface,main_stepA_common_sample,2022-09-30,2026-05-27,881,D20,0.2,0.2,Q20,0.7546675425866431,0.17470420436620748,0.20233440882057288,0.2891158529897213,0.6998385136209265,0.6042705806672545,1.2928881025657202,0.4415327427920825,0.39567666774030297,2023-02-01,2024-08-27,2025-08-18,618,0.4772727272727273,-0.16306724376299064,0.36544438336044394,-0.019196683647303755,-0.9305209622283858,1.9050209622283858,0.7954545454545454,0.22727272727272727,0.005707988980716254,0.041816149068323094,0.1175527950310559,30.34090909090909,0.20041840634212676,0.20150619435248557,0.06994804376522151,0.05990281203702019,44,0,0.19999999999999998,continuous_30d_daily_mtm_target_delta,-0.01351955943953742,-0.0006271016262873186,0.013073824967620773,core_target_delta_candidate,full_target_delta_surface,portfolio_candidate,D10;D20;D30;D40;D50,Q10;Q20;Q30;Q40;Q50;Q60;Q70;Q80;Q90;Q100,True
159915,159915_DTE30_D20_Q30_Hold,target_delta_surface,main_stepA_common_sample,2022-09-30,2026-05-27,881,D20,0.2,0.3,Q30,0.7170607327747172,0.16743866911601524,0.1927251597903017,0.2764744809430294,0.6970811885890288,0.6056207015739649,1.2723848351308593,0.4288988612291066,0.39039196475407256,2023-02-01,2024-02-02,2025-08-22,622,0.4772727272727273,-0.1607166694413017,0.3297903017676216,-0.02879502547095562,-0.9305209622283861,1.9050209622283858,0.7954545454545454,0.22727272727272727,0.00856198347107438,0.06272422360248464,0.17632919254658383,30.34090909090909,0.20041840634212676,0.20150619435248557,0.06994804376522151,0.05990281203702019,44,0,0.29999999999999993,continuous_30d_daily_mtm_target_delta,-0.020785094689729666,-0.003384426658185058,0.018358527953851178,core_target_delta_candidate,full_target_delta_surface,portfolio_candidate,D10;D20;D30;D40;D50,Q10;Q20;Q30;Q40;Q50;Q60;Q70;Q80;Q90;Q100,True
159915,159915_DTE30_D20_Q40_Hold,target_delta_surface,main_stepA_common_sample,2022-09-30,2026-05-27,881,D20,0.2,0.4,Q40,0.6783535450340474,0.15984096184535668,0.1831159107600323,0.2645870972815997,0.6920817857007681,0.6041147262568067,1.2468122160686326,0.4148869298873881,0.3852639124803039,2023-02-01,2024-02-02,2025-08-22,622,0.4772727272727273,-0.15836076556263456,0.29459762995974237,-0.03839336729460751,-0.9305209622283858,1.9050209622283858,0.7954545454545454,0.22727272727272727,0.011415977961432507,0.08363229813664619,0.2351055900621118,30.34090909090909,0.20041840634212676,0.20150619435248557,0.06994804376522151,0.05990281203702019,44,0,0.39999999999999997,continuous_30d_daily_mtm_target_delta,-0.028382801960388226,-0.008383829546445787,0.023486580227619847,core_target_delta_candidate,full_target_delta_surface,portfolio_candidate,D10;D20;D30;D40;D50,Q10;Q20;Q30;Q40;Q50;Q60;Q70;Q80;Q90;Q100,True
159915,159915_DTE30_D20_Q50_Hold,target_delta_surface,main_stepA_common_sample,2022-09-30,2026-05-27,881,D20,0.2,0.5,Q50,0.6386404328402677,0.1519147059366095,0.1735066617297632,0.2535597695919634,0.6842830864256414,0.5991277961053347,1.2155760630786538,0.3996640611831124,0.3801059957377738,2023-02-01,2024-02-02,2025-08-25,623,0.4772727272727273,-0.1559995222934809,0.2598644740065972,-0.04799170911825939,-0.9305209622283861,1.905020962228386,0.7954545454545454,0.22727272727272727,0.014269972451790633,0.10454037267080774,0.2938819875776397,30.34090909090909,0.20041840634212676,0.20150619435248557,0.06994804376522151,0.05990281203702019,44,0,0.5,continuous_30d_daily_mtm_target_delta,-0.03630905786913541,-0.01618252882157245,0.028644496970149924,core_target_delta_candidate,full_target_delta_surface,portfolio_candidate,D10;D20;D30;D40;D50,Q10;Q20;Q30;Q40;Q50;Q60;Q70;Q80;Q90;Q100,True
159915,159915_DTE30_D20_Q60_Hold,target_delta_surface,main_stepA_common_sample,2022-09-30,2026-05-27,881,D20,0.2,0.6,Q60,0.5980160334659479,0.14366342771138263,0.16389741269949307,0.24350936888669847,0.6730640937916121,0.5899708432911558,1.1781432105375373,0.3831860646113155,0.37491819504737867,2023-02-01,2024-02-02,2025-08-28,626,0.4772727272727273,-0.15363292978576548,0.22558893564803206,-0.05759005094191124,-0.9305209622283861,1.9050209622283858,0.7954545454545454,0.22727272727272727,0.01712396694214876,0.12544844720496928,0.35265838509316766,30.34090909090909,0.20041840634212676,0.20150619435248557,0.06994804376522151,0.05990281203702019,44,0,0.5999999999999999,continuous_30d_daily_mtm_target_delta,-0.044560336094362274,-0.027401521455601707,0.033832297660545074,core_target_delta_candidate,full_target_delta_surface,portfolio_candidate,D10;D20;D30;D40;D50,Q10;Q20;Q30;Q40;Q50;Q60;Q70;Q80;Q90;Q100,True
159915,159915_DTE30_D20_Q70_Hold,target_delta_surface,main_stepA_common_sample,2022-09-30,2026-05-27,881,D20,0.2,0.7,Q70,0.5565749569149254,0.13509055814972526,0.15428816366922388,0.2345615057679083,0.6577727371083961,0.5759280820928622,1.1341287517402734,0.3654054042609878,0.3697004931356679,2023-02-01,2024-02-02,2025-08-29,627,0.5,-0.15126097817683415,0.1917691123064924,-0.06718839276556313,-0.9305209622283861,1.9050209622283865,0.7954545454545454,0.22727272727272727,0.019977961432506887,0.14635652173913083,0.4114347826086956,30.34090909090909,0.20041840634212676,0.20150619435248557,0.06994804376522151,0.05990281203702019,44,0,0.7000000000000001,continuous_30d_daily_mtm_target_delta,-0.053133205656019644,-0.042692878138817725,0.039049999572255856,core_target_delta_candidate,full_target_delta_surface,portfolio_candidate,D10;D20;D30;D40;D50,Q10;Q20;Q30;Q40;Q50;Q60;Q70;Q80;Q90;Q100,True
159915,159915_DTE30_D20_Q80_Hold,target_delta_surface,main_stepA_common_sample,2022-09-30,2026-05-27,881,D20,0.2,0.8,Q80,0.5144115772560023,0.12619943378989218,0.1446789146389531,0.2268466850387295,0.6377828030162843,0.5563203789746637,1.0833053418503569,0.34627092405809107,0.36445287496538614,2023-02-01,2024-02-02,2025-09-01,628,0.4772727272727273,-0.14888365758943145,0.158403097099578,-0.07678673458921502,-0.9305209622283858,1.9050209622283858,0.7954545454545454,0.22727272727272727,0.022831955922865015,0.16726459627329238,0.4702111801242236,30.34090909090909,0.20041840634212676,0.20150619435248557,0.06994804376522151,0.05990281203702019,44,0,0.7999999999999999,continuous_30d_daily_mtm_target_delta,-0.062024330015852724,-0.06268281223092953,0.0442976177425376,core_target_delta_candidate,full_target_delta_surface,portfolio_candidate,D10;D20;D30;D40;D50,Q10;Q20;Q30;Q40;Q50;Q60;Q70;Q80;Q90;Q100,True
159915,159915_DTE30_D20_Q90_Hold,target_delta_surface,main_stepA_common_sample,2022-09-30,2026-05-27,881,D20,0.2,0.9,Q90,0.4716198268790768,0.11699329681328652,0.1350696656086853,0.22049437251425338,0.6125764756193677,0.5305953865363332,1.0257045821125472,0.32572754242588464,0.3591753277661711,2023-02-01,2024-02-02,2025-09-11,636,0.5,-0.14650095813168784,0.14317812715944744,-0.0863850764128669,-0.930520962228386,1.9050209622283858,0.7954545454545454,0.22727272727272727,0.02568595041322314,0.18817267080745392,0.5289875776397516,30.34090909090909,0.20041840634212676,0.20150619435248557,0.06994804376522151,0.05990281203702019,44,0,0.9000000000000002,continuous_30d_daily_mtm_target_delta,-0.07123046699245839,-0.08788913962784617,0.049575164941752625,core_target_delta_candidate,full_target_delta_surface,portfolio_candidate,D10;D20;D30;D40;D50,Q10;Q20;Q30;Q40;Q50;Q60;Q70;Q80;Q90;Q100,True
159915,159915_DTE30_D20_Q100_Hold,target_delta_surface,main_stepA_common_sample,2022-09-30,2026-05-27,881,D20,0.2,1.0,Q100,0.4282929941848268,0.10747529431030878,0.1254604165784144,0.21562502030212033,0.5818453554352231,0.4984361005959378,0.9622102340991363,0.30371591266025716,0.35386784106545266,2023-02-01,2024-02-02,2025-09-17,640,0.5227272727272727,-0.14411286989710204,0.14255964534703724,-0.09598341823651878,-0.9305209622283861,1.905020962228386,0.7954545454545454,0.22727272727272727,0.028539944903581266,0.20908074534161547,0.5877639751552795,30.34090909090909,0.20041840634212676,0.20150619435248557,0.06994804376522151,0.05990281203702019,44,0,1.0,continuous_30d_daily_mtm_target_delta,-0.08074846949543613,-0.11862025981199076,0.05488265164247108,core_target_delta_candidate,full_target_delta_surface,portfolio_candidate,D10;D20;D30;D40;D50,Q10;Q20;Q30;Q40;Q50;Q60;Q70;Q80;Q90;Q100,True
159915,159915_DTE30_D30_Q10_Hold,target_delta_surface,main_stepA_common_sample,2022-09-30,2026-05-27,881,D30,0.3,0.1,Q10,0.7757189573394616,0.17872287463797654,0.20886264786810343,0.30034290339837605,0.6954139601929171,0.5950627519935698,1.2959990885363315,0.45031847206426195,0.396881064680092,2023-02-01,2024-02-02,2024-10-08,406,0.4772727272727273,-0.16511921957562226,0.39623504921363883,-0.012675854632743835,-0.7609695068316631,1.735469506831663,0.7272727272727273,0.29545454545454547,0.0036105231327487153,0.023306832298136716,0.060838509316770185,30.34090909090909,0.30157290750381477,0.3014572830437912,0.04302475412022171,0.0423905804545428,44,0,0.09999999999999999,continuous_30d_daily_mtm_target_delta,-0.009500889167768367,-0.005051655054296722,0.011869428027831752,core_target_delta_candidate,full_target_delta_surface,portfolio_candidate,D10;D20;D30;D40;D50,Q10;Q20;Q30;Q40;Q50;Q60;Q70;Q80;Q90;Q100,True
159915,159915_DTE30_D30_Q20_Hold,target_delta_surface,main_stepA_common_sample,2022-09-30,2026-05-27,881,D30,0.3,0.2,Q20,0.7244564755027796,0.1688764137149048,0.19617238885509408,0.2849108439889526,0.6885395659517286,0.5927342439849463,1.2657091437422663,0.4351860700042407,0.3880556510305102,2023-02-01,2024-02-02,2024-10-08,406,0.4772727272727273,-0.1624791801926947,0.3550476840998795,-0.02535170926548767,-0.7609695068316631,1.735469506831663,0.7272727272727273,0.29545454545454547,0.0072210462654974305,0.04661366459627343,0.12167701863354037,30.34090909090909,0.30157290750381477,0.3014572830437912,0.04302475412022171,0.0423905804545428,44,0,0.19999999999999998,continuous_30d_daily_mtm_target_delta,-0.0193473500908401,-0.011926049295485242,0.020694841677413534,core_target_delta_candidate,full_target_delta_surface,portfolio_candidate,D10;D20;D30;D40;D50,Q10;Q20;Q30;Q40;Q50;Q60;Q70;Q80;Q90;Q100,True
159915,159915_DTE30_D30_Q30_Hold,target_delta_surface,main_stepA_common_sample,2022-09-30,2026-05-27,881,D30,0.3,0.3,Q30,0.6725513968595171,0.1586913317510419,0.1834821298420858,0.2700865308452197,0.6793457240088553,0.587557370056281,1.2300710720428902,0.41857825454613434,0.3791198659450462,2023-02-01,2024-02-02,2025-08-22,622,0.4772727272727273,-0.15983231061270486,0.3145763459546891,-0.03802756389823149,-0.7609695068316632,1.7354695068316628,0.7272727272727273,0.29545454545454547,0.010831569398246145,0.06992049689441014,0.18251552795031054,30.34090909090909,0.30157290750381477,0.3014572830437912,0.04302475412022171,0.0423905804545428,44,0,0.29999999999999993,continuous_30d_daily_mtm_target_delta,-0.029532432054703017,-0.021119891238358557,0.029630626762877532,core_target_delta_candidate,full_target_delta_surface,portfolio_candidate,D10;D20;D30;D40;D50,Q10;Q20;Q30;Q40;Q50;Q60;Q70;Q80;Q90;Q100,True
159915,159915_DTE30_D30_Q40_Hold,target_delta_surface,main_stepA_common_sample,2022-09-30,2026-05-27,881,D30,0.3,0.4,Q40,0.6201358308633365,0.1481745299027959,0.17079187082907846,0.2559755749799023,0.6672194049861517,0.5788619867908479,1.1881149951529106,0.4003930852513442,0.37007264950587315,2023-02-01,2024-02-02,2025-08-22,622,0.4772727272727273,-0.1571785965772644,0.2748151423888472,-0.05070341853097534,-0.7609695068316631,1.735469506831663,0.7272727272727273,0.29545454545454547,0.014442092530994861,0.09322732919254687,0.24335403726708074,30.34090909090909,0.30157290750381477,0.3014572830437912,0.04302475412022171,0.0423905804545428,44,0,0.39999999999999997,continuous_30d_daily_mtm_target_delta,-0.04004923390294901,-0.033246210261062115,0.03867784320205059,core_target_delta_candidate,full_target_delta_surface,portfolio_candidate,D10;D20;D30;D40;D50,Q10;Q20;Q30;Q40;Q50;Q60;Q70;Q80;Q90;Q100,True
159915,159915_DTE30_D30_Q50_Hold,target_delta_surface,main_stepA_common_sample,2022-09-30,2026-05-27,881,D30,0.3,0.5,Q50,0.5673392311225203,0.13733286146900725,0.15810161181607077,0.2427024341644615,0.6514216157755427,0.565848718995323,1.1391245048512397,0.38051520841931846,0.3609129370662888,2023-02-01,2024-02-02,2025-08-25,623,0.4772727272727273,-0.15451802380482782,0.23575817759202278,-0.06337927316371916,-0.7609695068316631,1.735469506831663,0.7272727272727273,0.29545454545454547,0.018052615663743575,0.11653416149068357,0.3041925465838509,30.34090909090909,0.30157290750381477,0.3014572830437912,0.04302475412022171,0.0423905804545428,44,0,0.5,continuous_30d_daily_mtm_target_delta,-0.05089090233673765,-0.04904399947167115,0.04783755564163494,core_target_delta_candidate,full_target_delta_surface,portfolio_candidate,D10;D20;D30;D40;D50,Q10;Q20;Q30;Q40;Q50;Q60;Q70;Q80;Q90;Q100,True
159915,159915_DTE30_D30_Q60_Hold,target_delta_surface,main_stepA_common_sample,2022-09-30,2026-05-27,881,D30,0.3,0.6,Q60,0.5142880764839364,0.12617313283220155,0.14541135280306172,0.23041194377287658,0.6310929477961339,0.5475980574886079,1.0824225473056326,0.3588137159253423,0.3516396593335751,2023-02-01,2024-02-02,2025-08-28,626,0.4772727272727273,-0.15185057799066037,0.1973995526994825,-0.07605512779646298,-0.7609695068316632,1.7354695068316628,0.7272727272727273,0.29545454545454547,0.02166313879649229,0.13984099378882028,0.36503105590062107,30.34090909090909,0.30157290750381477,0.3014572830437912,0.04302475412022171,0.0423905804545428,44,0,0.5999999999999999,continuous_30d_daily_mtm_target_delta,-0.06205063097354335,-0.06937266745107995,0.057110833374348635,core_target_delta_candidate,full_target_delta_surface,portfolio_candidate,D10;D20;D30;D40;D50,Q10;Q20;Q30;Q40;Q50;Q60;Q70;Q80;Q90;Q100,True
159915,159915_DTE30_D30_Q70_Hold,target_delta_surface,main_stepA_common_sample,2022-09-30,2026-05-27,881,D30,0.3,0.7,Q70,0.4611055694402615,0.1147021036671616,0.13272109379005284,0.2192694047007312,0.6052877918430829,0.5231103893573854,1.0175199436436568,0.3351395754615955,0.3422517424544079,2023-02-01,2024-02-02,2025-08-29,627,0.5,-0.1491762448068149,0.15973336615833533,-0.0887309824292068,-0.7609695068316631,1.735469506831663,0.7272727272727273,0.29545454545454547,0.025273661929241003,0.163147826086957,0.4258695652173913,30.34090909090909,0.30157290750381477,0.3014572830437912,0.04302475412022171,0.0423905804545428,44,0,0.7000000000000001,continuous_30d_daily_mtm_target_delta,-0.0735216601385833,-0.09517782340413095,0.06649875025351581,core_target_delta_candidate,full_target_delta_surface,portfolio_candidate,D10;D20;D30;D40;D50,Q10;Q20;Q30;Q40;Q50;Q60;Q70;Q80;Q90;Q100,True
159915,159915_DTE30_D30_Q80_Hold,target_delta_surface,main_stepA_common_sample,2022-09-30,2026-05-27,881,D30,0.3,0.8,Q80,0.4079113526563656,0.10292648643620694,0.12003083477704464,0.20945809977942656,0.5730541569098793,0.4913941573259542,0.9440460900249967,0.3093225293542525,0.3327481081028214,2023-02-01,2024-02-02,2025-09-05,632,0.5227272727272727,-0.1464950099021064,0.1402818565806876,-0.10140683706195068,-0.7609695068316631,1.735469506831663,0.7272727272727273,0.29545454545454547,0.028884185061989722,0.18645465838509373,0.4867080745341615,30.34090909090909,0.30157290750381477,0.3014572830437912,0.04302475412022171,0.0423905804545428,44,0,0.7999999999999999,continuous_30d_daily_mtm_target_delta,-0.08529727736953796,-0.12741145833733458,0.07600238460510234,core_target_delta_candidate,full_target_delta_surface,portfolio_candidate,D10;D20;D30;D40;D50,Q10;Q20;Q30;Q40;Q50;Q60;Q70;Q80;Q90;Q100,True
159915,159915_DTE30_D30_Q90_Hold,target_delta_surface,main_stepA_common_sample,2022-09-30,2026-05-27,881,D30,0.3,0.9,Q90,0.3548212443217764,0.09085294518353759,0.10734057576403663,0.20117289829741145,0.5335737401632783,0.4516162264025334,0.8623521685158012,0.28116732986547427,0.32312767357077576,2023-02-01,2024-02-02,2025-09-16,639,0.5227272727272727,-0.14380685890207956,0.13921823241542364,-0.1140826916946945,-0.7609695068316631,1.735469506831663,0.7272727272727273,0.29545454545454547,0.03249470819473844,0.20976149068323044,0.5475465838509317,30.34090909090909,0.30157290750381477,0.3014572830437912,0.04302475412022171,0.0423905804545428,44,0,0.9000000000000002,continuous_30d_daily_mtm_target_delta,-0.09737081862220731,-0.16689187508393555,0.08562281913714798,core_target_delta_candidate,full_target_delta_surface,portfolio_candidate,D10;D20;D30;D40;D50,Q10;Q20;Q30;Q40;Q50;Q60;Q70;Q80;Q90;Q100,True
159915,159915_DTE30_D30_Q100_Hold,target_delta_surface,main_stepA_common_sample,2022-09-30,2026-05-27,881,D30,0.3,1.0,Q100,0.3019469929450498,0.07848809363395204,0.0946503167510283,0.19460881320312928,0.4863619236618742,0.4033121231361066,0.7735812506289348,0.2483098025298837,0.31608938847473056,2023-02-01,2025-04-07,2025-10-09,650,0.5227272727272727,-0.14111177740898828,0.13815287556074818,-0.12675854632743833,-0.7609695068316631,1.735469506831663,0.7272727272727273,0.29545454545454547,0.03610523132748715,0.23306832298136715,0.6083850931677018,30.34090909090909,0.30157290750381477,0.3014572830437912,0.04302475412022171,0.0423905804545428,44,0,1.0,continuous_30d_daily_mtm_target_delta,-0.10973567017179287,-0.21410369158533965,0.09266110423319318,core_target_delta_candidate,full_target_delta_surface,portfolio_candidate,D10;D20;D30;D40;D50,Q10;Q20;Q30;Q40;Q50;Q60;Q70;Q80;Q90;Q100,True
159915,159915_DTE30_D40_Q10_Hold,target_delta_surface,main_stepA_common_sample,2022-09-30,2026-05-27,881,D40,0.4,0.1,Q10,0.7765598875387174,0.17888269861197692,0.20845645442864488,0.2985231061956274,0.6982925277885853,0.5992256374779645,1.301256147035059,0.45301706320230434,0.39486967079668933,2023-02-01,2024-08-27,2024-10-08,406,0.4772727272727273,-0.16329242670895472,0.39623504921363906,-0.013081587012678902,-0.5658357960301039,1.5403357960301038,0.6818181818181818,0.38636363636363635,0.005129476584022038,0.023306832298136716,0.060838509316770185,30.34090909090909,0.3848985215039465,0.3739195259985191,0.024861526022159793,0.02481511525321356,44,0,0.09999999999999999,continuous_30d_daily_mtm_target_delta,-0.009341065193767983,-0.002173087458628542,0.013880821911234409,core_target_delta_candidate,full_target_delta_surface,portfolio_candidate,D10;D20;D30;D40;D50,Q10;Q20;Q30;Q40;Q50;Q60;Q70;Q80;Q90;Q100,True
159915,159915_DTE30_D40_Q20_Hold,target_delta_surface,main_stepA_common_sample,2022-09-30,2026-05-27,881,D40,0.4,0.2,Q20,0.7258001024710052,0.1691371444527341,0.19536000197617956,0.2812331449177801,0.6946549704633642,0.6014125557717678,1.2762969156448787,0.4415484121106793,0.3830545865723505,2023-02-01,2024-02-02,2024-10-08,406,0.4772727272727273,-0.15881252679851676,0.3550476840998802,-0.026163174025357804,-0.5658357960301039,1.5403357960301038,0.6818181818181818,0.38636363636363635,0.010258953168044076,0.04661366459627343,0.12167701863354037,30.34090909090909,0.3848985215039465,0.3739195259985191,0.024861526022159793,0.02481511525321356,44,0,0.19999999999999998,continuous_30d_daily_mtm_target_delta,-0.019086619353010814,-0.005810644783849628,0.025695906135573265,core_target_delta_candidate,full_target_delta_surface,portfolio_candidate,D10;D20;D30;D40;D50,Q10;Q20;Q30;Q40;Q50;Q60;Q70;Q80;Q90;Q100,True
159915,159915_DTE30_D40_Q30_Hold,target_delta_surface,main_stepA_common_sample,2022-09-30,2026-05-27,881,D40,0.4,0.3,Q30,0.6740841423037505,0.15899530420417451,0.18226354952371346,0.26451815919666144,0.6890398378593203,0.6010751953175593,1.245829671165488,0.4279636242268205,0.37151593080235035,2023-02-01,2024-02-02,2025-08-22,622,0.4772727272727273,-0.15431267152947092,0.31457634595468864,-0.0392447610380367,-0.565835796030104,1.5403357960301043,0.6818181818181818,0.38636363636363635,0.015388429752066113,0.06992049689441014,0.18251552795031054,30.34090909090909,0.3848985215039465,0.3739195259985191,0.024861526022159793,0.02481511525321356,44,0,0.29999999999999993,continuous_30d_daily_mtm_target_delta,-0.02922845960157039,-0.011425777387893521,0.03723456190557339,core_target_delta_candidate,full_target_delta_surface,portfolio_candidate,D10;D20;D30;D40;D50,Q10;Q20;Q30;Q40;Q50;Q60;Q70;Q80;Q90;Q100,True
159915,159915_DTE30_D40_Q40_Hold,target_delta_surface,main_stepA_common_sample,2022-09-30,2026-05-27,881,D40,0.4,0.4,Q40,0.621569738744133,0.14846543980071103,0.1691670970712478,0.2484942034857585,0.680768785340874,0.597460374198305,1.208644164970762,0.4126374960864995,0.3597962890158407,2023-02-01,2024-02-02,2025-08-22,622,0.4772727272727273,-0.1497927889692734,0.2748151423888465,-0.05232634805071561,-0.5658357960301039,1.5403357960301038,0.6818181818181818,0.38636363636363635,0.020517906336088153,0.09322732919254687,0.24335403726708074,30.34090909090909,0.3848985215039465,0.3739195259985191,0.024861526022159793,0.02481511525321356,44,0,0.39999999999999997,continuous_30d_daily_mtm_target_delta,-0.039758324005033874,-0.019696829906339808,0.04895420369208303,core_target_delta_candidate,full_target_delta_surface,portfolio_candidate,D10;D20;D30;D40;D50,Q10;Q20;Q30;Q40;Q50;Q60;Q70;Q80;Q90;Q100,True
159915,159915_DTE30_D40_Q50_Hold,target_delta_surface,main_stepA_common_sample,2022-09-30,2026-05-27,881,D40,0.4,0.5,Q50,0.5684126919968924,0.13755587055940888,0.15607064461878142,0.23330370692305488,0.6689591291845807,0.5896000212494511,1.1636442015637782,0.395396384664619,0.34789359714577506,2023-02-01,2024-02-02,2025-08-25,623,0.4772727272727273,-0.14525280698845744,0.23575817759202278,-0.06540793506339453,-0.5658357960301041,1.5403357960301043,0.6818181818181818,0.38636363636363635,0.02564738292011019,0.11653416149068357,0.3041925465838509,30.34090909090909,0.3848985215039465,0.3739195259985191,0.024861526022159793,0.02481511525321356,44,0,0.5,continuous_30d_daily_mtm_target_delta,-0.05066789324633603,-0.03150648606263318,0.06085689556214868,core_target_delta_candidate,full_target_delta_surface,portfolio_candidate,D10;D20;D30;D40;D50,Q10;Q20;Q30;Q40;Q50;Q60;Q70;Q80;Q90;Q100,True
159915,159915_DTE30_D40_Q60_Hold,target_delta_surface,main_stepA_common_sample,2022-09-30,2026-05-27,881,D40,0.4,0.6,Q60,0.5147663142679013,0.12627497074250837,0.14297419216631413,0.21912007675893536,0.6524924337426505,0.5762820669391678,1.1097531961548295,0.37603572206598146,0.33580578475028877,2023-02-01,2024-02-02,2025-08-28,626,0.4772727272727273,-0.14069265326029512,0.19739955269948184,-0.0784895220760734,-0.565835796030104,1.5403357960301043,0.6818181818181818,0.38636363636363635,0.030776859504132226,0.13984099378882028,0.36503105590062107,30.34090909090909,0.3848985215039465,0.3739195259985191,0.024861526022159793,0.02481511525321356,44,0,0.5999999999999999,continuous_30d_daily_mtm_target_delta,-0.06194879306323653,-0.04797318150456331,0.07294470795763497,core_target_delta_candidate,full_target_delta_surface,portfolio_candidate,D10;D20;D30;D40;D50,Q10;Q20;Q30;Q40;Q50;Q60;Q70;Q80;Q90;Q100,True
159915,159915_DTE30_D40_Q70_Hold,target_delta_surface,main_stepA_common_sample,2022-09-30,2026-05-27,881,D40,0.4,0.7,Q70,0.4607808973074847,0.11463116638509296,0.12987773971384808,0.20615124130218254,0.6300119217980817,0.5560537286169587,1.045850440152871,0.3543130208575841,0.32353077543590725,2023-02-01,2024-02-02,2025-09-01,628,0.4772727272727273,-0.1361122552604641,0.15973336615833555,-0.09157110908875232,-0.565835796030104,1.540335796030104,0.6818181818181818,0.38636363636363635,0.035906336088154266,0.163147826086957,0.4258695652173913,30.34090909090909,0.3848985215039465,0.3739195259985191,0.024861526022159793,0.02481511525321356,44,0,0.7000000000000001,continuous_30d_daily_mtm_target_delta,-0.07359259742065194,-0.0704536934491321,0.08521971727201649,core_target_delta_candidate,full_target_delta_surface,portfolio_candidate,D10;D20;D30;D40;D50,Q10;Q20;Q30;Q40;Q50;Q60;Q70;Q80;Q90;Q100,True
159915,159915_DTE30_D40_Q80_Hold,target_delta_surface,main_stepA_common_sample,2022-09-30,2026-05-27,881,D40,0.4,0.8,Q80,0.40660320621940094,0.1026329314086829,0.11678128726138218,0.19464017678476775,0.5999855178436179,0.5272957161468979,0.9712415830488493,0.32993888959822487,0.31106648729303077,2023-02-01,2024-02-02,2025-09-11,636,0.5,-0.13151154026670653,0.1363755695633273,-0.10465269610143121,-0.5658357960301039,1.5403357960301038,0.6818181818181818,0.38636363636363635,0.041035812672176306,0.18645465838509373,0.4867080745341615,30.34090909090909,0.3848985215039465,0.3739195259985191,0.024861526022159793,0.02481511525321356,44,0,0.7999999999999999,continuous_30d_daily_mtm_target_delta,-0.085590832397062,-0.10048009740359598,0.09768400541489297,core_target_delta_candidate,full_target_delta_surface,portfolio_candidate,D10;D20;D30;D40;D50,Q10;Q20;Q30;Q40;Q50;Q60;Q70;Q80;Q90;Q100,True
159915,159915_DTE30_D40_Q90_Hold,target_delta_surface,main_stepA_common_sample,2022-09-30,2026-05-27,881,D40,0.4,0.9,Q90,0.3523760015701618,0.09028878303548793,0.10368483480891767,0.1848594071827737,0.5608848172189729,0.4884186550821179,0.8861060293155235,0.3025653660886264,0.2984108333438298,2023-02-01,2024-02-02,2025-09-25,646,0.5,-0.12689043535849742,0.13476821329517152,-0.11773428311411016,-0.5658357960301039,1.5403357960301038,0.6818181818181818,0.38636363636363635,0.04616528925619834,0.20976149068323044,0.5475465838509317,30.34090909090909,0.3848985215039465,0.3739195259985191,0.024861526022159793,0.02481511525321356,44,0,0.9000000000000002,continuous_30d_daily_mtm_target_delta,-0.09793498077025697,-0.13958079802824097,0.11033965936409396,core_target_delta_candidate,full_target_delta_surface,portfolio_candidate,D10;D20;D30;D40;D50,Q10;Q20;Q30;Q40;Q50;Q60;Q70;Q80;Q90;Q100,True
159915,159915_DTE30_D40_Q100_Hold,target_delta_surface,main_stepA_common_sample,2022-09-30,2026-05-27,881,D40,0.4,1.0,Q100,0.29823759163223684,0.07760727651190313,0.090588382356451,0.17709585061743624,0.5115217665496902,0.43822187951512737,0.7914483341081334,0.26986645672825493,0.287576594189513,2023-01-13,2025-04-07,2026-01-05,718,0.5227272727272727,-0.12224886741670538,0.1331470469071403,-0.13081587012678905,-0.5658357960301041,1.5403357960301043,0.6818181818181818,0.38636363636363635,0.05129476584022038,0.23306832298136715,0.6083850931677018,30.34090909090909,0.3848985215039465,0.3739195259985191,0.024861526022159793,0.02481511525321356,44,0,1.0,continuous_30d_daily_mtm_target_delta,-0.11061648729384177,-0.18894384869752368,0.12117389851841076,core_target_delta_candidate,full_target_delta_surface,portfolio_candidate,D10;D20;D30;D40;D50,Q10;Q20;Q30;Q40;Q50;Q60;Q70;Q80;Q90;Q100,True
159915,159915_DTE30_D50_Q10_Hold,target_delta_surface,main_stepA_common_sample,2022-09-30,2026-05-27,881,D50,0.5,0.1,Q10,0.7634009738361427,0.17637555150423045,0.2055990538160112,0.2960649632004896,0.6944389893132455,0.5957326040798426,1.2944502003282996,0.44990324036795554,0.3920299648430646,2023-02-01,2024-08-27,2024-10-08,406,0.4772727272727273,-0.16081492156569743,0.39279497263677055,-0.0159357442647986,-0.49195529263205745,1.4664552926320575,0.6363636363636364,0.4318181818181818,0.006094213649851634,0.025173913043478307,0.06342857142857143,30.34090909090909,0.4939347885107152,0.4914894964179628,0.005319289748920181,0.005832907135467691,44,0,0.09999999999999999,continuous_30d_daily_mtm_target_delta,-0.01184821230151445,-0.006026625933968299,0.016720527864859114,core_target_delta_candidate,full_target_delta_surface,portfolio_candidate,D10;D20;D30;D40;D50,Q10;Q20;Q30;Q40;Q50;Q60;Q70;Q80;Q90;Q100,True
159915,159915_DTE30_D50_Q20_Hold,target_delta_surface,main_stepA_common_sample,2022-09-30,2026-05-27,881,D50,0.5,0.2,Q20,0.6998141673920018,0.16406865609187693,0.18964520075091265,0.2763023856342201,0.6863683073731125,0.5938010839655848,1.2613224842191513,0.43617641728286793,0.3761520558904393,2023-02-01,2024-02-02,2024-10-08,406,0.4772727272727273,-0.15382826734567567,0.34832400482532266,-0.0318714885295972,-0.49195529263205745,1.4664552926320575,0.6363636363636364,0.4318181818181818,0.012188427299703267,0.050347826086956614,0.12685714285714286,30.34090909090909,0.4939347885107152,0.4914894964179628,0.005319289748920181,0.005832907135467691,44,0,0.19999999999999998,continuous_30d_daily_mtm_target_delta,-0.024155107713867974,-0.01409730787410135,0.03259843681748442,core_target_delta_candidate,full_target_delta_surface,portfolio_candidate,D10;D20;D30;D40;D50,Q10;Q20;Q30;Q40;Q50;Q60;Q70;Q80;Q90;Q100,True
159915,159915_DTE30_D50_Q30_Hold,target_delta_surface,main_stepA_common_sample,2022-09-30,2026-05-27,881,D50,0.5,0.3,Q30,0.6356743501094027,0.1513172326625596,0.1736913476858118,0.25711356159987825,0.675543314810097,0.5885229535190385,1.2207519944642766,0.4192048025301207,0.3609625456323038,2023-02-01,2024-02-02,2025-08-22,622,0.4772727272727273,-0.14679219564161317,0.30472414747702103,-0.04780723279439582,-0.4919552926320573,1.4664552926320573,0.6363636363636364,0.4318181818181818,0.0182826409495549,0.07552173913043492,0.1902857142857143,30.34090909090909,0.4939347885107152,0.4914894964179628,0.005319289748920181,0.005832907135467691,44,0,0.29999999999999993,continuous_30d_daily_mtm_target_delta,-0.03690653114318532,-0.02492230043711685,0.04778794707561995,core_target_delta_candidate,full_target_delta_surface,portfolio_candidate,D10;D20;D30;D40;D50,Q10;Q20;Q30;Q40;Q50;Q60;Q70;Q80;Q90;Q100,True
159915,159915_DTE30_D50_Q40_Hold,target_delta_surface,main_stepA_common_sample,2022-09-30,2026-05-27,881,D50,0.5,0.4,Q40,0.5712052265604177,0.1381355035489915,0.1577374946207122,0.23863693802332162,0.6609936245716359,0.5788521454104969,1.170984778302776,0.3998655419119956,0.34545488187975215,2023-02-01,2024-02-02,2025-08-25,623,0.4772727272727273,-0.13970642051605842,0.26198805761976396,-0.0637429770591944,-0.49195529263205745,1.4664552926320575,0.6363636363636364,0.4318181818181818,0.024376854599406535,0.10069565217391323,0.2537142857142857,30.34090909090909,0.4939347885107152,0.4914894964179628,0.005319289748920181,0.005832907135467691,44,0,0.39999999999999997,continuous_30d_daily_mtm_target_delta,-0.05008826025675339,-0.03947199067557794,0.06329561082817159,core_target_delta_candidate,full_target_delta_surface,portfolio_candidate,D10;D20;D30;D40;D50,Q10;Q20;Q30;Q40;Q50;Q60;Q70;Q80;Q90;Q100,True
159915,159915_DTE30_D50_Q50_Hold,target_delta_surface,main_stepA_common_sample,2022-09-30,2026-05-27,881,D50,0.5,0.5,Q50,0.5066229726791096,0.12453775337231443,0.1417836415556137,0.22105117552023554,0.6414064128902789,0.5633887857832901,1.110225237997884,0.3778177608524182,0.32962387234347335,2023-02-01,2024-02-02,2025-08-28,626,0.5,-0.13257065478611485,0.2201083297898241,-0.07967872132399302,-0.49195529263205734,1.4664552926320575,0.6363636363636364,0.4318181818181818,0.030471068249258167,0.12586956521739154,0.31714285714285717,30.34090909090909,0.4939347885107152,0.4914894964179628,0.005319289748920181,0.005832907135467691,44,0,0.5,continuous_30d_daily_mtm_target_delta,-0.06368601043343047,-0.05905920235693496,0.0791266203644504,core_target_delta_candidate,full_target_delta_surface,portfolio_candidate,D10;D20;D30;D40;D50,Q10;Q20;Q30;Q40;Q50;Q60;Q70;Q80;Q90;Q100,True
159915,159915_DTE30_D50_Q60_Hold,target_delta_surface,main_stepA_common_sample,2022-09-30,2026-05-27,881,D50,0.5,0.6,Q60,0.44213543297893687,0.1105383229451189,0.12582978849051463,0.20458613244247154,0.6150455409087772,0.5403021291103475,1.0365510249473004,0.35263450928629747,0.31346428110181035,2023-02-01,2024-02-02,2025-08-29,627,0.5227272727272727,-0.1253846100203948,0.1790774975318008,-0.09561446558879164,-0.4919552926320573,1.4664552926320573,0.6363636363636364,0.4318181818181818,0.0365652818991098,0.15104347826086983,0.3805714285714286,30.34090909090909,0.4939347885107152,0.4914894964179628,0.005319289748920181,0.005832907135467691,44,0,0.5999999999999999,continuous_30d_daily_mtm_target_delta,-0.07768544086062601,-0.08542007433843668,0.09528621160611339,core_target_delta_candidate,full_target_delta_surface,portfolio_candidate,D10;D20;D30;D40;D50,Q10;Q20;Q30;Q40;Q50;Q60;Q70;Q80;Q90;Q100,True
159915,159915_DTE30_D50_Q70_Hold,target_delta_surface,main_stepA_common_sample,2022-09-30,2026-05-27,881,D50,0.5,0.7,Q70,0.37794139422236217,0.09615160211152363,0.10987593542541554,0.18953410868711237,0.5797158948672477,0.5073050058248517,0.9482152192088493,0.3237745683016475,0.29697082947522646,2023-02-01,2024-02-02,2025-09-11,636,0.5227272727272727,-0.11814799653596952,0.13888803490341117,-0.11155020985359024,-0.4919552926320573,1.4664552926320569,0.6363636363636364,0.4318181818181818,0.04265949554896143,0.17621739130434816,0.444,30.34090909090909,0.4939347885107152,0.4914894964179628,0.005319289748920181,0.005832907135467691,44,0,0.7000000000000001,continuous_30d_daily_mtm_target_delta,-0.09207216169422128,-0.12074972037996612,0.11177966323269728,core_target_delta_candidate,full_target_delta_surface,portfolio_candidate,D10;D20;D30;D40;D50,Q10;Q20;Q30;Q40;Q50;Q60;Q70;Q80;Q90;Q100,True
159915,159915_DTE30_D50_Q80_Hold,target_delta_surface,main_stepA_common_sample,2022-09-30,2026-05-27,881,D50,0.5,0.8,Q80,0.3142299379234301,0.08139202159774794,0.09392208236031449,0.17625748353765539,0.5328686219456272,0.46177909705808023,0.8440019944977875,0.29054239116321784,0.2801381969491137,2023-02-01,2024-02-02,2025-09-25,646,0.5227272727272727,-0.11086052339533692,0.1070894125609263,-0.1274859541183888,-0.49195529263205745,1.4664552926320575,0.6363636363636364,0.4318181818181818,0.04875370919881307,0.20139130434782646,0.5074285714285715,30.34090909090909,0.4939347885107152,0.4914894964179628,0.005319289748920181,0.005832907135467691,44,0,0.7999999999999999,continuous_30d_daily_mtm_target_delta,-0.10683174220799696,-0.16759699330158662,0.12861229575881006,core_target_delta_candidate,full_target_delta_surface,portfolio_candidate,D10;D20;D30;D40;D50,Q10;Q20;Q30;Q40;Q50;Q60;Q70;Q80;Q90;Q100,True
159915,159915_DTE30_D50_Q90_Hold,target_delta_surface,main_stepA_common_sample,2022-09-30,2026-05-27,881,D50,0.5,0.9,Q90,0.25117987340395653,0.06627404393725844,0.07796822929521609,0.16518490254679677,0.4720057831745716,0.40121126637758586,0.7241336913459386,0.2502166162801795,0.2648666780108969,2023-02-01,2025-04-07,2026-01-07,712,0.5454545454545454,-0.10352189840338732,0.10188604304794602,-0.14342169838318744,-0.4919552926320573,1.466455292632057,0.6363636363636364,0.4318181818181818,0.0548479228486647,0.22656521739130478,0.570857142857143,30.34090909090909,0.4939347885107152,0.4914894964179628,0.005319289748920181,0.005832907135467691,44,0,0.9000000000000002,continuous_30d_daily_mtm_target_delta,-0.12194971986848646,-0.22845983207264225,0.14388381469702682,core_target_delta_candidate,full_target_delta_surface,portfolio_candidate,D10;D20;D30;D40;D50,Q10;Q20;Q30;Q40;Q50;Q60;Q70;Q80;Q90;Q100,True
159915,159915_DTE30_D50_Q100_Hold,target_delta_surface,main_stepA_common_sample,2022-09-30,2026-05-27,881,D50,0.5,1.0,Q100,0.18895925246832102,0.05081215352579771,0.06201437623011641,0.15678403278051545,0.39554012695241336,0.3240901042323008,0.590610709052482,0.19035391579909083,0.26693516291741237,2023-01-13,2025-04-07,2026-03-11,759,0.5909090909090909,-0.09613182810438003,0.09668360663208175,-0.15935744264798604,-0.49195529263205734,1.4664552926320575,0.6363636363636364,0.4318181818181818,0.06094213649851633,0.2517391304347831,0.6342857142857143,30.34090909090909,0.4939347885107152,0.4914894964179628,0.005319289748920181,0.005832907135467691,44,0,1.0,continuous_30d_daily_mtm_target_delta,-0.1374116102799472,-0.3049254882948005,0.14181532979051137,core_target_delta_candidate,full_target_delta_surface,portfolio_candidate,D10;D20;D30;D40;D50,Q10;Q20;Q30;Q40;Q50;Q60;Q70;Q80;Q90;Q100,True
510050,510050_ETF_BuyHold,buyhold,main_stepA_common_sample,2022-09-30,2026-05-27,881,BuyHold,,0.0,Q0,0.13509433962264739,0.03695318912880241,0.04976712078668265,0.1645041165703348,0.30252811798423535,0.22463382618758257,0.5295415238244536,0.1711863997202571,0.2158652158652158,2023-01-30,2024-01-17,2024-09-30,407,0.5,-0.11962264150943391,0.1976121860848088,0.0,,,,,0.0,0.0,0.0,,,,,,0,0,0.0,continuous_30d_daily_mtm_target_delta,0.0,0.0,0.0,core_target_delta_candidate,full_target_delta_surface,portfolio_candidate,D10;D20;D30;D40;D50,Q10;Q20;Q30;Q40;Q50;Q60;Q70;Q80;Q90;Q100,False
510050,510050_DTE30_D10_Q10_Hold,target_delta_surface,main_stepA_common_sample,2022-09-30,2026-05-27,881,D10,0.1,0.1,Q10,0.1406192690686996,0.03839603176755513,0.05064765025499256,0.16135550943472424,0.31388857084847094,0.23795922371704387,0.5499449033105214,0.17963882946857918,0.21374015785529832,2023-01-30,2024-01-17,2024-09-30,407,0.5227272727272727,-0.11934226074895182,0.18465169215056365,0.0008795300023993663,0.3438928602216243,0.6306071397783759,0.9772727272727273,0.022727272727272728,0.0002962962962962963,0.005308064516129037,0.013721774193548386,30.34090909090909,0.09913681896261593,0.09640795170748709,0.07451459565812493,0.07000569071713736,44,0,0.09999999999999999,continuous_30d_daily_mtm_target_delta,0.0014428426387527171,0.011360452864235593,0.0021250580099174687,core_target_delta_candidate,full_target_delta_surface,portfolio_candidate,D10;D20;D30;D40;D50,Q10;Q20;Q30;Q40;Q50;Q60;Q70;Q80;Q90;Q100,True
510050,510050_DTE30_D10_Q20_Hold,target_delta_surface,main_stepA_common_sample,2022-09-30,2026-05-27,881,D10,0.1,0.2,Q20,0.14602019469795668,0.03980167781097954,0.05152817972330361,0.15838250377526594,0.32534010067436875,0.25130097619529634,0.570328486909963,0.18808953320983035,0.21161027480767514,2023-01-30,2024-01-17,2024-09-30,407,0.5227272727272727,-0.11906181431418139,0.1717728330587014,0.0017590600047987326,0.3438928602216243,0.6306071397783759,0.9772727272727273,0.022727272727272728,0.0005925925925925926,0.010616129032258073,0.027443548387096773,30.34090909090909,0.09913681896261593,0.09640795170748709,0.07451459565812493,0.07000569071713736,44,0,0.19999999999999998,continuous_30d_daily_mtm_target_delta,0.0028484886821771305,0.022811982690133403,0.004254941057540651,core_target_delta_candidate,full_target_delta_surface,portfolio_candidate,D10;D20;D30;D40;D50,Q10;Q20;Q30;Q40;Q50;Q60;Q70;Q80;Q90;Q100,True
510050,510050_DTE30_D10_Q30_Hold,target_delta_surface,main_stepA_common_sample,2022-09-30,2026-05-27,881,D10,0.1,0.3,Q30,0.15129527623340766,0.04117001547585741,0.052408709191615326,0.15559516573510396,0.3368273618528712,0.2645970090481353,0.5905468273323342,0.1965385157191375,0.2094755591554952,2023-01-30,2024-01-17,2024-09-30,407,0.5227272727272727,-0.11878130219514182,0.1589753879732103,0.002638590007198102,0.3438928602216241,0.6306071397783758,0.9772727272727273,0.022727272727272728,0.0008888888888888888,0.015924193548387106,0.041165322580645154,30.34090909090909,0.09913681896261593,0.09640795170748709,0.07451459565812493,0.07000569071713736,44,0,0.29999999999999993,continuous_30d_daily_mtm_target_delta,0.004216826347055003,0.034299243868635865,0.006389656709720581,core_target_delta_candidate,full_target_delta_surface,portfolio_candidate,D10;D20;D30;D40;D50,Q10;Q20;Q30;Q40;Q50;Q60;Q70;Q80;Q90;Q100,True
510050,510050_DTE30_D10_Q40_Hold,target_delta_surface,main_stepA_common_sample,2022-09-30,2026-05-27,881,D10,0.1,0.4,Q40,0.15644268876252987,0.042500929944313315,0.05328923865992616,0.1530036428291054,0.3482873850228952,0.2777772421522274,0.6104465508242083,0.20498576832295318,0.20733600333342894,2023-01-30,2024-01-17,2024-10-08,408,0.5227272727272727,-0.11850072438185044,0.1462591359569605,0.003518120009597465,0.3438928602216243,0.6306071397783759,0.9772727272727273,0.022727272727272728,0.0011851851851851852,0.021232258064516146,0.054887096774193546,30.34090909090909,0.09913681896261593,0.09640795170748709,0.07451459565812493,0.07000569071713736,44,0,0.39999999999999997,continuous_30d_daily_mtm_target_delta,0.005547740815510904,0.045759267038659845,0.008529212531786845,core_target_delta_candidate,full_target_delta_surface,portfolio_candidate,D10;D20;D30;D40;D50,Q10;Q20;Q30;Q40;Q50;Q60;Q70;Q80;Q90;Q100,True
510050,510050_DTE30_D10_Q50_Hold,target_delta_surface,main_stepA_common_sample,2022-09-30,2026-05-27,881,D10,0.1,0.5,Q50,0.1614606233619602,0.04379430338318846,0.05416976812823632,0.15061804293858042,0.359649926870487,0.29076399167559935,0.6298540793675671,0.2134312682907953,0.20519159977777812,2023-01-30,2024-01-17,2024-10-08,408,0.5227272727272727,-0.11822008086432534,0.13362385597169135,0.0043976500119968336,0.3438928602216241,0.6306071397783759,0.9772727272727273,0.022727272727272728,0.0014814814814814814,0.02654032258064518,0.06860887096774193,30.34090909090909,0.09913681896261593,0.09640795170748709,0.07451459565812493,0.07000569071713736,44,0,0.5,continuous_30d_daily_mtm_target_delta,0.006841114254386049,0.05712180888625168,0.010673616087437665,core_target_delta_candidate,full_target_delta_surface,portfolio_candidate,D10;D20;D30;D40;D50,Q10;Q20;Q30;Q40;Q50;Q60;Q70;Q80;Q90;Q100,True
510050,510050_DTE30_D10_Q60_Hold,target_delta_surface,main_stepA_common_sample,2022-09-30,2026-05-27,881,D10,0.1,0.6,Q60,0.1663472877239005,0.04505001496072736,0.05505029759655013,0.14844829409309251,0.3708381961063687,0.30347276966669834,0.648565864153397,0.22187497817034788,0.2030423409265173,2023-01-30,2024-01-17,2024-11-07,430,0.5227272727272727,-0.11793937163258372,0.13313997991268955,0.005277180014396204,0.3438928602216241,0.6306071397783758,0.9772727272727273,0.022727272727272728,0.0017777777777777776,0.03184838709677421,0.08233064516129031,30.34090909090909,0.09913681896261593,0.09640795170748709,0.07451459565812493,0.07000569071713736,44,0,0.5999999999999999,continuous_30d_daily_mtm_target_delta,0.008096825831924948,0.06831007812213336,0.012822874938698492,core_target_delta_candidate,full_target_delta_surface,portfolio_candidate,D10;D20;D30;D40;D50,Q10;Q20;Q30;Q40;Q50;Q60;Q70;Q80;Q90;Q100,True
510050,510050_DTE30_D10_Q70_Hold,target_delta_surface,main_stepA_common_sample,2022-09-30,2026-05-27,881,D10,0.1,0.7,Q70,0.17110090678396017,0.04626794086057617,0.0559308270648608,0.14650398697810296,0.3817699997012398,0.31581352709187055,0.6663849626838569,0.23031684506121164,0.20088821921939526,2023-01-30,2024-01-17,2024-11-07,430,0.5454545454545454,-0.11765859667664169,0.13303743236015841,0.006156710016795569,0.3438928602216242,0.6306071397783759,0.9772727272727273,0.022727272727272728,0.0020740740740740737,0.03715645161290325,0.0960524193548387,30.34090909090909,0.09913681896261593,0.09640795170748709,0.07451459565812493,0.07000569071713736,44,0,0.7000000000000001,continuous_30d_daily_mtm_target_delta,0.009314751731773763,0.07924188171700447,0.014976996645820528,core_target_delta_candidate,full_target_delta_surface,portfolio_candidate,D10;D20;D30;D40;D50,Q10;Q20;Q30;Q40;Q50;Q60;Q70;Q80;Q90;Q100,True
510050,510050_DTE30_D10_Q80_Hold,target_delta_surface,main_stepA_common_sample,2022-09-30,2026-05-27,881,D10,0.1,0.8,Q80,0.17571972335052655,0.047447954293178274,0.05681135653317112,0.14479420362238485,0.39235932870166507,0.32769235995744606,0.6831242287623374,0.23875679982282574,0.19872922709798413,2023-01-30,2024-01-17,2024-11-07,430,0.5454545454545454,-0.11737775598651523,0.13293384266715313,0.00703624001919493,0.3438928602216243,0.6306071397783759,0.9772727272727273,0.022727272727272728,0.0023703703703703703,0.04246451612903229,0.10977419354838709,30.34090909090909,0.09913681896261593,0.09640795170748709,0.07451459565812493,0.07000569071713736,44,0,0.7999999999999999,continuous_30d_daily_mtm_target_delta,0.010494765164375863,0.08983121071742972,0.017135988767231658,core_target_delta_candidate,full_target_delta_surface,portfolio_candidate,D10;D20;D30;D40;D50,Q10;Q20;Q30;Q40;Q50;Q60;Q70;Q80;Q90;Q100,True
510050,510050_DTE30_D10_Q90_Hold,target_delta_surface,main_stepA_common_sample,2022-09-30,2026-05-27,881,D10,0.1,0.9,Q90,0.18020199873513953,0.048589925504498366,0.057691886001481694,0.14332733732833658,0.40251836862998575,0.3390136620844897,0.6986820363081938,0.24719475621064937,0.19656535700576105,2023-01-30,2024-01-17,2024-11-07,430,0.5681818181818182,-0.11709684955221922,0.13282921065602826,0.007915770021594302,0.34389286022162413,0.6306071397783758,0.9772727272727273,0.022727272727272728,0.0026666666666666666,0.04777258064516132,0.12349596774193548,30.34090909090909,0.09913681896261593,0.09640795170748709,0.07451459565812493,0.07000569071713736,44,0,0.9000000000000002,continuous_30d_daily_mtm_target_delta,0.011636736375695955,0.0999902506457504,0.019299858859454733,core_target_delta_candidate,full_target_delta_surface,portfolio_candidate,D10;D20;D30;D40;D50,Q10;Q20;Q30;Q40;Q50;Q60;Q70;Q80;Q90;Q100,True
510050,510050_DTE30_D10_Q100_Hold,target_delta_surface,main_stepA_common_sample,2022-09-30,2026-05-27,881,D10,0.1,1.0,Q100,0.18454601338395626,0.0496937217821507,0.05857241546979389,0.14211091045183866,0.4121598776868301,0.34968266422437627,0.7128170744811314,0.25563060993497805,0.19439660138819348,2023-01-30,2024-01-17,2024-11-07,430,0.5681818181818182,-0.11681587736376842,0.13272353615119048,0.008795300023993667,0.3438928602216241,0.6306071397783759,0.9772727272727273,0.022727272727272728,0.002962962962962963,0.05308064516129036,0.13721774193548386,30.34090909090909,0.09913681896261593,0.09640795170748709,0.07451459565812493,0.07000569071713736,44,0,1.0,continuous_30d_daily_mtm_target_delta,0.012740532653348291,0.10963175970259476,0.021468614477022308,core_target_delta_candidate,full_target_delta_surface,portfolio_candidate,D10;D20;D30;D40;D50,Q10;Q20;Q30;Q40;Q50;Q60;Q70;Q80;Q90;Q100,True
510050,510050_DTE30_D20_Q10_Hold,target_delta_surface,main_stepA_common_sample,2022-09-30,2026-05-27,881,D20,0.2,0.1,Q10,0.14590718604224895,0.039772314629978656,0.051766424073213385,0.16005676057425125,0.32342541413112413,0.24848881413870708,0.5651180980709746,0.18843502110405658,0.21106646947552177,2023-01-30,2024-01-17,2024-09-30,407,0.5227272727272727,-0.1186638604618181,0.18326270515205945,0.0019970339297924276,0.3315045686455341,0.6429954313544658,0.8863636363636364,0.1590909090909091,0.0009097772744431865,0.006642741935483902,0.015266129032258068,30.34090909090909,0.20033095195891182,0.2008346758153425,0.04487067686739891,0.04241664859481298,44,0,0.09999999999999999,continuous_30d_daily_mtm_target_delta,0.002819125501176245,0.02089729614688879,0.00479874638969402,core_target_delta_candidate,full_target_delta_surface,portfolio_candidate,D10;D20;D30;D40;D50,Q10;Q20;Q30;Q40;Q50;Q60;Q70;Q80;Q90;Q100,True
510050,510050_DTE30_D20_Q20_Hold,target_delta_surface,main_stepA_common_sample,2022-09-30,2026-05-27,881,D20,0.2,0.2,Q20,0.1566244446959184,0.042547847399537986,0.053765727359742825,0.15580064597489898,0.3450930965228797,0.27309159813363587,0.601601046989076,0.20630035186444573,0.20624224348146047,2023-01-30,2024-01-17,2024-09-30,407,0.5227272727272727,-0.11770428443321967,0.1690159042621866,0.003994067859584855,0.3315045686455341,0.6429954313544658,0.8863636363636364,0.1590909090909091,0.001819554548886373,0.013285483870967804,0.030532258064516135,30.34090909090909,0.20033095195891182,0.2008346758153425,0.04487067686739891,0.04241664859481298,44,0,0.19999999999999998,continuous_30d_daily_mtm_target_delta,0.005594658270735575,0.04256497853864438,0.009622972383755313,core_target_delta_candidate,full_target_delta_surface,portfolio_candidate,D10;D20;D30;D40;D50,Q10;Q20;Q30;Q40;Q50;Q60;Q70;Q80;Q90;Q100,True
510050,510050_DTE30_D20_Q30_Hold,target_delta_surface,main_stepA_common_sample,2022-09-30,2026-05-27,881,D20,0.2,0.3,Q30,0.1672415401815428,0.0452794017623106,0.055765030646274,0.15175186460338508,0.3674750935813548,0.2983778939431929,0.6387979934203508,0.22483169584645155,0.20139243086630498,2023-01-30,2024-01-17,2024-09-30,407,0.5227272727272727,-0.11674391294751996,0.1548714859718121,0.005991101789377285,0.3315045686455343,0.6429954313544658,0.8863636363636364,0.1590909090909091,0.0027293318233295592,0.019928225806451705,0.045798387096774196,30.34090909090909,0.20033095195891182,0.2008346758153425,0.04487067686739891,0.04241664859481298,44,0,0.29999999999999993,continuous_30d_daily_mtm_target_delta,0.00832621263350819,0.06494697559711943,0.014472784998910804,core_target_delta_candidate,full_target_delta_surface,portfolio_candidate,D10;D20;D30;D40;D50,Q10;Q20;Q30;Q40;Q50;Q60;Q70;Q80;Q90;Q100,True
510050,510050_DTE30_D20_Q40_Hold,target_delta_surface,main_stepA_common_sample,2022-09-30,2026-05-27,881,D20,0.2,0.4,Q40,0.17775387612432558,0.04796658969502632,0.057764333932804994,0.14792744160144242,0.3904909955006059,0.3242575493481569,0.6765118701323964,0.24408375944712743,0.1965169243692212,2023-01-30,2024-01-17,2024-09-30,407,0.5454545454545454,-0.11578274552842027,0.1408291523724292,0.00798813571916971,0.3315045686455341,0.6429954313544658,0.8863636363636364,0.1590909090909091,0.003639109097772746,0.026570967741935608,0.06106451612903227,30.34090909090909,0.20033095195891182,0.2008346758153425,0.04487067686739891,0.04241664859481298,44,0,0.39999999999999997,continuous_30d_daily_mtm_target_delta,0.011013400566223908,0.08796287751637055,0.019348291495994596,core_target_delta_candidate,full_target_delta_surface,portfolio_candidate,D10;D20;D30;D40;D50,Q10;Q20;Q30;Q40;Q50;Q60;Q70;Q80;Q90;Q100,True
510050,510050_DTE30_D20_Q50_Hold,target_delta_surface,main_stepA_common_sample,2022-09-30,2026-05-27,881,D20,0.2,0.5,Q50,0.188156837167905,0.05060902084626062,0.05976363721933627,0.1443452111801009,0.41403269793806063,0.35061101391936905,0.7144478157170874,0.2640433199793676,0.19166938535015854,2023-01-20,2024-01-17,2024-10-08,409,0.5681818181818182,-0.11482078169944054,0.1268886050902165,0.009985169648962141,0.33150456864553424,0.6429954313544658,0.8863636363636364,0.1590909090909091,0.004548886372215932,0.03321370967741951,0.07633064516129033,30.34090909090909,0.20033095195891182,0.2008346758153425,0.04487067686739891,0.04241664859481298,44,0,0.5,continuous_30d_daily_mtm_target_delta,0.013655831717458211,0.11150457995382529,0.02419583051505725,core_target_delta_candidate,full_target_delta_surface,portfolio_candidate,D10;D20;D30;D40;D50,Q10;Q20;Q30;Q40;Q50;Q60;Q70;Q80;Q90;Q100,True
510050,510050_DTE30_D20_Q60_Hold,target_delta_surface,main_stepA_common_sample,2022-09-30,2026-05-27,881,D20,0.2,0.6,Q60,0.1984457910076718,0.05320630255412828,0.06176294050586748,0.14102363080790184,0.4379616391383307,0.37728643241787124,0.7522392193146716,0.2848144108710788,0.18681042996174835,2023-01-20,2024-01-17,2024-10-08,409,0.5681818181818182,-0.11385802098392006,0.1252215238440717,0.01198220357875457,0.3315045686455343,0.6429954313544658,0.8863636363636364,0.1590909090909091,0.0054586636466591185,0.03985645161290341,0.09159677419354839,30.34090909090909,0.20033095195891182,0.2008346758153425,0.04487067686739891,0.04241664859481298,44,0,0.5999999999999999,continuous_30d_daily_mtm_target_delta,0.01625311342532587,0.13543352115409535,0.02905478590346744,core_target_delta_candidate,full_target_delta_surface,portfolio_candidate,D10;D20;D30;D40;D50,Q10;Q20;Q30;Q40;Q50;Q60;Q70;Q80;Q90;Q100,True
510050,510050_DTE30_D20_Q70_Hold,target_delta_surface,main_stepA_common_sample,2022-09-30,2026-05-27,881,D20,0.2,0.7,Q70,0.20861609046568996,0.05575803986170569,0.06376224379239688,0.13798152537783684,0.4621071090335884,0.40409786534119424,0.7895161250009394,0.30648698925777595,0.18192628664836885,2023-01-20,2024-01-17,2024-10-08,409,0.5681818181818182,-0.11289446290501859,0.12378241780743782,0.013979237508547002,0.33150456864553424,0.6429954313544658,0.8863636363636364,0.1590909090909091,0.006368440921102304,0.04649919354838731,0.10686290322580645,30.34090909090909,0.20033095195891182,0.2008346758153425,0.04487067686739891,0.04241664859481298,44,0,0.7000000000000001,continuous_30d_daily_mtm_target_delta,0.018804850732903278,0.15957899104935308,0.033938929216846936,core_target_delta_candidate,full_target_delta_surface,portfolio_candidate,D10;D20;D30;D40;D50,Q10;Q20;Q30;Q40;Q50;Q60;Q70;Q80;Q90;Q100,True
510050,510050_DTE30_D20_Q80_Hold,target_delta_surface,main_stepA_common_sample,2022-09-30,2026-05-27,881,D20,0.2,0.8,Q80,0.21866307560663745,0.05826383553018055,0.06576154707892864,0.13523775615071984,0.48626618002770383,0.4308252161862745,0.8259351195625837,0.3291428714271894,0.1770168537375395,2023-01-20,2024-01-17,2024-11-07,431,0.5681818181818182,-0.1119301069857137,0.12233752088471461,0.01597627143833942,0.3315045686455341,0.6429954313544658,0.8863636363636364,0.1590909090909091,0.007278218195545492,0.053141935483871215,0.12212903225806454,30.34090909090909,0.20033095195891182,0.2008346758153425,0.04487067686739891,0.04241664859481298,44,0,0.7999999999999999,continuous_30d_daily_mtm_target_delta,0.02131064640137814,0.1837380620434685,0.038848362127676284,core_target_delta_candidate,full_target_delta_surface,portfolio_candidate,D10;D20;D30;D40;D50,Q10;Q20;Q30;Q40;Q50;Q60;Q70;Q80;Q90;Q100,True
510050,510050_DTE30_D20_Q90_Hold,target_delta_surface,main_stepA_common_sample,2022-09-30,2026-05-27,881,D20,0.2,0.9,Q90,0.22858207589392388,0.06072329004966459,0.06776085036545881,0.13281081460296904,0.5102058184646056,0.4572164565904793,0.861092045873367,0.35287409311377477,0.17208202935454942,2023-01-20,2024-01-17,2024-11-07,431,0.5681818181818182,-0.11096495274880336,0.1208868539603829,0.017973305368131853,0.3315045686455342,0.6429954313544659,0.8863636363636364,0.1590909090909091,0.008187995469988678,0.05978467741935512,0.1373951612903226,30.34090909090909,0.20033095195891182,0.2008346758153425,0.04487067686739891,0.04241664859481298,44,0,0.9000000000000002,continuous_30d_daily_mtm_target_delta,0.02377010092086218,0.2076777004803702,0.04378318651066637,core_target_delta_candidate,full_target_delta_surface,portfolio_candidate,D10;D20;D30;D40;D50,Q10;Q20;Q30;Q40;Q50;Q60;Q70;Q80;Q90;Q100,True
510050,510050_DTE30_D20_Q100_Hold,target_delta_surface,main_stepA_common_sample,2022-09-30,2026-05-27,881,D20,0.2,1.0,Q100,0.23836841238550632,0.06313600164770139,0.06976015365199056,0.13071834877347022,0.533667647323806,0.48299264977033646,0.8946247837305553,0.37778455659557547,0.16712171142371368,2023-01-20,2024-01-17,2024-11-07,431,0.5681818181818182,-0.10999899971690397,0.11943043798619946,0.019970339297924283,0.33150456864553424,0.6429954313544658,0.8863636363636364,0.1590909090909091,0.009097772744431864,0.06642741935483902,0.15266129032258066,30.34090909090909,0.20033095195891182,0.2008346758153425,0.04487067686739891,0.04241664859481298,44,0,1.0,continuous_30d_daily_mtm_target_delta,0.02618281251889898,0.23113952933957066,0.048743504441502106,core_target_delta_candidate,full_target_delta_surface,portfolio_candidate,D10;D20;D30;D40;D50,Q10;Q20;Q30;Q40;Q50;Q60;Q70;Q80;Q90;Q100,True
510050,510050_DTE30_D30_Q10_Hold,target_delta_surface,main_stepA_common_sample,2022-09-30,2026-05-27,881,D30,0.3,0.1,Q10,0.14431402446841068,0.03935814136314142,0.051121656746249314,0.15849177871025483,0.32255084246172083,0.2483292299665184,0.5620184641610579,0.18784225924434197,0.20952761919214902,2023-01-30,2024-01-17,2024-09-30,407,0.5,-0.1178057631002567,0.18059779717985092,0.0013529984613154678,0.14305541731405827,0.8314445826859417,0.7727272727272727,0.2727272727272727,0.0013939980638915778,0.00792741935483874,0.01666935483870968,30.34090909090909,0.2962335211544654,0.29957928781732746,0.02830229914372259,0.027881912679156184,44,0,0.09999999999999999,continuous_30d_daily_mtm_target_delta,0.0024049522343390084,0.020022724477485487,0.00633759667306677,core_target_delta_candidate,full_target_delta_surface,portfolio_candidate,D10;D20;D30;D40;D50,Q10;Q20;Q30;Q40;Q50;Q60;Q70;Q80;Q90;Q100,True
510050,510050_DTE30_D30_Q20_Hold,target_delta_surface,main_stepA_common_sample,2022-09-30,2026-05-27,881,D30,0.3,0.2,Q20,0.1533323144268417,0.04169721860042119,0.052476192705815314,0.15269817883794637,0.3436595845815987,0.2730695213115351,0.595619492919973,0.20525200296055304,0.20315133591380785,2023-01-30,2024-01-17,2024-09-30,407,0.5,-0.11598600110589852,0.16373927747499972,0.0027059969226309356,0.14305541731405827,0.8314445826859417,0.7727272727272727,0.2727272727272727,0.0027879961277831556,0.01585483870967748,0.03333870967741936,30.34090909090909,0.2962335211544654,0.29957928781732746,0.02830229914372259,0.027881912679156184,44,0,0.19999999999999998,continuous_30d_daily_mtm_target_delta,0.0047440294716187825,0.04113146659736333,0.012713879951407936,core_target_delta_candidate,full_target_delta_surface,portfolio_candidate,D10;D20;D30;D40;D50,Q10;Q20;Q30;Q40;Q50;Q60;Q70;Q80;Q90;Q100,True
510050,510050_DTE30_D30_Q30_Hold,target_delta_surface,main_stepA_common_sample,2022-09-30,2026-05-27,881,D30,0.3,0.3,Q30,0.1621430971864164,0.043969902878582934,0.05383072866538258,0.1471491558713183,0.3658242437520842,0.2988117914657597,0.6301717307446016,0.22349667920849292,0.19673626934548238,2023-01-30,2024-01-17,2024-09-30,407,0.5454545454545454,-0.11416335223358987,0.1470359050923873,0.004058995383946405,0.14305541731405846,0.8314445826859418,0.7727272727272727,0.2727272727272727,0.004181994191674733,0.023782258064516216,0.050008064516129026,30.34090909090909,0.2962335211544654,0.29957928781732746,0.02830229914372259,0.027881912679156184,44,0,0.29999999999999993,continuous_30d_daily_mtm_target_delta,0.007016713749780523,0.06329612576784888,0.019128946519733403,core_target_delta_candidate,full_target_delta_surface,portfolio_candidate,D10;D20;D30;D40;D50,Q10;Q20;Q30;Q40;Q50;Q60;Q70;Q80;Q90;Q100,True
510050,510050_DTE30_D30_Q40_Hold,target_delta_surface,main_stepA_common_sample,2022-09-30,2026-05-27,881,D30,0.3,0.4,Q40,0.17074031927312205,0.046175678434561274,0.0551852646249495,0.14187341075193977,0.3889753853978941,0.32547098282776665,0.6654032455934065,0.24266929997801592,0.19028232429377945,2023-01-30,2024-01-17,2024-10-08,408,0.5454545454545454,-0.11233781318839964,0.13048695825173096,0.005411993845261871,0.14305541731405827,0.8314445826859417,0.7727272727272727,0.2727272727272727,0.005575992255566311,0.03170967741935496,0.06667741935483872,30.34090909090909,0.2962335211544654,0.29957928781732746,0.02830229914372259,0.027881912679156184,44,0,0.39999999999999997,continuous_30d_daily_mtm_target_delta,0.009222489305758863,0.08644726741365877,0.02558289157143634,core_target_delta_candidate,full_target_delta_surface,portfolio_candidate,D10;D20;D30;D40;D50,Q10;Q20;Q30;Q40;Q50;Q60;Q70;Q80;Q90;Q100,True
510050,510050_DTE30_D30_Q50_Hold,target_delta_surface,main_stepA_common_sample,2022-09-30,2026-05-27,881,D30,0.3,0.5,Q50,0.17911799144116602,0.048314031798475154,0.056539800584517845,0.13690254064357885,0.4129930702434319,0.35290821902464986,0.7009802475749822,0.2628654889925393,0.18379754597548714,2023-01-20,2024-01-17,2024-10-08,409,0.5454545454545454,-0.11050938067323435,0.11536839170729696,0.006764992306577341,0.1430554173140583,0.8314445826859417,0.7727272727272727,0.2727272727272727,0.006969990319457889,0.0396370967741937,0.08334677419354838,30.34090909090909,0.2962335211544654,0.29957928781732746,0.02830229914372259,0.027881912679156184,44,0,0.5,continuous_30d_daily_mtm_target_delta,0.011360842669672744,0.11046495225919656,0.032067669889728645,core_target_delta_candidate,full_target_delta_surface,portfolio_candidate,D10;D20;D30;D40;D50,Q10;Q20;Q30;Q40;Q50;Q60;Q70;Q80;Q90;Q100,True
510050,510050_DTE30_D30_Q60_Hold,target_delta_surface,main_stepA_common_sample,2022-09-30,2026-05-27,881,D30,0.3,0.6,Q60,0.18727019407673606,0.050384451884874615,0.05789433654408438,0.13227092251313552,0.4376951142707501,0.3809185792884377,0.7364652183002738,0.2841361254866251,0.17732504727649046,2023-01-20,2024-01-17,2024-10-08,409,0.5681818181818182,-0.10867805138884046,0.11168933228588473,0.00811799076789281,0.14305541731405846,0.8314445826859418,0.7727272727272727,0.2727272727272727,0.008363988383349466,0.04756451612903243,0.10001612903225805,30.34090909090909,0.2962335211544654,0.29957928781732746,0.02830229914372259,0.027881912679156184,44,0,0.5999999999999999,continuous_30d_daily_mtm_target_delta,0.013431262756072204,0.13516699628651474,0.03854016858872533,core_target_delta_candidate,full_target_delta_surface,portfolio_candidate,D10;D20;D30;D40;D50,Q10;Q20;Q30;Q40;Q50;Q60;Q70;Q80;Q90;Q100,True
510050,510050_DTE30_D30_Q70_Hold,target_delta_surface,main_stepA_common_sample,2022-09-30,2026-05-27,881,D30,0.3,0.7,Q70,0.19519108260961548,0.05238643008107102,0.05924887250364984,0.1280153842388329,0.4628261896485169,0.409219801139962,0.7713617366585022,0.30668636538199107,0.17081434323244682,2023-01-20,2024-01-17,2024-11-07,431,0.5681818181818182,-0.10684382203380105,0.10800843367279023,0.009470989229208275,0.14305541731405833,0.8314445826859416,0.7727272727272727,0.2727272727272727,0.009757986447241044,0.05549193548387117,0.11668548387096773,30.34090909090909,0.2962335211544654,0.29957928781732746,0.02830229914372259,0.027881912679156184,44,0,0.7000000000000001,continuous_30d_daily_mtm_target_delta,0.015433240952268612,0.16029807166428156,0.04505087263276897,core_target_delta_candidate,full_target_delta_surface,portfolio_candidate,D10;D20;D30;D40;D50,Q10;Q20;Q30;Q40;Q50;Q60;Q70;Q80;Q90;Q100,True
510050,510050_DTE30_D30_Q80_Hold,target_delta_surface,main_stepA_common_sample,2022-09-30,2026-05-27,881,D30,0.3,0.8,Q80,0.20287489292687289,0.0543194603324324,0.06060340846321698,0.12417459729222878,0.4880499698387968,0.4374442238342727,0.8052192516436283,0.3306811766180147,0.16426535337745984,2023-01-20,2024-01-17,2024-11-07,431,0.5681818181818182,-0.10500668930454138,0.10432577307956503,0.010823987690523743,0.14305541731405827,0.8314445826859417,0.7727272727272727,0.2727272727272727,0.011151984511132623,0.06341935483870992,0.13335483870967743,30.34090909090909,0.2962335211544654,0.29957928781732746,0.02830229914372259,0.027881912679156184,44,0,0.7999999999999999,continuous_30d_daily_mtm_target_delta,0.01736627120362999,0.18552185185456144,0.05159986248775594,core_target_delta_candidate,full_target_delta_surface,portfolio_candidate,D10;D20;D30;D40;D50,Q10;Q20;Q30;Q40;Q50;Q60;Q70;Q80;Q90;Q100,True
510050,510050_DTE30_D30_Q90_Hold,target_delta_surface,main_stepA_common_sample,2022-09-30,2026-05-27,881,D30,0.3,0.9,Q90,0.210315946783169,0.0561830392246403,0.06195794442278479,0.12078813259211095,0.5129472829256362,0.4651370794378005,0.8375483405787658,0.3563150193385189,0.15767799889250056,2023-01-20,2024-01-17,2024-11-07,431,0.5681818181818182,-0.10316664989532498,0.10064142759918138,0.012176986151839202,0.1430554173140583,0.8314445826859418,0.7727272727272727,0.2727272727272727,0.012545982575024199,0.07134677419354866,0.15002419354838709,30.34090909090909,0.2962335211544654,0.29957928781732746,0.02830229914372259,0.027881912679156184,44,0,0.9000000000000002,continuous_30d_daily_mtm_target_delta,0.019229850095837886,0.21041916494140084,0.05818721697271523,core_target_delta_candidate,full_target_delta_surface,portfolio_candidate,D10;D20;D30;D40;D50,Q10;Q20;Q30;Q40;Q50;Q60;Q70;Q80;Q90;Q100,True
510050,510050_DTE30_D30_Q100_Hold,target_delta_surface,main_stepA_common_sample,2022-09-30,2026-05-27,881,D30,0.3,1.0,Q100,0.21750865720193913,0.05797666606282892,0.06331248038235181,0.11789514701217586,0.5370236348728848,0.49176465301698347,0.8679537634781923,0.3838187398319637,0.15105220263140662,2023-01-20,2024-01-17,2025-03-19,518,0.5681818181818182,-0.10132370049825579,0.09695547420405437,0.013529984613154682,0.1430554173140583,0.8314445826859417,0.7727272727272727,0.2727272727272727,0.013939980638915777,0.0792741935483874,0.16669354838709677,30.34090909090909,0.2962335211544654,0.29957928781732746,0.02830229914372259,0.027881912679156184,44,0,1.0,continuous_30d_daily_mtm_target_delta,0.021023476934026508,0.2344955168886495,0.06481301323380917,core_target_delta_candidate,full_target_delta_surface,portfolio_candidate,D10;D20;D30;D40;D50,Q10;Q20;Q30;Q40;Q50;Q60;Q70;Q80;Q90;Q100,True
510050,510050_DTE30_D40_Q10_Hold,target_delta_surface,main_stepA_common_sample,2022-09-30,2026-05-27,881,D40,0.4,0.1,Q10,0.14562343515497478,0.03969857817068645,0.051218998137553005,0.15702256775921083,0.32618876934999386,0.2528208443996596,0.5672824851918234,0.1926429375130182,0.20607336393011422,2023-01-30,2024-01-17,2024-09-30,407,0.5,-0.1178057631002567,0.17927700186554807,0.00145022936295747,0.10517061812033879,0.8693293818796611,0.7045454545454546,0.45454545454545453,0.002156621566215662,0.009212903225806477,0.017891129032258066,30.34090909090909,0.40635227654086514,0.40055366384088165,0.013980267615776561,0.015180543165099314,44,0,0.09999999999999999,continuous_30d_daily_mtm_target_delta,0.0027453890418840388,0.02366065136575851,0.00979185193510157,core_target_delta_candidate,full_target_delta_surface,portfolio_candidate,D10;D20;D30;D40;D50,Q10;Q20;Q30;Q40;Q50;Q60;Q70;Q80;Q90;Q100,True
510050,510050_DTE30_D40_Q20_Hold,target_delta_surface,main_stepA_common_sample,2022-09-30,2026-05-27,881,D40,0.4,0.2,Q20,0.15588750978317245,0.04235758656871558,0.052670875488420754,0.14977614239656198,0.3516639876393945,0.2828059655626961,0.6069767574026919,0.21560970907273083,0.1964549126794065,2023-01-20,2024-01-17,2024-09-30,408,0.5227272727272727,-0.11598600110589852,0.16112740842230533,0.00290045872591494,0.10517061812033879,0.8693293818796611,0.7045454545454546,0.45454545454545453,0.004313243132431324,0.018425806451612955,0.03578225806451613,30.34090909090909,0.40635227654086514,0.40055366384088165,0.013980267615776561,0.015180543165099314,44,0,0.19999999999999998,continuous_30d_daily_mtm_target_delta,0.005404397439913167,0.04913586965515915,0.019410303185809274,core_target_delta_candidate,full_target_delta_surface,portfolio_candidate,D10;D20;D30;D40;D50,Q10;Q20;Q30;Q40;Q50;Q60;Q70;Q80;Q90;Q100,True
510050,510050_DTE30_D40_Q30_Hold,target_delta_surface,main_stepA_common_sample,2022-09-30,2026-05-27,881,D40,0.4,0.3,Q30,0.16587737380836853,0.044929425928283084,0.05412275283929161,0.14280063902197374,0.37900917817996155,0.31463042627820087,0.6484638698641904,0.24058863600077574,0.18674791409573566,2023-01-20,2024-01-17,2024-09-30,408,0.5454545454545454,-0.11416335223358987,0.14316243515026494,0.00435068808887241,0.10517061812033875,0.8693293818796614,0.7045454545454546,0.45454545454545453,0.006469864698646986,0.02763870967741943,0.053673387096774196,30.34090909090909,0.40635227654086514,0.40055366384088165,0.013980267615776561,0.015180543165099314,44,0,0.29999999999999993,continuous_30d_daily_mtm_target_delta,0.007976236799480674,0.0764810601957262,0.02911730176948013,core_target_delta_candidate,full_target_delta_surface,portfolio_candidate,D10;D20;D30;D40;D50,Q10;Q20;Q30;Q40;Q50;Q60;Q70;Q80;Q90;Q100,True
510050,510050_DTE30_D40_Q40_Hold,target_delta_surface,main_stepA_common_sample,2022-09-30,2026-05-27,881,D40,0.4,0.4,Q40,0.17558396535861043,0.04741331812678151,0.05557463019016047,0.13613770898381733,0.40822363329741823,0.34827468803972256,0.6914180004899007,0.2679518268718887,0.17694717248354663,2023-01-20,2024-01-17,2024-09-30,408,0.5454545454545454,-0.11233781318839964,0.12538111174872046,0.00580091745182988,0.10517061812033879,0.8693293818796611,0.7045454545454546,0.45454545454545453,0.008626486264862648,0.03685161290322591,0.07156451612903227,30.34090909090909,0.40635227654086514,0.40055366384088165,0.013980267615776561,0.015180543165099314,44,0,0.39999999999999997,continuous_30d_daily_mtm_target_delta,0.010460128997979101,0.10569551531318289,0.038918043381669154,core_target_delta_candidate,full_target_delta_surface,portfolio_candidate,D10;D20;D30;D40;D50,Q10;Q20;Q30;Q40;Q50;Q60;Q70;Q80;Q90;Q100,True
510050,510050_DTE30_D40_Q50_Hold,target_delta_surface,main_stepA_common_sample,2022-09-30,2026-05-27,881,D40,0.4,0.5,Q50,0.18499836208542675,0.04980849556946043,0.05702650754103239,0.12983548335501585,0.43922128271438615,0.38362775939506844,0.7354319609724892,0.29816137595525355,0.16705213882879122,2023-01-20,2024-01-17,2024-09-30,408,0.5454545454545454,-0.11050938067323435,0.11359385584917447,0.0072511468147873495,0.10517061812033872,0.8693293818796614,0.7045454545454546,0.45454545454545453,0.01078310783107831,0.04606451612903238,0.08945564516129033,30.34090909090909,0.40635227654086514,0.40055366384088165,0.013980267615776561,0.015180543165099314,44,0,0.5,continuous_30d_daily_mtm_target_delta,0.01285530644065802,0.1366931647301508,0.04881307703642457,core_target_delta_candidate,full_target_delta_surface,portfolio_candidate,D10;D20;D30;D40;D50,Q10;Q20;Q30;Q40;Q50;Q60;Q70;Q80;Q90;Q100,True
510050,510050_DTE30_D40_Q60_Hold,target_delta_surface,main_stepA_common_sample,2022-09-30,2026-05-27,881,D40,0.4,0.6,Q60,0.19411179283539903,0.05211420144156098,0.05847838489190242,0.12394899474012797,0.47179394245599554,0.42044876241895995,0.7798749032786298,0.33180599409337364,0.15706226641250942,2023-01-20,2024-01-17,2024-09-30,408,0.5681818181818182,-0.10867805138884046,0.10956241408783574,0.00870137617774482,0.10517061812033875,0.8693293818796614,0.7045454545454546,0.45454545454545453,0.012939729397293973,0.05527741935483886,0.10734677419354839,30.34090909090909,0.40635227654086514,0.40055366384088165,0.013980267615776561,0.015180543165099314,44,0,0.5999999999999999,continuous_30d_daily_mtm_target_delta,0.01516101231275857,0.1692658244717602,0.058802949452706366,core_target_delta_candidate,full_target_delta_surface,portfolio_candidate,D10;D20;D30;D40;D50,Q10;Q20;Q30;Q40;Q50;Q60;Q70;Q80;Q90;Q100,True
510050,510050_DTE30_D40_Q70_Hold,target_delta_surface,main_stepA_common_sample,2022-09-30,2026-05-27,881,D40,0.4,0.7,Q70,0.2029156492785602,0.054329689956684746,0.05993026224277144,0.1185401935401471,0.5055691276771394,0.4583229395376718,0.8239972864239224,0.36964753614326695,0.14697701092109483,2023-01-20,2024-01-17,2024-09-30,408,0.5909090909090909,-0.10684382203380105,0.10553000339385843,0.010151605540702283,0.10517061812033882,0.8693293818796611,0.7045454545454546,0.45454545454545453,0.015096350963509633,0.06449032258064534,0.12523790322580644,30.34090909090909,0.40635227654086514,0.40055366384088165,0.013980267615776561,0.015180543165099314,44,0,0.7000000000000001,continuous_30d_daily_mtm_target_delta,0.017376500827882335,0.203041009692904,0.06888820494412096,core_target_delta_candidate,full_target_delta_surface,portfolio_candidate,D10;D20;D30;D40;D50,Q10;Q20;Q30;Q40;Q50;Q60;Q70;Q80;Q90;Q100,True
510050,510050_DTE30_D40_Q80_Hold,target_delta_surface,main_stepA_common_sample,2022-09-30,2026-05-27,881,D40,0.4,0.8,Q80,0.21140149747480397,0.056454226601236224,0.06138213959364205,0.11367728577148734,0.5399683778255548,0.49661835447689884,0.8670284228237836,0.4126896731502022,0.13679583055786615,2023-01-20,2024-01-17,2024-09-30,408,0.6136363636363636,-0.10500668930454138,0.10149671315735587,0.01160183490365976,0.10517061812033879,0.8693293818796611,0.7045454545454546,0.45454545454545453,0.017252972529725297,0.07370322580645182,0.14312903225806453,30.34090909090909,0.40635227654086514,0.40055366384088165,0.013980267615776561,0.015180543165099314,44,0,0.7999999999999999,continuous_30d_daily_mtm_target_delta,0.019501037472433813,0.2374402598413195,0.07906938530734964,core_target_delta_candidate,full_target_delta_surface,portfolio_candidate,D10;D20;D30;D40;D50,Q10;Q20;Q30;Q40;Q50;Q60;Q70;Q80;Q90;Q100,True
510050,510050_DTE30_D40_Q90_Hold,target_delta_surface,main_stepA_common_sample,2022-09-30,2026-05-27,881,D40,0.4,0.9,Q90,0.2195610893595581,0.05848708837484118,0.062834016944511,0.10943306970289592,0.5741775965446416,0.5344553390819616,0.9081514105872581,0.4622820651471311,0.1265181861559488,2023-01-20,2024-01-17,2024-10-08,409,0.6363636363636364,-0.10316664989532498,0.0974626325992074,0.013052064266617229,0.10517061812033875,0.869329381879661,0.7045454545454546,0.45454545454545453,0.01940959409594096,0.0829161290322583,0.1610201612903226,30.34090909090909,0.40635227654086514,0.40055366384088165,0.013980267615776561,0.015180543165099314,44,0,0.9000000000000002,continuous_30d_daily_mtm_target_delta,0.021533899246038768,0.2716494785604063,0.089347029709267,core_target_delta_candidate,full_target_delta_surface,portfolio_candidate,D10;D20;D30;D40;D50,Q10;Q20;Q30;Q40;Q50;Q60;Q70;Q80;Q90;Q100,True
510050,510050_DTE30_D40_Q100_Hold,target_delta_surface,main_stepA_common_sample,2022-09-30,2026-05-27,881,D40,0.4,1.0,Q100,0.2273863741298321,0.06042756402663407,0.06428589429538123,0.10588197116230397,0.6071467464167144,0.5707068291541918,0.9461486108279896,0.5202834643595408,0.11614354129247462,2023-01-20,2024-01-17,2024-05-13,311,0.6363636363636364,-0.10132370049825579,0.09342785076854909,0.014502293629574699,0.10517061812033872,0.8693293818796614,0.7045454545454546,0.45454545454545453,0.02156621566215662,0.09212903225806476,0.17891129032258066,30.34090909090909,0.40635227654086514,0.40055366384088165,0.013980267615776561,0.015180543165099314,44,0,1.0,continuous_30d_daily_mtm_target_delta,0.023474374897831662,0.30461862843247905,0.09972167457274117,core_target_delta_candidate,full_target_delta_surface,portfolio_candidate,D10;D20;D30;D40;D50,Q10;Q20;Q30;Q40;Q50;Q60;Q70;Q80;Q90;Q100,True
510050,510050_DTE30_D50_Q10_Hold,target_delta_surface,main_stepA_common_sample,2022-09-30,2026-05-27,881,D50,0.5,0.1,Q10,0.14306392478654106,0.03903286547045837,0.05039892282602912,0.15586587934430368,0.32334801585855244,0.2504259792756552,0.5615506571365122,0.19131810523713344,0.20402076124514312,2023-01-30,2024-01-17,2024-09-30,407,0.5,-0.11657780180646471,0.1792770018655485,0.0006310848974179337,0.037965923551134366,0.9365340764488657,0.6818181818181818,0.5227272727272727,0.0027234591803807677,0.009212903225806477,0.017891129032258066,30.34090909090909,0.4945524947571533,0.48665042869627273,0.0036699932015170178,0.004644249309565196,44,0,0.09999999999999999,continuous_30d_daily_mtm_target_delta,0.002079676341655956,0.020819897874317095,0.011844454620072664,core_target_delta_candidate,full_target_delta_surface,portfolio_candidate,D10;D20;D30;D40;D50,Q10;Q20;Q30;Q40;Q50;Q60;Q70;Q80;Q90;Q100,True
510050,510050_DTE30_D50_Q20_Hold,target_delta_surface,main_stepA_common_sample,2022-09-30,2026-05-27,881,D50,0.5,0.2,Q20,0.15065558360018239,0.04100432014560296,0.05103072486537509,0.1474652764432723,0.3460524816159407,0.2780608502190461,0.5954440304309794,0.2134656137411181,0.19208864335092035,2023-01-20,2024-01-17,2024-09-30,408,0.5227272727272727,-0.11352499255490811,0.16112740842230489,0.0012621697948358673,0.037965923551134366,0.9365340764488657,0.6818181818181818,0.5227272727272727,0.0054469183607615355,0.018425806451612955,0.03578225806451613,30.34090909090909,0.4945524947571533,0.48665042869627273,0.0036699932015170178,0.004644249309565196,44,0,0.19999999999999998,continuous_30d_daily_mtm_target_delta,0.0040511310168005465,0.043524363631705365,0.023776572514295435,core_target_delta_candidate,full_target_delta_surface,portfolio_candidate,D10;D20;D30;D40;D50,Q10;Q20;Q30;Q40;Q50;Q60;Q70;Q80;Q90;Q100,True
510050,510050_DTE30_D50_Q30_Hold,target_delta_surface,main_stepA_common_sample,2022-09-30,2026-05-27,881,D50,0.5,0.3,Q30,0.15786058900457678,0.04286679924755332,0.051662526904721055,0.13934529273261909,0.3707518631709579,0.3076300491169639,0.6311311816636513,0.2379603982027017,0.18014257654350585,2023-01-20,2024-01-17,2024-09-30,408,0.5454545454545454,-0.11046419989233047,0.14316243515026517,0.0018932546922538018,0.03796592355113438,0.9365340764488658,0.6818181818181818,0.5227272727272727,0.008170377541142302,0.02763870967741943,0.053673387096774196,30.34090909090909,0.4945524947571533,0.48665042869627273,0.0036699932015170178,0.004644249309565196,44,0,0.29999999999999993,continuous_30d_daily_mtm_target_delta,0.005913610118750912,0.06822374518672253,0.03572263932170994,core_target_delta_candidate,full_target_delta_surface,portfolio_candidate,D10;D20;D30;D40;D50,Q10;Q20;Q30;Q40;Q50;Q60;Q70;Q80;Q90;Q100,True
510050,510050_DTE30_D50_Q40_Hold,target_delta_surface,main_stepA_common_sample,2022-09-30,2026-05-27,881,D50,0.5,0.4,Q40,0.16467054495688638,0.044619571212095366,0.052294328944068894,0.13155789939991774,0.39750048596550935,0.33916299527144367,0.6682755027608591,0.2654892274434327,0.16806546782242748,2023-01-20,2024-01-17,2024-09-30,408,0.5681818181818182,-0.10739540994988739,0.12538111174872024,0.0025243395896717346,0.037965923551134366,0.9365340764488657,0.6818181818181818,0.5227272727272727,0.010893836721523071,0.03685161290322591,0.07156451612903227,30.34090909090909,0.4945524947571533,0.48665042869627273,0.0036699932015170178,0.004644249309565196,44,0,0.39999999999999997,continuous_30d_daily_mtm_target_delta,0.007666382083292955,0.09497236798127401,0.047799748042788304,core_target_delta_candidate,full_target_delta_surface,portfolio_candidate,D10;D20;D30;D40;D50,Q10;Q20;Q30;Q40;Q50;Q60;Q70;Q80;Q90;Q100,True
510050,510050_DTE30_D50_Q50_Hold,target_delta_surface,main_stepA_common_sample,2022-09-30,2026-05-27,881,D50,0.5,0.5,Q50,0.17107740122099924,0.04626192718165312,0.05292613098341578,0.12416569018786702,0.42625407150185135,0.37258220939824205,0.7064706146753994,0.29682332419077057,0.1558567788019254,2023-01-20,2024-01-17,2024-09-30,408,0.5681818181818182,-0.10431860885237498,0.10778246822924409,0.003155424487089667,0.0379659235511344,0.9365340764488655,0.6818181818181818,0.5227272727272727,0.013617295901903838,0.04606451612903238,0.08945564516129033,30.34090909090909,0.4945524947571533,0.48665042869627273,0.0036699932015170178,0.004644249309565196,44,0,0.5,continuous_30d_daily_mtm_target_delta,0.009308738052850707,0.123725953517616,0.0600084370632904,core_target_delta_candidate,full_target_delta_surface,portfolio_candidate,D10;D20;D30;D40;D50,Q10;Q20;Q30;Q40;Q50;Q60;Q70;Q80;Q90;Q100,True
510050,510050_DTE30_D50_Q60_Hold,target_delta_surface,main_stepA_common_sample,2022-09-30,2026-05-27,881,D50,0.5,0.6,Q60,0.17707346773972676,0.047793181360962,0.05355793302276232,0.11724343812201526,0.4568096422336623,0.40764056502013896,0.745092242734586,0.3330164252203173,0.14351598822593492,2023-01-20,2024-01-17,2024-09-30,408,0.5681818181818182,-0.10123378271828021,0.09601736294995766,0.0037865093845076037,0.03796592355113438,0.9365340764488658,0.6818181818181818,0.5227272727272727,0.016340755082284605,0.05527741935483886,0.10734677419354839,30.34090909090909,0.4945524947571533,0.48665042869627273,0.0036699932015170178,0.004644249309565196,44,0,0.5999999999999999,continuous_30d_daily_mtm_target_delta,0.01083999223215959,0.15428152424942698,0.07234922763928087,core_target_delta_candidate,full_target_delta_surface,portfolio_candidate,D10;D20;D30;D40;D50,Q10;Q20;Q30;Q40;Q50;Q60;Q70;Q80;Q90;Q100,True
510050,510050_DTE30_D50_Q70_Hold,target_delta_surface,main_stepA_common_sample,2022-09-30,2026-05-27,881,D50,0.5,0.7,Q70,0.18265142855580896,0.049212671364047944,0.054189735062109876,0.11087919725107687,0.4887277001059239,0.44384043701732323,0.7832702963669196,0.37554714424866337,0.13104259243537864,2023-01-20,2024-01-17,2024-09-30,408,0.5909090909090909,-0.0981409176598278,0.08976871505736561,0.004417594281925534,0.03796592355113432,0.9365340764488657,0.6818181818181818,0.5227272727272727,0.01906421426266537,0.06449032258064534,0.12523790322580644,30.34090909090909,0.4945524947571533,0.48665042869627273,0.0036699932015170178,0.004644249309565196,44,0,0.7000000000000001,continuous_30d_daily_mtm_target_delta,0.012259482235245533,0.18619958212168858,0.08482262342983715,core_target_delta_candidate,full_target_delta_surface,portfolio_candidate,D10;D20;D30;D40;D50,Q10;Q20;Q30;Q40;Q50;Q60;Q70;Q80;Q90;Q100,True
510050,510050_DTE30_D50_Q80_Hold,target_delta_surface,main_stepA_common_sample,2022-09-30,2026-05-27,881,D50,0.5,0.8,Q80,0.18780435524944372,0.05051975855229607,0.054821537101456194,0.10517431445436917,0.5212445394663449,0.4803431219341536,0.8199308953297041,0.4260212415616733,0.11858506953105186,2023-02-21,2024-01-17,2024-09-27,390,0.6136363636363636,-0.09503999978303446,0.08353114682639284,0.005048679179343469,0.037965923551134366,0.9365340764488657,0.6818181818181818,0.5227272727272727,0.021787673443046142,0.07370322580645182,0.14312903225806453,30.34090909090909,0.4945524947571533,0.48665042869627273,0.0036699932015170178,0.004644249309565196,44,0,0.7999999999999999,continuous_30d_daily_mtm_target_delta,0.013566569423493657,0.2187164214821095,0.09728014633416393,core_target_delta_candidate,full_target_delta_surface,portfolio_candidate,D10;D20;D30;D40;D50,Q10;Q20;Q30;Q40;Q50;Q60;Q70;Q80;Q90;Q100,True
510050,510050_DTE30_D50_Q90_Hold,target_delta_surface,main_stepA_common_sample,2022-09-30,2026-05-27,881,D50,0.5,0.9,Q90,0.19252571986092137,0.05171382836343197,0.05545333914080419,0.10024142804440095,0.553197816737424,0.5158927737993302,0.8541382286826079,0.48203309471794037,0.10728273417345358,2023-02-21,2024-01-17,2024-09-26,389,0.6363636363636364,-0.09193101518775693,0.07730480857352173,0.005679764076761404,0.03796592355113438,0.9365340764488657,0.6818181818181818,0.5227272727272727,0.02451113262342691,0.0829161290322583,0.1610201612903226,30.34090909090909,0.4945524947571533,0.48665042869627273,0.0036699932015170178,0.004644249309565196,44,0,0.9000000000000002,continuous_30d_daily_mtm_target_delta,0.014760639234629558,0.2506696987531886,0.10858248169176221,core_target_delta_candidate,full_target_delta_surface,portfolio_candidate,D10;D20;D30;D40;D50,Q10;Q20;Q30;Q40;Q50;Q60;Q70;Q80;Q90;Q100,True
510050,510050_DTE30_D50_Q100_Hold,target_delta_surface,main_stepA_common_sample,2022-09-30,2026-05-27,881,D50,0.5,1.0,Q100,0.19680940726743779,0.052794290631170915,0.0560851411801499,0.09619937010888388,0.5830094429586138,0.5488007933047312,0.8845829339104944,0.55060289335026,0.09588451362820283,2023-02-21,2024-01-17,2024-05-06,289,0.6590909090909091,-0.0888139499677465,0.07108984969216103,0.006310848974179334,0.0379659235511344,0.9365340764488655,0.6818181818181818,0.5227272727272727,0.027234591803807676,0.09212903225806476,0.17891129032258066,30.34090909090909,0.4945524947571533,0.48665042869627273,0.0036699932015170178,0.004644249309565196,44,0,1.0,continuous_30d_daily_mtm_target_delta,0.015841101502368504,0.28048132497437844,0.11998070223701296,core_target_delta_candidate,full_target_delta_surface,portfolio_candidate,D10;D20;D30;D40;D50,Q10;Q20;Q30;Q40;Q50;Q60;Q70;Q80;Q90;Q100,True
510300,510300_ETF_BuyHold,buyhold,main_stepA_common_sample,2022-09-30,2026-05-27,881,BuyHold,,0.0,Q0,0.275077559462253,0.07206679597968235,0.08490468013028932,0.17531586582483605,0.4842954728074665,0.41106830600081967,0.8499387898839174,0.29797529704480324,0.24185493460166418,2023-01-30,2024-02-02,2024-09-30,407,0.5227272727272727,-0.07916547585024303,0.24793632075471717,0.0,,,,,0.0,0.0,0.0,,,,,,0,0,0.0,continuous_30d_daily_mtm_target_delta,0.0,0.0,0.0,core_target_delta_candidate,full_target_delta_surface,portfolio_candidate,D10;D20;D30;D40;D50,Q10;Q20;Q30;Q40;Q50;Q60;Q70;Q80;Q90;Q100,False
510300,510300_DTE30_D10_Q10_Hold,target_delta_surface,main_stepA_common_sample,2022-09-30,2026-05-27,881,D10,0.1,0.1,Q10,0.2747135434733401,0.07197914277151063,0.08411146435023245,0.17115526272356965,0.4914337018434522,0.4205488141358708,0.8620519295918216,0.2999009821561162,0.24000969337953426,2023-01-30,2024-02-02,2024-10-08,408,0.5227272727272727,-0.07883361213719486,0.23161141646717498,-0.0007923154216238426,-0.2171885058898444,1.191688505889844,0.9318181818181818,0.06818181818181818,0.0002565392354124749,0.00706160046056426,0.01956246401842257,30.34090909090909,0.09717208186769172,0.0988143248615302,0.07348602574724482,0.07189431901541943,44,0,0.09999999999999999,continuous_30d_daily_mtm_target_delta,-8.765320817172295e-05,0.00713822903598571,0.001845241222129923,core_target_delta_candidate,full_target_delta_surface,portfolio_candidate,D10;D20;D30;D40;D50,Q10;Q20;Q30;Q40;Q50;Q60;Q70;Q80;Q90;Q100,True
510300,510300_DTE30_D10_Q20_Hold,target_delta_surface,main_stepA_common_sample,2022-09-30,2026-05-27,881,D10,0.1,0.2,Q20,0.2741130215296219,0.07183450107623934,0.08331824857017434,0.167214839240913,0.49827066155375405,0.4295940563788394,0.8733205414565736,0.3016221122955097,0.238160592834323,2023-01-30,2024-02-02,2024-10-08,408,0.5227272727272727,-0.07850167446839185,0.2154075892389764,-0.0015846308432476853,-0.2171885058898444,1.191688505889844,0.9318181818181818,0.06818181818181818,0.0005130784708249498,0.01412320092112852,0.03912492803684514,30.34090909090909,0.09717208186769172,0.0988143248615302,0.07348602574724482,0.07189431901541943,44,0,0.19999999999999998,continuous_30d_daily_mtm_target_delta,-0.00023229490344300885,0.013975188746287559,0.0036943417673411805,core_target_delta_candidate,full_target_delta_surface,portfolio_candidate,D10;D20;D30;D40;D50,Q10;Q20;Q30;Q40;Q50;Q60;Q70;Q80;Q90;Q100,True
510300,510300_DTE30_D10_Q30_Hold,target_delta_surface,main_stepA_common_sample,2022-09-30,2026-05-27,881,D10,0.1,0.3,Q30,0.27327634139586454,0.07163289719375654,0.08252503279011773,0.163510514411406,0.5047078047988885,0.438093522313325,0.8835344427920582,0.30313408915651946,0.2363076267439186,2023-01-30,2024-02-02,2024-10-08,408,0.5227272727272727,-0.07816966284638105,0.19932452109511334,-0.0023769462648715236,-0.2171885058898442,1.191688505889844,0.9318181818181818,0.06818181818181818,0.0007696177062374248,0.021184801381692778,0.0586873920552677,30.34090909090909,0.09717208186769172,0.0988143248615302,0.07348602574724482,0.07189431901541943,44,0,0.29999999999999993,continuous_30d_daily_mtm_target_delta,-0.00043389878592581255,0.02041233199142206,0.005547307857745598,core_target_delta_candidate,full_target_delta_surface,portfolio_candidate,D10;D20;D30;D40;D50,Q10;Q20;Q30;Q40;Q50;Q60;Q70;Q80;Q90;Q100,True
510300,510300_DTE30_D10_Q40_Hold,target_delta_surface,main_stepA_common_sample,2022-09-30,2026-05-27,881,D10,0.1,0.4,Q40,0.27220392137617,0.07137435185578145,0.08173181701005944,0.16005868155188835,0.5106365753960267,0.44592615135745123,0.8924568844350885,0.304432124951459,0.23445078888163307,2023-01-30,2024-02-02,2025-07-29,606,0.5227272727272727,-0.07783757727371665,0.183361893574002,-0.0031692616864953706,-0.2171885058898444,1.191688505889844,0.9318181818181818,0.06818181818181818,0.0010261569416498996,0.02824640184225704,0.07824985607369028,30.34090909090909,0.09717208186769172,0.0988143248615302,0.07348602574724482,0.07189431901541943,44,0,0.39999999999999997,continuous_30d_daily_mtm_target_delta,-0.0006924441239009038,0.026341102588560206,0.007404145720031119,core_target_delta_candidate,full_target_delta_surface,portfolio_candidate,D10;D20;D30;D40;D50,Q10;Q20;Q30;Q40;Q50;Q60;Q70;Q80;Q90;Q100,True
510300,510300_DTE30_D10_Q50_Hold,target_delta_surface,main_stepA_common_sample,2022-09-30,2026-05-27,881,D10,0.1,0.5,Q50,0.2708962504371486,0.07105888030178265,0.08093860123000318,0.15687600872505322,0.5159399572171626,0.45296206143492024,0.8998512285793394,0.3055112343372766,0.23259007301621992,2023-01-30,2024-02-02,2025-08-13,617,0.5227272727272727,-0.07750541775296516,0.16751938772729202,-0.003961577108119207,-0.2171885058898443,1.191688505889844,0.9318181818181818,0.06818181818181818,0.0012826961770623746,0.035308002302821294,0.09781232009211284,30.34090909090909,0.09717208186769172,0.0988143248615302,0.07348602574724482,0.07189431901541943,44,0,0.5,continuous_30d_daily_mtm_target_delta,-0.0010079156778997067,0.03164448440969608,0.009264861585444262,core_target_delta_candidate,full_target_delta_surface,portfolio_candidate,D10;D20;D30;D40;D50,Q10;Q20;Q30;Q40;Q50;Q60;Q70;Q80;Q90;Q100,True
510300,510300_DTE30_D10_Q60_Hold,target_delta_surface,main_stepA_common_sample,2022-09-30,2026-05-27,881,D10,0.1,0.6,Q60,0.2693538883073705,0.07068649234741664,0.08014538544994514,0.15397918704553917,0.5204949252410473,0.45906523929439363,0.9054758472186132,0.3063662258670927,0.2307254729118925,2023-01-30,2024-02-02,2025-08-13,617,0.5227272727272727,-0.0771731842867055,0.15179668411966696,-0.004753892529743047,-0.2171885058898442,1.191688505889844,0.9318181818181818,0.06818181818181818,0.0015392354124748495,0.042369602763385555,0.1173747841105354,30.34090909090909,0.09717208186769172,0.0988143248615302,0.07348602574724482,0.07189431901541943,44,0,0.5999999999999999,continuous_30d_daily_mtm_target_delta,-0.0013803036322657114,0.03619945243358086,0.011129461689771691,core_target_delta_candidate,full_target_delta_surface,portfolio_candidate,D10;D20;D30;D40;D50,Q10;Q20;Q30;Q40;Q50;Q60;Q70;Q80;Q90;Q100,True
510300,510300_DTE30_D10_Q70_Hold,target_delta_surface,main_stepA_common_sample,2022-09-30,2026-05-27,881,D10,0.1,0.7,Q70,0.26757746555313267,0.07025719244566275,0.07935216966988637,0.1513846271232164,0.5241758768893972,0.46409727183512733,0.9091174171853356,0.3069916929380322,0.22885698232832807,2023-01-30,2024-02-02,2025-08-13,617,0.5454545454545454,-0.07684087687752494,0.13619346282865585,-0.005546207951366882,-0.21718850588984417,1.1916885058898443,0.9318181818181818,0.06818181818181818,0.0017957746478873243,0.04943120322394981,0.13693724812895797,30.34090909090909,0.09717208186769172,0.0988143248615302,0.07348602574724482,0.07189431901541943,44,0,0.7000000000000001,continuous_30d_daily_mtm_target_delta,-0.0018096035340195993,0.039880404081930665,0.01299795227333611,core_target_delta_candidate,full_target_delta_surface,portfolio_candidate,D10;D20;D30;D40;D50,Q10;Q20;Q30;Q40;Q50;Q60;Q70;Q80;Q90;Q100,True
510300,510300_DTE30_D10_Q80_Hold,target_delta_surface,main_stepA_common_sample,2022-09-30,2026-05-27,881,D10,0.1,0.8,Q80,0.2655676836301821,0.06977097974071622,0.07855895388982967,0.14910810833617802,0.5268590338005713,0.4679221037625338,0.910664087280764,0.3073820042032178,0.22698459502069257,2023-01-30,2024-02-02,2025-08-15,619,0.5454545454545454,-0.0765084955280213,0.12070940344443382,-0.006338523372990741,-0.2171885058898444,1.191688505889844,0.9318181818181818,0.06818181818181818,0.0020523138832997992,0.05649280368451408,0.15649971214738057,30.34090909090909,0.09717208186769172,0.0988143248615302,0.07348602574724482,0.07189431901541943,44,0,0.7999999999999999,continuous_30d_daily_mtm_target_delta,-0.0022958162389661307,0.04256356099310482,0.014870339580971614,core_target_delta_candidate,full_target_delta_surface,portfolio_candidate,D10;D20;D30;D40;D50,Q10;Q20;Q30;Q40;Q50;Q60;Q70;Q80;Q90;Q100,True
510300,510300_DTE30_D10_Q90_Hold,target_delta_surface,main_stepA_common_sample,2022-09-30,2026-05-27,881,D10,0.1,0.9,Q90,0.26332531491117006,0.06922784811471949,0.0777657381097723,0.14716439097240702,0.5284276827833522,0.4704116781056061,0.9098974120673754,0.30753129341355606,0.22510830473965648,2023-01-30,2024-02-02,2025-08-15,619,0.5454545454545454,-0.07617604024080493,0.1053441850696284,-0.00713083879461457,-0.2171885058898441,1.1916885058898439,0.9318181818181818,0.06818181818181818,0.0023088531187122744,0.06355440414507833,0.1760621761658031,30.34090909090909,0.09717208186769172,0.0988143248615302,0.07348602574724482,0.07189431901541943,44,0,0.9000000000000002,continuous_30d_daily_mtm_target_delta,-0.0028389478649628597,0.04413220997588568,0.0167466298620077,core_target_delta_candidate,full_target_delta_surface,portfolio_candidate,D10;D20;D30;D40;D50,Q10;Q20;Q30;Q40;Q50;Q60;Q70;Q80;Q90;Q100,True
510300,510300_DTE30_D10_Q100_Hold,target_delta_surface,main_stepA_common_sample,2022-09-30,2026-05-27,881,D10,0.1,1.0,Q100,0.2608512026888272,0.06862778622743582,0.07697252232971458,0.14556680708627756,0.5287779808489782,0.4714521641376669,0.9066763112578246,0.3074334486524122,0.22322810523140957,2023-01-30,2024-02-02,2025-08-18,620,0.5454545454545454,-0.07584351101849796,0.10473884601683991,-0.007923154216238414,-0.2171885058898443,1.191688505889844,0.9318181818181818,0.06818181818181818,0.002565392354124749,0.07061600460564259,0.19562464018422568,30.34090909090909,0.09717208186769172,0.0988143248615302,0.07348602574724482,0.07189431901541943,44,0,1.0,continuous_30d_daily_mtm_target_delta,-0.0034390097522465357,0.044482508041511715,0.018626829370254616,core_target_delta_candidate,full_target_delta_surface,portfolio_candidate,D10;D20;D30;D40;D50,Q10;Q20;Q30;Q40;Q50;Q60;Q70;Q80;Q90;Q100,True
510300,510300_DTE30_D20_Q10_Hold,target_delta_surface,main_stepA_common_sample,2022-09-30,2026-05-27,881,D20,0.2,0.1,Q10,0.27851028875658024,0.07289250288726778,0.08472384732911493,0.16973288448844426,0.4991598863382488,0.42945421629378155,0.8731850436428964,0.3068929884610949,0.23751765477857578,2023-01-30,2024-02-02,2024-10-08,408,0.5227272727272727,-0.07837699891231842,0.22899047665151007,-0.00018062754260393348,0.0019917433571494682,0.9725082566428503,0.8863636363636364,0.11363636363636363,0.0006979188564221149,0.009258491652274093,0.021718480138169256,30.34090909090909,0.20055426394526493,0.2048135463074221,0.04428052573605432,0.04439959194291887,44,0,0.09999999999999999,continuous_30d_daily_mtm_target_delta,0.0008257069075854329,0.014864413530782328,0.004337279823088402,core_target_delta_candidate,full_target_delta_surface,portfolio_candidate,D10;D20;D30;D40;D50,Q10;Q20;Q30;Q40;Q50;Q60;Q70;Q80;Q90;Q100,True
510300,510300_DTE30_D20_Q20_Hold,target_delta_surface,main_stepA_common_sample,2022-09-30,2026-05-27,881,D20,0.2,0.2,Q20,0.28163963209841847,0.07364385607524415,0.08454301452793861,0.1643941859610047,0.5142701004522918,0.44797117151523186,0.8961815586598324,0.31585207246401453,0.2331593251889601,2023-01-30,2024-02-02,2024-10-08,408,0.5227272727272727,-0.07758822632871643,0.21021840717147722,-0.00036125508520786696,0.0019917433571494682,0.9725082566428503,0.8863636363636364,0.11363636363636363,0.0013958377128442299,0.018516983304548186,0.04343696027633851,30.34090909090909,0.20055426394526493,0.2048135463074221,0.04428052573605432,0.04439959194291887,44,0,0.19999999999999998,continuous_30d_daily_mtm_target_delta,0.0015770600955617997,0.029974627644825336,0.008695609412704086,core_target_delta_candidate,full_target_delta_surface,portfolio_candidate,D10;D20;D30;D40;D50,Q10;Q20;Q30;Q40;Q50;Q60;Q70;Q80;Q90;Q100,True
510300,510300_DTE30_D20_Q30_Hold,target_delta_surface,main_stepA_common_sample,2022-09-30,2026-05-27,881,D20,0.2,0.3,Q30,0.2844631150698924,0.07432064970343588,0.08436218172676574,0.15932432869136257,0.5294996841956835,0.4664739548183329,0.9186389815719525,0.32485659693027275,0.22877986904291825,2023-01-30,2024-02-02,2024-10-08,408,0.5227272727272727,-0.07679915850420926,0.19161948298335219,-0.0005418826278117988,0.0019917433571495537,0.9725082566428506,0.8863636363636364,0.11363636363636363,0.0020937565692663446,0.02777547495682228,0.06515544041450776,30.34090909090909,0.20055426394526493,0.2048135463074221,0.04428052573605432,0.04439959194291887,44,0,0.29999999999999993,continuous_30d_daily_mtm_target_delta,0.0022538537237535294,0.04520421138821701,0.013075065558745935,core_target_delta_candidate,full_target_delta_surface,portfolio_candidate,D10;D20;D30;D40;D50,Q10;Q20;Q30;Q40;Q50;Q60;Q70;Q80;Q90;Q100,True
510300,510300_DTE30_D20_Q40_Hold,target_delta_surface,main_stepA_common_sample,2022-09-30,2026-05-27,881,D20,0.2,0.4,Q40,0.28697840771144745,0.07492267598428048,0.08418134892558984,0.15454977218450822,0.5446876286889023,0.48478024215289395,0.9401796628404978,0.3339109544576909,0.22437920943912537,2023-01-30,2024-02-02,2024-10-08,408,0.5227272727272727,-0.0760097958445417,0.1731930738826002,-0.0007225101704157339,0.0019917433571494682,0.9725082566428503,0.8863636363636364,0.11363636363636363,0.0027916754256884597,0.03703396660909637,0.08687392055267702,30.34090909090909,0.20055426394526493,0.2048135463074221,0.04428052573605432,0.04439959194291887,44,0,0.39999999999999997,continuous_30d_daily_mtm_target_delta,0.0028558800045981325,0.060392155881435816,0.017475725162538813,core_target_delta_candidate,full_target_delta_surface,portfolio_candidate,D10;D20;D30;D40;D50,Q10;Q20;Q30;Q40;Q50;Q60;Q70;Q80;Q90;Q100,True
510300,510300_DTE30_D20_Q50_Hold,target_delta_surface,main_stepA_common_sample,2022-09-30,2026-05-27,881,D20,0.2,0.5,Q50,0.2891833270836195,0.07544972527292804,0.08400051612441452,0.1500986991474995,0.5596352040457635,0.5026674161831666,0.9603931890196318,0.3430199215076384,0.21995726936590743,2023-01-30,2024-02-02,2025-07-21,600,0.5454545454545454,-0.07522013875643607,0.15493854879110613,-0.0009031377130196693,0.0019917433571495216,0.9725082566428505,0.8863636363636364,0.11363636363636363,0.0034895942821105744,0.04629245826137047,0.10859240069084627,30.34090909090909,0.20055426394526493,0.2048135463074221,0.04428052573605432,0.04439959194291887,44,0,0.5,continuous_30d_daily_mtm_target_delta,0.0033829292932456845,0.07533973123829701,0.021897665235756758,core_target_delta_candidate,full_target_delta_surface,portfolio_candidate,D10;D20;D30;D40;D50,Q10;Q20;Q30;Q40;Q50;Q60;Q70;Q80;Q90;Q100,True
510300,510300_DTE30_D20_Q60_Hold,target_delta_surface,main_stepA_common_sample,2022-09-30,2026-05-27,881,D20,0.2,0.6,Q60,0.2910758397510904,0.07590158615026499,0.08381968332323847,0.14600069836619917,0.5741046738899962,0.519871391025052,0.97887209132281,0.352188702898086,0.21551397170234865,2023-01-30,2024-02-02,2025-07-18,599,0.5681818181818182,-0.07443018764758969,0.13685527575685685,-0.0010837652556235976,0.0019917433571495537,0.9725082566428506,0.8863636363636364,0.11363636363636363,0.004187513138532689,0.05555094991364456,0.1303108808290155,30.34090909090909,0.20055426394526493,0.2048135463074221,0.04428052573605432,0.04439959194291887,44,0,0.5999999999999999,continuous_30d_daily_mtm_target_delta,0.003834790170582636,0.08980920108252971,0.026340962899315534,core_target_delta_candidate,full_target_delta_surface,portfolio_candidate,D10;D20;D30;D40;D50,Q10;Q20;Q30;Q40;Q50;Q60;Q70;Q80;Q90;Q100,True
510300,510300_DTE30_D20_Q70_Hold,target_delta_surface,main_stepA_common_sample,2022-09-30,2026-05-27,881,D20,0.2,0.7,Q70,0.292654064186465,0.07627804549899109,0.08363885052206456,0.14228627971530597,0.5878209106978808,0.5360885508540408,0.9951924012718696,0.3600122301199189,0.2118762617413945,2023-01-13,2024-02-02,2025-07-18,605,0.5681818181818182,-0.07363994292667941,0.11894262195363092,-0.0012643927982275477,0.001991743357149504,0.9725082566428505,0.8863636363636364,0.11363636363636363,0.004885431994954804,0.06480944156591865,0.15202936096718478,30.34090909090909,0.20055426394526493,0.2048135463074221,0.04428052573605432,0.04439959194291887,44,0,0.7000000000000001,continuous_30d_daily_mtm_target_delta,0.004211249519308735,0.1035254378904143,0.029978672860269673,core_target_delta_candidate,full_target_delta_surface,portfolio_candidate,D10;D20;D30;D40;D50,Q10;Q20;Q30;Q40;Q50;Q60;Q70;Q80;Q90;Q100,True
510300,510300_DTE30_D20_Q80_Hold,target_delta_surface,main_stepA_common_sample,2022-09-30,2026-05-27,881,D20,0.2,0.8,Q80,0.293916273090973,0.07657888857279072,0.08345801772089012,0.13898620039840243,0.6004770076572971,0.5509819561458488,1.0088449034494316,0.3661043988087828,0.20917227113894377,2023-01-13,2024-02-02,2025-07-18,605,0.5681818181818182,-0.07284940500336001,0.10119995368067514,-0.0014450203408314679,0.0019917433571494682,0.9725082566428503,0.8863636363636364,0.11363636363636363,0.005583350851376919,0.07406793321819274,0.17374784110535405,30.34090909090909,0.20055426394526493,0.2048135463074221,0.04428052573605432,0.04439959194291887,44,0,0.7999999999999999,continuous_30d_daily_mtm_target_delta,0.004512092593108363,0.11618153484983057,0.03268266346272042,core_target_delta_candidate,full_target_delta_surface,portfolio_candidate,D10;D20;D30;D40;D50,Q10;Q20;Q30;Q40;Q50;Q60;Q70;Q80;Q90;Q100,True
510300,510300_DTE30_D20_Q90_Hold,target_delta_surface,main_stepA_common_sample,2022-09-30,2026-05-27,881,D20,0.2,0.9,Q90,0.29486089562962836,0.07680389905869811,0.08327718491971395,0.13613059700635102,0.6117448005890163,0.5641927733198357,1.0194682281270138,0.3719957362198753,0.2064644606929088,2023-01-13,2024-02-02,2025-07-18,605,0.5681818181818182,-0.07205857428826568,0.09629299734453278,-0.0016256478834354082,0.0019917433571494223,0.9725082566428507,0.8863636363636364,0.11363636363636363,0.006281269707799034,0.08332642487046685,0.1954663212435233,30.34090909090909,0.20055426394526493,0.2048135463074221,0.04428052573605432,0.04439959194291887,44,0,0.9000000000000002,continuous_30d_daily_mtm_target_delta,0.004737103079015759,0.12744932778154977,0.03539047390875538,core_target_delta_candidate,full_target_delta_surface,portfolio_candidate,D10;D20;D30;D40;D50,Q10;Q20;Q30;Q40;Q50;Q60;Q70;Q80;Q90;Q100,True
510300,510300_DTE30_D20_Q100_Hold,target_delta_surface,main_stepA_common_sample,2022-09-30,2026-05-27,881,D20,0.2,1.0,Q100,0.29548651957808003,0.07695285913265648,0.08309635211853904,0.1337479420985024,0.6212906966250025,0.5753573320476393,1.026988007293958,0.37767744681877524,0.20375285784427988,2023-01-13,2024-02-02,2025-07-18,605,0.5681818181818182,-0.07126745119301292,0.09619070796290496,-0.0018062754260393386,0.0019917433571495216,0.9725082566428505,0.8863636363636364,0.11363636363636363,0.006979188564221149,0.09258491652274094,0.21718480138169255,30.34090909090909,0.20055426394526493,0.2048135463074221,0.04428052573605432,0.04439959194291887,44,0,1.0,continuous_30d_daily_mtm_target_delta,0.004886063152974129,0.13699522381753598,0.03810207675738431,core_target_delta_candidate,full_target_delta_surface,portfolio_candidate,D10;D20;D30;D40;D50,Q10;Q20;Q30;Q40;Q50;Q60;Q70;Q80;Q90;Q100,True
510300,510300_DTE30_D30_Q10_Hold,target_delta_surface,main_stepA_common_sample,2022-09-30,2026-05-27,881,D30,0.3,0.1,Q10,0.2745263660941848,0.07193406445151895,0.08359499921340625,0.168332881254506,0.4966052894147117,0.4273322236002148,0.8666972920298084,0.3071169710160032,0.23422367124013677,2023-01-30,2024-02-02,2024-09-30,407,0.5227272727272727,-0.07735668756542236,0.22741640849711753,-0.0013081943324154018,-0.10355535358920635,1.0780553535892063,0.7727272727272727,0.29545454545454547,0.0013094221463136923,0.009258491652274093,0.021718480138169256,30.34090909090909,0.2951075654103827,0.29201380878899597,0.02797783580367971,0.02813753637870564,44,0,0.09999999999999999,continuous_30d_daily_mtm_target_delta,-0.00013273152816339895,0.012309816607245228,0.007631263361527418,core_target_delta_candidate,full_target_delta_surface,portfolio_candidate,D10;D20;D30;D40;D50,Q10;Q20;Q30;Q40;Q50;Q60;Q70;Q80;Q90;Q100,True
510300,510300_DTE30_D30_Q20_Hold,target_delta_surface,main_stepA_common_sample,2022-09-30,2026-05-27,881,D30,0.3,0.2,Q20,0.27359690813366755,0.0717101511418079,0.0822853182965225,0.1615852475524033,0.5092378143607247,0.44379144895979294,0.882993641903694,0.3165668387607563,0.22652451982187072,2023-01-30,2024-02-02,2024-10-08,408,0.5227272727272727,-0.07554531780945184,0.2071169254188805,-0.0026163886648308036,-0.10355535358920635,1.0780553535892063,0.7727272727272727,0.29545454545454547,0.0026188442926273845,0.018516983304548186,0.04343696027633851,30.34090909090909,0.2951075654103827,0.29201380878899597,0.02797783580367971,0.02813753637870564,44,0,0.19999999999999998,continuous_30d_daily_mtm_target_delta,-0.00035664483787445356,0.024942341553258196,0.015330414779793466,core_target_delta_candidate,full_target_delta_surface,portfolio_candidate,D10;D20;D30;D40;D50,Q10;Q20;Q30;Q40;Q50;Q60;Q70;Q80;Q90;Q100,True
510300,510300_DTE30_D30_Q30_Hold,target_delta_surface,main_stepA_common_sample,2022-09-30,2026-05-27,881,D30,0.3,0.3,Q30,0.2722897552420167,0.07139505091477005,0.08097563737963782,0.1551036838869258,0.52207423673232,0.46030532045143885,0.8985129311788057,0.3263669657370919,0.21875697729862476,2023-01-30,2024-02-02,2024-10-08,408,0.5227272727272727,-0.07407059216250123,0.1870366475943701,-0.003924582997246204,-0.10355535358920626,1.0780553535892063,0.7727272727272727,0.29545454545454547,0.003928266438941076,0.02777547495682228,0.06515544041450776,30.34090909090909,0.2951075654103827,0.29201380878899597,0.02797783580367971,0.02813753637870564,44,0,0.29999999999999993,continuous_30d_daily_mtm_target_delta,-0.0006717450649122991,0.03777876392485352,0.02309795730303943,core_target_delta_candidate,full_target_delta_surface,portfolio_candidate,D10;D20;D30;D40;D50,Q10;Q20;Q30;Q40;Q50;Q60;Q70;Q80;Q90;Q100,True
510300,510300_DTE30_D30_Q40_Hold,target_delta_surface,main_stepA_common_sample,2022-09-30,2026-05-27,881,D30,0.3,0.4,Q40,0.270605741905358,0.07098876457600634,0.07966595646275433,0.14892293476028276,0.5349475323662569,0.47668120891033366,0.9127988499695823,0.33656639250171794,0.21092053799056598,2023-01-30,2024-02-02,2024-10-08,408,0.5227272727272727,-0.07264599493491819,0.16717435194388575,-0.005232777329661607,-0.10355535358920635,1.0780553535892063,0.7727272727272727,0.29545454545454547,0.005237688585254769,0.03703396660909637,0.08687392055267702,30.34090909090909,0.2951075654103827,0.29201380878899597,0.02797783580367971,0.02813753637870564,44,0,0.39999999999999997,continuous_30d_daily_mtm_target_delta,-0.0010780314036760164,0.05065205955879043,0.030934396611098203,core_target_delta_candidate,full_target_delta_surface,portfolio_candidate,D10;D20;D30;D40;D50,Q10;Q20;Q30;Q40;Q50;Q60;Q70;Q80;Q90;Q100,True
510300,510300_DTE30_D30_Q50_Hold,target_delta_surface,main_stepA_common_sample,2022-09-30,2026-05-27,881,D30,0.3,0.5,Q50,0.268545967255299,0.07049129898021933,0.07835627554586982,0.14308198857134868,0.5476319998641689,0.4926636796431469,0.9253994737353601,0.3472226454923741,0.20301469358445834,2023-01-30,2024-02-02,2024-10-08,408,0.5454545454545454,-0.07121984173986662,0.14752881625274683,-0.00654097166207701,-0.10355535358920624,1.0780553535892061,0.7727272727272727,0.29545454545454547,0.00654711073156846,0.04629245826137047,0.10859240069084627,30.34090909090909,0.2951075654103827,0.29201380878899597,0.02797783580367971,0.02813753637870564,44,0,0.5,continuous_30d_daily_mtm_target_delta,-0.001575496999463022,0.0633365270567024,0.038840241017205845,core_target_delta_candidate,full_target_delta_surface,portfolio_candidate,D10;D20;D30;D40;D50,Q10;Q20;Q30;Q40;Q50;Q60;Q70;Q80;Q90;Q100,True
510300,510300_DTE30_D30_Q60_Hold,target_delta_surface,main_stepA_common_sample,2022-09-30,2026-05-27,881,D30,0.3,0.6,Q60,0.2661117946227445,0.06990266713103921,0.07704659462898505,0.1376241171562737,0.5598335249736628,0.5079245453154403,0.935732531480655,0.35840365822618186,0.1950389331319965,2023-01-30,2024-02-02,2025-07-17,598,0.5454545454545454,-0.06979213169438381,0.12809881919037958,-0.007849165994492409,-0.10355535358920626,1.0780553535892063,0.7727272727272727,0.29545454545454547,0.007856532877882152,0.05555094991364456,0.1303108808290155,30.34090909090909,0.2951075654103827,0.29201380878899597,0.02797783580367971,0.02813753637870564,44,0,0.5999999999999999,continuous_30d_daily_mtm_target_delta,-0.002164128848643143,0.0755380521661963,0.04681600146966769,core_target_delta_candidate,full_target_delta_surface,portfolio_candidate,D10;D20;D30;D40;D50,Q10;Q20;Q30;Q40;Q50;Q60;Q70;Q80;Q90;Q100,True
510300,510300_DTE30_D30_Q70_Hold,target_delta_surface,main_stepA_common_sample,2022-09-30,2026-05-27,881,D30,0.3,0.7,Q70,0.2633048508242324,0.06922288827304124,0.07573691371210142,0.13259663271045788,0.5711827831818543,0.5220561552584709,0.9432822195193694,0.36798621715513485,0.18811272011271662,2023-08-04,2024-02-02,2025-07-14,467,0.5454545454545454,-0.06836286391596624,0.1088831403293744,-0.009157360326907811,-0.10355535358920626,1.0780553535892063,0.7727272727272727,0.29545454545454547,0.009165955024195843,0.06480944156591865,0.15202936096718478,30.34090909090909,0.2951075654103827,0.29201380878899597,0.02797783580367971,0.02813753637870564,44,0,0.7000000000000001,continuous_30d_daily_mtm_target_delta,-0.0028439077066411134,0.08688731037438785,0.05374221448894756,core_target_delta_candidate,full_target_delta_surface,portfolio_candidate,D10;D20;D30;D40;D50,Q10;Q20;Q30;Q40;Q50;Q60;Q70;Q80;Q90;Q100,True
510300,510300_DTE30_D30_Q80_Hold,target_delta_surface,main_stepA_common_sample,2022-09-30,2026-05-27,881,D30,0.3,0.8,Q80,0.26012702518054587,0.06845198797605123,0.07442723279521606,0.1280502385896117,0.5812346280255514,0.5345713427011491,0.947586792093256,0.3734943210657785,0.1832745081122551,2023-08-04,2024-02-02,2025-07-14,467,0.5681818181818182,-0.06693203752257093,0.08988056016451673,-0.010465554659323214,-0.10355535358920635,1.0780553535892063,0.7727272727272727,0.29545454545454547,0.010475377170509538,0.07406793321819274,0.17374784110535405,30.34090909090909,0.2951075654103827,0.29201380878899597,0.02797783580367971,0.02813753637870564,44,0,0.7999999999999999,continuous_30d_daily_mtm_target_delta,-0.0036148080036311203,0.09693915521808488,0.05858042648940909,core_target_delta_candidate,full_target_delta_surface,portfolio_candidate,D10;D20;D30;D40;D50,Q10;Q20;Q30;Q40;Q50;Q60;Q70;Q80;Q90;Q100,True
510300,510300_DTE30_D30_Q90_Hold,target_delta_surface,main_stepA_common_sample,2022-09-30,2026-05-27,881,D30,0.3,0.9,Q90,0.25658046826780745,0.06758999821183131,0.07311755187833434,0.12403784669671175,0.5894777588095029,0.544914314556729,0.9480618065503364,0.3788428638209138,0.17841169695038095,2023-08-04,2024-02-02,2025-07-15,468,0.5681818181818182,-0.06549965163261917,0.087166205167452,-0.011773748991738612,-0.10355535358920634,1.0780553535892066,0.7727272727272727,0.29545454545454547,0.01178479931682323,0.08332642487046685,0.1954663212435233,30.34090909090909,0.2951075654103827,0.29201380878899597,0.02797783580367971,0.02813753637870564,44,0,0.9000000000000002,continuous_30d_daily_mtm_target_delta,-0.004476797767851037,0.10518228600203644,0.06344323765128324,core_target_delta_candidate,full_target_delta_surface,portfolio_candidate,D10;D20;D30;D40;D50,Q10;Q20;Q30;Q40;Q50;Q60;Q70;Q80;Q90;Q100,True
510300,510300_DTE30_D30_Q100_Hold,target_delta_surface,main_stepA_common_sample,2022-09-30,2026-05-27,881,D30,0.3,1.0,Q100,0.2526675904013227,0.06663695742317355,0.07180787096144917,0.12061276233074823,0.5953588125652516,0.5524867861034434,0.9446556118576487,0.3840211397900897,0.1735241905161733,2023-08-04,2024-02-02,2025-07-15,468,0.5681818181818182,-0.06406570536499512,0.08602225691373677,-0.01308194332415402,-0.10355535358920624,1.0780553535892061,0.7727272727272727,0.29545454545454547,0.01309422146313692,0.09258491652274094,0.21718480138169255,30.34090909090909,0.2951075654103827,0.29201380878899597,0.02797783580367971,0.02813753637870564,44,0,1.0,continuous_30d_daily_mtm_target_delta,-0.005429838556508804,0.1110633397577851,0.06833074408549089,core_target_delta_candidate,full_target_delta_surface,portfolio_candidate,D10;D20;D30;D40;D50,Q10;Q20;Q30;Q40;Q50;Q60;Q70;Q80;Q90;Q100,True
510300,510300_DTE30_D40_Q10_Hold,target_delta_surface,main_stepA_common_sample,2022-09-30,2026-05-27,881,D40,0.4,0.1,Q10,0.28306066170450217,0.07398461211815377,0.08526838711056674,0.1668913245832202,0.5109216271337563,0.44331011394940073,0.8894984770452647,0.32073028760193184,0.23067547711608183,2023-01-30,2024-02-02,2024-09-30,407,0.5227272727272727,-0.07720983520475666,0.22538187924633846,0.00036329414601932565,0.0382075086542588,0.9362924913457412,0.75,0.4090909090909091,0.0017130345182895413,0.011354058721934412,0.02383419689119171,30.34090909090909,0.40490627812137975,0.4145580573326966,0.013995443048928495,0.012129797466689074,44,0,0.09999999999999999,continuous_30d_daily_mtm_target_delta,0.0019178161384714176,0.02662615432628984,0.011179457485582356,core_target_delta_candidate,full_target_delta_surface,portfolio_candidate,D10;D20;D30;D40;D50,Q10;Q20;Q30;Q40;Q50;Q60;Q70;Q80;Q90;Q100,True
510300,510300_DTE30_D40_Q20_Hold,target_delta_surface,main_stepA_common_sample,2022-09-30,2026-05-27,881,D40,0.4,0.2,Q20,0.29061863345340666,0.07579246580010501,0.08563209409084212,0.1587002224224579,0.5395839576260367,0.4775826060176933,0.9306915946946246,0.34552048580910105,0.21935737217613227,2023-01-30,2024-02-02,2024-09-30,407,0.5227272727272727,-0.0752518094625958,0.20309964875321418,0.0007265882920386513,0.0382075086542588,0.9362924913457412,0.75,0.4090909090909091,0.0034260690365790825,0.022708117443868824,0.04766839378238342,30.34090909090909,0.40490627812137975,0.4145580573326966,0.013995443048928495,0.012129797466689074,44,0,0.19999999999999998,continuous_30d_daily_mtm_target_delta,0.0037256698204226613,0.05528848481857024,0.022497562425531914,core_target_delta_candidate,full_target_delta_surface,portfolio_candidate,D10;D20;D30;D40;D50,Q10;Q20;Q30;Q40;Q50;Q60;Q70;Q80;Q90;Q100,True
510300,510300_DTE30_D40_Q30_Hold,target_delta_surface,main_stepA_common_sample,2022-09-30,2026-05-27,881,D40,0.4,0.3,Q30,0.29774259562437466,0.07748960129865812,0.08599580107111822,0.15078060862491402,0.570337272513893,0.5139228578883335,0.9732843617247762,0.3727265089073751,0.2078993563559891,2023-01-30,2024-02-02,2024-09-30,407,0.5454545454545454,-0.07329140102741638,0.18108786500250962,0.0010898824380579735,0.038207508654258864,0.9362924913457413,0.75,0.4090909090909091,0.005139103554868623,0.03406217616580323,0.07150259067357512,30.34090909090909,0.40490627812137975,0.4145580573326966,0.013995443048928495,0.012129797466689074,44,0,0.29999999999999993,continuous_30d_daily_mtm_target_delta,0.005422805318975765,0.0860417997064265,0.03395557824567508,core_target_delta_candidate,full_target_delta_surface,portfolio_candidate,D10;D20;D30;D40;D50,Q10;Q20;Q30;Q40;Q50;Q60;Q70;Q80;Q90;Q100,True
510300,510300_DTE30_D40_Q40_Hold,target_delta_surface,main_stepA_common_sample,2022-09-30,2026-05-27,881,D40,0.4,0.4,Q40,0.30442400690557725,0.07907527703297212,0.08635950805139428,0.14317754098400837,0.6031637885235078,0.5522882743307075,1.0167975407181828,0.40282838296975876,0.19630016249105386,2023-01-30,2024-02-02,2024-10-08,408,0.5454545454545454,-0.07132861232634091,0.159344765682921,0.0014531765840773026,0.0382075086542588,0.9362924913457412,0.75,0.4090909090909091,0.006852138073158165,0.04541623488773765,0.09533678756476684,30.34090909090909,0.40490627812137975,0.4145580573326966,0.013995443048928495,0.012129797466689074,44,0,0.39999999999999997,continuous_30d_daily_mtm_target_delta,0.007008481053289772,0.11886831571604134,0.04555477211061032,core_target_delta_candidate,full_target_delta_surface,portfolio_candidate,D10;D20;D30;D40;D50,Q10;Q20;Q30;Q40;Q50;Q60;Q70;Q80;Q90;Q100,True
510300,510300_DTE30_D40_Q50_Hold,target_delta_surface,main_stepA_common_sample,2022-09-30,2026-05-27,881,D40,0.4,0.5,Q50,0.3106546780200974,0.08054876584824289,0.08672321503167077,0.13594414114525608,0.6379327148715234,0.5925136984180633,1.060661793086742,0.43644024631664285,0.1845585198158003,2023-01-30,2024-02-02,2024-10-08,408,0.5454545454545454,-0.06936344581003173,0.13786859047277322,0.0018164707300966257,0.038207508654258704,0.9362924913457412,0.75,0.4090909090909091,0.008565172591447706,0.056770293609672055,0.11917098445595854,30.34090909090909,0.40490627812137975,0.4145580573326966,0.013995443048928495,0.012129797466689074,44,0,0.5,continuous_30d_daily_mtm_target_delta,0.008481969868560535,0.15363724206405688,0.05729641478586389,core_target_delta_candidate,full_target_delta_surface,portfolio_candidate,D10;D20;D30;D40;D50,Q10;Q20;Q30;Q40;Q50;Q60;Q70;Q80;Q90;Q100,True
510300,510300_DTE30_D40_Q60_Hold,target_delta_surface,main_stepA_common_sample,2022-09-30,2026-05-27,881,D40,0.4,0.6,Q60,0.3164267856431018,0.0819093552874115,0.08708692201194801,0.12914254041864448,0.6743472888920742,0.6342554128320844,1.1040300151327174,0.4701027575142375,0.17423713002774888,2023-01-13,2024-02-02,2024-10-08,414,0.5681818181818182,-0.06739590395277317,0.11665758106808477,0.002179764876115947,0.038207508654258864,0.9362924913457413,0.75,0.4090909090909091,0.010278207109737246,0.06812435233160646,0.14300518134715023,30.34090909090909,0.40490627812137975,0.4145580573326966,0.013995443048928495,0.012129797466689074,44,0,0.5999999999999999,continuous_30d_daily_mtm_target_delta,0.009842559307729148,0.1900518160846077,0.06761780457391531,core_target_delta_candidate,full_target_delta_surface,portfolio_candidate,D10;D20;D30;D40;D50,Q10;Q20;Q30;Q40;Q50;Q60;Q70;Q80;Q90;Q100,True
510300,510300_DTE30_D40_Q70_Hold,target_delta_surface,main_stepA_common_sample,2022-09-30,2026-05-27,881,D40,0.4,0.7,Q70,0.32173288594622185,0.08315634785448145,0.0874506289922232,0.12284448275932934,0.7118808026857179,0.6769237493343282,1.1458413220232266,0.5053899986574663,0.16453896609624363,2023-01-13,2024-02-02,2024-10-08,414,0.5909090909090909,-0.06542598925254528,0.09570998121059149,0.002543059022135292,0.03820750865425885,0.9362924913457412,0.75,0.4090909090909091,0.011991241628026788,0.07947841105354088,0.16683937823834194,30.34090909090909,0.40490627812137975,0.4145580573326966,0.013995443048928495,0.012129797466689074,44,0,0.7000000000000001,continuous_30d_daily_mtm_target_delta,0.011089551874799097,0.22758532987825136,0.07731596850542055,core_target_delta_candidate,full_target_delta_surface,portfolio_candidate,D10;D20;D30;D40;D50,Q10;Q20;Q30;Q40;Q50;Q60;Q70;Q80;Q90;Q100,True
510300,510300_DTE30_D40_Q80_Hold,target_delta_surface,main_stepA_common_sample,2022-09-30,2026-05-27,881,D40,0.4,0.8,Q80,0.32656592774124915,0.08428906126924596,0.08781433597249853,0.11713122174552408,0.7497090413970191,0.7196122435431429,1.1852782932862587,0.540637872967605,0.15590669001151636,2023-08-04,2024-02-02,2024-11-07,302,0.5909090909090909,-0.06345370423110253,0.08562054923819185,0.0029063531681546052,0.0382075086542588,0.9362924913457412,0.75,0.4090909090909091,0.01370427614631633,0.0908324697754753,0.19067357512953367,30.34090909090909,0.40490627812137975,0.4145580573326966,0.013995443048928495,0.012129797466689074,44,0,0.7999999999999999,continuous_30d_daily_mtm_target_delta,0.012222265289563605,0.2654135685895526,0.08594824459014783,core_target_delta_candidate,full_target_delta_surface,portfolio_candidate,D10;D20;D30;D40;D50,Q10;Q20;Q30;Q40;Q50;Q60;Q70;Q80;Q90;Q100,True
510300,510300_DTE30_D40_Q90_Hold,target_delta_surface,main_stepA_common_sample,2022-09-30,2026-05-27,881,D40,0.4,0.9,Q90,0.33091926519585524,0.08530682871326523,0.0881780429527747,0.1120922130897462,0.7866562763122118,0.7610415243114581,1.2209432271607479,0.578686775648445,0.14741451213858314,2023-08-04,2024-02-02,2024-11-07,302,0.5909090909090909,-0.061479051434052634,0.08414788323966693,0.0032696473141739305,0.03820750865425877,0.9362924913457414,0.75,0.4090909090909091,0.015417310664605872,0.10218652849740971,0.21450777202072538,30.34090909090909,0.40490627812137975,0.4145580573326966,0.013995443048928495,0.012129797466689074,44,0,0.9000000000000002,continuous_30d_daily_mtm_target_delta,0.013240032733582874,0.3023608035047453,0.09444042246308104,core_target_delta_candidate,full_target_delta_surface,portfolio_candidate,D10;D20;D30;D40;D50,Q10;Q20;Q30;Q40;Q50;Q60;Q70;Q80;Q90;Q100,True
510300,510300_DTE30_D40_Q100_Hold,target_delta_surface,main_stepA_common_sample,2022-09-30,2026-05-27,881,D40,0.4,1.0,Q100,0.33478667009444396,0.08620899906691326,0.08854174993305125,0.10782203080855532,0.8211842168903551,0.7995490199955765,1.2522901829173185,0.6199476376526405,0.13905851693109694,2023-08-04,2024-01-22,2024-11-11,304,0.6136363636363636,-0.05950203343093052,0.0826656519645641,0.0036329414601932513,0.038207508654258704,0.9362924913457412,0.75,0.4090909090909091,0.017130345182895412,0.11354058721934411,0.23834196891191708,30.34090909090909,0.40490627812137975,0.4145580573326966,0.013995443048928495,0.012129797466689074,44,0,1.0,continuous_30d_daily_mtm_target_delta,0.014142203087230909,0.33688874408288866,0.10279641767056724,core_target_delta_candidate,full_target_delta_surface,portfolio_candidate,D10;D20;D30;D40;D50,Q10;Q20;Q30;Q40;Q50;Q60;Q70;Q80;Q90;Q100,True
510300,510300_DTE30_D50_Q10_Hold,target_delta_surface,main_stepA_common_sample,2022-09-30,2026-05-27,881,D50,0.5,0.1,Q10,0.2713483367376437,0.07116797090594096,0.08244862309707508,0.16572870090327219,0.49749151865491514,0.4294245385262403,0.8653388423663118,0.311626154375967,0.22837611640285838,2023-01-30,2024-02-02,2024-09-30,407,0.5227272727272727,-0.07709757112670734,0.225381879246338,-0.00245326922727474,-0.10631419487211916,1.0808141948721188,0.6590909090909091,0.4772727272727273,0.0026512455516014234,0.011354058721934412,0.02383419689119171,30.34090909090909,0.48476991760064636,0.47794667898832777,0.0038824081116485302,0.005035783885491529,44,0,0.09999999999999999,continuous_30d_daily_mtm_target_delta,-0.0008988250737413939,0.013196045847448656,0.013478818198805809,core_target_delta_candidate,full_target_delta_surface,portfolio_candidate,D10;D20;D30;D40;D50,Q10;Q20;Q30;Q40;Q50;Q60;Q70;Q80;Q90;Q100,True
510300,510300_DTE30_D50_Q20_Hold,target_delta_surface,main_stepA_common_sample,2022-09-30,2026-05-27,881,D50,0.5,0.2,Q20,0.26707382278232883,0.07013540130458384,0.07999256606386067,0.15637556402948657,0.5115413431779986,0.44850614442138115,0.8804895475103297,0.3266788658101743,0.21469219054206568,2023-01-30,2024-02-02,2024-09-30,407,0.5227272727272727,-0.07502714092260643,0.20309964875321418,-0.00490653845454948,-0.10631419487211916,1.0808141948721188,0.6590909090909091,0.4772727272727273,0.005302491103202847,0.022708117443868824,0.04766839378238342,30.34090909090909,0.48476991760064636,0.47794667898832777,0.0038824081116485302,0.005035783885491529,44,0,0.19999999999999998,continuous_30d_daily_mtm_target_delta,-0.0019313946750985078,0.02724587037053211,0.02716274405959851,core_target_delta_candidate,full_target_delta_surface,portfolio_candidate,D10;D20;D30;D40;D50,Q10;Q20;Q30;Q40;Q50;Q60;Q70;Q80;Q90;Q100,True
510300,510300_DTE30_D50_Q30_Hold,target_delta_surface,main_stepA_common_sample,2022-09-30,2026-05-27,881,D50,0.5,0.3,Q30,0.26225873054834214,0.06896926568128015,0.07753650903064502,0.1473010420101411,0.5263812663681424,0.4682198084962079,0.8950205499364704,0.3434711748639063,0.20080073883523952,2023-01-30,2024-02-02,2024-09-30,407,0.5454545454545454,-0.07295418907308993,0.1810878650025094,-0.007359807681824214,-0.10631419487211921,1.080814194872119,0.6590909090909091,0.4772727272727273,0.00795373665480427,0.03406217616580323,0.07150259067357512,30.34090909090909,0.48476991760064636,0.47794667898832777,0.0038824081116485302,0.005035783885491529,44,0,0.29999999999999993,continuous_30d_daily_mtm_target_delta,-0.003097530298402207,0.04208579356067593,0.04105419576642466,core_target_delta_candidate,full_target_delta_surface,portfolio_candidate,D10;D20;D30;D40;D50,Q10;Q20;Q30;Q40;Q50;Q60;Q70;Q80;Q90;Q100,True
510300,510300_DTE30_D50_Q40_Hold,target_delta_surface,main_stepA_common_sample,2022-09-30,2026-05-27,881,D50,0.5,0.4,Q40,0.25690839915088715,0.0676697745213175,0.07508045199743048,0.13855988654111318,0.5418628282086013,0.48837925759443146,0.9083533644815701,0.3624532295156079,0.18669932838439096,2023-01-30,2024-02-02,2024-10-08,408,0.5681818181818182,-0.07087871944635804,0.159344765682921,-0.00981307690909896,-0.10631419487211916,1.0808141948721188,0.6590909090909091,0.4772727272727273,0.010604982206405694,0.04541623488773765,0.09533678756476684,30.34090909090909,0.48476991760064636,0.47794667898832777,0.0038824081116485302,0.005035783885491529,44,0,0.39999999999999997,continuous_30d_daily_mtm_target_delta,-0.004397021458364847,0.057567355401134834,0.05515560621727322,core_target_delta_candidate,full_target_delta_surface,portfolio_candidate,D10;D20;D30;D40;D50,Q10;Q20;Q30;Q40;Q50;Q60;Q70;Q80;Q90;Q100,True
510300,510300_DTE30_D50_Q50_Hold,target_delta_surface,main_stepA_common_sample,2022-09-30,2026-05-27,881,D50,0.5,0.5,Q50,0.2510287854325979,0.0662371703355622,0.0726243949642163,0.1302192480725428,0.5577086032915699,0.5086588297504426,0.9197501852751523,0.3779301358085463,0.1752630024960935,2023-08-04,2024-02-02,2024-10-08,280,0.5681818181818182,-0.06880073594377323,0.137868590472773,-0.012266346136373691,-0.10631419487211922,1.0808141948721193,0.6590909090909091,0.4772727272727273,0.013256227758007116,0.056770293609672055,0.11917098445595854,30.34090909090909,0.48476991760064636,0.47794667898832777,0.0038824081116485302,0.005035783885491529,44,0,0.5,continuous_30d_daily_mtm_target_delta,-0.005829625644120151,0.07341313048410342,0.06659193210557068,core_target_delta_candidate,full_target_delta_surface,portfolio_candidate,D10;D20;D30;D40;D50,Q10;Q20;Q30;Q40;Q50;Q60;Q70;Q80;Q90;Q100,True
510300,510300_DTE30_D50_Q60_Hold,target_delta_surface,main_stepA_common_sample,2022-09-30,2026-05-27,881,D50,0.5,0.6,Q60,0.24462645441109365,0.06467172768854712,0.07016833793100181,0.12236105674662255,0.5734531867953864,0.5285319480565226,0.9283121913772969,0.3901169366000288,0.16577523716908615,2023-08-04,2024-02-02,2024-10-08,280,0.5909090909090909,-0.066720242499971,0.11665758106808433,-0.014719615363648427,-0.10631419487211921,1.080814194872119,0.6590909090909091,0.4772727272727273,0.01590747330960854,0.06812435233160646,0.14300518134715023,30.34090909090909,0.48476991760064636,0.47794667898832777,0.0038824081116485302,0.005035783885491529,44,0,0.5999999999999999,continuous_30d_daily_mtm_target_delta,-0.007395068291135232,0.08915771398791988,0.07607969743257803,core_target_delta_candidate,full_target_delta_surface,portfolio_candidate,D10;D20;D30;D40;D50,Q10;Q20;Q30;Q40;Q50;Q60;Q70;Q80;Q90;Q100,True
510300,510300_DTE30_D50_Q70_Hold,target_delta_surface,main_stepA_common_sample,2022-09-30,2026-05-27,881,D50,0.5,0.7,Q70,0.23770856862889733,0.06297375320867027,0.06771228089778666,0.11508418256650836,0.5883717413438206,0.5471972933576434,0.933022106348256,0.4031812319476661,0.1561921741854403,2023-08-04,2024-02-02,2025-03-18,388,0.6136363636363636,-0.06463724308297158,0.09570998121059082,-0.017172884590923154,-0.10631419487211918,1.080814194872119,0.6590909090909091,0.4772727272727273,0.018558718861209963,0.07947841105354088,0.16683937823834194,30.34090909090909,0.48476991760064636,0.47794667898832777,0.0038824081116485302,0.005035783885491529,44,0,0.7000000000000001,continuous_30d_daily_mtm_target_delta,-0.009093042771012083,0.10407626853635416,0.0856627604162239,core_target_delta_candidate,full_target_delta_surface,portfolio_candidate,D10;D20;D30;D40;D50,Q10;Q20;Q30;Q40;Q50;Q60;Q70;Q80;Q90;Q100,True
510300,510300_DTE30_D50_Q80_Hold,target_delta_surface,main_stepA_common_sample,2022-09-30,2026-05-27,881,D50,0.5,0.8,Q80,0.2302828764274807,0.061143585580493154,0.06525622386457104,0.10850564582146024,0.6014085568593028,0.5635060288116379,0.9328511201928126,0.41587753646291126,0.14702305419169004,2023-08-04,2024-01-22,2025-03-19,389,0.6136363636363636,-0.06255174169429112,0.07502403671572822,-0.01962615381819792,-0.10631419487211916,1.0808141948721188,0.6590909090909091,0.4772727272727273,0.021209964412811387,0.0908324697754753,0.19067357512953367,30.34090909090909,0.48476991760064636,0.47794667898832777,0.0038824081116485302,0.005035783885491529,44,0,0.7999999999999999,continuous_30d_daily_mtm_target_delta,-0.010923210399189198,0.11711308405183635,0.09483188040997415,core_target_delta_candidate,full_target_delta_surface,portfolio_candidate,D10;D20;D30;D40;D50,Q10;Q20;Q30;Q40;Q50;Q60;Q70;Q80;Q90;Q100,True
510300,510300_DTE30_D50_Q90_Hold,target_delta_surface,main_stepA_common_sample,2022-09-30,2026-05-27,881,D50,0.5,0.9,Q90,0.22235769916999892,0.059181595519174124,0.06280016683135647,0.10275965406005601,0.6111364173594246,0.5759224868992505,0.9269940815110435,0.42910866726359104,0.13791750210167697,2023-08-04,2024-01-22,2025-06-11,444,0.6363636363636364,-0.060463742369052054,0.05999194110684836,-0.02207942304547264,-0.1063141948721193,1.0808141948721193,0.6590909090909091,0.4772727272727273,0.023861209964412808,0.10218652849740971,0.21450777202072538,30.34090909090909,0.48476991760064636,0.47794667898832777,0.0038824081116485302,0.005035783885491529,44,0,0.9000000000000002,continuous_30d_daily_mtm_target_delta,-0.012885200460508228,0.1268409445519581,0.10393743249998721,core_target_delta_candidate,full_target_delta_surface,portfolio_candidate,D10;D20;D30;D40;D50,Q10;Q20;Q30;Q40;Q50;Q60;Q70;Q80;Q90;Q100,True
510300,510300_DTE30_D50_Q100_Hold,target_delta_surface,main_stepA_common_sample,2022-09-30,2026-05-27,881,D50,0.5,1.0,Q100,0.21394191743946367,0.057088185726985596,0.060344109798141136,0.09799277044370215,0.6158016507228913,0.582575484584175,0.9152115818366366,0.44348084839048024,0.12872751085909362,2023-08-04,2024-01-22,2025-06-11,444,0.6363636363636364,-0.058373249176095876,0.05583821486722185,-0.024532692272747382,-0.10631419487211922,1.0808141948721193,0.6590909090909091,0.4772727272727273,0.026512455516014232,0.11354058721934411,0.23834196891191708,30.34090909090909,0.48476991760064636,0.47794667898832777,0.0038824081116485302,0.005035783885491529,44,0,1.0,continuous_30d_daily_mtm_target_delta,-0.014978610252696756,0.1315061779154248,0.11312742374257057,core_target_delta_candidate,full_target_delta_surface,portfolio_candidate,D10;D20;D30;D40;D50,Q10;Q20;Q30;Q40;Q50;Q60;Q70;Q80;Q90;Q100,True
510500,510500_ETF_BuyHold,buyhold,main_stepA_common_sample,2022-09-30,2026-05-27,881,BuyHold,,0.0,Q0,0.5077892525818308,0.12478696608590023,0.14142443341933933,0.21875401194590507,0.6464998386146705,0.5704442399747089,1.126392212067434,0.4137202280625724,0.30162162162162165,2023-04-07,2024-09-13,2025-08-12,568,0.5,-0.1333574922993298,0.27228353140916806,0.0,,,,,0.0,0.0,0.0,,,,,,0,0,0.0,continuous_30d_daily_mtm_target_delta,0.0,0.0,0.0,buyhold_preferred,buyhold_after_surface_check,portfolio_candidate,,,False
510500,510500_DTE30_D10_Q10_Hold,target_delta_surface,main_stepA_common_sample,2022-09-30,2026-05-27,881,D10,0.1,0.1,Q10,0.4978175144038517,0.12265173003803875,0.13871398288823525,0.21489873043423346,0.6454853530681355,0.5707419945674108,1.117819389905006,0.40999488724499006,0.2991542915625407,2023-04-07,2024-09-13,2025-08-13,569,0.5,-0.1329073735043692,0.25471340622797745,-0.0027073739697746645,-0.9341289696650116,1.9086289696650114,0.9318181818181818,0.06818181818181818,0.0005026409950587836,0.0071672553500935175,0.020820693953874925,30.34090909090909,0.0886362658013943,0.08887888082020245,0.08780775986921142,0.08590441569648455,44,0,0.09999999999999999,continuous_30d_daily_mtm_target_delta,-0.0021352360478614774,-0.0010144855465350489,0.002467330059080952,buyhold_preferred,buyhold_after_surface_check,portfolio_candidate,,,False
510500,510500_DTE30_D10_Q20_Hold,target_delta_surface,main_stepA_common_sample,2022-09-30,2026-05-27,881,D10,0.1,0.2,Q20,0.4876131506218149,0.1204561537778428,0.1360035323571315,0.21126251181417624,0.643765574825497,0.5701728751752912,1.1079522744385988,0.40534512338608214,0.29716936711018727,2023-04-07,2024-02-05,2025-08-13,569,0.5,-0.13245711654747017,0.23727000463851922,-0.005414747939549329,-0.9341289696650116,1.9086289696650114,0.9318181818181818,0.06818181818181818,0.0010052819901175672,0.014334510700187035,0.04164138790774985,30.34090909090909,0.0886362658013943,0.08887888082020245,0.08780775986921142,0.08590441569648455,44,0,0.19999999999999998,continuous_30d_daily_mtm_target_delta,-0.00433081230805743,-0.002734263789173519,0.004452254511434384,buyhold_preferred,buyhold_after_surface_check,portfolio_candidate,,,False
510500,510500_DTE30_D10_Q30_Hold,target_delta_surface,main_stepA_common_sample,2022-09-30,2026-05-27,881,D10,0.1,0.3,Q30,0.4771804643835533,0.11820031193740821,0.13329308182602717,0.20785685317015185,0.641273452345174,0.5686620870789827,1.0967529227558888,0.39939955530663923,0.29594502639508413,2023-04-07,2024-02-05,2025-08-13,569,0.5,-0.13200672144025416,0.21995314929468912,-0.008122121909323992,-0.9341289696650112,1.9086289696650112,0.9318181818181818,0.06818181818181818,0.0015079229851763507,0.02150176605028055,0.062462081861624774,30.34090909090909,0.0886362658013943,0.08887888082020245,0.08780775986921142,0.08590441569648455,44,0,0.29999999999999993,continuous_30d_daily_mtm_target_delta,-0.006586654148492022,-0.0052263862694965635,0.0056765952265375175,buyhold_preferred,buyhold_after_surface_check,portfolio_candidate,,,False
510500,510500_DTE30_D10_Q40_Hold,target_delta_surface,main_stepA_common_sample,2022-09-30,2026-05-27,881,D10,0.1,0.4,Q40,0.4665238319745646,0.1158842774246367,0.13058263129492337,0.20469326290216458,0.6379429857314689,0.5661362556911552,1.0842059682654905,0.39318461120824294,0.2947324847443247,2023-04-17,2024-02-05,2025-08-13,563,0.5,-0.1315561881943862,0.20276266221095263,-0.010829495879098658,-0.9341289696650116,1.9086289696650114,0.9318181818181818,0.06818181818181818,0.0020105639802351343,0.02866902140037407,0.0832827758154997,30.34090909090909,0.0886362658013943,0.08887888082020245,0.08780775986921142,0.08590441569648455,44,0,0.39999999999999997,continuous_30d_daily_mtm_target_delta,-0.008902688661263536,-0.008556852883201627,0.006889136877296975,buyhold_preferred,buyhold_after_surface_check,portfolio_candidate,,,False
510500,510500_DTE30_D10_Q50_Hold,target_delta_surface,main_stepA_common_sample,2022-09-30,2026-05-27,881,D10,0.1,0.5,Q50,0.4556477007504731,0.11350812137421662,0.12787218076381957,0.2017831268992646,0.6337109684481037,0.562525336575257,1.0702565424536277,0.38662051052862045,0.2935905320155381,2023-04-17,2024-02-05,2025-08-15,565,0.5,-0.13110551682157412,0.1856983647618755,-0.013536869848873324,-0.9341289696650115,1.9086289696650112,0.9318181818181818,0.06818181818181818,0.002513204975293918,0.035836276750467584,0.10410346976937462,30.34090909090909,0.0886362658013943,0.08887888082020245,0.08780775986921142,0.08590441569648455,44,0,0.5,continuous_30d_daily_mtm_target_delta,-0.011278844711683611,-0.012788870166566824,0.008031089606083563,buyhold_preferred,buyhold_after_surface_check,portfolio_candidate,,,False
510500,510500_DTE30_D10_Q60_Hold,target_delta_surface,main_stepA_common_sample,2022-09-30,2026-05-27,881,D10,0.1,0.6,Q60,0.4445565870372745,0.11107191309362552,0.12516173023271523,0.19913755718329038,0.6285189594723901,0.5577647665497504,1.0548769131014286,0.37980123747041594,0.2924474755095481,2023-04-17,2024-02-05,2025-08-15,565,0.5,-0.1306547073335722,0.16876007768166268,-0.016244243818647985,-0.9341289696650112,1.9086289696650112,0.9318181818181818,0.06818181818181818,0.0030158459703527015,0.0430035321005611,0.12492416372324955,30.34090909090909,0.0886362658013943,0.08887888082020245,0.08780775986921142,0.08590441569648455,44,0,0.5999999999999999,continuous_30d_daily_mtm_target_delta,-0.013715052992274712,-0.017980879142280415,0.009174146112073567,buyhold_preferred,buyhold_after_surface_check,portfolio_candidate,,,False
510500,510500_DTE30_D10_Q70_Hold,target_delta_surface,main_stepA_common_sample,2022-09-30,2026-05-27,881,D10,0.1,0.7,Q70,0.43325507400045793,0.10857572000401872,0.12245127970161168,0.19676722546345274,0.6223154258195078,0.5517977892318526,1.0381809665304442,0.37272394134846204,0.2913033158299605,2023-04-17,2024-02-05,2025-08-18,566,0.5,-0.1302037597421779,0.15194762106368231,-0.018951617788422657,-0.9341289696650115,1.9086289696650114,0.9318181818181818,0.06818181818181818,0.0035184869654114846,0.05017078745065462,0.14574485767712447,30.34090909090909,0.0886362658013943,0.08887888082020245,0.08780775986921142,0.08590441569648455,44,0,0.7000000000000001,continuous_30d_daily_mtm_target_delta,-0.016211246081881514,-0.024184412795162702,0.010318305791661153,buyhold_preferred,buyhold_after_surface_check,portfolio_candidate,,,False
510500,510500_DTE30_D10_Q80_Hold,target_delta_surface,main_stepA_common_sample,2022-09-30,2026-05-27,881,D10,0.1,0.8,Q80,0.42174780948399215,0.10601960757583218,0.11974082917050703,0.1946821853899728,0.615057967069001,0.5445778583359419,1.0200503231821139,0.3653857139784907,0.29015805358518554,2023-04-17,2024-02-05,2025-08-18,566,0.5,-0.12975267405923385,0.13526081436000092,-0.021658991758197316,-0.9341289696650116,1.9086289696650114,0.9318181818181818,0.06818181818181818,0.004021127960470269,0.05733804280074814,0.1665655516309994,30.34090909090909,0.0886362658013943,0.08887888082020245,0.08780775986921142,0.08590441569648455,44,0,0.7999999999999999,continuous_30d_daily_mtm_target_delta,-0.018767358510068055,-0.031441871545669575,0.011463568036436111,buyhold_preferred,buyhold_after_surface_check,portfolio_candidate,,,False
510500,510500_DTE30_D10_Q90_Hold,target_delta_surface,main_stepA_common_sample,2022-09-30,2026-05-27,881,D10,0.1,0.9,Q90,0.4100395038203428,0.10340363925894103,0.11703037863940463,0.19289168866444112,0.606715506768119,0.5360709939080082,1.000585983637514,0.35778358819239825,0.2890116893884347,2023-04-17,2024-02-05,2025-08-20,568,0.5,-0.1293014502966252,0.13115115425591672,-0.024366365727971982,-0.9341289696650115,1.9086289696650112,0.9318181818181818,0.06818181818181818,0.004523768955529053,0.06450529815084166,0.18738624558487432,30.34090909090909,0.0886362658013943,0.08887888082020245,0.08780775986921142,0.08590441569648455,44,0,0.9000000000000002,continuous_30d_daily_mtm_target_delta,-0.021383326826959204,-0.0397843318465515,0.01260993223318696,buyhold_preferred,buyhold_after_surface_check,portfolio_candidate,,,False
510500,510500_DTE30_D10_Q100_Hold,target_delta_surface,main_stepA_common_sample,2022-09-30,2026-05-27,881,D10,0.1,1.0,Q100,0.39813492761251834,0.10072787640716796,0.11431992810829958,0.19140400141950298,0.597270314415961,0.526257944766793,0.9798948554980623,0.34991453629523805,0.287864223857735,2023-04-17,2024-02-05,2025-08-20,568,0.5,-0.1288500884662822,0.13082254064468346,-0.027073739697746648,-0.9341289696650115,1.9086289696650112,0.9318181818181818,0.06818181818181818,0.005026409950587836,0.07167255350093517,0.20820693953874925,30.34090909090909,0.0886362658013943,0.08887888082020245,0.08780775986921142,0.08590441569648455,44,0,1.0,continuous_30d_daily_mtm_target_delta,-0.02405908967873227,-0.04922952419870952,0.013757397763886625,buyhold_preferred,buyhold_after_surface_check,portfolio_candidate,,,False
510500,510500_DTE30_D20_Q10_Hold,target_delta_surface,main_stepA_common_sample,2022-09-30,2026-05-27,881,D20,0.2,0.1,Q10,0.49653565406084677,0.12237651168490049,0.13805112129970204,0.21290300186181596,0.6484226154279575,0.5747993716139738,1.118637102032182,0.41424159146815553,0.2954230434736732,2023-04-07,2024-02-05,2025-08-12,568,0.5,-0.1312719590034559,0.2501858246352884,-0.0033694831614994097,-0.5053995514722028,1.4798995514722029,0.8863636363636364,0.22727272727272727,0.0010103935934571478,0.011000207770621252,0.02561603989195928,30.34090909090909,0.18859925249800752,0.18365779974630814,0.05369409948656865,0.053094912822153284,44,0,0.09999999999999999,continuous_30d_daily_mtm_target_delta,-0.0024104544009997397,0.0019227768132870082,0.006198578147948441,buyhold_preferred,buyhold_after_surface_check,portfolio_candidate,,,False
510500,510500_DTE30_D20_Q20_Hold,target_delta_surface,main_stepA_common_sample,2022-09-30,2026-05-27,881,D20,0.2,0.2,Q20,0.4849166777775915,0.11987418475610867,0.13467780918006456,0.2073323381894493,0.649574544695498,0.5781740841921823,1.1092597131993955,0.41124399834970393,0.29149163328135164,2023-04-17,2024-02-05,2025-08-12,562,0.5,-0.12918271400963832,0.22831007453384533,-0.006738966322998819,-0.5053995514722028,1.4798995514722029,0.8863636363636364,0.22727272727272727,0.0020207871869142957,0.022000415541242505,0.05123207978391856,30.34090909090909,0.18859925249800752,0.18365779974630814,0.05369409948656865,0.053094912822153284,44,0,0.19999999999999998,continuous_30d_daily_mtm_target_delta,-0.00491278132979156,0.003074706080827494,0.010129988340270013,buyhold_preferred,buyhold_after_surface_check,portfolio_candidate,,,False
510500,510500_DTE30_D20_Q30_Hold,target_delta_surface,main_stepA_common_sample,2022-09-30,2026-05-27,881,D20,0.2,0.3,Q30,0.47293963023663976,0.11728007301301768,0.13130449706042802,0.20206520856996749,0.6498124936483674,0.5804070569249336,1.0981532951275623,0.407837482694816,0.2875657044518837,2023-04-17,2024-02-05,2025-08-12,562,0.5,-0.1270897543606614,0.20665561422313128,-0.010108449484498225,-0.5053995514722031,1.4798995514722029,0.8863636363636364,0.22727272727272727,0.0030311807803714438,0.03300062331186376,0.07684811967587783,30.34090909090909,0.18859925249800752,0.18365779974630814,0.05369409948656865,0.053094912822153284,44,0,0.29999999999999993,continuous_30d_daily_mtm_target_delta,-0.007506893072882548,0.003312655033696821,0.014055917169737975,buyhold_preferred,buyhold_after_surface_check,portfolio_candidate,,,False
510500,510500_DTE30_D20_Q40_Hold,target_delta_surface,main_stepA_common_sample,2022-09-30,2026-05-27,881,D20,0.2,0.4,Q40,0.46061205118385806,0.11459427092104191,0.12793118494078956,0.19712594544537565,0.6489819726761427,0.5813251556619492,1.0852628431177969,0.40403927536428996,0.2836216128190048,2023-04-17,2024-02-05,2025-08-12,562,0.5,-0.12499307710848018,0.1852217737039219,-0.013477932645997639,-0.5053995514722028,1.4798995514722029,0.8863636363636364,0.22727272727272727,0.004041574373828591,0.04400083108248501,0.10246415956783712,30.34090909090909,0.18859925249800752,0.18365779974630814,0.05369409948656865,0.053094912822153284,44,0,0.39999999999999997,continuous_30d_daily_mtm_target_delta,-0.010192695164858323,0.00248213406147213,0.018000008802616874,buyhold_preferred,buyhold_after_surface_check,portfolio_candidate,,,False
510500,510500_DTE30_D20_Q50_Hold,target_delta_surface,main_stepA_common_sample,2022-09-30,2026-05-27,881,D20,0.2,0.5,Q50,0.44794170721536597,0.11181687963359876,0.12455787282115116,0.19253978295155136,0.6469201892291194,0.5807468873159328,1.0705006014112843,0.3998325128317982,0.2796592974434722,2023-04-17,2024-02-05,2025-08-13,563,0.5,-0.12289267931426495,0.16400787985912535,-0.016847415807497046,-0.505399551472203,1.4798995514722026,0.8863636363636364,0.22727272727272727,0.0050519679672857394,0.05500103885310626,0.1280801994597964,30.34090909090909,0.18859925249800752,0.18365779974630814,0.05369409948656865,0.053094912822153284,44,0,0.5,continuous_30d_daily_mtm_target_delta,-0.012970086452301466,0.00042035061444889443,0.021962324178149473,buyhold_preferred,buyhold_after_surface_check,portfolio_candidate,,,False
510500,510500_DTE30_D20_Q60_Hold,target_delta_surface,main_stepA_common_sample,2022-09-30,2026-05-27,881,D20,0.2,0.6,Q60,0.43493658516068745,0.1089480069217339,0.1211845607015146,0.18833251835069884,0.6434606289066538,0.5784874958176845,1.0537829574079476,0.3951992227849566,0.27567869732632744,2023-04-17,2024-02-05,2025-08-13,563,0.5,-0.12078855804845401,0.1430132564534632,-0.02021689896899645,-0.5053995514722031,1.4798995514722029,0.8863636363636364,0.22727272727272727,0.0060623615607428875,0.06600124662372751,0.15369623935175566,30.34090909090909,0.18859925249800752,0.18365779974630814,0.05369409948656865,0.053094912822153284,44,0,0.5999999999999999,continuous_30d_daily_mtm_target_delta,-0.015838959164166333,-0.0030392097080167435,0.025942924295294212,buyhold_preferred,buyhold_after_surface_check,portfolio_candidate,,,False
510500,510500_DTE30_D20_Q70_Hold,target_delta_surface,main_stepA_common_sample,2022-09-30,2026-05-27,881,D20,0.2,0.7,Q70,0.421604885246625,0.10598776709706792,0.11781124858187664,0.184530069949563,0.6384392994273379,0.5743658316828103,1.0351307185372864,0.39012022996580464,0.2716797514098618,2023-04-17,2024-02-05,2025-08-13,563,0.5227272727272727,-0.11868071039080363,0.13130275850164153,-0.023586382130495864,-0.505399551472203,1.479899551472203,0.8863636363636364,0.22727272727272727,0.007072755154200035,0.07700145439434876,0.17931227924371496,30.34090909090909,0.18859925249800752,0.18365779974630814,0.05369409948656865,0.053094912822153284,44,0,0.7000000000000001,continuous_30d_daily_mtm_target_delta,-0.01879919898883231,-0.008060539187332627,0.02994187021175987,buyhold_preferred,buyhold_after_surface_check,portfolio_candidate,,,False
510500,510500_DTE30_D20_Q80_Hold,target_delta_surface,main_stepA_common_sample,2022-09-30,2026-05-27,881,D20,0.2,0.8,Q80,0.40795501404887546,0.10293628092787577,0.1144379364622396,0.18115793043875683,0.6317026043799229,0.5682129436926578,1.0147184506799223,0.38457505228420197,0.267662398578589,2023-04-17,2024-02-05,2025-08-13,563,0.5454545454545454,-0.1165691334304344,0.1306372038704957,-0.026955865291995278,-0.5053995514722028,1.4798995514722029,0.8863636363636364,0.22727272727272727,0.008083148747657183,0.08800166216497002,0.20492831913567425,30.34090909090909,0.18859925249800752,0.18365779974630814,0.05369409948656865,0.053094912822153284,44,0,0.7999999999999999,continuous_30d_daily_mtm_target_delta,-0.021850685158024463,-0.014797234234747658,0.03395922304303267,buyhold_preferred,buyhold_after_surface_check,portfolio_candidate,,,False
510500,510500_DTE30_D20_Q90_Hold,target_delta_surface,main_stepA_common_sample,2022-09-30,2026-05-27,881,D20,0.2,0.9,Q90,0.3939955772382959,0.09979367554800578,0.11106462434260245,0.17824052458435147,0.6231165701604613,0.5598820794581925,0.992500210535907,0.37854178601302674,0.2636265776602311,2023-04-17,2024-02-05,2025-08-15,565,0.5454545454545454,-0.11445382426588635,0.12995457429482382,-0.030325348453494688,-0.5053995514722031,1.4798995514722029,0.8863636363636364,0.22727272727272727,0.00909354234111433,0.09900186993559128,0.23054435902763354,30.34090909090909,0.18859925249800752,0.18365779974630814,0.05369409948656865,0.053094912822153284,44,0,0.9000000000000002,continuous_30d_daily_mtm_target_delta,-0.024993290537894453,-0.02338326845420924,0.03799504396139053,buyhold_preferred,buyhold_after_surface_check,portfolio_candidate,,,False
510500,510500_DTE30_D20_Q100_Hold,target_delta_surface,main_stepA_common_sample,2022-09-30,2026-05-27,881,D20,0.2,1.0,Q100,0.37973537212941544,0.09656008435842245,0.10769131222296441,0.17580049273350934,0.6125768508863649,0.5492594637080737,0.9686300167805804,0.371996978704858,0.2595722274266994,2023-04-17,2024-02-05,2025-08-15,565,0.5454545454545454,-0.11233478000516361,0.12925491474516004,-0.03369483161499409,-0.505399551472203,1.4798995514722026,0.8863636363636364,0.22727272727272727,0.010103935934571479,0.11000207770621252,0.2561603989195928,30.34090909090909,0.18859925249800752,0.18365779974630814,0.05369409948656865,0.053094912822153284,44,0,1.0,continuous_30d_daily_mtm_target_delta,-0.02822688172747778,-0.0339229877283056,0.04204939419492226,buyhold_preferred,buyhold_after_surface_check,portfolio_candidate,,,False
510500,510500_DTE30_D30_Q10_Hold,target_delta_surface,main_stepA_common_sample,2022-09-30,2026-05-27,881,D30,0.3,0.1,Q10,0.47120719292299507,0.11690359913032156,0.13278125839530808,0.21110321902460416,0.6289873693486047,0.5537745926872693,1.0819048738886279,0.3954298154744974,0.29563678446968567,2023-04-07,2024-02-05,2025-08-13,569,0.5,-0.13127195900345567,0.24868170732525763,-0.008633364382686422,-0.7528143915913535,1.7273143915913534,0.7045454545454546,0.3181818181818182,0.0027013601419278535,0.0118527443105757,0.02561603989195928,30.34090909090909,0.29653861550846644,0.2861309272995247,0.03234687920355373,0.03487882833258227,44,0,0.09999999999999999,continuous_30d_daily_mtm_target_delta,-0.007883366955578675,-0.017512469266065867,0.005984837151935984,buyhold_preferred,buyhold_after_surface_check,portfolio_candidate,,,False
510500,510500_DTE30_D30_Q20_Hold,target_delta_surface,main_stepA_common_sample,2022-09-30,2026-05-27,881,D30,0.3,0.2,Q20,0.43494359014301764,0.1089495571749195,0.12413808337127864,0.20375175437954932,0.6092614208368183,0.534717148849516,1.0338750499494995,0.37320785125998057,0.29192729147336205,2023-04-17,2024-02-05,2025-08-13,563,0.5,-0.1291827140096381,0.22535129438324852,-0.017266728765372844,-0.7528143915913535,1.7273143915913534,0.7045454545454546,0.3181818181818182,0.005402720283855707,0.0237054886211514,0.05123207978391856,30.34090909090909,0.29653861550846644,0.2861309272995247,0.03234687920355373,0.03487882833258227,44,0,0.19999999999999998,continuous_30d_daily_mtm_target_delta,-0.015837408910980733,-0.037238417777852195,0.0096943301482596,buyhold_preferred,buyhold_after_surface_check,portfolio_candidate,,,False
510500,510500_DTE30_D30_Q30_Hold,target_delta_surface,main_stepA_common_sample,2022-09-30,2026-05-27,881,D30,0.3,0.3,Q30,0.39901640077638767,0.10092655915993487,0.11549490834724961,0.19673317649296423,0.587063709365665,0.5130124006488773,0.9821949917815671,0.35015792407042134,0.28823154417501406,2023-04-17,2024-02-05,2025-08-15,565,0.5454545454545454,-0.1270897543606616,0.2022910000202356,-0.025900093148059262,-0.7528143915913537,1.7273143915913538,0.7045454545454546,0.3181818181818182,0.008104080425783559,0.0355582329317271,0.07684811967587783,30.34090909090909,0.29653861550846644,0.2861309272995247,0.03234687920355373,0.03487882833258227,44,0,0.29999999999999993,continuous_30d_daily_mtm_target_delta,-0.02386040692596536,-0.05943612924900554,0.013390077446607584,buyhold_preferred,buyhold_after_surface_check,portfolio_candidate,,,False
510500,510500_DTE30_D30_Q40_Hold,target_delta_surface,main_stepA_common_sample,2022-09-30,2026-05-27,881,D30,0.3,0.4,Q40,0.36344284628800216,0.09283632718141388,0.10685173332321854,0.19008436296379758,0.5621279502279151,0.48839539315022445,0.9268062652705923,0.326284142679903,0.2845260159409273,2023-04-17,2024-02-05,2025-08-18,566,0.5454545454545454,-0.12499307710848018,0.17949952802511282,-0.03453345753074569,-0.7528143915913535,1.7273143915913534,0.7045454545454546,0.3181818181818182,0.010805440567711414,0.0474109772423028,0.10246415956783712,30.34090909090909,0.29653861550846644,0.2861309272995247,0.03234687920355373,0.03487882833258227,44,0,0.39999999999999997,continuous_30d_daily_mtm_target_delta,-0.03195063890448635,-0.08437188838675547,0.017095605680694348,buyhold_preferred,buyhold_after_surface_check,portfolio_candidate,,,False
510500,510500_DTE30_D30_Q50_Hold,target_delta_surface,main_stepA_common_sample,2022-09-30,2026-05-27,881,D30,0.3,0.5,Q50,0.3282394077254587,0.08468058603326134,0.09820855829918695,0.18384543601560277,0.5341908965901775,0.46060749653896543,0.8676651026779976,0.30155748640265667,0.2808107569917565,2023-04-17,2024-02-05,2025-08-20,568,0.5681818181818182,-0.12289267931426462,0.1569755785823288,-0.04316682191343211,-0.7528143915913535,1.7273143915913531,0.7045454545454546,0.3181818181818182,0.013506800709639267,0.0592637215528785,0.1280801994597964,30.34090909090909,0.29653861550846644,0.2861309272995247,0.03234687920355373,0.03487882833258227,44,0,0.5,continuous_30d_daily_mtm_target_delta,-0.04010638005263889,-0.11230894202449304,0.020810864629865145,buyhold_preferred,buyhold_after_surface_check,portfolio_candidate,,,False
510500,510500_DTE30_D30_Q60_Hold,target_delta_surface,main_stepA_common_sample,2022-09-30,2026-05-27,881,D30,0.3,0.6,Q60,0.293421821572571,0.07646106274650344,0.08956538327515672,0.1780594862237191,0.5030082090803305,0.42941302577069973,0.8048316948866718,0.275947225388807,0.27708581827112244,2023-04-17,2024-02-05,2025-08-25,571,0.5909090909090909,-0.12078855804845412,0.13471784831575384,-0.051800186296118524,-0.7528143915913537,1.7273143915913538,0.7045454545454546,0.3181818181818182,0.016208160851567118,0.0711164658634542,0.15369623935175566,30.34090909090909,0.29653861550846644,0.2861309272995247,0.03234687920355373,0.03487882833258227,44,0,0.5999999999999999,continuous_30d_daily_mtm_target_delta,-0.04832590333939679,-0.14349162953434003,0.024535803350499208,buyhold_preferred,buyhold_after_surface_check,portfolio_candidate,,,False
510500,510500_DTE30_D30_Q70_Hold,target_delta_surface,main_stepA_common_sample,2022-09-30,2026-05-27,881,D30,0.3,0.7,Q70,0.25900507678704354,0.06817948612585445,0.08092220825112556,0.17277202873965422,0.46837563256877174,0.39462108897611187,0.7383581981518204,0.24942079381302162,0.2733512514476448,2023-04-17,2024-02-05,2025-08-28,574,0.5909090909090909,-0.11868071039080297,0.12580277099107495,-0.06043355067880495,-0.7528143915913535,1.7273143915913531,0.7045454545454546,0.3181818181818182,0.018909520993494973,0.08296921017402989,0.17931227924371496,30.34090909090909,0.29653861550846644,0.2861309272995247,0.03234687920355373,0.03487882833258227,44,0,0.7000000000000001,continuous_30d_daily_mtm_target_delta,-0.05660747996004578,-0.1781242060458988,0.028270370173976822,buyhold_preferred,buyhold_after_surface_check,portfolio_candidate,,,False
510500,510500_DTE30_D30_Q80_Hold,target_delta_surface,main_stepA_common_sample,2022-09-30,2026-05-27,881,D30,0.3,0.8,Q80,0.22500341300350968,0.05983758628372149,0.07227903322709633,0.16803012880269544,0.4301551974168151,0.35611224433437205,0.6685822853940148,0.2219436517238062,0.2696071089169304,2023-04-17,2024-02-05,2025-09-01,576,0.5909090909090909,-0.11656913343043407,0.12435203097582148,-0.06906691506149137,-0.7528143915913535,1.7273143915913534,0.7045454545454546,0.3181818181818182,0.021610881135422828,0.0948219544846056,0.20492831913567425,30.34090909090909,0.29653861550846644,0.2861309272995247,0.03234687920355373,0.03487882833258227,44,0,0.7999999999999999,continuous_30d_daily_mtm_target_delta,-0.06494937980217874,-0.2163446411978554,0.032014512704691245,buyhold_preferred,buyhold_after_surface_check,portfolio_candidate,,,False
510500,510500_DTE30_D30_Q90_Hold,target_delta_surface,main_stepA_common_sample,2022-09-30,2026-05-27,881,D30,0.3,0.9,Q90,0.1914303198809082,0.05143709417167952,0.06363585820306615,0.16388115036866896,0.388304927442297,0.3138682762231412,0.5957009188476632,0.1934791343522723,0.2658534438035407,2023-04-17,2024-02-05,2025-09-16,587,0.5909090909090909,-0.1144538242658859,0.12288445037825357,-0.07770027944417779,-0.7528143915913534,1.7273143915913536,0.7045454545454546,0.3181818181818182,0.024312241277350682,0.1066746987951813,0.23054435902763354,30.34090909090909,0.29653861550846644,0.2861309272995247,0.03234687920355373,0.03487882833258227,44,0,0.9000000000000002,continuous_30d_daily_mtm_target_delta,-0.07334987191422071,-0.25819491117237353,0.03576817781808095,buyhold_preferred,buyhold_after_surface_check,portfolio_candidate,,,False
510500,510500_DTE30_D30_Q100_Hold,target_delta_surface,main_stepA_common_sample,2022-09-30,2026-05-27,881,D30,0.3,1.0,Q100,0.15829853757190526,0.04297974110956315,0.05499268317903544,0.16037111864964818,0.34290889557972215,0.2680017541279241,0.5203360452299672,0.16398828753204703,0.26209030996292304,2023-04-17,2024-02-05,2025-09-30,597,0.5909090909090909,-0.11233478000516339,0.12140010826495606,-0.08633364382686422,-0.7528143915913535,1.7273143915913531,0.7045454545454546,0.3181818181818182,0.027013601419278534,0.118527443105757,0.2561603989195928,30.34090909090909,0.29653861550846644,0.2861309272995247,0.03234687920355373,0.03487882833258227,44,0,1.0,continuous_30d_daily_mtm_target_delta,-0.08180722497633708,-0.3035909430349484,0.03953131165869861,buyhold_preferred,buyhold_after_surface_check,portfolio_candidate,,,False
510500,510500_DTE30_D40_Q10_Hold,target_delta_surface,main_stepA_common_sample,2022-09-30,2026-05-27,881,D40,0.4,0.1,Q10,0.4647595658510215,0.11549968696084845,0.13107855286898223,0.20895404983148852,0.6273080276486186,0.5527516076093928,1.0759511031521198,0.3936582449560062,0.29340090914076056,2023-04-07,2024-09-13,2025-08-13,569,0.5,-0.13041490240615072,0.2460439310144058,-0.01033413721261463,-0.5992959238593072,1.5737959238593073,0.6590909090909091,0.4318181818181818,0.003136546184738956,0.012783448775363257,0.02690421774361106,30.34090909090909,0.38899361635525553,0.3844640321601509,0.017710582749058887,0.017506344117146688,44,0,0.09999999999999999,continuous_30d_daily_mtm_target_delta,-0.009287279125051784,-0.019191810966051936,0.008220712480861092,buyhold_preferred,buyhold_after_surface_check,portfolio_candidate,,,False
510500,510500_DTE30_D40_Q20_Hold,target_delta_surface,main_stepA_common_sample,2022-09-30,2026-05-27,881,D40,0.4,0.2,Q20,0.42220475364384713,0.10612138968810925,0.120732672318627,0.19946922728295324,0.6052696647155703,0.5320188539035787,1.02065535837356,0.37019839394180465,0.2866608592169948,2023-04-17,2024-02-05,2025-08-15,565,0.5,-0.12746753362376528,0.22014941925734677,-0.02066827442522926,-0.5992959238593072,1.5737959238593073,0.6590909090909091,0.4318181818181818,0.006273092369477912,0.025566897550726515,0.05380843548722212,30.34090909090909,0.38899361635525553,0.3844640321601509,0.017710582749058887,0.017506344117146688,44,0,0.19999999999999998,continuous_30d_daily_mtm_target_delta,-0.018665576397790984,-0.04123017389910022,0.014960762404626848,buyhold_preferred,buyhold_after_surface_check,portfolio_candidate,,,False
510500,510500_DTE30_D40_Q30_Hold,target_delta_surface,main_stepA_common_sample,2022-09-30,2026-05-27,881,D40,0.4,0.3,Q30,0.38015216757651915,0.09665493290123983,0.11038679176827179,0.19034665959260744,0.5799250273397439,0.5077837095124608,0.9602282861059418,0.3448338936314135,0.28029417840391435,2023-04-17,2024-02-05,2025-08-18,566,0.5681818181818182,-0.12451540772962355,0.194598139634792,-0.03100241163784387,-0.5992959238593072,1.5737959238593076,0.6590909090909091,0.4318181818181818,0.009409638554216867,0.03835034632608977,0.08071265323083317,30.34090909090909,0.38899361635525553,0.3844640321601509,0.017710582749058887,0.017506344117146688,44,0,0.29999999999999993,continuous_30d_daily_mtm_target_delta,-0.0281320331846604,-0.06657481127492659,0.021327443217707298,buyhold_preferred,buyhold_after_surface_check,portfolio_candidate,,,False
510500,510500_DTE30_D40_Q40_Hold,target_delta_surface,main_stepA_common_sample,2022-09-30,2026-05-27,881,D40,0.4,0.4,Q40,0.33862775808789114,0.0871031858094693,0.100040911217915,0.1816409356301513,0.5507619241821877,0.4795349985799715,0.8943915167268024,0.3180194779265795,0.27389261304799273,2023-04-17,2024-02-05,2025-08-20,568,0.5909090909090909,-0.12155854673490751,0.16938822342760584,-0.04133654885045852,-0.5992959238593072,1.5737959238593073,0.6590909090909091,0.4318181818181818,0.012546184738955824,0.05113379510145303,0.10761687097444424,30.34090909090909,0.38899361635525553,0.3844640321601509,0.017710582749058887,0.017506344117146688,44,0,0.39999999999999997,continuous_30d_daily_mtm_target_delta,-0.037683780276430934,-0.0957379144324828,0.02772900857362892,buyhold_preferred,buyhold_after_surface_check,portfolio_candidate,,,False
510500,510500_DTE30_D40_Q50_Hold,target_delta_surface,main_stepA_common_sample,2022-09-30,2026-05-27,881,D40,0.4,0.5,Q50,0.29765606438853576,0.07746902697176128,0.08969503066755792,0.17341484558265718,0.517228097549499,0.44672661507999967,0.82289787170808,0.289651213414185,0.2674562487020723,2023-04-17,2024-02-05,2025-08-25,571,0.5909090909090909,-0.11859697288570459,0.14451778984830943,-0.05167068606307313,-0.5992959238593072,1.5737959238593073,0.6590909090909091,0.4318181818181818,0.01568273092369478,0.06391724387681627,0.1345210887180553,30.34090909090909,0.38899361635525553,0.3844640321601509,0.017710582749058887,0.017506344117146688,44,0,0.5,continuous_30d_daily_mtm_target_delta,-0.04731793911413895,-0.12927174106517147,0.03416537291954935,buyhold_preferred,buyhold_after_surface_check,portfolio_candidate,,,False
510500,510500_DTE30_D40_Q60_Hold,target_delta_surface,main_stepA_common_sample,2022-09-30,2026-05-27,881,D40,0.4,0.6,Q60,0.25726020766111235,0.06775534306871345,0.07934915011720153,0.16573982120674594,0.4787573049099674,0.4088054552936592,0.7457390542229804,0.2596137616954237,0.2609851751549417,2023-04-17,2024-02-05,2025-08-28,574,0.5909090909090909,-0.11563070866419123,0.11998494618944,-0.06200482327568774,-0.5992959238593072,1.5737959238593076,0.6590909090909091,0.4318181818181818,0.018819277108433733,0.07670069265217953,0.16142530646166633,30.34090909090909,0.38899361635525553,0.3844640321601509,0.017710582749058887,0.017506344117146688,44,0,0.5999999999999999,continuous_30d_daily_mtm_target_delta,-0.05703162301718678,-0.16774253370470316,0.040636446466679965,buyhold_preferred,buyhold_after_surface_check,portfolio_candidate,,,False
510500,510500_DTE30_D40_Q70_Hold,target_delta_surface,main_stepA_common_sample,2022-09-30,2026-05-27,881,D40,0.4,0.7,Q70,0.2174618874519474,0.057965027672960856,0.0690032695668458,0.15869583640460974,0.43481461851913733,0.36525865445627476,0.6629290672745433,0.22777878279423003,0.254479486464396,2023-04-17,2024-02-05,2025-09-11,584,0.5909090909090909,-0.11265977678981909,0.09578778797267717,-0.07233896048830239,-0.5992959238593073,1.5737959238593069,0.6590909090909091,0.4318181818181818,0.02195582329317269,0.08948414142754278,0.1883295242052774,30.34090909090909,0.38899361635525553,0.3844640321601509,0.017710582749058887,0.017506344117146688,44,0,0.7000000000000001,continuous_30d_daily_mtm_target_delta,-0.06682193841293937,-0.2116852200955332,0.04714213515722565,buyhold_preferred,buyhold_after_surface_check,portfolio_candidate,,,False
510500,510500_DTE30_D40_Q80_Hold,target_delta_surface,main_stepA_common_sample,2022-09-30,2026-05-27,881,D40,0.4,0.8,Q80,0.17828138118601378,0.04810098001871288,0.058657389016489224,0.1523704339561993,0.38496568850982593,0.3156844721761446,0.5747964580633975,0.19400306327684613,0.24793928098996998,2023-04-17,2024-02-05,2025-09-30,597,0.5909090909090909,-0.10968420022050407,0.08719710511561218,-0.08267309770091703,-0.5992959238593072,1.5737959238593073,0.6590909090909091,0.4318181818181818,0.025092369477911648,0.10226759020290606,0.21523374194888847,30.34090909090909,0.38899361635525553,0.3844640321601509,0.017710582749058887,0.017506344117146688,44,0,0.7999999999999999,continuous_30d_daily_mtm_target_delta,-0.07668598606718735,-0.2615341501048446,0.05368234063165167,buyhold_preferred,buyhold_after_surface_check,portfolio_candidate,,,False
510500,510500_DTE30_D40_Q90_Hold,target_delta_surface,main_stepA_common_sample,2022-09-30,2026-05-27,881,D40,0.4,0.9,Q90,0.13973754673032146,0.03816610377108032,0.04831150846613364,0.14685649556342262,0.3289708656112488,0.25988706610936113,0.4818238118155613,0.15812631205283484,0.24136466142540436,2023-04-17,2024-02-05,2025-12-26,654,0.6136363636363636,-0.10670400215382236,0.08115570620113322,-0.09300723491353163,-0.5992959238593073,1.5737959238593076,0.6590909090909091,0.4318181818181818,0.028228915662650605,0.11505103897826931,0.24213795969249954,30.34090909090909,0.38899361635525553,0.3844640321601509,0.017710582749058887,0.017506344117146688,44,0,0.9000000000000002,continuous_30d_daily_mtm_target_delta,-0.08662086231481991,-0.31752897300342176,0.06025696019621729,buyhold_preferred,buyhold_after_surface_check,portfolio_candidate,,,False
510500,510500_DTE30_D40_Q100_Hold,target_delta_surface,main_stepA_common_sample,2022-09-30,2026-05-27,881,D40,0.4,1.0,Q100,0.10184782792372093,0.028163305795789517,0.037965627915777546,0.14224841625714463,0.2668966651069528,0.19798677930359718,0.38461603920868753,0.11996855291348296,0.23475573483077594,2023-04-17,2024-02-05,2026-01-05,658,0.6363636363636364,-0.1037192060282055,0.07511388253815277,-0.10334137212614626,-0.5992959238593072,1.5737959238593073,0.6590909090909091,0.4318181818181818,0.03136546184738956,0.12783448775363254,0.2690421774361106,30.34090909090909,0.38899361635525553,0.3844640321601509,0.017710582749058887,0.017506344117146688,44,0,1.0,continuous_30d_daily_mtm_target_delta,-0.09662366029011071,-0.3796031735077177,0.06686588679084571,buyhold_preferred,buyhold_after_surface_check,portfolio_candidate,,,False
510500,510500_DTE30_D50_Q10_Hold,target_delta_surface,main_stepA_common_sample,2022-09-30,2026-05-27,881,D50,0.5,0.1,Q10,0.4625966707120497,0.11502774847018737,0.13031965576105842,0.20733411737332091,0.628549017460585,0.5547941165084332,1.0775420112259466,0.39826604153822903,0.2888213818730664,2023-04-07,2024-02-05,2025-08-12,568,0.5,-0.13041490240615095,0.2445881299261936,-0.011092172916330028,-0.4712631398169492,1.445763139816949,0.6363636363636364,0.5227272727272727,0.0041072447233314316,0.014238018741633258,0.02810720964055683,30.34090909090909,0.4936789828429774,0.49705377901126785,0.004100684367571267,0.0038075891606292878,44,0,0.09999999999999999,continuous_30d_daily_mtm_target_delta,-0.009759217615712856,-0.017950821154085528,0.012800239748555264,buyhold_preferred,buyhold_after_surface_check,portfolio_candidate,,,False
510500,510500_DTE30_D50_Q20_Hold,target_delta_surface,main_stepA_common_sample,2022-09-30,2026-05-27,881,D50,0.5,0.2,Q20,0.41783186024485053,0.10514639000864778,0.1192148781027785,0.19624300245950896,0.6074860076979115,0.5357968879952434,1.0228885670289196,0.37836528635177663,0.2778965031979448,2023-04-07,2024-02-05,2025-08-12,568,0.5227272727272727,-0.12746753362376517,0.21728440617777656,-0.022184345832660057,-0.4712631398169492,1.445763139816949,0.6363636363636364,0.5227272727272727,0.008214489446662863,0.028476037483266516,0.05621441928111366,30.34090909090909,0.4936789828429774,0.49705377901126785,0.004100684367571267,0.0038075891606292878,44,0,0.19999999999999998,continuous_30d_daily_mtm_target_delta,-0.019640576077252447,-0.03901383091675903,0.02372511842367686,buyhold_preferred,buyhold_after_surface_check,portfolio_candidate,,,False
510500,510500_DTE30_D50_Q30_Hold,target_delta_surface,main_stepA_common_sample,2022-09-30,2026-05-27,881,D50,0.5,0.3,Q30,0.37353576664950827,0.09514684379548988,0.10811010044449855,0.1855396375561722,0.5826792693381659,0.5128114135001699,0.9618796039217737,0.3563882910472563,0.26697522389385575,2023-04-17,2024-02-05,2025-08-12,562,0.5681818181818182,-0.1245154077296231,0.19037000106356272,-0.03327651874899008,-0.47126313981694923,1.4457631398169493,0.6363636363636364,0.5227272727272727,0.012321734169994296,0.04271405622489977,0.08432162892167049,30.34090909090909,0.4936789828429774,0.49705377901126785,0.004100684367571267,0.0038075891606292878,44,0,0.29999999999999993,continuous_30d_daily_mtm_target_delta,-0.029640122290410353,-0.06382056927650459,0.0346463977277659,buyhold_preferred,buyhold_after_surface_check,portfolio_candidate,,,False
510500,510500_DTE30_D50_Q40_Hold,target_delta_surface,main_stepA_common_sample,2022-09-30,2026-05-27,881,D50,0.5,0.4,Q40,0.3297473879826269,0.08503308932287035,0.09700532278621708,0.1752950640988862,0.5533830817477846,0.4850854743685315,0.8939660194400332,0.3322318827043176,0.25594500031337686,2023-04-17,2024-02-05,2025-08-12,562,0.5909090909090909,-0.12155854673490729,0.16384253932323078,-0.04436869166532011,-0.4712631398169492,1.445763139816949,0.6363636363636364,0.5227272727272727,0.016428978893325726,0.05695207496653303,0.11242883856222732,30.34090909090909,0.4936789828429774,0.49705377901126785,0.004100684367571267,0.0038075891606292878,44,0,0.39999999999999997,continuous_30d_daily_mtm_target_delta,-0.03975387676302988,-0.09311675686688592,0.04567662130824479,buyhold_preferred,buyhold_after_surface_check,portfolio_candidate,,,False
510500,510500_DTE30_D50_Q50_Hold,target_delta_surface,main_stepA_common_sample,2022-09-30,2026-05-27,881,D50,0.5,0.5,Q50,0.2865037393056229,0.07480913011977397,0.08590054512793749,0.1655944539928603,0.5187404714148286,0.45176108448051894,0.8186485164652367,0.3056131299200006,0.24478375696540433,2023-04-17,2024-02-05,2025-08-13,563,0.5909090909090909,-0.11859697288570425,0.13769962976227013,-0.05546086458165013,-0.4712631398169492,1.445763139816949,0.6363636363636364,0.5227272727272727,0.02053622361665716,0.07119009370816629,0.14053604820278415,30.34090909090909,0.4936789828429774,0.49705377901126785,0.004100684367571267,0.0038075891606292878,44,0,0.5,continuous_30d_daily_mtm_target_delta,-0.04997783596612626,-0.12775936719984193,0.05683786465621732,buyhold_preferred,buyhold_after_surface_check,portfolio_candidate,,,False
510500,510500_DTE30_D50_Q60_Hold,target_delta_surface,main_stepA_common_sample,2022-09-30,2026-05-27,881,D50,0.5,0.6,Q60,0.2438398235147734,0.06447899138402335,0.07479576746965752,0.15653896700744657,0.47780925669516827,0.41190377461067623,0.7356630375360943,0.27615246437040836,0.2334905521521492,2023-04-17,2024-02-05,2025-08-13,563,0.5909090909090909,-0.11563070866419123,0.11193886547907228,-0.06655303749798017,-0.47126313981694923,1.4457631398169493,0.6363636363636364,0.5227272727272727,0.02464346833998859,0.08542811244979955,0.16864325784334097,30.34090909090909,0.4936789828429774,0.49705377901126785,0.004100684367571267,0.0038075891606292878,44,0,0.5999999999999999,continuous_30d_daily_mtm_target_delta,-0.060307974701876876,-0.16869058191950226,0.06813106946947245,buyhold_preferred,buyhold_after_surface_check,portfolio_candidate,,,False
510500,510500_DTE30_D50_Q70_Hold,target_delta_surface,main_stepA_common_sample,2022-09-30,2026-05-27,881,D50,0.5,0.7,Q70,0.2017886085150673,0.05404671760928692,0.06369098981137714,0.14824687009555182,0.42962788873940766,0.3645724026041923,0.6448107356073928,0.24338302727105296,0.22206444802371406,2023-04-17,2024-02-05,2025-08-18,566,0.6136363636363636,-0.11265977678981898,0.08661522057891946,-0.07764521041431016,-0.4712631398169494,1.4457631398169497,0.6363636363636364,0.5227272727272727,0.02875071306332002,0.09966613119143279,0.1967504674838978,30.34090909090909,0.4936789828429774,0.49705377901126785,0.004100684367571267,0.0038075891606292878,44,0,0.7000000000000001,continuous_30d_daily_mtm_target_delta,-0.07074024847661331,-0.21687194987526287,0.0795571735979076,buyhold_preferred,buyhold_after_surface_check,portfolio_candidate,,,False
510500,510500_DTE30_D50_Q80_Hold,target_delta_surface,main_stepA_common_sample,2022-09-30,2026-05-27,881,D50,0.5,0.8,Q80,0.16038101064679,0.0435163702088428,0.05258621215309555,0.1408530514305614,0.3733409508633885,0.30894872185495936,0.546317890628982,0.20563491388353328,0.2116195610317878,2023-08-04,2024-02-05,2025-08-25,497,0.6363636363636364,-0.10968420022050396,0.07966235024036084,-0.08873738333064023,-0.4712631398169492,1.445763139816949,0.6363636363636364,0.5227272727272727,0.03285795778665145,0.11390414993306607,0.22485767712445465,30.34090909090909,0.4936789828429774,0.49705377901126785,0.004100684367571267,0.0038075891606292878,44,0,0.7999999999999999,continuous_30d_daily_mtm_target_delta,-0.08127059587705743,-0.27315888775128205,0.09000206058983384,buyhold_preferred,buyhold_after_surface_check,portfolio_candidate,,,False
510500,510500_DTE30_D50_Q90_Hold,target_delta_surface,main_stepA_common_sample,2022-09-30,2026-05-27,881,D50,0.5,0.9,Q90,0.11964588425320044,0.032892025137948755,0.041481434494816116,0.13450572851844397,0.3083990172889032,0.2445399575188983,0.44084287757141905,0.16152331503230133,0.20363639225316188,2023-08-04,2024-02-05,2025-09-01,502,0.6590909090909091,-0.10670400215382214,0.0727173299143049,-0.09982955624697026,-0.47126313981694934,1.4457631398169497,0.6363636363636364,0.5227272727272727,0.036965202509982885,0.12814216867469932,0.2529648867650115,30.34090909090909,0.4936789828429774,0.49705377901126785,0.004100684367571267,0.0038075891606292878,44,0,0.9000000000000002,continuous_30d_daily_mtm_target_delta,-0.09189494094795148,-0.33810082132576735,0.09798522936845977,buyhold_preferred,buyhold_after_surface_check,portfolio_candidate,,,False
510500,510500_DTE30_D50_Q100_Hold,target_delta_surface,main_stepA_common_sample,2022-09-30,2026-05-27,881,D50,0.5,1.0,Q100,0.07961001725728623,0.02217777051656622,0.030376656836535034,0.1293590399394583,0.23482438375201073,0.17144353055608408,0.3293187992086298,0.11338711572091577,0.19559339150272814,2023-08-04,2024-02-05,2025-09-30,523,0.6363636363636364,-0.10371920602820517,0.06578045583513337,-0.11092172916330026,-0.4712631398169492,1.445763139816949,0.6363636363636364,0.5227272727272727,0.04107244723331432,0.14238018741633257,0.2810720964055683,30.34090909090909,0.4936789828429774,0.49705377901126785,0.004100684367571267,0.0038075891606292878,44,0,1.0,continuous_30d_daily_mtm_target_delta,-0.10260919556933401,-0.4116754548626598,0.10602823011889351,buyhold_preferred,buyhold_after_surface_check,portfolio_candidate,,,False
588000,588000_ETF_BuyHold,buyhold,short_sample_extension,2023-06-30,2026-05-27,703,BuyHold,,0.0,Q0,0.8165399239543687,0.2389742738605407,0.2726381177285216,0.3474005025640231,0.7847948282063195,0.6878927120046399,1.6317806735724503,0.6551723632197246,0.36475023562676756,2023-07-04,2024-09-23,2024-10-08,303,0.42857142857142855,-0.1950947603121519,0.30494505494505497,0.0,,,,,0.0,0.0,0.0,,,,,,0,0,0.0,continuous_30d_daily_mtm_target_delta,0.0,0.0,0.0,short_sample_baseline,extension_or_baseline,extension_or_baseline,,,False
588000,588000_DTE30_D10_Q10_Hold,target_delta_surface,short_sample_extension,2023-06-30,2026-05-27,703,D10,0.1,0.1,Q10,0.7770784155954626,0.22924447162750705,0.2606603293495771,0.3340062922118637,0.7804054457280629,0.6863477634190642,1.5892048609348386,0.6337218384971023,0.3617430514485186,2023-07-04,2024-09-23,2024-10-08,303,0.42857142857142855,-0.19428874363856552,0.28044217208939703,-0.011960750273143169,-2.2484396923243333,3.2229396923243336,0.8857142857142857,0.11428571428571428,0.002427072388598253,0.02423285714285719,0.05208571428571429,30.34285714285714,0.10103328529978997,0.0934621168086903,0.14155644706466236,0.13636363636363646,35,0,0.09999999999999998,continuous_30d_daily_mtm_target_delta,-0.009729802233033658,-0.004389382478256598,0.0030071841782489672,short_sample_baseline,extension_or_baseline,extension_or_baseline,,,False
588000,588000_DTE30_D10_Q20_Hold,target_delta_surface,short_sample_extension,2023-06-30,2026-05-27,703,D10,0.1,0.2,Q20,0.7366300461582072,0.21912651855692977,0.24868254097063153,0.32147359583677176,0.7735706577186517,0.6816314664554637,1.5387075671466193,0.6108503520775915,0.3587237329268099,2023-07-04,2024-09-23,2024-10-08,303,0.42857142857142855,-0.19348205369330074,0.26047210036819046,-0.023921500546286337,-2.2484396923243333,3.2229396923243336,0.8857142857142857,0.11428571428571428,0.004854144777196506,0.04846571428571438,0.10417142857142858,30.34285714285714,0.10103328529978997,0.0934621168086903,0.14155644706466236,0.13636363636363646,35,0,0.19999999999999996,continuous_30d_daily_mtm_target_delta,-0.019847755303610937,-0.011224170487667773,0.0060265026999576365,short_sample_baseline,extension_or_baseline,extension_or_baseline,,,False
588000,588000_DTE30_D10_Q30_Hold,target_delta_surface,short_sample_extension,2023-06-30,2026-05-27,703,D10,0.1,0.3,Q30,0.695285188069845,0.2086269544458963,0.23670475259168589,0.3099069504400593,0.7637929780392848,0.6731922409279683,1.4818119366690827,0.5865378242718129,0.35569224321535753,2023-07-04,2024-09-23,2024-11-11,327,0.42857142857142855,-0.19267469001897353,0.24952888759811231,-0.0358822508194295,-2.2484396923243333,3.222939692324333,0.8857142857142857,0.11428571428571428,0.007281217165794759,0.07269857142857157,0.15625714285714287,30.34285714285714,0.10103328529978997,0.0934621168086903,0.14155644706466236,0.13636363636363646,35,0,0.3,continuous_30d_daily_mtm_target_delta,-0.030347319414644414,-0.021001850167034708,0.009057992411410032,short_sample_baseline,extension_or_baseline,extension_or_baseline,,,False
588000,588000_DTE30_D10_Q40_Hold,target_delta_surface,short_sample_extension,2023-06-30,2026-05-27,703,D10,0.1,0.4,Q40,0.6531341864752418,0.19775229810760608,0.22472696421274013,0.2994183337232652,0.7505451032949843,0.6604548747852459,1.4225262580669402,0.5607631186121241,0.3526485454268792,2023-07-04,2024-09-23,2025-02-21,394,0.42857142857142855,-0.19186665215796062,0.2438052699931803,-0.047843001092572675,-2.2484396923243333,3.2229396923243336,0.8857142857142857,0.11428571428571428,0.009708289554393013,0.09693142857142877,0.20834285714285716,30.34285714285714,0.10103328529978997,0.0934621168086903,0.14155644706466236,0.13636363636363646,35,0,0.3999999999999999,continuous_30d_daily_mtm_target_delta,-0.041221975752934625,-0.034249724911335266,0.012101690199888382,short_sample_baseline,extension_or_baseline,extension_or_baseline,,,False
588000,588000_DTE30_D10_Q50_Hold,target_delta_surface,short_sample_extension,2023-06-30,2026-05-27,703,D10,0.1,0.5,Q50,0.6102671710408865,0.1865090497071853,0.21274917583379457,0.2901246882564492,0.7333025572981908,0.6428582511472613,1.3601427948553566,0.5335039937978807,0.34959260263353287,2023-07-04,2024-09-23,2025-02-21,394,0.42857142857142855,-0.19105793965239926,0.24244418338094254,-0.05980375136571584,-2.2484396923243333,3.222939692324333,0.8857142857142857,0.11428571428571428,0.012135361942991266,0.12116428571428596,0.26042857142857145,30.34285714285714,0.10103328529978997,0.0934621168086903,0.14155644706466236,0.13636363636363646,35,0,0.5,continuous_30d_daily_mtm_target_delta,-0.052465224153355416,-0.05149227090812869,0.015157632993234693,short_sample_baseline,extension_or_baseline,extension_or_baseline,,,False
588000,588000_DTE30_D10_Q60_Hold,target_delta_surface,short_sample_extension,2023-06-30,2026-05-27,703,D10,0.1,0.6,Q60,0.5667738701746148,0.17490369252447713,0.20077138745485004,0.28214412350767326,0.7115915970845653,0.6199090392173998,1.2948126666834257,0.5047370508271376,0.34652437786735446,2023-07-04,2024-09-23,2025-02-26,397,0.42857142857142855,-0.190248552044188,0.2410826108938815,-0.071764501638859,-2.2484396923243333,3.222939692324333,0.8857142857142857,0.11428571428571428,0.014562434331589519,0.14539714285714314,0.31251428571428574,30.34285714285714,0.10103328529978997,0.0934621168086903,0.14155644706466236,0.13636363636363646,35,0,0.6,continuous_30d_daily_mtm_target_delta,-0.06407058133606358,-0.0732032311217542,0.0182258577594131,short_sample_baseline,extension_or_baseline,extension_or_baseline,,,False
588000,588000_DTE30_D10_Q70_Hold,target_delta_surface,short_sample_extension,2023-06-30,2026-05-27,703,D10,0.1,0.7,Q70,0.5227434280696364,0.16294269415763818,0.18879359907590382,0.27559073578705545,0.6850506006188163,0.5912488084633636,1.226580677838787,0.4744376750125931,0.34344383412070545,2023-07-04,2024-09-23,2025-02-26,397,0.42857142857142855,-0.1894384888749856,0.2397205547679484,-0.08372525191200217,-2.248439692324333,3.222939692324333,0.8857142857142857,0.11428571428571428,0.016989506720187772,0.1696300000000003,0.36460000000000004,30.34285714285714,0.10103328529978997,0.0934621168086903,0.14155644706466236,0.13636363636363646,35,0,0.7000000000000001,continuous_30d_daily_mtm_target_delta,-0.07603157970290253,-0.09974422758750323,0.02130640150606211,short_sample_baseline,extension_or_baseline,extension_or_baseline,,,False
588000,588000_DTE30_D10_Q80_Hold,target_delta_surface,short_sample_extension,2023-06-30,2026-05-27,703,D10,0.1,0.8,Q80,0.4782642249739457,0.15063250717621024,0.1768158106969585,0.2705682472152156,0.6534980084204617,0.5567264774287946,1.1556635622021227,0.44257997253728354,0.34035093434672026,2023-07-04,2024-09-23,2025-08-20,517,0.42857142857142855,-0.18862774968621032,0.2383580172395423,-0.09568600218514535,-2.2484396923243333,3.2229396923243336,0.8857142857142857,0.11428571428571428,0.019416579108786025,0.19386285714285753,0.4166857142857143,30.34285714285714,0.10103328529978997,0.0934621168086903,0.14155644706466236,0.13636363636363646,35,0,0.7999999999999998,continuous_30d_daily_mtm_target_delta,-0.08834176668433047,-0.13129681978585783,0.024399301280047303,short_sample_baseline,extension_or_baseline,extension_or_baseline,,,False
588000,588000_DTE30_D10_Q90_Hold,target_delta_surface,short_sample_extension,2023-06-30,2026-05-27,703,D10,0.1,0.9,Q90,0.4334237010769202,0.1379795692269319,0.16483802231801387,0.2671630114336629,0.6169941768265457,0.5164620973782985,1.0824367998764954,0.4091367011585054,0.3372456414597639,2023-07-04,2024-09-23,2025-08-22,519,0.42857142857142855,-0.1878163340190412,0.2369950005455126,-0.10764675245828853,-2.2484396923243337,3.2229396923243345,0.8857142857142857,0.11428571428571428,0.021843651497384278,0.21809571428571473,0.4687714285714286,30.34285714285714,0.10103328529978997,0.0934621168086903,0.14155644706466236,0.13636363636363646,35,0,0.9000000000000004,continuous_30d_daily_mtm_target_delta,-0.10099470463360882,-0.16780065137977385,0.027504594167003682,short_sample_baseline,extension_or_baseline,extension_or_baseline,,,False
588000,588000_DTE30_D10_Q100_Hold,target_delta_surface,short_sample_extension,2023-06-30,2026-05-27,703,D10,0.1,1.0,Q100,0.38830818439537595,0.12499030259020305,0.1528602339390686,0.26543727787034554,0.5758808075696668,0.4708845102429634,1.007351722514328,0.3740791946171792,0.3341279183358865,2023-07-04,2024-09-23,2025-08-22,519,0.42857142857142855,-0.18700424141441851,0.23563150692314494,-0.11960750273143168,-2.2484396923243333,3.222939692324333,0.8857142857142857,0.11428571428571428,0.02427072388598253,0.24232857142857192,0.5208571428571429,30.34285714285714,0.10103328529978997,0.0934621168086903,0.14155644706466236,0.13636363636363646,35,0,1.0,continuous_30d_daily_mtm_target_delta,-0.11398397127033766,-0.20891402063665276,0.03062231729088105,short_sample_baseline,extension_or_baseline,extension_or_baseline,,,False
588000,588000_DTE30_D20_Q10_Hold,target_delta_surface,short_sample_extension,2023-06-30,2026-05-27,703,D20,0.2,0.1,Q10,0.7575643056530459,0.22438175566103258,0.25588272524626304,0.3314694756095558,0.7719646726918294,0.6769303726939132,1.567145644796767,0.6285747192769064,0.3569691061058813,2023-07-04,2024-09-23,2024-10-08,303,0.42857142857142855,-0.19382501973921062,0.2764430996244469,-0.01673155835354995,-1.6335104660460538,2.608010466046054,0.8,0.2,0.004704848910751924,0.02951571428571433,0.0567,30.34285714285714,0.19325068079606672,0.1882765975280911,0.08812207604390719,0.08184383819379115,35,0,0.09999999999999998,continuous_30d_daily_mtm_target_delta,-0.014592518199508131,-0.012830155514490071,0.007781129520886276,short_sample_baseline,extension_or_baseline,extension_or_baseline,,,False
588000,588000_DTE30_D20_Q20_Hold,target_delta_surface,short_sample_extension,2023-06-30,2026-05-27,703,D20,0.2,0.2,Q20,0.6985200940502256,0.2094543423789581,0.23912733276400627,0.31632974509727263,0.755943241096324,0.6621392569786635,1.4947942709241806,0.5999727708097538,0.3491064137731915,2023-07-04,2024-09-23,2024-10-08,303,0.42857142857142855,-0.19255367009174618,0.2504727717391606,-0.0334631167070999,-1.6335104660460538,2.608010466046054,0.8,0.2,0.009409697821503847,0.05903142857142866,0.1134,30.34285714285714,0.19325068079606672,0.1882765975280911,0.08812207604390719,0.08184383819379115,35,0,0.19999999999999996,continuous_30d_daily_mtm_target_delta,-0.029519931481582606,-0.02885158710999547,0.015643821853576045,short_sample_baseline,extension_or_baseline,extension_or_baseline,,,False
588000,588000_DTE30_D20_Q30_Hold,target_delta_surface,short_sample_extension,2023-06-30,2026-05-27,703,D20,0.2,0.3,Q30,0.6395181818923033,0.19420153102314042,0.2223719402817461,0.3021003017195289,0.7360864554455067,0.6428379247480457,1.4147749870105963,0.5692363571657726,0.3411615027368766,2023-07-04,2024-09-23,2024-11-11,327,0.42857142857142855,-0.19128070981786227,0.23461171713267182,-0.050194675060649833,-1.6335104660460538,2.6080104660460535,0.8,0.2,0.01411454673225577,0.08854714285714298,0.17009999999999997,30.34285714285714,0.19325068079606672,0.1882765975280911,0.08812207604390719,0.08184383819379115,35,0,0.3,continuous_30d_daily_mtm_target_delta,-0.04477274283740029,-0.04870837276081286,0.02358873288989094,short_sample_baseline,extension_or_baseline,extension_or_baseline,,,False
588000,588000_DTE30_D20_Q40_Hold,target_delta_surface,short_sample_extension,2023-06-30,2026-05-27,703,D20,0.2,0.4,Q40,0.5806665882473312,0.1786328999492739,0.20561654779948607,0.28891567499540205,0.7116836004234051,0.6182873253661877,1.3295916417925386,0.5362198182853158,0.3331337146778591,2023-07-04,2024-09-23,2024-11-11,327,0.42857142857142855,-0.19000613736468652,0.22827008294296292,-0.0669262334141998,-1.6335104660460538,2.608010466046054,0.8,0.2,0.018819395643007695,0.11806285714285732,0.2268,30.34285714285714,0.19325068079606672,0.1882765975280911,0.08812207604390719,0.08184383819379115,35,0,0.3999999999999999,continuous_30d_daily_mtm_target_delta,-0.060341373911266816,-0.07311122778291446,0.03161652094890843,short_sample_baseline,extension_or_baseline,extension_or_baseline,,,False
588000,588000_DTE30_D20_Q50_Hold,target_delta_surface,short_sample_extension,2023-06-30,2026-05-27,703,D20,0.2,0.5,Q50,0.5220702179521923,0.16275810457250706,0.18886115531722764,0.2769251388197911,0.6819935384780252,0.5877332237374875,1.2397713773482224,0.5007596711428083,0.3250223888858078,2023-07-04,2024-09-23,2025-02-21,394,0.42857142857142855,-0.18872995117837255,0.22305270367167318,-0.08365779176774973,-1.6335104660460533,2.6080104660460535,0.8,0.2,0.023524244553759618,0.14757857142857164,0.2835,30.34285714285714,0.19325068079606672,0.1882765975280911,0.08812207604390719,0.08184383819379115,35,0,0.5,continuous_30d_daily_mtm_target_delta,-0.07621616928803365,-0.10280128972829428,0.03972784674095975,short_sample_baseline,extension_or_baseline,extension_or_baseline,,,False
588000,588000_DTE30_D20_Q60_Hold,target_delta_surface,short_sample_extension,2023-06-30,2026-05-27,703,D20,0.2,0.6,Q60,0.4638306348618064,0.14658687278950988,0.17210576283497045,0.2662900449809677,0.6463094136593474,0.5504782306074819,1.1454430629987264,0.4626718572005268,0.31682686229600865,2023-07-04,2024-09-23,2025-02-21,394,0.42857142857142855,-0.1874521497040974,0.2178458985208913,-0.10038935012129967,-1.6335104660460538,2.6080104660460535,0.8,0.2,0.02822909346451154,0.17709428571428595,0.34019999999999995,30.34285714285714,0.19325068079606672,0.1882765975280911,0.08812207604390719,0.08184383819379115,35,0,0.6,continuous_30d_daily_mtm_target_delta,-0.09238740107103083,-0.13848541454697216,0.04792337333075891,short_sample_baseline,extension_or_baseline,extension_or_baseline,,,False
588000,588000_DTE30_D20_Q70_Hold,target_delta_surface,short_sample_extension,2023-06-30,2026-05-27,703,D20,0.2,0.7,Q70,0.40604584948881683,0.13012900010915018,0.15535037035271132,0.2571786031046603,0.6040563580224854,0.5059868843606459,1.0466595791323225,0.4217484656641121,0.3085464695271404,2023-07-04,2024-09-23,2025-02-26,397,0.42857142857142855,-0.18617273138606394,0.212649698403657,-0.11712090847484966,-1.6335104660460535,2.608010466046054,0.8,0.2,0.03293394237526346,0.20661000000000027,0.3968999999999999,30.34285714285714,0.19325068079606672,0.1882765975280911,0.08812207604390719,0.08184383819379115,35,0,0.7000000000000001,continuous_30d_daily_mtm_target_delta,-0.10884527375139053,-0.18073847018383415,0.056203766099627184,short_sample_baseline,extension_or_baseline,extension_or_baseline,,,False
588000,588000_DTE30_D20_Q80_Hold,target_delta_surface,short_sample_extension,2023-06-30,2026-05-27,703,D20,0.2,0.8,Q80,0.348810121564169,0.11339434448914187,0.13859497787045222,0.24975762256046627,0.554917909810334,0.4540175524039877,0.9437324419679668,0.3767580405995037,0.30097392031423376,2023-07-04,2024-02-02,2025-08-18,515,0.42857142857142855,-0.18489169466749844,0.20746413394848284,-0.1338524668283996,-1.6335104660460538,2.608010466046054,0.8,0.2,0.03763879128601539,0.23612571428571463,0.4536,30.34285714285714,0.19325068079606672,0.1882765975280911,0.08812207604390719,0.08184383819379115,35,0,0.7999999999999998,continuous_30d_daily_mtm_target_delta,-0.12557992937139884,-0.22987691839598556,0.0637763153125338,short_sample_baseline,extension_or_baseline,extension_or_baseline,,,False
588000,588000_DTE30_D20_Q90_Hold,target_delta_surface,short_sample_extension,2023-06-30,2026-05-27,703,D20,0.2,0.9,Q90,0.29221377798870063,0.09639282087394307,0.12183958538819421,0.2441812778501697,0.49897185591335685,0.39475926132670164,0.8373693032258199,0.32477344054306867,0.29680019620065046,2023-07-04,2024-02-02,2025-08-20,517,0.45714285714285713,-0.18360903799065242,0.20228923549977096,-0.15058402518194955,-1.6335104660460533,2.6080104660460535,0.8,0.2,0.04234364019676731,0.265641428571429,0.5103,30.34285714285714,0.19325068079606672,0.1882765975280911,0.08812207604390719,0.08184383819379115,35,0,0.9000000000000004,continuous_30d_daily_mtm_target_delta,-0.14258145298659763,-0.28582297229296266,0.0679500394261171,short_sample_baseline,extension_or_baseline,extension_or_baseline,,,False
588000,588000_DTE30_D20_Q100_Hold,target_delta_surface,short_sample_extension,2023-06-30,2026-05-27,703,D20,0.2,1.0,Q100,0.2363430465849894,0.07913439542713419,0.10508419290593467,0.24057787340343798,0.4367990764043098,0.328934636870904,0.7278731861563125,0.27044659580275093,0.29260636537962015,2023-07-04,2024-02-02,2025-08-22,519,0.45714285714285713,-0.1823247597968004,0.1971250331182235,-0.16731558353549947,-1.6335104660460533,2.6080104660460535,0.8,0.2,0.047048489107519235,0.2951571428571433,0.567,30.34285714285714,0.19325068079606672,0.1882765975280911,0.08812207604390719,0.08184383819379115,35,0,1.0,continuous_30d_daily_mtm_target_delta,-0.15983987843340652,-0.3479957518020097,0.07214387024714741,short_sample_baseline,extension_or_baseline,extension_or_baseline,,,False
588000,588000_DTE30_D30_Q10_Hold,target_delta_surface,short_sample_extension,2023-06-30,2026-05-27,703,D30,0.3,0.1,Q10,0.7509228248682542,0.22271887630262288,0.25389928035075465,0.3295536096968631,0.7704339229793344,0.6758198658709544,1.5637082089272065,0.6293481397472498,0.35388819357131684,2023-07-04,2024-09-23,2024-10-08,303,0.42857142857142855,-0.19256909033709146,0.27644309962444624,-0.018712181848069335,-1.1804789097418922,2.154978909741892,0.8,0.2,0.007054813773717494,0.02951571428571433,0.0567,30.34285714285714,0.2779951947204159,0.2870695712298968,0.056776008386047794,0.053962900505902134,35,0,0.09999999999999998,continuous_30d_daily_mtm_target_delta,-0.016255397557917828,-0.014360905226985077,0.010862042055450716,short_sample_baseline,extension_or_baseline,extension_or_baseline,,,False
588000,588000_DTE30_D30_Q20_Hold,target_delta_surface,short_sample_extension,2023-06-30,2026-05-27,703,D30,0.3,0.2,Q20,0.6854792547790671,0.20611270231716294,0.23516044297298835,0.31246387309879897,0.7526004227011301,0.6596369054543195,1.4868202569742623,0.6011416616375377,0.3428687703256208,2023-07-04,2024-09-23,2024-10-08,303,0.42857142857142855,-0.19003658040818772,0.24821524311274068,-0.03742436369613867,-1.1804789097418922,2.154978909741892,0.8,0.2,0.014109627547434988,0.05903142857142866,0.1134,30.34285714285714,0.2779951947204159,0.2870695712298968,0.056776008386047794,0.053962900505902134,35,0,0.19999999999999996,continuous_30d_daily_mtm_target_delta,-0.032861571543377766,-0.03219440550518937,0.021881465301146763,short_sample_baseline,extension_or_baseline,extension_or_baseline,,,False
588000,588000_DTE30_D30_Q30_Hold,target_delta_surface,short_sample_extension,2023-06-30,2026-05-27,703,D30,0.3,0.3,Q30,0.6203420322738484,0.18916859145845666,0.21642160559521917,0.29626235023159025,0.7305066115422395,0.6385171497849197,1.4009041468061214,0.5703170147392514,0.33169024694966254,2023-07-04,2024-09-23,2024-10-08,303,0.42857142857142855,-0.18749721475698933,0.22091252064803224,-0.056136545544207994,-1.1804789097418922,2.1549789097418923,0.8,0.2,0.021164441321152482,0.08854714285714298,0.17009999999999997,30.34285714285714,0.2779951947204159,0.2870695712298968,0.056776008386047794,0.053962900505902134,35,0,0.3,continuous_30d_daily_mtm_target_delta,-0.04980568240208405,-0.05428821666408001,0.03305998867710502,short_sample_baseline,extension_or_baseline,extension_or_baseline,,,False
588000,588000_DTE30_D30_Q40_Hold,target_delta_surface,short_sample_extension,2023-06-30,2026-05-27,703,D30,0.3,0.4,Q40,0.5556392518774051,0.17189950751738814,0.19768276821745126,0.2811026612872277,0.7032404720475455,0.6115186058012558,1.3083378975828546,0.5365975538569678,0.3203508966483448,2023-07-04,2024-09-23,2024-11-11,327,0.42857142857142855,-0.18495097758481982,0.20733173976070218,-0.07484872739227734,-1.1804789097418922,2.154978909741892,0.8,0.2,0.028219255094869975,0.11806285714285732,0.2268,30.34285714285714,0.2779951947204159,0.2870695712298968,0.056776008386047794,0.053962900505902134,35,0,0.3999999999999999,continuous_30d_daily_mtm_target_delta,-0.06707476634315257,-0.08155435615877404,0.04439933897842274,short_sample_baseline,extension_or_baseline,extension_or_baseline,,,False
588000,588000_DTE30_D30_Q50_Hold,target_delta_surface,short_sample_extension,2023-06-30,2026-05-27,703,D30,0.3,0.5,Q50,0.4914939676202428,0.15431852934279644,0.17894393083968504,0.2671622167260026,0.6697950519822463,0.5776210844255089,1.209417941879164,0.4996569095329963,0.30884898497056723,2023-07-04,2024-09-23,2024-11-11,327,0.45714285714285713,-0.18239785306272915,0.19700587263347602,-0.09356090924034667,-1.180478909741892,2.154978909741892,0.8,0.2,0.035274068868587465,0.14757857142857164,0.2835,30.34285714285714,0.2779951947204159,0.2870695712298968,0.056776008386047794,0.053962900505902134,35,0,0.5,continuous_30d_daily_mtm_target_delta,-0.08465574451774427,-0.1149997762240732,0.05590125065620033,short_sample_baseline,extension_or_baseline,extension_or_baseline,,,False
588000,588000_DTE30_D30_Q60_Hold,target_delta_surface,short_sample_extension,2023-06-30,2026-05-27,703,D30,0.3,0.6,Q60,0.4280239032359554,0.13643884134179385,0.16020509346191852,0.25464133944494277,0.6291401616529638,0.535807900002403,1.1040396531708276,0.4591075092785509,0.29718277001436133,2023-07-04,2024-09-23,2025-02-12,387,0.45714285714285713,-0.179837825331448,0.18674070303635837,-0.11227309108841599,-1.1804789097418922,2.1549789097418923,0.8,0.2,0.042328882642304964,0.17709428571428595,0.34019999999999995,30.34285714285714,0.2779951947204159,0.2870695712298968,0.056776008386047794,0.053962900505902134,35,0,0.6,continuous_30d_daily_mtm_target_delta,-0.10253543251874686,-0.1556546665533557,0.06756746561240623,short_sample_baseline,extension_or_baseline,extension_or_baseline,,,False
588000,588000_DTE30_D30_Q70_Hold,target_delta_surface,short_sample_extension,2023-06-30,2026-05-27,703,D30,0.3,0.7,Q70,0.3653411897679555,0.11827372366669686,0.14146625608415087,0.2437588794441155,0.5803532425434522,0.48520785760262924,0.9923490684076375,0.41296689034398,0.28640001518809655,2023-07-04,2024-02-02,2025-02-21,394,0.45714285714285713,-0.17727087850134315,0.17653610167542766,-0.13098527293648535,-1.1804789097418924,2.1549789097418923,0.8,0.2,0.04938369641602246,0.20661000000000027,0.3968999999999999,30.34285714285714,0.2779951947204159,0.2870695712298968,0.056776008386047794,0.053962900505902134,35,0,0.7000000000000001,continuous_30d_daily_mtm_target_delta,-0.12070055019384385,-0.2044415856628673,0.07835022043867101,short_sample_baseline,extension_or_baseline,extension_or_baseline,,,False
588000,588000_DTE30_D30_Q80_Hold,target_delta_surface,short_sample_extension,2023-06-30,2026-05-27,703,D30,0.3,0.8,Q80,0.30355213122246205,0.09983654209483994,0.12272741870638182,0.23474281396149327,0.5228165098443174,0.4253018033225798,0.8746018995881403,0.35726921354569924,0.2794434513514823,2023-07-04,2024-02-02,2025-02-21,394,0.4857142857142857,-0.17469699665236904,0.1663919376709566,-0.14969745478455468,-1.1804789097418922,2.154978909741892,0.8,0.2,0.05643851018973995,0.23612571428571463,0.4536,30.34285714285714,0.2779951947204159,0.2870695712298968,0.056776008386047794,0.053962900505902134,35,0,0.7999999999999998,continuous_30d_daily_mtm_target_delta,-0.13913773176570077,-0.26197831836200214,0.08530678427528526,short_sample_baseline,extension_or_baseline,extension_or_baseline,,,False
588000,588000_DTE30_D30_Q90_Hold,target_delta_surface,short_sample_extension,2023-06-30,2026-05-27,703,D30,0.3,0.9,Q90,0.24275699876029422,0.08114073760610618,0.10398858132861562,0.22781484576392957,0.4564609517870164,0.3561696663534707,0.7515355288297456,0.29783575934727224,0.27243450478858466,2023-07-04,2024-02-02,2025-08-12,511,0.4857142857142857,-0.1721161638340224,0.15630807857442286,-0.16840963663262404,-1.1804789097418922,2.1549789097418923,0.8,0.2,0.06349332396345744,0.265641428571429,0.5103,30.34285714285714,0.2779951947204159,0.2870695712298968,0.056776008386047794,0.053962900505902134,35,0,0.9000000000000004,continuous_30d_daily_mtm_target_delta,-0.15783353625443453,-0.3283338764193031,0.0923157308381829,short_sample_baseline,extension_or_baseline,extension_or_baseline,,,False
588000,588000_DTE30_D30_Q100_Hold,target_delta_surface,short_sample_extension,2023-06-30,2026-05-27,703,D30,0.3,1.0,Q100,0.18304985377448202,0.06219981566127508,0.08524974395084708,0.22316952533780024,0.3819954531059245,0.27871106311279026,0.6236822168667745,0.2343864096434321,0.2653729614950737,2023-07-04,2024-02-02,2025-08-14,513,0.4857142857142857,-0.16952836406529748,0.15365427283980115,-0.18712181848069334,-1.180478909741892,2.154978909741892,0.8,0.2,0.07054813773717493,0.2951571428571433,0.567,30.34285714285714,0.2779951947204159,0.2870695712298968,0.056776008386047794,0.053962900505902134,35,0,1.0,continuous_30d_daily_mtm_target_delta,-0.17677445819926563,-0.40279937510039504,0.09937727413169384,short_sample_baseline,extension_or_baseline,extension_or_baseline,,,False
588000,588000_DTE30_D40_Q10_Hold,target_delta_surface,short_sample_extension,2023-06-30,2026-05-27,703,D40,0.4,0.1,Q10,0.7372053577719972,0.21927148314642086,0.2501194113127797,0.32655133775871176,0.7659420813568754,0.6714762972688851,1.5532107361849354,0.6298214348117886,0.3481486513902887,2023-07-04,2024-09-23,2024-10-08,303,0.42857142857142855,-0.19170752331464125,0.27452661133209366,-0.022486674116430596,-0.9065367775945766,1.8810367775945764,0.8,0.3142857142857143,0.009240853914964238,0.034843428571428615,0.06202857142857143,30.34285714285714,0.4030350485456822,0.405084226446597,0.026191697425523124,0.026119402985074647,35,0,0.09999999999999998,continuous_30d_daily_mtm_target_delta,-0.019702790714119844,-0.018852746849444157,0.01660158423647884,short_sample_baseline,extension_or_baseline,extension_or_baseline,,,False
588000,588000_DTE30_D40_Q20_Hold,target_delta_surface,short_sample_extension,2023-06-30,2026-05-27,703,D40,0.4,0.2,Q20,0.6586877511137743,0.19919516793384573,0.22760070489703862,0.306469426376081,0.742653867918755,0.6499675034122501,1.4631537002840267,0.6014663625813176,0.33118255704102617,2023-07-04,2024-09-23,2024-10-08,303,0.42857142857142855,-0.18830928612623576,0.24435999771160666,-0.04497334823286119,-0.9065367775945766,1.8810367775945764,0.8,0.3142857142857143,0.018481707829928477,0.06968685714285723,0.12405714285714287,30.34285714285714,0.4030350485456822,0.405084226446597,0.026191697425523124,0.026119402985074647,35,0,0.19999999999999996,continuous_30d_daily_mtm_target_delta,-0.03977910592669498,-0.04214096028756453,0.03356767858574139,short_sample_baseline,extension_or_baseline,extension_or_baseline,,,False
588000,588000_DTE30_D40_Q30_Hold,target_delta_surface,short_sample_extension,2023-06-30,2026-05-27,703,D40,0.4,0.3,Q30,0.5811627223938081,0.17876568743506582,0.20508199848129696,0.28731569486468284,0.7137862711533546,0.622192559022086,1.3608660757565578,0.5695967950114442,0.31384602055472255,2023-07-04,2024-09-23,2024-10-08,303,0.42857142857142855,-0.1849000260135235,0.2144477353419294,-0.06746002234929183,-0.9065367775945764,1.8810367775945764,0.8,0.3142857142857143,0.027722561744892713,0.10453028571428583,0.1860857142857143,30.34285714285714,0.4030350485456822,0.405084226446597,0.026191697425523124,0.026119402985074647,35,0,0.3,continuous_30d_daily_mtm_target_delta,-0.060208586425474886,-0.07100855705296494,0.05090421507204501,short_sample_baseline,extension_or_baseline,extension_or_baseline,,,False
588000,588000_DTE30_D40_Q40_Hold,target_delta_surface,short_sample_extension,2023-06-30,2026-05-27,703,D40,0.4,0.4,Q40,0.5047956411440115,0.15800352288598907,0.18256329206555377,0.2692882727280905,0.6779474286646494,0.5867449082921281,1.2493190886552208,0.5292419039616713,0.2985468869778535,2023-07-04,2024-02-02,2024-10-09,304,0.45714285714285713,-0.18147972024831693,0.18771570968510654,-0.08994669646572238,-0.9065367775945766,1.8810367775945764,0.8,0.3142857142857143,0.03696341565985695,0.13937371428571446,0.24811428571428573,30.34285714285714,0.4030350485456822,0.405084226446597,0.026191697425523124,0.026119402985074647,35,0,0.3999999999999999,continuous_30d_daily_mtm_target_delta,-0.08097075097455164,-0.10684739954167011,0.06620334864891408,short_sample_baseline,extension_or_baseline,extension_or_baseline,,,False
588000,588000_DTE30_D40_Q50_Hold,target_delta_surface,short_sample_extension,2023-06-30,2026-05-27,703,D40,0.4,0.5,Q50,0.42974124334288355,0.13692925551453117,0.1600445856498137,0.2526283935807551,0.6335178060602831,0.5420184705831983,1.127790567606134,0.4729011392706891,0.28955154501362435,2023-07-04,2024-02-02,2024-11-11,327,0.45714285714285713,-0.17804834610794074,0.17269256000215427,-0.11243337058215298,-0.9065367775945765,1.8810367775945764,0.8,0.3142857142857143,0.04620426957482119,0.17421714285714304,0.31014285714285716,30.34285714285714,0.4030350485456822,0.405084226446597,0.026191697425523124,0.026119402985074647,35,0,0.5,continuous_30d_daily_mtm_target_delta,-0.10204501834600954,-0.15127702214603644,0.07519869061314322,short_sample_baseline,extension_or_baseline,extension_or_baseline,,,False
588000,588000_DTE30_D40_Q60_Hold,target_delta_surface,short_sample_extension,2023-06-30,2026-05-27,703,D40,0.4,0.6,Q60,0.3561433145132411,0.1155635441995908,0.13752587923407128,0.23762386824247853,0.5787544839297699,0.48632969850346136,0.9960401788573611,0.4120394946582813,0.2804671535077764,2023-07-04,2024-02-02,2024-11-11,327,0.4857142857142857,-0.17460588087552797,0.157811520559207,-0.13492004469858365,-0.9065367775945764,1.8810367775945764,0.8,0.3142857142857143,0.055445123489785426,0.20906057142857165,0.3721714285714286,30.34285714285714,0.4030350485456822,0.405084226446597,0.026191697425523124,0.026119402985074647,35,0,0.6,continuous_30d_daily_mtm_target_delta,-0.1234107296609499,-0.2060403442765496,0.08428308211899116,short_sample_baseline,extension_or_baseline,extension_or_baseline,,,False
588000,588000_DTE30_D40_Q70_Hold,target_delta_surface,short_sample_extension,2023-06-30,2026-05-27,703,D40,0.4,0.7,Q70,0.28413444053540293,0.0939271028567823,0.11500717281832958,0.22460669263148889,0.5120380495830608,0.4181847911846867,0.8541682316496414,0.34621985368439573,0.2712932313304124,2023-07-04,2024-02-02,2025-02-07,384,0.5142857142857142,-0.17115230184031027,0.1539197401903778,-0.15740671881501417,-0.9065367775945764,1.881036777594576,0.8,0.3142857142857143,0.06468597740474967,0.24390400000000026,0.43420000000000003,30.34285714285714,0.4030350485456822,0.405084226446597,0.026191697425523124,0.026119402985074647,35,0,0.7000000000000001,continuous_30d_daily_mtm_target_delta,-0.1450471710037584,-0.27275677862325876,0.09345700429635517,short_sample_baseline,extension_or_baseline,extension_or_baseline,,,False
588000,588000_DTE30_D40_Q80_Hold,target_delta_surface,short_sample_extension,2023-06-30,2026-05-27,703,D40,0.4,0.8,Q80,0.21383582567938286,0.072040677585691,0.09248846640258816,0.21393993571141653,0.43231043374410383,0.33673319264181995,0.7024736857910897,0.27493367083300063,0.2620293009852901,2023-07-04,2024-02-02,2025-02-10,385,0.5142857142857142,-0.16768758629791736,0.15108730005250326,-0.17989339293144477,-0.9065367775945766,1.8810367775945764,0.8,0.3142857142857143,0.0739268313197139,0.2787474285714289,0.49622857142857146,30.34285714285714,0.4030350485456822,0.405084226446597,0.026191697425523124,0.026119402985074647,35,0,0.7999999999999998,continuous_30d_daily_mtm_target_delta,-0.16693359627484972,-0.3524843944622157,0.10272093464147747,short_sample_baseline,extension_or_baseline,extension_or_baseline,,,False
588000,588000_DTE30_D40_Q90_Hold,target_delta_surface,short_sample_extension,2023-06-30,2026-05-27,703,D40,0.4,0.9,Q90,0.14535717693082084,0.049925023612057196,0.0699697599868474,0.20598905774473894,0.33967707194211133,0.24236735756092512,0.5420383364370933,0.1975860120578402,0.252674888733735,2023-07-04,2024-02-02,2025-02-10,385,0.5142857142857142,-0.1642117115506686,0.1482334114429893,-0.2023800670478754,-0.9065367775945763,1.8810367775945762,0.8,0.3142857142857143,0.08316768523467814,0.3135908571428575,0.5582571428571429,30.34285714285714,0.4030350485456822,0.405084226446597,0.026191697425523124,0.026119402985074647,35,0,0.9000000000000004,continuous_30d_daily_mtm_target_delta,-0.1890492502484835,-0.4451177562642082,0.11207534689303256,short_sample_baseline,extension_or_baseline,extension_or_baseline,,,False
588000,588000_DTE30_D40_Q100_Hold,target_delta_surface,short_sample_extension,2023-06-30,2026-05-27,703,D40,0.4,1.0,Q100,0.07879665327278684,0.027600882056707743,0.04745105357110447,0.20107648751143736,0.23598509282894362,0.13726558683365594,0.37400700539756654,0.11347669280079116,0.24322952471976966,2023-07-04,2024-02-02,2025-02-24,395,0.5428571428571428,-0.16072465490787524,0.14535826506429572,-0.22486674116430597,-0.9065367775945765,1.8810367775945764,0.8,0.3142857142857143,0.09240853914964238,0.3484342857142861,0.6202857142857143,30.34285714285714,0.4030350485456822,0.405084226446597,0.026191697425523124,0.026119402985074647,35,0,1.0,continuous_30d_daily_mtm_target_delta,-0.21137339180383297,-0.5488097353773759,0.1215207109069979,short_sample_baseline,extension_or_baseline,extension_or_baseline,,,False
588000,588000_DTE30_D50_Q10_Hold,target_delta_surface,short_sample_extension,2023-06-30,2026-05-27,703,D50,0.5,0.1,Q10,0.7590523240202076,0.22475376987653717,0.2540866193503816,0.3249476217446741,0.7819310016370233,0.6916615320026446,1.590190708288031,0.6561170884650297,0.34255131260541205,2023-07-04,2024-09-23,2024-10-08,303,0.42857142857142855,-0.19170752331464136,0.2745266113320941,-0.018525109333505606,-0.6163692987697376,1.5908692987697375,0.8,0.34285714285714286,0.009240853914964238,0.034843428571428615,0.06202857142857143,30.34285714285714,0.472203894843192,0.4640589372414174,0.010700321889821108,0.013024602026049159,35,0,0.09999999999999998,continuous_30d_daily_mtm_target_delta,-0.01422050398400354,-0.0028638265692961795,0.02219892302135551,short_sample_baseline,extension_or_baseline,extension_or_baseline,,,False
588000,588000_DTE30_D50_Q20_Hold,target_delta_surface,short_sample_extension,2023-06-30,2026-05-27,703,D50,0.5,0.2,Q20,0.7004562609925644,0.20994907029367949,0.23553512097224205,0.3031915508715972,0.7768525220941664,0.6924634597835272,1.5388211010069124,0.6567430292128986,0.31968222113495715,2023-07-04,2024-09-23,2024-10-08,303,0.42857142857142855,-0.18830928612623588,0.244359997711606,-0.03705021866701121,-0.6163692987697376,1.5908692987697375,0.8,0.34285714285714286,0.018481707829928477,0.06968685714285723,0.12405714285714287,30.34285714285714,0.472203894843192,0.4640589372414174,0.010700321889821108,0.013024602026049159,35,0,0.19999999999999996,continuous_30d_daily_mtm_target_delta,-0.029025203566861224,-0.007942306112153075,0.045068014491810415,short_sample_baseline,extension_or_baseline,extension_or_baseline,,,False
588000,588000_DTE30_D50_Q30_Hold,target_delta_surface,short_sample_extension,2023-06-30,2026-05-27,703,D50,0.5,0.3,Q30,0.6409534432752617,0.19457670611785938,0.21698362259410045,0.2822934432624131,0.7686456337294303,0.6892710785952815,1.4761799950810537,0.6500613395618376,0.29932053219625454,2023-07-04,2024-02-02,2024-10-08,303,0.42857142857142855,-0.18490002601352384,0.21444773534192918,-0.0555753280005168,-0.6163692987697376,1.5908692987697375,0.8,0.34285714285714286,0.027722561744892713,0.10453028571428583,0.1860857142857143,30.34285714285714,0.472203894843192,0.4640589372414174,0.010700321889821108,0.013024602026049159,35,0,0.3,continuous_30d_daily_mtm_target_delta,-0.04439756774268133,-0.016149194476889228,0.06542970343051302,short_sample_baseline,extension_or_baseline,extension_or_baseline,,,False
588000,588000_DTE30_D50_Q40_Hold,target_delta_surface,short_sample_extension,2023-06-30,2026-05-27,703,D50,0.5,0.4,Q40,0.5807446346672198,0.17865379040086293,0.19843212421596162,0.26245832363366667,0.7560519379561711,0.6806939400033043,1.4048389591106687,0.6212865927365028,0.2875545561251678,2023-07-04,2024-02-02,2024-10-08,303,0.42857142857142855,-0.18147972024831693,0.18771570968510587,-0.07410043733402243,-0.6163692987697376,1.5908692987697375,0.8,0.34285714285714286,0.03696341565985695,0.13937371428571446,0.24811428571428573,30.34285714285714,0.472203894843192,0.4640589372414174,0.010700321889821108,0.013024602026049159,35,0,0.3999999999999999,continuous_30d_daily_mtm_target_delta,-0.060320483459677776,-0.028742890250148423,0.07719567950159978,short_sample_baseline,extension_or_baseline,extension_or_baseline,,,False
588000,588000_DTE30_D50_Q50_Hold,target_delta_surface,short_sample_extension,2023-06-30,2026-05-27,703,D50,0.5,0.5,Q50,0.5200286301854886,0.16219799502531185,0.17988062583782188,0.24394562329925154,0.7373800087290757,0.6648940564362628,1.323527933447641,0.5884756422709929,0.27562397383071247,2023-07-04,2024-02-02,2024-10-08,303,0.4857142857142857,-0.17804834610794107,0.17269256000215405,-0.09262554666752802,-0.6163692987697376,1.5908692987697377,0.8,0.34285714285714286,0.04620426957482119,0.17421714285714304,0.31014285714285716,30.34285714285714,0.472203894843192,0.4640589372414174,0.010700321889821108,0.013024602026049159,35,0,0.5,continuous_30d_daily_mtm_target_delta,-0.07677627883522886,-0.0474148194772438,0.0891262617960551,short_sample_baseline,extension_or_baseline,extension_or_baseline,,,False
588000,588000_DTE30_D50_Q60_Hold,target_delta_surface,short_sample_extension,2023-06-30,2026-05-27,703,D50,0.5,0.6,Q60,0.45900126152478493,0.14522752633560287,0.16132912745968062,0.22707900509678666,0.7104537356543297,0.6395462507584236,1.2312985727685748,0.5510914118572267,0.26352710859015804,2023-07-04,2024-02-02,2024-10-09,304,0.4857142857142857,-0.17460588087552775,0.157811520559207,-0.1111506560010336,-0.6163692987697376,1.5908692987697375,0.8,0.34285714285714286,0.055445123489785426,0.20906057142857165,0.3721714285714286,30.34285714285714,0.472203894843192,0.4640589372414174,0.010700321889821108,0.013024602026049159,35,0,0.6,continuous_30d_daily_mtm_target_delta,-0.09374674752493783,-0.07434109255198984,0.10122312703660952,short_sample_baseline,extension_or_baseline,extension_or_baseline,,,False
588000,588000_DTE30_D50_Q70_Hold,target_delta_surface,short_sample_extension,2023-06-30,2026-05-27,703,D50,0.5,0.7,Q70,0.3978544387662717,0.1277610996524161,0.14277762908153993,0.21225125189560845,0.6726821529032125,0.601933314934005,1.1274964955517757,0.5084770408527877,0.25126227811218915,2023-07-04,2024-02-02,2024-10-09,304,0.4857142857142857,-0.17115230184031027,0.14307182218634962,-0.1296757653345392,-0.6163692987697376,1.5908692987697377,0.8,0.34285714285714286,0.06468597740474967,0.24390400000000026,0.43420000000000003,30.34285714285714,0.472203894843192,0.4640589372414174,0.010700321889821108,0.013024602026049159,35,0,0.7000000000000001,continuous_30d_daily_mtm_target_delta,-0.1112131742081246,-0.11211267530310698,0.11348795751457841,short_sample_baseline,extension_or_baseline,extension_or_baseline,,,False
588000,588000_DTE30_D50_Q80_Hold,target_delta_surface,short_sample_extension,2023-06-30,2026-05-27,703,D50,0.5,0.8,Q80,0.3367752345853099,0.10981791270913055,0.12422613070339993,0.1999165457219088,0.6213899417620141,0.5493187785561845,1.0116583604581797,0.45982048623054306,0.238827794753952,2023-07-04,2024-02-02,2024-10-09,304,0.5714285714285714,-0.16768758629791758,0.13859315850135,-0.14820087466804485,-0.6163692987697376,1.5908692987697375,0.8,0.34285714285714286,0.0739268313197139,0.2787474285714289,0.49622857142857146,30.34285714285714,0.472203894843192,0.4640589372414174,0.010700321889821108,0.013024602026049159,35,0,0.7999999999999998,continuous_30d_daily_mtm_target_delta,-0.12915636115141016,-0.1634048864443054,0.12592244087281557,short_sample_baseline,extension_or_baseline,extension_or_baseline,,,False
588000,588000_DTE30_D50_Q90_Hold,target_delta_surface,short_sample_extension,2023-06-30,2026-05-27,703,D50,0.5,0.9,Q90,0.2759450167941113,0.09141761804919057,0.10567463232526045,0.19055961933769563,0.5545489264333159,0.479732371249058,0.8845110556791623,0.4041058424578999,0.2262219657433301,2023-07-04,2024-02-02,2024-10-09,304,0.6,-0.16421171155066872,0.13419120288354924,-0.16672598400155042,-0.6163692987697376,1.5908692987697375,0.8,0.34285714285714286,0.08316768523467814,0.3135908571428575,0.5582571428571429,30.34285714285714,0.472203894843192,0.4640589372414174,0.010700321889821108,0.013024602026049159,35,0,0.9000000000000004,continuous_30d_daily_mtm_target_delta,-0.14755665581135013,-0.23024590177300364,0.13852826988343747,short_sample_baseline,extension_or_baseline,extension_or_baseline,,,False
588000,588000_DTE30_D50_Q100_Hold,target_delta_surface,short_sample_extension,2023-06-30,2026-05-27,703,D50,0.5,1.0,Q100,0.21553863459396982,0.0725802944237881,0.08712313394712005,0.18463375568269005,0.4718700197858138,0.393104143689326,0.7468078868968796,0.34004517675130475,0.21344309340658696,2023-07-04,2024-02-02,2024-10-09,304,0.6571428571428571,-0.16072465490787546,0.12977133414514852,-0.18525109333505604,-0.6163692987697376,1.5908692987697377,0.8,0.34285714285714286,0.09240853914964238,0.3484342857142861,0.6202857142857143,30.34285714285714,0.472203894843192,0.4640589372414174,0.010700321889821108,0.013024602026049159,35,0,1.0,continuous_30d_daily_mtm_target_delta,-0.1663939794367526,-0.31292480842050574,0.1513071422201806,short_sample_baseline,extension_or_baseline,extension_or_baseline,,,False
