surface_point_id,etf_code,sleeve_name,parameter_grid_role,sample_scope,sample_start,sample_end,n_trading_days,moneyness_label,target_moneyness,coverage,coverage_label,annualized_return_cagr,arithmetic_annualized_return,annualized_volatility,sharpe_daily_mean,sortino_ratio,calmar_ratio,max_drawdown,monthly_win_rate,worst_month_return,best_month_return,option_leg_annualized_pnl_contribution,premium_capture_ratio_agg,payoff_burden_agg,positive_option_leg_period_rate,assignment_rate,p95_short_call_mtm_loss,p99_short_call_mtm_loss,max_short_call_mtm_loss,avg_actual_dte,avg_realized_moneyness,median_realized_moneyness,selected_periods,skipped_periods,avg_active_coverage,annualized_return_cagr_vs_buyhold,sharpe_diff_vs_buyhold,mdd_improvement_vs_buyhold,option_leg_verdict,recommendation_read,source_engine
159915_buyhold,159915,159915_ETF_BuyHold,buyhold,main_stepA_common_sample,2022-09-30,2026-05-27,881,BuyHold,,0.0,Q0,0.1882237638057449,0.22155290688111068,0.31629376525915337,0.7004656152472138,1.3216530708175265,0.46048571723739024,0.40875049270792374,0.4772727272727273,-0.16775244299674286,0.438144329896907,0.0,,,,,0.0,0.0,0.0,,,,0,0,0.0,0.0,0.0,0.0,pure ETF baseline,baseline,continuous_30d_daily_mtm
mny_daily_0001,159915,159915_DTE30_ATM_Q10_Hold,surface,main_stepA_common_sample,2022-09-30,2026-05-27,881,ATM,0.0,0.1,Q10,0.17671849033372333,0.20564282579539897,0.2952240943024427,0.6965651847668232,1.2986788576901989,0.45130611236118534,0.39157123179464837,0.4772727272727273,-0.16081492156569732,0.3927949726367703,-0.015892021969837116,-0.43563284450921985,1.41013284450922,0.6136363636363636,0.5454545454545454,0.006512396694214876,0.025173913043478307,0.06342857142857143,30.34090909090909,-0.001639326780093292,-0.0024498267294932874,44,0,0.09999999999999999,-0.011505273472021571,-0.003900430480390682,0.017179260913275374,negative option leg,drawdown cushion with visible return cost,continuous_30d_daily_mtm
mny_daily_0002,159915,159915_DTE30_ATM_Q20_Hold,surface,main_stepA_common_sample,2022-09-30,2026-05-27,881,ATM,0.0,0.2,Q20,0.1647168528069336,0.18973274470968768,0.2745935203511927,0.6909585647433635,1.2701114167988279,0.4394074029779169,0.37486135119851793,0.4772727272727273,-0.15382826734567612,0.34832400482532244,-0.03178404393967423,-0.43563284450921985,1.41013284450922,0.6136363636363636,0.5454545454545454,0.013024793388429752,0.050347826086956614,0.12685714285714286,30.34090909090909,-0.001639326780093292,-0.0024498267294932874,44,0,0.19999999999999998,-0.023506910998811303,-0.009507050503850367,0.03388914150940581,negative option leg,drawdown cushion with visible return cost,continuous_30d_daily_mtm
mny_daily_0003,159915,159915_DTE30_ATM_Q30_Hold,surface,main_stepA_common_sample,2022-09-30,2026-05-27,881,ATM,0.0,0.3,Q30,0.15223357552964334,0.17382266362397594,0.2545088458743672,0.6829729749738435,1.2343794414312919,0.42406847996773445,0.3589834725307246,0.4772727272727273,-0.1467921956416126,0.3047241474770215,-0.04767606590951134,-0.43563284450922,1.41013284450922,0.6136363636363636,0.5454545454545454,0.019537190082644627,0.07552173913043492,0.1902857142857143,30.34090909090909,-0.001639326780093292,-0.0024498267294932874,44,0,0.29999999999999993,-0.035990188276101565,-0.017492640273370386,0.04976702017719914,negative option leg,drawdown cushion with visible return cost,continuous_30d_daily_mtm
mny_daily_0004,159915,159915_DTE30_ATM_Q40_Hold,surface,main_stepA_common_sample,2022-09-30,2026-05-27,881,ATM,0.0,0.4,Q40,0.1392835376246957,0.1579125825382635,0.23511001570546097,0.6716540002110835,1.1895351178211868,0.40636148906717523,0.342757720335233,0.4772727272727273,-0.13970642051605775,0.2619880576197626,-0.06356808787934846,-0.43563284450921985,1.41013284450922,0.6136363636363636,0.5454545454545454,0.026049586776859503,0.10069565217391323,0.2537142857142857,30.34090909090909,-0.001639326780093292,-0.0024498267294932874,44,0,0.39999999999999997,-0.04894022618104921,-0.02881161503613039,0.06599277237269074,negative option leg,drawdown cushion with visible return cost,continuous_30d_daily_mtm
mny_daily_0005,159915,159915_DTE30_ATM_Q50_Hold,surface,main_stepA_common_sample,2022-09-30,2026-05-27,881,ATM,0.0,0.5,Q50,0.12588176451871247,0.1420025014525507,0.21658139806783955,0.6556541915389771,1.1334610779874397,0.3859295359575993,0.32617810452461105,0.4772727272727273,-0.13257065478611496,0.22010832978982364,-0.07946010984918557,-0.43563284450922,1.41013284450922,0.6136363636363636,0.5454545454545454,0.03256198347107438,0.12586956521739154,0.31714285714285717,30.34090909090909,-0.001639326780093292,-0.0024498267294932874,44,0,0.5,-0.062341999287032435,-0.044811423708236764,0.0825723881833127,negative option leg,drawdown cushion with visible return cost,continuous_30d_daily_mtm
mny_daily_0006,159915,159915_DTE30_ATM_Q60_Hold,surface,main_stepA_common_sample,2022-09-30,2026-05-27,881,ATM,0.0,0.6,Q60,0.11204341822959818,0.12609242036684004,0.19916601150873128,0.6331021011650488,1.0639721808928206,0.3623203116418197,0.3092385787644203,0.4772727272727273,-0.12538461002039436,0.1790774975318008,-0.09535213181902268,-0.43563284450922,1.41013284450922,0.6136363636363636,0.5454545454545454,0.03907438016528925,0.15104347826086983,0.3805714285714286,30.34090909090909,-0.001639326780093292,-0.0024498267294932874,44,0,0.5999999999999999,-0.07618034557614672,-0.06736351408216501,0.09951191394350345,negative option leg,drawdown cushion with visible return cost,continuous_30d_daily_mtm
mny_daily_0007,159915,159915_DTE30_ATM_Q70_Hold,surface,main_stepA_common_sample,2022-09-30,2026-05-27,881,ATM,0.0,0.7,Q70,0.09778378654221109,0.11018233928112776,0.18318164192639586,0.6014922572066478,0.9787156433248616,0.33495278944482637,0.2919330413825919,0.4772727272727273,-0.1181479965359693,0.13888803490341095,-0.11124415378885978,-0.4356328445092199,1.4101328445092198,0.6136363636363636,0.5454545454545454,0.04558677685950412,0.17621739130434816,0.444,30.34090909090909,-0.001639326780093292,-0.0024498267294932874,44,0,0.7000000000000001,-0.09043997726353381,-0.09897335804056606,0.11681745132533183,negative option leg,drawdown cushion with visible return cost,continuous_30d_daily_mtm
mny_daily_0008,159915,159915_DTE30_ATM_Q80_Hold,surface,main_stepA_common_sample,2022-09-30,2026-05-27,881,ATM,0.0,0.8,Q80,0.08311827114885251,0.0942722581954156,0.16903474017101552,0.5577093685004553,0.8760040553212028,0.30306892933855656,0.27425533633638033,0.5227272727272727,-0.1108605233953367,0.1070894125609263,-0.12713617575869693,-0.43563284450921985,1.41013284450922,0.6136363636363636,0.5454545454545454,0.05209917355371901,0.20139130434782646,0.5074285714285715,30.34090909090909,-0.001639326780093292,-0.0024498267294932874,44,0,0.7999999999999999,-0.1051054926568924,-0.14275624674675857,0.1344951563715434,negative option leg,drawdown cushion with visible return cost,continuous_30d_daily_mtm
mny_daily_0009,159915,159915_DTE30_ATM_Q90_Hold,surface,main_stepA_common_sample,2022-09-30,2026-05-27,881,ATM,0.0,0.9,Q90,0.06806237482260569,0.07836217710970377,0.1572220992029852,0.498417064184676,0.7554569311557114,0.26566187721735196,0.25619925423819945,0.5454545454545454,-0.10352189840338688,0.10188604304794668,-0.14302819772853406,-0.4356328445092199,1.4101328445092196,0.6136363636363636,0.5454545454545454,0.05861157024793388,0.22656521739130478,0.570857142857143,30.34090909090909,-0.001639326780093292,-0.0024498267294932874,44,0,0.9000000000000002,-0.12016138898313922,-0.20204855106253783,0.1525512384697243,negative option leg,drawdown cushion with visible return cost,continuous_30d_daily_mtm
mny_daily_0010,159915,159915_DTE30_ATM_Q100_Hold,surface,main_stepA_common_sample,2022-09-30,2026-05-27,881,ATM,0.0,1.0,Q100,0.05263168768364812,0.062452096023992563,0.14830255971554265,0.42111273159263857,0.6189810644636304,0.20895480163738664,0.2518807286131832,0.5454545454545454,-0.0961318281043797,0.09668360663208198,-0.15892021969837114,-0.43563284450922,1.41013284450922,0.6136363636363636,0.5454545454545454,0.06512396694214875,0.2517391304347831,0.6342857142857143,30.34090909090909,-0.001639326780093292,-0.0024498267294932874,44,0,1.0,-0.13559207612209678,-0.2793528836545753,0.15686976409474052,negative option leg,drawdown cushion with visible return cost,continuous_30d_daily_mtm
mny_daily_0011,159915,159915_DTE30_OTM1_Q10_Hold,surface,main_stepA_common_sample,2022-09-30,2026-05-27,881,OTM1,0.01,0.1,Q10,0.1780696411002094,0.20731143310755815,0.2969813550125418,0.6980621160503602,1.3004085813781923,0.4536433136343792,0.39253227315001793,0.4772727272727273,-0.16266722216824103,0.3947588322914122,-0.014225308650087304,-0.48353457116972726,1.4580345711697273,0.6363636363636364,0.4318181818181818,0.0057168063520070585,0.023306832298136716,0.060838509316770185,30.34090909090909,0.011319047827281629,0.012401988417977794,44,0,0.09999999999999999,-0.010154122705535507,-0.0024034991968536756,0.01621821955790581,negative option leg,drawdown cushion with visible return cost,continuous_30d_daily_mtm
mny_daily_0012,159915,159915_DTE30_OTM1_Q20_Hold,surface,main_stepA_common_sample,2022-09-30,2026-05-27,881,OTM1,0.01,0.2,Q20,0.16747469357838374,0.19306995933400423,0.27810892071539256,0.69422425874496,1.2743738193065934,0.44402548118739854,0.3771736097904299,0.4772727272727273,-0.15755659665445676,0.35214940041049325,-0.02845061730017461,-0.48353457116972726,1.4580345711697273,0.6363636363636364,0.4318181818181818,0.011433612704014117,0.04661366459627343,0.12167701863354037,30.34090909090909,0.011319047827281629,0.012401988417977794,44,0,0.19999999999999998,-0.020749070227361166,-0.006241356502253881,0.03157688291749383,negative option leg,drawdown cushion with visible return cost,continuous_30d_daily_mtm
mny_daily_0013,159915,159915_DTE30_OTM1_Q30_Hold,surface,main_stepA_common_sample,2022-09-30,2026-05-27,881,OTM1,0.01,0.3,Q30,0.15644919077035824,0.17882848556045114,0.25977237268616077,0.6884045586190934,1.2424627049912753,0.4315626739600018,0.3625178918621176,0.4772727272727273,-0.15242046871370463,0.31031065598582463,-0.042675925950261914,-0.4835345711697272,1.4580345711697271,0.6363636363636364,0.4318181818181818,0.017150419056021174,0.06992049689441014,0.18251552795031054,30.34090909090909,0.011319047827281629,0.012401988417977794,44,0,0.29999999999999993,-0.031774573035386666,-0.012061056628120403,0.04623260084580616,negative option leg,drawdown cushion with visible return cost,continuous_30d_daily_mtm
mny_daily_0014,159915,159915_DTE30_OTM1_Q40_Hold,surface,main_stepA_common_sample,2022-09-30,2026-05-27,881,OTM1,0.01,0.4,Q40,0.14500354253353587,0.16458701178689764,0.2420935082021756,0.6798489270081906,1.2031863293742382,0.4172049781681536,0.3475594734516626,0.4772727272727273,-0.1472587403586867,0.2692371574871679,-0.05690123460034922,-0.48353457116972726,1.4580345711697273,0.6363636363636364,0.4318181818181818,0.022867225408028234,0.09322732919254687,0.24335403726708074,30.34090909090909,0.011319047827281629,0.012401988417977794,44,0,0.39999999999999997,-0.043220221272209036,-0.020616688239023295,0.06119101925626114,negative option leg,drawdown cushion with visible return cost,continuous_30d_daily_mtm
mny_daily_0015,159915,159915_DTE30_OTM1_Q50_Hold,surface,main_stepA_common_sample,2022-09-30,2026-05-27,881,OTM1,0.01,0.5,Q50,0.13314829365194814,0.15034553801334574,0.2252272521019563,0.6675281814710728,1.1551403755625842,0.4006951767268611,0.33229322783366155,0.5,-0.1420713133564263,0.2289234012277701,-0.07112654325043652,-0.4835345711697271,1.458034571169727,0.6363636363636364,0.4318181818181818,0.02858403176003529,0.11653416149068357,0.3041925465838509,30.34090909090909,0.011319047827281629,0.012401988417977794,44,0,0.5,-0.05507547015379677,-0.032937433776141,0.07645726487426219,negative option leg,drawdown cushion with visible return cost,continuous_30d_daily_mtm
mny_daily_0016,159915,159915_DTE30_OTM1_Q60_Hold,surface,main_stepA_common_sample,2022-09-30,2026-05-27,881,OTM1,0.01,0.6,Q60,0.12089411762558777,0.1361040642397914,0.20937008080975084,0.6500645350730205,1.0968109081490387,0.38171387705179294,0.3167139705774549,0.5,-0.1368580892282003,0.18936382247472272,-0.08535185190052383,-0.4835345711697272,1.4580345711697271,0.6363636363636364,0.4318181818181818,0.03430083811204235,0.13984099378882028,0.36503105590062107,30.34090909090909,0.011319047827281629,0.012401988417977794,44,0,0.5999999999999999,-0.06732964618015713,-0.05040108017419331,0.09203652213046887,negative option leg,drawdown cushion with visible return cost,continuous_30d_daily_mtm
mny_daily_0017,159915,159915_DTE30_OTM1_Q70_Hold,surface,main_stepA_common_sample,2022-09-30,2026-05-27,881,OTM1,0.01,0.7,Q70,0.10825180968387826,0.12186259046623762,0.19476861569638748,0.6256787831577626,1.0266807462231626,0.3598599950332249,0.30081645967311166,0.5,-0.13161896924947858,0.150552796564152,-0.0995771605506111,-0.48353457116972715,1.4580345711697271,0.6363636363636364,0.4318181818181818,0.04001764446404941,0.163147826086957,0.4258695652173913,30.34090909090909,0.011319047827281629,0.012401988417977794,44,0,0.7000000000000001,-0.07997195412186664,-0.07478683208945125,0.10793403303481208,negative option leg,drawdown cushion with visible return cost,continuous_30d_daily_mtm
mny_daily_0018,159915,159915_DTE30_OTM1_Q80_Hold,surface,main_stepA_common_sample,2022-09-30,2026-05-27,881,OTM1,0.01,0.8,Q80,0.09523227905192977,0.10762111669268468,0.1817257930383429,0.5922170699784888,0.9434327554812509,0.334623400434685,0.28459539568428394,0.5227272727272727,-0.12635385444986202,0.11248464002115299,-0.11380246920069843,-0.48353457116972726,1.4580345711697273,0.6363636363636364,0.4318181818181818,0.04573445081605647,0.18645465838509373,0.4867080745341615,30.34090909090909,0.011319047827281629,0.012401988417977794,44,0,0.7999999999999999,-0.09299148475381513,-0.10824854526872507,0.1241550970236398,negative option leg,drawdown cushion with visible return cost,continuous_30d_daily_mtm
mny_daily_0019,159915,159915_DTE30_OTM1_Q90_Hold,surface,main_stepA_common_sample,2022-09-30,2026-05-27,881,OTM1,0.01,0.9,Q90,0.08184654049294116,0.09337964291913128,0.1705994763288103,0.547361837964573,0.8469315417543348,0.30534578768043547,0.2680454219286593,0.5454545454545454,-0.12106264561302915,0.10188604304794646,-0.12802777785078576,-0.48353457116972703,1.458034571169727,0.6363636363636364,0.4318181818181818,0.05145125716806352,0.20976149068323044,0.5475465838509317,30.34090909090909,0.011319047827281629,0.012401988417977794,44,0,0.9000000000000002,-0.10637722331280375,-0.1531037772826408,0.14070507077926442,negative option leg,drawdown cushion with visible return cost,continuous_30d_daily_mtm
mny_daily_0020,159915,159915_DTE30_OTM1_Q100_Hold,surface,main_stepA_common_sample,2022-09-30,2026-05-27,881,OTM1,0.01,1.0,Q100,0.0681057051448255,0.079138169145578,0.16178555579852,0.4891547255561733,0.738174127609557,0.2671259291808795,0.2549572980566366,0.6136363636363636,-0.11574524327668057,0.09668360663208264,-0.14225308650087304,-0.4835345711697271,1.458034571169727,0.6363636363636364,0.4318181818181818,0.05716806352007058,0.23306832298136715,0.6083850931677018,30.34090909090909,0.011319047827281629,0.012401988417977794,44,0,1.0,-0.1201180586609194,-0.21131088969104056,0.15379319465128716,negative option leg,drawdown cushion with visible return cost,continuous_30d_daily_mtm
mny_daily_0021,159915,159915_DTE30_OTM2_Q10_Hold,surface,main_stepA_common_sample,2022-09-30,2026-05-27,881,OTM2,0.02,0.1,Q10,0.17898610220548594,0.2084066247548149,0.29806024346284155,0.6992097380501417,1.3033721119370905,0.45263737308751567,0.3954293499553332,0.4772727272727273,-0.1632924267089545,0.3962350492136393,-0.013131360126152715,-0.5342268586699337,1.5087268586699336,0.6818181818181818,0.38636363636363635,0.0052451790633608825,0.023306832298136716,0.060838509316770185,30.34090909090909,0.02158579991826595,0.02062979840068091,44,0,0.09999999999999999,-0.009237661600258962,-0.0012558771970720972,0.013321142752590553,negative option leg,drawdown cushion with visible return cost,continuous_30d_daily_mtm
mny_daily_0022,159915,159915_DTE30_OTM2_Q20_Hold,surface,main_stepA_common_sample,2022-09-30,2026-05-27,881,OTM2,0.02,0.2,Q20,0.16932619763474488,0.19526034262851893,0.2802991297032937,0.6966141594346325,1.2806271691998872,0.4407313840847949,0.3841936466275504,0.4772727272727273,-0.15881252679851698,0.3550476840998795,-0.02626272025230543,-0.5342268586699337,1.5087268586699336,0.6818181818181818,0.38636363636363635,0.010490358126721765,0.04661366459627343,0.12167701863354037,30.34090909090909,0.02158579991826595,0.02062979840068091,44,0,0.19999999999999998,-0.018897566171000024,-0.0038514558125813947,0.02455684608037334,negative option leg,drawdown cushion with visible return cost,continuous_30d_daily_mtm
mny_daily_0023,159915,159915_DTE30_OTM2_Q30_Hold,surface,main_stepA_common_sample,2022-09-30,2026-05-27,881,OTM2,0.02,0.3,Q30,0.15925254432518576,0.18211406050222267,0.26310611182505594,0.6921696316325545,1.2524152289428456,0.4266609033985715,0.37325319253922284,0.4772727272727273,-0.15431267152947115,0.31457634595468886,-0.03939408037845813,-0.5342268586699337,1.5087268586699334,0.6818181818181818,0.38636363636363635,0.015735537190082645,0.06992049689441014,0.18251552795031054,30.34090909090909,0.02158579991826595,0.02062979840068091,44,0,0.29999999999999993,-0.02897121948055914,-0.00829598361465933,0.035497300168700896,negative option leg,drawdown cushion with visible return cost,continuous_30d_daily_mtm
mny_daily_0024,159915,159915_DTE30_OTM2_Q40_Hold,surface,main_stepA_common_sample,2022-09-30,2026-05-27,881,OTM2,0.02,0.4,Q40,0.14877373081102863,0.1689677783759267,0.24660004183891246,0.6851895770816706,1.2174521252716446,0.4108053663263189,0.3621513811795043,0.4772727272727273,-0.14979278896927384,0.27481514238884674,-0.05252544050461086,-0.5342268586699337,1.5087268586699336,0.6818181818181818,0.38636363636363635,0.02098071625344353,0.09322732919254687,0.24335403726708074,30.34090909090909,0.02158579991826595,0.02062979840068091,44,0,0.39999999999999997,-0.03945003299471628,-0.015276038165543238,0.046599111528419446,negative option leg,drawdown cushion with visible return cost,continuous_30d_daily_mtm
mny_daily_0025,159915,159915_DTE30_OTM2_Q50_Hold,surface,main_stepA_common_sample,2022-09-30,2026-05-27,881,OTM2,0.02,0.5,Q50,0.13789843722115047,0.1558214962496315,0.23092826976831451,0.6747614590710959,1.1745355653292446,0.39300007745228543,0.35088653955263627,0.4772727272727273,-0.14525280698845733,0.23575817759202233,-0.06565680063076355,-0.5342268586699338,1.508726858669934,0.6818181818181818,0.38636363636363635,0.02622589531680441,0.11653416149068357,0.3041925465838509,30.34090909090909,0.02158579991826595,0.02062979840068091,44,0,0.5,-0.05032532658459443,-0.025704156176117987,0.05786395315528747,negative option leg,drawdown cushion with visible return cost,continuous_30d_daily_mtm
mny_daily_0026,159915,159915_DTE30_OTM2_Q60_Hold,surface,main_stepA_common_sample,2022-09-30,2026-05-27,881,OTM2,0.02,0.6,Q60,0.12663543179568348,0.14267521412333434,0.2162722393406074,0.6597019319647169,1.122392701194417,0.3730529480408241,0.3394569925281101,0.4772727272727273,-0.14069265326029512,0.19739955269948317,-0.07878816075691626,-0.5342268586699337,1.5087268586699334,0.6818181818181818,0.38636363636363635,0.03147107438016529,0.13984099378882028,0.36503105590062107,30.34090909090909,0.02158579991826595,0.02062979840068091,44,0,0.5999999999999999,-0.06158833201006142,-0.04076368328249691,0.06929350017981362,negative option leg,drawdown cushion with visible return cost,continuous_30d_daily_mtm
mny_daily_0027,159915,159915_DTE30_OTM2_Q70_Hold,surface,main_stepA_common_sample,2022-09-30,2026-05-27,881,OTM2,0.02,0.7,Q70,0.11499356665452476,0.12952893199703916,0.20285223151001824,0.6385383637775862,1.0597783398963503,0.3507387108427395,0.3278610632348602,0.4772727272727273,-0.1361122552604639,0.15973336615833578,-0.09191952088306898,-0.5342268586699336,1.5087268586699334,0.6818181818181818,0.38636363636363635,0.03671625344352617,0.163147826086957,0.4258695652173913,30.34090909090909,0.02158579991826595,0.02062979840068091,44,0,0.7000000000000001,-0.07323019715122014,-0.06192725146962763,0.08088942947306355,negative option leg,drawdown cushion with visible return cost,continuous_30d_daily_mtm
mny_daily_0028,159915,159915_DTE30_OTM2_Q80_Hold,surface,main_stepA_common_sample,2022-09-30,2026-05-27,881,OTM2,0.02,0.8,Q80,0.10298177283917909,0.11638264987074323,0.19092905681369346,0.6095596543186623,0.9856806741030353,0.3257916048073655,0.31609707346532234,0.5,-0.13151154026670675,0.13637556956332775,-0.10505088100922172,-0.5342268586699337,1.5087268586699336,0.6818181818181818,0.38636363636363635,0.04196143250688706,0.18645465838509373,0.4867080745341615,30.34090909090909,0.02158579991826595,0.02062979840068091,44,0,0.7999999999999999,-0.08524199096656582,-0.09090596092855152,0.0926534192426014,negative option leg,drawdown cushion with visible return cost,continuous_30d_daily_mtm
mny_daily_0029,159915,159915_DTE30_OTM2_Q90_Hold,surface,main_stepA_common_sample,2022-09-30,2026-05-27,881,OTM2,0.02,0.9,Q90,0.09060905464364954,0.10323636774444676,0.1807990935566844,0.5710004719248217,0.9001314613297111,0.2978960364698314,0.304163344089426,0.5,-0.12689043535849787,0.13476821329517152,-0.11818224113537439,-0.5342268586699336,1.5087268586699336,0.6818181818181818,0.38636363636363635,0.04720661157024794,0.20976149068323044,0.5475465838509317,30.34090909090909,0.02158579991826595,0.02062979840068091,44,0,0.9000000000000002,-0.09761470916209536,-0.12946514332239212,0.10458714861849772,negative option leg,drawdown cushion with visible return cost,continuous_30d_daily_mtm
mny_daily_0030,159915,159915_DTE30_OTM2_Q100_Hold,surface,main_stepA_common_sample,2022-09-30,2026-05-27,881,OTM2,0.02,1.0,Q100,0.07788448324417518,0.0900900856181508,0.17277803770748845,0.5214209329699209,0.8041159761712624,0.26628732987542286,0.29248287284495234,0.5681818181818182,-0.12224886741670538,0.1331470469071414,-0.1313136012615271,-0.5342268586699338,1.508726858669934,0.6818181818181818,0.38636363636363635,0.05245179063360882,0.23306832298136715,0.6083850931677018,30.34090909090909,0.02158579991826595,0.02062979840068091,44,0,1.0,-0.11033928056156972,-0.17904468227729298,0.1162676198629714,negative option leg,drawdown cushion with visible return cost,continuous_30d_daily_mtm
mny_daily_0031,159915,159915_DTE30_OTM3_Q10_Hold,surface,main_stepA_common_sample,2022-09-30,2026-05-27,881,OTM3,0.03,0.1,Q10,0.1783728449733828,0.2081217049225391,0.2988543285914598,0.696398495894118,1.29819402132433,0.4489531714807784,0.3973083526396688,0.4772727272727273,-0.16329242670895439,0.3962350492136395,-0.013415956553397885,-0.630349285786861,1.6048492857868613,0.7045454545454546,0.36363636363636365,0.004589531680440772,0.023306832298136716,0.060838509316770185,30.34090909090909,0.029022524013672744,0.029412120903848038,44,0,0.09999999999999999,-0.00985091883236211,-0.004067119353095894,0.011442140068254947,negative option leg,drawdown cushion with visible return cost,continuous_30d_daily_mtm
mny_daily_0032,159915,159915_DTE30_OTM3_Q20_Hold,surface,main_stepA_common_sample,2022-09-30,2026-05-27,881,OTM3,0.03,0.2,Q20,0.168136629990435,0.19469050296396592,0.2819032009129098,0.6906289191945463,1.2699506335443378,0.4333300322229752,0.3880105635141352,0.4772727272727273,-0.15881252679851687,0.3550476840998802,-0.02683191310679577,-0.630349285786861,1.6048492857868613,0.7045454545454546,0.36363636363636365,0.009179063360881545,0.04661366459627343,0.12167701863354037,30.34090909090909,0.029022524013672744,0.029412120903848038,44,0,0.19999999999999998,-0.02008713381530991,-0.00983669605266757,0.02073992919378853,negative option leg,drawdown cushion with visible return cost,continuous_30d_daily_mtm
mny_daily_0033,159915,159915_DTE30_OTM3_Q30_Hold,surface,main_stepA_common_sample,2022-09-30,2026-05-27,881,OTM3,0.03,0.3,Q30,0.15752355435196042,0.1812593010053953,0.2655339165588628,0.6826220294356041,1.2359923097505539,0.4155596226081766,0.37906366687719906,0.4772727272727273,-0.15431267152947148,0.3145763459546891,-0.040247869660193634,-0.630349285786861,1.6048492857868606,0.7045454545454546,0.36363636363636365,0.013768595041322315,0.06992049689441014,0.18251552795031054,30.34090909090909,0.029022524013672744,0.029412120903848038,44,0,0.29999999999999993,-0.03070020945378449,-0.01784358581160972,0.029686825830724684,negative option leg,drawdown cushion with visible return cost,continuous_30d_daily_mtm
mny_daily_0034,159915,159915_DTE30_OTM3_Q40_Hold,surface,main_stepA_common_sample,2022-09-30,2026-05-27,881,OTM3,0.03,0.4,Q40,0.14654207740193037,0.1678280990468229,0.24986085766339294,0.6716862361567543,1.1951324844980329,0.3960452702336579,0.3700134515316237,0.5,-0.1497927889692735,0.2748151423888465,-0.05366382621359154,-0.630349285786861,1.6048492857868613,0.7045454545454546,0.36363636363636365,0.01835812672176309,0.09322732919254687,0.24335403726708074,30.34090909090909,0.029022524013672744,0.029412120903848038,44,0,0.39999999999999997,-0.04168168640381453,-0.028779379090459578,0.03873704117630006,negative option leg,drawdown cushion with visible return cost,continuous_30d_daily_mtm
mny_daily_0035,159915,159915_DTE30_OTM3_Q50_Hold,surface,main_stepA_common_sample,2022-09-30,2026-05-27,881,OTM3,0.03,0.5,Q50,0.1352006812833959,0.1543968970882504,0.23502335358967189,0.6569427877274381,1.1463222579301688,0.37466321687353255,0.360859233558102,0.5,-0.14525280698845733,0.23575817759202233,-0.06707978276698942,-0.6303492857868612,1.6048492857868608,0.7045454545454546,0.36363636363636365,0.02294765840220386,0.11653416149068357,0.3041925465838509,30.34090909090909,0.029022524013672744,0.029412120903848038,44,0,0.5,-0.053023082522349,-0.043522827519775764,0.04789125914982173,negative option leg,drawdown cushion with visible return cost,continuous_30d_daily_mtm
mny_daily_0036,159915,159915_DTE30_OTM3_Q60_Hold,surface,main_stepA_common_sample,2022-09-30,2026-05-27,881,OTM3,0.03,0.6,Q60,0.12350786913819345,0.14096569512967708,0.22118961653711963,0.6373070189125287,1.088529866966918,0.3512734688460381,0.3516003344742398,0.5,-0.14069265326029523,0.19739955269948206,-0.08049573932038727,-0.630349285786861,1.6048492857868606,0.7045454545454546,0.36363636363636365,0.02753719008264463,0.13984099378882028,0.36503105590062107,30.34090909090909,0.029022524013672744,0.029412120903848038,44,0,0.5999999999999999,-0.06471589466755145,-0.06315859633468512,0.05715015823368397,negative option leg,drawdown cushion with visible return cost,continuous_30d_daily_mtm
mny_daily_0037,159915,159915_DTE30_OTM3_Q70_Hold,surface,main_stepA_common_sample,2022-09-30,2026-05-27,881,OTM3,0.03,0.7,Q70,0.11147216258495796,0.12753449317110616,0.20855948165018187,0.6115017747551778,1.0208408016835047,0.3257171543653398,0.3422360814927343,0.5,-0.13611225526046422,0.1597333661583351,-0.09391169587378517,-0.630349285786861,1.6048492857868608,0.7045454545454546,0.36363636363636365,0.032126721763085404,0.163147826086957,0.4258695652173913,30.34090909090909,0.029022524013672744,0.029412120903848038,44,0,0.7000000000000001,-0.07675160122078695,-0.0889638404920361,0.06651441121518942,negative option leg,drawdown cushion with visible return cost,continuous_30d_daily_mtm
mny_daily_0038,159915,159915_DTE30_OTM3_Q80_Hold,surface,main_stepA_common_sample,2022-09-30,2026-05-27,881,OTM3,0.03,0.8,Q80,0.09910209849766716,0.11410329121253462,0.19736415454585363,0.578135839687267,0.9426084700100401,0.29781334554104044,0.3327658077834873,0.5,-0.13151154026670642,0.13637556956332686,-0.10732765242718308,-0.630349285786861,1.6048492857868613,0.7045454545454546,0.36363636363636365,0.03671625344352618,0.18645465838509373,0.4867080745341615,30.34090909090909,0.029022524013672744,0.029412120903848038,44,0,0.7999999999999999,-0.08912166530807775,-0.12232977555994684,0.07598468492443644,negative option leg,drawdown cushion with visible return cost,continuous_30d_daily_mtm
mny_daily_0039,159915,159915_DTE30_OTM3_Q90_Hold,surface,main_stepA_common_sample,2022-09-30,2026-05-27,881,OTM3,0.03,0.9,Q90,0.08640622510069251,0.10067208925396197,0.18786032791427545,0.5358879672556557,0.8539062384603116,0.26735521466234863,0.32318885273966946,0.5,-0.1268904353584972,0.13476821329517108,-0.12074360898058094,-0.6303492857868609,1.6048492857868608,0.7045454545454546,0.36363636363636365,0.041305785123966945,0.20976149068323044,0.5475465838509317,30.34090909090909,0.029022524013672744,0.029412120903848038,44,0,0.9000000000000002,-0.10181753870505239,-0.16457764799155816,0.08556163996825428,negative option leg,drawdown cushion with visible return cost,continuous_30d_daily_mtm
mny_daily_0040,159915,159915_DTE30_OTM3_Q100_Hold,surface,main_stepA_common_sample,2022-09-30,2026-05-27,881,OTM3,0.03,1.0,Q100,0.07339309739000455,0.08724088729538908,0.18031566016175926,0.4838231311530359,0.7561931140686742,0.23297197020727212,0.3150297322236133,0.5227272727272727,-0.12224886741670515,0.1331470469071403,-0.13415956553397884,-0.6303492857868612,1.6048492857868608,0.7045454545454546,0.36363636363636365,0.04589531680440772,0.23306832298136715,0.6083850931677018,30.34090909090909,0.029022524013672744,0.029412120903848038,44,0,1.0,-0.11483066641574036,-0.21664248409417797,0.09372076048431044,negative option leg,drawdown cushion with visible return cost,continuous_30d_daily_mtm
mny_daily_0041,159915,159915_DTE30_OTM4_Q10_Hold,surface,main_stepA_common_sample,2022-09-30,2026-05-27,881,OTM4,0.04,0.1,Q10,0.17979502958350246,0.2095510271271084,0.2996015789703215,0.6994323189059912,1.3044591571408628,0.45295479139801403,0.3969381337783786,0.4772727272727273,-0.16464852959316945,0.3962350492136386,-0.011988256734986187,-0.6486508403444438,1.623150840344444,0.7272727272727273,0.3409090909090909,0.004174015285126397,0.023306832298136716,0.060838509316770185,30.34090909090909,0.03784324254101982,0.03615540425866137,44,0,0.09999999999999999,-0.00842873422224244,-0.0010332963412226226,0.01181235892954513,negative option leg,drawdown cushion with visible return cost,continuous_30d_daily_mtm
mny_daily_0042,159915,159915_DTE30_OTM4_Q20_Hold,surface,main_stepA_common_sample,2022-09-30,2026-05-27,881,OTM4,0.04,0.2,Q20,0.17098196924925602,0.19754914737310503,0.28341158758075286,0.6970397684139047,1.283108247868248,0.44048022079968446,0.38817172979717707,0.4772727272727273,-0.161535324143113,0.35504768409987975,-0.023976513469972375,-0.6486508403444438,1.623150840344444,0.7272727272727273,0.3409090909090909,0.008348030570252794,0.04661366459627343,0.12167701863354037,30.34090909090909,0.03784324254101982,0.03615540425866137,44,0,0.19999999999999998,-0.017241794556488887,-0.003425846833309154,0.020578762910746673,negative option leg,drawdown cushion with visible return cost,continuous_30d_daily_mtm
mny_daily_0043,159915,159915_DTE30_OTM4_Q30_Hold,surface,main_stepA_common_sample,2022-09-30,2026-05-27,881,OTM4,0.04,0.3,Q30,0.16179110262106677,0.18554726761910167,0.26781488289938504,0.6928191055342121,1.2567456701988675,0.4265552568662528,0.3792969375402556,0.4772727272727273,-0.1584128056220998,0.3145763459546893,-0.03596477020495855,-0.6486508403444438,1.6231508403444435,0.7272727272727273,0.3409090909090909,0.012522045855379188,0.06992049689441014,0.18251552795031054,30.34090909090909,0.03784324254101982,0.03615540425866137,44,0,0.29999999999999993,-0.02643266118467813,-0.007646509713001737,0.029453555167668122,negative option leg,drawdown cushion with visible return cost,continuous_30d_daily_mtm
mny_daily_0044,159915,159915_DTE30_OTM4_Q40_Hold,surface,main_stepA_common_sample,2022-09-30,2026-05-27,881,OTM4,0.04,0.4,Q40,0.15222896267829178,0.17354538786509843,0.2529212460502588,0.6861637390107302,1.2242829930711179,0.41108216405662845,0.37031274034385386,0.4772727272727273,-0.1552809529750413,0.27481514238884697,-0.04795302693994475,-0.6486508403444438,1.623150840344444,0.7272727272727273,0.3409090909090909,0.016696061140505588,0.09322732919254687,0.24335403726708074,30.34090909090909,0.03784324254101982,0.03615540425866137,44,0,0.39999999999999997,-0.035994801127453124,-0.014301876236483602,0.03843775236406988,negative option leg,drawdown cushion with visible return cost,continuous_30d_daily_mtm
mny_daily_0045,159915,159915_DTE30_OTM4_Q50_Hold,surface,main_stepA_common_sample,2022-09-30,2026-05-27,881,OTM4,0.04,0.5,Q50,0.14230209595157817,0.16154350811109464,0.2388622271910219,0.6763041189509874,1.1847693940842425,0.3939506050865878,0.3612181174853154,0.5227272727272727,-0.15213974511623485,0.23575817759202233,-0.059941283674930936,-0.648650840344444,1.623150840344444,0.7272727272727273,0.3409090909090909,0.020870076425631982,0.11653416149068357,0.3041925465838509,30.34090909090909,0.03784324254101982,0.03615540425866137,44,0,0.5,-0.04592166785416674,-0.024161496296226437,0.047532375222608336,negative option leg,drawdown cushion with visible return cost,continuous_30d_daily_mtm
mny_daily_0046,159915,159915_DTE30_OTM4_Q60_Hold,surface,main_stepA_common_sample,2022-09-30,2026-05-27,881,OTM4,0.04,0.6,Q60,0.13201706216432907,0.1495416283570925,0.22579378230485184,0.6622929419517465,1.137269451212743,0.3750356395826974,0.35201204427191135,0.5227272727272727,-0.14898916092935477,0.19739955269948228,-0.0719295404099171,-0.6486508403444438,1.6231508403444435,0.7272727272727273,0.3409090909090909,0.025044091710758377,0.13984099378882028,0.36503105590062107,30.34090909090909,0.03784324254101982,0.03615540425866137,44,0,0.5999999999999999,-0.056206701641415835,-0.03817267329546736,0.05673844843601239,negative option leg,drawdown cushion with visible return cost,continuous_30d_daily_mtm
mny_daily_0047,159915,159915_DTE30_OTM4_Q70_Hold,surface,main_stepA_common_sample,2022-09-30,2026-05-27,881,OTM4,0.04,0.7,Q70,0.12138043314762093,0.13753974860308896,0.21389755106181535,0.643016939279219,1.0809535621144941,0.35419532595269854,0.3426934921321656,0.5227272727272727,-0.14582917926744698,0.1597333661583351,-0.0839177971449033,-0.6486508403444439,1.6231508403444441,0.7272727272727273,0.3409090909090909,0.029218106995884775,0.163147826086957,0.4258695652173913,30.34090909090909,0.03784324254101982,0.03615540425866137,44,0,0.7000000000000001,-0.06684333065812398,-0.057448675967994856,0.06605700057575814,negative option leg,drawdown cushion with visible return cost,continuous_30d_daily_mtm
mny_daily_0048,159915,159915_DTE30_OTM4_Q80_Hold,surface,main_stepA_common_sample,2022-09-30,2026-05-27,881,OTM4,0.04,0.8,Q80,0.11039879104393102,0.12553786884908535,0.2033793358401698,0.617259705025992,1.015300051256074,0.33126783219817657,0.33326142870970465,0.5454545454545454,-0.14265977895292636,0.1363755695633282,-0.0959060538798895,-0.6486508403444438,1.623150840344444,0.7272727272727273,0.3409090909090909,0.033392122281011176,0.18645465838509373,0.4867080745341615,30.34090909090909,0.03784324254101982,0.03615540425866137,44,0,0.7999999999999999,-0.07782497276181388,-0.08320591022122181,0.07548906399821909,negative option leg,drawdown cushion with visible return cost,continuous_30d_daily_mtm
mny_daily_0049,159915,159915_DTE30_OTM4_Q90_Hold,surface,main_stepA_common_sample,2022-09-30,2026-05-27,881,OTM4,0.04,0.9,Q90,0.09907872580828836,0.1135359890950817,0.1944628700219424,0.583844047361179,0.9402338495743205,0.3060679348346393,0.32371481795967316,0.5454545454545454,-0.13948093877756795,0.1347682132951722,-0.10789431061487567,-0.6486508403444435,1.6231508403444432,0.7272727272727273,0.3409090909090909,0.03756613756613757,0.20976149068323044,0.5475465838509317,30.34090909090909,0.03784324254101982,0.03615540425866137,44,0,0.9000000000000002,-0.08914503799745654,-0.11662156788603484,0.08503567474825058,negative option leg,drawdown cushion with visible return cost,continuous_30d_daily_mtm
mny_daily_0050,159915,159915_DTE30_OTM4_Q100_Hold,surface,main_stepA_common_sample,2022-09-30,2026-05-27,881,OTM4,0.04,1.0,Q100,0.08742683200895707,0.10153410934107888,0.18737695445648805,0.541870848715586,0.8569373579538085,0.2783827498079543,0.31405262024773273,0.5454545454545454,-0.13629263750250276,0.1331470469071414,-0.11988256734986187,-0.648650840344444,1.623150840344444,0.7272727272727273,0.3409090909090909,0.041740152851263965,0.23306832298136715,0.6083850931677018,30.34090909090909,0.03784324254101982,0.03615540425866137,44,0,1.0,-0.10079693179678784,-0.15859476653162785,0.09469787246019101,negative option leg,drawdown cushion with visible return cost,continuous_30d_daily_mtm
mny_daily_0051,159915,159915_DTE30_OTM5_Q10_Hold,surface,main_stepA_common_sample,2022-09-30,2026-05-27,881,OTM5,0.05,0.1,Q10,0.18046384521133896,0.2104803614110069,0.3008394723691763,0.699643433600745,1.306710778458811,0.44967091358356487,0.4013242568285492,0.4772727272727273,-0.16511921957562203,0.4015617643259495,-0.011059977314066449,-0.7750622143676484,1.7495622143676484,0.75,0.2727272727272727,0.0034380165289256194,0.020908074534161547,0.05877639751552795,30.34090909090909,0.05212806928834041,0.05339092807965806,44,0,0.09999999999999999,-0.007759918594405946,-0.0008221816464688558,0.007426235879374521,negative option leg,drawdown cushion with visible return cost,continuous_30d_daily_mtm
mny_daily_0052,159915,159915_DTE30_OTM5_Q20_Hold,surface,main_stepA_common_sample,2022-09-30,2026-05-27,881,OTM5,0.05,0.2,Q20,0.17234000841817565,0.19940781594090132,0.2859245850047554,0.6974140259312952,1.2878033303804153,0.43719170976537974,0.3941977959981502,0.4772727272727273,-0.16247918019269458,0.3654443833604435,-0.022119954628132897,-0.7750622143676484,1.7495622143676484,0.75,0.2727272727272727,0.006876033057851239,0.041816149068323094,0.1175527950310559,30.34090909090909,0.05212806928834041,0.05339092807965806,44,0,0.19999999999999998,-0.015883755387569254,-0.003051589315918646,0.01455269670977355,negative option leg,drawdown cushion with visible return cost,continuous_30d_daily_mtm
mny_daily_0053,159915,159915_DTE30_OTM5_Q30_Hold,surface,main_stepA_common_sample,2022-09-30,2026-05-27,881,OTM5,0.05,0.3,Q30,0.16385783873737747,0.18833527047079565,0.27163796948538727,0.693331903590625,1.2641072439080618,0.421838698621884,0.38843719002710986,0.4772727272727273,-0.15983231061270475,0.32979030176762203,-0.03317993194219932,-0.7750622143676485,1.7495622143676486,0.75,0.2727272727272727,0.010314049586776857,0.06272422360248464,0.17632919254658383,30.34090909090909,0.05212806928834041,0.05339092807965806,44,0,0.29999999999999993,-0.024365925068367433,-0.007133711656588826,0.020313302680813883,negative option leg,drawdown cushion with visible return cost,continuous_30d_daily_mtm
mny_daily_0054,159915,159915_DTE30_OTM5_Q40_Hold,surface,main_stepA_common_sample,2022-09-30,2026-05-27,881,OTM5,0.05,0.4,Q40,0.15502286919716757,0.17726272500069046,0.2580839836242692,0.6868412464477373,1.2346281881486816,0.4051446924296202,0.3826358140532654,0.4772727272727273,-0.15717859657726485,0.29459762995974215,-0.044239909256265794,-0.7750622143676484,1.7495622143676484,0.75,0.2727272727272727,0.013752066115702477,0.08363229813664619,0.2351055900621118,30.34090909090909,0.05212806928834041,0.05339092807965806,44,0,0.39999999999999997,-0.033200894608577336,-0.013624368799476594,0.02611467865465833,negative option leg,drawdown cushion with visible return cost,continuous_30d_daily_mtm
mny_daily_0055,159915,159915_DTE30_OTM5_Q50_Hold,surface,main_stepA_common_sample,2022-09-30,2026-05-27,881,OTM5,0.05,0.5,Q50,0.14584058301557246,0.16619017953058546,0.24538405963270157,0.6772655883978123,1.1985740663526285,0.38705700027895956,0.3767935547231087,0.4772727272727273,-0.1545180238048276,0.2598644740065963,-0.05529988657033223,-0.7750622143676487,1.7495622143676488,0.75,0.2727272727272727,0.017190082644628096,0.10454037267080774,0.2938819875776397,30.34090909090909,0.05212806928834041,0.05339092807965806,44,0,0.5,-0.04238318079017245,-0.02320002684940159,0.031956937984815026,negative option leg,drawdown cushion with visible return cost,continuous_30d_daily_mtm
mny_daily_0056,159915,159915_DTE30_OTM5_Q60_Hold,surface,main_stepA_common_sample,2022-09-30,2026-05-27,881,OTM5,0.05,0.6,Q60,0.13631641524245897,0.1551176340604808,0.2336774889061926,0.6638107709328869,1.155127265632046,0.3675185480810391,0.37091030086568777,0.5,-0.15185057799066026,0.22558893564803184,-0.06635986388439864,-0.7750622143676485,1.7495622143676486,0.75,0.2727272727272727,0.020628099173553714,0.12544844720496928,0.35265838509316766,30.34090909090909,0.05212806928834041,0.05339092807965806,44,0,0.5999999999999999,-0.05190734856328594,-0.03665484431432697,0.03784019184223597,negative option leg,drawdown cushion with visible return cost,continuous_30d_daily_mtm
mny_daily_0057,159915,159915_DTE30_OTM5_Q70_Hold,surface,main_stepA_common_sample,2022-09-30,2026-05-27,881,OTM5,0.05,0.7,Q70,0.12645575359775285,0.144045088590375,0.2231206823725841,0.6455927216547205,1.103630663219576,0.34646746220618513,0.36498594353572567,0.5227272727272727,-0.14917624480681535,0.1917691123064924,-0.0774198411984651,-0.7750622143676484,1.7495622143676486,0.75,0.2727272727272727,0.024066115702479334,0.14635652173913083,0.4114347826086956,30.34090909090909,0.05212806928834041,0.05339092807965806,44,0,0.7000000000000001,-0.06176801020799205,-0.054872893592493366,0.043764549172198075,negative option leg,drawdown cushion with visible return cost,continuous_30d_daily_mtm
mny_daily_0058,159915,159915_DTE30_OTM5_Q80_Hold,surface,main_stepA_common_sample,2022-09-30,2026-05-27,881,OTM5,0.05,0.8,Q80,0.11626393852443995,0.13297254312027001,0.2138839567722102,0.6217041480202644,1.0436735728506161,0.3238366017029121,0.359020376057122,0.5,-0.14649500990210618,0.15840309709957756,-0.08847981851253159,-0.7750622143676484,1.7495622143676484,0.75,0.2727272727272727,0.027504132231404955,0.16726459627329238,0.4702111801242236,30.34090909090909,0.05212806928834041,0.05339092807965806,44,0,0.7999999999999999,-0.07195982528130496,-0.07876146722694943,0.04973011665080174,negative option leg,drawdown cushion with visible return cost,continuous_30d_daily_mtm
mny_daily_0059,159915,159915_DTE30_OTM5_Q90_Hold,surface,main_stepA_common_sample,2022-09-30,2026-05-27,881,OTM5,0.05,0.9,Q90,0.1057462624669887,0.12189999765016475,0.20614483502598638,0.5913318062749339,0.9753708195457425,0.29955303195001626,0.35301349406683236,0.5227272727272727,-0.14380685890207978,0.1392182324154243,-0.09953979582659801,-0.7750622143676484,1.7495622143676488,0.75,0.2727272727272727,0.030942148760330575,0.18817267080745392,0.5289875776397516,30.34090909090909,0.05212806928834041,0.05339092807965806,44,0,0.9000000000000002,-0.0824775013387562,-0.10913380897227998,0.055736998641091384,negative option leg,drawdown cushion with visible return cost,continuous_30d_daily_mtm
mny_daily_0060,159915,159915_DTE30_OTM5_Q100_Hold,surface,main_stepA_common_sample,2022-09-30,2026-05-27,881,OTM5,0.05,1.0,Q100,0.09490796837785953,0.11082745218005977,0.2000771776901876,0.5539235082157753,0.8997675665640283,0.2735374313983355,0.3469651955591079,0.5454545454545454,-0.1411117774089884,0.13815287556074884,-0.11059977314066446,-0.7750622143676487,1.7495622143676488,0.75,0.2727272727272727,0.03438016528925619,0.20908074534161547,0.5877639751552795,30.34090909090909,0.05212806928834041,0.05339092807965806,44,0,1.0,-0.09331579542788537,-0.14654210703143855,0.061785297148815865,negative option leg,drawdown cushion with visible return cost,continuous_30d_daily_mtm
mny_daily_0061,159915,159915_DTE30_OTM7_Q10_Hold,surface,main_stepA_common_sample,2022-09-30,2026-05-27,881,OTM7,0.07,0.1,Q10,0.18180247458599763,0.21198706478491974,0.3020861469150455,0.7017437474368398,1.3116746783200024,0.45144320232499185,0.40271394862009435,0.4772727272727273,-0.1659575724485396,0.4015617643259486,-0.009554984159646887,-0.90922102407861,1.88372102407861,0.7954545454545454,0.25,0.0023687692986325546,0.020908074534161547,0.05877639751552795,30.34090909090909,0.07007411031959836,0.07162395348634776,44,0,0.09999999999999999,-0.006421289219747273,0.0012781321896259135,0.0060365440878293875,near-flat option leg,"risk-adjusted defensive tradeoff, not a return upgrade",continuous_30d_daily_mtm
mny_daily_0062,159915,159915_DTE30_OTM7_Q20_Hold,surface,main_stepA_common_sample,2022-09-30,2026-05-27,881,OTM7,0.07,0.2,Q20,0.17503408295158507,0.2024212226887271,0.2884400982531292,0.7017790657909371,1.2982577754782145,0.4391317743135415,0.3985912502578558,0.4772727272727273,-0.1641596165359812,0.36544438336044305,-0.019109968319293773,-0.90922102407861,1.88372102407861,0.7954545454545454,0.25,0.004737538597265109,0.041816149068323094,0.1175527950310559,30.34090909090909,0.07007411031959836,0.07162395348634776,44,0,0.19999999999999998,-0.013189680854159835,0.001313450543723227,0.01015924245006794,negative option leg,"risk-adjusted defensive tradeoff, not a return upgrade",continuous_30d_daily_mtm
mny_daily_0063,159915,159915_DTE30_OTM7_Q30_Hold,surface,main_stepA_common_sample,2022-09-30,2026-05-27,881,OTM7,0.07,0.3,Q30,0.16792236655651127,0.192855380592536,0.2754390972768781,0.7001743125765225,1.2806814685476449,0.4250503182350392,0.39506467670412515,0.4772727272727273,-0.16235857123359299,0.32979030176762114,-0.02866495247894067,-0.90922102407861,1.88372102407861,0.7954545454545454,0.25,0.007106307895897663,0.06272422360248464,0.17632919254658383,30.34090909090909,0.07007411031959836,0.07162395348634776,44,0,0.29999999999999993,-0.020301397249233633,-0.0002913026706913291,0.01368581600379859,negative option leg,drawdown cushion with visible return cost,continuous_30d_daily_mtm
mny_daily_0064,159915,159915_DTE30_OTM7_Q40_Hold,surface,main_stepA_common_sample,2022-09-30,2026-05-27,881,OTM7,0.07,0.4,Q40,0.16047101128657126,0.18328953849634388,0.26317875720365164,0.6964450339527659,1.2580791216846239,0.40986427713489604,0.3915223166271611,0.4772727272727273,-0.1605544325123066,0.29459762995974215,-0.03821993663858755,-0.90922102407861,1.88372102407861,0.7954545454545454,0.25,0.009475077194530218,0.08363229813664619,0.2351055900621118,30.34090909090909,0.07007411031959836,0.07162395348634776,44,0,0.39999999999999997,-0.02775275251917364,-0.0040205812944479336,0.01722817608076266,negative option leg,drawdown cushion with visible return cost,continuous_30d_daily_mtm
mny_daily_0065,159915,159915_DTE30_OTM7_Q50_Hold,surface,main_stepA_common_sample,2022-09-30,2026-05-27,881,OTM7,0.07,0.5,Q50,0.15268361444541556,0.1737236964001511,0.25176730543091974,0.6900169031193673,1.2297638680502825,0.3935508438845916,0.387964139368457,0.4772727272727273,-0.158747196339447,0.25986447400659585,-0.04777492079823444,-0.90922102407861,1.8837210240786098,0.7954545454545454,0.25,0.011843846493162773,0.10454037267080774,0.2938819875776397,30.34090909090909,0.07007411031959836,0.07162395348634776,44,0,0.5,-0.03554014936032934,-0.010448712127846593,0.020786353339466768,negative option leg,drawdown cushion with visible return cost,continuous_30d_daily_mtm
mny_daily_0066,159915,159915_DTE30_OTM7_Q60_Hold,surface,main_stepA_common_sample,2022-09-30,2026-05-27,881,OTM7,0.07,0.6,Q60,0.1445636870952074,0.16415785430395965,0.24132519518434836,0.6802350420914794,1.1951083736878612,0.3760858607136341,0.38439011458950756,0.4772727272727273,-0.1569368586787453,0.22558893564803162,-0.05732990495788134,-0.90922102407861,1.88372102407861,0.7954545454545454,0.25,0.014212615791795327,0.12544844720496928,0.35265838509316766,30.34090909090909,0.07007411031959836,0.07162395348634776,44,0,0.5999999999999999,-0.04366007671053751,-0.0202305731557344,0.02436037811841618,negative option leg,drawdown cushion with visible return cost,continuous_30d_daily_mtm
mny_daily_0067,159915,159915_DTE30_OTM7_Q70_Hold,surface,main_stepA_common_sample,2022-09-30,2026-05-27,881,OTM7,0.07,0.7,Q70,0.1361146555729591,0.15459201220776686,0.23198336035955677,0.6663926756132892,1.1535836958037116,0.3574437492019186,0.3808002122763894,0.4772727272727273,-0.15512341549032482,0.1917691123064924,-0.06688488911752818,-0.9092210240786103,1.8837210240786102,0.7954545454545454,0.25,0.01658138509042788,0.14635652173913083,0.4114347826086956,30.34090909090909,0.07007411031959836,0.07162395348634776,44,0,0.7000000000000001,-0.052109108232785806,-0.03407293963392466,0.027950280431534358,negative option leg,drawdown cushion with visible return cost,continuous_30d_daily_mtm
mny_daily_0068,159915,159915_DTE30_OTM7_Q80_Hold,surface,main_stepA_common_sample,2022-09-30,2026-05-27,881,OTM7,0.07,0.8,Q80,0.12733986219493842,0.14502617011157554,0.2238795771007049,0.6477865108988493,1.1048641585233554,0.3375974332292499,0.37719440274436755,0.5,-0.15330686273070615,0.15840309709957756,-0.0764398732771751,-0.90922102407861,1.88372102407861,0.7954545454545454,0.25,0.018950154389060437,0.16726459627329238,0.4702111801242236,30.34090909090909,0.07007411031959836,0.07162395348634776,44,0,0.7999999999999999,-0.06088390161080648,-0.052679104348364536,0.03155608996355619,negative option leg,drawdown cushion with visible return cost,continuous_30d_daily_mtm
mny_daily_0069,159915,159915_DTE30_OTM7_Q90_Hold,surface,main_stepA_common_sample,2022-09-30,2026-05-27,881,OTM7,0.07,0.9,Q90,0.11824256515294596,0.1354603280153842,0.2171524959746015,0.6238027677620057,1.0489420231974704,0.3165182543488095,0.37357265664254635,0.5,-0.15148719635280772,0.13921823241542408,-0.085994857436822,-0.9092210240786106,1.8837210240786104,0.7954545454545454,0.25,0.021318923687692993,0.18817267080745392,0.5289875776397516,30.34090909090909,0.07007411031959836,0.07162395348634776,44,0,0.9000000000000002,-0.06998119865279895,-0.07666284748520813,0.03517783606537739,negative option leg,drawdown cushion with visible return cost,continuous_30d_daily_mtm
mny_daily_0070,159915,159915_DTE30_OTM7_Q100_Hold,surface,main_stepA_common_sample,2022-09-30,2026-05-27,881,OTM7,0.07,1.0,Q100,0.1088259375976206,0.125894485919192,0.21193325335901994,0.594028940356631,0.9864537214883441,0.29417587897736036,0.3699349449585423,0.5227272727272727,-0.14966441230593663,0.13815287556074862,-0.09554984159646888,-0.90922102407861,1.8837210240786098,0.7954545454545454,0.25,0.023687692986325545,0.20908074534161547,0.5877639751552795,30.34090909090909,0.07007411031959836,0.07162395348634776,44,0,1.0,-0.0793978262081243,-0.10643667489058284,0.03881554774938145,negative option leg,drawdown cushion with visible return cost,continuous_30d_daily_mtm
510050_buyhold,510050,510050_ETF_BuyHold,buyhold,main_stepA_common_sample,2022-09-30,2026-05-27,881,BuyHold,,0.0,Q0,0.03695318912880241,0.04976712078668265,0.1645041165703348,0.30252811798423535,0.5295415238244536,0.1711863997202571,0.2158652158652158,0.5,-0.11962264150943391,0.1976121860848088,0.0,,,,,0.0,0.0,0.0,,,,0,0,0.0,0.0,0.0,0.0,pure ETF baseline,baseline,continuous_30d_daily_mtm
mny_daily_0071,510050,510050_DTE30_ATM_Q10_Hold,surface,main_stepA_common_sample,2022-09-30,2026-05-27,881,ATM,0.0,0.1,Q10,0.040455226370197606,0.0516915557229597,0.15538050077272136,0.33267723727168397,0.5781594338626789,0.20029690547215462,0.2019762925185168,0.5,-0.11657780180646471,0.17927700186554874,0.0019222505606400636,0.0892242591276646,0.8852757408723356,0.6818181818181818,0.5681818181818182,0.0027300970873786403,0.009212903225806477,0.017891129032258066,30.34090909090909,-0.00037468819565165577,-0.0009804551019562124,44,0,0.09999999999999999,0.003502037241395195,0.030149119287448622,0.013888923346699,positive option leg,dominates buyhold in this diagnostic grid,continuous_30d_daily_mtm
mny_daily_0072,510050,510050_DTE30_ATM_Q20_Hold,surface,main_stepA_common_sample,2022-09-30,2026-05-27,881,ATM,0.0,0.2,Q20,0.04384840923202327,0.05361599065923669,0.1464893246613988,0.3660061290006409,0.6306457904010465,0.23336835232012407,0.18789355452908207,0.5227272727272727,-0.11352499255490811,0.16112740842230489,0.003844501121280127,0.0892242591276646,0.8852757408723356,0.6818181818181818,0.5681818181818182,0.0054601941747572805,0.018425806451612955,0.03578225806451613,30.34090909090909,-0.00037468819565165577,-0.0009804551019562124,44,0,0.19999999999999998,0.006895220103220856,0.06347801101640554,0.027971661336133713,positive option leg,dominates buyhold in this diagnostic grid,continuous_30d_daily_mtm
mny_daily_0073,510050,510050_DTE30_ATM_Q30_Hold,surface,main_stepA_common_sample,2022-09-30,2026-05-27,881,ATM,0.0,0.3,Q30,0.04713147483075919,0.055540425595513546,0.13787556355895478,0.40283008940713994,0.6871080131701667,0.27124404822886905,0.17376040189088615,0.5454545454545454,-0.11046419989233047,0.1431624351502654,0.005766751681920191,0.08922425912766466,0.8852757408723353,0.6818181818181818,0.5681818181818182,0.00819029126213592,0.02763870967741943,0.053673387096774196,30.34090909090909,-0.00037468819565165577,-0.0009804551019562124,44,0,0.29999999999999993,0.01017828570195678,0.10030197142290459,0.042104813974329636,positive option leg,dominates buyhold in this diagnostic grid,continuous_30d_daily_mtm
mny_daily_0074,510050,510050_DTE30_ATM_Q40_Hold,surface,main_stepA_common_sample,2022-09-30,2026-05-27,881,ATM,0.0,0.4,Q40,0.050303182252381395,0.05746486053179034,0.12959454610909257,0.4434203618678249,0.7473595656087184,0.3155079727798472,0.15943553441510516,0.5681818181818182,-0.10739540994988739,0.12538111174872069,0.007689002242560254,0.0892242591276646,0.8852757408723356,0.6818181818181818,0.5681818181818182,0.010920388349514561,0.03685161290322591,0.07156451612903227,30.34090909090909,-0.00037468819565165577,-0.0009804551019562124,44,0,0.39999999999999997,0.013349993123578985,0.14089224388358956,0.056429681450110625,positive option leg,dominates buyhold in this diagnostic grid,continuous_30d_daily_mtm
mny_daily_0075,510050,510050_DTE30_ATM_Q50_Hold,surface,main_stepA_common_sample,2022-09-30,2026-05-27,881,ATM,0.0,0.5,Q50,0.05336231314398199,0.05938929546806726,0.12171420748343115,0.4879405346015327,0.8110273745862819,0.3682255821729864,0.14491745203871587,0.5681818181818182,-0.10431860885237498,0.10778246822924387,0.009611252803200316,0.0892242591276646,0.8852757408723353,0.6818181818181818,0.5681818181818182,0.0136504854368932,0.04606451612903238,0.08945564516129033,30.34090909090909,-0.00037468819565165577,-0.0009804551019562124,44,0,0.5,0.016409124015179577,0.18541241661729735,0.07094776382649992,positive option leg,dominates buyhold in this diagnostic grid,continuous_30d_daily_mtm
mny_daily_0076,510050,510050_DTE30_ATM_Q60_Hold,surface,main_stepA_common_sample,2022-09-30,2026-05-27,881,ATM,0.0,0.6,Q60,0.05630767229817568,0.06131373040434466,0.11431743870903242,0.5363462573755176,0.8773962624384904,0.43245478349335775,0.13020476231832578,0.5681818181818182,-0.10123378271828021,0.09601736294995766,0.011533503363840382,0.08922425912766466,0.8852757408723353,0.6818181818181818,0.5681818181818182,0.01638058252427184,0.05527741935483886,0.10734677419354839,30.34090909090909,-0.00037468819565165577,-0.0009804551019562124,44,0,0.5999999999999999,0.01935448316937327,0.2338181393912822,0.08566045354689,positive option leg,dominates buyhold in this diagnostic grid,continuous_30d_daily_mtm
mny_daily_0077,510050,510050_DTE30_ATM_Q70_Hold,surface,main_stepA_common_sample,2022-09-30,2026-05-27,881,ATM,0.0,0.7,Q70,0.059138088229920394,0.06323816534062181,0.10750410155079064,0.5882395594994555,0.9451344738462877,0.49048232416883114,0.12057129343067663,0.6136363636363636,-0.0981409176598278,0.08976871505736561,0.013455753924480441,0.0892242591276646,0.8852757408723353,0.6818181818181818,0.5681818181818182,0.01911067961165048,0.06449032258064534,0.12523790322580644,30.34090909090909,-0.00037468819565165577,-0.0009804551019562124,44,0,0.7000000000000001,0.022184899101117983,0.28571144151522015,0.09529392243453916,positive option leg,dominates buyhold in this diagnostic grid,continuous_30d_daily_mtm
mny_daily_0078,510050,510050_DTE30_ATM_Q80_Hold,surface,main_stepA_common_sample,2022-09-30,2026-05-27,881,ATM,0.0,0.8,Q80,0.0618524137454195,0.06516260027689907,0.10139188071570468,0.6426806546730324,1.012681817816856,0.5536758764934828,0.11171231467973763,0.6590909090909091,-0.09503999978303446,0.08353114682639284,0.015378004485120509,0.0892242591276646,0.8852757408723356,0.6818181818181818,0.5681818181818182,0.021840776699029122,0.07370322580645182,0.14312903225806453,30.34090909090909,-0.00037468819565165577,-0.0009804551019562124,44,0,0.7999999999999999,0.02489922461661709,0.340152536688797,0.10415290118547815,positive option leg,dominates buyhold in this diagnostic grid,continuous_30d_daily_mtm
mny_daily_0079,510050,510050_DTE30_ATM_Q90_Hold,surface,main_stepA_common_sample,2022-09-30,2026-05-27,881,ATM,0.0,0.9,Q90,0.06444952650272628,0.06708703521317604,0.09611462774972572,0.6979898563189044,1.0783157226621234,0.6266228338966366,0.10285218318960498,0.7045454545454546,-0.09193101518775693,0.07730480857352173,0.01730025504576057,0.08922425912766462,0.8852757408723354,0.6818181818181818,0.5681818181818182,0.024570873786407762,0.0829161290322583,0.1610201612903226,30.34090909090909,-0.00037468819565165577,-0.0009804551019562124,44,0,0.9000000000000002,0.027496337373923874,0.3954617383346691,0.1130130326756108,positive option leg,dominates buyhold in this diagnostic grid,continuous_30d_daily_mtm
mny_daily_0080,510050,510050_DTE30_ATM_Q100_Hold,surface,main_stepA_common_sample,2022-09-30,2026-05-27,881,ATM,0.0,1.0,Q100,0.06692832956372352,0.0690114701494536,0.0918164278734728,0.7516244287411675,1.1393928297704081,0.7115376943748405,0.09406153755849433,0.7045454545454546,-0.0888139499677465,0.07108984969216103,0.019222505606400632,0.0892242591276646,0.8852757408723353,0.6818181818181818,0.5681818181818182,0.0273009708737864,0.09212903225806476,0.17891129032258066,30.34090909090909,-0.00037468819565165577,-0.0009804551019562124,44,0,1.0,0.02997514043492111,0.4490963107569322,0.12180367830672145,positive option leg,dominates buyhold in this diagnostic grid,continuous_30d_daily_mtm
mny_daily_0081,510050,510050_DTE30_OTM1_Q10_Hold,surface,main_stepA_common_sample,2022-09-30,2026-05-27,881,OTM1,0.01,0.1,Q10,0.03887128583346544,0.05035871634573947,0.15660732577343428,0.3215604129438621,0.5585570460503574,0.18841899944156873,0.20630236838466998,0.5,-0.11735557719261724,0.1792770018655485,0.0005909240544498586,0.04743221152692718,0.9270677884730728,0.7045454545454546,0.45454545454545453,0.002357281553398058,0.009212903225806477,0.017891129032258066,30.34090909090909,0.01112835486373821,0.010500668603256824,44,0,0.09999999999999999,0.0019180967046630304,0.019032294959626772,0.00956284748054581,positive option leg,dominates buyhold in this diagnostic grid,continuous_30d_daily_mtm
mny_daily_0082,510050,510050_DTE30_OTM1_Q20_Hold,surface,main_stepA_common_sample,2022-09-30,2026-05-27,881,OTM1,0.01,0.2,Q20,0.04069312465366326,0.05095031190479562,0.14894610485904297,0.34207213376283385,0.5888897775817518,0.20691271690304303,0.19666806981579388,0.5227272727272727,-0.11508397896711542,0.16112740842230555,0.0011818481088997173,0.04743221152692718,0.9270677884730728,0.7045454545454546,0.45454545454545453,0.004714563106796116,0.018425806451612955,0.03578225806451613,30.34090909090909,0.01112835486373821,0.010500668603256824,44,0,0.19999999999999998,0.003739935524860849,0.03954401577859851,0.01919714604942191,positive option leg,dominates buyhold in this diagnostic grid,continuous_30d_daily_mtm
mny_daily_0083,510050,510050_DTE30_OTM1_Q30_Hold,surface,main_stepA_common_sample,2022-09-30,2026-05-27,881,OTM1,0.01,0.3,Q30,0.042418081728406554,0.051541907463853995,0.14155870643980065,0.36410270169975556,0.6203904734667548,0.22673792956082725,0.1870797788908406,0.5454545454545454,-0.1128078402702879,0.14316243515026472,0.0017727721633495758,0.04743221152692711,0.9270677884730728,0.7045454545454546,0.45454545454545453,0.0070718446601941735,0.02763870967741943,0.053673387096774196,30.34090909090909,0.01112835486373821,0.010500668603256824,44,0,0.29999999999999993,0.005464892599604143,0.061574583715520215,0.02878543697437519,positive option leg,dominates buyhold in this diagnostic grid,continuous_30d_daily_mtm
mny_daily_0084,510050,510050_DTE30_OTM1_Q40_Hold,surface,main_stepA_common_sample,2022-09-30,2026-05-27,881,OTM1,0.01,0.4,Q40,0.04404554881671152,0.052133503022909956,0.13449026037075143,0.38763775814837975,0.652716331532508,0.2482751994882238,0.17740615618275113,0.5454545454545454,-0.11052715453372253,0.12538111174872046,0.0023636962177994345,0.04743221152692718,0.9270677884730728,0.7045454545454546,0.45454545454545453,0.009429126213592232,0.03685161290322591,0.07156451612903227,30.34090909090909,0.01112835486373821,0.010500668603256824,44,0,0.39999999999999997,0.007092359687909111,0.0851096401641444,0.03845905968246466,positive option leg,dominates buyhold in this diagnostic grid,continuous_30d_daily_mtm
mny_daily_0085,510050,510050_DTE30_OTM1_Q50_Hold,surface,main_stepA_common_sample,2022-09-30,2026-05-27,881,OTM1,0.01,0.5,Q50,0.04557493355503284,0.05272509858196801,0.12779370269981832,0.412579786547205,0.6854819776555253,0.2718507349700302,0.16764690211360722,0.5454545454545454,-0.10824191518323423,0.10778246822924364,0.002954620272249289,0.04743221152692716,0.927067788473073,0.7045454545454546,0.45454545454545453,0.01178640776699029,0.04606451612903238,0.08945564516129033,30.34090909090909,0.01112835486373821,0.010500668603256824,44,0,0.5,0.008621744426230427,0.11005166856296966,0.048218313751608566,positive option leg,dominates buyhold in this diagnostic grid,continuous_30d_daily_mtm
mny_daily_0086,510050,510050_DTE30_OTM1_Q60_Hold,surface,main_stepA_common_sample,2022-09-30,2026-05-27,881,OTM1,0.01,0.6,Q60,0.04700565970888615,0.05331669414102575,0.12153052420820368,0.43871031157312096,0.7181605872889345,0.29787798606173044,0.15780172388819957,0.5681818181818182,-0.10595211563886531,0.09827647344118273,0.0035455443266991515,0.04743221152692711,0.9270677884730728,0.7045454545454546,0.45454545454545453,0.014143689320388347,0.05527741935483886,0.10734677419354839,30.34090909090909,0.01112835486373821,0.010500668603256824,44,0,0.5999999999999999,0.010052470580083739,0.1361821935888856,0.05806349197701621,positive option leg,dominates buyhold in this diagnostic grid,continuous_30d_daily_mtm
mny_daily_0087,510050,510050_DTE30_OTM1_Q70_Hold,surface,main_stepA_common_sample,2022-09-30,2026-05-27,881,OTM1,0.01,0.7,Q70,0.04833716741860661,0.05390828970008219,0.11577108329961416,0.46564554950710957,0.7500543772642971,0.3268888733338425,0.14787033564535312,0.5909090909090909,-0.10365774931488414,0.09239928417467747,0.004136468381149009,0.04743221152692711,0.9270677884730727,0.7045454545454546,0.45454545454545453,0.016500970873786405,0.06449032258064534,0.12523790322580644,30.34090909090909,0.01112835486373821,0.010500668603256824,44,0,0.7000000000000001,0.011383978289804197,0.16311743152287422,0.06799488021986266,positive option leg,dominates buyhold in this diagnostic grid,continuous_30d_daily_mtm
mny_daily_0088,510050,510050_DTE30_OTM1_Q80_Hold,surface,main_stepA_common_sample,2022-09-30,2026-05-27,881,OTM1,0.01,0.8,Q80,0.049568913439077766,0.054499885259139645,0.11059410785329314,0.49279194269043347,0.780416773818673,0.35957946589281703,0.13785245861022888,0.6136363636363636,-0.10135880961978594,0.08653167158857711,0.004727392435598869,0.04743221152692718,0.9270677884730728,0.7045454545454546,0.45454545454545453,0.018858252427184464,0.07370322580645182,0.14312903225806453,30.34090909090909,0.01112835486373821,0.010500668603256824,44,0,0.7999999999999999,0.012615724310275356,0.19026382470619813,0.07801275725498691,positive option leg,dominates buyhold in this diagnostic grid,continuous_30d_daily_mtm
mny_daily_0089,510050,510050_DTE30_OTM1_Q90_Hold,surface,main_stepA_common_sample,2022-09-30,2026-05-27,881,OTM1,0.01,0.9,Q90,0.0507003713733154,0.05509148081819647,0.10608490564081036,0.5193149815745609,0.8084791189562134,0.39687856026169976,0.12774782124759732,0.6363636363636364,-0.09905528995629054,0.08067376487396238,0.005318316490048717,0.047432211526927136,0.9270677884730729,0.7045454545454546,0.45454545454545453,0.021215533980582523,0.0829161290322583,0.1610201612903226,30.34090909090909,0.01112835486373821,0.010500668603256824,44,0,0.9000000000000002,0.01374718224451299,0.21678686359032556,0.08811739461761847,positive option leg,dominates buyhold in this diagnostic grid,continuous_30d_daily_mtm
mny_daily_0090,510050,510050_DTE30_OTM1_Q100_Hold,surface,main_stepA_common_sample,2022-09-30,2026-05-27,881,OTM1,0.01,1.0,Q100,0.05173103189979966,0.05568307637725443,0.10233179011054017,0.5441425027071727,0.8332285862052989,0.4280242224823634,0.120860056937388,0.6590909090909091,-0.09674718372134383,0.07482569246696191,0.005909240544498578,0.04743221152692716,0.927067788473073,0.7045454545454546,0.45454545454545453,0.02357281553398058,0.09212903225806476,0.17891129032258066,30.34090909090909,0.01112835486373821,0.010500668603256824,44,0,1.0,0.014777842770997252,0.24161438472293734,0.09500515892782779,positive option leg,dominates buyhold in this diagnostic grid,continuous_30d_daily_mtm
mny_daily_0091,510050,510050_DTE30_OTM2_Q10_Hold,surface,main_stepA_common_sample,2022-09-30,2026-05-27,881,OTM2,0.02,0.1,Q10,0.040665847171639014,0.05226150708272432,0.15774458546989376,0.331304601847641,0.5770787752785562,0.19693422608546837,0.20649456409872735,0.5,-0.1178057631002567,0.181411030047256,0.002491554983560546,0.19815210696180355,0.7763478930381963,0.7727272727272727,0.3181818181818182,0.0018152218152218157,0.00792741935483874,0.01666935483870968,30.34090909090909,0.020332652467775995,0.01927316157933645,44,0,0.09999999999999999,0.003712658042836603,0.028776483863405644,0.009370651766488436,positive option leg,dominates buyhold in this diagnostic grid,continuous_30d_daily_mtm
mny_daily_0092,510050,510050_DTE30_OTM2_Q20_Hold,surface,main_stepA_common_sample,2022-09-30,2026-05-27,881,OTM2,0.02,0.2,Q20,0.04430940226249924,0.054755893378765325,0.15121149056939154,0.3621146327741385,0.6271019832760936,0.22457091392502468,0.19730695078923888,0.5454545454545454,-0.11598600110589852,0.16534430418010704,0.004983109967121092,0.19815210696180355,0.7763478930381963,0.7727272727272727,0.3181818181818182,0.0036304436304436315,0.01585483870967748,0.03333870967741936,30.34090909090909,0.020332652467775995,0.01927316157933645,44,0,0.19999999999999998,0.007356213133696832,0.05958651478990318,0.01855826507597691,positive option leg,dominates buyhold in this diagnostic grid,continuous_30d_daily_mtm
mny_daily_0093,510050,510050_DTE30_OTM2_Q30_Hold,surface,main_stepA_common_sample,2022-09-30,2026-05-27,881,OTM2,0.02,0.3,Q30,0.04788298327180973,0.05725027967480759,0.14493545554498427,0.39500534537622906,0.6794339163213625,0.25464179651125235,0.18804054922575852,0.5454545454545454,-0.11416335223358987,0.14941153438442645,0.007474664950681636,0.19815210696180355,0.7763478930381964,0.7727272727272727,0.3181818181818182,0.005445665445665447,0.023782258064516216,0.050008064516129026,30.34090909090909,0.020332652467775995,0.01927316157933645,44,0,0.29999999999999993,0.010929794143007321,0.09247722739199371,0.027824666639457263,positive option leg,dominates buyhold in this diagnostic grid,continuous_30d_daily_mtm
mny_daily_0094,510050,510050_DTE30_OTM2_Q40_Hold,surface,main_stepA_common_sample,2022-09-30,2026-05-27,881,OTM2,0.02,0.4,Q40,0.05138572194745361,0.05974466597084962,0.13895131674983638,0.42996833256652084,0.733768416600814,0.2875686211647707,0.17869029569123496,0.5454545454545454,-0.11233781318839964,0.1336122458707305,0.009966219934242184,0.19815210696180355,0.7763478930381963,0.7727272727272727,0.3181818181818182,0.007260887260887263,0.03170967741935496,0.06667741935483872,30.34090909090909,0.020332652467775995,0.01927316157933645,44,0,0.39999999999999997,0.0144325328186512,0.1274402145822855,0.03717492017398083,positive option leg,dominates buyhold in this diagnostic grid,continuous_30d_daily_mtm
mny_daily_0095,510050,510050_DTE30_OTM2_Q50_Hold,surface,main_stepA_common_sample,2022-09-30,2026-05-27,881,OTM2,0.02,0.5,Q50,0.05481675309873202,0.06223905226689119,0.13329839210455974,0.46691525144632395,0.7896770333741666,0.3238693287388009,0.16925577149338977,0.5454545454545454,-0.11050938067323435,0.1179459631587354,0.012457774917802724,0.19815210696180346,0.7763478930381965,0.7727272727272727,0.3181818181818182,0.009076109076109078,0.0396370967741937,0.08334677419354838,30.34090909090909,0.020332652467775995,0.01927316157933645,44,0,0.5,0.017863563969929608,0.1643871334620886,0.046609444371826014,positive option leg,dominates buyhold in this diagnostic grid,continuous_30d_daily_mtm
mny_daily_0096,510050,510050_DTE30_OTM2_Q60_Hold,surface,main_stepA_common_sample,2022-09-30,2026-05-27,881,OTM2,0.02,0.6,Q60,0.05817521477811094,0.06473343856293273,0.12802056478345525,0.5056487500459659,0.8464824786039737,0.3641947366450202,0.15973656103331935,0.5681818181818182,-0.10867805138884046,0.10956241408783574,0.014949329901363271,0.19815210696180355,0.7763478930381964,0.7727272727272727,0.3181818181818182,0.010891330891330894,0.04756451612903243,0.10001612903225805,30.34090909090909,0.020332652467775995,0.01927316157933645,44,0,0.5999999999999999,0.02122202564930853,0.20312063206173053,0.05612865483189644,positive option leg,dominates buyhold in this diagnostic grid,continuous_30d_daily_mtm
mny_daily_0097,510050,510050_DTE30_OTM2_Q70_Hold,surface,main_stepA_common_sample,2022-09-30,2026-05-27,881,OTM2,0.02,0.7,Q70,0.06146024846064346,0.06722782485897508,0.12316606446564357,0.5458307460796386,0.9034839387538688,0.40937405307788266,0.15013225190642643,0.5681818181818182,-0.10684382203380105,0.10553000339385843,0.017440884884923805,0.19815210696180355,0.7763478930381964,0.7727272727272727,0.3181818181818182,0.012706552706552708,0.05549193548387117,0.11668548387096773,30.34090909090909,0.020332652467775995,0.01927316157933645,44,0,0.7000000000000001,0.024507059331841052,0.2433026280954032,0.06573296395878936,positive option leg,dominates buyhold in this diagnostic grid,continuous_30d_daily_mtm
mny_daily_0098,510050,510050_DTE30_OTM2_Q80_Hold,surface,main_stepA_common_sample,2022-09-30,2026-05-27,881,OTM2,0.02,0.8,Q80,0.06467099922099484,0.06972221115501684,0.11878680323630912,0.5869525002395646,0.9598287592900653,0.4604804752851293,0.14044243500433018,0.5681818181818182,-0.10500668930454138,0.10149671315735587,0.019932439868484367,0.19815210696180355,0.7763478930381963,0.7727272727272727,0.3181818181818182,0.014521774521774526,0.06341935483870992,0.13335483870967743,30.34090909090909,0.020332652467775995,0.01927316157933645,44,0,0.7999999999999999,0.02771781009219243,0.28442438225532923,0.07542278086088561,positive option leg,dominates buyhold in this diagnostic grid,continuous_30d_daily_mtm
mny_daily_0099,510050,510050_DTE30_OTM2_Q90_Hold,surface,main_stepA_common_sample,2022-09-30,2026-05-27,881,OTM2,0.02,0.9,Q90,0.06780661590794623,0.07221659745105835,0.11493711571513567,0.6283139871896786,1.0146848489263294,0.5189280322503503,0.1306667046177875,0.5681818181818182,-0.10316664989532498,0.0974626325992074,0.022423994852044903,0.19815210696180355,0.7763478930381965,0.7727272727272727,0.3181818181818182,0.01633699633699634,0.07134677419354866,0.15002419354838709,30.34090909090909,0.020332652467775995,0.01927316157933645,44,0,0.9000000000000002,0.030853426779143822,0.3257858692054432,0.08519851124742828,positive option leg,dominates buyhold in this diagnostic grid,continuous_30d_daily_mtm
mny_daily_0100,510050,510050_DTE30_OTM2_Q100_Hold,surface,main_stepA_common_sample,2022-09-30,2026-05-27,881,OTM2,0.02,1.0,Q100,0.0708662513162801,0.07471098374710056,0.11167178369397382,0.6690229284045387,1.0673950077180514,0.5866185308779336,0.12080465854057088,0.5681818181818182,-0.10132370049825579,0.09342785076854909,0.024915549835605448,0.19815210696180346,0.7763478930381965,0.7727272727272727,0.3181818181818182,0.018152218152218156,0.0792741935483874,0.16669354838709677,30.34090909090909,0.020332652467775995,0.01927316157933645,44,0,1.0,0.033913062187477694,0.36649481042030335,0.09506055732464491,positive option leg,dominates buyhold in this diagnostic grid,continuous_30d_daily_mtm
mny_daily_0101,510050,510050_DTE30_OTM3_Q10_Hold,surface,main_stepA_common_sample,2022-09-30,2026-05-27,881,OTM3,0.03,0.1,Q10,0.04027434306133815,0.05202715051560506,0.15864769600828083,0.3279414187829708,0.5717487860438556,0.19289091346328774,0.2087933658368175,0.5227272727272727,-0.11829068873473714,0.18141103004725534,0.002257464428434828,0.24051217981258555,0.7339878201874144,0.8409090909090909,0.25,0.0013489527866524676,0.00792741935483874,0.01666935483870968,30.34090909090909,0.029884158819063544,0.030494876444755126,44,0,0.09999999999999999,0.0033211539325357364,0.02541330079873544,0.007071850028398274,positive option leg,dominates buyhold in this diagnostic grid,continuous_30d_daily_mtm
mny_daily_0102,510050,510050_DTE30_OTM3_Q20_Hold,surface,main_stepA_common_sample,2022-09-30,2026-05-27,881,OTM3,0.03,0.2,Q20,0.043535411239530086,0.05428718024452515,0.15301589246917935,0.35478131956430436,0.6156370530754377,0.2158764931965528,0.20166814179203685,0.5454545454545454,-0.11695716929981925,0.16534430418010637,0.004514928856869656,0.24051217981258555,0.7339878201874144,0.8409090909090909,0.25,0.0026979055733049352,0.01585483870967748,0.03333870967741936,30.34090909090909,0.029884158819063544,0.030494876444755126,44,0,0.19999999999999998,0.006582222110727676,0.05225320158006902,0.014197074073178939,positive option leg,dominates buyhold in this diagnostic grid,continuous_30d_daily_mtm
mny_daily_0103,510050,510050_DTE30_OTM3_Q30_Hold,surface,main_stepA_common_sample,2022-09-30,2026-05-27,881,OTM3,0.03,0.3,Q30,0.046735717855874714,0.056547209973446796,0.14763441355861803,0.3830218755262967,0.6610108464940678,0.2402263874700236,0.19454864366932456,0.5681818181818182,-0.11562208186056211,0.14941153438442645,0.0067723932853044795,0.24051217981258574,0.7339878201874146,0.8409090909090909,0.25,0.004046858359957403,0.023782258064516216,0.050008064516129026,30.34090909090909,0.029884158819063544,0.030494876444755126,44,0,0.29999999999999993,0.009782528727072304,0.08049375754206134,0.021316572195891226,positive option leg,dominates buyhold in this diagnostic grid,continuous_30d_daily_mtm
mny_daily_0104,510050,510050_DTE30_OTM3_Q40_Hold,surface,main_stepA_common_sample,2022-09-30,2026-05-27,881,OTM3,0.03,0.4,Q40,0.04987458693717173,0.05880723970236863,0.1425316161583411,0.41259084326272255,0.7075950411854186,0.2660951042382696,0.1874314338850538,0.5681818181818182,-0.11428542507210526,0.13361224587073073,0.009029857713739311,0.24051217981258555,0.7339878201874144,0.8409090909090909,0.25,0.0053958111466098704,0.03170967741935496,0.06667741935483872,30.34090909090909,0.029884158819063544,0.030494876444755126,44,0,0.39999999999999997,0.012921397808369317,0.1100627252784872,0.028433781980162,positive option leg,dominates buyhold in this diagnostic grid,continuous_30d_daily_mtm
mny_daily_0105,510050,510050_DTE30_OTM3_Q50_Hold,surface,main_stepA_common_sample,2022-09-30,2026-05-27,881,OTM3,0.03,0.5,Q50,0.05295134243686883,0.06106726943129066,0.13773847669360342,0.4433566487535188,0.7549659328692357,0.2937464827217358,0.1802620475528529,0.5681818181818182,-0.11294719758884464,0.1179459631587354,0.011287322142174134,0.2405121798125856,0.7339878201874145,0.8409090909090909,0.25,0.006744763933262338,0.0396370967741937,0.08334677419354838,30.34090909090909,0.029884158819063544,0.030494876444755126,44,0,0.5,0.01599815330806642,0.14082853076928348,0.035603168312362876,positive option leg,dominates buyhold in this diagnostic grid,continuous_30d_daily_mtm
mny_daily_0106,510050,510050_DTE30_OTM3_Q60_Hold,surface,main_stepA_common_sample,2022-09-30,2026-05-27,881,OTM3,0.03,0.6,Q60,0.05596530832493851,0.06332729916021167,0.13328840586597915,0.4751148364988848,0.8025801224320892,0.323423706246293,0.17304021704061456,0.5909090909090909,-0.1116073980644321,0.11168933228588451,0.013544786570608959,0.24051217981258574,0.7339878201874146,0.8409090909090909,0.25,0.008093716719914806,0.04756451612903243,0.10001612903225805,30.34090909090909,0.029884158819063544,0.030494876444755126,44,0,0.5999999999999999,0.0190121191961361,0.17258671851464946,0.042824998824601224,positive option leg,dominates buyhold in this diagnostic grid,continuous_30d_daily_mtm
mny_daily_0107,510050,510050_DTE30_OTM3_Q70_Hold,surface,main_stepA_common_sample,2022-09-30,2026-05-27,881,OTM3,0.03,0.7,Q70,0.05891580867522195,0.06558732888913353,0.12921685313444084,0.5075756551732044,0.8498971452983372,0.3554162152417856,0.1657656745771776,0.5909090909090909,-0.11026602515177686,0.10800843367279067,0.01580225099904379,0.24051217981258557,0.7339878201874142,0.8409090909090909,0.25,0.009442669506567273,0.05549193548387117,0.11668548387096773,30.34090909090909,0.029884158819063544,0.030494876444755126,44,0,0.7000000000000001,0.021962619546419537,0.205047537188969,0.050099541288038174,positive option leg,dominates buyhold in this diagnostic grid,continuous_30d_daily_mtm
mny_daily_0108,510050,510050_DTE30_OTM3_Q80_Hold,surface,main_stepA_common_sample,2022-09-30,2026-05-27,881,OTM3,0.03,0.8,Q80,0.06180216775017899,0.06784735861805521,0.12556064649760035,0.5403552825713738,0.8963536702005382,0.3900712477732899,0.15843815226827107,0.5909090909090909,-0.10892307750304298,0.10432577307956548,0.018059715427478622,0.24051217981258555,0.7339878201874144,0.8409090909090909,0.25,0.010791622293219741,0.06341935483870992,0.13335483870967743,30.34090909090909,0.029884158819063544,0.030494876444755126,44,0,0.7999999999999999,0.024848978621376583,0.23782716458713843,0.057427063596944716,positive option leg,dominates buyhold in this diagnostic grid,continuous_30d_daily_mtm
mny_daily_0109,510050,510050_DTE30_OTM3_Q90_Hold,surface,main_stepA_common_sample,2022-09-30,2026-05-27,881,OTM3,0.03,0.9,Q90,0.06462371008298362,0.07010738834697636,0.12235702506630787,0.5729739531423201,0.9413193211831878,0.42780901654176334,0.15105738211264408,0.5909090909090909,-0.10757855376965142,0.10064142759918182,0.020317179855913435,0.24051217981258563,0.7339878201874145,0.8409090909090909,0.25,0.012140575079872208,0.07134677419354866,0.15002419354838709,30.34090909090909,0.029884158819063544,0.030494876444755126,44,0,0.9000000000000002,0.02767052095418121,0.2704458351580848,0.06480783375257171,positive option leg,dominates buyhold in this diagnostic grid,continuous_30d_daily_mtm
mny_daily_0110,510050,510050_DTE30_OTM3_Q100_Hold,surface,main_stepA_common_sample,2022-09-30,2026-05-27,881,OTM3,0.03,1.0,Q100,0.06737976055688955,0.07236741807589873,0.11964235051399157,0.604864563133401,0.9843043547766634,0.46914293330833995,0.14362309601838297,0.5909090909090909,-0.10623245260227787,0.09695547420405459,0.02257464428434827,0.2405121798125856,0.7339878201874145,0.8409090909090909,0.25,0.013489527866524676,0.0792741935483874,0.16669354838709677,30.34090909090909,0.029884158819063544,0.030494876444755126,44,0,1.0,0.030426571428087135,0.30233644514916563,0.07224211984683282,positive option leg,dominates buyhold in this diagnostic grid,continuous_30d_daily_mtm
mny_daily_0111,510050,510050_DTE30_OTM4_Q10_Hold,surface,main_stepA_common_sample,2022-09-30,2026-05-27,881,OTM4,0.04,0.1,Q10,0.04010863289468758,0.052004650456520286,0.1595183427174853,0.3260104735956481,0.5691825495317449,0.1912419918678332,0.20972712375013614,0.5227272727272727,-0.1186638604618181,0.18326270515205967,0.0022349899085785663,0.31548088370799565,0.6590191162920043,0.8409090909090909,0.20454545454545456,0.0011262135922330096,0.006642741935483902,0.015266129032258068,30.34090909090909,0.039290607494472246,0.03779344345382085,44,0,0.09999999999999999,0.0031554437658851686,0.023482355611412764,0.006138092115079652,positive option leg,dominates buyhold in this diagnostic grid,continuous_30d_daily_mtm
mny_daily_0112,510050,510050_DTE30_OTM4_Q20_Hold,surface,main_stepA_common_sample,2022-09-30,2026-05-27,881,OTM4,0.04,0.2,Q20,0.043215947439348534,0.054242180126358584,0.15473280465544031,0.35055384827506564,0.6100773448148683,0.2123137775509479,0.2035475414636161,0.5227272727272727,-0.11770428443321967,0.1690159042621866,0.0044699798171571326,0.31548088370799565,0.6590191162920043,0.8409090909090909,0.20454545454545456,0.0022524271844660193,0.013285483870967804,0.030532258064516135,30.34090909090909,0.039290607494472246,0.03779344345382085,44,0,0.19999999999999998,0.006262758310546124,0.04802573029083029,0.012317674401599699,positive option leg,dominates buyhold in this diagnostic grid,continuous_30d_daily_mtm
mny_daily_0113,510050,510050_DTE30_OTM4_Q30_Hold,surface,main_stepA_common_sample,2022-09-30,2026-05-27,881,OTM4,0.04,0.3,Q30,0.04627464348049215,0.05647970979619743,0.15016664705653804,0.3761135438745776,0.6520136399251305,0.234508301935046,0.19732624857481285,0.5681818181818182,-0.11674391294751996,0.1548714859718121,0.006704969725735698,0.3154808837079957,0.6590191162920043,0.8409090909090909,0.20454545454545456,0.0033786407766990285,0.019928225806451705,0.045798387096774196,30.34090909090909,0.039290607494472246,0.03779344345382085,44,0,0.29999999999999993,0.00932145435168974,0.07358542589034228,0.01853896729040294,positive option leg,dominates buyhold in this diagnostic grid,continuous_30d_daily_mtm
mny_daily_0114,510050,510050_DTE30_OTM4_Q40_Hold,surface,main_stepA_common_sample,2022-09-30,2026-05-27,881,OTM4,0.04,0.4,Q40,0.049284230432703025,0.05871723946603516,0.14584047729737395,0.402612776330323,0.6947581291673348,0.25794750546636297,0.19106302401955122,0.5681818181818182,-0.11578274552842027,0.14082915237242943,0.008939959634314265,0.31548088370799565,0.6590191162920043,0.8409090909090909,0.20454545454545456,0.0045048543689320385,0.026570967741935608,0.06106451612903227,30.34090909090909,0.039290607494472246,0.03779344345382085,44,0,0.39999999999999997,0.012331041303900614,0.10008465834608765,0.024802191845664567,positive option leg,dominates buyhold in this diagnostic grid,continuous_30d_daily_mtm
mny_daily_0115,510050,510050_DTE30_OTM4_Q50_Hold,surface,main_stepA_common_sample,2022-09-30,2026-05-27,881,OTM4,0.04,0.5,Q50,0.05224421645287114,0.06095476913587314,0.14177626609171068,0.4299363413650871,0.7379606190915754,0.2827591655228087,0.18476577534197336,0.5681818181818182,-0.11482078169944054,0.12688860509021604,0.01117494954289283,0.31548088370799565,0.6590191162920044,0.8409090909090909,0.20454545454545456,0.005631067961165048,0.03321370967741951,0.07633064516129033,30.34090909090909,0.039290607494472246,0.03779344345382085,44,0,0.5,0.015291027324068729,0.12740822338085178,0.031099440523242428,positive option leg,dominates buyhold in this diagnostic grid,continuous_30d_daily_mtm
mny_daily_0116,510050,510050_DTE30_OTM4_Q60_Hold,surface,main_stepA_common_sample,2022-09-30,2026-05-27,881,OTM4,0.04,0.6,Q60,0.055154108483637554,0.06319229880571123,0.1379971605285701,0.4579246309392596,0.7811671708286699,0.30902569436133304,0.17847741948327367,0.5681818181818182,-0.11385802098392006,0.12378495785154064,0.013409939451471396,0.3154808837079957,0.6590191162920043,0.8409090909090909,0.20454545454545456,0.006757281553398057,0.03985645161290341,0.09159677419354839,30.34090909090909,0.039290607494472246,0.03779344345382085,44,0,0.5999999999999999,0.018200919354835143,0.15539651295502427,0.03738779638194212,positive option leg,dominates buyhold in this diagnostic grid,continuous_30d_daily_mtm
mny_daily_0117,510050,510050_DTE30_OTM4_Q70_Hold,surface,main_stepA_common_sample,2022-09-30,2026-05-27,881,OTM4,0.04,0.7,Q70,0.05801341229489099,0.0654298284755498,0.13452719011206274,0.48636880337012905,0.823930326070303,0.3369985035647545,0.17214738843415567,0.5681818181818182,-0.11289446290501859,0.122105051229499,0.015644929360049957,0.3154808837079956,0.6590191162920043,0.8409090909090909,0.20454545454545456,0.007883495145631067,0.04649919354838731,0.10686290322580645,30.34090909090909,0.039290607494472246,0.03779344345382085,44,0,0.7000000000000001,0.021060223166088576,0.1838406853858937,0.04371782743106012,positive option leg,dominates buyhold in this diagnostic grid,continuous_30d_daily_mtm
mny_daily_0118,510050,510050_DTE30_OTM4_Q80_Hold,surface,main_stepA_common_sample,2022-09-30,2026-05-27,881,OTM4,0.04,0.8,Q80,0.060821632523254454,0.06766735814538885,0.1313908494660298,0.515008148743903,0.8658892024239547,0.3668916353526396,0.1657754679111053,0.5681818181818182,-0.1119301069857137,0.12041897541691315,0.01787991926862853,0.31548088370799565,0.6590191162920043,0.8409090909090909,0.20454545454545456,0.009009708737864077,0.053141935483871215,0.12212903225806454,30.34090909090909,0.039290607494472246,0.03779344345382085,44,0,0.7999999999999999,0.023868443394452044,0.21248003075966765,0.050089747954110475,positive option leg,dominates buyhold in this diagnostic grid,continuous_30d_daily_mtm
mny_daily_0119,510050,510050_DTE30_OTM4_Q90_Hold,surface,main_stepA_common_sample,2022-09-30,2026-05-27,881,OTM4,0.04,0.9,Q90,0.06357827270954419,0.06990488781522561,0.1286125485550361,0.5435308498323692,0.9065335391119216,0.3989564318758874,0.15936144307938604,0.5681818181818182,-0.11096495274880336,0.11872675656963994,0.020114909177207096,0.31548088370799576,0.6590191162920044,0.8409090909090909,0.20454545454545456,0.010135922330097085,0.05978467741935512,0.1373951612903226,30.34090909090909,0.039290607494472246,0.03779344345382085,44,0,0.9000000000000002,0.026625083580741782,0.24100273184813387,0.05650377278582974,positive option leg,dominates buyhold in this diagnostic grid,continuous_30d_daily_mtm
mny_daily_0120,510050,510050_DTE30_OTM4_Q100_Hold,surface,main_stepA_common_sample,2022-09-30,2026-05-27,881,OTM4,0.04,1.0,Q100,0.06628283533417934,0.0721424174850651,0.12621593341055162,0.5715793207375989,0.9453652111785075,0.4334900272112318,0.15290509855692924,0.5681818181818182,-0.10999899971690397,0.1170284209270045,0.02234989908578566,0.31548088370799565,0.6590191162920044,0.8409090909090909,0.20454545454545456,0.011262135922330095,0.06642741935483902,0.15266129032258066,30.34090909090909,0.039290607494472246,0.03779344345382085,44,0,1.0,0.029329646205376925,0.2690512027533635,0.06296011730828655,positive option leg,dominates buyhold in this diagnostic grid,continuous_30d_daily_mtm
mny_daily_0121,510050,510050_DTE30_OTM5_Q10_Hold,surface,main_stepA_common_sample,2022-09-30,2026-05-27,881,OTM5,0.05,0.1,Q10,0.0394875847250602,0.05152347654391823,0.1602507245312607,0.321517900743515,0.561974153463447,0.18637577376619321,0.2118708023425675,0.5227272727272727,-0.11892285042919926,0.18301419609985947,0.0017543621638688768,0.34373583451863715,0.6307641654813629,0.9090909090909091,0.09090909090909091,0.0007968441814595663,0.006642741935483902,0.015266129032258068,30.34090909090909,0.05117870602223367,0.051802718512769075,44,0,0.09999999999999999,0.002534395596257788,0.01898978275927965,0.003994413522648288,positive option leg,dominates buyhold in this diagnostic grid,continuous_30d_daily_mtm
mny_daily_0122,510050,510050_DTE30_OTM5_Q20_Hold,surface,main_stepA_common_sample,2022-09-30,2026-05-27,881,OTM5,0.05,0.2,Q20,0.04197834687902535,0.05327983230115506,0.15619028959943385,0.34112128505425465,0.5950774295209539,0.20195562170345915,0.2078592639558413,0.5227272727272727,-0.11822263136751254,0.1685249741103696,0.0035087243277377536,0.34373583451863715,0.6307641654813629,0.9090909090909091,0.09090909090909091,0.0015936883629191327,0.013285483870967804,0.030532258064516135,30.34090909090909,0.05117870602223367,0.051802718512769075,44,0,0.19999999999999998,0.005025157750222942,0.03859316707001931,0.008005951909374476,positive option leg,dominates buyhold in this diagnostic grid,continuous_30d_daily_mtm
mny_daily_0123,510050,510050_DTE30_OTM5_Q30_Hold,surface,main_stepA_common_sample,2022-09-30,2026-05-27,881,OTM5,0.05,0.3,Q30,0.044425137347158916,0.05503618805839309,0.15233824183595301,0.36127624551200593,0.6286522901786449,0.2179513227079773,0.2038305470927656,0.5681818181818182,-0.11752198413368553,0.15414415434358397,0.005263086491606628,0.343735834518637,0.6307641654813629,0.9090909090909091,0.09090909090909091,0.0023905325443786987,0.019928225806451705,0.045798387096774196,30.34090909090909,0.05117870602223367,0.051802718512769075,44,0,0.29999999999999993,0.007471948218356506,0.05874812752777059,0.012034668772450186,positive option leg,dominates buyhold in this diagnostic grid,continuous_30d_daily_mtm
mny_daily_0124,510050,510050_DTE30_OTM5_Q40_Hold,surface,main_stepA_common_sample,2022-09-30,2026-05-27,881,OTM5,0.05,0.4,Q40,0.0468276155913514,0.05679254381562937,0.14871077564970517,0.38189931810595046,0.6624844474597182,0.23439051877808564,0.19978459809497018,0.5681818181818182,-0.11682090853697114,0.13987137086906265,0.007017448655475507,0.34373583451863715,0.6307641654813629,0.9090909090909091,0.09090909090909091,0.0031873767258382654,0.026570967741935608,0.06106451612903227,30.34090909090909,0.05117870602223367,0.051802718512769075,44,0,0.39999999999999997,0.00987442646254899,0.07937120012171511,0.01608061777024561,positive option leg,dominates buyhold in this diagnostic grid,continuous_30d_daily_mtm
mny_daily_0125,510050,510050_DTE30_OTM5_Q50_Hold,surface,main_stepA_common_sample,2022-09-30,2026-05-27,881,OTM5,0.05,0.5,Q50,0.049185438796804704,0.05854889957286635,0.14532470943083944,0.4028833073341185,0.696321323962166,0.25130337321308815,0.19572136325881628,0.5681818181818182,-0.11611940438656876,0.12665481817773583,0.008771810819344384,0.34373583451863704,0.6307641654813628,0.9090909090909091,0.09090909090909091,0.003984220907297832,0.03321370967741951,0.07633064516129033,30.34090909090909,0.05117870602223367,0.051802718512769075,44,0,0.5,0.012232249668002293,0.10035518934988313,0.020143852606399504,positive option leg,dominates buyhold in this diagnostic grid,continuous_30d_daily_mtm
mny_daily_0126,510050,510050_DTE30_OTM5_Q60_Hold,surface,main_stepA_common_sample,2022-09-30,2026-05-27,881,OTM5,0.05,0.6,Q60,0.05149826188754725,0.060305255330104,0.14219728920106817,0.4240956748819021,0.7298187292561944,0.26872286531627226,0.19164078883624802,0.5681818181818182,-0.1154174714916183,0.12522152384407126,0.010526172983213256,0.343735834518637,0.6307641654813629,0.9090909090909091,0.09090909090909091,0.004781065088757397,0.03985645161290341,0.09159677419354839,30.34090909090909,0.05117870602223367,0.051802718512769075,44,0,0.5999999999999999,0.014545072758744837,0.12156755689766674,0.024224427028967765,positive option leg,dominates buyhold in this diagnostic grid,continuous_30d_daily_mtm
mny_daily_0127,510050,510050_DTE30_OTM5_Q70_Hold,surface,main_stepA_common_sample,2022-09-30,2026-05-27,881,OTM5,0.05,0.7,Q70,0.05376573753963032,0.062061611087340485,0.1393459308672478,0.4453779934662419,0.7626369184352908,0.2866851273897493,0.18754282103562225,0.5681818181818182,-0.1147151096612049,0.12378241780743737,0.012280535147082135,0.3437358345186371,0.6307641654813629,0.9090909090909091,0.09090909090909091,0.005577909270216964,0.04649919354838731,0.10686290322580645,30.34090909090909,0.05117870602223367,0.051802718512769075,44,0,0.7000000000000001,0.01681254841082791,0.14284987548200656,0.028322394829593533,positive option leg,dominates buyhold in this diagnostic grid,continuous_30d_daily_mtm
mny_daily_0128,510050,510050_DTE30_OTM5_Q80_Hold,surface,main_stepA_common_sample,2022-09-30,2026-05-27,881,OTM5,0.05,0.8,Q80,0.05598751619196052,0.06381796684457691,0.1367878991378285,0.46654687473687617,0.7945303992555929,0.305229831277623,0.18342740602256813,0.5681818181818182,-0.11401231870435735,0.12233752088471461,0.014034897310951014,0.34373583451863715,0.6307641654813629,0.9090909090909091,0.09090909090909091,0.006374753451676531,0.053141935483871215,0.12212903225806454,30.34090909090909,0.05117870602223367,0.051802718512769075,44,0,0.7999999999999999,0.019034327063158107,0.16401875675264083,0.03243780984264766,positive option leg,dominates buyhold in this diagnostic grid,continuous_30d_daily_mtm
mny_daily_0129,510050,510050_DTE30_OTM5_Q90_Hold,surface,main_stepA_common_sample,2022-09-30,2026-05-27,881,OTM5,0.05,0.9,Q90,0.0581632460547461,0.06557432260181384,0.1345399262671679,0.4873967484685333,0.8251262712127054,0.3244006331729583,0.1792944899208493,0.5681818181818182,-0.11330909843004733,0.12088685396038246,0.015789259474819878,0.34373583451863715,0.6307641654813629,0.9090909090909091,0.09090909090909091,0.007171597633136097,0.05978467741935512,0.1373951612903226,30.34090909090909,0.05117870602223367,0.051802718512769075,44,0,0.9000000000000002,0.021210056925943688,0.18486863048429797,0.0365707259443665,positive option leg,dominates buyhold in this diagnostic grid,continuous_30d_daily_mtm
mny_daily_0130,510050,510050_DTE30_OTM5_Q100_Hold,surface,main_stepA_common_sample,2022-09-30,2026-05-27,881,OTM5,0.05,1.0,Q100,0.06029257311555192,0.06733067835905114,0.13261778039751138,0.507704759929119,0.8541218287635803,0.34424568720127036,0.17514401881322805,0.5681818181818182,-0.1126054486471908,0.11943043798619923,0.017543621638688767,0.34373583451863704,0.6307641654813628,0.9090909090909091,0.09090909090909091,0.007968441814595663,0.06642741935483902,0.15266129032258066,30.34090909090909,0.05117870602223367,0.051802718512769075,44,0,1.0,0.023339383986749507,0.20517664194488366,0.040721197051987734,positive option leg,dominates buyhold in this diagnostic grid,continuous_30d_daily_mtm
mny_daily_0131,510050,510050_DTE30_OTM7_Q10_Hold,surface,main_stepA_common_sample,2022-09-30,2026-05-27,881,OTM7,0.07,0.1,Q10,0.03888416057996302,0.05107342315243096,0.1610768909433448,0.31707480106749086,0.5552960024303146,0.1821431074183446,0.21348137259267375,0.5,-0.11919289105468467,0.18458948850589385,0.0013048196161857275,0.4296149764658361,0.544885023534164,0.9772727272727273,0.022727272727272728,0.0003762868299609515,0.005308064516129037,0.013721774193548386,30.34090909090909,0.07026062387914744,0.0710204442300365,44,0,0.09999999999999999,0.0019309714511606124,0.014546683083255518,0.002383843272542041,positive option leg,dominates buyhold in this diagnostic grid,continuous_30d_daily_mtm
mny_daily_0132,510050,510050_DTE30_OTM7_Q20_Hold,surface,main_stepA_common_sample,2022-09-30,2026-05-27,881,OTM7,0.07,0.2,Q20,0.04077757132568416,0.05237972551818087,0.15782610354203053,0.3318825235030381,0.5812811501345517,0.1931750338689314,0.21109131189981623,0.5227272727272727,-0.1187629816170429,0.17164978618976123,0.002609639232371455,0.4296149764658361,0.544885023534164,0.9772727272727273,0.022727272727272728,0.000752573659921903,0.010616129032258073,0.027443548387096773,30.34090909090909,0.07026062387914744,0.0710204442300365,44,0,0.19999999999999998,0.003824382196881748,0.02935440551880275,0.004773903965399562,positive option leg,dominates buyhold in this diagnostic grid,continuous_30d_daily_mtm
mny_daily_0133,510050,510050_DTE30_OTM7_Q30_Hold,surface,main_stepA_common_sample,2022-09-30,2026-05-27,881,OTM7,0.07,0.3,Q30,0.042633247531982166,0.05368602788393024,0.15476287299750854,0.3468921637607136,0.6073297559026394,0.20428492865427472,0.20869502127654904,0.5227272727272727,-0.11833291315540584,0.15879284521433612,0.003914458848557181,0.4296149764658361,0.544885023534164,0.9772727272727273,0.022727272727272728,0.0011288604898828545,0.015924193548387106,0.041165322580645154,30.34090909090909,0.07026062387914744,0.0710204442300365,44,0,0.29999999999999993,0.005680058403179755,0.044364045776478234,0.007170194588666745,positive option leg,dominates buyhold in this diagnostic grid,continuous_30d_daily_mtm
mny_daily_0134,510050,510050_DTE30_OTM7_Q40_Hold,surface,main_stepA_common_sample,2022-09-30,2026-05-27,881,OTM7,0.07,0.4,Q40,0.044451012466331985,0.05499233024967973,0.15189854671300804,0.36203328760992287,0.6332621009432287,0.21547567172223597,0.2062924882008611,0.5681818181818182,-0.11790268562866069,0.14601843160619077,0.00521927846474291,0.4296149764658361,0.544885023534164,0.9772727272727273,0.022727272727272728,0.001505147319843806,0.021232258064516146,0.054887096774193546,30.34090909090909,0.07026062387914744,0.0710204442300365,44,0,0.39999999999999997,0.007497823337529574,0.059505169625687526,0.009572727664354685,positive option leg,dominates buyhold in this diagnostic grid,continuous_30d_daily_mtm
mny_daily_0135,510050,510050_DTE30_OTM7_Q50_Hold,surface,main_stepA_common_sample,2022-09-30,2026-05-27,881,OTM7,0.07,0.5,Q50,0.04623068651288764,0.056298632615429285,0.149244577337009,0.3772239743645856,0.6588681660430162,0.22675028205491132,0.20388370013886958,0.5681818181818182,-0.117472298995691,0.13332631134054163,0.006524098080928636,0.42961497646583596,0.544885023534164,0.9772727272727273,0.022727272727272728,0.0018814341498047575,0.02654032258064518,0.06860887096774193,30.34090909090909,0.07026062387914744,0.0710204442300365,44,0,0.5,0.009277497384085232,0.07469585638035026,0.011981515726346204,positive option leg,dominates buyhold in this diagnostic grid,continuous_30d_daily_mtm
mny_daily_0136,510050,510050_DTE30_OTM7_Q60_Hold,surface,main_stepA_common_sample,2022-09-30,2026-05-27,881,OTM7,0.07,0.6,Q60,0.04797208718513901,0.057604934981179856,0.14681237335925976,0.3923711173867935,0.6838874144120327,0.23811192701233425,0.20146864454485747,0.5681818181818182,-0.11704175321537336,0.13227080661688273,0.007828917697114362,0.4296149764658361,0.544885023534164,0.9772727272727273,0.022727272727272728,0.002257720979765709,0.03184838709677421,0.08233064516129031,30.34090909090909,0.07026062387914744,0.0710204442300365,44,0,0.5999999999999999,0.011018898056336601,0.08984299940255813,0.01439657132035832,positive option leg,dominates buyhold in this diagnostic grid,continuous_30d_daily_mtm
mny_daily_0137,510050,510050_DTE30_OTM7_Q70_Hold,surface,main_stepA_common_sample,2022-09-30,2026-05-27,881,OTM7,0.07,0.7,Q70,0.0496750291360164,0.05891123734692929,0.14461312462619916,0.40737130533072313,0.7080710244523584,0.24956393241480723,0.1990473088613227,0.5681818181818182,-0.11661104824657842,0.1320166861487082,0.009133737313300087,0.4296149764658361,0.5448850235341639,0.9772727272727273,0.022727272727272728,0.0026340078097266606,0.03715645161290325,0.0960524193548387,30.34090909090909,0.07026062387914744,0.0710204442300365,44,0,0.7000000000000001,0.012721840007213991,0.10484318734648779,0.016817907003893073,positive option leg,dominates buyhold in this diagnostic grid,continuous_30d_daily_mtm
mny_daily_0138,510050,510050_DTE30_OTM7_Q80_Hold,surface,main_stepA_common_sample,2022-09-30,2026-05-27,881,OTM7,0.07,0.8,Q80,0.051339324165458944,0.060217539712678424,0.14265760545033776,0.4221123684404017,0.7311842742148408,0.2611097934344072,0.19661968051901424,0.5681818181818182,-0.11618018404816932,0.131759607392,0.01043855692948582,0.4296149764658361,0.544885023534164,0.9772727272727273,0.022727272727272728,0.003010294639687612,0.04246451612903229,0.10977419354838709,30.34090909090909,0.07026062387914744,0.0710204442300365,44,0,0.7999999999999999,0.014386135036656533,0.11958425045616633,0.019245535346201548,positive option leg,dominates buyhold in this diagnostic grid,continuous_30d_daily_mtm
mny_daily_0139,510050,510050_DTE30_OTM7_Q90_Hold,surface,main_stepA_common_sample,2022-09-30,2026-05-27,881,OTM7,0.07,0.9,Q90,0.05296478122545967,0.06152384207842811,0.14095596016981174,0.4364756339803541,0.7531280417624553,0.272753186373923,0.1941857469369731,0.5681818181818182,-0.11574916057900353,0.1314995706518074,0.011743376545671548,0.42961497646583596,0.5448850235341639,0.9772727272727273,0.022727272727272728,0.0033865814696485636,0.04777258064516132,0.12349596774193548,30.34090909090909,0.07026062387914744,0.0710204442300365,44,0,0.9000000000000002,0.016011592096657257,0.13394751599611876,0.021679468928242684,positive option leg,dominates buyhold in this diagnostic grid,continuous_30d_daily_mtm
mny_daily_0140,510050,510050_DTE30_OTM7_Q100_Hold,surface,main_stepA_common_sample,2022-09-30,2026-05-27,881,OTM7,0.07,1.0,Q100,0.0545512064225544,0.0628301444441777,0.1395174783239021,0.4503388765263661,0.7736723642879744,0.2844979814200037,0.19174549552258713,0.5681818181818182,-0.11531797779793274,0.13123657625065666,0.013048196161857272,0.42961497646583596,0.544885023534164,0.9772727272727273,0.022727272727272728,0.003762868299609515,0.05308064516129036,0.13721774193548386,30.34090909090909,0.07026062387914744,0.0710204442300365,44,0,1.0,0.01759801729375199,0.14781075854213077,0.02411972034262866,positive option leg,dominates buyhold in this diagnostic grid,continuous_30d_daily_mtm
510300_buyhold,510300,510300_ETF_BuyHold,buyhold,main_stepA_common_sample,2022-09-30,2026-05-27,881,BuyHold,,0.0,Q0,0.07206679597968235,0.08490468013028932,0.17531586582483605,0.4842954728074665,0.8499387898839174,0.29797529704480324,0.24185493460166418,0.5227272727272727,-0.07916547585024303,0.24793632075471717,0.0,,,,,0.0,0.0,0.0,,,,0,0,0.0,0.0,0.0,0.0,pure ETF baseline,baseline,continuous_30d_daily_mtm
mny_daily_0141,510300,510300_DTE30_ATM_Q10_Hold,surface,main_stepA_common_sample,2022-09-30,2026-05-27,881,ATM,0.0,0.1,Q10,0.07014856111431822,0.08145835133604516,0.16549728497053032,0.49220355095583745,0.8554718440959591,0.30716242231992097,0.22837611640285838,0.5227272727272727,-0.07709757112670734,0.225381879246338,-0.0034424169567939082,-0.14788333856072908,1.1223833385607287,0.6363636363636364,0.5227272727272727,0.002686489306207617,0.011354058721934412,0.02383419689119171,30.34090909090909,0.002406318689871976,0.0034316366069292448,44,0,0.09999999999999999,-0.0019182348653641323,0.007908078148370967,0.013478818198805809,near-flat option leg,"risk-adjusted defensive tradeoff, not a return upgrade",continuous_30d_daily_mtm
mny_daily_0142,510300,510300_DTE30_ATM_Q20_Hold,surface,main_stepA_common_sample,2022-09-30,2026-05-27,881,ATM,0.0,0.2,Q20,0.06809596152467567,0.0780120225418004,0.15590637271749294,0.5003773815144847,0.8598173050696023,0.31717949941608753,0.21469219054206568,0.5227272727272727,-0.07502714092260643,0.20309964875321418,-0.0068848339135878164,-0.14788333856072908,1.1223833385607287,0.6363636363636364,0.5227272727272727,0.005372978612415234,0.022708117443868824,0.04766839378238342,30.34090909090909,0.002406318689871976,0.0034316366069292448,44,0,0.19999999999999998,-0.003970834455006678,0.016081908707018255,0.02716274405959851,near-flat option leg,"risk-adjusted defensive tradeoff, not a return upgrade",continuous_30d_daily_mtm
mny_daily_0143,510300,510300_DTE30_ATM_Q30_Hold,surface,main_stepA_common_sample,2022-09-30,2026-05-27,881,ATM,0.0,0.3,Q30,0.06590956742333409,0.07456569374755524,0.14658782341599425,0.5086759050644268,0.8625302245423502,0.32823368980436884,0.20080073883523952,0.5454545454545454,-0.07295418907308993,0.1810878650025094,-0.010327250870381723,-0.14788333856072913,1.122383338560729,0.6363636363636364,0.5227272727272727,0.008059467918622849,0.03406217616580323,0.07150259067357512,30.34090909090909,0.002406318689871976,0.0034316366069292448,44,0,0.29999999999999993,-0.00615722855634826,0.02438043225696035,0.04105419576642466,negative option leg,"risk-adjusted defensive tradeoff, not a return upgrade",continuous_30d_daily_mtm
mny_daily_0144,510300,510300_DTE30_ATM_Q40_Hold,surface,main_stepA_common_sample,2022-09-30,2026-05-27,881,ATM,0.0,0.4,Q40,0.06358998212521527,0.07111936495331056,0.13759698431417577,0.5168671777785727,0.862977730755662,0.34060102237910206,0.18669932838439096,0.5681818181818182,-0.07087871944635804,0.159344765682921,-0.013769667827175633,-0.14788333856072908,1.1223833385607287,0.6363636363636364,0.5227272727272727,0.010745957224830467,0.04541623488773765,0.09533678756476684,30.34090909090909,0.002406318689871976,0.0034316366069292448,44,0,0.39999999999999997,-0.00847681385446708,0.03257170497110623,0.05515560621727322,negative option leg,"risk-adjusted defensive tradeoff, not a return upgrade",continuous_30d_daily_mtm
mny_daily_0145,510300,510300_DTE30_ATM_Q50_Hold,surface,main_stepA_common_sample,2022-09-30,2026-05-27,881,ATM,0.0,0.5,Q50,0.0611378419328763,0.06767303615906563,0.12900239303778938,0.5245874480734772,0.8603982369577763,0.348834842848473,0.1752630024960935,0.5681818181818182,-0.06880073594377323,0.137868590472773,-0.017212084783969534,-0.14788333856072913,1.1223833385607294,0.6363636363636364,0.5227272727272727,0.013432446531038082,0.056770293609672055,0.11917098445595854,30.34090909090909,0.002406318689871976,0.0034316366069292448,44,0,0.5,-0.01092895404680605,0.04029197526601075,0.06659193210557068,negative option leg,"risk-adjusted defensive tradeoff, not a return upgrade",continuous_30d_daily_mtm
mny_daily_0146,510300,510300_DTE30_ATM_Q60_Hold,surface,main_stepA_common_sample,2022-09-30,2026-05-27,881,ATM,0.0,0.6,Q60,0.05855381600261578,0.06422670736482146,0.1208885930317701,0.531288401610749,0.8539018106202779,0.3532120780071182,0.16577523716908615,0.5909090909090909,-0.066720242499971,0.11665758106808433,-0.020654501740763446,-0.14788333856072913,1.122383338560729,0.6363636363636364,0.5227272727272727,0.016118935837245697,0.06812435233160646,0.14300518134715023,30.34090909090909,0.002406318689871976,0.0034316366069292448,44,0,0.5999999999999999,-0.013512979977066575,0.046992928803282485,0.07607969743257803,negative option leg,"risk-adjusted defensive tradeoff, not a return upgrade",continuous_30d_daily_mtm
mny_daily_0147,510300,510300_DTE30_ATM_Q70_Hold,surface,main_stepA_common_sample,2022-09-30,2026-05-27,881,ATM,0.0,0.7,Q70,0.055838606191489726,0.06078037857057694,0.11335887102264892,0.5361766399246612,0.842558921424788,0.3574993848615932,0.1561921741854403,0.6136363636363636,-0.06463724308297158,0.09570998121059082,-0.024096918697557333,-0.14788333856072905,1.122383338560729,0.6363636363636364,0.5227272727272727,0.018805425143453312,0.07947841105354088,0.16683937823834194,30.34090909090909,0.002406318689871976,0.0034316366069292448,44,0,0.7000000000000001,-0.016228189788192626,0.05188116711719476,0.0856627604162239,negative option leg,"risk-adjusted defensive tradeoff, not a return upgrade",continuous_30d_daily_mtm
mny_daily_0148,510300,510300_DTE30_ATM_Q80_Hold,surface,main_stepA_common_sample,2022-09-30,2026-05-27,881,ATM,0.0,0.8,Q80,0.052992946885376035,0.057334049776331435,0.1065371416570866,0.5381602029541377,0.8254238031023736,0.3604397091104048,0.14702305419169004,0.5909090909090909,-0.06255174169429112,0.07502403671572822,-0.027539335654351266,-0.14788333856072908,1.1223833385607287,0.6363636363636364,0.5227272727272727,0.021491914449660934,0.0908324697754753,0.19067357512953367,30.34090909090909,0.002406318689871976,0.0034316366069292448,44,0,0.7999999999999999,-0.019073849094306317,0.0538647301466712,0.09483188040997415,negative option leg,"risk-adjusted defensive tradeoff, not a return upgrade",continuous_30d_daily_mtm
mny_daily_0149,510300,510300_DTE30_ATM_Q90_Hold,surface,main_stepA_common_sample,2022-09-30,2026-05-27,881,ATM,0.0,0.9,Q90,0.050017604808206384,0.05388772098208583,0.10056758257012353,0.5358358986556242,0.8019552804401159,0.36266321566157633,0.13791750210167697,0.6136363636363636,-0.060463742369052054,0.05999194110684836,-0.030981752611145146,-0.14788333856072916,1.1223833385607291,0.6363636363636364,0.5227272727272727,0.02417840375586855,0.10218652849740971,0.21450777202072538,30.34090909090909,0.002406318689871976,0.0034316366069292448,44,0,0.9000000000000002,-0.022049191171475968,0.05154042584815771,0.10393743249998721,negative option leg,"risk-adjusted defensive tradeoff, not a return upgrade",continuous_30d_daily_mtm
mny_daily_0150,510300,510300_DTE30_ATM_Q100_Hold,surface,main_stepA_common_sample,2022-09-30,2026-05-27,881,ATM,0.0,1.0,Q100,0.04691337881248048,0.050441392187841536,0.0956099470460007,0.5275747319844527,0.7720416179625663,0.36443941547065506,0.12872751085909362,0.6136363636363636,-0.058373249176095876,0.05583821486722185,-0.03442416956793907,-0.14788333856072913,1.1223833385607294,0.6363636363636364,0.5227272727272727,0.026864893062076164,0.11354058721934411,0.23834196891191708,30.34090909090909,0.002406318689871976,0.0034316366069292448,44,0,1.0,-0.025153417167201875,0.04327925917698622,0.11312742374257057,negative option leg,"risk-adjusted defensive tradeoff, not a return upgrade",continuous_30d_daily_mtm
mny_daily_0151,510300,510300_DTE30_OTM1_Q10_Hold,surface,main_stepA_common_sample,2022-09-30,2026-05-27,881,OTM1,0.01,0.1,Q10,0.07241828952189122,0.0837057683422858,0.16627388498743084,0.5034210173691039,0.8761905307011765,0.3164942599468888,0.22881391129824535,0.5227272727272727,-0.07709757112670734,0.22538187924633846,-0.0011975509346694977,-0.05238779519990326,1.0268877951999034,0.7272727272727273,0.4318181818181818,0.002299735915492958,0.011354058721934412,0.02383419689119171,30.34090909090909,0.008068007349090571,0.007190359915033806,44,0,0.09999999999999999,0.0003514935422088694,0.019125544561637453,0.01304102330341883,near-flat option leg,dominates buyhold in this diagnostic grid,continuous_30d_daily_mtm
mny_daily_0152,510300,510300_DTE30_OTM1_Q20_Hold,surface,main_stepA_common_sample,2022-09-30,2026-05-27,881,OTM1,0.01,0.2,Q20,0.07264481375840637,0.08250685655428112,0.1574703008045684,0.5239518571611664,0.9030846920058899,0.3369743240661786,0.21557967052747795,0.5227272727272727,-0.07502714092260676,0.20309964875321396,-0.0023951018693389955,-0.05238779519990326,1.0268877951999034,0.7272727272727273,0.4318181818181818,0.004599471830985916,0.022708117443868824,0.04766839378238342,30.34090909090909,0.008068007349090571,0.007190359915033806,44,0,0.19999999999999998,0.0005780177787240159,0.03965638435369995,0.026275264074186233,near-flat option leg,dominates buyhold in this diagnostic grid,continuous_30d_daily_mtm
mny_daily_0153,510300,510300_DTE30_OTM1_Q30_Hold,surface,main_stepA_common_sample,2022-09-30,2026-05-27,881,OTM1,0.01,0.3,Q30,0.07274609345465954,0.08130794476627742,0.14894739081271485,0.5458836460486464,0.9303260338352365,0.35986201914226074,0.20214996188831347,0.5454545454545454,-0.07295418907308993,0.18108786500250984,-0.0035926528040084896,-0.05238779519990326,1.0268877951999031,0.7272727272727273,0.4318181818181818,0.0068992077464788745,0.03406217616580323,0.07150259067357512,30.34090909090909,0.008068007349090571,0.007190359915033806,44,0,0.29999999999999993,0.0006792974749771918,0.06158817324117988,0.03970497271335072,near-flat option leg,dominates buyhold in this diagnostic grid,continuous_30d_daily_mtm
mny_daily_0154,510300,510300_DTE30_OTM1_Q40_Hold,surface,main_stepA_common_sample,2022-09-30,2026-05-27,881,OTM1,0.01,0.4,Q40,0.0727218782925485,0.08010903297827209,0.14075614946465537,0.5691334501757446,0.9573477560289412,0.3857463720256474,0.18852252040808148,0.5681818181818182,-0.07087871944635826,0.15934476568292077,-0.004790203738677991,-0.05238779519990326,1.0268877951999034,0.7272727272727273,0.4318181818181818,0.009198943661971833,0.04541623488773765,0.09533678756476684,30.34090909090909,0.008068007349090571,0.007190359915033806,44,0,0.39999999999999997,0.0006550823128661509,0.08483797736827808,0.0533324141935827,near-flat option leg,dominates buyhold in this diagnostic grid,continuous_30d_daily_mtm
mny_daily_0155,510300,510300_DTE30_OTM1_Q50_Hold,surface,main_stepA_common_sample,2022-09-30,2026-05-27,881,OTM1,0.01,0.5,Q50,0.07257194306694292,0.07891012119026768,0.13295789101096483,0.5934970883658202,0.9834961610011911,0.41407451677406953,0.1752630024960946,0.5681818181818182,-0.06880073594377267,0.13786859047277322,-0.005987754673347489,-0.052387795199903275,1.0268877951999034,0.7272727272727273,0.4318181818181818,0.01149867957746479,0.056770293609672055,0.11917098445595854,30.34090909090909,0.008068007349090571,0.007190359915033806,44,0,0.5,0.0005051470872605712,0.10920161555835367,0.06659193210556957,near-flat option leg,dominates buyhold in this diagnostic grid,continuous_30d_daily_mtm
mny_daily_0156,510300,510300_DTE30_OTM1_Q60_Hold,surface,main_stepA_common_sample,2022-09-30,2026-05-27,881,OTM1,0.01,0.6,Q60,0.07229608786871378,0.0777112094022637,0.12562582035480313,0.6185926522333157,1.0079087168549214,0.436109090255586,0.16577523716908527,0.5681818181818182,-0.066720242499971,0.11665758106808477,-0.007185305608016979,-0.05238779519990326,1.0268877951999031,0.7272727272727273,0.4318181818181818,0.013798415492957749,0.06812435233160646,0.14300518134715023,30.34090909090909,0.008068007349090571,0.007190359915033806,44,0,0.5999999999999999,0.0002292918890314244,0.13429717942584923,0.07607969743257892,near-flat option leg,dominates buyhold in this diagnostic grid,continuous_30d_daily_mtm
mny_daily_0157,510300,510300_DTE30_OTM1_Q70_Hold,surface,main_stepA_common_sample,2022-09-30,2026-05-27,881,OTM1,0.01,0.7,Q70,0.07189413825426261,0.0765122976142588,0.11884625145673441,0.6437922667010904,1.02955467450293,0.46029283239828306,0.15619217418544096,0.5909090909090909,-0.06463724308297192,0.09570998121059082,-0.008382856542686478,-0.052387795199903185,1.0268877951999031,0.7272727272727273,0.4318181818181818,0.016098151408450705,0.07947841105354088,0.16683937823834194,30.34090909090909,0.008068007349090571,0.007190359915033806,44,0,0.7000000000000001,-0.00017265772541974478,0.15949679389362387,0.08566276041622323,near-flat option leg,"risk-adjusted defensive tradeoff, not a return upgrade",continuous_30d_daily_mtm
mny_daily_0158,510300,510300_DTE30_OTM1_Q80_Hold,surface,main_stepA_common_sample,2022-09-30,2026-05-27,881,OTM1,0.01,0.8,Q80,0.0713659454014206,0.0753133858262553,0.1127189204108338,0.6681521216824632,1.0475071467315875,0.4854064948778253,0.1470230541916896,0.5909090909090909,-0.06255174169429134,0.08562054923819185,-0.009580407477355982,-0.05238779519990326,1.0268877951999034,0.7272727272727273,0.4318181818181818,0.018397887323943665,0.0908324697754753,0.19067357512953367,30.34090909090909,0.008068007349090571,0.007190359915033806,44,0,0.7999999999999999,-0.0007008505782617469,0.1838566488749967,0.09483188040997459,near-flat option leg,"risk-adjusted defensive tradeoff, not a return upgrade",continuous_30d_daily_mtm
mny_daily_0159,510300,510300_DTE30_OTM1_Q90_Hold,surface,main_stepA_common_sample,2022-09-30,2026-05-27,881,OTM1,0.01,0.9,Q90,0.0707113862515869,0.07411447403824947,0.1073555650146598,0.6903645286402142,1.0606813275507405,0.512707851969774,0.13791750210167564,0.6363636363636364,-0.060463742369052054,0.08414788323966693,-0.010777958412025475,-0.0523877951999033,1.0268877951999034,0.7272727272727273,0.4318181818181818,0.020697623239436625,0.10218652849740971,0.21450777202072538,30.34090909090909,0.008068007349090571,0.007190359915033806,44,0,0.9000000000000002,-0.001355409728095447,0.20606905583274776,0.10393743249998855,negative option leg,"risk-adjusted defensive tradeoff, not a return upgrade",continuous_30d_daily_mtm
mny_daily_0160,510300,510300_DTE30_OTM1_Q100_Hold,surface,main_stepA_common_sample,2022-09-30,2026-05-27,881,OTM1,0.01,1.0,Q100,0.06993036363804794,0.07291556225024635,0.10287574275997358,0.7087731305169833,1.0689023089658833,0.5432433453529154,0.12872751085909395,0.6363636363636364,-0.05837324917609632,0.0826656519645641,-0.011975509346694979,-0.052387795199903275,1.0268877951999034,0.7272727272727273,0.4318181818181818,0.02299735915492958,0.11354058721934411,0.23834196891191708,30.34090909090909,0.008068007349090571,0.007190359915033806,44,0,1.0,-0.002136432341634409,0.22447765770951683,0.11312742374257023,negative option leg,"risk-adjusted defensive tradeoff, not a return upgrade",continuous_30d_daily_mtm
mny_daily_0161,510300,510300_DTE30_OTM2_Q10_Hold,surface,main_stepA_common_sample,2022-09-30,2026-05-27,881,OTM2,0.02,0.1,Q10,0.07291547955723199,0.08437209040195937,0.16749230970588408,0.5037371002293567,0.8776624940552106,0.31378009168166804,0.23237764756345736,0.5227272727272727,-0.07720983520475655,0.225381879246338,-0.000531985199693999,-0.022347938377955165,0.9968479383779553,0.7727272727272727,0.3409090909090909,0.001684607104413348,0.011354058721934412,0.02383419689119171,30.34090909090909,0.02061616990570815,0.022478184726079098,44,0,0.09999999999999999,0.000848683577549636,0.019441627421890206,0.009477287038206827,near-flat option leg,dominates buyhold in this diagnostic grid,continuous_30d_daily_mtm
mny_daily_0162,510300,510300_DTE30_OTM2_Q20_Hold,surface,main_stepA_common_sample,2022-09-30,2026-05-27,881,OTM2,0.02,0.2,Q20,0.07366040894590409,0.08383950067363008,0.1599102255836519,0.5242910537310957,0.9058975701889702,0.33061475243997046,0.2227983125443822,0.5227272727272727,-0.0752518094625958,0.20309964875321418,-0.001063970399387998,-0.022347938377955165,0.9968479383779553,0.7727272727272727,0.3409090909090909,0.003369214208826696,0.022708117443868824,0.04766839378238342,30.34090909090909,0.02061616990570815,0.022478184726079098,44,0,0.19999999999999998,0.0015936129662217358,0.03999558092362926,0.01905662205728198,near-flat option leg,dominates buyhold in this diagnostic grid,continuous_30d_daily_mtm
mny_daily_0163,510300,510300_DTE30_OTM2_Q30_Hold,surface,main_stepA_common_sample,2022-09-30,2026-05-27,881,OTM2,0.02,0.3,Q30,0.07430118212999615,0.08330691094529946,0.15260560971576306,0.5458967799444824,0.9343777138184546,0.3486418659111471,0.21311606377454428,0.5454545454545454,-0.07329140102741694,0.18108786500251006,-0.001595955599082,-0.02234793837795529,0.9968479383779552,0.7727272727272727,0.3409090909090909,0.005053821313240043,0.03406217616580323,0.07150259067357512,30.34090909090909,0.02061616990570815,0.022478184726079098,44,0,0.29999999999999993,0.002234386150313794,0.06160130713701589,0.0287388708271199,near-flat option leg,dominates buyhold in this diagnostic grid,continuous_30d_daily_mtm
mny_daily_0164,510300,510300_DTE30_OTM2_Q40_Hold,surface,main_stepA_common_sample,2022-09-30,2026-05-27,881,OTM2,0.02,0.4,Q40,0.07483740826998164,0.0827743212169698,0.1456202232594357,0.5684260013082099,0.9626253258681579,0.36805880462767715,0.20333003131302907,0.5454545454545454,-0.0713286123263408,0.15934476568292033,-0.002127940798775996,-0.022347938377955165,0.9968479383779553,0.7727272727272727,0.3409090909090909,0.006738428417653392,0.04541623488773765,0.09533678756476684,30.34090909090909,0.02061616990570815,0.022478184726079098,44,0,0.39999999999999997,0.0027706122902992902,0.08413052850074337,0.038524903288635115,near-flat option leg,dominates buyhold in this diagnostic grid,continuous_30d_daily_mtm
mny_daily_0165,510300,510300_DTE30_OTM2_Q50_Hold,surface,main_stepA_common_sample,2022-09-30,2026-05-27,881,OTM2,0.02,0.5,Q50,0.07526870786984374,0.0822417314886397,0.13900220200571894,0.5916577601069661,0.990133474462881,0.3891075489220957,0.19343934107254623,0.5454545454545454,-0.06936344581003173,0.13786859047277278,-0.0026599259984699964,-0.0223479383779552,0.9968479383779552,0.7727272727272727,0.3409090909090909,0.00842303552206674,0.056770293609672055,0.11917098445595854,30.34090909090909,0.02061616990570815,0.022478184726079098,44,0,0.5,0.0032019118901613908,0.10736228729949965,0.04841559352911795,near-flat option leg,dominates buyhold in this diagnostic grid,continuous_30d_daily_mtm
mny_daily_0166,510300,510300_DTE30_OTM2_Q60_Hold,surface,main_stepA_common_sample,2022-09-30,2026-05-27,881,OTM2,0.02,0.6,Q60,0.07559471293636721,0.08170914176030977,0.13280647701694467,0.6152496745311945,1.0161520909028612,0.4087559487253086,0.18493850223368424,0.5454545454545454,-0.06739590395277317,0.11665758106808433,-0.003191911198164,-0.02234793837795529,0.9968479383779552,0.7727272727272727,0.3409090909090909,0.010107642626480087,0.06812435233160646,0.14300518134715023,30.34090909090909,0.02061616990570815,0.022478184726079098,44,0,0.5999999999999999,0.0035279169566848623,0.13095420172372801,0.05691643236797994,near-flat option leg,dominates buyhold in this diagnostic grid,continuous_30d_daily_mtm
mny_daily_0167,510300,510300_DTE30_OTM2_Q70_Hold,surface,main_stepA_common_sample,2022-09-30,2026-05-27,881,OTM2,0.02,0.7,Q70,0.07581506713033082,0.08117655203197935,0.12709482266311461,0.6387085668088223,1.0398948859272072,0.42413243435181486,0.17875328786442857,0.5454545454545454,-0.06542598925254528,0.09570998121059082,-0.0037238963978579918,-0.022347938377955186,0.996847938377955,0.7727272727272727,0.3409090909090909,0.011792249730893434,0.07947841105354088,0.16683937823834194,30.34090909090909,0.02061616990570815,0.022478184726079098,44,0,0.7000000000000001,0.0037482711506484634,0.15441309400135578,0.06310164673723562,near-flat option leg,dominates buyhold in this diagnostic grid,continuous_30d_daily_mtm
mny_daily_0168,510300,510300_DTE30_OTM2_Q80_Hold,surface,main_stepA_common_sample,2022-09-30,2026-05-27,881,OTM2,0.02,0.8,Q80,0.07592942590951601,0.08064396230364888,0.12193528198510704,0.6613669234266305,1.0607675456701882,0.44008881607901557,0.1725320506574366,0.5681818181818182,-0.06345370423110275,0.08562054923819185,-0.004255881597551992,-0.022347938377955165,0.9968479383779553,0.7727272727272727,0.3409090909090909,0.013476856835306784,0.0908324697754753,0.19067357512953367,30.34090909090909,0.02061616990570815,0.022478184726079098,44,0,0.7999999999999999,0.003862629929833661,0.17707145061916402,0.06932288394422759,near-flat option leg,dominates buyhold in this diagnostic grid,continuous_30d_daily_mtm
mny_daily_0169,510300,510300_DTE30_OTM2_Q90_Hold,surface,main_stepA_common_sample,2022-09-30,2026-05-27,881,OTM2,0.02,0.9,Q90,0.0759374566634834,0.08011137257531965,0.11740067066550054,0.6823757660088159,1.0778491541626642,0.4566988533363974,0.1662746821208877,0.5681818181818182,-0.06147905143405219,0.08414788323966693,-0.004787866797245989,-0.02234793837795526,0.996847938377955,0.7727272727272727,0.3409090909090909,0.015161463939720132,0.10218652849740971,0.21450777202072538,30.34090909090909,0.02061616990570815,0.022478184726079098,44,0,0.9000000000000002,0.0038706606838010416,0.1980802932013494,0.07558025248077649,near-flat option leg,dominates buyhold in this diagnostic grid,continuous_30d_daily_mtm
mny_daily_0170,510300,510300_DTE30_OTM2_Q100_Hold,surface,main_stepA_common_sample,2022-09-30,2026-05-27,881,OTM2,0.02,1.0,Q100,0.07583883883997022,0.07957878284698927,0.11356587245970423,0.7007279662754817,1.0909019121850687,0.4734471929174161,0.1601843668617946,0.5909090909090909,-0.059502033430930634,0.0826656519645641,-0.005319851996939993,-0.0223479383779552,0.9968479383779552,0.7727272727272727,0.3409090909090909,0.01684607104413348,0.11354058721934411,0.23834196891191708,30.34090909090909,0.02061616990570815,0.022478184726079098,44,0,1.0,0.003772042860287872,0.21643249346801524,0.08167056773986958,near-flat option leg,dominates buyhold in this diagnostic grid,continuous_30d_daily_mtm
mny_daily_0171,510300,510300_DTE30_OTM3_Q10_Hold,surface,main_stepA_common_sample,2022-09-30,2026-05-27,881,OTM3,0.03,0.1,Q10,0.07283156208291719,0.0844734827910891,0.16858227083775024,0.5010816521293007,0.8753800645300333,0.30951570593268285,0.2353081303691822,0.5227272727272727,-0.07831149269542925,0.2289904766515103,-0.00043070789840730017,-0.02186626664413137,0.9963662666441311,0.8181818181818182,0.25,0.0013720466837460858,0.009258491652274093,0.021718480138169256,30.34090909090909,0.031040850029864744,0.031378467999293225,44,0,0.09999999999999999,0.0007647661032348374,0.016786179321834183,0.006546804232481995,near-flat option leg,dominates buyhold in this diagnostic grid,continuous_30d_daily_mtm
mny_daily_0172,510300,510300_DTE30_OTM3_Q20_Hold,surface,main_stepA_common_sample,2022-09-30,2026-05-27,881,OTM3,0.03,0.2,Q20,0.07350727174237637,0.08404228545188927,0.16209413114345753,0.5184782746854029,0.9008793540067126,0.32139694696936266,0.22871179217948046,0.5227272727272727,-0.07745722722034198,0.21021840717147766,-0.0008614157968146003,-0.02186626664413137,0.9963662666441311,0.8181818181818182,0.25,0.0027440933674921716,0.018516983304548186,0.04343696027633851,30.34090909090909,0.031040850029864744,0.031378467999293225,44,0,0.19999999999999998,0.0014404757626940157,0.034182801877936375,0.013143142422183729,near-flat option leg,dominates buyhold in this diagnostic grid,continuous_30d_daily_mtm
mny_daily_0173,510300,510300_DTE30_OTM3_Q30_Hold,surface,main_stepA_common_sample,2022-09-30,2026-05-27,881,OTM3,0.03,0.3,Q30,0.07409369587250114,0.0836110881126869,0.15588209884695353,0.5363738923914352,0.9261335304318723,0.33365677216625794,0.2220656136887309,0.5227272727272727,-0.07660268016368499,0.19161948298335174,-0.0012921236952218955,-0.021866266644131296,0.9963662666441311,0.8181818181818182,0.25,0.0041161400512382575,0.02777547495682228,0.06515544041450776,30.34090909090909,0.031040850029864744,0.031378467999293225,44,0,0.29999999999999993,0.00202689989281879,0.052078419583968694,0.019789320912933284,near-flat option leg,dominates buyhold in this diagnostic grid,continuous_30d_daily_mtm
mny_daily_0174,510300,510300_DTE30_OTM3_Q40_Hold,surface,main_stepA_common_sample,2022-09-30,2026-05-27,881,OTM3,0.03,0.4,Q40,0.07459061006455148,0.08317989077348648,0.14998048609785716,0.5546047551760463,0.9506713356480619,0.34633819426308976,0.21536928730387161,0.5227272727272727,-0.0757478522659264,0.17319307388259908,-0.0017228315936292007,-0.02186626664413137,0.9963662666441311,0.8181818181818182,0.25,0.005488186734984343,0.03703396660909637,0.08687392055267702,30.34090909090909,0.031040850029864744,0.031378467999293225,44,0,0.39999999999999997,0.002523814084869125,0.07030928236857986,0.02648564729779257,near-flat option leg,dominates buyhold in this diagnostic grid,continuous_30d_daily_mtm
mny_daily_0175,510300,510300_DTE30_OTM3_Q50_Hold,surface,main_stepA_common_sample,2022-09-30,2026-05-27,881,OTM3,0.03,0.5,Q50,0.07499779471360823,0.0827486934342849,0.14442735114515798,0.5729433710316933,0.9740043634759802,0.35949043468269215,0.2086225041837505,0.5454545454545454,-0.07489274426930348,0.1549385487911057,-0.002153539492036498,-0.021866266644131226,0.9963662666441315,0.8181818181818182,0.25,0.006860233418730429,0.04629245826137047,0.10859240069084627,30.34090909090909,0.031040850029864744,0.031378467999293225,44,0,0.5,0.0029309987339258825,0.08864789822422686,0.03323243041791368,near-flat option leg,dominates buyhold in this diagnostic grid,continuous_30d_daily_mtm
mny_daily_0176,510300,510300_DTE30_OTM3_Q60_Hold,surface,main_stepA_common_sample,2022-09-30,2026-05-27,881,OTM3,0.03,0.6,Q60,0.0753150351383991,0.08231749609508351,0.1392643866424692,0.5910879161548721,0.9954850638687008,0.3731700840557602,0.20182495424029034,0.5454545454545454,-0.07403735691782287,0.13685527575685752,-0.002584247390443791,-0.021866266644131296,0.9963662666441311,0.8181818181818182,0.25,0.008232280102476515,0.05555094991364456,0.1303108808290155,30.34090909090909,0.031040850029864744,0.031378467999293225,44,0,0.5999999999999999,0.003248239158716748,0.10679244334740562,0.04002998036137384,near-flat option leg,dominates buyhold in this diagnostic grid,continuous_30d_daily_mtm
mny_daily_0177,510300,510300_DTE30_OTM3_Q70_Hold,surface,main_stepA_common_sample,2022-09-30,2026-05-27,881,OTM3,0.03,0.7,Q70,0.0755421216939487,0.08188629875588398,0.13453651955673113,0.6086548026192569,1.014528582542888,0.3856909957513488,0.19586177153757034,0.5454545454545454,-0.07318169095726401,0.11894262195363092,-0.0030149552888510925,-0.02186626664413129,0.9963662666441315,0.8181818181818182,0.25,0.0096043267862226,0.06480944156591865,0.15202936096718478,30.34090909090909,0.031040850029864744,0.031378467999293225,44,0,0.7000000000000001,0.003475325714266342,0.12435932981179038,0.045993163064093845,near-flat option leg,dominates buyhold in this diagnostic grid,continuous_30d_daily_mtm
mny_daily_0178,510300,510300_DTE30_OTM3_Q80_Hold,surface,main_stepA_common_sample,2022-09-30,2026-05-27,881,OTM3,0.03,0.8,Q80,0.0756788498771388,0.08145510141668143,0.1302911235710758,0.6251776727694456,1.0305003716647028,0.39665168703691933,0.19079422160656234,0.5681818181818182,-0.07232574713518192,0.10119995368067403,-0.0034456631872584013,-0.02186626664413137,0.9963662666441311,0.8181818181818182,0.25,0.010976373469968687,0.07406793321819274,0.17374784110535405,30.34090909090909,0.031040850029864744,0.031378467999293225,44,0,0.7999999999999999,0.0036120538974564464,0.1408821999619791,0.05106071299510184,near-flat option leg,dominates buyhold in this diagnostic grid,continuous_30d_daily_mtm
mny_daily_0179,510300,510300_DTE30_OTM3_Q90_Hold,surface,main_stepA_common_sample,2022-09-30,2026-05-27,881,OTM3,0.03,0.9,Q90,0.075725020425226,0.0810239040774802,0.12657675437388635,0.6401167771939332,1.042711256265247,0.40777326816370685,0.18570373866397005,0.5681818181818182,-0.07146952620090652,0.08414788323966671,-0.0038763710856656985,-0.02186626664413136,0.9963662666441312,0.8181818181818182,0.25,0.012348420153714772,0.08332642487046685,0.1954663212435233,30.34090909090909,0.031040850029864744,0.031378467999293225,44,0,0.9000000000000002,0.0036582244455436452,0.15582130438646674,0.05615119593769413,near-flat option leg,dominates buyhold in this diagnostic grid,continuous_30d_daily_mtm
mny_daily_0180,510300,510300_DTE30_OTM3_Q100_Hold,surface,main_stepA_common_sample,2022-09-30,2026-05-27,881,OTM3,0.03,1.0,Q100,0.0756804394072923,0.08059270673827977,0.12344135730653681,0.6528825386952548,1.0509212604444294,0.4190725725230009,0.1805902947827457,0.5681818181818182,-0.07061302890554932,0.0826656519645641,-0.004307078984072996,-0.021866266644131226,0.9963662666441315,0.8181818181818182,0.25,0.013720466837460858,0.09258491652274094,0.21718480138169255,30.34090909090909,0.031040850029864744,0.031378467999293225,44,0,1.0,0.003613643427609947,0.16858706588778832,0.0612646398189185,near-flat option leg,dominates buyhold in this diagnostic grid,continuous_30d_daily_mtm
mny_daily_0181,510300,510300_DTE30_OTM4_Q10_Hold,surface,main_stepA_common_sample,2022-09-30,2026-05-27,881,OTM4,0.04,0.1,Q10,0.07450935790641733,0.08615225258070813,0.16927137554423924,0.5089593695550266,0.8903505502263122,0.31524344110121,0.23635498218818085,0.5227272727272727,-0.07831149269542925,0.22899047665150962,0.0012461563636407328,0.18843538190119205,0.7860646180988081,0.8636363636363636,0.13636363636363635,0.0008312849162011174,0.009258491652274093,0.021718480138169256,30.34090909090909,0.03838765386724879,0.03680322686520454,44,0,0.09999999999999999,0.0024425619267349763,0.024663896747560143,0.005499952413483333,positive option leg,dominates buyhold in this diagnostic grid,continuous_30d_daily_mtm
mny_daily_0182,510300,510300_DTE30_OTM4_Q20_Hold,surface,main_stepA_common_sample,2022-09-30,2026-05-27,881,OTM4,0.04,0.2,Q20,0.07687760942088717,0.0873998250311252,0.16346630803792497,0.5346656817553378,0.9317379558611941,0.3330626329428192,0.23082027768058166,0.5227272727272727,-0.07745722722034232,0.21021840717147722,0.0024923127272814655,0.18843538190119205,0.7860646180988081,0.8636363636363636,0.13636363636363635,0.0016625698324022348,0.018516983304548186,0.04343696027633851,30.34090909090909,0.03838765386724879,0.03680322686520454,44,0,0.19999999999999998,0.00481081344120482,0.05037020894787131,0.01103465692108252,positive option leg,dominates buyhold in this diagnostic grid,continuous_30d_daily_mtm
mny_daily_0183,510300,510300_DTE30_OTM4_Q30_Hold,surface,main_stepA_common_sample,2022-09-30,2026-05-27,881,OTM4,0.04,0.3,Q30,0.07917098604824502,0.08864739748154243,0.15792706754905722,0.5613185811482614,0.9737787852145162,0.3514795101846215,0.22525064407498152,0.5227272727272727,-0.07660268016368543,0.19161948298335219,0.003738469090922195,0.18843538190119216,0.786064618098808,0.8636363636363636,0.13636363636363635,0.0024938547486033523,0.02777547495682228,0.06515544041450776,30.34090909090909,0.03838765386724879,0.03680322686520454,44,0,0.29999999999999993,0.007104190068562666,0.0770231083407949,0.016604290526682663,positive option leg,dominates buyhold in this diagnostic grid,continuous_30d_daily_mtm
mny_daily_0184,510300,510300_DTE30_OTM4_Q40_Hold,surface,main_stepA_common_sample,2022-09-30,2026-05-27,881,OTM4,0.04,0.4,Q40,0.0813889209828298,0.0898949699319608,0.1526825889940404,0.5887702751455809,1.0160109304783815,0.37054604512166206,0.21964590380692695,0.5227272727272727,-0.07574785226592684,0.17319307388259952,0.004984625454562931,0.18843538190119205,0.7860646180988081,0.8636363636363636,0.13636363636363635,0.0033251396648044697,0.03703396660909637,0.08687392055267702,30.34090909090909,0.03838765386724879,0.03680322686520454,44,0,0.39999999999999997,0.009322125003147441,0.1044748023381144,0.02220903079473724,positive option leg,dominates buyhold in this diagnostic grid,continuous_30d_daily_mtm
mny_daily_0185,510300,510300_DTE30_OTM4_Q50_Hold,surface,main_stepA_common_sample,2022-09-30,2026-05-27,881,OTM4,0.04,0.5,Q50,0.08353084518073439,0.09114254238237708,0.147764260954351,0.6168104641387803,1.0579143656428356,0.3903203298324239,0.21400587875245103,0.5454545454545454,-0.07489274426930348,0.15493854879110547,0.006230781818203661,0.18843538190119205,0.786064618098808,0.8636363636363636,0.13636363636363635,0.004156424581005587,0.04629245826137047,0.10859240069084627,30.34090909090909,0.03838765386724879,0.03680322686520454,44,0,0.5,0.01146404920105204,0.13251499133131378,0.027849055849213156,positive option leg,dominates buyhold in this diagnostic grid,continuous_30d_daily_mtm
mny_daily_0186,510300,510300_DTE30_OTM4_Q60_Hold,surface,main_stepA_common_sample,2022-09-30,2026-05-27,881,OTM4,0.04,0.6,Q60,0.08559618744624564,0.09239011483279466,0.14320569180389392,0.6451567229556339,1.0988895691641012,0.4108675040261585,0.208330390229148,0.5681818181818182,-0.0740373569178221,0.1368552757568573,0.00747693818184439,0.18843538190119216,0.786064618098808,0.8636363636363636,0.13636363636363635,0.0049877094972067045,0.05555094991364456,0.1303108808290155,30.34090909090909,0.03838765386724879,0.03680322686520454,44,0,0.5999999999999999,0.01352939146656329,0.16086125014816738,0.033524544372516174,positive option leg,dominates buyhold in this diagnostic grid,continuous_30d_daily_mtm
mny_daily_0187,510300,510300_DTE30_OTM4_Q70_Hold,surface,main_stepA_common_sample,2022-09-30,2026-05-27,881,OTM4,0.04,0.7,Q70,0.08758437451211853,0.09363768728321394,0.13904227066206168,0.6734476273823066,1.1383101284428412,0.4322608568679601,0.20261925899728728,0.5681818181818182,-0.07318169095726434,0.11894262195363137,0.008723094545485118,0.1884353819011921,0.7860646180988079,0.8636363636363636,0.13636363636363635,0.005818994413407822,0.06480944156591865,0.15202936096718478,30.34090909090909,0.03838765386724879,0.03680322686520454,44,0,0.7000000000000001,0.015517578532436183,0.18915215457484008,0.03923567560437691,positive option leg,dominates buyhold in this diagnostic grid,continuous_30d_daily_mtm
mny_daily_0188,510300,510300_DTE30_OTM4_Q80_Hold,surface,main_stepA_common_sample,2022-09-30,2026-05-27,881,OTM4,0.04,0.8,Q80,0.08949483111371159,0.09488525973362992,0.13531047783847364,0.7012410365359795,1.1753693731266566,0.45458314207821715,0.19687230526096544,0.5681818181818182,-0.07232574713518147,0.10119995368067491,0.009969250909125862,0.18843538190119205,0.7860646180988081,0.8636363636363636,0.13636363636363635,0.006650279329608939,0.07406793321819274,0.17374784110535405,30.34090909090909,0.03838765386724879,0.03680322686520454,44,0,0.7999999999999999,0.01742803513402924,0.21694556372851298,0.04498262934069874,positive option leg,dominates buyhold in this diagnostic grid,continuous_30d_daily_mtm
mny_daily_0189,510300,510300_DTE30_OTM4_Q90_Hold,surface,main_stepA_common_sample,2022-09-30,2026-05-27,881,OTM4,0.04,0.9,Q90,0.09132698005698803,0.09613283218404738,0.13204691329627505,0.7280202905489591,1.2092830851936887,0.4779281560850321,0.19108934866925753,0.5681818181818182,-0.07146952620090663,0.09365118417617246,0.011215407272766586,0.188435381901192,0.786064618098808,0.8636363636363636,0.13636363636363635,0.007481564245810057,0.08332642487046685,0.1954663212435233,30.34090909090909,0.03838765386724879,0.03680322686520454,44,0,0.9000000000000002,0.019260184077305675,0.24372481774149263,0.050765585932406654,positive option leg,dominates buyhold in this diagnostic grid,continuous_30d_daily_mtm
mny_daily_0190,510300,510300_DTE30_OTM4_Q100_Hold,surface,main_stepA_common_sample,2022-09-30,2026-05-27,881,OTM4,0.04,1.0,Q100,0.09308024228028366,0.09738040463446572,0.12928704005218677,0.7532108755460568,1.2395375362438812,0.502402642743277,0.18527020831744867,0.5681818181818182,-0.07061302890554921,0.09325289490735145,0.012461563636407323,0.18843538190119205,0.786064618098808,0.8636363636363636,0.13636363636363635,0.008312849162011174,0.09258491652274094,0.21718480138169255,30.34090909090909,0.03838765386724879,0.03680322686520454,44,0,1.0,0.021013446300601313,0.2689154027385903,0.056584726284215514,positive option leg,dominates buyhold in this diagnostic grid,continuous_30d_daily_mtm
mny_daily_0191,510300,510300_DTE30_OTM5_Q10_Hold,surface,main_stepA_common_sample,2022-09-30,2026-05-27,881,OTM5,0.05,0.1,Q10,0.07320070938668644,0.08504293820235773,0.16992099703520372,0.5004851647894862,0.8760493582094964,0.3071894272657408,0.2382917603585445,0.5227272727272727,-0.07876765486786819,0.2289904766515105,0.00013810113895487241,0.068614895341357,0.9058851046586432,0.8863636363636364,0.11363636363636363,0.0006234636871508383,0.009258491652274093,0.021718480138169256,30.34090909090909,0.05138141672368987,0.05248582547479186,44,0,0.09999999999999999,0.0011339134070040835,0.01618969198201975,0.0035631742431196933,positive option leg,dominates buyhold in this diagnostic grid,continuous_30d_daily_mtm
mny_daily_0192,510300,510300_DTE30_OTM5_Q20_Hold,surface,main_stepA_common_sample,2022-09-30,2026-05-27,881,OTM5,0.05,0.2,Q20,0.07426206007558633,0.08518119627442387,0.16477517105072706,0.5169540758552774,0.9020525675573383,0.3163936468661129,0.23471413162417742,0.5227272727272727,-0.07836994761965821,0.21021840717147744,0.00027620227790974483,0.068614895341357,0.9058851046586432,0.8863636363636364,0.11363636363636363,0.0012469273743016766,0.018516983304548186,0.04343696027633851,30.34090909090909,0.05138141672368987,0.05248582547479186,44,0,0.19999999999999998,0.0021952640959039815,0.03265860304781093,0.00714080297748676,positive option leg,dominates buyhold in this diagnostic grid,continuous_30d_daily_mtm
mny_daily_0193,510300,510300_DTE30_OTM5_Q30_Hold,surface,main_stepA_common_sample,2022-09-30,2026-05-27,881,OTM5,0.05,0.3,Q30,0.0752505830047927,0.08531945434649221,0.1599024330458667,0.5335719583580009,0.927641830489709,0.3255881407565253,0.23112200226317536,0.5227272727272727,-0.07797235446534623,0.19161948298335285,0.0004143034168646123,0.06861489534135697,0.9058851046586429,0.8863636363636364,0.11363636363636363,0.0018703910614525148,0.02777547495682228,0.06515544041450776,30.34090909090909,0.05138141672368987,0.05248582547479186,44,0,0.29999999999999993,0.0031837870251103517,0.04927648555053438,0.010732932338488821,positive option leg,dominates buyhold in this diagnostic grid,continuous_30d_daily_mtm
mny_daily_0194,510300,510300_DTE30_OTM5_Q40_Hold,surface,main_stepA_common_sample,2022-09-30,2026-05-27,881,OTM5,0.05,0.4,Q40,0.07616601039229876,0.08545771241855948,0.1553284858968638,0.5501741160040815,0.9524131872264795,0.3347730973184061,0.2275153260593592,0.5227272727272727,-0.07757487576498423,0.1731930738826002,0.0005524045558194897,0.068614895341357,0.9058851046586432,0.8863636363636364,0.11363636363636363,0.002493854748603353,0.03703396660909637,0.08687392055267702,30.34090909090909,0.05138141672368987,0.05248582547479186,44,0,0.39999999999999997,0.004099214412616403,0.06587864319661502,0.014339608542304982,positive option leg,dominates buyhold in this diagnostic grid,continuous_30d_daily_mtm
mny_daily_0195,510300,510300_DTE30_OTM5_Q50_Hold,surface,main_stepA_common_sample,2022-09-30,2026-05-27,881,OTM5,0.05,0.5,Q50,0.07700807179878222,0.0855959704906271,0.15108046963743993,0.5665588060193267,0.975959717870632,0.34394870917217013,0.22389405671598073,0.5227272727272727,-0.07717751187894828,0.1549385487911057,0.0006905056947743591,0.06861489534135702,0.905885104658643,0.8863636363636364,0.11363636363636363,0.0031173184357541914,0.04629245826137047,0.10859240069084627,30.34090909090909,0.05138141672368987,0.05248582547479186,44,0,0.5,0.004941275819099866,0.08226333321186025,0.017960877885683457,positive option leg,dominates buyhold in this diagnostic grid,continuous_30d_daily_mtm
mny_daily_0196,510300,510300_DTE30_OTM5_Q60_Hold,surface,main_stepA_common_sample,2022-09-30,2026-05-27,881,OTM5,0.05,0.6,Q60,0.07777649420371224,0.08573422856269351,0.14718660747010728,0.5824866136690162,0.9978653693365278,0.35311517399378856,0.22025814785597508,0.5227272727272727,-0.07678026316793463,0.13685527575685708,0.0008286068337292246,0.06861489534135697,0.9058851046586429,0.8863636363636364,0.11363636363636363,0.0037407821229050297,0.05555094991364456,0.1303108808290155,30.34090909090909,0.05138141672368987,0.05248582547479186,44,0,0.5999999999999999,0.005709698224029891,0.09819114086154973,0.0215967867456891,positive option leg,dominates buyhold in this diagnostic grid,continuous_30d_daily_mtm
mny_daily_0197,510300,510300_DTE30_OTM5_Q70_Hold,surface,main_stepA_common_sample,2022-09-30,2026-05-27,881,OTM5,0.05,0.7,Q70,0.07847100207459201,0.08587248663476077,0.14367569686304751,0.5976827571375201,1.0176720042375187,0.3622726953872749,0.21660755302219326,0.5454545454545454,-0.0763831299929616,0.11894262195363048,0.0009667079726841019,0.068614895341357,0.9058851046586429,0.8863636363636364,0.11363636363636363,0.004364245810055868,0.06480944156591865,0.15202936096718478,30.34090909090909,0.05138141672368987,0.05248582547479186,44,0,0.7000000000000001,0.006404206094909659,0.11338728433005357,0.02524738157947093,positive option leg,dominates buyhold in this diagnostic grid,continuous_30d_daily_mtm
mny_daily_0198,510300,510300_DTE30_OTM5_Q80_Hold,surface,main_stepA_common_sample,2022-09-30,2026-05-27,881,OTM5,0.05,0.8,Q80,0.07909131742937547,0.08601074470682939,0.14057643350660892,0.6118432696102349,1.0348511406037657,0.37142148382119294,0.21294222567763754,0.5454545454545454,-0.0759861127153697,0.10119995368067491,0.0011048091116389793,0.068614895341357,0.9058851046586432,0.8863636363636364,0.11363636363636363,0.004987709497206706,0.07406793321819274,0.17374784110535405,30.34090909090909,0.05138141672368987,0.05248582547479186,44,0,0.7999999999999999,0.007024521449693122,0.12754779680276845,0.028912708924026642,positive option leg,dominates buyhold in this diagnostic grid,continuous_30d_daily_mtm
mny_daily_0199,510300,510300_DTE30_OTM5_Q90_Hold,surface,main_stepA_common_sample,2022-09-30,2026-05-27,881,OTM5,0.05,0.9,Q90,0.07963715989210374,0.08614900277889526,0.1379165718237899,0.6246457669275898,1.049029926824819,0.380561757638585,0.20926211920571958,0.5454545454545454,-0.0755892116968212,0.09365118417617135,0.0012429102505938528,0.06861489534135692,0.9058851046586429,0.8863636363636364,0.11363636363636363,0.0056111731843575445,0.08332642487046685,0.1954663212435233,30.34090909090909,0.05138141672368987,0.05248582547479186,44,0,0.9000000000000002,0.007570363912421385,0.1403502941201233,0.03259281539594461,positive option leg,dominates buyhold in this diagnostic grid,continuous_30d_daily_mtm
mny_daily_0200,510300,510300_DTE30_OTM5_Q100_Hold,surface,main_stepA_common_sample,2022-09-30,2026-05-27,881,OTM5,0.05,1.0,Q100,0.08010824674180395,0.08628726085096353,0.13572194829005363,0.6357649734481972,1.0599772375594114,0.38969374415131136,0.2055671869104968,0.5681818181818182,-0.07519242729930198,0.093252894907351,0.0013810113895487183,0.06861489534135702,0.905885104658643,0.8863636363636364,0.11363636363636363,0.006234636871508383,0.09258491652274094,0.21718480138169255,30.34090909090909,0.05138141672368987,0.05248582547479186,44,0,1.0,0.008041450762121594,0.15146950064073067,0.03628774769116738,positive option leg,dominates buyhold in this diagnostic grid,continuous_30d_daily_mtm
mny_daily_0201,510300,510300_DTE30_OTM7_Q10_Hold,surface,main_stepA_common_sample,2022-09-30,2026-05-27,881,OTM7,0.07,0.1,Q10,0.07312792490945275,0.08514567806742718,0.17093600081220064,0.49811436831830846,0.8738007271367116,0.3049212902076783,0.239825578790009,0.5227272727272727,-0.07882851181732775,0.2313320315727425,0.00024072438669753981,0.13242882617996224,0.8420711738200375,0.9772727272727273,0.022727272727272728,0.0002451747522170057,0.00706160046056426,0.01956246401842257,30.34090909090909,0.07017292632384571,0.07160065106337243,44,0,0.09999999999999999,0.001061128929770394,0.013818895510841978,0.002029355811655198,positive option leg,dominates buyhold in this diagnostic grid,continuous_30d_daily_mtm
mny_daily_0202,510300,510300_DTE30_OTM7_Q20_Hold,surface,main_stepA_common_sample,2022-09-30,2026-05-27,881,OTM7,0.07,0.2,Q20,0.07413103126602527,0.08538667600456289,0.16677672363364884,0.5119819729288367,0.8974016844639551,0.3117480750903641,0.2377914642922413,0.5227272727272727,-0.07849149641041708,0.21485628669006962,0.00048144877339507963,0.13242882617996224,0.8420711738200375,0.9772727272727273,0.022727272727272728,0.0004903495044340114,0.01412320092112852,0.03912492803684514,30.34090909090909,0.07017292632384571,0.07160065106337243,44,0,0.19999999999999998,0.002064235286342919,0.02768650012137025,0.00406347030942289,positive option leg,dominates buyhold in this diagnostic grid,continuous_30d_daily_mtm
mny_daily_0203,510300,510300_DTE30_OTM7_Q30_Hold,surface,main_stepA_common_sample,2022-09-30,2026-05-27,881,OTM7,0.07,0.3,Q30,0.07507595372657927,0.08562767394170082,0.16285493645213633,0.5257910862706155,0.9204976919691512,0.3184523074517941,0.23575258200301763,0.5227272727272727,-0.07815442966459285,0.19850868129064025,0.0007221731600926197,0.13242882617996235,0.8420711738200376,0.9772727272727273,0.022727272727272728,0.000735524256651017,0.021184801381692778,0.0586873920552677,30.34090909090909,0.07017292632384571,0.07160065106337243,44,0,0.29999999999999993,0.0030091577468969177,0.04149561346314906,0.006102352598646554,positive option leg,dominates buyhold in this diagnostic grid,continuous_30d_daily_mtm
mny_daily_0204,510300,510300_DTE30_OTM7_Q40_Hold,surface,main_stepA_common_sample,2022-09-30,2026-05-27,881,OTM7,0.07,0.4,Q40,0.07596252571485151,0.0858686718788379,0.1591881927664024,0.5394160859960526,0.9428020526698913,0.32503049007676615,0.23370892280570532,0.5227272727272727,-0.07781731161496763,0.18228881043316703,0.0009628975467901593,0.13242882617996224,0.8420711738200375,0.9772727272727273,0.022727272727272728,0.0009806990088680229,0.02824640184225704,0.07824985607369028,30.34090909090909,0.07017292632384571,0.07160065106337243,44,0,0.39999999999999997,0.003895729735169162,0.05512061318858613,0.008146011795958863,positive option leg,dominates buyhold in this diagnostic grid,continuous_30d_daily_mtm
mny_daily_0205,510300,510300_DTE30_OTM7_Q50_Hold,surface,main_stepA_common_sample,2022-09-30,2026-05-27,881,OTM7,0.07,0.5,Q50,0.07679057545010726,0.08610966981597466,0.15579450155312358,0.55271315070521,0.9639873004190692,0.33147896548780914,0.23166047757238883,0.5227272727272727,-0.0774801422966902,0.1661962690511236,0.0012036219334876988,0.13242882617996235,0.8420711738200377,0.9772727272727273,0.022727272727272728,0.0012258737610850285,0.035308002302821294,0.09781232009211284,30.34090909090909,0.07017292632384571,0.07160065106337243,44,0,0.5,0.004723779470424905,0.0684176778977435,0.01019445702927535,positive option leg,dominates buyhold in this diagnostic grid,continuous_30d_daily_mtm
mny_daily_0206,510300,510300_DTE30_OTM7_Q60_Hold,surface,main_stepA_common_sample,2022-09-30,2026-05-27,881,OTM7,0.07,0.6,Q60,0.07755992598917527,0.08635066775311206,0.15269207026132106,0.5655216253557199,0.9837373672379205,0.33779390818513455,0.22960723716387166,0.5227272727272727,-0.07714292174494353,0.15023065195272056,0.0014443463201852394,0.13242882617996235,0.8420711738200376,0.9772727272727273,0.022727272727272728,0.001471048513302034,0.042369602763385555,0.1173747841105354,30.34090909090909,0.07017292632384571,0.07160065106337243,44,0,0.5999999999999999,0.005493130009492919,0.08122615254825344,0.012247697437792526,positive option leg,dominates buyhold in this diagnostic grid,continuous_30d_daily_mtm
mny_daily_0207,510300,510300_DTE30_OTM7_Q70_Hold,surface,main_stepA_common_sample,2022-09-30,2026-05-27,881,OTM7,0.07,0.7,Q70,0.07827039526158064,0.0865916656902485,0.14989898443865207,0.5776667935044428,1.0017247198247978,0.3439713163814805,0.2275491924296823,0.5227272727272727,-0.07680564999494532,0.13439155382089507,0.0016850707068827772,0.13242882617996238,0.8420711738200375,0.9772727272727273,0.022727272727272728,0.0017162232655190397,0.04943120322394981,0.13693724812895797,30.34090909090909,0.07017292632384571,0.07160065106337243,44,0,0.7000000000000001,0.006203599281898287,0.09337132069697635,0.014305742171981883,positive option leg,dominates buyhold in this diagnostic grid,continuous_30d_daily_mtm
mny_daily_0208,510300,510300_DTE30_OTM7_Q80_Hold,surface,main_stepA_common_sample,2022-09-30,2026-05-27,881,OTM7,0.07,0.8,Q80,0.07892179609785499,0.08683266362738645,0.14743282660024995,0.5889642464959649,1.017658829438537,0.3500070031961363,0.22548633420808706,0.5227272727272727,-0.07646832708194895,0.11867856921329523,0.0019257950935803185,0.13242882617996224,0.8420711738200375,0.9772727272727273,0.022727272727272728,0.0019613980177360458,0.05649280368451408,0.15649971214738057,30.34090909090909,0.07017292632384571,0.07160065106337243,44,0,0.7999999999999999,0.006855000118172638,0.10466877368849842,0.016368600393577126,positive option leg,dominates buyhold in this diagnostic grid,continuous_30d_daily_mtm
mny_daily_0209,510300,510300_DTE30_OTM7_Q90_Hold,surface,main_stepA_common_sample,2022-09-30,2026-05-27,881,OTM7,0.07,0.9,Q90,0.0795139362510271,0.08707366156452297,0.14531024324351158,0.599225901911158,1.0311985267420398,0.35589658726917034,0.2234186533260838,0.5227272727272727,-0.07613095304123929,0.1030912925622609,0.002166519480277857,0.1324288261799622,0.8420711738200375,0.9772727272727273,0.022727272727272728,0.0022065727699530514,0.06355440414507833,0.1760621761658031,30.34090909090909,0.07017292632384571,0.07160065106337243,44,0,0.9000000000000002,0.007447140271344743,0.1149304291036915,0.01843628127558039,positive option leg,dominates buyhold in this diagnostic grid,continuous_30d_daily_mtm
mny_daily_0210,510300,510300_DTE30_OTM7_Q100_Hold,surface,main_stepA_common_sample,2022-09-30,2026-05-27,881,OTM7,0.07,1.0,Q100,0.08004661841132332,0.08731465950165944,0.143546476209577,0.6082675228765668,1.0420782723695696,0.3616354827536307,0.22134614059941737,0.5227272727272727,-0.07579352790814009,0.10193771331786272,0.0024072438669753976,0.13242882617996235,0.8420711738200377,0.9772727272727273,0.022727272727272728,0.002451747522170057,0.07061600460564259,0.19562464018422568,30.34090909090909,0.07017292632384571,0.07160065106337243,44,0,1.0,0.00797982243164097,0.12397205006910034,0.02050879400224681,positive option leg,dominates buyhold in this diagnostic grid,continuous_30d_daily_mtm
510500_buyhold,510500,510500_ETF_BuyHold,buyhold,main_stepA_common_sample,2022-09-30,2026-05-27,881,BuyHold,,0.0,Q0,0.12478696608590023,0.14142443341933933,0.21875401194590507,0.6464998386146705,1.126392212067434,0.4137202280625724,0.30162162162162165,0.5,-0.1333574922993298,0.27228353140916806,0.0,,,,,0.0,0.0,0.0,,,,0,0,0.0,0.0,0.0,0.0,pure ETF baseline,baseline,continuous_30d_daily_mtm
mny_daily_0211,510500,510500_DTE30_ATM_Q10_Hold,surface,main_stepA_common_sample,2022-09-30,2026-05-27,881,ATM,0.0,0.1,Q10,0.11604371329798058,0.1311298605370019,0.20684978303167445,0.6339376266927109,1.0877412448877628,0.40431429435478583,0.28701363003543034,0.5,-0.12717237051116392,0.24458812992619405,-0.010282887782583733,-0.41064102503588873,1.3851410250358884,0.6363636363636364,0.5454545454545454,0.004555328392537694,0.014238018741633258,0.02810720964055683,30.34090909090909,0.0014251456044855162,0.0019310863987410665,44,0,0.09999999999999999,-0.008743252787919653,-0.01256221192195961,0.014607991586191305,negative option leg,drawdown cushion with visible return cost,continuous_30d_daily_mtm
mny_daily_0212,510500,510500_DTE30_ATM_Q20_Hold,surface,main_stepA_common_sample,2022-09-30,2026-05-27,881,ATM,0.0,0.2,Q20,0.10714940158433128,0.120835287654666,0.19527261464952644,0.6188030404137319,1.0436737578113033,0.39073418983957825,0.2742258148137051,0.5227272727272727,-0.12095275718030007,0.217284406177777,-0.020565775565167466,-0.41064102503588873,1.3851410250358884,0.6363636363636364,0.5454545454545454,0.009110656785075388,0.028476037483266516,0.05621441928111366,30.34090909090909,0.0014251456044855162,0.0019310863987410665,44,0,0.19999999999999998,-0.017637564501568948,-0.02769679820093862,0.027395806807916534,negative option leg,drawdown cushion with visible return cost,continuous_30d_daily_mtm
mny_daily_0213,510500,510500_DTE30_ATM_Q30_Hold,surface,main_stepA_common_sample,2022-09-30,2026-05-27,881,ATM,0.0,0.3,Q30,0.09810793965914733,0.11054071477233085,0.18408422425038046,0.6004898856622277,0.993525103689421,0.3753367021629628,0.26138648070859605,0.5681818181818182,-0.11469853683522047,0.1903700010635625,-0.030848663347751198,-0.4106410250358889,1.3851410250358887,0.6363636363636364,0.5454545454545454,0.013665985177613083,0.04271405622489977,0.08432162892167049,30.34090909090909,0.0014251456044855162,0.0019310863987410665,44,0,0.29999999999999993,-0.026679026426752905,-0.04600995295244281,0.0402351409130256,negative option leg,drawdown cushion with visible return cost,continuous_30d_daily_mtm
mny_daily_0214,510500,510500_DTE30_ATM_Q40_Hold,surface,main_stepA_common_sample,2022-09-30,2026-05-27,881,ATM,0.0,0.4,Q40,0.08892328444697473,0.10024614188999251,0.17335990164295875,0.5782544921861644,0.9365898289589704,0.35801016814927333,0.2483820079934096,0.5909090909090909,-0.10897820705325278,0.16384253932323167,-0.04113155113033493,-0.41064102503588873,1.3851410250358884,0.6363636363636364,0.5454545454545454,0.018221313570150777,0.05695207496653303,0.11242883856222732,30.34090909090909,0.0014251456044855162,0.0019310863987410665,44,0,0.39999999999999997,-0.035863681638925504,-0.0682453464285061,0.05323961362821206,negative option leg,drawdown cushion with visible return cost,continuous_30d_daily_mtm
mny_daily_0215,510500,510500_DTE30_ATM_Q50_Hold,surface,main_stepA_common_sample,2022-09-30,2026-05-27,881,ATM,0.0,0.5,Q50,0.07959943845774076,0.08995156900765547,0.16319116296980812,0.5512036765391356,0.8722284018908069,0.3384484520533255,0.23518925252817868,0.5909090909090909,-0.10604812850059264,0.13769962976227057,-0.051414438912918664,-0.4106410250358889,1.3851410250358889,0.6363636363636364,0.5454545454545454,0.02277664196268847,0.07119009370816629,0.14053604820278415,30.34090909090909,0.0014251456044855162,0.0019310863987410665,44,0,0.5,-0.045187527628159474,-0.09529616207553493,0.06643236909344297,negative option leg,drawdown cushion with visible return cost,continuous_30d_daily_mtm
mny_daily_0216,510500,510500_DTE30_ATM_Q60_Hold,surface,main_stepA_common_sample,2022-09-30,2026-05-27,881,ATM,0.0,0.6,Q60,0.07014044713762213,0.07965699612532,0.1536883279211883,0.5183021847057134,0.7999894078924707,0.3162238671762136,0.22180630375548738,0.5909090909090909,-0.10311182621803205,0.1119388654790725,-0.061697326695502396,-0.4106410250358889,1.3851410250358887,0.6363636363636364,0.5454545454545454,0.027331970355226165,0.08542811244979955,0.16864325784334097,30.34090909090909,0.0014251456044855162,0.0019310863987410665,44,0,0.5999999999999999,-0.0546465189482781,-0.1281976539089571,0.07981531786613427,negative option leg,drawdown cushion with visible return cost,continuous_30d_daily_mtm
mny_daily_0217,510500,510500_DTE30_ATM_Q70_Hold,surface,main_stepA_common_sample,2022-09-30,2026-05-27,881,ATM,0.0,0.7,Q70,0.06055039619803759,0.06936242324298303,0.14498239514152422,0.4784196258813015,0.7194624830218176,0.29078438966655384,0.2082312474458189,0.6136363636363636,-0.10016929573840305,0.08661522057891924,-0.0719802144780861,-0.4106410250358889,1.385141025035889,0.6363636363636364,0.5454545454545454,0.03188729874776386,0.09966613119143279,0.1967504674838978,30.34090909090909,0.0014251456044855162,0.0019310863987410665,44,0,0.7000000000000001,-0.06423656988786264,-0.16808021273336904,0.09339037417580276,negative option leg,drawdown cushion with visible return cost,continuous_30d_daily_mtm
mny_daily_0218,510500,510500_DTE30_ATM_Q80_Hold,surface,main_stepA_common_sample,2022-09-30,2026-05-27,881,ATM,0.0,0.8,Q80,0.05083340892503929,0.059067850360646094,0.1372251214491195,0.43044487581340823,0.6305967470945978,0.2598846713949448,0.1955998737908945,0.6363636363636364,-0.0972205326156308,0.07966235024036017,-0.08226310226066987,-0.41064102503588873,1.3851410250358884,0.6363636363636364,0.5454545454545454,0.03644262714030155,0.11390414993306607,0.22485767712445465,30.34090909090909,0.0014251456044855162,0.0019310863987410665,44,0,0.7999999999999999,-0.07395355716086094,-0.2160549628012623,0.10602174783072715,negative option leg,drawdown cushion with visible return cost,continuous_30d_daily_mtm
mny_daily_0219,510500,510500_DTE30_ATM_Q90_Hold,surface,main_stepA_common_sample,2022-09-30,2026-05-27,881,ATM,0.0,0.9,Q90,0.04099364347133627,0.04877327747830966,0.13058567802966825,0.3734963758217703,0.533947251298351,0.22106859857593616,0.18543404054400392,0.6590909090909091,-0.09426553242481672,0.07271732991430424,-0.09254599004325358,-0.4106410250358889,1.3851410250358887,0.6363636363636364,0.5454545454545454,0.04099795553283925,0.12814216867469932,0.2529648867650115,30.34090909090909,0.0014251456044855162,0.0019310863987410665,44,0,0.9000000000000002,-0.08379332261456396,-0.2730034627929002,0.11618758107761773,negative option leg,drawdown cushion with visible return cost,continuous_30d_daily_mtm
mny_daily_0220,510500,510500_DTE30_ATM_Q100_Hold,surface,main_stepA_common_sample,2022-09-30,2026-05-27,881,ATM,0.0,1.0,Q100,0.03103529013327644,0.038478704595972885,0.12524196960364747,0.30723490470284215,0.4304219576674654,0.17717549288063128,0.175166946786404,0.6363636363636364,-0.09130429076233326,0.06578045583513314,-0.10282887782583733,-0.4106410250358889,1.3851410250358889,0.6363636363636364,0.5454545454545454,0.04555328392537694,0.14238018741633257,0.2810720964055683,30.34090909090909,0.0014251456044855162,0.0019310863987410665,44,0,1.0,-0.09375167595262379,-0.3392649339118284,0.12645467483521766,negative option leg,drawdown cushion with visible return cost,continuous_30d_daily_mtm
mny_daily_0221,510500,510500_DTE30_OTM1_Q10_Hold,surface,main_stepA_common_sample,2022-09-30,2026-05-27,881,OTM1,0.01,0.1,Q10,0.11568894541984753,0.1310277535439713,0.20789808232510784,0.6302499382321003,1.0816193872869706,0.39850969510094175,0.29030396711062134,0.5,-0.13041490240615083,0.24604393101440536,-0.010384878876643983,-0.484627061032883,1.4591270610328828,0.6363636363636364,0.5,0.003576864535768646,0.014222390218815618,0.02690421774361106,30.34090909090909,0.008085399063713283,0.007853028282918895,44,0,0.09999999999999999,-0.009098020666052697,-0.016249900382570237,0.011317654511000308,negative option leg,drawdown cushion with visible return cost,continuous_30d_daily_mtm
mny_daily_0222,510500,510500_DTE30_OTM1_Q20_Hold,surface,main_stepA_common_sample,2022-09-30,2026-05-27,881,OTM1,0.01,0.2,Q20,0.10647223351180712,0.12063107366860427,0.19736238324515176,0.6112161379748013,1.0315670096116776,0.37903846514632916,0.2809008670682094,0.5,-0.12746753362376495,0.220149419257347,-0.020769757753287967,-0.484627061032883,1.4591270610328828,0.6363636363636364,0.5,0.007153729071537292,0.028444780437631236,0.05380843548722212,30.34090909090909,0.008085399063713283,0.007853028282918895,44,0,0.19999999999999998,-0.018314732574093107,-0.03528370063986919,0.02072075455341227,negative option leg,drawdown cushion with visible return cost,continuous_30d_daily_mtm
mny_daily_0223,510500,510500_DTE30_OTM1_Q30_Hold,surface,main_stepA_common_sample,2022-09-30,2026-05-27,881,OTM1,0.01,0.3,Q30,0.09714026098618334,0.11023439379323688,0.1872009903811294,0.5888558258629222,0.9757607111076079,0.3577379438432512,0.27154027873751896,0.5681818181818182,-0.124515407729624,0.19459813963479244,-0.031154636629931946,-0.48462706103288317,1.4591270610328833,0.6363636363636364,0.5,0.010730593607305937,0.04266717065644685,0.08071265323083317,30.34090909090909,0.008085399063713283,0.007853028282918895,44,0,0.29999999999999993,-0.027646705099716895,-0.05764401275174835,0.03008134288410269,negative option leg,drawdown cushion with visible return cost,continuous_30d_daily_mtm
mny_daily_0224,510500,510500_DTE30_OTM1_Q40_Hold,surface,main_stepA_common_sample,2022-09-30,2026-05-27,881,OTM1,0.01,0.4,Q40,0.08769648390060425,0.09983771391786922,0.1774782073181547,0.5625350595236521,0.9136978588654875,0.334578534197364,0.26211031174185584,0.5909090909090909,-0.12155854673490785,0.16938822342760562,-0.04153951550657593,-0.484627061032883,1.4591270610328828,0.6363636363636364,0.5,0.014307458143074584,0.05688956087526247,0.10761687097444424,30.34090909090909,0.008085399063713283,0.007853028282918895,44,0,0.39999999999999997,-0.03709048218529598,-0.0839647790910184,0.03951130987976581,negative option leg,drawdown cushion with visible return cost,continuous_30d_daily_mtm
mny_daily_0225,510500,510500_DTE30_OTM1_Q50_Hold,surface,main_stepA_common_sample,2022-09-30,2026-05-27,881,OTM1,0.01,0.5,Q50,0.07814438184846417,0.08944103404250249,0.16827008094066148,0.5315326024835209,0.8449449050106457,0.3093730006521002,0.25258953329395417,0.5909090909090909,-0.11859697288570437,0.14451778984830965,-0.05192439438321992,-0.484627061032883,1.459127061032883,0.6363636363636364,0.5,0.01788432267884323,0.07111195109407809,0.1345210887180553,30.34090909090909,0.008085399063713283,0.007853028282918895,44,0,0.5,-0.04664258423743606,-0.11496723613114967,0.04903208832766748,negative option leg,drawdown cushion with visible return cost,continuous_30d_daily_mtm
mny_daily_0226,510500,510500_DTE30_OTM1_Q60_Hold,surface,main_stepA_common_sample,2022-09-30,2026-05-27,881,OTM1,0.01,0.6,Q60,0.06848745605335638,0.07904435416713537,0.15966567884303842,0.4950616484388047,0.769297553427819,0.2818674133626241,0.242977558974676,0.5909090909090909,-0.115630708664191,0.11998494618944,-0.06230927325986389,-0.48462706103288317,1.4591270610328833,0.6363636363636364,0.5,0.021461187214611873,0.0853343413128937,0.16142530646166633,30.34090909090909,0.008085399063713283,0.007853028282918895,44,0,0.5999999999999999,-0.056299510032543854,-0.15143819017586585,0.05864406264694566,negative option leg,drawdown cushion with visible return cost,continuous_30d_daily_mtm
mny_daily_0227,510500,510500_DTE30_OTM1_Q70_Hold,surface,main_stepA_common_sample,2022-09-30,2026-05-27,881,OTM1,0.01,0.7,Q70,0.058729227456740585,0.06864767429176867,0.15176771940949932,0.45232065526756504,0.6865714728688843,0.24913232865663695,0.2357350720936876,0.5909090909090909,-0.1126597767898192,0.09578778797267717,-0.07269415213650787,-0.4846270610328832,1.4591270610328833,0.6363636363636364,0.5,0.02503805175038052,0.09955673153170931,0.1883295242052774,30.34090909090909,0.008085399063713283,0.007853028282918895,44,0,0.7000000000000001,-0.06605773862915965,-0.1941791833471055,0.06588654952793405,negative option leg,drawdown cushion with visible return cost,continuous_30d_daily_mtm
mny_daily_0228,510500,510500_DTE30_OTM1_Q80_Hold,surface,main_stepA_common_sample,2022-09-30,2026-05-27,881,OTM1,0.01,0.8,Q80,0.04887323480015482,0.05825099441640019,0.1446919317129792,0.4025863344747574,0.5970380511259268,0.2122375411081819,0.23027610735106996,0.6363636363636364,-0.10968420022050429,0.07966235024036017,-0.08307903101315187,-0.484627061032883,1.4591270610328828,0.6363636363636364,0.5,0.028614916286149168,0.11377912175052494,0.21523374194888847,30.34090909090909,0.008085399063713283,0.007853028282918895,44,0,0.7999999999999999,-0.07591373128574541,-0.24391350413991314,0.07134551427055169,negative option leg,drawdown cushion with visible return cost,continuous_30d_daily_mtm
mny_daily_0229,510500,510500_DTE30_OTM1_Q90_Hold,surface,main_stepA_common_sample,2022-09-30,2026-05-27,881,OTM1,0.01,0.9,Q90,0.03892303270330588,0.04785431454103311,0.1385643256564511,0.34535811663155286,0.5012597514895909,0.17314805626382757,0.22479624399593856,0.6590909090909091,-0.10670400215382259,0.0727173299143038,-0.09346390988979586,-0.4846270610328831,1.459127061032883,0.6363636363636364,0.5,0.032191780821917815,0.12800151196934056,0.24213795969249954,30.34090909090909,0.008085399063713283,0.007853028282918895,44,0,0.9000000000000002,-0.08586393338259435,-0.30114172198311767,0.07682537762568309,negative option leg,drawdown cushion with visible return cost,continuous_30d_daily_mtm
mny_daily_0230,510500,510500_DTE30_OTM1_Q100_Hold,surface,main_stepA_common_sample,2022-09-30,2026-05-27,881,OTM1,0.01,1.0,Q100,0.028882189739350306,0.03745763466566494,0.13351551363096828,0.28054893133390024,0.4000449219686371,0.13170437663660198,0.21929559576476254,0.6363636363636364,-0.10371920602820528,0.06578045583513314,-0.10384878876643984,-0.484627061032883,1.459127061032883,0.6363636363636364,0.5,0.03576864535768646,0.14222390218815617,0.2690421774361106,30.34090909090909,0.008085399063713283,0.007853028282918895,44,0,1.0,-0.09590477634654992,-0.3659509072807703,0.08232602585685911,negative option leg,drawdown cushion with visible return cost,continuous_30d_daily_mtm
mny_daily_0231,510500,510500_DTE30_OTM2_Q10_Hold,surface,main_stepA_common_sample,2022-09-30,2026-05-27,881,OTM2,0.02,0.1,Q10,0.11520297108039057,0.13076397614983987,0.2087230116895052,0.6264952536444012,1.0751600621020718,0.3918507026320188,0.29399710222945796,0.5,-0.13041490240615083,0.24604393101440536,-0.010648356863972133,-0.6269078360641719,1.6014078360641717,0.6590909090909091,0.4318181818181818,0.0032545887151597553,0.012783448775363257,0.02690421774361106,30.34090909090909,0.018542276224799526,0.01785756069397082,44,0,0.09999999999999999,-0.00958399500550966,-0.020004584970269357,0.007624519392163687,negative option leg,drawdown cushion with visible return cost,continuous_30d_daily_mtm
mny_daily_0232,510500,510500_DTE30_OTM2_Q20_Hold,surface,main_stepA_common_sample,2022-09-30,2026-05-27,881,OTM2,0.02,0.2,Q20,0.10552553860518343,0.12010351888034065,0.19901849974358138,0.6034791691982602,1.0186640092139034,0.3656023121009559,0.28863476819600653,0.5,-0.12746753362376495,0.220149419257347,-0.021296713727944266,-0.6269078360641719,1.6014078360641717,0.6590909090909091,0.4318181818181818,0.006509177430319511,0.025566897550726515,0.05380843548722212,30.34090909090909,0.018542276224799526,0.01785756069397082,44,0,0.19999999999999998,-0.019261427480716797,-0.04302066941641036,0.012986853425615119,negative option leg,drawdown cushion with visible return cost,continuous_30d_daily_mtm
mny_daily_0233,510500,510500_DTE30_OTM2_Q30_Hold,surface,main_stepA_common_sample,2022-09-30,2026-05-27,881,OTM2,0.02,0.3,Q30,0.0957578037317548,0.10944306161084234,0.18969059185097942,0.576955665238372,0.9565749220083797,0.338040426341369,0.283273230862199,0.5909090909090909,-0.12451540772962366,0.194598139634792,-0.0319450705919164,-0.6269078360641721,1.6014078360641721,0.6590909090909091,0.4318181818181818,0.009763766145479264,0.03835034632608977,0.08071265323083317,30.34090909090909,0.018542276224799526,0.01785756069397082,44,0,0.29999999999999993,-0.029029162354145432,-0.06954417337629848,0.018348390759422628,negative option leg,drawdown cushion with visible return cost,continuous_30d_daily_mtm
mny_daily_0234,510500,510500_DTE30_OTM2_Q40_Hold,surface,main_stepA_common_sample,2022-09-30,2026-05-27,881,OTM2,0.02,0.4,Q40,0.08590291187832366,0.0987826043413422,0.18079758792225134,0.546371251279203,0.8885676816022242,0.3091267576580327,0.2778889557446612,0.6136363636363636,-0.12155854673490774,0.1693882234276065,-0.04259342745588853,-0.6269078360641719,1.6014078360641717,0.6590909090909091,0.4318181818181818,0.013018354860639021,0.05113379510145303,0.10761687097444424,30.34090909090909,0.018542276224799526,0.01785756069397082,44,0,0.39999999999999997,-0.03888405420757657,-0.10012858733546748,0.023732665876960435,negative option leg,drawdown cushion with visible return cost,continuous_30d_daily_mtm
mny_daily_0235,510500,510500_DTE30_OTM2_Q50_Hold,surface,main_stepA_common_sample,2022-09-30,2026-05-27,881,OTM2,0.02,0.5,Q50,0.07596401736898928,0.08812214707184225,0.17240680011349305,0.5111291840799356,0.8143615362304844,0.2787854084390373,0.2724820419918086,0.6136363636363636,-0.11859697288570414,0.14451778984830987,-0.05324178431986066,-0.6269078360641718,1.6014078360641717,0.6590909090909091,0.4318181818181818,0.016272943575798775,0.06391724387681627,0.1345210887180553,30.34090909090909,0.018542276224799526,0.01785756069397082,44,0,0.5,-0.04882294871691095,-0.13537065453473496,0.02913957962981306,negative option leg,drawdown cushion with visible return cost,continuous_30d_daily_mtm
mny_daily_0236,510500,510500_DTE30_OTM2_Q60_Hold,surface,main_stepA_common_sample,2022-09-30,2026-05-27,881,OTM2,0.02,0.6,Q60,0.06594428199272762,0.07746168980234275,0.16459505283386883,0.47061979366127954,0.7339367539245116,0.24693369066952345,0.2670525913816363,0.6136363636363636,-0.11563070866419134,0.11998494618943978,-0.0638901411838328,-0.6269078360641721,1.6014078360641721,0.6590909090909091,0.4318181818181818,0.01952753229095853,0.07670069265217953,0.16142530646166633,30.34090909090909,0.018542276224799526,0.01785756069397082,44,0,0.5999999999999999,-0.058842684093172615,-0.175880044953391,0.034569030239985366,negative option leg,drawdown cushion with visible return cost,continuous_30d_daily_mtm
mny_daily_0237,510500,510500_DTE30_OTM2_Q70_Hold,surface,main_stepA_common_sample,2022-09-30,2026-05-27,881,OTM2,0.02,0.7,Q70,0.055846873563112354,0.06680123253284415,0.15744855627961346,0.42427338878999693,0.6473550199934883,0.21348135453626632,0.2616007083355144,0.6136363636363636,-0.11265977678981909,0.09578778797267762,-0.07453849804780492,-0.626907836064172,1.6014078360641717,0.6590909090909091,0.4318181818181818,0.022782121006118282,0.08948414142754278,0.1883295242052774,30.34090909090909,0.018542276224799526,0.01785756069397082,44,0,0.7000000000000001,-0.06894009252278788,-0.2222264498246736,0.04002091328610724,negative option leg,drawdown cushion with visible return cost,continuous_30d_daily_mtm
mny_daily_0238,510500,510500_DTE30_OTM2_Q80_Hold,surface,main_stepA_common_sample,2022-09-30,2026-05-27,881,OTM2,0.02,0.8,Q80,0.045674964479543556,0.05614077526334395,0.15106175590408558,0.3716412200252042,0.5550371264015959,0.17832971009133422,0.25612649993178616,0.6136363636363636,-0.10968420022050429,0.07966235024036084,-0.08518685491177706,-0.6269078360641719,1.6014078360641717,0.6590909090909091,0.4318181818181818,0.026036709721278042,0.10226759020290606,0.21523374194888847,30.34090909090909,0.018542276224799526,0.01785756069397082,44,0,0.7999999999999999,-0.07911200160635667,-0.2748586185894663,0.045495121689835494,negative option leg,drawdown cushion with visible return cost,continuous_30d_daily_mtm
mny_daily_0239,510500,510500_DTE30_OTM2_Q90_Hold,surface,main_stepA_common_sample,2022-09-30,2026-05-27,881,OTM2,0.02,0.9,Q90,0.035431730290824026,0.04548031799384454,0.14553470405458913,0.31250496772773295,0.4575300732488551,0.1413706242592022,0.2506300759191681,0.6136363636363636,-0.10670400215382192,0.07271732991430446,-0.09583521177574918,-0.626907836064172,1.6014078360641726,0.6590909090909091,0.4318181818181818,0.029291298436437796,0.11505103897826931,0.24213795969249954,30.34090909090909,0.018542276224799526,0.01785756069397082,44,0,0.9000000000000002,-0.0893552357950762,-0.3339948708869376,0.05099154570245357,negative option leg,drawdown cushion with visible return cost,continuous_30d_daily_mtm
mny_daily_0240,510500,510500_DTE30_OTM2_Q100_Hold,surface,main_stepA_common_sample,2022-09-30,2026-05-27,881,OTM2,0.02,1.0,Q100,0.02512034826184517,0.034819860724346396,0.140968563292773,0.24700443780525858,0.3556169376255843,0.10248537203572942,0.24511154872997365,0.6363636363636364,-0.10371920602820528,0.06578045583513337,-0.10648356863972132,-0.6269078360641718,1.6014078360641717,0.6590909090909091,0.4318181818181818,0.03254588715159755,0.12783448775363254,0.2690421774361106,30.34090909090909,0.018542276224799526,0.01785756069397082,44,0,1.0,-0.09966661782405506,-0.3994954008094119,0.056510072891648,negative option leg,drawdown cushion with visible return cost,continuous_30d_daily_mtm
mny_daily_0241,510500,510500_DTE30_OTM3_Q10_Hold,surface,main_stepA_common_sample,2022-09-30,2026-05-27,881,OTM3,0.03,0.1,Q10,0.11755954411102443,0.13331665287393937,0.2108594276932605,0.6322536977947061,1.0882450762378035,0.3995295686652485,0.2942449153482388,0.5,-0.13127195900345578,0.24868170732525696,-0.008098577616289668,-0.6779207191493797,1.6524207191493798,0.7272727272727273,0.29545454545454547,0.0029498840734795795,0.0118527443105757,0.02561603989195928,30.34090909090909,0.031036778992391434,0.033476790083863506,44,0,0.09999999999999999,-0.007227421974875803,-0.014246140819964448,0.007376706273382827,near-flat option leg,drawdown cushion with visible return cost,continuous_30d_daily_mtm
mny_daily_0242,510500,510500_DTE30_OTM3_Q20_Hold,surface,main_stepA_common_sample,2022-09-30,2026-05-27,881,OTM3,0.03,0.2,Q20,0.11024818494714173,0.12520887232854186,0.20326513667473922,0.615987937611252,1.0466200360096962,0.38132141480626175,0.2891214095677149,0.5,-0.12918271400963832,0.2253512943832492,-0.016197155232579336,-0.6779207191493797,1.6524207191493798,0.7272727272727273,0.29545454545454547,0.005899768146959159,0.0237054886211514,0.05123207978391856,30.34090909090909,0.031036778992391434,0.033476790083863506,44,0,0.19999999999999998,-0.014538781138758505,-0.030511901003418496,0.012500212053906723,negative option leg,drawdown cushion with visible return cost,continuous_30d_daily_mtm
mny_daily_0243,510500,510500_DTE30_OTM3_Q30_Hold,surface,main_stepA_common_sample,2022-09-30,2026-05-27,881,OTM3,0.03,0.3,Q30,0.10285456901986167,0.11710109178314317,0.19600604675173308,0.5974361185472344,1.0013650373630911,0.3621774500975757,0.28398943388703857,0.5681818181818182,-0.1270897543606616,0.2022910000202358,-0.024295732848869003,-0.6779207191493799,1.6524207191493798,0.7272727272727273,0.29545454545454547,0.008849652220438738,0.0355582329317271,0.07684811967587783,30.34090909090909,0.031036778992391434,0.033476790083863506,44,0,0.29999999999999993,-0.021932397066038556,-0.04906372006743609,0.017632187734583082,negative option leg,drawdown cushion with visible return cost,continuous_30d_daily_mtm
mny_daily_0244,510500,510500_DTE30_OTM3_Q40_Hold,surface,main_stepA_common_sample,2022-09-30,2026-05-27,881,OTM3,0.03,0.4,Q40,0.09538038542101113,0.10899331123774378,0.18912076029525585,0.5763159531908773,0.9523811200026508,0.34207949888301087,0.27882520213124684,0.5681818181818182,-0.12499307710848018,0.17949952802511282,-0.03239431046515867,-0.6779207191493797,1.6524207191493798,0.7272727272727273,0.29545454545454547,0.011799536293918318,0.0474109772423028,0.10246415956783712,30.34090909090909,0.031036778992391434,0.033476790083863506,44,0,0.39999999999999997,-0.029406580664889104,-0.07018388542379328,0.02279641949037481,negative option leg,drawdown cushion with visible return cost,continuous_30d_daily_mtm
mny_daily_0245,510500,510500_DTE30_OTM3_Q50_Hold,surface,main_stepA_common_sample,2022-09-30,2026-05-27,881,OTM3,0.03,0.5,Q50,0.08782733139965293,0.1008855306923435,0.1826515552127592,0.5523387445282268,0.8995386675870674,0.32097283452092673,0.2736285503124931,0.5681818181818182,-0.12289267931426562,0.1569755785823279,-0.04049288808144834,-0.6779207191493797,1.6524207191493794,0.7272727272727273,0.29545454545454547,0.014749420367397896,0.0592637215528785,0.1280801994597964,30.34090909090909,0.031036778992391434,0.033476790083863506,44,0,0.5,-0.0369596346862473,-0.09416109408644369,0.027993071309128537,negative option leg,drawdown cushion with visible return cost,continuous_30d_daily_mtm
mny_daily_0246,510500,510500_DTE30_OTM3_Q60_Hold,surface,main_stepA_common_sample,2022-09-30,2026-05-27,881,OTM3,0.03,0.6,Q60,0.0801971118485234,0.09277775014694427,0.17664415162748695,0.5252240127519029,0.8428477062227625,0.29879775279780574,0.2683993139091384,0.5909090909090909,-0.12078855804845401,0.1347178483157534,-0.04859146569773801,-0.6779207191493799,1.6524207191493798,0.7272727272727273,0.29545454545454547,0.017699304440877476,0.0711164658634542,0.15369623935175566,30.34090909090909,0.031036778992391434,0.033476790083863506,44,0,0.5999999999999999,-0.044589854237376825,-0.12127582586276764,0.033222307712483246,negative option leg,drawdown cushion with visible return cost,continuous_30d_daily_mtm
mny_daily_0247,510500,510500_DTE30_OTM3_Q70_Hold,surface,main_stepA_common_sample,2022-09-30,2026-05-27,881,OTM3,0.03,0.7,Q70,0.07249143878602049,0.08466996960154552,0.17114718525970718,0.494720199301339,0.7823180283533567,0.2754889979837043,0.2631373278663872,0.5909090909090909,-0.11868071039080341,0.12580277099107406,-0.056690043314027674,-0.6779207191493801,1.6524207191493803,0.7272727272727273,0.29545454545454547,0.020649188514357052,0.08296921017402989,0.17931227924371496,30.34090909090909,0.031036778992391434,0.033476790083863506,44,0,0.7000000000000001,-0.05229552729987974,-0.15177963931333155,0.03848429375523443,negative option leg,drawdown cushion with visible return cost,continuous_30d_daily_mtm
mny_daily_0248,510500,510500_DTE30_OTM3_Q80_Hold,surface,main_stepA_common_sample,2022-09-30,2026-05-27,881,OTM3,0.03,0.8,Q80,0.06471203083386579,0.07656218905614644,0.1662113076057628,0.46063165111332,0.7182473791149151,0.25097510789032845,0.2578424265969188,0.5909090909090909,-0.11656913343043451,0.12435203097582148,-0.06478862093031734,-0.6779207191493797,1.6524207191493798,0.7272727272727273,0.29545454545454547,0.023599072587836636,0.0948219544846056,0.20492831913567425,30.34090909090909,0.031036778992391434,0.033476790083863506,44,0,0.7999999999999999,-0.060074935252034445,-0.18586818750135053,0.043779195024702844,negative option leg,drawdown cushion with visible return cost,continuous_30d_daily_mtm
mny_daily_0249,510500,510500_DTE30_OTM3_Q90_Hold,surface,main_stepA_common_sample,2022-09-30,2026-05-27,881,OTM3,0.03,0.9,Q90,0.05686061269055931,0.06845440851074762,0.1618878487264729,0.42285081338259534,0.6507265564405583,0.22517766427140792,0.25251444398155265,0.5909090909090909,-0.11445382426588657,0.12288445037825313,-0.07288719854660701,-0.6779207191493799,1.65242071914938,0.7272727272727273,0.29545454545454547,0.026548956661316212,0.1066746987951813,0.23054435902763354,30.34090909090909,0.031036778992391434,0.033476790083863506,44,0,0.9000000000000002,-0.06792635339534092,-0.2236490252320752,0.049107177640069,negative option leg,drawdown cushion with visible return cost,continuous_30d_daily_mtm
mny_daily_0250,510500,510500_DTE30_OTM3_Q100_Hold,surface,main_stepA_common_sample,2022-09-30,2026-05-27,881,OTM3,0.03,1.0,Q100,0.048938914600714645,0.06034662796534874,0.15822701852125073,0.38139268836215773,0.5804412737654173,0.19801043220692913,0.24715321336994733,0.6136363636363636,-0.11233478000516373,0.12140010826495584,-0.08098577616289668,-0.6779207191493797,1.6524207191493794,0.7272727272727273,0.29545454545454547,0.029498840734795792,0.118527443105757,0.2561603989195928,30.34090909090909,0.031036778992391434,0.033476790083863506,44,0,1.0,-0.07584805148518559,-0.2651071502525128,0.054468408251674316,negative option leg,drawdown cushion with visible return cost,continuous_30d_daily_mtm
mny_daily_0251,510500,510500_DTE30_OTM4_Q10_Hold,surface,main_stepA_common_sample,2022-09-30,2026-05-27,881,OTM4,0.04,0.1,Q10,0.11961426882412485,0.13529000699579663,0.21150347345864656,0.6396585587151066,1.1021966977292863,0.40489146485549665,0.29542304347367376,0.5,-0.13127195900345556,0.24903975917689114,-0.006127463396954803,-0.6243238093852297,1.5988238093852298,0.7954545454545454,0.2727272727272727,0.0026843964263453153,0.0118527443105757,0.02561603989195928,30.34090909090909,0.039656040791171174,0.037775189203347104,44,0,0.09999999999999999,-0.005172697261775383,-0.006841279899563957,0.006198578147947886,near-flat option leg,drawdown cushion with visible return cost,continuous_30d_daily_mtm
mny_daily_0252,510500,510500_DTE30_OTM4_Q20_Hold,surface,main_stepA_common_sample,2022-09-30,2026-05-27,881,OTM4,0.04,0.2,Q20,0.11434560115071002,0.12915558057225485,0.20454988382685893,0.6314136100002798,1.075349946128642,0.39227747247325645,0.29149163328135175,0.5,-0.1291827140096381,0.22605591984643736,-0.012254926793909606,-0.6243238093852297,1.5988238093852298,0.7954545454545454,0.2727272727272727,0.005368792852690631,0.0237054886211514,0.05123207978391856,30.34090909090909,0.039656040791171174,0.037775189203347104,44,0,0.19999999999999998,-0.010441364935190212,-0.015086228614390684,0.010129988340269902,negative option leg,drawdown cushion with visible return cost,continuous_30d_daily_mtm
mny_daily_0253,510500,510500_DTE30_OTM4_Q30_Hold,surface,main_stepA_common_sample,2022-09-30,2026-05-27,881,OTM4,0.04,0.3,Q30,0.10898197682958699,0.12302115414871359,0.19792454321775338,0.6215558320797422,1.045698020857116,0.3789811341978777,0.2875657044518848,0.5227272727272727,-0.12708975436066183,0.20333085432317244,-0.018382390190864406,-0.6243238093852299,1.5988238093852298,0.7954545454545454,0.2727272727272727,0.008053189279035944,0.0355582329317271,0.07684811967587783,30.34090909090909,0.039656040791171174,0.037775189203347104,44,0,0.29999999999999993,-0.01580498925631324,-0.024944006534928342,0.014055917169736865,negative option leg,drawdown cushion with visible return cost,continuous_30d_daily_mtm
mny_daily_0254,510500,510500_DTE30_OTM4_Q40_Hold,surface,main_stepA_common_sample,2022-09-30,2026-05-27,881,OTM4,0.04,0.4,Q40,0.10352442276574347,0.11688672772516989,0.19166149531973545,0.609860251430137,1.0131577569949246,0.3650089347450672,0.28362161281900655,0.5227272727272727,-0.12499307710848029,0.18086340029800008,-0.02450985358781921,-0.6243238093852297,1.5988238093852298,0.7954545454545454,0.2727272727272727,0.010737585705381261,0.0474109772423028,0.10246415956783712,30.34090909090909,0.039656040791171174,0.037775189203347104,44,0,0.39999999999999997,-0.021262543320156757,-0.03663958718453353,0.018000008802615097,negative option leg,drawdown cushion with visible return cost,continuous_30d_daily_mtm
mny_daily_0255,510500,510500_DTE30_OTM4_Q50_Hold,surface,main_stepA_common_sample,2022-09-30,2026-05-27,881,OTM4,0.04,0.5,Q50,0.09797397871848346,0.11075230130162818,0.1857973813440422,0.5960918313296755,0.97761051880539,0.35033335066675714,0.27965929744347384,0.5454545454545454,-0.1228926793142654,0.1586523922794767,-0.030637316984774014,-0.6243238093852296,1.5988238093852296,0.7954545454545454,0.2727272727272727,0.013421982131726575,0.0592637215528785,0.1280801994597964,30.34090909090909,0.039656040791171174,0.037775189203347104,44,0,0.5,-0.026812987367416774,-0.05040800728499506,0.021962324178147807,negative option leg,drawdown cushion with visible return cost,continuous_30d_daily_mtm
mny_daily_0256,510500,510500_DTE30_OTM4_Q60_Hold,surface,main_stepA_common_sample,2022-09-30,2026-05-27,881,OTM4,0.04,0.6,Q60,0.09233169700750254,0.10461787487808573,0.18037111516613655,0.5800145704134729,0.9390305877141278,0.3349250337548101,0.2756786973263282,0.5681818181818182,-0.12078855804845434,0.13669666162597793,-0.03676478038172881,-0.6243238093852299,1.5988238093852298,0.7954545454545454,0.2727272727272727,0.01610637855807189,0.0711164658634542,0.15369623935175566,30.34090909090909,0.039656040791171174,0.037775189203347104,44,0,0.5999999999999999,-0.032455269078397686,-0.0664852682011976,0.025942924295293435,negative option leg,drawdown cushion with visible return cost,continuous_30d_daily_mtm
mny_daily_0257,510500,510500_DTE30_OTM4_Q70_Hold,surface,main_stepA_common_sample,2022-09-30,2026-05-27,881,OTM4,0.04,0.7,Q70,0.08659864221177083,0.09848344845454214,0.17542333255332304,0.561404500878504,0.8973578961580876,0.31875265551581794,0.2716797514098621,0.5681818181818182,-0.1186807103908033,0.12580277099107473,-0.04289224377868362,-0.6243238093852301,1.59882380938523,0.7954545454545454,0.2727272727272727,0.018790774984417204,0.08296921017402989,0.17931227924371496,30.34090909090909,0.039656040791171174,0.037775189203347104,44,0,0.7000000000000001,-0.038188323874129404,-0.08509533773616651,0.029941870211759536,negative option leg,drawdown cushion with visible return cost,continuous_30d_daily_mtm
mny_daily_0258,510500,510500_DTE30_OTM4_Q80_Hold,surface,main_stepA_common_sample,2022-09-30,2026-05-27,881,OTM4,0.04,0.8,Q80,0.08077589086119441,0.0923490220310011,0.17099557353281888,0.5400667404602536,0.8528725678910909,0.30178273560332525,0.26766239857858976,0.5681818181818182,-0.11656913343043473,0.12435203097582148,-0.04901970717563842,-0.6243238093852297,1.5988238093852298,0.7954545454545454,0.2727272727272727,0.021475171410762522,0.0948219544846056,0.20492831913567425,30.34090909090909,0.039656040791171174,0.037775189203347104,44,0,0.7999999999999999,-0.04401107522470582,-0.10643309815441693,0.033959223043031894,negative option leg,drawdown cushion with visible return cost,continuous_30d_daily_mtm
mny_daily_0259,510500,510500_DTE30_OTM4_Q90_Hold,surface,main_stepA_common_sample,2022-09-30,2026-05-27,881,OTM4,0.04,0.9,Q90,0.07486453112096836,0.08621459560745946,0.16712917422576876,0.5158560497103593,0.8055478405475517,0.2839794522442117,0.26362657766023034,0.5681818181818182,-0.11445382426588646,0.12288445037825335,-0.05514717057259324,-0.6243238093852298,1.5988238093852294,0.7954545454545454,0.2727272727272727,0.024159567837107834,0.1066746987951813,0.23054435902763354,30.34090909090909,0.039656040791171174,0.037775189203347104,44,0,0.9000000000000002,-0.04992243496493187,-0.13064378890431128,0.037995043961391306,negative option leg,drawdown cushion with visible return cost,continuous_30d_daily_mtm
mny_daily_0260,510500,510500_DTE30_OTM4_Q100_Hold,surface,main_stepA_common_sample,2022-09-30,2026-05-27,881,OTM4,0.04,1.0,Q100,0.06886566246862458,0.08008016918391693,0.1638638756188284,0.4886993480503003,0.755918425129975,0.26530443241687507,0.2595722274266997,0.5681818181818182,-0.11233478000516361,0.12140010826495584,-0.06127463396954803,-0.6243238093852296,1.5988238093852296,0.7954545454545454,0.2727272727272727,0.02684396426345315,0.118527443105757,0.2561603989195928,30.34090909090909,0.039656040791171174,0.037775189203347104,44,0,1.0,-0.05592130361727565,-0.15780049056437023,0.04204939419492193,negative option leg,drawdown cushion with visible return cost,continuous_30d_daily_mtm
mny_daily_0261,510500,510500_DTE30_OTM5_Q10_Hold,surface,main_stepA_common_sample,2022-09-30,2026-05-27,881,OTM5,0.05,0.1,Q10,0.12067283970874976,0.13641856622998993,0.21236878559749253,0.6423663715276275,1.107173210047432,0.4072765442626644,0.2962921420559991,0.5,-0.13255722637897183,0.2501858246352886,-0.005000185160757227,-0.6692513705718165,1.6437513705718165,0.8409090909090909,0.25,0.0016118589197478277,0.011000207770621252,0.02561603989195928,30.34090909090909,0.05017238396082407,0.050604129567764056,44,0,0.09999999999999999,-0.004114126377150473,-0.004133467087042986,0.005329479565622575,near-flat option leg,drawdown cushion with visible return cost,continuous_30d_daily_mtm
mny_daily_0262,510500,510500_DTE30_OTM5_Q20_Hold,surface,main_stepA_common_sample,2022-09-30,2026-05-27,881,OTM5,0.05,0.2,Q20,0.11646719258959459,0.13141269904064154,0.20627681700648973,0.637069647223164,1.0857847116046442,0.397177373351654,0.2932372295198109,0.5,-0.13175698643872147,0.2283100745338449,-0.010000370321514454,-0.6692513705718165,1.6437513705718165,0.8409090909090909,0.25,0.0032237178394956554,0.022000415541242505,0.05123207978391856,30.34090909090909,0.05017238396082407,0.050604129567764056,44,0,0.19999999999999998,-0.008319773496305638,-0.009430191391506582,0.008384392101810745,negative option leg,drawdown cushion with visible return cost,continuous_30d_daily_mtm
mny_daily_0263,510500,510500_DTE30_OTM5_Q30_Hold,surface,main_stepA_common_sample,2022-09-30,2026-05-27,881,OTM5,0.05,0.3,Q30,0.11217060717701655,0.1264068318512942,0.20050483823826903,0.6304428010913093,1.06212729038742,0.38653509274546455,0.2901951447158292,0.5,-0.13095677402665207,0.20665561422313106,-0.015000555482271685,-0.6692513705718166,1.6437513705718163,0.8409090909090909,0.25,0.004835576759243483,0.03300062331186376,0.07684811967587783,30.34090909090909,0.05017238396082407,0.050604129567764056,44,0,0.29999999999999993,-0.012616358908883685,-0.016057037523361184,0.01142647690579246,negative option leg,drawdown cushion with visible return cost,continuous_30d_daily_mtm
mny_daily_0264,510500,510500_DTE30_OTM5_Q40_Hold,surface,main_stepA_common_sample,2022-09-30,2026-05-27,881,OTM5,0.05,0.4,Q40,0.10778367551359391,0.12140096466194364,0.19508125451726652,0.6223097394075786,1.036160142723354,0.37536675305319017,0.28714230718861977,0.5,-0.13015659069374008,0.18522177370392123,-0.020000740643028907,-0.6692513705718165,1.6437513705718165,0.8409090909090909,0.25,0.006447435678991311,0.04400083108248501,0.10246415956783712,30.34090909090909,0.05017238396082407,0.050604129567764056,44,0,0.39999999999999997,-0.017003290572306318,-0.02419009920709192,0.014479314433001877,negative option leg,drawdown cushion with visible return cost,continuous_30d_daily_mtm
mny_daily_0265,510500,510500_DTE30_OTM5_Q50_Hold,surface,main_stepA_common_sample,2022-09-30,2026-05-27,881,OTM5,0.05,0.5,Q50,0.10330699909116103,0.1163950974725946,0.1900358975445353,0.6124900557028558,1.0078193082848754,0.3636562772309481,0.28407869067403335,0.5227272727272727,-0.12935643799386587,0.16400787985912446,-0.025000925803786142,-0.6692513705718167,1.6437513705718168,0.8409090909090909,0.25,0.008059294598739138,0.05500103885310626,0.1280801994597964,30.34090909090909,0.05017238396082407,0.050604129567764056,44,0,0.5,-0.021479966994739197,-0.03400978291181478,0.017542930947588298,negative option leg,drawdown cushion with visible return cost,continuous_30d_daily_mtm
mny_daily_0266,510500,510500_DTE30_OTM5_Q60_Hold,surface,main_stepA_common_sample,2022-09-30,2026-05-27,881,OTM5,0.05,0.6,Q60,0.0987411886995071,0.11138923028324588,0.18539964841264986,0.6008060491858289,0.9770778596408841,0.35138679239768267,0.28100426890193575,0.5454545454545454,-0.12855631748381868,0.14301325645346297,-0.03000111096454337,-0.6692513705718166,1.6437513705718163,0.8409090909090909,0.25,0.009671153518486965,0.06600124662372751,0.15369623935175566,30.34090909090909,0.05017238396082407,0.050604129567764056,44,0,0.5999999999999999,-0.026045777386393132,-0.045693789428841614,0.0206173527196859,negative option leg,drawdown cushion with visible return cost,continuous_30d_daily_mtm
mny_daily_0267,510500,510500_DTE30_OTM5_Q70_Hold,surface,main_stepA_common_sample,2022-09-30,2026-05-27,881,OTM5,0.05,0.7,Q70,0.09408686426843316,0.10638336309389457,0.18120391191130997,0.5870919781575343,0.9439368892991765,0.3385405783281,0.27791901559655263,0.5681818181818182,-0.12775623072329878,0.1258027709910745,-0.0350012961253006,-0.6692513705718168,1.6437513705718172,0.8409090909090909,0.25,0.011283012438234792,0.07700145439434876,0.17931227924371496,30.34090909090909,0.05017238396082407,0.050604129567764056,44,0,0.7000000000000001,-0.030700101817467074,-0.0594078604571362,0.023702606025069017,negative option leg,drawdown cushion with visible return cost,continuous_30d_daily_mtm
mny_daily_0268,510500,510500_DTE30_OTM5_Q80_Hold,surface,main_stepA_common_sample,2022-09-30,2026-05-27,881,OTM5,0.05,0.8,Q80,0.08934465470301456,0.10137749590454763,0.17747993277224297,0.5712053995120884,0.9086289065240797,0.3250990119368067,0.2748229044768107,0.5681818181818182,-0.1269561792749221,0.1243520309758217,-0.040001481286057815,-0.6692513705718165,1.6437513705718165,0.8409090909090909,0.25,0.012894871357982621,0.08800166216497002,0.20492831913567425,30.34090909090909,0.05017238396082407,0.050604129567764056,44,0,0.7999999999999999,-0.03544231138288567,-0.07529443910258216,0.02679871714481097,negative option leg,drawdown cushion with visible return cost,continuous_30d_daily_mtm
mny_daily_0269,510500,510500_DTE30_OTM5_Q90_Hold,surface,main_stepA_common_sample,2022-09-30,2026-05-27,881,OTM5,0.05,0.9,Q90,0.08451519771190763,0.09637162871519799,0.17425795868817148,0.553040041560751,0.8711675008682868,0.31104250738614303,0.2717159092566934,0.5681818181818182,-0.12615616470421953,0.12288445037825313,-0.04500166644681507,-0.6692513705718167,1.6437513705718165,0.8409090909090909,0.25,0.014506730277730449,0.09900186993559128,0.23054435902763354,30.34090909090909,0.05017238396082407,0.050604129567764056,44,0,0.9000000000000002,-0.0402717683739926,-0.09345979705391949,0.029905712364928227,negative option leg,drawdown cushion with visible return cost,continuous_30d_daily_mtm
mny_daily_0270,510500,510500_DTE30_OTM5_Q100_Hold,surface,main_stepA_common_sample,2022-09-30,2026-05-27,881,OTM5,0.05,1.0,Q100,0.07959913962858578,0.09136576152584917,0.17156627459948995,0.5325391702951904,0.8319141885481433,0.29635045141145827,0.2685980036455855,0.5681818181818182,-0.12535618857964492,0.12140010826495562,-0.050001851607572284,-0.6692513705718167,1.6437513705718168,0.8409090909090909,0.25,0.016118589197478276,0.11000207770621252,0.2561603989195928,30.34090909090909,0.05017238396082407,0.050604129567764056,44,0,1.0,-0.04518782645731445,-0.11396066831948015,0.033023617976036146,negative option leg,drawdown cushion with visible return cost,continuous_30d_daily_mtm
mny_daily_0271,510500,510500_DTE30_OTM7_Q10_Hold,surface,main_stepA_common_sample,2022-09-30,2026-05-27,881,OTM7,0.07,0.1,Q10,0.12185181346896012,0.13773657703362005,0.2136500884762144,0.6446829861666743,1.1146285744557232,0.40862597765711905,0.2981988912393789,0.5,-0.13255722637897183,0.25471340622797767,-0.0036836703966318858,-0.7409098554010057,1.715409855401006,0.8863636363636364,0.18181818181818182,0.0012490450725744845,0.008892502595742072,0.020820693953874925,30.34090909090909,0.06774129984299582,0.06550772171806551,44,0,0.09999999999999999,-0.0029351526169401065,-0.0018168524479962311,0.0034227303822427224,near-flat option leg,drawdown cushion with visible return cost,continuous_30d_daily_mtm
mny_daily_0272,510500,510500_DTE30_OTM7_Q20_Hold,surface,main_stepA_common_sample,2022-09-30,2026-05-27,881,OTM7,0.07,0.2,Q20,0.11884473265895301,0.13404872064790138,0.20878066066269635,0.6420552565664547,1.1011731219862906,0.40097023117949215,0.29639290754667724,0.5,-0.13175698643872158,0.23727000463851922,-0.0073673407932637715,-0.7409098554010057,1.715409855401006,0.8863636363636364,0.18181818181818182,0.002498090145148969,0.017785005191484144,0.04164138790774985,30.34090909090909,0.06774129984299582,0.06550772171806551,44,0,0.19999999999999998,-0.005942233426947219,-0.0044445820482158505,0.005228714074944407,near-flat option leg,drawdown cushion with visible return cost,continuous_30d_daily_mtm
mny_daily_0273,510500,510500_DTE30_OTM7_Q30_Hold,surface,main_stepA_common_sample,2022-09-30,2026-05-27,881,OTM7,0.07,0.3,Q30,0.11576604300718185,0.13036086426218307,0.20416250788281937,0.6385151985740922,1.0859440247595578,0.3927217208558489,0.2947788137485641,0.5,-0.13095677402665207,0.21995314929468912,-0.01105101118989565,-0.7409098554010058,1.7154098554010058,0.8863636363636364,0.18181818181818182,0.0037471352177234525,0.02667750778722621,0.062462081861624774,30.34090909090909,0.06774129984299582,0.06550772171806551,44,0,0.29999999999999993,-0.00902092307871838,-0.007984640040578306,0.006842807873057577,negative option leg,drawdown cushion with visible return cost,continuous_30d_daily_mtm
mny_daily_0274,510500,510500_DTE30_OTM7_Q40_Hold,surface,main_stepA_common_sample,2022-09-30,2026-05-27,881,OTM7,0.07,0.4,Q40,0.11261606682910963,0.12667300787646416,0.19981305357920248,0.6339576199222297,1.0689360072865017,0.3841250518034709,0.2931755330728264,0.5,-0.1301565906937402,0.20276266221095218,-0.014734681586527543,-0.7409098554010057,1.715409855401006,0.8863636363636364,0.18181818181818182,0.004996180290297938,0.03557001038296829,0.0832827758154997,30.34090909090909,0.06774129984299582,0.06550772171806551,44,0,0.39999999999999997,-0.012170899256790602,-0.012542218692440876,0.00844608854879525,negative option leg,drawdown cushion with visible return cost,continuous_30d_daily_mtm
mny_daily_0275,510500,510500_DTE30_OTM7_Q50_Hold,surface,main_stepA_common_sample,2022-09-30,2026-05-27,881,OTM7,0.07,0.5,Q50,0.10939512933340234,0.12298515149074406,0.19575020953674824,0.6282759634423586,1.0500632647172334,0.37510068660439094,0.29164203969794,0.5227272727272727,-0.12935643799386587,0.18569836476187573,-0.01841835198315942,-0.7409098554010058,1.715409855401005,0.8863636363636364,0.18181818181818182,0.006245225362872421,0.04446251297871036,0.10410346976937462,30.34090909090909,0.06774129984299582,0.06550772171806551,44,0,0.5,-0.01539183675249789,-0.018223875172311943,0.009979581923681646,negative option leg,drawdown cushion with visible return cost,continuous_30d_daily_mtm
mny_daily_0276,510500,510500_DTE30_OTM7_Q60_Hold,surface,main_stepA_common_sample,2022-09-30,2026-05-27,881,OTM7,0.07,0.6,Q60,0.10610355854630771,0.11929729510502499,0.19199217193445425,0.6213654124698004,1.02926052265772,0.3657399960697371,0.29010652290288896,0.5227272727272727,-0.12855631748381868,0.1687600776816629,-0.0221020223797913,-0.7409098554010058,1.7154098554010058,0.8863636363636364,0.18181818181818182,0.007494270435446905,0.05335501557445242,0.12492416372324955,30.34090909090909,0.06774129984299582,0.06550772171806551,44,0,0.5999999999999999,-0.018683407539592523,-0.02513442614487016,0.011515098718732686,negative option leg,drawdown cushion with visible return cost,continuous_30d_daily_mtm
mny_daily_0277,510500,510500_DTE30_OTM7_Q70_Hold,surface,main_stepA_common_sample,2022-09-30,2026-05-27,881,OTM7,0.07,0.7,Q70,0.10274168523124505,0.11560943871930612,0.18855716648255474,0.6131267290230641,1.0066725392471445,0.3560385589421114,0.2885689840350969,0.5227272727272727,-0.127756230723299,0.1519476210636821,-0.02578569277642319,-0.740909855401006,1.7154098554010062,0.8863636363636364,0.18181818181818182,0.008743315508021389,0.06224751817019449,0.14574485767712447,30.34090909090909,0.06774129984299582,0.06550772171806551,44,0,0.7000000000000001,-0.02204528085465518,-0.03337310959160644,0.013052637586524751,negative option leg,drawdown cushion with visible return cost,continuous_30d_daily_mtm
mny_daily_0278,510500,510500_DTE30_OTM7_Q80_Hold,surface,main_stepA_common_sample,2022-09-30,2026-05-27,881,OTM7,0.07,0.8,Q80,0.09930984280352928,0.11192158233358772,0.18546314290754196,0.603470752080285,0.9821675988721722,0.34599185428822304,0.28702942445807056,0.5454545454545454,-0.12695617927492164,0.13526081436000092,-0.029469363173055086,-0.7409098554010057,1.715409855401006,0.8863636363636364,0.18181818181818182,0.009992360580595876,0.07114002076593658,0.1665655516309994,30.34090909090909,0.06774129984299582,0.06550772171806551,44,0,0.7999999999999999,-0.02547712328237095,-0.04302908653438553,0.01459219716355109,negative option leg,drawdown cushion with visible return cost,continuous_30d_daily_mtm
mny_daily_0279,510500,510500_DTE30_OTM7_Q90_Hold,surface,main_stepA_common_sample,2022-09-30,2026-05-27,881,OTM7,0.07,0.9,Q90,0.09580836724006825,0.10823372594786879,0.18272742300965514,0.5923233861955677,0.9559470681822142,0.3355952581974549,0.2854878455514329,0.5454545454545454,-0.1261561647042193,0.12995457429482382,-0.03315303356968696,-0.7409098554010058,1.7154098554010058,0.8863636363636364,0.18181818181818182,0.01124140565317036,0.08003252336167864,0.18738624558487432,30.34090909090909,0.06774129984299582,0.06550772171806551,44,0,0.9000000000000002,-0.028978598845831982,-0.05417645241910285,0.016133776070188732,negative option leg,drawdown cushion with visible return cost,continuous_30d_daily_mtm
mny_daily_0280,510500,510500_DTE30_OTM7_Q100_Hold,surface,main_stepA_common_sample,2022-09-30,2026-05-27,881,OTM7,0.07,1.0,Q100,0.09223759698392997,0.1045458695621497,0.18036631132156616,0.5796308013183241,0.9280197945665992,0.32484404034476777,0.28394424871096646,0.5454545454545454,-0.12535618857964503,0.1292549147451596,-0.03683670396631884,-0.7409098554010058,1.715409855401005,0.8863636363636364,0.18181818181818182,0.012490450725744843,0.08892502595742072,0.20820693953874925,30.34090909090909,0.06774129984299582,0.06550772171806551,44,0,1.0,-0.03254936910197026,-0.06686903729634641,0.017677372910655187,negative option leg,drawdown cushion with visible return cost,continuous_30d_daily_mtm
588000_buyhold,588000,588000_ETF_BuyHold,buyhold,short_sample_extension,2023-06-30,2026-05-27,703,BuyHold,,0.0,Q0,0.2389742738605407,0.2726381177285216,0.3474005025640231,0.7847948282063195,1.6317806735724503,0.6551723632197246,0.36475023562676756,0.42857142857142855,-0.1950947603121519,0.30494505494505497,0.0,,,,,0.0,0.0,0.0,,,,0,0,0.0,0.0,0.0,0.0,pure ETF baseline,baseline,continuous_30d_daily_mtm
mny_daily_0281,588000,588000_DTE30_ATM_Q10_Hold,surface,short_sample_extension,2023-06-30,2026-05-27,703,ATM,0.0,0.1,Q10,0.22268711160387156,0.25212072875667363,0.32409233305966634,0.7779287043802344,1.5814113072513145,0.6509381992932592,0.3421017722506512,0.42857142857142855,-0.18853976792022464,0.27452661133209433,-0.020488203496781588,-0.5809554618717575,1.5554554618717573,0.7428571428571429,0.42857142857142855,0.010408752327746741,0.034843428571428615,0.06202857142857143,30.34285714285714,0.0006032826838843684,0.00536193029490617,35,0,0.09999999999999998,-0.016287162256669152,-0.006866123826085091,0.022648463376116368,negative option leg,drawdown cushion with visible return cost,continuous_30d_daily_mtm
mny_daily_0282,588000,588000_DTE30_ATM_Q20_Hold,surface,short_sample_extension,2023-06-30,2026-05-27,703,ATM,0.0,0.2,Q20,0.20582799105727023,0.23160333978482525,0.30146918794757177,0.7682487930577607,1.5199571565859125,0.6456522003095431,0.3187908148668753,0.42857142857142855,-0.1819384928705291,0.24435999771160644,-0.040976406993563176,-0.5809554618717575,1.5554554618717573,0.7428571428571429,0.42857142857142855,0.020817504655493483,0.06968685714285723,0.12405714285714287,30.34285714285714,0.0006032826838843684,0.00536193029490617,35,0,0.19999999999999996,-0.03314628280327048,-0.01654603514855879,0.04595942075989223,negative option leg,drawdown cushion with visible return cost,continuous_30d_daily_mtm
mny_daily_0283,588000,588000_DTE30_ATM_Q30_Hold,surface,short_sample_extension,2023-06-30,2026-05-27,703,ATM,0.0,0.3,Q30,0.18841790842350647,0.21108595081297774,0.27969733996387586,0.7546941663450945,1.445918785302804,0.6391294155828742,0.29480400030042875,0.42857142857142855,-0.17529066170272478,0.2144477353419303,-0.06146461049034478,-0.5809554618717574,1.5554554618717578,0.7428571428571429,0.42857142857142855,0.031226256983240216,0.10453028571428583,0.1860857142857143,30.34285714285714,0.0006032826838843684,0.00536193029490617,35,0,0.3,-0.050556365437034234,-0.030100661861225064,0.06994623532633881,negative option leg,drawdown cushion with visible return cost,continuous_30d_daily_mtm
mny_daily_0284,588000,588000_DTE30_ATM_Q40_Hold,surface,short_sample_extension,2023-06-30,2026-05-27,703,ATM,0.0,0.4,Q40,0.1704784238511714,0.19056856184112922,0.2589915683016657,0.7358099072135068,1.361566019597358,0.6097717025450122,0.2795774601209655,0.42857142857142855,-0.1685959997019969,0.18771570968510587,-0.08195281398712635,-0.5809554618717575,1.5554554618717573,0.7428571428571429,0.42857142857142855,0.041635009310986966,0.13937371428571446,0.24811428571428573,30.34285714285714,0.0006032826838843684,0.00536193029490617,35,0,0.3999999999999999,-0.06849585000936931,-0.04898492099281271,0.08517277550580205,negative option leg,drawdown cushion with visible return cost,continuous_30d_daily_mtm
mny_daily_0285,588000,588000_DTE30_ATM_Q50_Hold,surface,short_sample_extension,2023-06-30,2026-05-27,703,ATM,0.0,0.5,Q50,0.15203162713350338,0.1700511728692803,0.2396283845608314,0.7096453668497338,1.265445189731263,0.5725389725955948,0.2655393508747026,0.4857142857142857,-0.16185423089556794,0.17269256000215338,-0.10244101748390795,-0.5809554618717575,1.555455461871758,0.7428571428571429,0.42857142857142855,0.0520437616387337,0.17421714285714304,0.31014285714285716,30.34285714285714,0.0006032826838843684,0.00536193029490617,35,0,0.5,-0.08694264672703733,-0.07514946135658573,0.09921088475206497,negative option leg,drawdown cushion with visible return cost,continuous_30d_daily_mtm
mny_daily_0286,588000,588000_DTE30_ATM_Q60_Hold,surface,short_sample_extension,2023-06-30,2026-05-27,703,ATM,0.0,0.6,Q60,0.1331001022796785,0.14953378389743324,0.22195943929128092,0.6736986918641369,1.156569722258842,0.5296684525328373,0.25128946540652586,0.4857142857142857,-0.15506507804921987,0.15781152055920744,-0.12292922098068956,-0.5809554618717574,1.5554554618717578,0.7428571428571429,0.42857142857142855,0.06245251396648043,0.20906057142857165,0.3721714285714286,30.34285714285714,0.0006032826838843684,0.00536193029490617,35,0,0.6,-0.10587417158086221,-0.11109613634218263,0.1134607702202417,negative option leg,drawdown cushion with visible return cost,continuous_30d_daily_mtm
mny_daily_0287,588000,588000_DTE30_ATM_Q70_Hold,surface,short_sample_extension,2023-06-30,2026-05-27,703,ATM,0.0,0.7,Q70,0.11370689102970855,0.1290163949255832,0.20642025690603827,0.6250180910505841,1.0343740211820567,0.4801282682490464,0.23682607034236913,0.4857142857142857,-0.14822826266381706,0.14307182218635006,-0.14341742447747116,-0.5809554618717574,1.5554554618717578,0.7428571428571429,0.42857142857142855,0.07286126629422718,0.24390400000000026,0.43420000000000003,30.34285714285714,0.0006032826838843684,0.00536193029490617,35,0,0.7000000000000001,-0.12526738283083216,-0.15977673715573537,0.12792416528439843,negative option leg,drawdown cushion with visible return cost,continuous_30d_daily_mtm
mny_daily_0288,588000,588000_DTE30_ATM_Q80_Hold,surface,short_sample_extension,2023-06-30,2026-05-27,703,ATM,0.0,0.8,Q80,0.09387545538517861,0.10849900595373643,0.19352455141195576,0.5606472417175358,0.8986518382881334,0.4225817296455122,0.22214745408876801,0.5142857142857142,-0.14134350497183967,0.13859315850135023,-0.1639056279742527,-0.5809554618717575,1.5554554618717573,0.7428571428571429,0.42857142857142855,0.08327001862197393,0.2787474285714289,0.49622857142857146,30.34285714285714,0.0006032826838843684,0.00536193029490617,35,0,0.7999999999999998,-0.1450988184753621,-0.22414758648878375,0.14260278153799955,negative option leg,drawdown cushion with visible return cost,continuous_30d_daily_mtm
mny_daily_0289,588000,588000_DTE30_ATM_Q90_Hold,surface,short_sample_extension,2023-06-30,2026-05-27,703,ATM,0.0,0.9,Q90,0.07362963922888266,0.08798161698188843,0.18382948975784982,0.47860447797457634,0.7501385494010726,0.35526636566793,0.20725192797368497,0.6,-0.13441052393391473,0.13419120288354947,-0.18439383147103428,-0.5809554618717574,1.5554554618717575,0.7428571428571429,0.42857142857142855,0.09367877094972066,0.3135908571428575,0.5582571428571429,30.34285714285714,0.0006032826838843684,0.00536193029490617,35,0,0.9000000000000004,-0.16534463463165805,-0.3061903502317432,0.1574983076530826,negative option leg,drawdown cushion with visible return cost,continuous_30d_daily_mtm
mny_daily_0290,588000,588000_DTE30_ATM_Q100_Hold,surface,short_sample_extension,2023-06-30,2026-05-27,703,ATM,0.0,1.0,Q100,0.05299362910705541,0.06746422801004028,0.177859243160014,0.3793124653597281,0.5899232810658227,0.27581049407387337,0.1921378274057315,0.6,-0.12742903723536092,0.12977133414514874,-0.2048820349678159,-0.5809554618717575,1.555455461871758,0.7428571428571429,0.42857142857142855,0.1040875232774674,0.3484342857142861,0.6202857142857143,30.34285714285714,0.0006032826838843684,0.00536193029490617,35,0,1.0,-0.1859806447534853,-0.4054823628465914,0.17261240822103607,negative option leg,drawdown cushion with visible return cost,continuous_30d_daily_mtm
mny_daily_0291,588000,588000_DTE30_OTM1_Q10_Hold,surface,short_sample_extension,2023-06-30,2026-05-27,703,OTM1,0.01,0.1,Q10,0.22475376987653717,0.2540866193503816,0.3249476217446741,0.7819310016370233,1.590190708288031,0.6561170884650297,0.34255131260541205,0.42857142857142855,-0.19170752331464136,0.2745266113320941,-0.018525109333505606,-0.6163692987697376,1.5908692987697375,0.8,0.34285714285714286,0.009240853914964238,0.034843428571428615,0.06202857142857143,30.34285714285714,0.010700321889821108,0.013024602026049159,35,0,0.09999999999999998,-0.01422050398400354,-0.0028638265692961795,0.02219892302135551,negative option leg,drawdown cushion with visible return cost,continuous_30d_daily_mtm
mny_daily_0292,588000,588000_DTE30_OTM1_Q20_Hold,surface,short_sample_extension,2023-06-30,2026-05-27,703,OTM1,0.01,0.2,Q20,0.20994907029367949,0.23553512097224205,0.3031915508715972,0.7768525220941664,1.5388211010069124,0.6567430292128986,0.31968222113495715,0.42857142857142855,-0.18830928612623588,0.244359997711606,-0.03705021866701121,-0.6163692987697376,1.5908692987697375,0.8,0.34285714285714286,0.018481707829928477,0.06968685714285723,0.12405714285714287,30.34285714285714,0.010700321889821108,0.013024602026049159,35,0,0.19999999999999996,-0.029025203566861224,-0.007942306112153075,0.045068014491810415,negative option leg,drawdown cushion with visible return cost,continuous_30d_daily_mtm
mny_daily_0293,588000,588000_DTE30_OTM1_Q30_Hold,surface,short_sample_extension,2023-06-30,2026-05-27,703,OTM1,0.01,0.3,Q30,0.19457670611785938,0.21698362259410045,0.2822934432624131,0.7686456337294303,1.4761799950810537,0.6500613395618376,0.29932053219625454,0.42857142857142855,-0.18490002601352384,0.21444773534192918,-0.0555753280005168,-0.6163692987697376,1.5908692987697375,0.8,0.34285714285714286,0.027722561744892713,0.10453028571428583,0.1860857142857143,30.34285714285714,0.010700321889821108,0.013024602026049159,35,0,0.3,-0.04439756774268133,-0.016149194476889228,0.06542970343051302,negative option leg,drawdown cushion with visible return cost,continuous_30d_daily_mtm
mny_daily_0294,588000,588000_DTE30_OTM1_Q40_Hold,surface,short_sample_extension,2023-06-30,2026-05-27,703,OTM1,0.01,0.4,Q40,0.17865379040086293,0.19843212421596162,0.26245832363366667,0.7560519379561711,1.4048389591106687,0.6212865927365028,0.2875545561251678,0.42857142857142855,-0.18147972024831693,0.18771570968510587,-0.07410043733402243,-0.6163692987697376,1.5908692987697375,0.8,0.34285714285714286,0.03696341565985695,0.13937371428571446,0.24811428571428573,30.34285714285714,0.010700321889821108,0.013024602026049159,35,0,0.3999999999999999,-0.060320483459677776,-0.028742890250148423,0.07719567950159978,negative option leg,drawdown cushion with visible return cost,continuous_30d_daily_mtm
mny_daily_0295,588000,588000_DTE30_OTM1_Q50_Hold,surface,short_sample_extension,2023-06-30,2026-05-27,703,OTM1,0.01,0.5,Q50,0.16219799502531185,0.17988062583782188,0.24394562329925154,0.7373800087290757,1.323527933447641,0.5884756422709929,0.27562397383071247,0.4857142857142857,-0.17804834610794107,0.17269256000215405,-0.09262554666752802,-0.6163692987697376,1.5908692987697377,0.8,0.34285714285714286,0.04620426957482119,0.17421714285714304,0.31014285714285716,30.34285714285714,0.010700321889821108,0.013024602026049159,35,0,0.5,-0.07677627883522886,-0.0474148194772438,0.0891262617960551,negative option leg,drawdown cushion with visible return cost,continuous_30d_daily_mtm
mny_daily_0296,588000,588000_DTE30_OTM1_Q60_Hold,surface,short_sample_extension,2023-06-30,2026-05-27,703,OTM1,0.01,0.6,Q60,0.14522752633560287,0.16132912745968062,0.22707900509678666,0.7104537356543297,1.2312985727685748,0.5510914118572267,0.26352710859015804,0.4857142857142857,-0.17460588087552775,0.157811520559207,-0.1111506560010336,-0.6163692987697376,1.5908692987697375,0.8,0.34285714285714286,0.055445123489785426,0.20906057142857165,0.3721714285714286,30.34285714285714,0.010700321889821108,0.013024602026049159,35,0,0.6,-0.09374674752493783,-0.07434109255198984,0.10122312703660952,negative option leg,drawdown cushion with visible return cost,continuous_30d_daily_mtm
mny_daily_0297,588000,588000_DTE30_OTM1_Q70_Hold,surface,short_sample_extension,2023-06-30,2026-05-27,703,OTM1,0.01,0.7,Q70,0.1277610996524161,0.14277762908153993,0.21225125189560845,0.6726821529032125,1.1274964955517757,0.5084770408527877,0.25126227811218915,0.4857142857142857,-0.17115230184031027,0.14307182218634962,-0.1296757653345392,-0.6163692987697376,1.5908692987697377,0.8,0.34285714285714286,0.06468597740474967,0.24390400000000026,0.43420000000000003,30.34285714285714,0.010700321889821108,0.013024602026049159,35,0,0.7000000000000001,-0.1112131742081246,-0.11211267530310698,0.11348795751457841,negative option leg,drawdown cushion with visible return cost,continuous_30d_daily_mtm
mny_daily_0298,588000,588000_DTE30_OTM1_Q80_Hold,surface,short_sample_extension,2023-06-30,2026-05-27,703,OTM1,0.01,0.8,Q80,0.10981791270913055,0.12422613070339993,0.1999165457219088,0.6213899417620141,1.0116583604581797,0.45982048623054306,0.238827794753952,0.5714285714285714,-0.16768758629791758,0.13859315850135,-0.14820087466804485,-0.6163692987697376,1.5908692987697375,0.8,0.34285714285714286,0.0739268313197139,0.2787474285714289,0.49622857142857146,30.34285714285714,0.010700321889821108,0.013024602026049159,35,0,0.7999999999999998,-0.12915636115141016,-0.1634048864443054,0.12592244087281557,negative option leg,drawdown cushion with visible return cost,continuous_30d_daily_mtm
mny_daily_0299,588000,588000_DTE30_OTM1_Q90_Hold,surface,short_sample_extension,2023-06-30,2026-05-27,703,OTM1,0.01,0.9,Q90,0.09141761804919057,0.10567463232526045,0.19055961933769563,0.5545489264333159,0.8845110556791623,0.4041058424578999,0.2262219657433301,0.6,-0.16421171155066872,0.13419120288354924,-0.16672598400155042,-0.6163692987697376,1.5908692987697375,0.8,0.34285714285714286,0.08316768523467814,0.3135908571428575,0.5582571428571429,30.34285714285714,0.010700321889821108,0.013024602026049159,35,0,0.9000000000000004,-0.14755665581135013,-0.23024590177300364,0.13852826988343747,negative option leg,drawdown cushion with visible return cost,continuous_30d_daily_mtm
mny_daily_0300,588000,588000_DTE30_OTM1_Q100_Hold,surface,short_sample_extension,2023-06-30,2026-05-27,703,OTM1,0.01,1.0,Q100,0.0725802944237881,0.08712313394712005,0.18463375568269005,0.4718700197858138,0.7468078868968796,0.34004517675130475,0.21344309340658696,0.6571428571428571,-0.16072465490787546,0.12977133414514852,-0.18525109333505604,-0.6163692987697376,1.5908692987697377,0.8,0.34285714285714286,0.09240853914964238,0.3484342857142861,0.6202857142857143,30.34285714285714,0.010700321889821108,0.013024602026049159,35,0,1.0,-0.1663939794367526,-0.31292480842050574,0.1513071422201806,negative option leg,drawdown cushion with visible return cost,continuous_30d_daily_mtm
mny_daily_0301,588000,588000_DTE30_OTM2_Q10_Hold,surface,short_sample_extension,2023-06-30,2026-05-27,703,OTM2,0.02,0.1,Q10,0.22062119640814748,0.2508718430366485,0.32545868827615715,0.7708254598008444,1.5655578238407823,0.6362086214361597,0.34677492409663246,0.42857142857142855,-0.19170752331464125,0.2745266113320939,-0.02173531270795833,-0.7875145830241553,1.7620145830241551,0.8,0.34285714285714286,0.009240853914964238,0.034843428571428615,0.06202857142857143,30.34285714285714,0.017819307932699514,0.015228426395939021,35,0,0.09999999999999998,-0.01835307745239323,-0.013969368405475135,0.017975311530135096,negative option leg,drawdown cushion with visible return cost,continuous_30d_daily_mtm
mny_daily_0302,588000,588000_DTE30_OTM2_Q20_Hold,surface,short_sample_extension,2023-06-30,2026-05-27,703,OTM2,0.02,0.2,Q20,0.20181182587159618,0.22910556834477597,0.3042464723021397,0.7530262113187524,1.487765105383615,0.6145740605529261,0.3283767389889969,0.42857142857142855,-0.18830928612623576,0.24435999771160555,-0.04347062541591666,-0.7875145830241553,1.7620145830241551,0.8,0.34285714285714286,0.018481707829928477,0.06968685714285723,0.12405714285714287,30.34285714285714,0.017819307932699514,0.015228426395939021,35,0,0.19999999999999996,-0.037162447988944525,-0.03176861688756716,0.036373496637770675,negative option leg,drawdown cushion with visible return cost,continuous_30d_daily_mtm
mny_daily_0303,588000,588000_DTE30_OTM2_Q30_Hold,surface,short_sample_extension,2023-06-30,2026-05-27,703,OTM2,0.02,0.3,Q30,0.18256714904934723,0.2073392936529041,0.2839274266134132,0.7302545447122686,1.3972026156539639,0.589785190665753,0.30954854740124005,0.42857142857142855,-0.1849000260135235,0.21444773534192918,-0.06520593812387498,-0.7875145830241553,1.7620145830241554,0.8,0.34285714285714286,0.027722561744892713,0.10453028571428583,0.1860857142857143,30.34285714285714,0.017819307932699514,0.015228426395939021,35,0,0.3,-0.056407124811193476,-0.054540283494050934,0.05520168822552751,negative option leg,drawdown cushion with visible return cost,continuous_30d_daily_mtm
mny_daily_0304,588000,588000_DTE30_OTM2_Q40_Hold,surface,short_sample_extension,2023-06-30,2026-05-27,703,OTM2,0.02,0.4,Q40,0.16290844170704633,0.18557301896103093,0.26470731157165334,0.7010498420282523,1.2965468466405201,0.5456712121708743,0.2985468869778535,0.42857142857142855,-0.18147972024831693,0.18771570968510587,-0.08694125083183332,-0.7875145830241553,1.7620145830241551,0.8,0.34285714285714286,0.03696341565985695,0.13937371428571446,0.24811428571428573,30.34285714285714,0.017819307932699514,0.015228426395939021,35,0,0.3999999999999999,-0.07606583215349438,-0.08374498617806725,0.06620334864891408,negative option leg,drawdown cushion with visible return cost,continuous_30d_daily_mtm
mny_daily_0305,588000,588000_DTE30_OTM2_Q50_Hold,surface,short_sample_extension,2023-06-30,2026-05-27,703,OTM2,0.02,0.5,Q50,0.14285724082056284,0.1638067442691584,0.24684296132729475,0.6636071103196792,1.1847829303448068,0.4933741272692603,0.28955154501362435,0.45714285714285713,-0.17804834610794074,0.1726925600021536,-0.10867656353979166,-0.7875145830241552,1.7620145830241554,0.8,0.34285714285714286,0.04620426957482119,0.17421714285714304,0.31014285714285716,30.34285714285714,0.017819307932699514,0.015228426395939021,35,0,0.5,-0.09611703303997787,-0.12118771788664029,0.07519869061314322,negative option leg,drawdown cushion with visible return cost,continuous_30d_daily_mtm
mny_daily_0306,588000,588000_DTE30_OTM2_Q60_Hold,surface,short_sample_extension,2023-06-30,2026-05-27,703,OTM2,0.02,0.6,Q60,0.12243531626323234,0.1420404695772849,0.23064961273612197,0.6158279127040562,1.0613389173522638,0.4365406598667449,0.2804671535077764,0.4857142857142857,-0.17460588087552797,0.15781152055920655,-0.13041187624774997,-0.7875145830241553,1.7620145830241554,0.8,0.34285714285714286,0.055445123489785426,0.20906057142857165,0.3721714285714286,30.34285714285714,0.017819307932699514,0.015228426395939021,35,0,0.6,-0.11653895759730837,-0.16896691550226328,0.08428308211899116,negative option leg,drawdown cushion with visible return cost,continuous_30d_daily_mtm
mny_daily_0307,588000,588000_DTE30_OTM2_Q70_Hold,surface,short_sample_extension,2023-06-30,2026-05-27,703,OTM2,0.02,0.7,Q70,0.10166464198709813,0.12027419488541272,0.21650253969636576,0.5555324896146318,0.9260195334894303,0.3747407979496515,0.2712932313304124,0.5142857142857142,-0.17115230184031027,0.14307182218635006,-0.15214718895570833,-0.7875145830241552,1.7620145830241554,0.8,0.34285714285714286,0.06468597740474967,0.24390400000000026,0.43420000000000003,30.34285714285714,0.017819307932699514,0.015228426395939021,35,0,0.7000000000000001,-0.13730963187344258,-0.22926233859168776,0.09345700429635517,negative option leg,drawdown cushion with visible return cost,continuous_30d_daily_mtm
mny_daily_0308,588000,588000_DTE30_OTM2_Q80_Hold,surface,short_sample_extension,2023-06-30,2026-05-27,703,OTM2,0.02,0.8,Q80,0.0805673667472917,0.09850792019354074,0.2048261825934091,0.4809342191817548,0.7789358554545628,0.30747464670683766,0.2620293009852901,0.5428571428571428,-0.16768758629791736,0.13859315850135,-0.17388250166366664,-0.7875145830241553,1.7620145830241551,0.8,0.34285714285714286,0.0739268313197139,0.2787474285714289,0.49622857142857146,30.34285714285714,0.017819307932699514,0.015228426395939021,35,0,0.7999999999999998,-0.158406907113249,-0.30386060902456474,0.10272093464147747,negative option leg,drawdown cushion with visible return cost,continuous_30d_daily_mtm
mny_daily_0309,588000,588000_DTE30_OTM2_Q90_Hold,surface,short_sample_extension,2023-06-30,2026-05-27,703,OTM2,0.02,0.9,Q90,0.05916578441797271,0.07674164550166715,0.19606246453046391,0.3914142652722962,0.6212501871868273,0.2341577539203776,0.252674888733735,0.5714285714285714,-0.1642117115506686,0.13419120288355013,-0.19561781437162504,-0.7875145830241552,1.7620145830241551,0.8,0.34285714285714286,0.08316768523467814,0.3135908571428575,0.5582571428571429,30.34285714285714,0.017819307932699514,0.015228426395939021,35,0,0.9000000000000004,-0.179808489442568,-0.3933805629340233,0.11207534689303256,negative option leg,drawdown cushion with visible return cost,continuous_30d_daily_mtm
mny_daily_0310,588000,588000_DTE30_OTM2_Q100_Hold,surface,short_sample_extension,2023-06-30,2026-05-27,703,OTM2,0.02,1.0,Q100,0.03748230394721186,0.05497537080979374,0.19061354742223585,0.2884127154300085,0.45416397352990323,0.1541026073639542,0.24322952471976966,0.6,-0.16072465490787524,0.1297713341451492,-0.21735312707958332,-0.7875145830241552,1.7620145830241554,0.8,0.34285714285714286,0.09240853914964238,0.3484342857142861,0.6202857142857143,30.34285714285714,0.017819307932699514,0.015228426395939021,35,0,1.0,-0.20149196991332885,-0.496382112776311,0.1215207109069979,negative option leg,drawdown cushion with visible return cost,continuous_30d_daily_mtm
mny_daily_0311,588000,588000_DTE30_OTM3_Q10_Hold,surface,short_sample_extension,2023-06-30,2026-05-27,703,OTM3,0.03,0.1,Q10,0.21979652049029497,0.25051048160560035,0.3264330826072798,0.7674175656607107,1.5574802825475993,0.6267074449847243,0.3507163067061576,0.42857142857142855,-0.19170752331464114,0.2703584982654337,-0.022096160111367037,-0.9194897723631456,1.8939897723631454,0.8,0.3142857142857143,0.009240853914964238,0.034843428571428615,0.06202857142857143,30.34285714285714,0.028245061513610014,0.026392961876833043,35,0,0.09999999999999998,-0.019177753370245743,-0.017377262545608785,0.01403392892060995,negative option leg,drawdown cushion with visible return cost,continuous_30d_daily_mtm
mny_daily_0312,588000,588000_DTE30_OTM3_Q20_Hold,surface,short_sample_extension,2023-06-30,2026-05-27,703,OTM3,0.03,0.2,Q20,0.20022242377958444,0.228382845482678,0.306232527058441,0.7457824538641963,1.4716685198362671,0.5951293030083,0.3364351625226426,0.42857142857142855,-0.18830928612623565,0.23624247495791506,-0.044192320222734074,-0.9194897723631456,1.8939897723631454,0.8,0.3142857142857143,0.018481707829928477,0.06968685714285723,0.12405714285714287,30.34285714285714,0.028245061513610014,0.026392961876833043,35,0,0.19999999999999996,-0.038751850080956274,-0.039012374342123235,0.028315073104124955,negative option leg,drawdown cushion with visible return cost,continuous_30d_daily_mtm
mny_daily_0313,588000,588000_DTE30_OTM3_Q30_Hold,surface,short_sample_extension,2023-06-30,2026-05-27,703,OTM3,0.03,0.3,Q30,0.18027219148618,0.2062552093597561,0.28696083148412177,0.7187573589504627,1.3734905654144915,0.5600183075267721,0.3219041039610334,0.42857142857142855,-0.18490002601352384,0.2135509681039538,-0.06628848033410112,-0.9194897723631454,1.8939897723631454,0.8,0.3142857142857143,0.027722561744892713,0.10453028571428583,0.1860857142857143,30.34285714285714,0.028245061513610014,0.026392961876833043,35,0,0.3,-0.0587020823743607,-0.06603746925585685,0.042846131665734144,negative option leg,drawdown cushion with visible return cost,continuous_30d_daily_mtm
mny_daily_0314,588000,588000_DTE30_OTM3_Q40_Hold,surface,short_sample_extension,2023-06-30,2026-05-27,703,OTM3,0.03,0.4,Q40,0.15996619618982932,0.18412757323683554,0.2688178415821213,0.6849529486330108,1.2658732407780435,0.5208581785278323,0.30712044618740963,0.42857142857142855,-0.18147972024831693,0.2018075930846317,-0.08838464044546815,-0.9194897723631456,1.8939897723631454,0.8,0.3142857142857143,0.03696341565985695,0.13937371428571446,0.24811428571428573,30.34285714285714,0.028245061513610014,0.026392961876833043,35,0,0.3999999999999999,-0.07900807767071139,-0.0998418795733087,0.057629789439357926,negative option leg,drawdown cushion with visible return cost,continuous_30d_daily_mtm
mny_daily_0315,588000,588000_DTE30_OTM3_Q50_Hold,surface,short_sample_extension,2023-06-30,2026-05-27,703,OTM3,0.03,0.5,Q50,0.1393249524799487,0.16199993711391408,0.25204741631096844,0.6427359561347119,1.148013370069209,0.47015682320652524,0.296337191343382,0.45714285714285713,-0.17804834610794074,0.19014118993397577,-0.1104808005568352,-0.9194897723631456,1.8939897723631451,0.8,0.3142857142857143,0.04620426957482119,0.17421714285714304,0.31014285714285716,30.34285714285714,0.028245061513610014,0.026392961876833043,35,0,0.5,-0.09964932138059202,-0.1420588720716076,0.06841304428338557,negative option leg,drawdown cushion with visible return cost,continuous_30d_daily_mtm
mny_daily_0316,588000,588000_DTE30_OTM3_Q60_Hold,surface,short_sample_extension,2023-06-30,2026-05-27,703,OTM3,0.03,0.6,Q60,0.11836909377896454,0.13987230099099174,0.23694118079082607,0.5903249934188196,1.0196435101214543,0.4100029945632719,0.2887029981452922,0.4857142857142857,-0.17460588087552775,0.1785515762214276,-0.13257696066820224,-0.9194897723631454,1.8939897723631454,0.8,0.3142857142857143,0.055445123489785426,0.20906057142857165,0.3721714285714286,30.34285714285714,0.028245061513610014,0.026392961876833043,35,0,0.6,-0.12060518008157617,-0.1944698347874999,0.07604723748147535,negative option leg,drawdown cushion with visible return cost,continuous_30d_daily_mtm
mny_daily_0317,588000,588000_DTE30_OTM3_Q70_Hold,surface,short_sample_extension,2023-06-30,2026-05-27,703,OTM3,0.03,0.7,Q70,0.09711934883869922,0.11774466486807053,0.22383632683150295,0.5260301870335152,0.8808188085829023,0.34560669015487905,0.2810111945320748,0.5142857142857142,-0.17115230184030994,0.16703856717417565,-0.15467312077956927,-0.9194897723631453,1.8939897723631454,0.8,0.3142857142857143,0.06468597740474967,0.24390400000000026,0.43420000000000003,30.34285714285714,0.028245061513610014,0.026392961876833043,35,0,0.7000000000000001,-0.1418549250218415,-0.2587646411728043,0.08373904109469277,negative option leg,drawdown cushion with visible return cost,continuous_30d_daily_mtm
mny_daily_0318,588000,588000_DTE30_OTM3_Q80_Hold,surface,short_sample_extension,2023-06-30,2026-05-27,703,OTM3,0.03,0.8,Q80,0.07559651794606048,0.09561702874514855,0.21310240316251738,0.44869052308259777,0.7318249544131146,0.27664513755043524,0.2732616904653835,0.5142857142857142,-0.16768758629791725,0.15560197570350853,-0.1767692808909363,-0.9194897723631456,1.8939897723631454,0.8,0.3142857142857143,0.0739268313197139,0.2787474285714289,0.49622857142857146,30.34285714285714,0.028245061513610014,0.026392961876833043,35,0,0.7999999999999998,-0.16337775591448023,-0.33610430512372175,0.09148854516138405,negative option leg,drawdown cushion with visible return cost,continuous_30d_daily_mtm
mny_daily_0319,588000,588000_DTE30_OTM3_Q90_Hold,surface,short_sample_extension,2023-06-30,2026-05-27,703,OTM3,0.03,0.9,Q90,0.05382144887301843,0.07348939262222737,0.2051119748508433,0.35828913780225946,0.5736701597691056,0.2027521437274946,0.26545440104128415,0.5142857142857142,-0.16421171155066872,0.14823341144298907,-0.1988654410023034,-0.9194897723631453,1.8939897723631454,0.8,0.3142857142857143,0.08316768523467814,0.3135908571428575,0.5582571428571429,30.34285714285714,0.028245061513610014,0.026392961876833043,35,0,0.9000000000000004,-0.18515282498752228,-0.42650569040406006,0.09929583458548341,negative option leg,drawdown cushion with visible return cost,continuous_30d_daily_mtm
mny_daily_0320,588000,588000_DTE30_OTM3_Q100_Hold,surface,short_sample_extension,2023-06-30,2026-05-27,703,OTM3,0.03,1.0,Q100,0.03181501260431063,0.05136175649930481,0.20019381906077416,0.2565601512587788,0.4077694485762302,0.12351063962666925,0.2575892465659365,0.5142857142857142,-0.16072465490787513,0.14535826506429572,-0.2209616011136704,-0.9194897723631456,1.8939897723631451,0.8,0.3142857142857143,0.09240853914964238,0.3484342857142861,0.6202857142857143,30.34285714285714,0.028245061513610014,0.026392961876833043,35,0,1.0,-0.20715926125623008,-0.5282346769475408,0.10716098906083105,negative option leg,drawdown cushion with visible return cost,continuous_30d_daily_mtm
mny_daily_0321,588000,588000_DTE30_OTM4_Q10_Hold,surface,short_sample_extension,2023-06-30,2026-05-27,703,OTM4,0.04,0.1,Q10,0.22268775031456878,0.2533392252949846,0.32792543897746024,0.7725513033845408,1.5717325718697288,0.6331117081937031,0.35173532163843124,0.42857142857142855,-0.19170752331464092,0.27644309962444646,-0.019271440239463384,-0.9517205865141585,1.9262205865141586,0.8,0.22857142857142856,0.007508149080301338,0.02951571428571433,0.0567,30.34285714285714,0.04032478810950841,0.04373757455268401,35,0,0.09999999999999998,-0.01628652354597193,-0.012243524821778706,0.013014913988336319,negative option leg,drawdown cushion with visible return cost,continuous_30d_daily_mtm
mny_daily_0322,588000,588000_DTE30_OTM4_Q20_Hold,surface,short_sample_extension,2023-06-30,2026-05-27,703,OTM4,0.04,0.2,Q20,0.20600042708988253,0.23404033286145062,0.3091570054945735,0.7570274284648506,1.502131247092774,0.6085647127860025,0.33850208985469243,0.42857142857142855,-0.188309286126236,0.2482152431127409,-0.03854288047892677,-0.9517205865141585,1.9262205865141586,0.8,0.22857142857142856,0.015016298160602676,0.05903142857142866,0.1134,30.34285714285714,0.04032478810950841,0.04373757455268401,35,0,0.19999999999999996,-0.03297384677065818,-0.027767399741468912,0.026248145772075127,negative option leg,drawdown cushion with visible return cost,continuous_30d_daily_mtm
mny_daily_0323,588000,588000_DTE30_OTM4_Q30_Hold,surface,short_sample_extension,2023-06-30,2026-05-27,703,OTM4,0.04,0.3,Q30,0.18892723437959913,0.21474144042791213,0.29123185048200134,0.7373556157147845,1.4222441319723642,0.5812286751434842,0.32504802749616557,0.42857142857142855,-0.18490002601352384,0.22026136695363885,-0.057814320718390114,-0.9517205865141584,1.9262205865141586,0.8,0.22857142857142856,0.02252444724090401,0.08854714285714298,0.17009999999999997,30.34285714285714,0.04032478810950841,0.04373757455268401,35,0,0.3,-0.05004703948094158,-0.04743921249153504,0.03970220813060199,negative option leg,drawdown cushion with visible return cost,continuous_30d_daily_mtm
mny_daily_0324,588000,588000_DTE30_OTM4_Q40_Hold,surface,short_sample_extension,2023-06-30,2026-05-27,703,OTM4,0.04,0.4,Q40,0.17148331495496327,0.1954425479943747,0.27431533605498115,0.7124740118620347,1.3340893632288053,0.5507369800054838,0.31137062006124194,0.45714285714285713,-0.18147972024831682,0.20733173976070218,-0.07708576095785354,-0.9517205865141585,1.9262205865141586,0.8,0.22857142857142856,0.030032596321205352,0.11806285714285732,0.2268,30.34285714285714,0.04032478810950841,0.04373757455268401,35,0,0.3999999999999999,-0.06749095890557744,-0.07232081634428478,0.05337961556552562,negative option leg,drawdown cushion with visible return cost,continuous_30d_daily_mtm
mny_daily_0325,588000,588000_DTE30_OTM4_Q50_Hold,surface,short_sample_extension,2023-06-30,2026-05-27,703,OTM4,0.04,0.5,Q50,0.1536840094410521,0.1761436555608399,0.2586054767898993,0.6811288675991405,1.2376840280956707,0.5166416023565666,0.2974673521064708,0.45714285714285713,-0.17804834610794062,0.19700587263347558,-0.09635720119731689,-0.9517205865141584,1.9262205865141586,0.8,0.22857142857142856,0.03754074540150669,0.14757857142857164,0.2835,30.34285714285714,0.04032478810950841,0.04373757455268401,35,0,0.5,-0.08529026441948862,-0.10366596060717903,0.06728288352029677,negative option leg,drawdown cushion with visible return cost,continuous_30d_daily_mtm
mny_daily_0326,588000,588000_DTE30_OTM4_Q60_Hold,surface,short_sample_extension,2023-06-30,2026-05-27,703,OTM4,0.04,0.6,Q60,0.13554484117818055,0.1568447631273023,0.24433513424698558,0.6419247220039839,1.132542546643818,0.4708483525395413,0.28787366558067684,0.45714285714285713,-0.17460588087552764,0.1867407030363586,-0.11562864143678023,-0.9517205865141584,1.9262205865141586,0.8,0.22857142857142856,0.04504889448180802,0.17709428571428595,0.34019999999999995,30.34285714285714,0.04032478810950841,0.04373757455268401,35,0,0.6,-0.10342943268236016,-0.14287010620233564,0.07687657004609072,negative option leg,drawdown cushion with visible return cost,continuous_30d_daily_mtm
mny_daily_0327,588000,588000_DTE30_OTM4_Q70_Hold,surface,short_sample_extension,2023-06-30,2026-05-27,703,OTM4,0.04,0.7,Q70,0.11708150068638368,0.1375458706937664,0.2317703587610831,0.5934575561301756,1.0185830252363004,0.4181406291892903,0.2800050808585296,0.4857142857142857,-0.17115230184031016,0.17653610167542766,-0.13490008167624362,-0.9517205865141583,1.9262205865141582,0.8,0.22857142857142856,0.05255704356210936,0.20661000000000027,0.3968999999999999,30.34285714285714,0.04032478810950841,0.04373757455268401,35,0,0.7000000000000001,-0.12189277317415703,-0.19133727207614393,0.08474515476823796,negative option leg,drawdown cushion with visible return cost,continuous_30d_daily_mtm
mny_daily_0328,588000,588000_DTE30_OTM4_Q80_Hold,surface,short_sample_extension,2023-06-30,2026-05-27,703,OTM4,0.04,0.8,Q80,0.09830982974941516,0.11824697826022722,0.22120198178130607,0.5345656368356297,0.8958201243767944,0.36134420061871125,0.2720669920288862,0.5142857142857142,-0.16768758629791736,0.16639193767095728,-0.15417152191570707,-0.9517205865141585,1.9262205865141586,0.8,0.22857142857142856,0.060065192642410704,0.23612571428571463,0.4536,30.34285714285714,0.04032478810950841,0.04373757455268401,35,0,0.7999999999999998,-0.14066444411112555,-0.2502291913706898,0.09268324359788138,negative option leg,drawdown cushion with visible return cost,continuous_30d_daily_mtm
mny_daily_0329,588000,588000_DTE30_OTM4_Q90_Hold,surface,short_sample_extension,2023-06-30,2026-05-27,703,OTM4,0.04,0.9,Q90,0.07924580513370238,0.09894808582669234,0.21292747699322603,0.46470322770902994,0.7649903215486825,0.30010642443765556,0.26405900934041815,0.5142857142857142,-0.1642117115506686,0.1563080785744222,-0.17344296215517038,-0.9517205865141585,1.9262205865141582,0.8,0.22857142857142856,0.06757334172271204,0.265641428571429,0.5103,30.34285714285714,0.04032478810950841,0.04373757455268401,35,0,0.9000000000000004,-0.15972846872683832,-0.3200916004972896,0.10069122628634941,negative option leg,drawdown cushion with visible return cost,continuous_30d_daily_mtm
mny_daily_0330,588000,588000_DTE30_OTM4_Q100_Hold,surface,short_sample_extension,2023-06-30,2026-05-27,703,OTM4,0.04,1.0,Q100,0.05990552195628163,0.07964919339315561,0.2072218143545985,0.38436683725227744,0.6269121993662068,0.23402354823798327,0.2559807438495997,0.5714285714285714,-0.16072465490787502,0.14628439038546848,-0.19271440239463378,-0.9517205865141584,1.9262205865141586,0.8,0.22857142857142856,0.07508149080301338,0.2951571428571433,0.567,30.34285714285714,0.04032478810950841,0.04373757455268401,35,0,1.0,-0.17906875190425908,-0.4004279909540421,0.10876949177716788,negative option leg,drawdown cushion with visible return cost,continuous_30d_daily_mtm
mny_daily_0331,588000,588000_DTE30_OTM5_Q10_Hold,surface,short_sample_extension,2023-06-30,2026-05-27,703,OTM5,0.05,0.1,Q10,0.2224425516228845,0.2535409330390426,0.3291524534043641,0.7702841963251824,1.5645638178043,0.6285673149422463,0.35388819357131684,0.42857142857142855,-0.19256909033709146,0.27644309962444624,-0.019070019419650225,-1.1317479805688777,2.1062479805688774,0.8,0.2,0.007054813773717494,0.02951571428571433,0.0567,30.34285714285714,0.05343626399487096,0.050135501355013545,35,0,0.09999999999999998,-0.0165317222376562,-0.014510631881137104,0.010862042055450716,negative option leg,drawdown cushion with visible return cost,continuous_30d_daily_mtm
mny_daily_0332,588000,588000_DTE30_OTM5_Q20_Hold,surface,short_sample_extension,2023-06-30,2026-05-27,703,OTM5,0.05,0.2,Q20,0.20555678869960303,0.23444374834956497,0.31164584704342796,0.7522761832821574,1.488237992850535,0.5995203019055563,0.3428687703256208,0.42857142857142855,-0.19003658040818772,0.24821524311274068,-0.03814003883930045,-1.1317479805688777,2.1062479805688774,0.8,0.2,0.014109627547434988,0.05903142857142866,0.1134,30.34285714285714,0.05343626399487096,0.050135501355013545,35,0,0.19999999999999996,-0.03341748516093768,-0.03251864492416212,0.021881465301146763,negative option leg,drawdown cushion with visible return cost,continuous_30d_daily_mtm
mny_daily_0333,588000,588000_DTE30_OTM5_Q30_Hold,surface,short_sample_extension,2023-06-30,2026-05-27,703,OTM5,0.05,0.3,Q30,0.18833050445392274,0.21534656366008473,0.29501270883412206,0.7299569042673633,1.4024662582483487,0.56779029888842,0.33169024694966254,0.42857142857142855,-0.18749721475698933,0.22026136695363907,-0.057210058258950675,-1.1317479805688777,2.1062479805688774,0.8,0.2,0.021164441321152482,0.08854714285714298,0.17009999999999997,30.34285714285714,0.05343626399487096,0.050135501355013545,35,0,0.3,-0.05064376940661797,-0.05483792393895626,0.03305998867710502,negative option leg,drawdown cushion with visible return cost,continuous_30d_daily_mtm
mny_daily_0334,588000,588000_DTE30_OTM5_Q40_Hold,surface,short_sample_extension,2023-06-30,2026-05-27,703,OTM5,0.05,0.4,Q40,0.17077734817518042,0.19624937897060646,0.27940907423490124,0.7023729616083199,1.3095747363703774,0.5330946470321446,0.3203508966483448,0.42857142857142855,-0.18495097758481982,0.2073317397607024,-0.0762800776786009,-1.1317479805688777,2.1062479805688774,0.8,0.2,0.028219255094869975,0.11806285714285732,0.2268,30.34285714285714,0.05343626399487096,0.050135501355013545,35,0,0.3999999999999999,-0.06819692568536029,-0.08242186659799966,0.04439933897842274,negative option leg,drawdown cushion with visible return cost,continuous_30d_daily_mtm
mny_daily_0335,588000,588000_DTE30_OTM5_Q50_Hold,surface,short_sample_extension,2023-06-30,2026-05-27,703,OTM5,0.05,0.5,Q50,0.15291108862207015,0.17715219428112855,0.2650168506961205,0.6684563408545622,1.2097496687684355,0.4950998580637793,0.30884898497056723,0.45714285714285713,-0.18239785306272915,0.19700587263347624,-0.09535009709825112,-1.1317479805688777,2.1062479805688774,0.8,0.2,0.035274068868587465,0.14757857142857164,0.2835,30.34285714285714,0.05343626399487096,0.050135501355013545,35,0,0.5,-0.08606318523847056,-0.11633848735175734,0.05590125065620033,negative option leg,drawdown cushion with visible return cost,continuous_30d_daily_mtm
mny_daily_0336,588000,588000_DTE30_OTM5_Q60_Hold,surface,short_sample_extension,2023-06-30,2026-05-27,703,OTM5,0.05,0.6,Q60,0.1347456032437877,0.1580550095916503,0.2520436460970647,0.6270938071209368,1.1028025999757785,0.45340987715161324,0.29718277001436133,0.45714285714285713,-0.179837825331448,0.18674070303635837,-0.11442011651790135,-1.1317479805688777,2.1062479805688774,0.8,0.2,0.042328882642304964,0.17709428571428595,0.34019999999999995,30.34285714285714,0.05343626399487096,0.050135501355013545,35,0,0.6,-0.104228670616753,-0.15770102108538275,0.06756746561240623,negative option leg,drawdown cushion with visible return cost,continuous_30d_daily_mtm
mny_daily_0337,588000,588000_DTE30_OTM5_Q70_Hold,surface,short_sample_extension,2023-06-30,2026-05-27,703,OTM5,0.05,0.7,Q70,0.11629486708902848,0.1389578249021711,0.2407189978374001,0.5772615628619132,0.9888834517808912,0.4060574752855738,0.28640001518809655,0.45714285714285713,-0.17727087850134315,0.1765361016754281,-0.1334901359375516,-1.131747980568878,2.106247980568878,0.8,0.2,0.04938369641602246,0.20661000000000027,0.3968999999999999,30.34285714285714,0.05343626399487096,0.050135501355013545,35,0,0.7000000000000001,-0.12267940677151223,-0.2075332653444063,0.07835022043867101,negative option leg,drawdown cushion with visible return cost,continuous_30d_daily_mtm
mny_daily_0338,588000,588000_DTE30_OTM5_Q80_Hold,surface,short_sample_extension,2023-06-30,2026-05-27,703,OTM5,0.05,0.8,Q80,0.09757294141143946,0.11986064021269112,0.231285192562579,0.5182374145299438,0.8681678161193128,0.3491688244599899,0.2794434513514823,0.4857142857142857,-0.17469699665236904,0.16639193767095706,-0.1525601553572018,-1.1317479805688777,2.1062479805688774,0.8,0.2,0.05643851018973995,0.23612571428571463,0.4536,30.34285714285714,0.05343626399487096,0.050135501355013545,35,0,0.7999999999999998,-0.14140133244910125,-0.26655741367637575,0.08530678427528526,negative option leg,drawdown cushion with visible return cost,continuous_30d_daily_mtm
mny_daily_0339,588000,588000_DTE30_OTM5_Q90_Hold,surface,short_sample_extension,2023-06-30,2026-05-27,703,OTM5,0.05,0.9,Q90,0.07859396197875523,0.10076345552321357,0.22398127750886584,0.4498744566684823,0.7414548857266477,0.28848754690506595,0.27243450478858466,0.4857142857142857,-0.1721161638340224,0.15630807857442308,-0.17163017477685205,-1.131747980568878,2.106247980568878,0.8,0.2,0.06349332396345744,0.265641428571429,0.5103,30.34285714285714,0.05343626399487096,0.050135501355013545,35,0,0.9000000000000004,-0.16038031188178548,-0.3349203715378372,0.0923157308381829,negative option leg,drawdown cushion with visible return cost,continuous_30d_daily_mtm
mny_daily_0340,588000,588000_DTE30_OTM5_Q100_Hold,surface,short_sample_extension,2023-06-30,2026-05-27,703,OTM5,0.05,1.0,Q100,0.059372127091203764,0.08166627083373451,0.21902043979324187,0.37287054537388625,0.6093033754119801,0.2237308833451215,0.2653729614950737,0.4857142857142857,-0.16952836406529748,0.15365427283980115,-0.19070019419650225,-1.1317479805688777,2.1062479805688774,0.8,0.2,0.07054813773717493,0.2951571428571433,0.567,30.34285714285714,0.05343626399487096,0.050135501355013545,35,0,1.0,-0.17960214676933695,-0.41192428283243326,0.09937727413169384,negative option leg,drawdown cushion with visible return cost,continuous_30d_daily_mtm
mny_daily_0341,588000,588000_DTE30_OTM7_Q10_Hold,surface,short_sample_extension,2023-06-30,2026-05-27,703,OTM7,0.07,0.1,Q10,0.2212536548216193,0.2529289424623171,0.33025958037400976,0.7658489185260944,1.555108440800253,0.6184125430147244,0.3577767904625946,0.42857142857142855,-0.19382501973921062,0.2764430996244467,-0.01968113945501606,-1.5191831731257393,2.4936831731257394,0.8,0.2,0.006415584940850742,0.02951571428571433,0.0567,30.34285714285714,0.07394092380563685,0.07526881720430123,35,0,0.09999999999999998,-0.017720619038921415,-0.018945909680225137,0.0069734451641729756,negative option leg,drawdown cushion with visible return cost,continuous_30d_daily_mtm
mny_daily_0342,588000,588000_DTE30_OTM7_Q20_Hold,surface,short_sample_extension,2023-06-30,2026-05-27,703,OTM7,0.07,0.2,Q20,0.20324494178193175,0.23321976719611096,0.3138928194333798,0.742991724427163,1.4695249819060399,0.5794746941527638,0.3507399785232923,0.42857142857142855,-0.19255367009174618,0.24821524311274068,-0.03936227891003212,-1.5191831731257393,2.4936831731257394,0.8,0.2,0.012831169881701484,0.05903142857142866,0.1134,30.34285714285714,0.07394092380563685,0.07526881720430123,35,0,0.19999999999999996,-0.035729332078608955,-0.041803103779156525,0.014010257103475254,negative option leg,drawdown cushion with visible return cost,continuous_30d_daily_mtm
mny_daily_0343,588000,588000_DTE30_OTM7_Q30_Hold,surface,short_sample_extension,2023-06-30,2026-05-27,703,OTM7,0.07,0.3,Q30,0.18496119800222033,0.21351059192990504,0.29842761965138864,0.7154518478528218,1.3749238508055608,0.5382421216627667,0.3436393967659539,0.42857142857142855,-0.19128070981786216,0.23349800513677965,-0.05904341836504819,-1.5191831731257395,2.4936831731257394,0.8,0.2,0.019246754822552222,0.08854714285714298,0.17009999999999997,30.34285714285714,0.07394092380563685,0.07526881720430123,35,0,0.3,-0.05401307585832038,-0.06934298035349773,0.021110838860813663,negative option leg,drawdown cushion with visible return cost,continuous_30d_daily_mtm
mny_daily_0344,588000,588000_DTE30_OTM7_Q40_Hold,surface,short_sample_extension,2023-06-30,2026-05-27,703,OTM7,0.07,0.4,Q40,0.16641551542952193,0.19380141666369985,0.28401129672196057,0.6823722116005345,1.2737539053152196,0.49458560833867077,0.33647464184919795,0.42857142857142855,-0.1900061373646862,0.22827008294296336,-0.07872455782006424,-1.5191831731257393,2.4936831731257394,0.8,0.2,0.02566233976340297,0.11806285714285732,0.2268,30.34285714285714,0.07394092380563685,0.07526881720430123,35,0,0.3999999999999999,-0.07255875843101878,-0.102422616605785,0.028275593777569608,negative option leg,drawdown cushion with visible return cost,continuous_30d_daily_mtm
mny_daily_0345,588000,588000_DTE30_OTM7_Q50_Hold,surface,short_sample_extension,2023-06-30,2026-05-27,703,OTM7,0.07,0.5,Q50,0.1476210072331534,0.17409224139749394,0.2708114096128953,0.6428541605626803,1.1664333492291685,0.44836176150073187,0.3292453101688344,0.45714285714285713,-0.188729951178372,0.22305270367167385,-0.0984056972750803,-1.519183173125739,2.4936831731257385,0.8,0.2,0.032077924704253705,0.14757857142857164,0.2835,30.34285714285714,0.07394092380563685,0.07526881720430123,35,0,0.5,-0.0913532666273873,-0.14194066764363922,0.035504925457933156,negative option leg,drawdown cushion with visible return cost,continuous_30d_daily_mtm
mny_daily_0346,588000,588000_DTE30_OTM7_Q60_Hold,surface,short_sample_extension,2023-06-30,2026-05-27,703,OTM7,0.07,0.6,Q60,0.1285908001044278,0.15438306613128877,0.25901400136536123,0.5960413928107244,1.0529982563892502,0.39941109344455916,0.3219509978940458,0.45714285714285713,-0.18745214970409774,0.21784589852089176,-0.11808683673009639,-1.5191831731257395,2.4936831731257394,0.8,0.2,0.038493509645104444,0.17709428571428595,0.34019999999999995,30.34285714285714,0.07394092380563685,0.07526881720430123,35,0,0.6,-0.1103834737561129,-0.18875343539559508,0.04279923773272176,negative option leg,drawdown cushion with visible return cost,continuous_30d_daily_mtm
mny_daily_0347,588000,588000_DTE30_OTM7_Q70_Hold,surface,short_sample_extension,2023-06-30,2026-05-27,703,OTM7,0.07,0.7,Q70,0.10933802632712375,0.13467389086508247,0.24881864207893556,0.5412532185685602,0.9335766338220545,0.3475557842131425,0.3145913010041317,0.45714285714285713,-0.18617273138606405,0.21264969840365766,-0.13776797618511247,-1.5191831731257393,2.4936831731257394,0.8,0.2,0.044909094585955184,0.20661000000000027,0.3968999999999999,30.34285714285714,0.07394092380563685,0.07526881720430123,35,0,0.7000000000000001,-0.12963624753341696,-0.24354160963775928,0.050158934622635876,negative option leg,drawdown cushion with visible return cost,continuous_30d_daily_mtm
mny_daily_0348,588000,588000_DTE30_OTM7_Q80_Hold,surface,short_sample_extension,2023-06-30,2026-05-27,703,OTM7,0.07,0.8,Q80,0.08987581562418145,0.11496471559887764,0.24042922202730196,0.4781644869516851,0.8084889405974386,0.2920041388048087,0.3077895265185241,0.45714285714285713,-0.18489169466749844,0.20746413394848306,-0.15744911564012848,-1.5191831731257393,2.4936831731257394,0.8,0.2,0.05132467952680594,0.23612571428571463,0.4536,30.34285714285714,0.07394092380563685,0.07526881720430123,35,0,0.7999999999999998,-0.14909845823635925,-0.3066303412546344,0.05696070910824347,negative option leg,drawdown cushion with visible return cost,continuous_30d_daily_mtm
mny_daily_0349,588000,588000_DTE30_OTM7_Q90_Hold,surface,short_sample_extension,2023-06-30,2026-05-27,703,OTM7,0.07,0.9,Q90,0.07021728678439043,0.09525554033267204,0.2340400294377867,0.4070053339229868,0.6785487007061406,0.23059335961853922,0.30450697669936333,0.45714285714285713,-0.1836090379906521,0.20228923549977162,-0.1771302550951446,-1.5191831731257395,2.4936831731257394,0.8,0.2,0.05774026446765667,0.265641428571429,0.5103,30.34285714285714,0.07394092380563685,0.07526881720430123,35,0,0.9000000000000004,-0.16875698707615028,-0.3777894942833327,0.06024325892740423,negative option leg,drawdown cushion with visible return cost,continuous_30d_daily_mtm
mny_daily_0350,588000,588000_DTE30_OTM7_Q100_Hold,surface,short_sample_extension,2023-06-30,2026-05-27,703,OTM7,0.07,1.0,Q100,0.05037553907105452,0.07554636506646718,0.22981795049509213,0.32872264722454964,0.5441290395736299,0.16724213396962512,0.3012132043244786,0.4857142857142857,-0.1823247597968004,0.19712503311822527,-0.1968113945501606,-1.519183173125739,2.4936831731257385,0.8,0.2,0.06415584940850741,0.2951571428571433,0.567,30.34285714285714,0.07394092380563685,0.07526881720430123,35,0,1.0,-0.1885987347894862,-0.4560721809817699,0.06353703130228894,negative option leg,drawdown cushion with visible return cost,continuous_30d_daily_mtm
