surface_point_id,etf_code,strategy_name,moneyness_label,target_moneyness,avg_realized_moneyness,median_realized_moneyness,coverage,coverage_label,sample_start,sample_end,n_periods,selected_periods,option_sale_success_rate,assignment_frequency,avg_selected_delta,cumulative_return,annualized_return_cagr,annualized_volatility,sharpe_daily_mean,max_drawdown,calmar_ratio,premium_contribution_annualized,upside_cost_annualized,option_leg_annualized_pnl_contribution,total_net_option_contribution,source_note
mny_0001,510300,510300_DTE30_ATM_Q10_MonthlyHold,ATM,0.0,0.0004234820083331602,0.00027793218454696955,0.1,Q10,2022-09-19,2026-05-27,44,44,1.0,0.5,,0.291866598011282,0.07252599541473836,0.1919955018264258,0.37774840933672366,0.2122292446319587,0.34173422018492633,0.02075501064763767,0.018149063252581723,0.0025955698897321302,0.009517089595684477,ver3.0 Step A refined monthly DTE30 moneyness-target backtest from raw option chain; diagnostic layer only.
mny_0002,510300,510300_DTE30_ATM_Q20_MonthlyHold,ATM,0.0,0.0004234820083331602,0.00027793218454696955,0.2,Q20,2022-09-19,2026-05-27,44,44,1.0,0.5,,0.3085482870055474,0.07629489620435481,0.18677239401378667,0.4084912901995735,0.19897054141017756,0.38344820124438905,0.04151002129527534,0.036298126505163446,0.0051911397794642605,0.019034179191368954,ver3.0 Step A refined monthly DTE30 moneyness-target backtest from raw option chain; diagnostic layer only.
mny_0003,510300,510300_DTE30_ATM_Q30_MonthlyHold,ATM,0.0,0.0004234820083331602,0.00027793218454696955,0.3,Q30,2022-09-19,2026-05-27,44,44,1.0,0.5,,0.32511182792966253,0.08000271974921835,0.1818069517787503,0.4400421379187829,0.18816504272515977,0.4251731277529219,0.06226503194291301,0.05444718975774516,0.00778670966919639,0.028551268787053434,ver3.0 Step A refined monthly DTE30 moneyness-target backtest from raw option chain; diagnostic layer only.
mny_0004,510300,510300_DTE30_ATM_Q40_MonthlyHold,ATM,0.0,0.0004234820083331602,0.00027793218454696955,0.4,Q40,2022-09-19,2026-05-27,44,44,1.0,0.5,,0.34154630188502266,0.08364851612514856,0.17712084679647425,0.47226804545072704,0.18041244607763973,0.4636515824919905,0.08302004259055068,0.07259625301032689,0.010382279558928521,0.03806835838273791,ver3.0 Step A refined monthly DTE30 moneyness-target backtest from raw option chain; diagnostic layer only.
mny_0005,510300,510300_DTE30_ATM_Q50_MonthlyHold,ATM,0.0,0.0004234820083331602,0.00027793218454696955,0.5,Q50,2022-09-19,2026-05-27,44,44,1.0,0.5,,0.3578406776081644,0.08723133492708146,0.17273681463457322,0.504995620717103,0.17260004925914374,0.5053957707515558,0.10377505323818838,0.09074531626290862,0.01297784944866066,0.04758544797842242,ver3.0 Step A refined monthly DTE30 moneyness-target backtest from raw option chain; diagnostic layer only.
mny_0006,510300,510300_DTE30_ATM_Q60_MonthlyHold,ATM,0.0,0.0004234820083331602,0.00027793218454696955,0.6,Q60,2022-09-19,2026-05-27,44,44,1.0,0.5,,0.37398381981190365,0.09075022541962707,0.1686784099868068,0.5380073562865877,0.16472749504408823,0.5509112209551804,0.12453006388582602,0.10889437951549032,0.01557341933839278,0.05710253757410687,ver3.0 Step A refined monthly DTE30 moneyness-target backtest from raw option chain; diagnostic layer only.
mny_0007,510300,510300_DTE30_ATM_Q70_MonthlyHold,ATM,0.0,0.0004234820083331602,0.00027793218454696955,0.7,Q70,2022-09-19,2026-05-27,44,44,1.0,0.5,,0.3899644978467094,0.0942042366896092,0.1649696668076748,0.5710397463518826,0.15679442466125848,0.6008136889633018,0.14528507453346368,0.12704344276807203,0.018168989228124897,0.06661962716979129,ver3.0 Step A refined monthly DTE30 moneyness-target backtest from raw option chain; diagnostic layer only.
mny_0008,510300,510300_DTE30_ATM_Q80_MonthlyHold,ATM,0.0,0.0004234820083331602,0.00027793218454696955,0.8,Q80,2022-09-19,2026-05-27,44,44,1.0,0.5,,0.4057713946791579,0.09759241780058425,0.16163465607032657,0.6037839914611023,0.14880047778952077,0.655860916916069,0.16604008518110136,0.14519250602065378,0.020764559117857042,0.07613671676547581,ver3.0 Step A refined monthly DTE30 moneyness-target backtest from raw option chain; diagnostic layer only.
mny_0009,510300,510300_DTE30_ATM_Q90_MonthlyHold,ATM,0.0,0.0004234820083331602,0.00027793218454696955,0.9,Q90,2022-09-19,2026-05-27,44,44,1.0,0.5,,0.4213931161838447,0.1009138179493656,0.1586969414471805,0.6358901250970423,0.14074529255352708,0.7169960438356181,0.18679509582873902,0.1633415692732355,0.023360129007589176,0.08565380636116031,ver3.0 Step A refined monthly DTE30 moneyness-target backtest from raw option chain; diagnostic layer only.
mny_0010,510300,510300_DTE30_ATM_Q100_MonthlyHold,ATM,0.0,0.0004234820083331602,0.00027793218454696955,1.0,Q100,2022-09-19,2026-05-27,44,44,1.0,0.5,,0.4368182007444874,0.10416748662455344,0.1561789438810062,0.6669752274923779,0.13262850551941707,0.7854079801065323,0.20755010647637676,0.18149063252581724,0.02595569889732132,0.09517089595684484,ver3.0 Step A refined monthly DTE30 moneyness-target backtest from raw option chain; diagnostic layer only.
mny_0011,510300,510300_DTE30_OTM1_Q10_MonthlyHold,OTM1,0.01,0.00877001577185681,0.009023045793545403,0.1,Q10,2022-09-19,2026-05-27,44,44,1.0,0.38636363636363635,,0.2839020942999151,0.07071408983862848,0.19251873558930788,0.36731017177195613,0.2163132450835894,0.3269059636699667,0.016330813963497205,0.015324195714474267,0.0009984528420411904,0.0036609937541510315,ver3.0 Step A refined monthly DTE30 moneyness-target backtest from raw option chain; diagnostic layer only.
mny_0012,510300,510300_DTE30_OTM1_Q20_MonthlyHold,OTM1,0.01,0.00877001577185681,0.009023045793545403,0.2,Q20,2022-09-19,2026-05-27,44,44,1.0,0.38636363636363635,,0.29252506732998373,0.07267543198684656,0.18778083860192435,0.38702261917634123,0.2072397287841703,0.35068291400117757,0.03266162792699441,0.030648391428948533,0.001996905684082381,0.007321987508302063,ver3.0 Step A refined monthly DTE30 moneyness-target backtest from raw option chain; diagnostic layer only.
mny_0013,510300,510300_DTE30_OTM1_Q30_MonthlyHold,OTM1,0.01,0.00877001577185681,0.009023045793545403,0.3,Q30,2022-09-19,2026-05-27,44,44,1.0,0.38636363636363635,,0.3009402814095712,0.0745803729176795,0.18325758855313157,0.40697017518625994,0.1980731689857318,0.3765294072871217,0.04899244189049161,0.0459725871434228,0.002995358526123572,0.010982981262453097,ver3.0 Step A refined monthly DTE30 moneyness-target backtest from raw option chain; diagnostic layer only.
mny_0014,510300,510300_DTE30_OTM1_Q40_MonthlyHold,OTM1,0.01,0.00877001577185681,0.009023045793545403,0.4,Q40,2022-09-19,2026-05-27,44,44,1.0,0.38636363636363635,,0.30914157149652643,0.07642829275501395,0.17896526143837682,0.4270565814881931,0.1888127353688176,0.40478356825731404,0.06532325585398882,0.06129678285789707,0.003993811368164762,0.014643975016604126,ver3.0 Step A refined monthly DTE30 moneyness-target backtest from raw option chain; diagnostic layer only.
mny_0015,510300,510300_DTE30_OTM1_Q50_MonthlyHold,OTM1,0.01,0.00877001577185681,0.009023045793545403,0.5,Q50,2022-09-19,2026-05-27,44,44,1.0,0.38636363636363635,,0.31712281004349796,0.07821857203497484,0.1749208577163829,0.4471654956197312,0.18250066038951807,0.4285933643638877,0.08165406981748602,0.07662097857237132,0.0049922642102059565,0.018304968770755173,ver3.0 Step A refined monthly DTE30 moneyness-target backtest from raw option chain; diagnostic layer only.
mny_0016,510300,510300_DTE30_OTM1_Q60_MonthlyHold,OTM1,0.01,0.00877001577185681,0.009023045793545403,0.6,Q60,2022-09-19,2026-05-27,44,44,1.0,0.38636363636363635,,0.32487791247138276,0.0799505917934542,0.17114195496690573,0.46715950982863613,0.17668669968000672,0.4524992087024712,0.09798488378098322,0.0919451742868456,0.005990717052247144,0.021965962524906193,ver3.0 Step A refined monthly DTE30 moneyness-target backtest from raw option chain; diagnostic layer only.
mny_0017,510300,510300_DTE30_OTM1_Q70_MonthlyHold,OTM1,0.01,0.00877001577185681,0.009023045793545403,0.7,Q70,2022-09-19,2026-05-27,44,44,1.0,0.38636363636363635,,0.3324008427183034,0.08162373365488862,0.16764650804202422,0.4868800108525247,0.17083885366949014,0.47778202617069937,0.11431569774448042,0.10726937000131988,0.006989169894288331,0.025626956279057214,ver3.0 Step A refined monthly DTE30 moneyness-target backtest from raw option chain; diagnostic layer only.
mny_0018,510300,510300_DTE30_OTM1_Q80_MonthlyHold,OTM1,0.01,0.00877001577185681,0.009023045793545403,0.8,Q80,2022-09-19,2026-05-27,44,44,1.0,0.38636363636363635,,0.3396856188599533,0.08323737992228075,0.16445259253233246,0.5061481770554376,0.16495696713313812,0.5046005717060691,0.13064651170797764,0.12259356571579413,0.007987622736329523,0.029287950033208252,ver3.0 Step A refined monthly DTE30 moneyness-target backtest from raw option chain; diagnostic layer only.
mny_0019,510300,510300_DTE30_OTM1_Q90_MonthlyHold,OTM1,0.01,0.00877001577185681,0.009023045793545403,0.9,Q90,2022-09-19,2026-05-27,44,44,1.0,0.38636363636363635,,0.3467263187970586,0.084790913668493,0.16157809054960726,0.5247673950105305,0.1590408843227925,0.5331390983490741,0.14697732567147484,0.13791776143026838,0.008986075578370716,0.03294894378735929,ver3.0 Step A refined monthly DTE30 moneyness-target backtest from raw option chain; diagnostic layer only.
mny_0020,510300,510300_DTE30_OTM1_Q100_MonthlyHold,OTM1,0.01,0.00877001577185681,0.009023045793545403,1.0,Q100,2022-09-19,2026-05-27,44,44,1.0,0.38636363636363635,,0.35351708600542,0.08628371882881258,0.15904032232059762,0.5425273136386106,0.15309044896581547,0.5636126839505149,0.16330813963497204,0.15324195714474265,0.009984528420411913,0.036609937541510346,ver3.0 Step A refined monthly DTE30 moneyness-target backtest from raw option chain; diagnostic layer only.
mny_0021,510300,510300_DTE30_OTM2_Q10_MonthlyHold,OTM2,0.02,0.020354883291339883,0.020190145352010358,0.1,Q10,2022-09-19,2026-05-27,44,44,1.0,0.22727272727272727,,0.2905205565620992,0.07222034523790177,0.19383615951066863,0.3725844827931953,0.21640763711554856,0.3337236439550444,0.011811178599069567,0.009168407341363871,0.0026368656684061615,0.009668507450822593,ver3.0 Step A refined monthly DTE30 moneyness-target backtest from raw option chain; diagnostic layer only.
mny_0022,510300,510300_DTE30_OTM2_Q20_MonthlyHold,OTM2,0.02,0.020354883291339883,0.020190145352010358,0.2,Q20,2022-09-19,2026-05-27,44,44,1.0,0.22727272727272727,,0.3059742066593938,0.07571561980649855,0.1903607940140161,0.3977479722054725,0.207428003337221,0.3650212053741159,0.023622357198139134,0.018336814682727742,0.005273731336812323,0.019337014901645185,ver3.0 Step A refined monthly DTE30 moneyness-target backtest from raw option chain; diagnostic layer only.
mny_0023,510300,510300_DTE30_OTM2_Q30_MonthlyHold,OTM2,0.02,0.020354883291339883,0.020190145352010358,0.3,Q30,2022-09-19,2026-05-27,44,44,1.0,0.22727272727272727,,0.32143381846017394,0.07918230176777796,0.18703777659688003,0.42334924638480115,0.19835476790535678,0.39919535388006955,0.0354335357972087,0.027505222024091606,0.007910597005218484,0.029005522352467773,ver3.0 Step A refined monthly DTE30 moneyness-target backtest from raw option chain; diagnostic layer only.
mny_0024,510300,510300_DTE30_OTM2_Q40_MonthlyHold,OTM2,0.02,0.020354883291339883,0.020190145352010358,0.4,Q40,2022-09-19,2026-05-27,44,44,1.0,0.22727272727272727,,0.3368946062580458,0.08261989961455063,0.18387536720240316,0.44932554518629847,0.19126163247449435,0.43197320103167264,0.04724471439627827,0.036673629365455485,0.010547462673624646,0.03867402980329037,ver3.0 Step A refined monthly DTE30 moneyness-target backtest from raw option chain; diagnostic layer only.
mny_0025,510300,510300_DTE30_OTM2_Q50_MonthlyHold,OTM2,0.02,0.020354883291339883,0.020190145352010358,0.5,Q50,2022-09-19,2026-05-27,44,44,1.0,0.22727272727272727,,0.35235169059090254,0.08602791895487716,0.18088198988895837,0.4756024577554063,0.18624681346518257,0.4619027695255545,0.059055892995347845,0.045842036706819356,0.013184328342030805,0.04834253725411296,ver3.0 Step A refined monthly DTE30 moneyness-target backtest from raw option chain; diagnostic layer only.
mny_0026,510300,510300_DTE30_OTM2_Q60_MonthlyHold,OTM2,0.02,0.020354883291339883,0.020190145352010358,0.6,Q60,2022-09-19,2026-05-27,44,44,1.0,0.22727272727272727,,0.36780009897800614,0.08940586252176042,0.1780661693905283,0.5020934792261337,0.18120645782739064,0.4933922531995219,0.0708670715944174,0.05501044404818321,0.015821194010436967,0.058011044704935545,ver3.0 Step A refined monthly DTE30 moneyness-target backtest from raw option chain; diagnostic layer only.
mny_0027,510300,510300_DTE30_OTM2_Q70_MonthlyHold,OTM2,0.02,0.020354883291339883,0.020190145352010358,0.7,Q70,2022-09-19,2026-05-27,44,44,1.0,0.22727272727272727,,0.3832347667390428,0.09275323018317039,0.17543645547462436,0.5286998641886406,0.17614046310277143,0.5265867282808966,0.08267825019348697,0.0641788513895471,0.018458059678843126,0.06767955215575813,ver3.0 Step A refined monthly DTE30 moneyness-target backtest from raw option chain; diagnostic layer only.
mny_0028,510300,510300_DTE30_OTM2_Q80_MonthlyHold,OTM2,0.02,0.020354883291339883,0.020190145352010358,0.8,Q80,2022-09-19,2026-05-27,44,44,1.0,0.22727272727272727,,0.398650537896734,0.09606951895240678,0.17300133511172633,0.5553108528923429,0.17104872652944103,0.5616500099220044,0.09448942879255653,0.07334725873091097,0.021094925347249292,0.07734805960658074,ver3.0 Step A refined monthly DTE30 moneyness-target backtest from raw option chain; diagnostic layer only.
mny_0029,510300,510300_DTE30_OTM2_Q90_MonthlyHold,OTM2,0.02,0.020354883291339883,0.020190145352010358,0.9,Q90,2022-09-19,2026-05-27,44,44,1.0,0.22727272727272727,,0.4140421661645748,0.09935422299880114,0.1707691330546486,0.5818043414614417,0.16593114504139084,0.5987677778877356,0.10630060739162608,0.08251566607227484,0.023731791015655458,0.08701656705740335,ver3.0 Step A refined monthly DTE30 moneyness-target backtest from raw option chain; diagnostic layer only.
mny_0030,510300,510300_DTE30_OTM2_Q100_MonthlyHold,OTM2,0.02,0.020354883291339883,0.020190145352010358,1.0,Q100,2022-09-19,2026-05-27,44,44,1.0,0.22727272727272727,,0.4294043160212493,0.10260683365876555,0.16874790212292762,0.6080480549264526,0.1607876152678942,0.6381513494544248,0.11811178599069569,0.09168407341363871,0.02636865668406161,0.09668507450822592,ver3.0 Step A refined monthly DTE30 moneyness-target backtest from raw option chain; diagnostic layer only.
mny_0031,510300,510300_DTE30_OTM3_Q10_MonthlyHold,OTM3,0.03,0.030493334801014214,0.03150514869011567,0.1,Q10,2022-09-19,2026-05-27,44,44,1.0,0.1590909090909091,,0.28725390205111623,0.071477610568639,0.19478385132824383,0.36695860607144015,0.22017374250864352,0.32464184763463766,0.008807868602619161,0.006688943446036542,0.002114521222281312,0.007753244481698145,ver3.0 Step A refined monthly DTE30 moneyness-target backtest from raw option chain; diagnostic layer only.
mny_0032,510300,510300_DTE30_OTM3_Q20_MonthlyHold,OTM3,0.03,0.030493334801014214,0.03150514869011567,0.2,Q20,2022-09-19,2026-05-27,44,44,1.0,0.1590909090909091,,0.2994235200376847,0.0742376884360425,0.19222107750685913,0.38620992764642803,0.21502222311326502,0.34525588732722334,0.017615737205238322,0.013377886892073084,0.004229042444562624,0.01550648896339629,ver3.0 Step A refined monthly DTE30 moneyness-target backtest from raw option chain; diagnostic layer only.
mny_0033,510300,510300_DTE30_OTM3_Q30_MonthlyHold,OTM3,0.03,0.030493334801014214,0.03150514869011567,0.3,Q30,2022-09-19,2026-05-27,44,44,1.0,0.1590909090909091,,0.3115837848642802,0.07697694804911759,0.18977193175441986,0.40562873201255045,0.20983981796806195,0.36683670808765967,0.02642360580785749,0.020066830338109624,0.0063435636668439325,0.02325973344509442,ver3.0 Step A refined monthly DTE30 moneyness-target backtest from raw option chain; diagnostic layer only.
mny_0034,510300,510300_DTE30_OTM3_Q40_MonthlyHold,OTM3,0.03,0.030493334801014214,0.03150514869011567,0.4,Q40,2022-09-19,2026-05-27,44,44,1.0,0.1590909090909091,,0.32373203141043994,0.07969513604811862,0.18744086819576494,0.4251748128102154,0.2046263604733537,0.3894666154632431,0.035231474410476644,0.026755773784146168,0.008458084889125249,0.03101297792679258,ver3.0 Step A refined monthly DTE30 moneyness-target backtest from raw option chain; diagnostic layer only.
mny_0035,510300,510300_DTE30_OTM3_Q50_MonthlyHold,OTM3,0.03,0.030493334801014214,0.03150514869011567,0.5,Q50,2022-09-19,2026-05-27,44,44,1.0,0.1590909090909091,,0.33586555836586984,0.08239199794670471,0.18523234491425025,0.44480351412085456,0.19938168322941918,0.41323754826515374,0.044039343013095804,0.033444717230182705,0.010572606111406561,0.03876622240849072,ver3.0 Step A refined monthly DTE30 moneyness-target backtest from raw option chain; diagnostic layer only.
mny_0036,510300,510300_DTE30_OTM3_Q60_MonthlyHold,OTM3,0.03,0.030493334801014214,0.03150514869011567,0.6,Q60,2022-09-19,2026-05-27,44,44,1.0,0.1590909090909091,,0.3479816286264781,0.08506727813699899,0.18315079491815775,0.46446578719470977,0.19699253178967913,0.43182996514721605,0.05284721161571498,0.04013366067621925,0.012687127333687865,0.04651946689018884,ver3.0 Step A refined monthly DTE30 moneyness-target backtest from raw option chain; diagnostic layer only.
mny_0037,510300,510300_DTE30_OTM3_Q70_MonthlyHold,OTM3,0.03,0.030493334801014214,0.03150514869011567,0.7,Q70,2022-09-19,2026-05-27,44,44,1.0,0.1590909090909091,,0.3600774697137683,0.08772071989472452,0.181200594094352,0.4841083459640752,0.19462707326177453,0.45071180707084696,0.061655080218334116,0.046822604122255786,0.014801648555969183,0.054272711371887,ver3.0 Step A refined monthly DTE30 moneyness-target backtest from raw option chain; diagnostic layer only.
mny_0038,510300,510300_DTE30_OTM3_Q80_MonthlyHold,OTM3,0.03,0.030493334801014214,0.03150514869011567,0.8,Q80,2022-09-19,2026-05-27,44,44,1.0,0.1590909090909091,,0.3721502742178906,0.09035206538441476,0.1793860263939497,0.5036739326952511,0.19225598228071317,0.4699571077715107,0.07046294882095329,0.053511547568292336,0.016916169778250497,0.06202595585358516,ver3.0 Step A refined monthly DTE30 moneyness-target backtest from raw option chain; diagnostic layer only.
mny_0039,510300,510300_DTE30_OTM3_Q90_MonthlyHold,OTM3,0.03,0.030493334801014214,0.03150514869011567,0.9,Q90,2022-09-19,2026-05-27,44,44,1.0,0.1590909090909091,,0.38419720026460746,0.09296105566470181,0.17771124661919185,0.5231017025270392,0.18987924846968873,0.48957985885193556,0.07927081742357246,0.060200491014328866,0.01903069100053181,0.0697792003352833,ver3.0 Step A refined monthly DTE30 moneyness-target backtest from raw option chain; diagnostic layer only.
mny_0040,510300,510300_DTE30_OTM3_Q100_MonthlyHold,OTM3,0.03,0.030493334801014214,0.03150514869011567,1.0,Q100,2022-09-19,2026-05-27,44,44,1.0,0.1590909090909091,,0.39621537200644696,0.09554743069368032,0.1761802413120022,0.5423277319984645,0.18749686143807331,0.509594827139215,0.08807868602619161,0.06688943446036541,0.021145212222813122,0.07753244481698145,ver3.0 Step A refined monthly DTE30 moneyness-target backtest from raw option chain; diagnostic layer only.
mny_0041,510300,510300_DTE30_OTM4_Q10_MonthlyHold,OTM4,0.04,0.03678860930899575,0.03595121086781883,0.1,Q10,2022-09-19,2026-05-27,44,44,1.0,0.13636363636363635,,0.2853230769394903,0.0710379573874036,0.19501653372641828,0.3642663318334855,0.22097699097954382,0.3214721907131937,0.007334800031127476,0.005585352927067182,0.0017457797040447295,0.0064011922481640076,ver3.0 Step A refined monthly DTE30 moneyness-target backtest from raw option chain; diagnostic layer only.
mny_0042,510300,510300_DTE30_OTM4_Q20_MonthlyHold,OTM4,0.04,0.03678860930899575,0.03595121086781883,0.2,Q20,2022-09-19,2026-05-27,44,44,1.0,0.13636363636363635,,0.2955521980131568,0.07336171452598217,0.19266440017321013,0.38077462395765976,0.21663761654886926,0.33863793229756656,0.014669600062254953,0.011170705854134363,0.003491559408089459,0.012802384496328015,ver3.0 Step A refined monthly DTE30 moneyness-target backtest from raw option chain; diagnostic layer only.
mny_0043,510300,510300_DTE30_OTM4_Q30_MonthlyHold,OTM4,0.04,0.03678860930899575,0.03595121086781883,0.3,Q30,2022-09-19,2026-05-27,44,44,1.0,0.13636363636363635,,0.30576306738721715,0.07566806778283097,0.19040265855603838,0.39741077334044006,0.21227631946273395,0.3564602400039013,0.022004400093382424,0.01675605878120154,0.005237339112134189,0.019203576744492027,ver3.0 Step A refined monthly DTE30 moneyness-target backtest from raw option chain; diagnostic layer only.
mny_0044,510300,510300_DTE30_OTM4_Q40_MonthlyHold,OTM4,0.04,0.03678860930899575,0.03595121086781883,0.4,Q40,2022-09-19,2026-05-27,44,44,1.0,0.13636363636363635,,0.3159538094742462,0.07795684599057862,0.18823456722924387,0.4141473435941119,0.2078930001172853,0.3749854297479874,0.029339200124509905,0.022341411708268727,0.006983118816178918,0.02560476899265603,ver3.0 Step A refined monthly DTE30 moneyness-target backtest from raw option chain; diagnostic layer only.
mny_0045,510300,510300_DTE30_OTM4_Q50_MonthlyHold,OTM4,0.04,0.03678860930899575,0.03595121086781883,0.5,Q50,2022-09-19,2026-05-27,44,44,1.0,0.13636363636363635,,0.32612252861986013,0.08022787712303048,0.18616339822430994,0.4309540859710951,0.20348755850583689,0.3942642867806053,0.03667400015563737,0.02792676463533591,0.008728898520223646,0.03200596124082004,ver3.0 Step A refined monthly DTE30 moneyness-target backtest from raw option chain; diagnostic layer only.
mny_0046,510300,510300_DTE30_OTM4_Q60_MonthlyHold,OTM4,0.04,0.03678860930899575,0.03595121086781883,0.6,Q60,2022-09-19,2026-05-27,44,44,1.0,0.13636363636363635,,0.3362673093376336,0.08248098829570516,0.18419242112675038,0.4477979484234403,0.19905989421743675,0.4143526179392503,0.04400880018676485,0.03351211756240308,0.010474678224268378,0.038407153488984054,ver3.0 Step A refined monthly DTE30 moneyness-target backtest from raw option chain; diagnostic layer only.
mny_0047,510300,510300_DTE30_OTM4_Q70_MonthlyHold,OTM4,0.04,0.03678860930899575,0.03595121086781883,0.7,Q70,2022-09-19,2026-05-27,44,44,1.0,0.13636363636363635,,0.3463862165546261,0.08471600576633631,0.18232488526340612,0.46464313219748615,0.19462707326177464,0.4352734917428098,0.051343600217892305,0.039097470489470265,0.012220457928313107,0.04480834573714806,ver3.0 Step A refined monthly DTE30 moneyness-target backtest from raw option chain; diagnostic layer only.
mny_0048,510300,510300_DTE30_OTM4_Q80_MonthlyHold,OTM4,0.04,0.03678860930899575,0.03595121086781883,0.8,Q80,2022-09-19,2026-05-27,44,44,1.0,0.13636363636363635,,0.35647729586760235,0.08693275493533359,0.18056400027625427,0.4814512018028546,0.19225598228071317,0.4521719111366999,0.05867840024901981,0.044682823416537454,0.013966237632357836,0.05120953798531206,ver3.0 Step A refined monthly DTE30 moneyness-target backtest from raw option chain; diagnostic layer only.
mny_0049,510300,510300_DTE30_OTM4_Q90_MonthlyHold,OTM4,0.04,0.03678860930899575,0.03595121086781883,0.9,Q90,2022-09-19,2026-05-27,44,44,1.0,0.13636363636363635,,0.3665385738100737,0.08913106034620877,0.17891291520983327,0.49818125338617264,0.18987924846968895,0.46940916958830836,0.06601320028014727,0.05026817634360463,0.015712017336402567,0.05761073023347608,ver3.0 Step A refined monthly DTE30 moneyness-target backtest from raw option chain; diagnostic layer only.
mny_0050,510300,510300_DTE30_OTM4_Q100_MonthlyHold,OTM4,0.04,0.03678860930899575,0.03595121086781883,1.0,Q100,2022-09-19,2026-05-27,44,44,1.0,0.13636363636363635,,0.37656805813026084,0.09131074568596298,0.17737469629478642,0.5147901453441242,0.18749686143807354,0.48699879552981795,0.07334800031127474,0.05585352927067182,0.017457797040447292,0.06401192248164007,ver3.0 Step A refined monthly DTE30 moneyness-target backtest from raw option chain; diagnostic layer only.
mny_0051,510300,510300_DTE30_OTM5_Q10_MonthlyHold,OTM5,0.05,0.051354976560630726,0.05442334620066436,0.1,Q10,2022-09-19,2026-05-27,44,44,1.0,0.11363636363636363,,0.28637731291969226,0.07127806869976627,0.19592108213178824,0.36381010110908013,0.22268385100472587,0.3200863842535828,0.005226348953320262,0.0030867944156557124,0.002136941363187888,0.007835451665022256,ver3.0 Step A refined monthly DTE30 moneyness-target backtest from raw option chain; diagnostic layer only.
mny_0052,510300,510300_DTE30_OTM5_Q20_MonthlyHold,OTM5,0.05,0.051354976560630726,0.05442334620066436,0.2,Q20,2022-09-19,2026-05-27,44,44,1.0,0.11363636363636363,,0.2977251594335999,0.07385362983944566,0.19443142281176523,0.3798441052964238,0.2200652670705977,0.33559875587160765,0.010452697906640523,0.006173588831311425,0.004273882726375776,0.015670903330044512,ver3.0 Step A refined monthly DTE30 moneyness-target backtest from raw option chain; diagnostic layer only.
mny_0053,510300,510300_DTE30_OTM5_Q30_MonthlyHold,OTM5,0.05,0.051354976560630726,0.05442334620066436,0.3,Q30,2022-09-19,2026-05-27,44,44,1.0,0.11363636363636363,,0.3091207175734838,0.07642360461721132,0.1929878950650792,0.39600206319385894,0.2174387689055759,0.35147184194369097,0.015679046859960778,0.009260383246967138,0.0064108240895636645,0.02350635499506677,ver3.0 Step A refined monthly DTE30 moneyness-target backtest from raw option chain; diagnostic layer only.
mny_0054,510300,510300_DTE30_OTM5_Q40_MonthlyHold,OTM5,0.05,0.051354976560630726,0.05442334620066436,0.4,Q40,2022-09-19,2026-05-27,44,44,1.0,0.11363636363636363,,0.32056359693043035,0.07898794720089741,0.19159154161606073,0.4122726219259985,0.21480433520996478,0.3677204518413889,0.020905395813281047,0.01234717766262285,0.008547765452751552,0.031341806660089025,ver3.0 Step A refined monthly DTE30 moneyness-target backtest from raw option chain; diagnostic layer only.
mny_0055,510300,510300_DTE30_OTM5_Q50_MonthlyHold,OTM5,0.05,0.051354976560630726,0.05442334620066436,0.5,Q50,2022-09-19,2026-05-27,44,44,1.0,0.11363636363636363,,0.3320533980598357,0.08154661140427799,0.19024340122094527,0.42864357386867374,0.21216194463350768,0.3843602185356241,0.0261317447666013,0.015433972078278565,0.010684706815939441,0.039177258325111285,ver3.0 Step A refined monthly DTE30 moneyness-target backtest from raw option chain; diagnostic layer only.
mny_0056,510300,510300_DTE30_OTM5_Q60_MonthlyHold,OTM5,0.05,0.051354976560630726,0.05442334620066436,0.6,Q60,2022-09-19,2026-05-27,44,44,1.0,0.11363636363636363,,0.3435897124247007,0.0840995506882356,0.18894450589931028,0.4451018582834729,0.20951157577528334,0.40140765672269385,0.031358093719921556,0.018520766493934276,0.012821648179127329,0.04701270999013354,ver3.0 Step A refined monthly DTE30 moneyness-target backtest from raw option chain; diagnostic layer only.
mny_0057,510300,510300_DTE30_OTM5_Q70_MonthlyHold,OTM5,0.05,0.051354976560630726,0.05442334620066436,0.7,Q70,2022-09-19,2026-05-27,44,44,1.0,0.11363636363636363,,0.35517212233948325,0.08664671816188241,0.1876958780130281,0.46163356957614277,0.206853207183599,0.4188802259419474,0.03658444267324182,0.021607560909589988,0.014958589542315211,0.054848161655155776,ver3.0 Step A refined monthly DTE30 moneyness-target backtest from raw option chain; diagnostic layer only.
mny_0058,510300,510300_DTE30_OTM5_Q80_MonthlyHold,OTM5,0.05,0.051354976560630726,0.05442334620066436,0.8,Q80,2022-09-19,2026-05-27,44,44,1.0,0.11363636363636363,,0.36680020091456766,0.08918806658364709,0.1864985272026422,0.4782239727112629,0.20418681735588828,0.4367963991925902,0.041810791626562094,0.0246943553252457,0.017095530905503104,0.06268361332017805,ver3.0 Step A refined monthly DTE30 moneyness-target backtest from raw option chain; diagnostic layer only.
mny_0059,510300,510300_DTE30_OTM5_Q90_MonthlyHold,OTM5,0.05,0.051354976560630726,0.05442334620066436,0.9,Q90,2022-09-19,2026-05-27,44,44,1.0,0.11363636363636363,,0.3784735120013416,0.09172354836231977,0.18535344719360883,0.49485752626176405,0.201512384738605,0.45517573761682406,0.04703714057988234,0.02778114974090142,0.01923247226869099,0.0705190649852003,ver3.0 Step A refined monthly DTE30 moneyness-target backtest from raw option chain; diagnostic layer only.
mny_0060,510300,510300_DTE30_OTM5_Q100_MonthlyHold,OTM5,0.05,0.051354976560630726,0.05442334620066436,1.0,Q100,2022-09-19,2026-05-27,44,44,1.0,0.11363636363636363,,0.39019161013789616,0.09425311555805616,0.18426161248746117,0.5115179135017609,0.19882988772711674,0.47403897188441535,0.0522634895332026,0.03086794415655713,0.021369413631878883,0.07835451665022257,ver3.0 Step A refined monthly DTE30 moneyness-target backtest from raw option chain; diagnostic layer only.
mny_0061,510300,510300_DTE30_OTM7_Q10_MonthlyHold,OTM7,0.07,0.06674150714996858,0.06552243733159124,0.1,Q10,2022-09-19,2026-05-27,44,44,1.0,0.09090909090909091,,0.2887192877817357,0.07181096244973117,0.19668201152695552,0.36511199927345356,0.22382599862264874,0.3208338749369247,0.0037721160661308333,0.0009973666125908675,0.0027728633955068998,0.010167165783525299,ver3.0 Step A refined monthly DTE30 moneyness-target backtest from raw option chain; diagnostic layer only.
mny_0062,510300,510300_DTE30_OTM7_Q20_MonthlyHold,OTM7,0.07,0.06674150714996858,0.06552243733159124,0.2,Q20,2022-09-19,2026-05-27,44,44,1.0,0.09090909090909091,,0.3024768583122579,0.07492723847167237,0.19593292898891568,0.38241269019109675,0.22235494520613575,0.33697131584912826,0.007544232132261667,0.001994733225181735,0.0055457267910137996,0.020334331567050598,ver3.0 Step A refined monthly DTE30 moneyness-target backtest from raw option chain; diagnostic layer only.
mny_0063,510300,510300_DTE30_OTM7_Q30_MonthlyHold,OTM7,0.07,0.06674150714996858,0.06552243733159124,0.3,Q30,2022-09-19,2026-05-27,44,44,1.0,0.09090909090909091,,0.31635104674671166,0.07804580187828991,0.19520886607569482,0.3998066452987162,0.2208813778730898,0.35333807960547997,0.011316348198392499,0.002992099837772603,0.0083185901865207,0.0305014973505759,ver3.0 Step A refined monthly DTE30 moneyness-target backtest from raw option chain; diagnostic layer only.
mny_0064,510300,510300_DTE30_OTM7_Q40_MonthlyHold,OTM7,0.07,0.06674150714996858,0.06552243733159124,0.4,Q40,2022-09-19,2026-05-27,44,44,1.0,0.09090909090909091,,0.33034263241594863,0.08116665964284442,0.19451010219379025,0.41728763044902495,0.21940529278375676,0.36993938757366857,0.015088464264523333,0.00398946645036347,0.011091453582027599,0.040668663134101196,ver3.0 Step A refined monthly DTE30 moneyness-target backtest from raw option chain; diagnostic layer only.
mny_0065,510300,510300_DTE30_OTM7_Q50_MonthlyHold,OTM7,0.07,0.06674150714996858,0.06552243733159124,0.5,Q50,2022-09-19,2026-05-27,44,44,1.0,0.09090909090909091,,0.34445239829240415,0.08428981857625617,0.19383691094529948,0.4348491634807503,0.21792668609319577,0.3867806191491842,0.018860580330654162,0.0049868330629543375,0.013864316977534501,0.0508358289176265,ver3.0 Step A refined monthly DTE30 moneyness-target backtest from raw option chain; diagnostic layer only.
mny_0066,510300,510300_DTE30_OTM7_Q60_MonthlyHold,OTM7,0.07,0.06674150714996858,0.06552243733159124,0.6,Q60,2022-09-19,2026-05-27,44,44,1.0,0.09090909090909091,,0.3586811309935636,0.08741528532886322,0.19318955966275786,0.45248452080671475,0.21644555395127574,0.403867317822298,0.022632696396784998,0.005984199675545206,0.0166371803730414,0.0610029947011518,ver3.0 Step A refined monthly DTE30 moneyness-target backtest from raw option chain; diagnostic layer only.
mny_0067,510300,510300_DTE30_OTM7_Q70_MonthlyHold,OTM7,0.07,0.06674150714996858,0.06552243733159124,0.7,Q70,2022-09-19,2026-05-27,44,44,1.0,0.09090909090909091,,0.3730296207853019,0.09054306639214604,0.19256830894272728,0.47018674510495345,0.2149618925026643,0.4212051975259933,0.02640481246291583,0.006981566288136072,0.0194100437685483,0.0711701604846771,ver3.0 Step A refined monthly DTE30 moneyness-target backtest from raw option chain; diagnostic layer only.
mny_0068,510300,510300_DTE30_OTM7_Q80_MonthlyHold,OTM7,0.07,0.06674150714996858,0.06552243733159124,0.8,Q80,2022-09-19,2026-05-27,44,44,1.0,0.09090909090909091,,0.38749866158501334,0.09367316810040327,0.19197341217973427,0.4879486541224895,0.2134756978868274,0.43880014928005256,0.030176928529046666,0.00797893290072694,0.022182907164055198,0.08133732626820239,ver3.0 Step A refined monthly DTE30 moneyness-target backtest from raw option chain; diagnostic layer only.
mny_0069,510300,510300_DTE30_OTM7_Q90_MonthlyHold,OTM7,0.07,0.06674150714996858,0.06552243733159124,0.9,Q90,2022-09-19,2026-05-27,44,44,1.0,0.09090909090909091,,0.40208905096462466,0.09680559663240085,0.19140511510222416,0.5057628505941425,0.21198696623801805,0.45665824814770895,0.0339490445951775,0.008976299513317807,0.024955770559562097,0.09150449205172768,ver3.0 Step A refined monthly DTE30 moneyness-target backtest from raw option chain; diagnostic layer only.
mny_0070,510300,510300_DTE30_OTM7_Q100_MonthlyHold,OTM7,0.07,0.06674150714996858,0.06552243733159124,1.0,Q100,2022-09-19,2026-05-27,44,44,1.0,0.09090909090909091,,0.41680159015341833,0.09994035801297874,0.19086365531226288,0.5236217332706486,0.210495693685273,0.4747857605220496,0.037721160661308324,0.009973666125908675,0.027728633955069002,0.101671657835253,ver3.0 Step A refined monthly DTE30 moneyness-target backtest from raw option chain; diagnostic layer only.
mny_0071,510050,510050_DTE30_ATM_Q10_MonthlyHold,ATM,0.0,0.0009097393239091044,0.00040424499730484786,0.1,Q10,2022-09-19,2026-05-27,44,44,1.0,0.5,,0.15782770528296308,0.04088027093552227,0.1777320809609344,0.2300106470058592,0.17425109948127981,0.23460552649146485,0.021060168948509754,0.01655324703837888,0.004496391825656618,0.016486770027407602,ver3.0 Step A refined monthly DTE30 moneyness-target backtest from raw option chain; diagnostic layer only.
mny_0072,510050,510050_DTE30_ATM_Q20_MonthlyHold,ATM,0.0,0.0009097393239091044,0.00040424499730484786,0.2,Q20,2022-09-19,2026-05-27,44,44,1.0,0.5,,0.18075280508393798,0.046475008953577035,0.17245539092055137,0.26949003278759576,0.1613897429311073,0.2879675505364421,0.04212033789701951,0.03310649407675776,0.008992783651313237,0.032973540054815204,ver3.0 Step A refined monthly DTE30 moneyness-target backtest from raw option chain; diagnostic layer only.
mny_0073,510050,510050_DTE30_ATM_Q30_MonthlyHold,ATM,0.0,0.0009097393239091044,0.00040424499730484786,0.3,Q30,2022-09-19,2026-05-27,44,44,1.0,0.5,,0.2038625422391771,0.05203548527433255,0.16739794509829903,0.3108490085931246,0.14835994951725961,0.35073808965052894,0.06318050684552924,0.049659741115136616,0.013489175476969855,0.0494603100822228,ver3.0 Step A refined monthly DTE30 moneyness-target backtest from raw option chain; diagnostic layer only.
mny_0074,510050,510050_DTE30_ATM_Q40_MonthlyHold,ATM,0.0,0.0009097393239091044,0.00040424499730484786,0.4,Q40,2022-09-19,2026-05-27,44,44,1.0,0.5,,0.22714949200766577,0.057560694365666576,0.16258020512787819,0.3540449116815418,0.13516000245867776,0.42587077033580634,0.08424067579403902,0.06621298815351552,0.017985567302626473,0.06594708010963041,ver3.0 Step A refined monthly DTE30 moneyness-target backtest from raw option chain; diagnostic layer only.
mny_0075,510050,510050_DTE30_ATM_Q50_MonthlyHold,ATM,0.0,0.0009097393239091044,0.00040424499730484786,0.5,Q50,2022-09-19,2026-05-27,44,44,1.0,0.5,,0.25060589873309946,0.06304962227641253,0.15802409653729915,0.3989873927963299,0.12178817449933621,0.5176990503027548,0.10530084474254875,0.08276623519189437,0.022481959128283092,0.08243385013703801,ver3.0 Step A refined monthly DTE30 moneyness-target backtest from raw option chain; diagnostic layer only.
mny_0076,510050,510050_DTE30_ATM_Q60_MonthlyHold,ATM,0.0,0.0009097393239091044,0.00040424499730484786,0.6,Q60,2022-09-19,2026-05-27,44,44,1.0,0.5,,0.27422367313668516,0.06850124662466439,0.1537528795962963,0.44552821907808027,0.1092424407602387,0.6270570864945101,0.12636101369105848,0.09931948223027323,0.02697835095393971,0.0989206201644456,ver3.0 Step A refined monthly DTE30 moneyness-target backtest from raw option chain; diagnostic layer only.
mny_0077,510050,510050_DTE30_ATM_Q70_MonthlyHold,ATM,0.0,0.0009097393239091044,0.00040424499730484786,0.7,Q70,2022-09-19,2026-05-27,44,44,1.0,0.5,,0.29799438987483295,0.07391453658527292,0.14979092693682625,0.4934513598173145,0.10040806561138937,0.7361414258426738,0.14742118263956822,0.11587272926865211,0.031474742779596325,0.1154073901918532,ver3.0 Step A refined monthly DTE30 moneyness-target backtest from raw option chain; diagnostic layer only.
mny_0078,510050,510050_DTE30_ATM_Q80_MonthlyHold,ATM,0.0,0.0009097393239091044,0.00040424499730484786,0.8,Q80,2022-09-19,2026-05-27,44,44,1.0,0.5,,0.32190928537328944,0.07928845287647102,0.1461633897792157,0.542464518620146,0.09150091984283171,0.866531757414705,0.16848135158807803,0.13242597630703104,0.03597113460525295,0.13189416021926081,ver3.0 Step A refined monthly DTE30 moneyness-target backtest from raw option chain; diagnostic layer only.
mny_0079,510050,510050_DTE30_ATM_Q90_MonthlyHold,ATM,0.0,0.0009097393239091044,0.00040424499730484786,0.9,Q90,2022-09-19,2026-05-27,44,44,1.0,0.5,,0.34595925594927013,0.0846219477455521,0.14289573871051972,0.5921936406863781,0.08252052552258071,1.0254654488645538,0.18954152053658774,0.14897922334540986,0.04046752643090955,0.14838093024666835,ver3.0 Step A refined monthly DTE30 moneyness-target backtest from raw option chain; diagnostic layer only.
mny_0080,510050,510050_DTE30_ATM_Q100_MonthlyHold,ATM,0.0,0.0009097393239091044,0.00040424499730484786,1.0,Q100,2022-09-19,2026-05-27,44,44,1.0,0.5,,0.37013485623316367,0.08991396495351944,0.14001317324529206,0.6421821809294848,0.07346640237242263,1.2238786989693509,0.2106016894850975,0.16553247038378874,0.044963918256566184,0.16486770027407602,ver3.0 Step A refined monthly DTE30 moneyness-target backtest from raw option chain; diagnostic layer only.
mny_0081,510050,510050_DTE30_OTM1_Q10_MonthlyHold,OTM1,0.01,0.007308002640340102,0.00553124544792416,0.1,Q10,2022-09-19,2026-05-27,44,44,1.0,0.4090909090909091,,0.1576672419209868,0.04084082827579416,0.1783106901482695,0.22904307218952524,0.17616209243721437,0.23183664380207206,0.017687853039080763,0.013118518887615144,0.00456049022494608,0.016721797491468963,ver3.0 Step A refined monthly DTE30 moneyness-target backtest from raw option chain; diagnostic layer only.
mny_0082,510050,510050_DTE30_OTM1_Q20_MonthlyHold,OTM1,0.01,0.007308002640340102,0.00553124544792416,0.2,Q20,2022-09-19,2026-05-27,44,44,1.0,0.4090909090909091,,0.18046737193866913,0.046405837958763074,0.17358740601461708,0.2673341288068757,0.16525904612065656,0.28080664295303936,0.035375706078161526,0.026237037775230287,0.00912098044989216,0.033443594982937926,ver3.0 Step A refined monthly DTE30 moneyness-target backtest from raw option chain; diagnostic layer only.
mny_0083,510050,510050_DTE30_OTM1_Q30_MonthlyHold,OTM1,0.01,0.007308002640340102,0.00553124544792416,0.3,Q30,2022-09-19,2026-05-27,44,44,1.0,0.4090909090909091,,0.2034900581107113,0.05194647878295511,0.16905389725102157,0.3072776175388716,0.1542355883203308,0.33679956324391125,0.053063559117242295,0.03935555666284543,0.013681470674838239,0.05016539247440688,ver3.0 Step A refined monthly DTE30 moneyness-target backtest from raw option chain; diagnostic layer only.
mny_0084,510050,510050_DTE30_OTM1_Q40_MonthlyHold,OTM1,0.01,0.007308002640340102,0.00553124544792416,0.4,Q40,2022-09-19,2026-05-27,44,44,1.0,0.4090909090909091,,0.22673035379411055,0.05746192310817566,0.1647258333346003,0.34883370716635437,0.14309071685056785,0.40157687635448885,0.07075141215632305,0.052474075550460575,0.01824196089978432,0.06688718996587585,ver3.0 Step A refined monthly DTE30 moneyness-target backtest from raw option chain; diagnostic layer only.
mny_0085,510050,510050_DTE30_OTM1_Q50_MonthlyHold,OTM1,0.01,0.007308002640340102,0.00553124544792416,0.5,Q50,2022-09-19,2026-05-27,44,44,1.0,0.4090909090909091,,0.2501830326315184,0.0629513341873118,0.16061982288292498,0.39192755325845885,0.13182342555367454,0.47754284887460996,0.08843926519540382,0.06559259443807572,0.022802451124730394,0.08360898745734478,ver3.0 Step A refined monthly DTE30 moneyness-target backtest from raw option chain; diagnostic layer only.
mny_0086,510050,510050_DTE30_OTM1_Q60_MonthlyHold,OTM1,0.01,0.007308002640340102,0.00553124544792416,0.6,Q60,2022-09-19,2026-05-27,44,44,1.0,0.4090909090909091,,0.273842584011994,0.06841386608737099,0.15675331633254197,0.4364428625052845,0.12043270435038744,0.5680671745801488,0.10612711823448459,0.07871111332569086,0.027362941349676477,0.10033078494881376,ver3.0 Step A refined monthly DTE30 moneyness-target backtest from raw option chain; diagnostic layer only.
mny_0087,510050,510050_DTE30_OTM1_Q70_MonthlyHold,OTM1,0.01,0.007308002640340102,0.00553124544792416,0.7,Q70,2022-09-19,2026-05-27,44,44,1.0,0.4090909090909091,,0.2977032086366387,0.07384866360834685,0.15314445534429855,0.4822157187625284,0.10891753929170866,0.6780236139063103,0.12381497127356535,0.09182963221330599,0.03192343157462256,0.11705258244028273,ver3.0 Step A refined monthly DTE30 moneyness-target backtest from raw option chain; diagnostic layer only.
mny_0088,510050,510050_DTE30_OTM1_Q80_MonthlyHold,OTM1,0.01,0.007308002640340102,0.00553124544792416,0.8,Q80,2022-09-19,2026-05-27,44,44,1.0,0.4090909090909091,,0.32175881419709396,0.07925486219981881,0.1498118605695085,0.5290292897940934,0.09727691261214,0.8147345559354022,0.1415028243126461,0.10494815110092115,0.03648392179956864,0.1337743799317517,ver3.0 Step A refined monthly DTE30 moneyness-target backtest from raw option chain; diagnostic layer only.
mny_0089,510050,510050_DTE30_OTM1_Q90_MonthlyHold,OTM1,0.01,0.007308002640340102,0.00553124544792416,0.9,Q90,2022-09-19,2026-05-27,44,44,1.0,0.4090909090909091,,0.3460030111751007,0.08463158787519176,0.1467743515572048,0.5766101977443033,0.08705543023274964,0.972157482295159,0.15919067735172684,0.1180666699885363,0.04104441202451471,0.1504961774232206,ver3.0 Step A refined monthly DTE30 moneyness-target backtest from raw option chain; diagnostic layer only.
mny_0090,510050,510050_DTE30_OTM1_Q100_MonthlyHold,OTM1,0.01,0.007308002640340102,0.00553124544792416,1.0,Q100,2022-09-19,2026-05-27,44,44,1.0,0.4090909090909091,,0.37042910877138624,0.0899779571234578,0.14405059640946358,0.6246274528964504,0.07854504129606554,1.1455587219605288,0.17687853039080764,0.13118518887615144,0.04560490224946079,0.16721797491468957,ver3.0 Step A refined monthly DTE30 moneyness-target backtest from raw option chain; diagnostic layer only.
mny_0091,510050,510050_DTE30_OTM2_Q10_MonthlyHold,OTM2,0.02,0.021250930018904476,0.021345488384291844,0.1,Q10,2022-09-19,2026-05-27,44,44,1.0,0.22727272727272727,,0.15518398665741495,0.040229925264987365,0.17965481901214256,0.22392900722728898,0.17922295697839685,0.22446859455530907,0.012104728635079078,0.007902675276964633,0.004196000993796906,0.015385336977255321,ver3.0 Step A refined monthly DTE30 moneyness-target backtest from raw option chain; diagnostic layer only.
mny_0092,510050,510050_DTE30_OTM2_Q20_MonthlyHold,OTM2,0.02,0.021250930018904476,0.021345488384291844,0.2,Q20,2022-09-19,2026-05-27,44,44,1.0,0.22727272727272727,,0.175483729716172,0.04519615425744972,0.1762298127156623,0.25646145541998266,0.17143668262320655,0.26363175935213606,0.024209457270158156,0.015805350553929266,0.008392001987593812,0.030770673954510643,ver3.0 Step A refined monthly DTE30 moneyness-target backtest from raw option chain; diagnostic layer only.
mny_0093,510050,510050_DTE30_OTM2_Q30_MonthlyHold,OTM2,0.02,0.021250930018904476,0.021345488384291844,0.3,Q30,2022-09-19,2026-05-27,44,44,1.0,0.22727272727272727,,0.19599204352193067,0.050150528016868146,0.17294173280356628,0.2899851135054313,0.1635864704564738,0.3065689227044722,0.036314185905237224,0.023708025830893896,0.01258800298139072,0.046156010931765974,ver3.0 Step A refined monthly DTE30 moneyness-target backtest from raw option chain; diagnostic layer only.
mny_0094,510050,510050_DTE30_OTM2_Q40_MonthlyHold,OTM2,0.02,0.021250930018904476,0.021345488384291844,0.4,Q40,2022-09-19,2026-05-27,44,44,1.0,0.22727272727272727,,0.2167072745487515,0.055092614193813505,0.1697985340342896,0.32445871518942526,0.1556718863891039,0.353902142973387,0.04841891454031631,0.03161070110785853,0.016784003975187624,0.061541347909021285,ver3.0 Step A refined monthly DTE30 moneyness-target backtest from raw option chain; diagnostic layer only.
mny_0095,510050,510050_DTE30_OTM2_Q50_MonthlyHold,OTM2,0.02,0.021250930018904476,0.021345488384291844,0.5,Q50,2022-09-19,2026-05-27,44,44,1.0,0.22727272727272727,,0.2376276383230138,0.06002197534997333,0.16680840666788493,0.35982584180830235,0.14769249415063634,0.406398278363117,0.06052364317539538,0.039513376384823155,0.02098000496898453,0.07692668488627662,ver3.0 Step A refined monthly DTE30 moneyness-target backtest from raw option chain; diagnostic layer only.
mny_0096,510050,510050_DTE30_OTM2_Q60_MonthlyHold,OTM2,0.02,0.021250930018904476,0.021345488384291844,0.6,Q60,2022-09-19,2026-05-27,44,44,1.0,0.22727272727272727,,0.2587512167224588,0.06493816891297488,0.16397972456908855,0.39601340399626594,0.13964785528451096,0.465013721697862,0.07262837181047445,0.04741605166178779,0.02517600596278144,0.09231202186353195,ver3.0 Step A refined monthly DTE30 moneyness-target backtest from raw option chain; diagnostic layer only.
mny_0097,510050,510050_DTE30_OTM2_Q70_MonthlyHold,OTM2,0.02,0.021250930018904476,0.021345488384291844,0.7,Q70,2022-09-19,2026-05-27,44,44,1.0,0.22727272727272727,,0.2800759552746801,0.0698407471301905,0.16132098054568353,0.43293034107496464,0.13153752914338812,0.5309568119837313,0.08473310044555352,0.05531872693875241,0.029372006956578343,0.10769735884078725,ver3.0 Step A refined monthly DTE30 moneyness-target backtest from raw option chain; diagnostic layer only.
mny_0098,510050,510050_DTE30_OTM2_Q80_MonthlyHold,OTM2,0.02,0.021250930018904476,0.021345488384291844,0.8,Q80,2022-09-19,2026-05-27,44,44,1.0,0.22727272727272727,,0.3015996604568627,0.07472925702150346,0.15884070831647165,0.4704666569014166,0.12336107288451004,0.6057766463450313,0.09683782908063263,0.06322140221571707,0.03356800795037525,0.12308269581804257,ver3.0 Step A refined monthly DTE30 moneyness-target backtest from raw option chain; diagnostic layer only.
mny_0099,510050,510050_DTE30_OTM2_Q90_MonthlyHold,OTM2,0.02,0.021250930018904476,0.021345488384291844,0.9,Q90,2022-09-19,2026-05-27,44,44,1.0,0.22727272727272727,,0.3233199969985683,0.07960324033100052,0.15654739101156254,0.5084929222814135,0.11758303817856741,0.676995947409618,0.10894255771571168,0.07112407749268168,0.037764008944172145,0.13846803279529787,ver3.0 Step A refined monthly DTE30 moneyness-target backtest from raw option chain; diagnostic layer only.
mny_0100,510050,510050_DTE30_OTM2_Q100_MonthlyHold,OTM2,0.02,0.021250930018904476,0.021345488384291844,1.0,Q100,2022-09-19,2026-05-27,44,44,1.0,0.22727272727272727,,0.34523448518946864,0.08446223347756843,0.15444935676902857,0.5468603770482356,0.1126752845573652,0.7496074565897106,0.12104728635079076,0.07902675276964631,0.04196000993796906,0.15385336977255323,ver3.0 Step A refined monthly DTE30 moneyness-target backtest from raw option chain; diagnostic layer only.
mny_0101,510050,510050_DTE30_OTM3_Q10_MonthlyHold,OTM3,0.03,0.027227133232356048,0.0257694154084398,0.1,Q10,2022-09-19,2026-05-27,44,44,1.0,0.18181818181818182,,0.15596487643537826,0.040422133899241874,0.18017878822522038,0.22434457628117083,0.18019239038864854,0.22432764120647528,0.010381874355454825,0.00590406049913566,0.004472622919141437,0.01639961737018527,ver3.0 Step A refined monthly DTE30 moneyness-target backtest from raw option chain; diagnostic layer only.
mny_0102,510050,510050_DTE30_OTM3_Q20_MonthlyHold,OTM3,0.03,0.027227133232356048,0.0257694154084398,0.2,Q20,2022-09-19,2026-05-27,44,44,1.0,0.18181818181818182,,0.1770939075783189,0.04558740090020663,0.17726660777899364,0.2571685749018367,0.17339093074332268,0.26291687059279606,0.02076374871090965,0.01180812099827132,0.008945245838282875,0.03279923474037054,ver3.0 Step A refined monthly DTE30 moneyness-target backtest from raw option chain; diagnostic layer only.
mny_0103,510050,510050_DTE30_OTM3_Q30_MonthlyHold,OTM3,0.03,0.027227133232356048,0.0257694154084398,0.3,Q30,2022-09-19,2026-05-27,44,44,1.0,0.18181818181818182,,0.19848152246633344,0.050747721655939326,0.1744784450299041,0.29085381662612597,0.16654106899870524,0.3047159596191487,0.031145623066364467,0.017712181497406984,0.01341786875742431,0.0491988521105558,ver3.0 Step A refined monthly DTE30 moneyness-target backtest from raw option chain; diagnostic layer only.
mny_0104,510050,510050_DTE30_OTM3_Q40_MonthlyHold,OTM3,0.03,0.027227133232356048,0.0257694154084398,0.4,Q40,2022-09-19,2026-05-27,44,44,1.0,0.18181818181818182,,0.22012770869599496,0.05590274333330636,0.17182033746345005,0.3253557998930022,0.15964252655695021,0.35017450887914786,0.0415274974218193,0.02361624199654264,0.01789049167656575,0.06559846948074108,ver3.0 Step A refined monthly DTE30 moneyness-target backtest from raw option chain; diagnostic layer only.
mny_0105,510050,510050_DTE30_OTM3_Q50_MonthlyHold,OTM3,0.03,0.027227133232356048,0.0257694154084398,0.5,Q50,2022-09-19,2026-05-27,44,44,1.0,0.18181818181818182,,0.2420323489669871,0.061052107896185426,0.16929841107190993,0.36061831596430866,0.15269502372178811,0.3998303704213897,0.051909371777274116,0.029520302495678302,0.02236311459570718,0.08199808685092633,ver3.0 Step A refined monthly DTE30 moneyness-target backtest from raw option chain; diagnostic layer only.
mny_0106,510050,510050_DTE30_OTM3_Q60_MonthlyHold,OTM3,0.03,0.027227133232356048,0.0257694154084398,0.6,Q60,2022-09-19,2026-05-27,44,44,1.0,0.18181818181818182,,0.2641952179608418,0.06619545204305721,0.16691883853032238,0.3965726854194003,0.1456982796981091,0.4543324202606649,0.062291246132728934,0.03542436299481397,0.02683573751484862,0.0983977042211116,ver3.0 Step A refined monthly DTE30 moneyness-target backtest from raw option chain; diagnostic layer only.
mny_0107,510050,510050_DTE30_OTM3_Q70_MonthlyHold,OTM3,0.03,0.027227133232356048,0.0257694154084398,0.7,Q70,2022-09-19,2026-05-27,44,44,1.0,0.18181818181818182,,0.2866159791773706,0.0713324071431618,0.1646877905631416,0.43313719189045063,0.1386520125915901,0.5144707661278366,0.07267312048818375,0.04132842349394961,0.03130836043399005,0.11479732159129687,ver3.0 Step A refined monthly DTE30 moneyness-target backtest from raw option chain; diagnostic layer only.
mny_0108,510050,510050_DTE30_OTM3_Q80_MonthlyHold,OTM3,0.03,0.027227133232356048,0.0257694154084398,0.8,Q80,2022-09-19,2026-05-27,44,44,1.0,0.18181818181818182,,0.3092941817292689,0.07646259917120113,0.16261138061109215,0.47021677624195396,0.13155593940836185,0.5812173856617308,0.0830549948436386,0.04723248399308528,0.0357809833531315,0.13119693896148216,ver3.0 Step A refined monthly DTE30 moneyness-target backtest from raw option chain; diagnostic layer only.
mny_0109,510050,510050_DTE30_OTM3_Q90_MonthlyHold,OTM3,0.03,0.027227133232356048,0.0257694154084398,0.9,Q90,2022-09-19,2026-05-27,44,44,1.0,0.18181818181818182,,0.33222925709536444,0.08158564864053952,0.16069560319853393,0.5077030548231194,0.1244097760547126,0.6557816534020606,0.09343686919909341,0.05313654449222095,0.04025360627227293,0.1475965563316674,ver3.0 Step A refined monthly DTE30 moneyness-target backtest from raw option chain; diagnostic layer only.
mny_0110,510050,510050_DTE30_OTM3_Q100_MonthlyHold,OTM3,0.03,0.027227133232356048,0.0257694154084398,1.0,Q100,2022-09-19,2026-05-27,44,44,1.0,0.18181818181818182,,0.35542051583303436,0.08670117053486992,0.1589462667377085,0.5454747212021236,0.11721323733683664,0.7396875344865363,0.10381874355454823,0.059040604991356604,0.04472622919141436,0.16399617370185265,ver3.0 Step A refined monthly DTE30 moneyness-target backtest from raw option chain; diagnostic layer only.
mny_0111,510050,510050_DTE30_OTM4_Q10_MonthlyHold,OTM4,0.04,0.04024589045934381,0.041028267692112985,0.1,Q10,2022-09-19,2026-05-27,44,44,1.0,0.1590909090909091,,0.15237593014476936,0.039537967601136925,0.18106568380407184,0.21836256749744087,0.18240008626263837,0.21676507073689702,0.007291552828024397,0.0035183504196290806,0.0037695566319813035,0.013821707650598113,ver3.0 Step A refined monthly DTE30 moneyness-target backtest from raw option chain; diagnostic layer only.
mny_0112,510050,510050_DTE30_OTM4_Q20_MonthlyHold,OTM4,0.04,0.04024589045934381,0.041028267692112985,0.2,Q20,2022-09-19,2026-05-27,44,44,1.0,0.1590909090909091,,0.16984083954554907,0.043821943888957327,0.179000356897962,0.24481484086614275,0.1778313210382957,0.2464242161228749,0.014583105656048794,0.007036700839258161,0.007539113263962607,0.027643415301196225,ver3.0 Step A refined monthly DTE30 moneyness-target backtest from raw option chain; diagnostic layer only.
mny_0113,510050,510050_DTE30_OTM4_Q30_MonthlyHold,OTM4,0.04,0.04024589045934381,0.041028267692112985,0.3,Q30,2022-09-19,2026-05-27,44,44,1.0,0.1590909090909091,,0.18748963862570078,0.04810407653681836,0.17701582418826275,0.2717501486514445,0.17323932359365002,0.2776741188949181,0.02187465848407319,0.01055505125888724,0.01130866989594391,0.04146512295179434,ver3.0 Step A refined monthly DTE30 moneyness-target backtest from raw option chain; diagnostic layer only.
mny_0114,510050,510050_DTE30_OTM4_Q40_MonthlyHold,OTM4,0.04,0.04024589045934381,0.041028267692112985,0.4,Q40,2022-09-19,2026-05-27,44,44,1.0,0.1590909090909091,,0.20532286901126695,0.05238424299851818,0.1751148325579321,0.29914223845766036,0.16862398732545247,0.3106571243474041,0.02916621131209759,0.014073401678516322,0.015078226527925214,0.05528683060239245,ver3.0 Step A refined monthly DTE30 moneyness-target backtest from raw option chain; diagnostic layer only.
mny_0115,510050,510050_DTE30_OTM4_Q50_MonthlyHold,OTM4,0.04,0.04024589045934381,0.041028267692112985,0.5,Q50,2022-09-19,2026-05-27,44,44,1.0,0.1590909090909091,,0.22334104232500995,0.0566623188423343,0.1733001312054487,0.32696062286970035,0.1639852051935049,0.3455331154750939,0.03645776414012198,0.017591752098145404,0.01884778315990652,0.06910853825299057,ver3.0 Step A refined monthly DTE30 moneyness-target backtest from raw option chain; diagnostic layer only.
mny_0116,510050,510050_DTE30_OTM4_Q60_MonthlyHold,OTM4,0.04,0.04024589045934381,0.041028267692112985,0.6,Q60,2022-09-19,2026-05-27,44,44,1.0,0.1590909090909091,,0.24154463934596992,0.060938177740440524,0.1715744581665621,0.35517045131089725,0.15932286971907605,0.382482300550379,0.04374931696814638,0.02111010251777448,0.02261733979188782,0.08293024590358868,ver3.0 Step A refined monthly DTE30 moneyness-target backtest from raw option chain; diagnostic layer only.
mny_0117,510050,510050_DTE30_OTM4_Q70_MonthlyHold,OTM4,0.04,0.04024589045934381,0.041028267692112985,0.7,Q70,2022-09-19,2026-05-27,44,44,1.0,0.1590909090909091,,0.259934109157143,0.06521169145790529,0.16994052559576103,0.38373243362224785,0.15463687298332096,0.4217085498420482,0.05104086979617077,0.024628452937403567,0.02638689642386912,0.09675195355418678,ver3.0 Step A refined monthly DTE30 moneyness-target backtest from raw option chain; diagnostic layer only.
mny_0118,510050,510050_DTE30_OTM4_Q80_MonthlyHold,OTM4,0.04,0.04024589045934381,0.041028267692112985,0.8,Q80,2022-09-19,2026-05-27,44,44,1.0,0.1590909090909091,,0.2785098682812148,0.0694827298412719,0.1684010038855711,0.4126028244373507,0.14992710662568853,0.46344341196915173,0.05833242262419518,0.028146803357032645,0.030156453055850428,0.1105736612047849,ver3.0 Step A refined monthly DTE30 moneyness-target backtest from raw option chain; diagnostic layer only.
mny_0119,510050,510050_DTE30_OTM4_Q90_MonthlyHold,OTM4,0.04,0.04024589045934381,0.041028267692112985,0.9,Q90,2022-09-19,2026-05-27,44,44,1.0,0.1590909090909091,,0.29727229980435754,0.07375116080672561,0.16695850473954077,0.4417334769605129,0.1451934618423263,0.5079509770682108,0.06562397545221958,0.03166515377666172,0.033926009687831736,0.12439536885538303,ver3.0 Step A refined monthly DTE30 moneyness-target backtest from raw option chain; diagnostic layer only.
mny_0120,510050,510050_DTE30_OTM4_Q100_MonthlyHold,OTM4,0.04,0.04024589045934381,0.041028267692112985,1.0,Q100,2022-09-19,2026-05-27,44,44,1.0,0.1590909090909091,,0.31622175248801776,0.07801685032784,0.16561556335486372,0.471071973837831,0.14043582938448496,0.5555338026611828,0.07291552828024396,0.03518350419629081,0.03769556631981304,0.13821707650598114,ver3.0 Step A refined monthly DTE30 moneyness-target backtest from raw option chain; diagnostic layer only.
mny_0121,510050,510050_DTE30_OTM5_Q10_MonthlyHold,OTM5,0.05,0.048160553387555274,0.047087214334067484,0.1,Q10,2022-09-19,2026-05-27,44,44,1.0,0.13636363636363635,,0.1505327447848428,0.03908310596728226,0.18131878996088133,0.21554912193995038,0.18271375605973916,0.21390346742422528,0.006178640667731347,0.002799541039291192,0.0033760103081062875,0.012378704463056387,ver3.0 Step A refined monthly DTE30 moneyness-target backtest from raw option chain; diagnostic layer only.
mny_0122,510050,510050_DTE30_OTM5_Q20_MonthlyHold,OTM5,0.05,0.048160553387555274,0.047087214334067484,0.2,Q20,2022-09-19,2026-05-27,44,44,1.0,0.13636363636363635,,0.16611454079196974,0.04291183760162065,0.17949495556684184,0.2390698806331679,0.1784617506836388,0.24045397648088168,0.012357281335462694,0.005599082078582384,0.006752020616212575,0.024757408926112775,ver3.0 Step A refined monthly DTE30 moneyness-target backtest from raw option chain; diagnostic layer only.
mny_0123,510050,510050_DTE30_OTM5_Q30_MonthlyHold,OTM5,0.05,0.048160553387555274,0.047087214334067484,0.3,Q30,2022-09-19,2026-05-27,44,44,1.0,0.13636363636363635,,0.1818401026150911,0.04673839007301206,0.17773961489144155,0.2629598927709986,0.17418962373340174,0.2683190253889373,0.01853592200319404,0.008398623117873575,0.010128030924318864,0.03713611338916917,ver3.0 Step A refined monthly DTE30 moneyness-target backtest from raw option chain; diagnostic layer only.
mny_0124,510050,510050_DTE30_OTM5_Q40_MonthlyHold,OTM5,0.05,0.048160553387555274,0.047087214334067484,0.4,Q40,2022-09-19,2026-05-27,44,44,1.0,0.13636363636363635,,0.19770978656727212,0.050562688720359183,0.17605481668027279,0.28719855368787994,0.16989728930976,0.29760738929843855,0.024714562670925387,0.011198164157164767,0.01350404123242515,0.04951481785222555,ver3.0 Step A refined monthly DTE30 moneyness-target backtest from raw option chain; diagnostic layer only.
mny_0125,510050,510050_DTE30_OTM5_Q50_MonthlyHold,OTM5,0.05,0.048160553387555274,0.047087214334067484,0.5,Q50,2022-09-19,2026-05-27,44,44,1.0,0.13636363636363635,,0.2137239298061615,0.054384657389747515,0.17444260488092367,0.3117624701079822,0.1655846611859283,0.32844018884503556,0.030893203338656725,0.013997705196455958,0.01688005154053144,0.061893522315281946,ver3.0 Step A refined monthly DTE30 moneyness-target backtest from raw option chain; diagnostic layer only.
mny_0126,510050,510050_DTE30_OTM5_Q60_MonthlyHold,OTM5,0.05,0.048160553387555274,0.047087214334067484,0.6,Q60,2022-09-19,2026-05-27,44,44,1.0,0.13636363636363635,,0.2298828498288048,0.058204218428070664,0.17290500994971408,0.33662540168730903,0.16125165280650144,0.3609526936006944,0.03707184400638808,0.01679724623574715,0.02025606184863773,0.07427222677833833,ver3.0 Step A refined monthly DTE30 moneyness-target backtest from raw option chain; diagnostic layer only.
mny_0127,510050,510050_DTE30_OTM5_Q70_MonthlyHold,OTM5,0.05,0.048160553387555274,0.047087214334067484,0.7,Q70,2022-09-19,2026-05-27,44,44,1.0,0.13636363636363635,,0.24618684395858836,0.062021292676216255,0.17144403950132092,0.3617582323457702,0.15689817728634892,0.3952964511692417,0.04325048467411941,0.01959678727503834,0.023632072156744018,0.08665093124139472,ver3.0 Step A refined monthly DTE30 moneyness-target backtest from raw option chain; diagnostic layer only.
mny_0128,510050,510050_DTE30_OTM5_Q80_MonthlyHold,OTM5,0.05,0.048160553387555274,0.047087214334067484,0.8,Q80,2022-09-19,2026-05-27,44,44,1.0,0.13636363636363635,,0.2626361888242248,0.06583579946180795,0.1700616683503409,0.38712897562654064,0.1525241474095086,0.4316418126570275,0.049429125341850774,0.022396328314329535,0.0270080824648503,0.0990296357044511,ver3.0 Step A refined monthly DTE30 moneyness-target backtest from raw option chain; diagnostic layer only.
mny_0129,510050,510050_DTE30_OTM5_Q90_MonthlyHold,OTM5,0.05,0.048160553387555274,0.047087214334067484,0.9,Q90,2022-09-19,2026-05-27,44,44,1.0,0.13636363636363635,,0.2792311398307168,0.06964765659151073,0.16875982801135844,0.412702818035718,0.14812947562807421,0.47018094336864563,0.055607766009582116,0.025195869353620726,0.03038409277295659,0.11140834016750749,ver3.0 Step A refined monthly DTE30 moneyness-target backtest from raw option chain; diagnostic layer only.
mny_0130,510050,510050_DTE30_OTM5_Q100_MonthlyHold,OTM5,0.05,0.048160553387555274,0.047087214334067484,1.0,Q100,2022-09-19,2026-05-27,44,44,1.0,0.13636363636363635,,0.2959719306221893,0.07345678034289183,0.1675403957423293,0.43844220384835153,0.14371407406108194,0.5111314310919258,0.06178640667731345,0.027995410392911917,0.03376010308106288,0.12378704463056389,ver3.0 Step A refined monthly DTE30 moneyness-target backtest from raw option chain; diagnostic layer only.
mny_0131,510050,510050_DTE30_OTM7_Q10_MonthlyHold,OTM7,0.07,0.06707692916299218,0.06745938547633346,0.1,Q10,2022-09-19,2026-05-27,44,44,1.0,0.022727272727272728,,0.14993604928236048,0.03893573989528187,0.18215463421876207,0.21375102567262305,0.18469203806914025,0.2108143929881055,0.004251844313053198,0.000876748626427154,0.003372969764469517,0.012367555803054896,ver3.0 Step A refined monthly DTE30 moneyness-target backtest from raw option chain; diagnostic layer only.
mny_0132,510050,510050_DTE30_OTM7_Q20_MonthlyHold,OTM7,0.07,0.06707692916299218,0.06745938547633346,0.2,Q20,2022-09-19,2026-05-27,44,44,1.0,0.022727272727272728,,0.16492619294495992,0.04262115273749156,0.1811470034687772,0.2352848897378411,0.18243269436889797,0.23362672400873025,0.008503688626106396,0.001753497252854308,0.006745939528939034,0.02473511160610979,ver3.0 Step A refined monthly DTE30 moneyness-target backtest from raw option chain; diagnostic layer only.
mny_0133,510050,510050_DTE30_OTM7_Q30_MonthlyHold,OTM7,0.07,0.06707692916299218,0.06745938547633346,0.3,Q30,2022-09-19,2026-05-27,44,44,1.0,0.022727272727272728,,0.18006586954250015,0.04630851852415341,0.18018696554857527,0.25700259940095077,0.18016768158799035,0.2570301072644776,0.012755532939159594,0.0026302458792814612,0.010118909293408552,0.03710266740916469,ver3.0 Step A refined monthly DTE30 moneyness-target backtest from raw option chain; diagnostic layer only.
mny_0134,510050,510050_DTE30_OTM7_Q40_MonthlyHold,OTM7,0.07,0.06707692916299218,0.06745938547633346,0.4,Q40,2022-09-19,2026-05-27,44,44,1.0,0.022727272727272728,,0.1953561818156182,0.049997848268307,0.17927528505354506,0.2788886836987814,0.17789698695505762,0.2810494383524215,0.017007377252212793,0.003506994505708616,0.013491879057878069,0.04947022321221958,ver3.0 Step A refined monthly DTE30 moneyness-target backtest from raw option chain; diagnostic layer only.
mny_0135,510050,510050_DTE30_OTM7_Q50_MonthlyHold,OTM7,0.07,0.06707692916299218,0.06745938547633346,0.5,Q50,2022-09-19,2026-05-27,44,44,1.0,0.022727272727272728,,0.21079823625928729,0.053689152349991165,0.17841270329770897,0.3009267353592114,0.17562059767317006,0.3057110217214195,0.021259221565265992,0.004383743132135769,0.016864848822347588,0.06183777901527449,ver3.0 Step A refined monthly DTE30 moneyness-target backtest from raw option chain; diagnostic layer only.
mny_0136,510050,510050_DTE30_OTM7_Q60_MonthlyHold,OTM7,0.07,0.06707692916299218,0.06745938547633346,0.6,Q60,2022-09-19,2026-05-27,44,44,1.0,0.022727272727272728,,0.2263931430670798,0.05738244052326946,0.17759993568271057,0.3230994442801235,0.17333850091978265,0.3310426721056324,0.025511065878319188,0.0052604917585629225,0.020237818586817103,0.07420533481832937,ver3.0 Step A refined monthly DTE30 moneyness-target backtest from raw option chain; diagnostic layer only.
mny_0137,510050,510050_DTE30_OTM7_Q70_MonthlyHold,OTM7,0.07,0.06707692916299218,0.06745938547633346,0.7,Q70,2022-09-19,2026-05-27,44,44,1.0,0.022727272727272728,,0.24214201607389874,0.06107772192300431,0.1768376690655858,0.345388639455272,0.1710506838466891,0.3570738248421598,0.029762910191372387,0.006137240384990077,0.023610788351286622,0.08657289062138428,ver3.0 Step A refined monthly DTE30 moneyness-target backtest from raw option chain; diagnostic layer only.
mny_0138,510050,510050_DTE30_OTM7_Q80_MonthlyHold,OTM7,0.07,0.06707692916299218,0.06745938547633346,0.8,Q80,2022-09-19,2026-05-27,44,44,1.0,0.022727272727272728,,0.2580459726971631,0.064775005071398,0.17612655914465725,0.367775339426217,0.168757133579979,0.38383565599435354,0.034014754504425586,0.007013989011417232,0.026983758115756137,0.09894044642443917,ver3.0 Step A refined monthly DTE30 moneyness-target backtest from raw option chain; diagnostic layer only.
mny_0139,510050,510050_DTE30_OTM7_Q90_MonthlyHold,OTM7,0.07,0.06707692916299218,0.06745938547633346,0.9,Q90,2022-09-19,2026-05-27,44,44,1.0,0.022727272727272728,,0.27410613387640526,0.06847429788429515,0.17546722788390817,0.3902398112176184,0.1664578372199914,0.41136121331312997,0.03826659881747879,0.007890737637844385,0.03035672788022566,0.11130800222749408,ver3.0 Step A refined monthly DTE30 moneyness-target backtest from raw option chain; diagnostic layer only.
mny_0140,510050,510050_DTE30_OTM7_Q100_MonthlyHold,OTM7,0.07,0.06707692916299218,0.06745938547633346,1.0,Q100,2022-09-19,2026-05-27,44,44,1.0,0.022727272727272728,,0.2903236240112941,0.07217560767726594,0.17486026099697546,0.4127616375827916,0.1641527818412688,0.43968555919483443,0.042518443130531984,0.008767486264271538,0.033729697644695175,0.12367555803054898,ver3.0 Step A refined monthly DTE30 moneyness-target backtest from raw option chain; diagnostic layer only.
mny_0141,510500,510500_DTE30_ATM_Q10_MonthlyHold,ATM,0.0,0.0013495421547495708,0.001160976636991884,0.1,Q10,2022-09-19,2026-05-27,44,44,1.0,0.5454545454545454,,0.5053126962434098,0.11831618439100611,0.23273474913238087,0.5083735232150794,0.24451833268178347,0.48387449355375317,0.023995740565364916,0.026122265191785725,-0.0021385224967034925,-0.007841249154579472,ver3.0 Step A refined monthly DTE30 moneyness-target backtest from raw option chain; diagnostic layer only.
mny_0142,510500,510500_DTE30_ATM_Q20_MonthlyHold,ATM,0.0,0.0013495421547495708,0.001160976636991884,0.2,Q20,2022-09-19,2026-05-27,44,44,1.0,0.5454545454545454,,0.5021285820657793,0.11766893427948077,0.22541729874596975,0.5220048990653811,0.2298167503597569,0.5120120012805025,0.04799148113072983,0.05224453038357145,-0.004277044993406985,-0.015682498309158945,ver3.0 Step A refined monthly DTE30 moneyness-target backtest from raw option chain; diagnostic layer only.
mny_0143,510500,510500_DTE30_ATM_Q30_MonthlyHold,ATM,0.0,0.0013495421547495708,0.001160976636991884,0.3,Q30,2022-09-19,2026-05-27,44,44,1.0,0.5454545454545454,,0.4982345162594417,0.11687601242119339,0.2185439492091661,0.5347940899033201,0.21489680216534324,0.5438704124190182,0.07198722169609473,0.07836679557535717,-0.006415567490110472,-0.023523747463738396,ver3.0 Step A refined monthly DTE30 moneyness-target backtest from raw option chain; diagnostic layer only.
mny_0144,510500,510500_DTE30_ATM_Q40_MonthlyHold,ATM,0.0,0.0013495421547495708,0.001160976636991884,0.4,Q40,2022-09-19,2026-05-27,44,44,1.0,0.5454545454545454,,0.49362894215350583,0.11593627583563593,0.21215786796567,0.5464622969080553,0.2008773034616309,0.5771497020208689,0.09598296226145966,0.1044890607671429,-0.00855408998681397,-0.03136499661831789,ver3.0 Step A refined monthly DTE30 moneyness-target backtest from raw option chain; diagnostic layer only.
mny_0145,510500,510500_DTE30_ATM_Q50_MonthlyHold,ATM,0.0,0.0013495421547495708,0.001160976636991884,0.5,Q50,2022-09-19,2026-05-27,44,44,1.0,0.5454545454545454,,0.4883111554235975,0.1148485944001103,0.20630430966252264,0.5566950811060724,0.1939671330990541,0.5921033763047888,0.11997870282682455,0.1306113259589286,-0.010692612483517458,-0.039206245772897344,ver3.0 Step A refined monthly DTE30 moneyness-target backtest from raw option chain; diagnostic layer only.
mny_0146,510500,510500_DTE30_ATM_Q60_MonthlyHold,ATM,0.0,0.0013495421547495708,0.001160976636991884,0.6,Q60,2022-09-19,2026-05-27,44,44,1.0,0.5454545454545454,,0.4822813180927019,0.11361185100311455,0.2010297974746846,0.5651493083627144,0.1870097176317963,0.6075184350944002,0.14397444339218946,0.15673359115071434,-0.012831134980220944,-0.04704749492747679,ver3.0 Step A refined monthly DTE30 moneyness-target backtest from raw option chain; diagnostic layer only.
mny_0147,510500,510500_DTE30_ATM_Q70_MonthlyHold,ATM,0.0,0.0013495421547495708,0.001160976636991884,0.7,Q70,2022-09-19,2026-05-27,44,44,1.0,0.5454545454545454,,0.4755404712492317,0.11222494168112251,0.19638099399352954,0.5714653918332858,0.18000481448856398,0.6234552225726849,0.1679701839575544,0.18285585634250004,-0.014969657476924431,-0.054888744082056254,ver3.0 Step A refined monthly DTE30 moneyness-target backtest from raw option chain; diagnostic layer only.
mny_0148,510500,510500_DTE30_ATM_Q80_MonthlyHold,ATM,0.0,0.0013495421547495708,0.001160976636991884,0.8,Q80,2022-09-19,2026-05-27,44,44,1.0,0.5454545454545454,,0.46809054642788195,0.11068677573736396,0.19240325925735247,0.5752853468522218,0.1729521802315136,0.6399848535543106,0.19196592452291933,0.2089781215342858,-0.01710817997362794,-0.06272999323663578,ver3.0 Step A refined monthly DTE30 moneyness-target backtest from raw option chain; diagnostic layer only.
mny_0149,510500,510500_DTE30_ATM_Q90_MonthlyHold,ATM,0.0,0.0013495421547495708,0.001160976636991884,0.9,Q90,2022-09-19,2026-05-27,44,44,1.0,0.5454545454545454,,0.45993437560044836,0.10899627584111404,0.1891389372540951,0.5762762412833328,0.1658515705543514,0.657191701452081,0.21596166508828424,0.23510038672607153,-0.019246702470331424,-0.07057124239121522,ver3.0 Step A refined monthly DTE30 moneyness-target backtest from raw option chain; diagnostic layer only.
mny_0150,510500,510500_DTE30_ATM_Q100_MonthlyHold,ATM,0.0,0.0013495421547495708,0.001160976636991884,1.0,Q100,2022-09-19,2026-05-27,44,44,1.0,0.5454545454545454,,0.4510756997254459,0.10715237810587164,0.18662546728717488,0.5741573198098846,0.15870274028043319,0.6751766095313144,0.2399574056536491,0.2612226519178572,-0.021385224967034915,-0.07841249154579469,ver3.0 Step A refined monthly DTE30 moneyness-target backtest from raw option chain; diagnostic layer only.
mny_0151,510500,510500_DTE30_OTM1_Q10_MonthlyHold,OTM1,0.01,0.010027208289715157,0.00907090850453951,0.1,Q10,2022-09-19,2026-05-27,44,44,1.0,0.38636363636363635,,0.49371166064933214,0.11595317254619553,0.23311913894656447,0.49739876815851786,0.24990674586870976,0.4639857645423959,0.019303771886495315,0.023482852047088387,-0.004188732046536318,-0.015358684170633165,ver3.0 Step A refined monthly DTE30 moneyness-target backtest from raw option chain; diagnostic layer only.
mny_0152,510500,510500_DTE30_OTM1_Q20_MonthlyHold,OTM1,0.01,0.010027208289715157,0.00907090850453951,0.2,Q20,2022-09-19,2026-05-27,44,44,1.0,0.38636363636363635,,0.4791099092929154,0.11295991511124437,0.22616787298016008,0.49945164015913723,0.23920007978256852,0.47224029027885056,0.03860754377299063,0.046965704094176774,-0.008377464093072636,-0.03071736834126633,ver3.0 Step A refined monthly DTE30 moneyness-target backtest from raw option chain; diagnostic layer only.
mny_0153,510500,510500_DTE30_OTM1_Q30_MonthlyHold,OTM1,0.01,0.010027208289715157,0.00907090850453951,0.3,Q30,2022-09-19,2026-05-27,44,44,1.0,0.38636363636363635,,0.4639951007383061,0.10983878295569904,0.2196385527425288,0.5000888122061955,0.22848391306650295,0.48072873701059715,0.05791131565948594,0.07044855614126515,-0.012566196139608951,-0.04607605251189949,ver3.0 Step A refined monthly DTE30 moneyness-target backtest from raw option chain; diagnostic layer only.
mny_0154,510500,510500_DTE30_OTM1_Q40_MonthlyHold,OTM1,0.01,0.010027208289715157,0.00907090850453951,0.4,Q40,2022-09-19,2026-05-27,44,44,1.0,0.38636363636363635,,0.4483788950779646,0.10658942547035077,0.21356988128145785,0.49908453772037037,0.21814403403394877,0.4886194845638673,0.07721508754598126,0.09393140818835355,-0.01675492818614527,-0.06143473668253266,ver3.0 Step A refined monthly DTE30 moneyness-target backtest from raw option chain; diagnostic layer only.
mny_0155,510500,510500_DTE30_OTM1_Q50_MonthlyHold,OTM1,0.01,0.010027208289715157,0.00907090850453951,0.5,Q50,2022-09-19,2026-05-27,44,44,1.0,0.38636363636363635,,0.43227349977043206,0.10321150460524309,0.20800218217028407,0.49620395097945397,0.20772179717430206,0.4968737321227631,0.09651885943247654,0.11741426023544191,-0.020943660232681585,-0.07679342085316582,ver3.0 Step A refined monthly DTE30 moneyness-target backtest from raw option chain; diagnostic layer only.
mny_0156,510500,510500_DTE30_OTM1_Q60_MonthlyHold,OTM1,0.01,0.010027208289715157,0.00907090850453951,0.6,Q60,2022-09-19,2026-05-27,44,44,1.0,0.38636363636363635,,0.4156916582258683,0.09970469485860889,0.202976684971217,0.49121254922824004,0.1992556718921924,0.5003857301113831,0.11582263131897189,0.1408971122825303,-0.025132392279217902,-0.09215210502379897,ver3.0 Step A refined monthly DTE30 moneyness-target backtest from raw option chain; diagnostic layer only.
mny_0157,510500,510500_DTE30_OTM1_Q70_MonthlyHold,OTM1,0.01,0.010027208289715157,0.00907090850453951,0.7,Q70,2022-09-19,2026-05-27,44,44,1.0,0.38636363636363635,,0.3986466374826978,0.09606868325003792,0.19853456815751236,0.4838889476104707,0.19090027993313619,0.503240138168925,0.13512640320546718,0.16437996432961866,-0.029321124325754205,-0.10751078919443209,ver3.0 Step A refined monthly DTE30 moneyness-target backtest from raw option chain; diagnostic layer only.
mny_0158,510500,510500_DTE30_OTM1_Q80_MonthlyHold,OTM1,0.01,0.010027208289715157,0.00907090850453951,0.8,Q80,2022-09-19,2026-05-27,44,44,1.0,0.38636363636363635,,0.38115221498201035,0.09230316927675508,0.1947157623880403,0.47404056119919163,0.18246954026769802,0.5058552191304841,0.15443017509196252,0.1878628163767071,-0.03350985637229054,-0.12286947336506532,ver3.0 Step A refined monthly DTE30 moneyness-target backtest from raw option chain; diagnostic layer only.
mny_0159,510500,510500_DTE30_OTM1_Q90_MonthlyHold,OTM1,0.01,0.010027208289715157,0.00907090850453951,0.9,Q90,2022-09-19,2026-05-27,44,44,1.0,0.38636363636363635,,0.3632226644479939,0.08840786485176788,0.1915575494427256,0.46152117266566534,0.17654759594893077,0.5007593809283094,0.1737339469784578,0.21134566842379543,-0.037698588418826846,-0.13822815753569845,ver3.0 Step A refined monthly DTE30 moneyness-target backtest from raw option chain; diagnostic layer only.
mny_0160,510500,510500_DTE30_OTM1_Q100_MonthlyHold,OTM1,0.01,0.010027208289715157,0.00907090850453951,1.0,Q100,2022-09-19,2026-05-27,44,44,1.0,0.38636363636363635,,0.3448727408845216,0.08438249422256616,0.1890930316852775,0.4462485659599061,0.17066193876007274,0.49444237441364336,0.19303771886495308,0.23482852047088382,-0.04188732046536317,-0.15358684170633163,ver3.0 Step A refined monthly DTE30 moneyness-target backtest from raw option chain; diagnostic layer only.
mny_0161,510500,510500_DTE30_OTM2_Q10_MonthlyHold,OTM2,0.02,0.018671236552479452,0.019620479952113468,0.1,Q10,2022-09-19,2026-05-27,44,44,1.0,0.3181818181818182,,0.4949022735332791,0.11619630092499844,0.23462490311946108,0.4952428296404504,0.252636074058014,0.4599355074616768,0.015475165841989349,0.019109596125736386,-0.00364216786666803,-0.013354615511116108,ver3.0 Step A refined monthly DTE30 moneyness-target backtest from raw option chain; diagnostic layer only.
mny_0162,510500,510500_DTE30_OTM2_Q20_MonthlyHold,OTM2,0.02,0.018671236552479452,0.019620479952113468,0.2,Q20,2022-09-19,2026-05-27,44,44,1.0,0.3181818181818182,,0.481572771819323,0.11346628550211779,0.2291638615827238,0.49513167005679304,0.24470973824422237,0.46367703351828804,0.030950331683978698,0.03821919225147277,-0.00728433573333606,-0.026709231022232216,ver3.0 Step A refined monthly DTE30 moneyness-target backtest from raw option chain; diagnostic layer only.
mny_0163,510500,510500_DTE30_OTM2_Q30_MonthlyHold,OTM2,0.02,0.018671236552479452,0.019620479952113468,0.3,Q30,2022-09-19,2026-05-27,44,44,1.0,0.3181818181818182,,0.4678090376464281,0.11062854228192132,0.22409967257975633,0.49365775955138436,0.2368239735667227,0.4671340515733424,0.04642549752596805,0.05732878837720914,-0.01092650360000408,-0.040063846533348296,ver3.0 Step A refined monthly DTE30 moneyness-target backtest from raw option chain; diagnostic layer only.
mny_0164,510500,510500_DTE30_OTM2_Q40_MonthlyHold,OTM2,0.02,0.018671236552479452,0.019620479952113468,0.4,Q40,2022-09-19,2026-05-27,44,44,1.0,0.3181818181818182,,0.4536197404586433,0.1076827451879454,0.2194598107817489,0.49067182189013675,0.23013773898982992,0.4679056362533571,0.061900663367957395,0.07643838450294554,-0.01456867146667212,-0.05341846204446443,ver3.0 Step A refined monthly DTE30 moneyness-target backtest from raw option chain; diagnostic layer only.
mny_0165,510500,510500_DTE30_OTM2_Q50_MonthlyHold,OTM2,0.02,0.018671236552479452,0.019620479952113468,0.5,Q50,2022-09-19,2026-05-27,44,44,1.0,0.3181818181818182,,0.4390139227405203,0.10462857175562101,0.21527171516371352,0.4860302788782599,0.225655722285648,0.4636646068437659,0.07737582920994673,0.09554798062868193,-0.018210839333340143,-0.06677307755558053,ver3.0 Step A refined monthly DTE30 moneyness-target backtest from raw option chain; diagnostic layer only.
mny_0166,510500,510500_DTE30_OTM2_Q60_MonthlyHold,OTM2,0.02,0.018671236552479452,0.019620479952113468,0.6,Q60,2022-09-19,2026-05-27,44,44,1.0,0.3181818181818182,,0.4240009933293605,0.10146570292560164,0.21156221698084904,0.479602191608658,0.22115069120919706,0.458807984595537,0.0928509950519361,0.11465757675441828,-0.02185300720000816,-0.08012769306669659,ver3.0 Step A refined monthly DTE30 moneyness-target backtest from raw option chain; diagnostic layer only.
mny_0167,510500,510500_DTE30_OTM2_Q70_MonthlyHold,OTM2,0.02,0.018671236552479452,0.019620479952113468,0.7,Q70,2022-09-19,2026-05-27,44,44,1.0,0.3181818181818182,,0.4085907202388155,0.09819382281544065,0.20835688004319797,0.47127708379527683,0.21662254265657954,0.45329457226024383,0.10832616089392544,0.13376717288015463,-0.025495175066676194,-0.09348230857781271,ver3.0 Step A refined monthly DTE30 moneyness-target backtest from raw option chain; diagnostic layer only.
mny_0168,510500,510500_DTE30_OTM2_Q80_MonthlyHold,OTM2,0.02,0.018671236552479452,0.019620479952113468,0.8,Q80,2022-09-19,2026-05-27,44,44,1.0,0.3181818181818182,,0.3927932229966524,0.09481261846809774,0.20567927647669856,0.46097312326377754,0.21207117312669665,0.44707923792855286,0.12380132673591479,0.1528767690058911,-0.02913734293334424,-0.10683692408892886,ver3.0 Step A refined monthly DTE30 moneyness-target backtest from raw option chain; diagnostic layer only.
mny_0169,510500,510500_DTE30_OTM2_Q90_MonthlyHold,OTM2,0.02,0.018671236552479452,0.019620479952113468,0.9,Q90,2022-09-19,2026-05-27,44,44,1.0,0.3181818181818182,,0.376618964500095,0.09132177957560694,0.2035502335684725,0.4486449264863511,0.20749647871996157,0.4401124305287866,0.13927649257790414,0.17198636513162746,-0.032779510800012256,-0.12019153960004493,ver3.0 Step A refined monthly DTE30 moneyness-target backtest from raw option chain; diagnostic layer only.
mny_0170,510500,510500_DTE30_OTM2_Q100_MonthlyHold,OTM2,0.02,0.018671236552479452,0.019620479952113468,1.0,Q100,2022-09-19,2026-05-27,44,44,1.0,0.3181818181818182,,0.3600787423930194,0.08772099817611845,0.20198709835714787,0.4342901051086573,0.20289835513700327,0.4323396220579832,0.15475165841989347,0.19109596125736386,-0.036421678666680286,-0.13354615511116105,ver3.0 Step A refined monthly DTE30 moneyness-target backtest from raw option chain; diagnostic layer only.
mny_0171,510500,510500_DTE30_OTM3_Q10_MonthlyHold,OTM3,0.03,0.028971432111284168,0.027685617256827277,0.1,Q10,2022-09-19,2026-05-27,44,44,1.0,0.25,,0.5003072050371955,0.11729824593988325,0.2355014660233467,0.4980786231209905,0.2547661881771929,0.46041528029732476,0.011870090488763384,0.014316329959381802,-0.002452174515862803,-0.008991306558163612,ver3.0 Step A refined monthly DTE30 moneyness-target backtest from raw option chain; diagnostic layer only.
mny_0172,510500,510500_DTE30_OTM3_Q20_MonthlyHold,OTM3,0.03,0.028971432111284168,0.027685617256827277,0.2,Q20,2022-09-19,2026-05-27,44,44,1.0,0.25,,0.49242958107629486,0.11569120876624273,0.2308501764436676,0.5011527846697309,0.24900481161960486,0.464614350276009,0.023740180977526767,0.028632659918763605,-0.004904349031725606,-0.017982613116327224,ver3.0 Step A refined monthly DTE30 moneyness-target backtest from raw option chain; diagnostic layer only.
mny_0173,510500,510500_DTE30_OTM3_Q30_MonthlyHold,OTM3,0.03,0.028971432111284168,0.027685617256827277,0.3,Q30,2022-09-19,2026-05-27,44,44,1.0,0.25,,0.4841577629972613,0.11399710840506683,0.2265205570584421,0.5032528168101568,0.24331824890011033,0.4685103107571112,0.035610271466290144,0.04294898987814541,-0.007356523547588398,-0.026973919674490792,ver3.0 Step A refined monthly DTE30 moneyness-target backtest from raw option chain; diagnostic layer only.
mny_0174,510500,510500_DTE30_OTM3_Q40_MonthlyHold,OTM3,0.03,0.028971432111284168,0.027685617256827277,0.4,Q40,2022-09-19,2026-05-27,44,44,1.0,0.25,,0.47549339338787777,0.11221523937747446,0.2225313841172271,0.5042670265258437,0.23808093331471558,0.4713323230682183,0.047480361955053535,0.05726531983752721,-0.009808698063451212,-0.03596522623265445,ver3.0 Step A refined monthly DTE30 moneyness-target backtest from raw option chain; diagnostic layer only.
mny_0175,510500,510500_DTE30_OTM3_Q50_MonthlyHold,OTM3,0.03,0.028971432111284168,0.027685617256827277,0.5,Q50,2022-09-19,2026-05-27,44,44,1.0,0.25,,0.46643837743170646,0.11034488883362825,0.21890127090827582,0.5040851904412426,0.23284007639263882,0.47390848922224793,0.05935045244381691,0.07158164979690902,-0.012260872579314009,-0.044956532790818036,ver3.0 Step A refined monthly DTE30 moneyness-target backtest from raw option chain; diagnostic layer only.
mny_0176,510500,510500_DTE30_OTM3_Q60_MonthlyHold,OTM3,0.03,0.028971432111284168,0.027685617256827277,0.6,Q60,2022-09-19,2026-05-27,44,44,1.0,0.25,,0.45699488502138896,0.1083853361343523,0.21564835087348885,0.5026022025920203,0.22759629242594692,0.4762174944902395,0.07122054293258029,0.08589797975629082,-0.014713047095176795,-0.053947839348981584,ver3.0 Step A refined monthly DTE30 moneyness-target backtest from raw option chain; diagnostic layer only.
mny_0177,510500,510500_DTE30_OTM3_Q70_MonthlyHold,OTM3,0.03,0.028971432111284168,0.027685617256827277,0.7,Q70,2022-09-19,2026-05-27,44,44,1.0,0.25,,0.44716535267298485,0.10633585240388643,0.21278992317475906,0.49972221812663303,0.22235020814812756,0.47823590222612483,0.08309063342134365,0.1002143097156726,-0.017165221611039602,-0.06293914590714521,ver3.0 Step A refined monthly DTE30 moneyness-target backtest from raw option chain; diagnostic layer only.
mny_0178,510500,510500_DTE30_OTM3_Q80_MonthlyHold,OTM3,0.03,0.028971432111284168,0.027685617256827277,0.8,Q80,2022-09-19,2026-05-27,44,44,1.0,0.25,,0.4369524852352731,0.10419570005170375,0.21034207119844534,0.4953630981098463,0.2177941444730369,0.47841368877850277,0.09496072391010707,0.11453063967505442,-0.019617396126902425,-0.0719304524653089,ver3.0 Step A refined monthly DTE30 moneyness-target backtest from raw option chain; diagnostic layer only.
mny_0179,510500,510500_DTE30_OTM3_Q90_MonthlyHold,OTM3,0.03,0.028971432111284168,0.027685617256827277,0.9,Q90,2022-09-19,2026-05-27,44,44,1.0,0.25,,0.42635925738799507,0.10196413226112999,0.2083192688362057,0.4894608781547755,0.21396470820450708,0.47654649739560256,0.10683081439887043,0.12884696963443623,-0.02206957064276522,-0.08092175902347247,ver3.0 Step A refined monthly DTE30 moneyness-target backtest from raw option chain; diagnostic layer only.
mny_0180,510500,510500_DTE30_OTM3_Q100_MonthlyHold,OTM3,0.03,0.028971432111284168,0.027685617256827277,1.0,Q100,2022-09-19,2026-05-27,44,44,1.0,0.25,,0.4153889149231207,0.09964039244232792,0.2067339932423267,0.4819739167207629,0.21011861970714119,0.47421019889243776,0.11870090488763382,0.14316329959381804,-0.024521745158628018,-0.08991306558163607,ver3.0 Step A refined monthly DTE30 moneyness-target backtest from raw option chain; diagnostic layer only.
mny_0181,510500,510500_DTE30_OTM4_Q10_MonthlyHold,OTM4,0.04,0.037869893731052304,0.036717580824248364,0.1,Q10,2022-09-19,2026-05-27,44,44,1.0,0.20454545454545456,,0.5026508229846669,0.11777516098659269,0.2363642279717645,0.49827828008162817,0.2562700969905305,0.45957434117233203,0.00949319286929734,0.011318754283603244,-0.0018303080107405522,-0.006711129372715357,ver3.0 Step A refined monthly DTE30 moneyness-target backtest from raw option chain; diagnostic layer only.
mny_0182,510500,510500_DTE30_OTM4_Q20_MonthlyHold,OTM4,0.04,0.037869893731052304,0.036717580824248364,0.2,Q20,2022-09-19,2026-05-27,44,44,1.0,0.20454545454545456,,0.49720867919929,0.11666687911285778,0.23250210296654245,0.5017884897567847,0.2520172353898099,0.46293214403531663,0.01898638573859468,0.022637508567206487,-0.0036606160214811044,-0.013422258745430715,ver3.0 Step A refined monthly DTE30 moneyness-target backtest from raw option chain; diagnostic layer only.
mny_0183,510500,510500_DTE30_OTM4_Q30_MonthlyHold,OTM4,0.04,0.037869893731052304,0.036717580824248364,0.3,Q30,2022-09-19,2026-05-27,44,44,1.0,0.20454545454545456,,0.49146326112234795,0.11549365519145116,0.22888099797234243,0.5046013265173163,0.2477563837815605,0.46615814062445515,0.028479578607892027,0.03395626285080973,-0.0054909240322216476,-0.02013338811814604,ver3.0 Step A refined monthly DTE30 moneyness-target backtest from raw option chain; diagnostic layer only.
mny_0184,510500,510500_DTE30_OTM4_Q40_MonthlyHold,OTM4,0.04,0.037869893731052304,0.036717580824248364,0.4,Q40,2022-09-19,2026-05-27,44,44,1.0,0.20454545454545456,,0.4854151625336314,0.11425507012475977,0.22551252362461022,0.5066462309425865,0.24348776286756313,0.46924358242555675,0.03797277147718936,0.045275017134412975,-0.007321232042962209,-0.02684451749086143,ver3.0 Step A refined monthly DTE30 moneyness-target backtest from raw option chain; diagnostic layer only.
mny_0185,510500,510500_DTE30_OTM4_Q50_MonthlyHold,OTM4,0.04,0.037869893731052304,0.036717580824248364,0.5,Q50,2022-09-19,2026-05-27,44,44,1.0,0.20454545454545456,,0.4790651327304871,0.11295070327518375,0.2224081588432394,0.5078532364219387,0.23921159755721588,0.47217904327639304,0.047465964346486714,0.05659377141801622,-0.009151540053702755,-0.03355564686357677,ver3.0 Step A refined monthly DTE30 moneyness-target backtest from raw option chain; diagnostic layer only.
mny_0186,510500,510500_DTE30_OTM4_Q60_MonthlyHold,OTM4,0.04,0.037869893731052304,0.036717580824248364,0.6,Q60,2022-09-19,2026-05-27,44,44,1.0,0.20454545454545456,,0.47241407807911306,0.11158013240563602,0.21957910569613198,0.5081545990083772,0.23492811701737404,0.47495435549497955,0.056959157215784054,0.06791252570161946,-0.010981848064443295,-0.04026677623629208,ver3.0 Step A refined monthly DTE30 moneyness-target backtest from raw option chain; diagnostic layer only.
mny_0187,510500,510500_DTE30_OTM4_Q70_MonthlyHold,OTM4,0.04,0.037869893731052304,0.036717580824248364,0.7,Q70,2022-09-19,2026-05-27,44,44,1.0,0.20454545454545456,,0.4654630634797401,0.11014293361534522,0.2170361304630195,0.5074866262145801,0.23063755472267022,0.4775585387548286,0.0664523500850814,0.07923127998522271,-0.012812156075183847,-0.046977905609007435,ver3.0 Step A refined monthly DTE30 moneyness-target backtest from raw option chain; diagnostic layer only.
mny_0188,510500,510500_DTE30_OTM4_Q80_MonthlyHold,OTM4,0.04,0.037869893731052304,0.036717580824248364,0.8,Q80,2022-09-19,2026-05-27,44,44,1.0,0.20454545454545456,,0.4582133137427997,0.10863868127069432,0.21478939434753946,0.5057916458152107,0.22634014850629602,0.47997972073289663,0.07594554295437872,0.09055003426882595,-0.014642464085924418,-0.05368903498172286,ver3.0 Step A refined monthly DTE30 moneyness-target backtest from raw option chain; diagnostic layer only.
mny_0189,510500,510500_DTE30_OTM4_Q90_MonthlyHold,OTM4,0.04,0.037869893731052304,0.036717580824248364,0.9,Q90,2022-09-19,2026-05-27,44,44,1.0,0.20454545454545456,,0.45066621487311553,0.1070669479307873,0.21284827847971685,0.5030200323701004,0.22203614061126875,0.4822050484035186,0.08543873582367607,0.10186878855242919,-0.01647277209666496,-0.06040016435443819,ver3.0 Step A refined monthly DTE30 moneyness-target backtest from raw option chain; diagnostic layer only.
mny_0190,510500,510500_DTE30_OTM4_Q100_MonthlyHold,OTM4,0.04,0.037869893731052304,0.036717580824248364,1.0,Q100,2022-09-19,2026-05-27,44,44,1.0,0.20454545454545456,,0.44282331525917495,0.10542730426742408,0.21122120894727783,0.4991321884429675,0.21772577774217283,0.48422058867218426,0.09493192869297343,0.11318754283603244,-0.01830308010740551,-0.06711129372715353,ver3.0 Step A refined monthly DTE30 moneyness-target backtest from raw option chain; diagnostic layer only.
mny_0191,510500,510500_DTE30_OTM5_Q10_MonthlyHold,OTM5,0.05,0.05251911800690492,0.05131837821064811,0.1,Q10,2022-09-19,2026-05-27,44,44,1.0,0.18181818181818182,,0.4990854184927662,0.11704940353652304,0.23687191114603995,0.49414640583685726,0.25978815174388814,0.45055712799372033,0.0070011948181351435,0.0093655499111559,-0.0023678556904298247,-0.008682137531576024,ver3.0 Step A refined monthly DTE30 moneyness-target backtest from raw option chain; diagnostic layer only.
mny_0192,510500,510500_DTE30_OTM5_Q20_MonthlyHold,OTM5,0.05,0.05251911800690492,0.05131837821064811,0.2,Q20,2022-09-19,2026-05-27,44,44,1.0,0.18181818181818182,,0.4901633331844246,0.11522775234674576,0.23348772678639806,0.49350667777137486,0.2590737041325446,0.4447682281479024,0.014002389636270287,0.0187310998223118,-0.0047357113808596495,-0.017364275063152048,ver3.0 Step A refined monthly DTE30 moneyness-target backtest from raw option chain; diagnostic layer only.
mny_0193,510500,510500_DTE30_OTM5_Q30_MonthlyHold,OTM5,0.05,0.05251911800690492,0.05131837821064811,0.3,Q30,2022-09-19,2026-05-27,44,44,1.0,0.18181818181818182,,0.4810248189265429,0.11335367801473173,0.2303120083386725,0.4921744151874434,0.2583715292647314,0.43872356345651314,0.021003584454405432,0.02809664973346769,-0.007103567071289467,-0.026046412594728046,ver3.0 Step A refined monthly DTE30 moneyness-target backtest from raw option chain; diagnostic layer only.
mny_0194,510500,510500_DTE30_OTM5_Q40_MonthlyHold,OTM5,0.05,0.05251911800690492,0.05131837821064811,0.4,Q40,2022-09-19,2026-05-27,44,44,1.0,0.18181818181818182,,0.4716717834683919,0.11142689024109509,0.22735349164971427,0.49010415205222174,0.25768174792674725,0.43242057746663176,0.028004779272540574,0.0374621996446236,-0.009471422761719299,-0.034728550126304096,ver3.0 Step A refined monthly DTE30 moneyness-target backtest from raw option chain; diagnostic layer only.
mny_0195,510500,510500_DTE30_OTM5_Q50_MonthlyHold,OTM5,0.05,0.05251911800690492,0.05131837821064811,0.5,Q50,2022-09-19,2026-05-27,44,44,1.0,0.18181818181818182,,0.4621062201969466,0.10944709516290851,0.22462075928295572,0.4872528056279854,0.25700448163604106,0.4258567573070686,0.03500597409067572,0.04682774955577949,-0.011839278452149115,-0.043410687657880094,ver3.0 Step A refined monthly DTE30 moneyness-target backtest from raw option chain; diagnostic layer only.
mny_0196,510500,510500_DTE30_OTM5_Q60_MonthlyHold,OTM5,0.05,0.05251911800690492,0.05131837821064811,0.6,Q60,2022-09-19,2026-05-27,44,44,1.0,0.18181818181818182,,0.4523302082593479,0.1074139952428963,0.22212214475733208,0.48358075850674787,0.25633985264466674,0.4190296363780448,0.042007168908810864,0.05619329946693538,-0.014207134142578935,-0.05209282518945609,ver3.0 Step A refined monthly DTE30 moneyness-target backtest from raw option chain; diagnostic layer only.
mny_0197,510500,510500_DTE30_OTM5_Q70_MonthlyHold,OTM5,0.05,0.05251911800690492,0.05131837821064811,0.7,Q70,2022-09-19,2026-05-27,44,44,1.0,0.18181818181818182,,0.44234591264894396,0.10532728915299838,0.21986562995965,0.47905299783476013,0.2556879839427516,0.4119367970634909,0.049008363726946,0.06555884937809128,-0.016574989833008754,-0.0607749627210321,ver3.0 Step A refined monthly DTE30 moneyness-target backtest from raw option chain; diagnostic layer only.
mny_0198,510500,510500_DTE30_OTM5_Q80_MonthlyHold,OTM5,0.05,0.05251911800690492,0.05131837821064811,0.8,Q80,2022-09-19,2026-05-27,44,44,1.0,0.18181818181818182,,0.4321555842542013,0.10318667165200046,0.21785873780668322,0.473640271172245,0.2550489992619803,0.40457587346190504,0.05600955854508115,0.0749243992892472,-0.018942845523438598,-0.06945710025260819,ver3.0 Step A refined monthly DTE30 moneyness-target backtest from raw option chain; diagnostic layer only.
mny_0199,510500,510500_DTE30_OTM5_Q90_MonthlyHold,OTM5,0.05,0.05251911800690492,0.05131837821064811,0.9,Q90,2022-09-19,2026-05-27,44,44,1.0,0.18181818181818182,,0.42176155986978303,0.10099183345691509,0.21610842277685385,0.46732020973192606,0.25442302307908515,0.39694455413149726,0.06301075336321629,0.08428994920040309,-0.021310701213868407,-0.07813923778418416,ver3.0 Step A refined monthly DTE30 moneyness-target backtest from raw option chain; diagnostic layer only.
mny_0200,510500,510500_DTE30_OTM5_Q100_MonthlyHold,OTM5,0.05,0.05251911800690492,0.05131837821064811,1.0,Q100,2022-09-19,2026-05-27,44,44,1.0,0.18181818181818182,,0.41116626216904373,0.09874246110776386,0.2146209624120825,0.4600783632596597,0.25381018061936145,0.38904058484497006,0.07001194818135144,0.09365549911155897,-0.02367855690429823,-0.08682137531576019,ver3.0 Step A refined monthly DTE30 moneyness-target backtest from raw option chain; diagnostic layer only.
mny_0201,510500,510500_DTE30_OTM7_Q10_MonthlyHold,OTM7,0.07,0.07003661743629727,0.06864650525234195,0.1,Q10,2022-09-19,2026-05-27,44,44,1.0,0.13636363636363635,,0.5068218575058021,0.11862261138085528,0.23820839505255606,0.4979782990212562,0.26066464553610924,0.45507748523734026,0.004674056670657044,0.0053301250681150785,-0.0006584054257933641,-0.002414153227909002,ver3.0 Step A refined monthly DTE30 moneyness-target backtest from raw option chain; diagnostic layer only.
mny_0202,510500,510500_DTE30_OTM7_Q20_MonthlyHold,OTM7,0.07,0.07003661743629727,0.06864650525234195,0.2,Q20,2022-09-19,2026-05-27,44,44,1.0,0.13636363636363635,,0.5057351655315092,0.1184019869719144,0.23605143645174662,0.5015940116768491,0.26082694403448625,0.45394845003535916,0.009348113341314088,0.010660250136230157,-0.0013168108515867283,-0.004828306455818004,ver3.0 Step A refined monthly DTE30 moneyness-target backtest from raw option chain; diagnostic layer only.
mny_0203,510500,510500_DTE30_OTM7_Q30_MonthlyHold,OTM7,0.07,0.07003661743629727,0.06864650525234195,0.3,Q30,2022-09-19,2026-05-27,44,44,1.0,0.13636363636363635,,0.5045287172199904,0.11815691360788239,0.23398738407773426,0.5049713003698901,0.2610017228842625,0.4527054929069468,0.01402217001197113,0.015990375204345236,-0.0019752162773800912,-0.007242459683727001,ver3.0 Step A refined monthly DTE30 moneyness-target backtest from raw option chain; diagnostic layer only.
mny_0204,510500,510500_DTE30_OTM7_Q40_MonthlyHold,OTM7,0.07,0.07003661743629727,0.06864650525234195,0.4,Q40,2022-09-19,2026-05-27,44,44,1.0,0.13636363636363635,,0.5032020690582168,0.11788725840648517,0.23201871744180277,0.5080937422044617,0.26118905773816004,0.4513483812352745,0.018696226682628176,0.021320500272460314,-0.0026336217031734566,-0.009656612911636008,ver3.0 Step A refined monthly DTE30 moneyness-target backtest from raw option chain; diagnostic layer only.
mny_0205,510500,510500_DTE30_OTM7_Q50_MonthlyHold,OTM7,0.07,0.07003661743629727,0.06864650525234195,0.5,Q50,2022-09-19,2026-05-27,44,44,1.0,0.13636363636363635,,0.5017547937136559,0.11759288717238814,0.23014788432294328,0.5109448975311105,0.26138902455362445,0.44987691190631357,0.023370283353285216,0.02665062534057539,-0.00329202712896682,-0.012070766139545008,ver3.0 Step A refined monthly DTE30 moneyness-target backtest from raw option chain; diagnostic layer only.
mny_0206,510500,510500_DTE30_OTM7_Q60_MonthlyHold,OTM7,0.07,0.07003661743629727,0.06864650525234195,0.6,Q60,2022-09-19,2026-05-27,44,44,1.0,0.13636363636363635,,0.5001864802887994,0.11727366437505671,0.22837728904710392,0.5135084353806671,0.2616016995937862,0.44829091155431583,0.02804434002394226,0.03198075040869047,-0.0039504325547601825,-0.014484919367454002,ver3.0 Step A refined monthly DTE30 moneyness-target backtest from raw option chain; diagnostic layer only.
mny_0207,510500,510500_DTE30_OTM7_Q70_MonthlyHold,OTM7,0.07,0.07003661743629727,0.06864650525234195,0.7,Q70,2022-09-19,2026-05-27,44,44,1.0,0.13636363636363635,,0.49849673457558996,0.11692945312589487,0.22670928019353734,0.515768269503897,0.2618271594284225,0.4465902367850448,0.0327183966945993,0.037310875476805554,-0.004608837980553549,-0.016899072595363013,ver3.0 Step A refined monthly DTE30 moneyness-target backtest from raw option chain; diagnostic layer only.
mny_0208,510500,510500_DTE30_OTM7_Q80_MonthlyHold,OTM7,0.07,0.07003661743629727,0.06864650525234195,0.8,Q80,2022-09-19,2026-05-27,44,44,1.0,0.13636363636363635,,0.496685179309712,0.11656011515464249,0.22514613782703224,0.517708703687333,0.2620654809349259,0.44477477437627816,0.03739245336525635,0.04264100054492063,-0.005267243406346913,-0.019313225823272016,ver3.0 Step A refined monthly DTE30 moneyness-target backtest from raw option chain; diagnostic layer only.
mny_0209,510500,510500_DTE30_OTM7_Q90_MonthlyHold,OTM7,0.07,0.07003661743629727,0.06864650525234195,0.9,Q90,2022-09-19,2026-05-27,44,44,1.0,0.13636363636363635,,0.4947514544246663,0.11616551078500104,0.22369006037411676,0.5193145846119257,0.26231674129926785,0.4428444414551183,0.042066510035913385,0.04797112561303571,-0.005925648832140277,-0.021727379051181016,ver3.0 Step A refined monthly DTE30 moneyness-target backtest from raw option chain; diagnostic layer only.
mny_0210,510500,510500_DTE30_OTM7_Q100_MonthlyHold,OTM7,0.07,0.07003661743629727,0.06864650525234195,1.0,Q100,2022-09-19,2026-05-27,44,44,1.0,0.13636363636363635,,0.49269521730558097,0.11574549890946528,0.22234315127998155,0.5205714601198347,0.2625810180169741,0.4407991856516571,0.04674056670657043,0.05330125068115078,-0.00658405425793364,-0.024141532279090015,ver3.0 Step A refined monthly DTE30 moneyness-target backtest from raw option chain; diagnostic layer only.
mny_0211,159915,159915_DTE30_ATM_Q10_MonthlyHold,ATM,0.0,-0.0032199920175277823,-0.0018766966052568002,0.1,Q10,2022-09-19,2026-05-27,44,44,1.0,0.4772727272727273,,0.8351865573804216,0.1805716355209126,0.32758232943079524,0.5512252014163054,0.37156360687013557,0.48597772274296985,0.03516620192658698,0.03704297319581265,-0.0018943543701889652,-0.006945966024026206,ver3.0 Step A refined monthly DTE30 moneyness-target backtest from raw option chain; diagnostic layer only.
mny_0212,159915,159915_DTE30_ATM_Q20_MonthlyHold,ATM,0.0,-0.0032199920175277823,-0.0018766966052568002,0.2,Q20,2022-09-19,2026-05-27,44,44,1.0,0.4772727272727273,,0.8426515673018169,0.18188266768384498,0.31702741024799763,0.5737127510254257,0.3541864089356612,0.5135224364774662,0.07033240385317396,0.0740859463916253,-0.0037887087403779304,-0.013891932048052412,ver3.0 Step A refined monthly DTE30 moneyness-target backtest from raw option chain; diagnostic layer only.
mny_0213,159915,159915_DTE30_ATM_Q30_MonthlyHold,ATM,0.0,-0.0032199920175277823,-0.0018766966052568002,0.3,Q30,2022-09-19,2026-05-27,44,44,1.0,0.4772727272727273,,0.8485643475503015,0.1829183554253142,0.30702779811117226,0.5957713163128017,0.33637076277750066,0.543799805651686,0.10549860577976095,0.11112891958743795,-0.00568306311056689,-0.020837898072078597,ver3.0 Step A refined monthly DTE30 moneyness-target backtest from raw option chain; diagnostic layer only.
mny_0214,159915,159915_DTE30_ATM_Q40_MonthlyHold,ATM,0.0,-0.0032199920175277823,-0.0018766966052568002,0.4,Q40,2022-09-19,2026-05-27,44,44,1.0,0.4772727272727273,,0.8528927044988375,0.18367498928956882,0.2976394672227352,0.6171056244772729,0.31810665794966997,0.5774006444047123,0.14066480770634793,0.1481718927832506,-0.007577417480755861,-0.027783864096104824,ver3.0 Step A refined monthly DTE30 moneyness-target backtest from raw option chain; diagnostic layer only.
mny_0215,159915,159915_DTE30_ATM_Q50_MonthlyHold,ATM,0.0,-0.0032199920175277823,-0.0018766966052568002,0.5,Q50,2022-09-19,2026-05-27,44,44,1.0,0.4772727272727273,,0.8556075118341342,0.18414890572987885,0.28892201327602046,0.6373654386588846,0.2993838792676692,0.6150929241091082,0.17583100963293488,0.18521486597906325,-0.009471771850944822,-0.03472983012013101,ver3.0 Step A refined monthly DTE30 moneyness-target backtest from raw option chain; diagnostic layer only.
mny_0216,159915,159915_DTE30_ATM_Q60_MonthlyHold,ATM,0.0,-0.0032199920175277823,-0.0018766966052568002,0.6,Q60,2022-09-19,2026-05-27,44,44,1.0,0.4772727272727273,,0.8566828712108316,0.18433648895871602,0.28093789479794395,0.6561467583121687,0.28019200310389836,0.6578934691807102,0.2109972115595219,0.2222578391748759,-0.01136612622113378,-0.041675796144157194,ver3.0 Step A refined monthly DTE30 moneyness-target backtest from raw option chain; diagnostic layer only.
mny_0217,159915,159915_DTE30_ATM_Q70_MonthlyHold,ATM,0.0,-0.0032199920175277823,-0.0018766966052568002,0.7,Q70,2022-09-19,2026-05-27,44,44,1.0,0.4772727272727273,,0.856096266441496,0.1842341727539858,0.27375128380106034,0.6729983881568639,0.26052039362469714,0.7071775464127064,0.24616341348610882,0.2593008123706885,-0.013260480591322746,-0.048621762168183404,ver3.0 Step A refined monthly DTE30 moneyness-target backtest from raw option chain; diagnostic layer only.
mny_0218,159915,159915_DTE30_ATM_Q80_MonthlyHold,ATM,0.0,-0.0032199920175277823,-0.0018766966052568002,0.8,Q80,2022-09-19,2026-05-27,44,44,1.0,0.4772727272727273,,0.853828710400858,0.18383844221541135,0.2674264828007,0.6874354412850623,0.2403581989682293,0.7648519709523669,0.28132961541269585,0.2963437855665012,-0.015154834961511722,-0.05556772819220965,ver3.0 Step A refined monthly DTE30 moneyness-target backtest from raw option chain; diagnostic layer only.
mny_0219,159915,159915_DTE30_ATM_Q90_MonthlyHold,ATM,0.0,-0.0032199920175277823,-0.0018766966052568002,0.9,Q90,2022-09-19,2026-05-27,44,44,1.0,0.4772727272727273,,0.8498648838231571,0.18314583546460161,0.2620259065336363,0.6989607931805445,0.21969434736241766,0.8336392704837144,0.31649581733928284,0.33338675876231383,-0.01704918933170067,-0.06251369421623579,ver3.0 Step A refined monthly DTE30 moneyness-target backtest from raw option chain; diagnostic layer only.
mny_0220,159915,159915_DTE30_ATM_Q100_MonthlyHold,ATM,0.0,-0.0032199920175277823,-0.0018766966052568002,1.0,Q100,2022-09-19,2026-05-27,44,44,1.0,0.4772727272727273,,0.8441932651758333,0.1821529452817361,0.25760768885573093,0.7070943654315688,0.1985175431821219,0.9175659861689264,0.35166201926586976,0.3704297319581265,-0.018943543701889644,-0.06945966024026203,ver3.0 Step A refined monthly DTE30 moneyness-target backtest from raw option chain; diagnostic layer only.
mny_0221,159915,159915_DTE30_OTM1_Q10_MonthlyHold,OTM1,0.01,0.007592780856029644,0.010538724416853884,0.1,Q10,2022-09-19,2026-05-27,44,44,1.0,0.4090909090909091,,0.8302175163087884,0.17969680490664586,0.3281529671230251,0.5476007317016799,0.3755593787384245,0.4784777456770795,0.029411132851504585,0.03186023407969016,-0.0024638067946113223,-0.009033958246908181,ver3.0 Step A refined monthly DTE30 moneyness-target backtest from raw option chain; diagnostic layer only.
mny_0222,159915,159915_DTE30_OTM1_Q20_MonthlyHold,OTM1,0.01,0.007592780856029644,0.010538724416853884,0.2,Q20,2022-09-19,2026-05-27,44,44,1.0,0.4090909090909091,,0.8328195598404873,0.18015512580843773,0.3181387587093492,0.5662784583032431,0.3623572589612024,0.49717542936742143,0.05882226570300917,0.06372046815938032,-0.004927613589222645,-0.018067916493816363,ver3.0 Step A refined monthly DTE30 moneyness-target backtest from raw option chain; diagnostic layer only.
mny_0223,159915,159915_DTE30_OTM1_Q30_MonthlyHold,OTM1,0.01,0.007592780856029644,0.010538724416853884,0.3,Q30,2022-09-19,2026-05-27,44,44,1.0,0.4090909090909091,,0.8339887166872499,0.18036090579808817,0.3086440989516849,0.5843653139998048,0.3489014805385515,0.5169393535381096,0.08823339855451376,0.09558070223907048,-0.007391420383833963,-0.027101874740724532,ver3.0 Step A refined monthly DTE30 moneyness-target backtest from raw option chain; diagnostic layer only.
mny_0224,159915,159915_DTE30_OTM1_Q40_MonthlyHold,OTM1,0.01,0.007592780856029644,0.010538724416853884,0.4,Q40,2022-09-19,2026-05-27,44,44,1.0,0.4090909090909091,,0.8337056964703031,0.18031110095622727,0.29971836764763155,0.6016017715945016,0.3351876504160052,0.5379407646207762,0.11764453140601834,0.12744093631876063,-0.00985522717844529,-0.036135832987632725,ver3.0 Step A refined monthly DTE30 moneyness-target backtest from raw option chain; diagnostic layer only.
mny_0225,159915,159915_DTE30_OTM1_Q50_MonthlyHold,OTM1,0.01,0.007592780856029644,0.010538724416853884,0.5,Q50,2022-09-19,2026-05-27,44,44,1.0,0.4090909090909091,,0.8319538532434496,0.18000269377272837,0.2914138467130821,0.6176875114309649,0.32121130763528327,0.5603871641315659,0.14705566425752292,0.1593011703984508,-0.012319033973056615,-0.04516979123454092,ver3.0 Step A refined monthly DTE30 moneyness-target backtest from raw option chain; diagnostic layer only.
mny_0226,159915,159915_DTE30_OTM1_Q60_MonthlyHold,OTM1,0.01,0.007592780856029644,0.010538724416853884,0.6,Q60,2022-09-19,2026-05-27,44,44,1.0,0.4090909090909091,,0.8287192891592039,0.17943269410930007,0.28378507760268534,0.6322837536951668,0.3069679224089461,0.5845323925092663,0.17646679710902752,0.19116140447814095,-0.014782840767667926,-0.054203749481449064,ver3.0 Step A refined monthly DTE30 moneyness-target backtest from raw option chain; diagnostic layer only.
mny_0227,159915,159915_DTE30_OTM1_Q70_MonthlyHold,OTM1,0.01,0.007592780856029644,0.010538724416853884,0.7,Q70,2022-09-19,2026-05-27,44,44,1.0,0.4090909090909091,,0.8239909528184854,0.17859814011088582,0.27688792055071687,0.6450196157191063,0.2924528951841068,0.610690278851415,0.20587792996053209,0.22302163855783108,-0.017246647562279248,-0.06323770772835724,ver3.0 Step A refined monthly DTE30 moneyness-target backtest from raw option chain; diagnostic layer only.
mny_0228,159915,159915_DTE30_OTM1_Q80_MonthlyHold,OTM1,0.01,0.007592780856029644,0.010538724416853884,0.8,Q80,2022-09-19,2026-05-27,44,44,1.0,0.4090909090909091,,0.8177607317985434,0.17749609906032493,0.27077828732549725,0.6555034408905924,0.27766155569508477,0.6392534199269669,0.23528906281203668,0.25488187263752127,-0.01971045435689058,-0.07227166597526545,ver3.0 Step A refined monthly DTE30 moneyness-target backtest from raw option chain; diagnostic layer only.
mny_0229,159915,159915_DTE30_OTM1_Q90_MonthlyHold,OTM1,0.01,0.007592780856029644,0.010538724416853884,0.9,Q90,2022-09-19,2026-05-27,44,44,1.0,0.4090909090909091,,0.8100235388565524,0.17612366817019454,0.2655105483592893,0.6633396272145984,0.26258916200489313,0.6707194875274883,0.26470019566354125,0.2867421067172114,-0.02217426115150189,-0.0813056242221736,ver3.0 Step A refined monthly DTE30 moneyness-target backtest from raw option chain; diagnostic layer only.
mny_0230,159915,159915_DTE30_OTM1_Q100_MonthlyHold,OTM1,0.01,0.007592780856029644,0.010538724416853884,1.0,Q100,2022-09-19,2026-05-27,44,44,1.0,0.4090909090909091,,0.8007773913110339,0.17447797530509823,0.26113565776481573,0.6681507106250375,0.2472308995354514,0.7057288374266468,0.29411132851504584,0.3186023407969016,-0.02463806794611323,-0.09033958246908184,ver3.0 Step A refined monthly DTE30 moneyness-target backtest from raw option chain; diagnostic layer only.
mny_0231,159915,159915_DTE30_OTM2_Q10_MonthlyHold,OTM2,0.02,0.016065908228303536,0.017411053166004553,0.1,Q10,2022-09-19,2026-05-27,44,44,1.0,0.38636363636363635,,0.8250128542970598,0.17877863932762073,0.3298161366910314,0.5420554649668304,0.37805800258788713,0.47288680071270295,0.025549391893472446,0.028333266151293307,-0.002796648953767598,-0.010254379497147859,ver3.0 Step A refined monthly DTE30 moneyness-target backtest from raw option chain; diagnostic layer only.
mny_0232,159915,159915_DTE30_OTM2_Q20_MonthlyHold,OTM2,0.02,0.016065908228303536,0.017411053166004553,0.2,Q20,2022-09-19,2026-05-27,44,44,1.0,0.38636363636363635,,0.8225788195830426,0.1783485930073987,0.3214658994734216,0.5547978597404679,0.36744065554808003,0.48538067389786044,0.05109878378694489,0.056666532302586614,-0.005593297907535196,-0.020508758994295717,ver3.0 Step A refined monthly DTE30 moneyness-target backtest from raw option chain; diagnostic layer only.
mny_0233,159915,159915_DTE30_OTM2_Q30_MonthlyHold,OTM2,0.02,0.016065908228303536,0.017411053166004553,0.3,Q30,2022-09-19,2026-05-27,44,44,1.0,0.38636363636363635,,0.8188935007116518,0.17769667432913394,0.31362780718653294,0.5665845637961792,0.3566578183882829,0.498227334906425,0.07664817568041733,0.08499979845387994,-0.008389946861302783,-0.03076313849144354,ver3.0 Step A refined monthly DTE30 moneyness-target backtest from raw option chain; diagnostic layer only.
mny_0234,159915,159915_DTE30_OTM2_Q40_MonthlyHold,OTM2,0.02,0.016065908228303536,0.017411053166004553,0.4,Q40,2022-09-19,2026-05-27,44,44,1.0,0.38636363636363635,,0.8139501006109484,0.17682069712094917,0.30634117380941195,0.5772018658874661,0.345707155459117,0.5114753754116605,0.10219756757388979,0.11333306460517323,-0.011186595815070392,-0.041017517988591434,ver3.0 Step A refined monthly DTE30 moneyness-target backtest from raw option chain; diagnostic layer only.
mny_0235,159915,159915_DTE30_OTM2_Q50_MonthlyHold,OTM2,0.02,0.016065908228303536,0.017411053166004553,0.5,Q50,2022-09-19,2026-05-27,44,44,1.0,0.38636363636363635,,0.8077438874577267,0.17571848852577276,0.29964623227256115,0.5864198164385311,0.3345863015617313,0.5251813589067472,0.12774695946736225,0.14166633075646654,-0.013983244768837982,-0.051271897485739265,ver3.0 Step A refined monthly DTE30 moneyness-target backtest from raw option chain; diagnostic layer only.
mny_0236,159915,159915_DTE30_OTM2_Q60_MonthlyHold,OTM2,0.02,0.016065908228303536,0.017411053166004553,0.6,Q60,2022-09-19,2026-05-27,44,44,1.0,0.38636363636363635,,0.800272245722347,0.1743878893110986,0.29358346457740636,0.5939976543369643,0.3232928616168289,0.5394115058370373,0.15329635136083467,0.16999959690775987,-0.016779893722605566,-0.06152627698288708,ver3.0 Step A refined monthly DTE30 moneyness-target backtest from raw option chain; diagnostic layer only.
mny_0237,159915,159915_DTE30_OTM2_Q70_MonthlyHold,OTM2,0.02,0.016065908228303536,0.017411053166004553,0.7,Q70,2022-09-19,2026-05-27,44,44,1.0,0.38636363636363635,,0.7915347232604739,0.17282675411976922,0.28819277098033336,0.599691496535016,0.3118244103304657,0.5542438256729505,0.1788457432543071,0.19833286305905312,-0.01957654267637318,-0.07178065648003498,ver3.0 Step A refined monthly DTE30 moneyness-target backtest from raw option chain; diagnostic layer only.
mny_0238,159915,159915_DTE30_OTM2_Q80_MonthlyHold,OTM2,0.02,0.016065908228303536,0.017411053166004553,0.8,Q80,2022-09-19,2026-05-27,44,44,1.0,0.38636363636363635,,0.7815330742046764,0.17103295165646903,0.28351249043259213,0.6032642561726351,0.3001784918565866,0.5697708406709625,0.20439513514777957,0.22666612921034646,-0.022373191630140784,-0.08203503597718287,ver3.0 Step A refined monthly DTE30 moneyness-target backtest from raw option chain; diagnostic layer only.
mny_0239,159915,159915_DTE30_OTM2_Q90_MonthlyHold,OTM2,0.02,0.016065908228303536,0.017411053166004553,0.9,Q90,2022-09-19,2026-05-27,44,44,1.0,0.38636363636363635,,0.7702712974130519,0.16900436480403558,0.27957830321964655,0.6044974265090228,0.28835261945627855,0.5861031022458281,0.229944527041252,0.25499939536163974,-0.02516984058390835,-0.09228941547433062,ver3.0 Step A refined monthly DTE30 moneyness-target backtest from raw option chain; diagnostic layer only.
mny_0240,159915,159915_DTE30_OTM2_Q100_MonthlyHold,OTM2,0.02,0.016065908228303536,0.017411053166004553,1.0,Q100,2022-09-19,2026-05-27,44,44,1.0,0.38636363636363635,,0.7577556702371646,0.16673889066304848,0.2764220675795996,0.6032039776094711,0.2763442751537152,0.6033737828304957,0.2554939189347245,0.28333266151293307,-0.027966489537675963,-0.10254379497147853,ver3.0 Step A refined monthly DTE30 moneyness-target backtest from raw option chain; diagnostic layer only.
mny_0241,159915,159915_DTE30_OTM3_Q10_MonthlyHold,OTM3,0.03,0.028460337907576298,0.03126746671698011,0.1,Q10,2022-09-19,2026-05-27,44,44,1.0,0.3409090909090909,,0.8309415453397948,0.17982438204843088,0.3309393322977712,0.5433756719090411,0.3806899931280685,0.4723643523457048,0.020811265278665766,0.022357883008708883,-0.0015570233626824473,-0.005709085663168974,ver3.0 Step A refined monthly DTE30 moneyness-target backtest from raw option chain; diagnostic layer only.
mny_0242,159915,159915_DTE30_OTM3_Q20_MonthlyHold,OTM3,0.03,0.028460337907576298,0.03126746671698011,0.2,Q20,2022-09-19,2026-05-27,44,44,1.0,0.3409090909090909,,0.8347061861185081,0.1804871383739286,0.3236201410421964,0.5577129340364361,0.37277676112762437,0.4841695008775957,0.04162253055733153,0.044715766017417766,-0.0031140467253648945,-0.011418171326337948,ver3.0 Step A refined monthly DTE30 moneyness-target backtest from raw option chain; diagnostic layer only.
mny_0243,159915,159915_DTE30_OTM3_Q30_MonthlyHold,OTM3,0.03,0.028460337907576298,0.03126746671698011,0.3,Q30,2022-09-19,2026-05-27,44,44,1.0,0.3409090909090909,,0.8374831615701823,0.1809753855131151,0.31670955465960543,0.5714238261855556,0.36477151327916113,0.496133549153039,0.0624337958359973,0.06707364902612664,-0.004671070088047342,-0.01712725698950692,ver3.0 Step A refined monthly DTE30 moneyness-target backtest from raw option chain; diagnostic layer only.
mny_0244,159915,159915_DTE30_OTM3_Q40_MonthlyHold,OTM3,0.03,0.028460337907576298,0.03126746671698011,0.4,Q40,2022-09-19,2026-05-27,44,44,1.0,0.3409090909090909,,0.839258362095493,0.1812872199851463,0.31023487978503994,0.584354731843045,0.35667328394856745,0.508272495147935,0.08324506111466307,0.08943153203483553,-0.006228093450729789,-0.022836342652675895,ver3.0 Step A refined monthly DTE30 moneyness-target backtest from raw option chain; diagnostic layer only.
mny_0245,159915,159915_DTE30_OTM3_Q50_MonthlyHold,OTM3,0.03,0.028460337907576298,0.03126746671698011,0.5,Q50,2022-09-19,2026-05-27,44,44,1.0,0.3409090909090909,,0.8400187881196337,0.18142073069815523,0.30422394967495386,0.5963394101351752,0.3484810984481459,0.5206042207340857,0.10405632639332885,0.11178941504354442,-0.00778511681341224,-0.02854542831584488,ver3.0 Step A refined monthly DTE30 moneyness-target backtest from raw option chain; diagnostic layer only.
mny_0246,159915,159915_DTE30_OTM3_Q60_MonthlyHold,OTM3,0.03,0.028460337907576298,0.03126746671698011,0.6,Q60,2022-09-19,2026-05-27,44,44,1.0,0.3409090909090909,,0.8397525957050755,0.18137399890660877,0.29870476188781736,0.6072015650514679,0.34019397296171194,0.5331487719420062,0.1248675916719946,0.13414729805225328,-0.009342140176094684,-0.03425451397901384,ver3.0 Step A refined monthly DTE30 moneyness-target backtest from raw option chain; diagnostic layer only.
mny_0247,159915,159915_DTE30_OTM3_Q70_MonthlyHold,OTM3,0.03,0.028460337907576298,0.03126746671698011,0.7,Q70,2022-09-19,2026-05-27,44,44,1.0,0.3409090909090909,,0.8384491412282491,0.18114509812996515,0.29370503960797895,0.6167585628484533,0.33181091446916067,0.5459286908020057,0.14567885695066035,0.15650518106096215,-0.010899163538777136,-0.03996359964218283,ver3.0 Step A refined monthly DTE30 moneyness-target backtest from raw option chain; diagnostic layer only.
mny_0248,159915,159915_DTE30_OTM3_Q80_MonthlyHold,OTM3,0.03,0.028460337907576298,0.03126746671698011,0.8,Q80,2022-09-19,2026-05-27,44,44,1.0,0.3409090909090909,,0.8360990250003928,0.1807320940302406,0.28925172100754976,0.6248263394966052,0.32333092067048597,0.5589694102112457,0.16649012222932613,0.17886306406967106,-0.012456186901459578,-0.04567268530535179,ver3.0 Step A refined monthly DTE30 moneyness-target backtest from raw option chain; diagnostic layer only.
mny_0249,159915,159915_DTE30_OTM3_Q90_MonthlyHold,OTM3,0.03,0.028460337907576298,0.03126746671698011,0.9,Q90,2022-09-19,2026-05-27,44,44,1.0,0.3409090909090909,,0.8326941337110954,0.18013304424585552,0.28537038777450685,0.6312254247914206,0.3147529799092601,0.5722997262735556,0.1873013875079919,0.20122094707837995,-0.014013210264142015,-0.05138177096852073,ver3.0 Step A refined monthly DTE30 moneyness-target backtest from raw option chain; diagnostic layer only.
mny_0250,159915,159915_DTE30_OTM3_Q100_MonthlyHold,OTM3,0.03,0.028460337907576298,0.03126746671698011,1.0,Q100,2022-09-19,2026-05-27,44,44,1.0,0.3409090909090909,,0.8282276815714444,0.1793459981788641,0.28208465153097834,0.6357878644069667,0.3060760710955609,0.5859523664718956,0.2081126527866577,0.22357883008708884,-0.01557023362682448,-0.05709085663168976,ver3.0 Step A refined monthly DTE30 moneyness-target backtest from raw option chain; diagnostic layer only.
mny_0251,159915,159915_DTE30_OTM4_Q10_MonthlyHold,OTM4,0.04,0.03598426427559179,0.03805163073738549,0.1,Q10,2022-09-19,2026-05-27,44,44,1.0,0.3181818181818182,,0.8281318220589111,0.1793290911986205,0.3315643751767561,0.5408575366488654,0.3823026186129461,0.46907628268217094,0.018363421334153106,0.02015536105193782,-0.0018011214284517894,-0.0066041119043232285,ver3.0 Step A refined monthly DTE30 moneyness-target backtest from raw option chain; diagnostic layer only.
mny_0252,159915,159915_DTE30_OTM4_Q20_MonthlyHold,OTM4,0.04,0.03598426427559179,0.03805163073738549,0.2,Q20,2022-09-19,2026-05-27,44,44,1.0,0.3181818181818182,,0.8291734452008215,0.17951277034175317,0.3248402881698492,0.552618554038135,0.37603574629893033,0.47738219599752935,0.03672684266830621,0.04031072210387564,-0.0036022428569035788,-0.013208223808646457,ver3.0 Step A refined monthly DTE30 moneyness-target backtest from raw option chain; diagnostic layer only.
mny_0253,159915,159915_DTE30_OTM4_Q30_MonthlyHold,OTM4,0.04,0.03598426427559179,0.03805163073738549,0.3,Q30,2022-09-19,2026-05-27,44,44,1.0,0.3181818181818182,,0.8293201497028866,0.1795386340114915,0.3184906807569261,0.5637170719871594,0.3697110717694043,0.48561876481609156,0.05509026400245932,0.06046608315581345,-0.005403364285355366,-0.019812335712969677,ver3.0 Step A refined monthly DTE30 moneyness-target backtest from raw option chain; diagnostic layer only.
mny_0254,159915,159915_DTE30_OTM4_Q40_MonthlyHold,OTM4,0.04,0.03598426427559179,0.03805163073738549,0.4,Q40,2022-09-19,2026-05-27,44,44,1.0,0.3181818181818182,,0.8285637063774793,0.17940525862245638,0.3125383778331414,0.5740263319541435,0.36332811425314737,0.49378303407992397,0.07345368533661242,0.08062144420775127,-0.0072044857138071575,-0.026416447617292914,ver3.0 Step A refined monthly DTE30 moneyness-target backtest from raw option chain; diagnostic layer only.
mny_0255,159915,159915_DTE30_OTM4_Q50_MonthlyHold,OTM4,0.04,0.03598426427559179,0.03805163073738549,0.5,Q50,2022-09-19,2026-05-27,44,44,1.0,0.3181818181818182,,0.8268968178256051,0.17911121280532294,0.3070064893238484,0.5834118138668593,0.35688638940839235,0.5018717948371024,0.09181710667076552,0.1007768052596891,-0.009005607142258952,-0.03302055952161616,ver3.0 Step A refined monthly DTE30 moneyness-target backtest from raw option chain; diagnostic layer only.
mny_0256,159915,159915_DTE30_OTM4_Q60_MonthlyHold,OTM4,0.04,0.03598426427559179,0.03805163073738549,0.6,Q60,2022-09-19,2026-05-27,44,44,1.0,0.3181818181818182,,0.8243131464697742,0.17865505734411347,0.3019181252163551,0.5917334615670686,0.3503854092994365,0.50988155500344,0.11018052800491863,0.1209321663116269,-0.010806728570710732,-0.03962467142593935,ver3.0 Step A refined monthly DTE30 moneyness-target backtest from raw option chain; diagnostic layer only.
mny_0257,159915,159915_DTE30_OTM4_Q70_MonthlyHold,OTM4,0.04,0.03598426427559179,0.03805163073738549,0.7,Q70,2022-09-19,2026-05-27,44,44,1.0,0.3181818181818182,,0.820807341722031,0.1780353450780272,0.29729605977911083,0.5988486534611538,0.34382468237312214,0.5178085059199484,0.12854394933907173,0.14108752736356472,-0.012607849999162526,-0.0462287833302626,ver3.0 Step A refined monthly DTE30 moneyness-target backtest from raw option chain; diagnostic layer only.
mny_0258,159915,159915_DTE30_OTM4_Q80_MonthlyHold,OTM4,0.04,0.03598426427559179,0.03805163073738549,0.8,Q80,2022-09-19,2026-05-27,44,44,1.0,0.3181818181818182,,0.8163750662154239,0.17725062076582088,0.29316234916003836,0.6046159108551117,0.33720371343518174,0.5256484839983605,0.14690737067322485,0.16124288841550255,-0.014408971427614315,-0.05283289523458583,ver3.0 Step A refined monthly DTE30 moneyness-target backtest from raw option chain; diagnostic layer only.
mny_0259,159915,159915_DTE30_OTM4_Q90_MonthlyHold,OTM4,0.04,0.03598426427559179,0.03805163073738549,0.9,Q90,2022-09-19,2026-05-27,44,44,1.0,0.3181818181818182,,0.8110130210266846,0.1762994209105473,0.28953791072794155,0.6088992645809463,0.33052200362644946,0.5333969266076397,0.16527079200737796,0.18139824946744038,-0.01621009285606611,-0.059437007138909065,ver3.0 Step A refined monthly DTE30 moneyness-target backtest from raw option chain; diagnostic layer only.
mny_0260,159915,159915_DTE30_OTM4_Q100_MonthlyHold,OTM4,0.04,0.03598426427559179,0.03805163073738549,1.0,Q100,2022-09-19,2026-05-27,44,44,1.0,0.3181818181818182,,0.804718969817434,0.175180273542199,0.28644207706130087,0.6115731157217835,0.32377905039893606,0.5410488211833197,0.18363421334153104,0.2015536105193782,-0.018011214284517903,-0.06604111904323232,ver3.0 Step A refined monthly DTE30 moneyness-target backtest from raw option chain; diagnostic layer only.
mny_0261,159915,159915_DTE30_OTM5_Q10_MonthlyHold,OTM5,0.05,0.04739114802166969,0.050103322455908095,0.1,Q10,2022-09-19,2026-05-27,44,44,1.0,0.2727272727272727,,0.8262976269887583,0.17900546551032215,0.33231076761607875,0.5386688694876375,0.3840601273527453,0.4660870857492377,0.015470979715836776,0.017305719589119875,-0.0018424753631410187,-0.006755742998183735,ver3.0 Step A refined monthly DTE30 moneyness-target backtest from raw option chain; diagnostic layer only.
mny_0262,159915,159915_DTE30_OTM5_Q20_MonthlyHold,OTM5,0.05,0.04739114802166969,0.050103322455908095,0.2,Q20,2022-09-19,2026-05-27,44,44,1.0,0.2727272727272727,,0.8256386820770951,0.17888914349800933,0.32629266399874146,0.5482475189779299,0.3795785349284001,0.4712836133680562,0.030941959431673553,0.03461143917823975,-0.0036849507262820373,-0.01351148599636747,ver3.0 Step A refined monthly DTE30 moneyness-target backtest from raw option chain; diagnostic layer only.
mny_0263,159915,159915_DTE30_OTM5_Q30_MonthlyHold,OTM5,0.05,0.04739114802166969,0.050103322455908095,0.3,Q30,2022-09-19,2026-05-27,44,44,1.0,0.2727272727272727,,0.8242218159601318,0.1786389240624866,0.32060388152778263,0.5571951381599423,0.37506721125583653,0.47628509958082016,0.04641293914751032,0.051917158767359625,-0.005527426089423057,-0.020267228994551207,ver3.0 Step A refined monthly DTE30 moneyness-target backtest from raw option chain; diagnostic layer only.
mny_0264,159915,159915_DTE30_OTM5_Q40_MonthlyHold,OTM5,0.05,0.04739114802166969,0.050103322455908095,0.4,Q40,2022-09-19,2026-05-27,44,44,1.0,0.2727272727272727,,0.8220418511282124,0.17825366500757078,0.31526224811645664,0.5654139246692315,0.37052597797513687,0.4810827731477765,0.061883918863347105,0.0692228783564795,-0.007369901452564075,-0.02702297199273494,ver3.0 Step A refined monthly DTE30 moneyness-target backtest from raw option chain; diagnostic layer only.
mny_0265,159915,159915_DTE30_OTM5_Q50_MonthlyHold,OTM5,0.05,0.04739114802166969,0.050103322455908095,0.5,Q50,2022-09-19,2026-05-27,44,44,1.0,0.2727272727272727,,0.8190942106966577,0.17773220384954036,0.31028569301481,0.5728018012131071,0.3659546557684432,0.48566728431513634,0.07735489857918386,0.08652859794559938,-0.009212376815705099,-0.033778714990918696,ver3.0 Step A refined monthly DTE30 moneyness-target backtest from raw option chain; diagnostic layer only.
mny_0266,159915,159915_DTE30_OTM5_Q60_MonthlyHold,OTM5,0.05,0.04739114802166969,0.050103322455908095,0.6,Q60,2022-09-19,2026-05-27,44,44,1.0,0.2727272727272727,,0.8153749345325696,0.17707335736591334,0.3056920467683063,0.5792540539993926,0.36135306435540615,0.4900286584860787,0.09282587829502063,0.10383431753471925,-0.011054852178846114,-0.040534457989102414,ver3.0 Step A refined monthly DTE30 moneyness-target backtest from raw option chain; diagnostic layer only.
mny_0267,159915,159915_DTE30_OTM5_Q70_MonthlyHold,OTM5,0.05,0.04739114802166969,0.050103322455908095,0.7,Q70,2022-09-19,2026-05-27,44,44,1.0,0.2727272727272727,,0.810880695079595,0.1762759210952496,0.30149881192235023,0.5846653921165326,0.3567210224886196,0.49415624530755903,0.10829685801085742,0.12114003712383911,-0.012897327541987125,-0.04729020098728613,ver3.0 Step A refined monthly DTE30 moneyness-target backtest from raw option chain; diagnostic layer only.
mny_0268,159915,159915_DTE30_OTM5_Q80_MonthlyHold,OTM5,0.05,0.04739114802166969,0.050103322455908095,0.8,Q80,2022-09-19,2026-05-27,44,44,1.0,0.2727272727272727,,0.8056088128544936,0.1753386687855143,0.2977229075655044,0.5889324077185315,0.3520583479490309,0.49803866264491725,0.12376783772669421,0.138445756712959,-0.01473980290512815,-0.05404594398546988,ver3.0 Step A refined monthly DTE30 moneyness-target backtest from raw option chain; diagnostic layer only.
mny_0269,159915,159915_DTE30_OTM5_Q90_MonthlyHold,OTM5,0.05,0.04739114802166969,0.050103322455908095,0.9,Q90,2022-09-19,2026-05-27,44,44,1.0,0.2727272727272727,,0.7995572715888697,0.1742603517882615,0.29438039295001267,0.5919563801175162,0.34736485754133684,0.5016637348454983,0.139238817442531,0.15575147630207886,-0.016582278268269173,-0.06080168698365364,ver3.0 Step A refined monthly DTE30 moneyness-target backtest from raw option chain; diagnostic layer only.
mny_0270,159915,159915_DTE30_OTM5_Q100_MonthlyHold,OTM5,0.05,0.04739114802166969,0.050103322455908095,1.0,Q100,2022-09-19,2026-05-27,44,44,1.0,0.2727272727272727,,0.7927247329891727,0.1730396983956235,0.2914861776877709,0.5936463257649807,0.3426403670893571,0.5050184246110632,0.15470979715836772,0.17305719589119875,-0.018424753631410197,-0.06755742998183739,ver3.0 Step A refined monthly DTE30 moneyness-target backtest from raw option chain; diagnostic layer only.
mny_0271,159915,159915_DTE30_OTM7_Q10_MonthlyHold,OTM7,0.07,0.0647416629466872,0.06722374245979934,0.1,Q10,2022-09-19,2026-05-27,44,44,1.0,0.22727272727272727,,0.8294067396062859,0.1795538989070682,0.3337527082590559,0.5379848446583991,0.38592251781779774,0.4652589331204546,0.012201374084917147,0.013143622302276992,-0.0009483489044022994,-0.0034772793161417645,ver3.0 Step A refined monthly DTE30 moneyness-target backtest from raw option chain; diagnostic layer only.
mny_0272,159915,159915_DTE30_OTM7_Q20_MonthlyHold,OTM7,0.07,0.0647416629466872,0.06722374245979934,0.2,Q20,2022-09-19,2026-05-27,44,44,1.0,0.22727272727272727,,0.8320768394546336,0.1800243521491971,0.3290941774710623,0.5470298913599797,0.3833229868097464,0.4696414207962646,0.024402748169834294,0.026287244604553985,-0.0018966978088045987,-0.006954558632283529,ver3.0 Step A refined monthly DTE30 moneyness-target backtest from raw option chain; diagnostic layer only.
mny_0273,159915,159915_DTE30_OTM7_Q30_MonthlyHold,OTM7,0.07,0.0647416629466872,0.06722374245979934,0.3,Q30,2022-09-19,2026-05-27,44,44,1.0,0.22727272727272727,,0.8342101108886477,0.18039986203090996,0.3246749175075863,0.555632271860652,0.3807135391542722,0.47384672063844985,0.036604122254751445,0.03943086690683096,-0.002845046713206898,-0.010431837948425293,ver3.0 Step A refined monthly DTE30 moneyness-target backtest from raw option chain; diagnostic layer only.
mny_0274,159915,159915_DTE30_OTM7_Q40_MonthlyHold,OTM7,0.07,0.0647416629466872,0.06722374245979934,0.4,Q40,2022-09-19,2026-05-27,44,44,1.0,0.22727272727272727,,0.835802200694878,0.18067990348485097,0.3205048260320946,0.5637353599997215,0.3780941409921298,0.477870148981261,0.04880549633966859,0.05257448920910797,-0.0037933956176091975,-0.013909117264567058,ver3.0 Step A refined monthly DTE30 moneyness-target backtest from raw option chain; diagnostic layer only.
mny_0275,159915,159915_DTE30_OTM7_Q50_MonthlyHold,OTM7,0.07,0.0647416629466872,0.06722374245979934,0.5,Q50,2022-09-19,2026-05-27,44,44,1.0,0.22727272727272727,,0.836849010187555,0.1808639364351472,0.31659374914750116,0.5712808194165659,0.3754647583615134,0.48170682442852264,0.061006870424585746,0.06571811151138494,-0.004741744522011495,-0.017386396580708813,ver3.0 Step A refined monthly DTE30 moneyness-target backtest from raw option chain; diagnostic layer only.
mny_0276,159915,159915_DTE30_OTM7_Q60_MonthlyHold,OTM7,0.07,0.0647416629466872,0.06722374245979934,0.6,Q60,2022-09-19,2026-05-27,44,44,1.0,0.22727272727272727,,0.8373467018330865,0.1809514057259285,0.312951398026564,0.5782092902188247,0.37282535719778176,0.4853516592486889,0.07320824450950289,0.07886173381366192,-0.005690093426413796,-0.020863675896850585,ver3.0 Step A refined monthly DTE30 moneyness-target backtest from raw option chain; diagnostic layer only.
mny_0277,159915,159915_DTE30_OTM7_Q70_MonthlyHold,OTM7,0.07,0.0647416629466872,0.06722374245979934,0.7,Q70,2022-09-19,2026-05-27,44,44,1.0,0.22727272727272727,,0.8372917058362219,0.1809417410273617,0.3095872576389299,0.5844612029814004,0.3701759033331876,0.4887993502497104,0.08540961859442003,0.09200535611593892,-0.006638442330816089,-0.024340955212992326,ver3.0 Step A refined monthly DTE30 moneyness-target backtest from raw option chain; diagnostic layer only.
mny_0278,159915,159915_DTE30_OTM7_Q80_MonthlyHold,OTM7,0.07,0.0647416629466872,0.06722374245979934,0.8,Q80,2022-09-19,2026-05-27,44,44,1.0,0.22727272727272727,,0.83668072668286,0.1808343567189319,0.30651048872119835,0.589977711605878,0.36751636249660147,0.49204436910099236,0.09761099267933718,0.10514897841821594,-0.007586791235218395,-0.027818234529134116,ver3.0 Step A refined monthly DTE30 moneyness-target backtest from raw option chain; diagnostic layer only.
mny_0279,159915,159915_DTE30_OTM7_Q90_MonthlyHold,OTM7,0.07,0.0647416629466872,0.06722374245979934,0.9,Q90,2022-09-19,2026-05-27,44,44,1.0,0.22727272727272727,,0.8355107496343717,0.18062865174962006,0.30372982457757575,0.594701728751322,0.3648467003132395,0.4950809520671042,0.10981236676425435,0.11829260072049294,-0.008535140139620713,-0.031295513845275943,ver3.0 Step A refined monthly DTE30 moneyness-target backtest from raw option chain; diagnostic layer only.
mny_0280,159915,159915_DTE30_OTM7_Q100_MonthlyHold,OTM7,0.07,0.0647416629466872,0.06722374245979934,1.0,Q100,2022-09-19,2026-05-27,44,44,1.0,0.22727272727272727,,0.8337790471682878,0.1803240094745624,0.30125346473998327,0.5985790391828455,0.3621668823043871,0.4979030891151641,0.12201374084917149,0.1314362230227699,-0.00948348904402299,-0.034772793161417626,ver3.0 Step A refined monthly DTE30 moneyness-target backtest from raw option chain; diagnostic layer only.
mny_0281,588000,588000_DTE30_ATM_Q10_MonthlyHold,ATM,0.0,-0.0007961742887835767,-0.0019011406844106071,0.1,Q10,2023-06-30,2026-05-27,35,35,1.0,0.4,,0.8134171724852857,0.22699665772412803,0.36744244630380957,0.6177747290971445,0.2784090183802993,0.8153351462705013,0.04060862450913291,0.04620686908249491,-0.00561854888561657,-0.016387434249714995,ver3.0 Step A refined monthly DTE30 moneyness-target backtest from raw option chain; diagnostic layer only.
mny_0282,588000,588000_DTE30_ATM_Q20_MonthlyHold,ATM,0.0,-0.0007961742887835767,-0.0019011406844106071,0.2,Q20,2023-06-30,2026-05-27,35,35,1.0,0.4,,0.8084009424152077,0.22582907920111706,0.3525807459948746,0.6405031521613489,0.26802606550612673,0.842563870699191,0.08121724901826582,0.09241373816498982,-0.01123709777123314,-0.03277486849942999,ver3.0 Step A refined monthly DTE30 moneyness-target backtest from raw option chain; diagnostic layer only.
mny_0283,588000,588000_DTE30_ATM_Q30_MonthlyHold,ATM,0.0,-0.0007961742887835767,-0.0019011406844106071,0.3,Q30,2023-06-30,2026-05-27,35,35,1.0,0.4,,0.8014716141641745,0.2242127062487691,0.3384830633156255,0.6624045057158365,0.2575199443675815,0.8706615202150324,0.12182587352739871,0.13862060724748473,-0.016855646656849715,-0.049162302749145,ver3.0 Step A refined monthly DTE30 moneyness-target backtest from raw option chain; diagnostic layer only.
mny_0284,588000,588000_DTE30_ATM_Q40_MonthlyHold,ATM,0.0,-0.0007961742887835767,-0.0019011406844106071,0.4,Q40,2023-06-30,2026-05-27,35,35,1.0,0.4,,0.7926146170304955,0.22214072254708217,0.3252487608914296,0.6829871447880299,0.24688949921489045,0.8997576780441878,0.16243449803653165,0.18482747632997965,-0.02247419554246628,-0.06554973699885998,ver3.0 Step A refined monthly DTE30 moneyness-target backtest from raw option chain; diagnostic layer only.
mny_0285,588000,588000_DTE30_ATM_Q50_MonthlyHold,ATM,0.0,-0.0007961742887835767,-0.0019011406844106071,0.5,Q50,2023-06-30,2026-05-27,35,35,1.0,0.4,,0.781820652258967,0.21960650569293327,0.31298737894034034,0.7016465214554011,0.23613356626060256,0.9300096939651958,0.20304312254566453,0.23103434541247453,-0.028092744428082864,-0.08193717124857501,ver3.0 Step A refined monthly DTE30 moneyness-target backtest from raw option chain; diagnostic layer only.
mny_0286,588000,588000_DTE30_ATM_Q60_MonthlyHold,ATM,0.0,-0.0007961742887835767,-0.0019011406844106071,0.6,Q60,2023-06-30,2026-05-27,35,35,1.0,0.4,,0.7690859020168106,0.21660363988062947,0.3018175158852303,0.7176642457126166,0.2252509736427879,0.9616102269290444,0.24365174705479742,0.27724121449496947,-0.03371129331369943,-0.09832460549829,ver3.0 Step A refined monthly DTE30 moneyness-target backtest from raw option chain; diagnostic layer only.
mny_0287,588000,588000_DTE30_ATM_Q70_MonthlyHold,ATM,0.0,-0.0007961742887835767,-0.0019011406844106071,0.7,Q70,2023-06-30,2026-05-27,35,35,1.0,0.4,,0.754412222471023,0.21312592890087179,0.2918645182597081,0.730222125565901,0.21424054138815274,0.9947973783110381,0.2842603715639303,0.32344808357746435,-0.03932984219931601,-0.11471203974800503,ver3.0 Step A refined monthly DTE30 moneyness-target backtest from raw option chain; diagnostic layer only.
mny_0288,588000,588000_DTE30_ATM_Q80_MonthlyHold,ATM,0.0,-0.0007961742887835767,-0.0019011406844106071,0.8,Q80,2023-06-30,2026-05-27,35,35,1.0,0.4,,0.7378073191424537,0.20916740946001688,0.283256688795631,0.7384376706137755,0.20310108137507044,1.0298685169171682,0.3248689960730633,0.3696549526599593,-0.04494839108493256,-0.13109947399771996,ver3.0 Step A refined monthly DTE30 moneyness-target backtest from raw option chain; diagnostic layer only.
mny_0289,588000,588000_DTE30_ATM_Q90_MonthlyHold,ATM,0.0,-0.0007961742887835767,-0.0019011406844106071,0.9,Q90,2023-06-30,2026-05-27,35,35,1.0,0.4,,0.719284902703915,0.20472236482116335,0.27611985998948274,0.7414257157343231,0.1918313972965291,1.0671994663350528,0.3654776205821962,0.41586182174245423,-0.05056693997054916,-0.14748690824743504,ver3.0 Step A refined monthly DTE30 moneyness-target backtest from raw option chain; diagnostic layer only.
mny_0290,588000,588000_DTE30_ATM_Q100_MonthlyHold,ATM,0.0,-0.0007961742887835767,-0.0019011406844106071,1.0,Q100,2023-06-30,2026-05-27,35,35,1.0,0.4,,0.6988648233927139,0.1997853387681694,0.2705704585101843,0.7383856311151923,0.18194956144978658,1.0980259428836547,0.40608624509132907,0.46206869082494906,-0.05618548885616573,-0.16387434249715002,ver3.0 Step A refined monthly DTE30 moneyness-target backtest from raw option chain; diagnostic layer only.
mny_0291,588000,588000_DTE30_OTM1_Q10_MonthlyHold,OTM1,0.01,0.011799536437143147,0.008064516129032251,0.1,Q10,2023-06-30,2026-05-27,35,35,1.0,0.3142857142857143,,0.8206496867157296,0.2286763734096564,0.3691822754694635,0.6194131966895338,0.28034950328332375,0.8156831766473793,0.03430291081068859,0.03793547973266307,-0.0036497203773798257,-0.010645017767357825,ver3.0 Step A refined monthly DTE30 moneyness-target backtest from raw option chain; diagnostic layer only.
mny_0292,588000,588000_DTE30_OTM1_Q20_MonthlyHold,OTM1,0.01,0.011799536437143147,0.008064516129032251,0.2,Q20,2023-06-30,2026-05-27,35,35,1.0,0.3142857142857143,,0.8231077631559545,0.22924625225724293,0.35602900787539865,0.6438976802066462,0.2719504523623706,0.8429706597868614,0.06860582162137718,0.07587095946532614,-0.007299440754759651,-0.02129003553471565,ver3.0 Step A refined monthly DTE30 moneyness-target backtest from raw option chain; diagnostic layer only.
mny_0293,588000,588000_DTE30_OTM1_Q30_MonthlyHold,OTM1,0.01,0.011799536437143147,0.008064516129032251,0.3,Q30,2023-06-30,2026-05-27,35,35,1.0,0.3142857142857143,,0.8238773424277737,0.22942456735350403,0.3435933594142888,0.6677211915404763,0.2634722250787097,0.8707732562131196,0.10290873243206577,0.11380643919798919,-0.010949161132139475,-0.03193505330207347,ver3.0 Step A refined monthly DTE30 moneyness-target backtest from raw option chain; diagnostic layer only.
mny_0294,588000,588000_DTE30_OTM1_Q40_MonthlyHold,OTM1,0.01,0.011799536437143147,0.008064516129032251,0.4,Q40,2023-06-30,2026-05-27,35,35,1.0,0.3142857142857143,,0.8229249121666098,0.22920387756968208,0.3319559896663694,0.6904646540646614,0.25491424553150754,0.8991411095593415,0.13721164324275437,0.15174191893065228,-0.014598881509519303,-0.0425800710694313,ver3.0 Step A refined monthly DTE30 moneyness-target backtest from raw option chain; diagnostic layer only.
mny_0295,588000,588000_DTE30_OTM1_Q50_MonthlyHold,OTM1,0.01,0.011799536437143147,0.008064516129032251,0.5,Q50,2023-06-30,2026-05-27,35,35,1.0,0.3142857142857143,,0.8202204907104937,0.2285768171126541,0.3212036764641509,0.7116257809650732,0.24627593480642496,0.9281329793441551,0.1715145540534429,0.18967739866331532,-0.018248601886899148,-0.05322508883678918,ver3.0 Step A refined monthly DTE30 moneyness-target backtest from raw option chain; diagnostic layer only.
mny_0296,588000,588000_DTE30_OTM1_Q60_MonthlyHold,OTM1,0.01,0.011799536437143147,0.008064516129032251,0.6,Q60,2023-06-30,2026-05-27,35,35,1.0,0.3142857142857143,,0.8157378561267115,0.22753610332187724,0.31142810523413134,0.7306216089611303,0.23755671096558473,0.9578180401514349,0.20581746486413155,0.22761287839597838,-0.02189832226427895,-0.06387010660414694,ver3.0 Step A refined monthly DTE30 moneyness-target backtest from raw option chain; diagnostic layer only.
mny_0297,588000,588000_DTE30_OTM1_Q70_MonthlyHold,OTM1,0.01,0.011799536437143147,0.008064516129032251,0.7,Q70,2023-06-30,2026-05-27,35,35,1.0,0.3142857142857143,,0.8094547708456479,0.2260745446794039,0.3027239137271476,0.7468010765848198,0.22875598903752203,0.9882781457683353,0.24012037567482009,0.26554835812864147,-0.025548042641658823,-0.0745151243715049,ver3.0 Step A refined monthly DTE30 moneyness-target backtest from raw option chain; diagnostic layer only.
mny_0298,588000,588000_DTE30_OTM1_Q80_MonthlyHold,OTM1,0.01,0.011799536437143147,0.008064516129032251,0.8,Q80,2023-06-30,2026-05-27,35,35,1.0,0.3142857142857143,,0.8013532006484734,0.2241850490334567,0.29518589297554165,0.759470741550756,0.21987318100711928,1.0196107047098109,0.27442328648550873,0.30348383786130456,-0.029197763019038606,-0.0851601421388626,ver3.0 Step A refined monthly DTE30 moneyness-target backtest from raw option chain; diagnostic layer only.
mny_0299,588000,588000_DTE30_OTM1_Q90_MonthlyHold,OTM1,0.01,0.011799536437143147,0.008064516129032251,0.9,Q90,2023-06-30,2026-05-27,35,35,1.0,0.3142857142857143,,0.7914195267043262,0.22186063203552187,0.28890533940753044,0.7679353815007373,0.21090769580552438,1.0519323687462645,0.3087261972961972,0.3414193175939676,-0.03284748339641844,-0.09580515990622046,ver3.0 Step A refined monthly DTE30 moneyness-target backtest from raw option chain; diagnostic layer only.
mny_0300,588000,588000_DTE30_OTM1_Q100_MonthlyHold,OTM1,0.01,0.011799536437143147,0.008064516129032251,1.0,Q100,2023-06-30,2026-05-27,35,35,1.0,0.3142857142857143,,0.779644749305189,0.21909442579033955,0.2839657006075188,0.7715524280629912,0.20185893930005494,1.0853838157975495,0.3430291081068858,0.37935479732663063,-0.036497203773798295,-0.10645017767357837,ver3.0 Step A refined monthly DTE30 moneyness-target backtest from raw option chain; diagnostic layer only.
mny_0301,588000,588000_DTE30_OTM2_Q10_MonthlyHold,OTM2,0.02,0.01969981720913152,0.01963746223564966,0.1,Q10,2023-06-30,2026-05-27,35,35,1.0,0.2571428571428571,,0.8243623703831116,0.22953692521940416,0.3697964808193607,0.6207114916583781,0.2816373234686165,0.8150089000720887,0.03099105293180044,0.03370922545882324,-0.002733668053488689,-0.00797319848934201,ver3.0 Step A refined monthly DTE30 moneyness-target backtest from raw option chain; diagnostic layer only.
mny_0302,588000,588000_DTE30_OTM2_Q20_MonthlyHold,OTM2,0.02,0.01969981720913152,0.01963746223564966,0.2,Q20,2023-06-30,2026-05-27,35,35,1.0,0.2571428571428571,,0.8307495175828017,0.23101469733609958,0.35717243838863977,0.6467875807503719,0.27454968163633664,0.8414313065643882,0.06198210586360088,0.06741845091764648,-0.005467336106977378,-0.01594639697868402,ver3.0 Step A refined monthly DTE30 moneyness-target backtest from raw option chain; diagnostic layer only.
mny_0303,588000,588000_DTE30_OTM2_Q30_MonthlyHold,OTM2,0.02,0.01969981720913152,0.01963746223564966,0.3,Q30,2023-06-30,2026-05-27,35,35,1.0,0.2571428571428571,,0.8356618375697096,0.23214894345448256,0.34516841020596856,0.6725671776161523,0.2674066999803707,0.8681493151500083,0.09297315879540131,0.10112767637646967,-0.008201004160466069,-0.023919595468026036,ver3.0 Step A refined monthly DTE30 moneyness-target backtest from raw option chain; diagnostic layer only.
mny_0304,588000,588000_DTE30_OTM2_Q40_MonthlyHold,OTM2,0.02,0.01969981720913152,0.01963746223564966,0.4,Q40,2023-06-30,2026-05-27,35,35,1.0,0.2571428571428571,,0.8390620637295385,0.2329328835675173,0.33385128306668377,0.6977145075730953,0.2602080518793596,0.8951793839012795,0.12396421172720176,0.13483690183529295,-0.010934672213954756,-0.03189279395736804,ver3.0 Step A refined monthly DTE30 moneyness-target backtest from raw option chain; diagnostic layer only.
mny_0305,588000,588000_DTE30_OTM2_Q50_MonthlyHold,OTM2,0.02,0.01969981720913152,0.01963746223564966,0.5,Q50,2023-06-30,2026-05-27,35,35,1.0,0.2571428571428571,,0.8409153805878891,0.23335977506973116,0.3232932015183004,0.7218208547961735,0.25295340934871,0.9225405408473147,0.15495526465900222,0.16854612729411617,-0.013668340267443468,-0.03986599244671011,ver3.0 Step A refined monthly DTE30 moneyness-target backtest from raw option chain; diagnostic layer only.
mny_0306,588000,588000_DTE30_OTM2_Q60_MonthlyHold,OTM2,0.02,0.01969981720913152,0.01963746223564966,0.6,Q60,2023-06-30,2026-05-27,35,35,1.0,0.2571428571428571,,0.8411896133530814,0.23342291766320966,0.313570847229394,0.7444024842412987,0.24564244303700722,0.9502548288369017,0.18594631759080263,0.20225535275293935,-0.016402008320932138,-0.04783919093605207,ver3.0 Step A refined monthly DTE30 moneyness-target backtest from raw option chain; diagnostic layer only.
mny_0307,588000,588000_DTE30_OTM2_Q70_MonthlyHold,OTM2,0.02,0.01969981720913152,0.01963746223564966,0.7,Q70,2023-06-30,2026-05-27,35,35,1.0,0.2571428571428571,,0.8398554164674388,0.2331156583404399,0.30476421288906874,0.7649049608895246,0.23827482222242546,0.9783478429073401,0.2169373705226031,0.2359645782117626,-0.019135676374420867,-0.055812389425394196,ver3.0 Step A refined monthly DTE30 moneyness-target backtest from raw option chain; diagnostic layer only.
mny_0308,588000,588000_DTE30_OTM2_Q80_MonthlyHold,OTM2,0.02,0.01969981720913152,0.01963746223564966,0.8,Q80,2023-06-30,2026-05-27,35,35,1.0,0.2571428571428571,,0.8368864603624997,0.23243139643640043,0.2969547807750423,0.7827164655499469,0.23085021480913148,1.0068493833916345,0.24792842345440352,0.2696738036705859,-0.021869344427909512,-0.06378558791473608,ver3.0 Step A refined monthly DTE30 moneyness-target backtest from raw option chain; diagnostic layer only.
mny_0309,588000,588000_DTE30_OTM2_Q90_MonthlyHold,OTM2,0.02,0.01969981720913152,0.01963746223564966,0.9,Q90,2023-06-30,2026-05-27,35,35,1.0,0.2571428571428571,,0.8322596155739752,0.2313635887409804,0.29022306134065123,0.7971922964089193,0.22336828732368563,1.0357942549190462,0.27891947638620396,0.30338302912940907,-0.024603012481398238,-0.07175878640407819,ver3.0 Step A refined monthly DTE30 moneyness-target backtest from raw option chain; diagnostic layer only.
mny_0310,588000,588000_DTE30_OTM2_Q100_MonthlyHold,OTM2,0.02,0.01969981720913152,0.01963746223564966,1.0,Q100,2023-06-30,2026-05-27,35,35,1.0,0.2571428571428571,,0.8259551333341992,0.22990575466135033,0.28464552690012807,0.8076914370132225,0.21582870491143769,1.0652232507983077,0.30991052931800445,0.33709225458823233,-0.027336680534886935,-0.07973198489342022,ver3.0 Step A refined monthly DTE30 moneyness-target backtest from raw option chain; diagnostic layer only.
mny_0311,588000,588000_DTE30_OTM3_Q10_MonthlyHold,OTM3,0.03,0.029888141567084185,0.02941176470588247,0.1,Q10,2023-06-30,2026-05-27,35,35,1.0,0.22857142857142856,,0.8248700386018872,0.2296545067584439,0.37116690872224195,0.6187364804395936,0.2816373234686166,0.815426392816273,0.027594810244882233,0.029781592315393218,-0.002200579475633419,-0.006418356803930806,ver3.0 Step A refined monthly DTE30 moneyness-target backtest from raw option chain; diagnostic layer only.
mny_0312,588000,588000_DTE30_OTM3_Q20_MonthlyHold,OTM3,0.03,0.029888141567084185,0.02941176470588247,0.2,Q20,2023-06-30,2026-05-27,35,35,1.0,0.22857142857142856,,0.8318420309369143,0.23126712932205784,0.35993888768971855,0.6425177640750481,0.27454968163633686,0.8423507466615451,0.05518962048976447,0.059563184630786435,-0.004401158951266838,-0.012836713607861611,ver3.0 Step A refined monthly DTE30 moneyness-target backtest from raw option chain; diagnostic layer only.
mny_0313,588000,588000_DTE30_OTM3_Q30_MonthlyHold,OTM3,0.03,0.029888141567084185,0.02941176470588247,0.3,Q30,2023-06-30,2026-05-27,35,35,1.0,0.22857142857142856,,0.8374226542540122,0.2325550279123938,0.3493515093318861,0.6656763222724912,0.2674066999803708,0.8696679175557855,0.0827844307346467,0.08934477694617964,-0.00660173842690026,-0.019255070411792426,ver3.0 Step A refined monthly DTE30 moneyness-target backtest from raw option chain; diagnostic layer only.
mny_0314,588000,588000_DTE30_OTM3_Q40_MonthlyHold,OTM3,0.03,0.029888141567084185,0.02941176470588247,0.4,Q40,2023-06-30,2026-05-27,35,35,1.0,0.22857142857142856,,0.841580832761488,0.23351298596152126,0.3394647208973128,0.6878858732190859,0.2602080518793598,0.8974087630070142,0.11037924097952893,0.11912636926157287,-0.008802317902533677,-0.025673427215723223,ver3.0 Step A refined monthly DTE30 moneyness-target backtest from raw option chain; diagnostic layer only.
mny_0315,588000,588000_DTE30_OTM3_Q50_MonthlyHold,OTM3,0.03,0.029888141567084185,0.02941176470588247,0.5,Q50,2023-06-30,2026-05-27,35,35,1.0,0.22857142857142856,,0.8442878106894467,0.23413585484405708,0.33034143224182844,0.7087692671643335,0.25295340934871013,0.9256086148310734,0.13797405122441117,0.14890796157696606,-0.011002897378167112,-0.032091784019654075,ver3.0 Step A refined monthly DTE30 moneyness-target backtest from raw option chain; diagnostic layer only.
mny_0316,588000,588000_DTE30_OTM3_Q60_MonthlyHold,OTM3,0.03,0.029888141567084185,0.02941176470588247,0.6,Q60,2023-06-30,2026-05-27,35,35,1.0,0.22857142857142856,,0.8455172996195781,0.23441855904459574,0.3220465376891097,0.7279027457543843,0.24564244303700733,0.9543080428054501,0.1655688614692934,0.17868955389235927,-0.01320347685380052,-0.03851014082358485,ver3.0 Step A refined monthly DTE30 moneyness-target backtest from raw option chain; diagnostic layer only.
mny_0317,588000,588000_DTE30_OTM3_Q70_MonthlyHold,OTM3,0.03,0.029888141567084185,0.02941176470588247,0.7,Q70,2023-06-30,2026-05-27,35,35,1.0,0.22857142857142856,,0.8452456234252834,0.23435610145273933,0.3146455600827256,0.7448257060774135,0.23827482222242546,0.9835537773855599,0.1931636717141757,0.20847114620775253,-0.015404056329433969,-0.044928497627515745,ver3.0 Step A refined monthly DTE30 moneyness-target backtest from raw option chain; diagnostic layer only.
mny_0318,588000,588000_DTE30_OTM3_Q80_MonthlyHold,OTM3,0.03,0.029888141567084185,0.02941176470588247,0.8,Q80,2023-06-30,2026-05-27,35,35,1.0,0.22857142857142856,,0.843451860188458,0.2339435687875835,0.3082029039160235,0.759056990752191,0.2308502148091316,1.013399831492509,0.22075848195905787,0.23825273852314574,-0.017604635805067353,-0.051346854431446445,ver3.0 Step A refined monthly DTE30 moneyness-target backtest from raw option chain; diagnostic layer only.
mny_0319,588000,588000_DTE30_OTM3_Q90_MonthlyHold,OTM3,0.03,0.029888141567084185,0.02941176470588247,0.9,Q90,2023-06-30,2026-05-27,35,35,1.0,0.22857142857142856,,0.8401179804382202,0.2331761371534773,0.30277974989261675,0.7701180056994402,0.22336828732368552,1.0439088733110045,0.24835329220394017,0.2680343308385389,-0.019805215280700797,-0.057765211235377326,ver3.0 Step A refined monthly DTE30 moneyness-target backtest from raw option chain; diagnostic layer only.
mny_0320,588000,588000_DTE30_OTM3_Q100_MonthlyHold,OTM3,0.03,0.029888141567084185,0.02941176470588247,1.0,Q100,2023-06-30,2026-05-27,35,35,1.0,0.22857142857142856,,0.8352289810375635,0.2320490777288391,0.29843168291598987,0.7775618039662436,0.2158287049114378,1.0751539181225087,0.27594810244882234,0.2978159231539321,-0.022005794756334223,-0.06418356803930815,ver3.0 Step A refined monthly DTE30 moneyness-target backtest from raw option chain; diagnostic layer only.
mny_0321,588000,588000_DTE30_OTM4_Q10_MonthlyHold,OTM4,0.04,0.040562495557658895,0.04063429137760166,0.1,Q10,2023-06-30,2026-05-27,35,35,1.0,0.22857142857142856,,0.810205810445171,0.2262494250980891,0.372532890999376,0.6073273811908009,0.2839621198674811,0.7967591776102909,0.023968253182116123,0.028486814585570175,-0.004530545530045102,-0.013214091129298213,ver3.0 Step A refined monthly DTE30 moneyness-target backtest from raw option chain; diagnostic layer only.
mny_0322,588000,588000_DTE30_OTM4_Q20_MonthlyHold,OTM4,0.04,0.040562495557658895,0.04063429137760166,0.2,Q20,2023-06-30,2026-05-27,35,35,1.0,0.22857142857142856,,0.8026570075642416,0.22448950655018396,0.3626608073568702,0.6190068019378749,0.27922902764652324,0.803961924883991,0.047936506364232245,0.05697362917114035,-0.009061091060090204,-0.026428182258596427,ver3.0 Step A refined monthly DTE30 moneyness-target backtest from raw option chain; diagnostic layer only.
mny_0323,588000,588000_DTE30_OTM4_Q30_MonthlyHold,OTM4,0.04,0.040562495557658895,0.04063429137760166,0.3,Q30,2023-06-30,2026-05-27,35,35,1.0,0.22857142857142856,,0.7938928549386377,0.22244016455684523,0.3534111059360736,0.6294090955847921,0.27447056816917303,0.810433577780703,0.0719047595463484,0.08546044375671051,-0.013591636590135306,-0.039642273387894646,ver3.0 Step A refined monthly DTE30 moneyness-target backtest from raw option chain; diagnostic layer only.
mny_0324,588000,588000_DTE30_OTM4_Q40_MonthlyHold,OTM4,0.04,0.040562495557658895,0.04063429137760166,0.4,Q40,2023-06-30,2026-05-27,35,35,1.0,0.22857142857142856,,0.783914757579639,0.22009894781611306,0.3448338740538962,0.6382753098720007,0.269686635202421,0.8161284953958194,0.09587301272846449,0.1139472583422807,-0.018122182120180408,-0.052856364517192854,ver3.0 Step A refined monthly DTE30 moneyness-target backtest from raw option chain; diagnostic layer only.
mny_0325,588000,588000_DTE30_OTM4_Q50_MonthlyHold,OTM4,0.04,0.040562495557658895,0.04063429137760166,0.5,Q50,2023-06-30,2026-05-27,35,35,1.0,0.22857142857142856,,0.7727262277285982,0.21746347613698802,0.33698046513249996,0.6453296218565129,0.26487712218645854,0.8209975793375843,0.11984126591058064,0.14243407292785087,-0.022652727650225513,-0.06607045564649108,ver3.0 Step A refined monthly DTE30 moneyness-target backtest from raw option chain; diagnostic layer only.
mny_0326,588000,588000_DTE30_OTM4_Q60_MonthlyHold,OTM4,0.04,0.040562495557658895,0.04063429137760166,0.6,Q60,2023-06-30,2026-05-27,35,35,1.0,0.22857142857142856,,0.7603329226673308,0.21453144341023989,0.32990257555322533,0.6502872645067548,0.2600419222340219,0.8249879156683615,0.1438095190926968,0.17092088751342102,-0.027183273180270612,-0.07928454677578929,ver3.0 Step A refined monthly DTE30 moneyness-target backtest from raw option chain; diagnostic layer only.
mny_0327,588000,588000_DTE30_OTM4_Q70_MonthlyHold,OTM4,0.04,0.040562495557658895,0.04063429137760166,0.7,Q70,2023-06-30,2026-05-27,35,35,1.0,0.22857142857142856,,0.7467426782413822,0.2113006206272423,0.32365108855405533,0.6528654717994297,0.2551809281297319,0.8280423704698604,0.1677777722748129,0.1994077020989912,-0.03171381871031573,-0.09249863790508753,ver3.0 Step A refined monthly DTE30 moneyness-target backtest from raw option chain; diagnostic layer only.
mny_0328,588000,588000_DTE30_OTM4_Q80_MonthlyHold,OTM4,0.04,0.040562495557658895,0.04063429137760166,0.8,Q80,2023-06-30,2026-05-27,35,35,1.0,0.22857142857142856,,0.7319655378467529,0.2077688589471418,0.31827470395498964,0.6527972734412611,0.25029403232943626,0.8300991318629485,0.19174602545692898,0.2278945166845614,-0.036244364240360816,-0.10571272903438571,ver3.0 Step A refined monthly DTE30 moneyness-target backtest from raw option chain; diagnostic layer only.
mny_0329,588000,588000_DTE30_OTM4_Q90_MonthlyHold,OTM4,0.04,0.040562495557658895,0.04063429137760166,0.9,Q90,2023-06-30,2026-05-27,35,35,1.0,0.22857142857142856,,0.716013776633742,0.20393409281260744,0.3138184021418845,0.6498474640770242,0.2453811269595496,0.8310911900173374,0.21571427863904513,0.2563813312701315,-0.04077490977040593,-0.11892682016368396,ver3.0 Step A refined monthly DTE30 moneyness-target backtest from raw option chain; diagnostic layer only.
mny_0330,588000,588000_DTE30_OTM4_Q100_MonthlyHold,OTM4,0.04,0.040562495557658895,0.04063429137760166,1.0,Q100,2023-06-30,2026-05-27,35,35,1.0,0.22857142857142856,,0.6989019206857034,0.19979434311432676,0.31032182352836984,0.6438294955947931,0.24044210381639286,0.8309457451216378,0.23968253182116128,0.28486814585570175,-0.04530545530045103,-0.13214091129298217,ver3.0 Step A refined monthly DTE30 moneyness-target backtest from raw option chain; diagnostic layer only.
mny_0331,588000,588000_DTE30_OTM5_Q10_MonthlyHold,OTM5,0.05,0.04961355592387953,0.05095541401273884,0.1,Q10,2023-06-30,2026-05-27,35,35,1.0,0.22857142857142856,,0.8139999748322855,0.22713217338862246,0.3732652667600122,0.6085006927115327,0.284826778808978,0.7974396731177829,0.021478106417599015,0.025026483406885035,-0.003559116042494824,-0.010380755123943236,ver3.0 Step A refined monthly DTE30 moneyness-target backtest from raw option chain; diagnostic layer only.
mny_0332,588000,588000_DTE30_OTM5_Q20_MonthlyHold,OTM5,0.05,0.04961355592387953,0.05095541401273884,0.2,Q20,2023-06-30,2026-05-27,35,35,1.0,0.22857142857142856,,0.8103686775726033,0.22628734260936434,0.3640686556021937,0.6215512901957189,0.2809664687582748,0.8053891398836179,0.04295621283519803,0.05005296681377007,-0.007118232084989648,-0.020761510247886472,ver3.0 Step A refined monthly DTE30 moneyness-target backtest from raw option chain; diagnostic layer only.
mny_0333,588000,588000_DTE30_OTM5_Q30_MonthlyHold,OTM5,0.05,0.04961355592387953,0.05095541401273884,0.3,Q30,2023-06-30,2026-05-27,35,35,1.0,0.22857142857142856,,0.8056398584435744,0.2251855016592177,0.3554295580245173,0.6335587363943562,0.2770889600095322,0.8126830518670648,0.06443431925279702,0.0750794502206551,-0.010677348127484474,-0.031142265371829715,ver3.0 Step A refined monthly DTE30 moneyness-target backtest from raw option chain; diagnostic layer only.
mny_0334,588000,588000_DTE30_OTM5_Q40_MonthlyHold,OTM5,0.05,0.04961355592387953,0.05095541401273884,0.4,Q40,2023-06-30,2026-05-27,35,35,1.0,0.22857142857142856,,0.79980889143953,0.22382424363693665,0.34738957028956446,0.6443032916917146,0.27319419182631655,0.8192862452186872,0.08591242567039606,0.10010593362754014,-0.014236464169979295,-0.041523020495772944,ver3.0 Step A refined monthly DTE30 moneyness-target backtest from raw option chain; diagnostic layer only.
mny_0335,588000,588000_DTE30_OTM5_Q50_MonthlyHold,OTM5,0.05,0.04961355592387953,0.05095541401273884,0.5,Q50,2023-06-30,2026-05-27,35,35,1.0,0.22857142857142856,,0.7928727399292894,0.22220120210992822,0.33999119764691293,0.6535498673135892,0.2692821033127579,0.8251614176225163,0.10739053208799505,0.12513241703442515,-0.017795580212474127,-0.05190377561971621,ver3.0 Step A refined monthly DTE30 moneyness-target backtest from raw option chain; diagnostic layer only.
mny_0336,588000,588000_DTE30_OTM5_Q60_MonthlyHold,OTM5,0.05,0.04961355592387953,0.05095541401273884,0.6,Q60,2023-06-30,2026-05-27,35,35,1.0,0.22857142857142856,,0.7848299960587621,0.22031405279837513,0.33327717220317643,0.6610535349359741,0.26535263341327353,0.8302689517885694,0.12886863850559405,0.1501589004413102,-0.021354696254968948,-0.06228453074365943,ver3.0 Step A refined monthly DTE30 moneyness-target backtest from raw option chain; diagnostic layer only.
mny_0337,588000,588000_DTE30_OTM5_Q70_MonthlyHold,OTM5,0.05,0.04961355592387953,0.05095541401273884,0.7,Q70,2023-06-30,2026-05-27,35,35,1.0,0.22857142857142856,,0.7756809177375081,0.21816051526549507,0.3272896128034903,0.6665671831036141,0.26140572091229153,0.8345667206675008,0.15034674492319305,0.1751853838481952,-0.024913812297463783,-0.07266528586760271,ver3.0 Step A refined monthly DTE30 moneyness-target backtest from raw option chain; diagnostic layer only.
mny_0338,588000,588000_DTE30_OTM5_Q80_MonthlyHold,OTM5,0.05,0.04961355592387953,0.05095541401273884,0.8,Q80,2023-06-30,2026-05-27,35,35,1.0,0.22857142857142856,,0.7654274630385223,0.21573835461234991,0.32206903901077005,0.6698512693892802,0.25744130443397195,0.8380098721403195,0.17182485134079212,0.20021186725508028,-0.02847292833995859,-0.08304604099154589,ver3.0 Step A refined monthly DTE30 moneyness-target backtest from raw option chain; diagnostic layer only.
mny_0339,588000,588000_DTE30_OTM5_Q90_MonthlyHold,OTM5,0.05,0.04961355592387953,0.05095541401273884,0.9,Q90,2023-06-30,2026-05-27,35,35,1.0,0.22857142857142856,,0.7540733218403375,0.21304538317538224,0.31765326888375117,0.6706853164900016,0.2534593224419326,0.8405505906147557,0.19330295775839113,0.2252383506619653,-0.03203204438245342,-0.09342679611548914,ver3.0 Step A refined monthly DTE30 moneyness-target backtest from raw option chain; diagnostic layer only.
mny_0340,588000,588000_DTE30_OTM5_Q100_MonthlyHold,OTM5,0.05,0.04961355592387953,0.05095541401273884,1.0,Q100,2023-06-30,2026-05-27,35,35,1.0,0.22857142857142856,,0.7416239445410289,0.21007946222465357,0.3140762497844974,0.6688804466074689,0.2494597132389682,0.8421378325862557,0.2147810641759901,0.2502648340688503,-0.035591160424948254,-0.10380755123943242,ver3.0 Step A refined monthly DTE30 moneyness-target backtest from raw option chain; diagnostic layer only.
mny_0341,588000,588000_DTE30_OTM7_Q10_MonthlyHold,OTM7,0.07,0.07243855803464182,0.07296137339055786,0.1,Q10,2023-06-30,2026-05-27,35,35,1.0,0.22857142857142856,,0.8049167400083383,0.2250168441895306,0.3747536306854391,0.6004393974194886,0.2857449312772461,0.7874744905665759,0.016951303269249117,0.021770462565265367,-0.004827634947650878,-0.014080601930648393,ver3.0 Step A refined monthly DTE30 moneyness-target backtest from raw option chain; diagnostic layer only.
mny_0342,588000,588000_DTE30_OTM7_Q20_MonthlyHold,OTM7,0.07,0.07243855803464182,0.07296137339055786,0.2,Q20,2023-06-30,2026-05-27,35,35,1.0,0.22857142857142856,,0.7925778192780406,0.2221321001732406,0.3669025392776277,0.6054253552198987,0.28281031600682827,0.7854455357557656,0.033902606538498234,0.04354092513053073,-0.009655269895301756,-0.028161203861296787,ver3.0 Step A refined monthly DTE30 moneyness-target backtest from raw option chain; diagnostic layer only.
mny_0343,588000,588000_DTE30_OTM7_Q30_MonthlyHold,OTM7,0.07,0.07243855803464182,0.07296137339055786,0.3,Q30,2023-06-30,2026-05-27,35,35,1.0,0.22857142857142856,,0.7795327303657438,0.21906805198459778,0.35945049686871344,0.6094526336532252,0.27986608085573095,0.7827602806126616,0.050853909807747344,0.0653113876957961,-0.014482904842952633,-0.04224180579194518,ver3.0 Step A refined monthly DTE30 moneyness-target backtest from raw option chain; diagnostic layer only.
mny_0344,588000,588000_DTE30_OTM7_Q40_MonthlyHold,OTM7,0.07,0.07243855803464182,0.07296137339055786,0.4,Q40,2023-06-30,2026-05-27,35,35,1.0,0.22857142857142856,,0.7657917773349621,0.21582457409144284,0.35242281825145766,0.6124023840517885,0.276912201708877,0.779397125729921,0.06780521307699647,0.08708185026106147,-0.01931053979060351,-0.05632240772259357,ver3.0 Step A refined monthly DTE30 moneyness-target backtest from raw option chain; diagnostic layer only.
mny_0345,588000,588000_DTE30_OTM7_Q50_MonthlyHold,OTM7,0.07,0.07243855803464182,0.07296137339055786,0.5,Q50,2023-06-30,2026-05-27,35,35,1.0,0.22857142857142856,,0.7513659941500794,0.21240157190246456,0.34584537398059273,0.6141518374462444,0.2739486544079953,0.775333510439997,0.08475651634624559,0.10885231282632683,-0.024138174738254387,-0.07040300965324195,ver3.0 Step A refined monthly DTE30 moneyness-target backtest from raw option chain; diagnostic layer only.
mny_0346,588000,588000_DTE30_OTM7_Q60_MonthlyHold,OTM7,0.07,0.07243855803464182,0.07296137339055786,0.6,Q60,2023-06-30,2026-05-27,35,35,1.0,0.22857142857142856,,0.7362671380274519,0.2087989825829466,0.3397443146508759,0.6145768260979148,0.27097541475157105,0.7705458547756906,0.10170781961549469,0.1306227753915922,-0.028965809685905265,-0.08448361158389037,ver3.0 Step A refined monthly DTE30 moneyness-target backtest from raw option chain; diagnostic layer only.
mny_0347,588000,588000_DTE30_OTM7_Q70_MonthlyHold,OTM7,0.07,0.07243855803464182,0.07296137339055786,0.7,Q70,2023-06-30,2026-05-27,35,35,1.0,0.22857142857142856,,0.7205076816859945,0.20501677587035627,0.3341457357587431,0.6135549669811756,0.26799245849479714,0.7650094969905151,0.11865912288474381,0.15239323795685755,-0.033793444633556144,-0.09856421351453876,ver3.0 Step A refined monthly DTE30 moneyness-target backtest from raw option chain; diagnostic layer only.
mny_0348,588000,588000_DTE30_OTM7_Q80_MonthlyHold,OTM7,0.07,0.07243855803464182,0.07296137339055786,0.8,Q80,2023-06-30,2026-05-27,35,35,1.0,0.22857142857142856,,0.7041008044867516,0.20105495488998404,0.32907528449923334,0.610969478294115,0.26499976134952474,0.7586986262406482,0.13561042615399294,0.17416370052212293,-0.03862107958120702,-0.11264481544518715,ver3.0 Step A refined monthly DTE30 moneyness-target backtest from raw option chain; diagnostic layer only.
mny_0349,588000,588000_DTE30_OTM7_Q90_MonthlyHold,OTM7,0.07,0.07243855803464182,0.07296137339055786,0.9,Q90,2023-06-30,2026-05-27,35,35,1.0,0.22857142857142856,,0.6870603824525521,0.19691355697082646,0.32455771407423384,0.6067135317750845,0.2620687242173232,0.7513813697491574,0.15256172942324206,0.1959341630873883,-0.04344871452885789,-0.1267254173758355,ver3.0 Step A refined monthly DTE30 moneyness-target backtest from raw option chain; diagnostic layer only.
mny_0350,588000,588000_DTE30_OTM7_Q100_MonthlyHold,OTM7,0.07,0.07243855803464182,0.07296137339055786,1.0,Q100,2023-06-30,2026-05-27,35,35,1.0,0.22857142857142856,,0.6694009771605149,0.19259265446188634,0.3206163960502863,0.600694963933409,0.25987692884136526,0.7410917749433973,0.16951303269249118,0.21770462565265367,-0.04827634947650877,-0.1408060193064839,ver3.0 Step A refined monthly DTE30 moneyness-target backtest from raw option chain; diagnostic layer only.
