window_mode,phase_id,phase_shift,inception_date,etf_code,sleeve_name,sleeve_key,is_buyhold,strategy_family,coverage,sample_start,sample_end,n_trading_days,cumulative_return,annualized_return_cagr,arithmetic_annualized_return,annualized_volatility,sharpe_daily_mean,cagr_vol_ratio,sortino_ratio,calmar_ratio,max_drawdown,max_drawdown_start,max_drawdown_trough,max_drawdown_recovery,drawdown_duration,monthly_win_rate,worst_month_return,best_month_return,final_nav,option_leg_annualized_pnl_contribution,premium_capture_ratio_agg,payoff_burden_agg,positive_option_leg_period_rate,assignment_rate,p95_short_call_mtm_loss,p99_short_call_mtm_loss,max_short_call_mtm_loss,selected_periods,skipped_periods
natural,h00,0,2022-09-19,159915,159915_DTE30_OTM5up_Q50_Hold,159915__159915_DTE30_OTM5up_Q50_Hold,False,OTM5_up,0.5,2022-09-19,2026-05-27,890,0.5593005111313991,0.13419771558620952,0.15703457851508787,0.2497185320878954,0.6288463142968308,0.5373959011539235,1.1067816051804003,0.35604427821362405,0.37691299593274696,2023-02-01,2024-02-02,2025-08-28,626,0.4772727272727273,-0.154543657233834,0.2658407551435893,1.5590586318901867,-0.054441418889014,-0.758320800437814,1.7328208004378143,0.75,0.2727272727272727,0.01644823981656318,0.1039506211180125,0.2938819875776397,44,0
natural,h01,1,2022-09-20,159915,159915_DTE30_OTM5up_Q50_Hold,159915__159915_DTE30_OTM5up_Q50_Hold,False,OTM5_up,0.5,2022-09-20,2026-05-27,889,0.5515551666667056,0.13275671154350133,0.15579433716210886,0.2498466268687425,0.6235598979847575,0.5313528271616225,1.097628936779594,0.35222110401093537,0.37691299593274696,2023-02-01,2024-02-02,2025-08-28,626,0.4772727272727273,-0.154543657233834,0.26584075514358907,1.5513054115413791,-0.054429491726032224,-0.7567007971173458,1.7312007971173458,0.75,0.2727272727272727,0.0165306667974592,0.10401614906832299,0.2938819875776397,44,0
natural,h02,2,2022-09-21,159915,159915_DTE30_OTM5up_Q50_Hold,159915__159915_DTE30_OTM5up_Q50_Hold,False,OTM5_up,0.5,2022-09-21,2026-05-27,888,0.5714060027964991,0.1370151906134751,0.15956120986623532,0.2498967913948584,0.6385084377258566,0.5482871142470146,1.1239503825657715,0.36351941188550274,0.3769129959327471,2023-02-01,2024-02-02,2025-08-28,626,0.4772727272727273,-0.15454365723383412,0.2658407551435893,1.5712034371154102,-0.05485705234149146,-0.7656166020853138,1.7401166020853138,0.75,0.2727272727272727,0.016613093778355407,0.1040816770186335,0.2938819875776397,44,0
natural,h03,3,2022-09-22,159915,159915_DTE30_OTM5up_Q50_Hold,159915__159915_DTE30_OTM5up_Q50_Hold,False,OTM5_up,0.5,2022-09-22,2026-05-27,887,0.5832133989824186,0.1396037931444647,0.16177961903767754,0.24966568662365243,0.647984996358531,0.5591629151462223,1.1403347664401964,0.3703873165715259,0.3769129959327472,2023-02-01,2024-02-02,2025-08-28,626,0.4772727272727273,-0.15454365723383412,0.26584075514358907,1.5829364245157826,-0.054513495805081275,-0.7528437081774881,1.7273437081774883,0.75,0.2727272727272727,0.016695520759251424,0.10414720496894399,0.2938819875776397,44,0
natural,h04,4,2022-09-23,159915,159915_DTE30_OTM5up_Q50_Hold,159915__159915_DTE30_OTM5up_Q50_Hold,False,OTM5_up,0.5,2022-09-23,2026-05-27,886,0.5906533981994766,0.14129466169809457,0.1632959475850566,0.24979749132659798,0.6537133208097561,0.5656368322504838,1.150350790962972,0.3748734143497293,0.3769129959327472,2023-02-01,2024-02-02,2025-08-28,626,0.4772727272727273,-0.15454365723383412,0.2658407551435893,1.5904197021586826,-0.054884883251569476,-0.7605970757941082,1.7350970757941082,0.75,0.2727272727272727,0.01677794774014763,0.1042127329192545,0.2938819875776397,44,0
natural,h05,5,2022-09-26,159915,159915_DTE30_OTM5up_Q50_Hold,159915__159915_DTE30_OTM5up_Q50_Hold,False,OTM5_up,0.5,2022-09-26,2026-05-27,885,0.5820321293072033,0.13969825073241338,0.16192605285728198,0.24992109187504866,0.6479087124756925,0.5589694318487427,1.140279957360029,0.3706379250381165,0.37691299593274696,2023-02-01,2024-02-02,2025-08-28,626,0.4772727272727273,-0.15454365723383412,0.26584075514358907,1.5817680184174403,-0.05471930622462517,-0.7550499230817228,1.7295499230817228,0.75,0.2727272727272727,0.01686037472104365,0.10427826086956499,0.2938819875776397,44,0
natural,h06,6,2022-09-27,159915,159915_DTE30_OTM5up_Q50_Hold,159915__159915_DTE30_OTM5up_Q50_Hold,False,OTM5_up,0.5,2022-09-27,2026-05-27,884,0.5455320574063036,0.13229896503386573,0.1554700014128029,0.250167200902869,0.6214643680374646,0.5288421685832138,1.093088847623182,0.35100664201420106,0.37691299593274696,2023-02-01,2024-02-02,2025-08-28,626,0.4772727272727273,-0.15454365723383412,0.26584075514358907,1.5452833882685761,-0.05470713757347795,-0.7567216399885434,1.7312216399885436,0.75,0.2727272727272727,0.016942801701939667,0.1043437888198755,0.2938819875776397,44,0
natural,h07,7,2022-09-28,159915,159915_DTE30_OTM5up_Q50_Hold,159915__159915_DTE30_OTM5up_Q50_Hold,False,OTM5_up,0.5,2022-09-28,2026-05-27,883,0.5848463520803331,0.14061529222080993,0.16267962312194678,0.2497176522076037,0.6514542391528754,0.5630971258047424,1.1466255600305442,0.3730709573248571,0.3769129959327471,2023-02-01,2024-02-02,2025-08-28,626,0.4772727272727273,-0.15454365723383412,0.26584075514358907,1.584581300797907,-0.05479803077995882,-0.7549679426183499,1.7294679426183501,0.75,0.2727272727272727,0.01702522868283587,0.10440931677018599,0.2938819875776397,44,0
natural,h08,8,2022-09-29,159915,159915_DTE30_OTM5up_Q50_Hold,159915__159915_DTE30_OTM5up_Q50_Hold,False,OTM5_up,0.5,2022-09-29,2026-05-27,882,0.5685255348073233,0.13741287552684822,0.1599694910289994,0.25013432831113597,0.6395343338480806,0.5493563256776324,1.1259630206100784,0.3645745225281832,0.37691299593274685,2023-02-01,2024-02-02,2025-08-28,626,0.4772727272727273,-0.15454365723383412,0.2658407551435893,1.5683623341189588,-0.05546493285409536,-0.7725928219373324,1.7470928219373325,0.75,0.2727272727272727,0.017107655663731892,0.1044748447204965,0.2938819875776397,44,0
natural,h09,9,2022-09-30,159915,159915_DTE30_OTM5up_Q50_Hold,159915__159915_DTE30_OTM5up_Q50_Hold,False,OTM5_up,0.5,2022-09-30,2026-05-27,881,0.6003565192282654,0.14414284549525647,0.16579212279085784,0.24981112282136847,0.6636698995561148,0.5770073160366369,1.1685791631643494,0.3824300224473452,0.37691299593274674,2023-02-01,2024-02-02,2025-08-28,626,0.4772727272727273,-0.15454365723383412,0.26584075514358907,1.600204013394274,-0.05569749148629201,-0.7750622143676487,1.7495622143676488,0.75,0.2727272727272727,0.017190082644628096,0.10454037267080774,0.2938819875776397,44,0
natural,h10,10,2022-10-10,159915,159915_DTE30_OTM5up_Q50_Hold,159915__159915_DTE30_OTM5up_Q50_Hold,False,OTM5_up,0.5,2022-10-10,2026-05-27,880,0.6343240789320705,0.15122920597714518,0.17151000817715523,0.247948601347272,0.6917159735736587,0.6099215932472088,1.2165286224229421,0.4012310735078215,0.37691299593274685,2023-02-01,2024-02-02,2025-08-28,626,0.4883720930232558,-0.15454365723383412,0.2658407551435893,1.633838252331737,-0.05732919671066972,-0.7901794662057238,1.764679466205724,0.7441860465116279,0.3023255813953488,0.018611070297366084,0.10460590062111823,0.2938819875776397,43,0
natural,h11,11,2022-10-11,159915,159915_DTE30_OTM5up_Q50_Hold,159915__159915_DTE30_OTM5up_Q50_Hold,False,OTM5_up,0.5,2022-10-11,2026-05-27,879,0.6180754005287974,0.14811654483218062,0.16894554884159843,0.24853606819875432,0.6797627003034936,0.5959559347085663,1.1961221451929742,0.39297277204686565,0.3769129959327471,2023-02-01,2024-02-02,2025-08-28,626,0.4883720930232558,-0.154543657233834,0.26584075514358907,1.6176951675731348,-0.05670974705604448,-0.7898620475069015,1.7643620475069015,0.7441860465116279,0.27906976744186046,0.017455767112884237,0.10467142857142873,0.2938819875776397,43,0
natural,h12,12,2022-10-12,159915,159915_DTE30_OTM5up_Q50_Hold,159915__159915_DTE30_OTM5up_Q50_Hold,False,OTM5_up,0.5,2022-10-12,2026-05-27,878,0.5578062590265351,0.135840714839077,0.15834576211442666,0.24916160151511174,0.6355143053807307,0.5451912092916862,1.116804229600611,0.36040337240935894,0.37691299593274696,2023-02-01,2024-02-02,2025-08-28,626,0.4883720930232558,-0.15454365723383412,0.26584075514358907,1.5575023018422212,-0.05681756135713437,-0.8013938577990116,1.7758938577990115,0.7441860465116279,0.27906976744186046,0.01720153093738051,0.10473695652173923,0.2938819875776397,43,0
natural,h13,13,2022-10-13,159915,159915_DTE30_OTM5up_Q50_Hold,159915__159915_DTE30_OTM5up_Q50_Hold,False,OTM5_up,0.5,2022-10-13,2026-05-27,877,0.5527514705518977,0.13494426154631678,0.15758953298906575,0.24929788323822688,0.6321334579422584,0.5412972617074538,1.1110475407448177,0.35802496332706724,0.37691299593274696,2023-02-01,2024-02-02,2025-08-28,626,0.4883720930232558,-0.15454365723383412,0.26584075514358907,1.552439151128154,-0.05680738633052923,-0.7996429233730042,1.7741429233730044,0.7441860465116279,0.27906976744186046,0.01720534703496464,0.10480248447204973,0.2938819875776397,43,0
natural,h14,14,2022-10-14,159915,159915_DTE30_OTM5up_Q50_Hold,159915__159915_DTE30_OTM5up_Q50_Hold,False,OTM5_up,0.5,2022-10-14,2026-05-27,876,0.4976903805353199,0.12336670441490805,0.14737069925631052,0.24945506297726405,0.5907705279557396,0.49454480074494217,1.0368868052298075,0.3273081738919942,0.37691299593274696,2023-02-01,2024-02-02,2025-08-28,626,0.4883720930232558,-0.154543657233834,0.26584075514358907,1.4974134344694985,-0.05679623594662753,-0.8043691174068944,1.7788691174068945,0.7441860465116279,0.27906976744186046,0.017209163132548787,0.10486801242236023,0.2938819875776397,43,0
natural,h15,15,2022-10-17,159915,159915_DTE30_OTM5up_Q50_Hold,159915__159915_DTE30_OTM5up_Q50_Hold,False,OTM5_up,0.5,2022-10-17,2026-05-27,875,0.49756087382248815,0.12348822294184902,0.14751702740350053,0.24960839598082882,0.5909938518848165,0.494727841411767,1.0374697914781035,0.32763057860674866,0.3769129959327471,2023-02-01,2024-02-02,2025-08-28,626,0.4883720930232558,-0.154543657233834,0.26584075514358907,1.4973337194524337,-0.057248736367398204,-0.814129144150595,1.7886291441505953,0.7441860465116279,0.27906976744186046,0.017212979230132923,0.10493354037267073,0.2938819875776397,43,0
natural,h16,16,2022-10-18,159915,159915_DTE30_OTM5up_Q50_Hold,159915__159915_DTE30_OTM5up_Q50_Hold,False,OTM5_up,0.5,2022-10-18,2026-05-27,874,0.4905852894737548,0.12212476453118093,0.14633518916431248,0.24974194484502865,0.5859455817688826,0.48900381794881315,1.0287583600385135,0.3240131432161383,0.3769129959327471,2023-02-01,2024-02-02,2025-08-28,626,0.4883720930232558,-0.154543657233834,0.2658407551435893,1.4903610421293207,-0.05732073732411019,-0.8144955149151265,1.7889955149151267,0.7441860465116279,0.27906976744186046,0.017216795327717055,0.10499906832298123,0.2938819875776397,43,0
natural,h17,17,2022-10-19,159915,159915_DTE30_OTM5up_Q50_Hold,159915__159915_DTE30_OTM5up_Q50_Hold,False,OTM5_up,0.5,2022-10-19,2026-05-27,873,0.5038539221705964,0.1251509933183883,0.14901270341949235,0.24967267037552665,0.596832257192451,0.501260282633865,1.0477536428225263,0.33204212820700696,0.3769129959327471,2023-02-01,2024-02-02,2025-08-28,626,0.4883720930232558,-0.154543657233834,0.26584075514358907,1.503579540669956,-0.0570691541863681,-0.8050888767028901,1.7795888767028905,0.7441860465116279,0.27906976744186046,0.0172206114253012,0.10506459627329173,0.2938819875776397,43,0
natural,h18,18,2022-10-20,159915,159915_DTE30_OTM5up_Q50_Hold,159915__159915_DTE30_OTM5up_Q50_Hold,False,OTM5_up,0.5,2022-10-20,2026-05-27,872,0.5142130025339058,0.12754054143531102,0.15116456657252852,0.24978991768556408,0.6051668056627278,0.510591230490973,1.0622720422991125,0.33838191522074296,0.37691299593274696,2023-02-01,2024-02-02,2025-08-28,626,0.4883720930232558,-0.15454365723383412,0.26584075514358907,1.513965169211925,-0.057364938247139924,-0.8105959369286607,1.7850959369286608,0.7441860465116279,0.27906976744186046,0.017224427522885333,0.10513012422360223,0.2938819875776397,43,0
natural,h19,19,2022-10-21,159915,159915_DTE30_OTM5up_Q50_Hold,159915__159915_DTE30_OTM5up_Q50_Hold,False,OTM5_up,0.5,2022-10-21,2026-05-27,871,0.5236520234572413,0.12972779989465488,0.1531339209679245,0.24991156048873053,0.6127524499805198,0.5190948335521469,1.075481278198926,0.3441850010335074,0.37691299593274696,2023-02-01,2024-02-02,2025-08-28,626,0.4883720930232558,-0.154543657233834,0.26584075514358907,1.523426035861776,-0.057618072590033445,-0.8151228514998098,1.78962285149981,0.7441860465116279,0.27906976744186046,0.01722824362046948,0.10519565217391273,0.2938819875776397,43,0
natural,h20,20,2022-10-24,159915,159915_DTE30_OTM5up_Q50_Hold,159915__159915_DTE30_OTM5up_Q50_Hold,False,OTM5_up,0.5,2022-10-24,2026-05-27,870,0.5609130776106341,0.13783058449352725,0.16017269637279985,0.24946320487960438,0.6420694244271504,0.5525086738144284,1.1274942526484855,0.3656827596311391,0.3769129959327471,2023-02-01,2024-02-02,2025-08-28,626,0.4883720930232558,-0.15454365723383412,0.2658407551435893,1.5606689180164774,-0.05769349804723395,-0.8127310726475305,1.7872310726475304,0.7441860465116279,0.27906976744186046,0.01723205971805361,0.10526118012422322,0.2938819875776397,43,0
natural,h00,0,2022-09-19,159915,159915_ETF_BuyHold,159915__159915_ETF_BuyHold,True,ETF_BuyHold,0.0,2022-09-19,2026-05-27,890,0.7750547045951859,0.1766375353617573,0.2115372363454843,0.31559677098008926,0.6702769349906625,0.5596937345499686,1.2634281661398727,0.4321402383922645,0.40875049270792274,2023-02-01,2024-08-27,2024-10-08,406,0.4772727272727273,-0.16775244299674286,0.43814432989690744,1.7750547045951859,0.0,,,,,0.0,0.0,0.0,0,0
natural,h01,1,2022-09-20,159915,159915_ETF_BuyHold,159915__159915_ETF_BuyHold,True,ETF_BuyHold,0.0,2022-09-20,2026-05-27,889,0.7657814540705268,0.17510507624837768,0.21028512336080554,0.315765854577929,0.6659526997999353,0.5545408843601323,1.2554644875076217,0.42839110746589604,0.40875049270792274,2023-02-01,2024-08-27,2024-10-08,406,0.4772727272727273,-0.16775244299674275,0.43814432989690744,1.7657814540705268,0.0,,,,,0.0,0.0,0.0,0,0
natural,h02,2,2022-09-21,159915,159915_ETF_BuyHold,159915__159915_ETF_BuyHold,True,ETF_BuyHold,0.0,2022-09-21,2026-05-27,888,0.790728476821192,0.18001272454415873,0.21448010781352325,0.31584573865882787,0.6790660172407825,0.5699387470242426,1.280204876156773,0.4403975720043691,0.40875049270792274,2023-02-01,2024-08-27,2024-10-08,406,0.4772727272727273,-0.16775244299674275,0.4381443298969072,1.790728476821192,0.0,,,,,0.0,0.0,0.0,0,0
natural,h03,3,2022-09-22,159915,159915_ETF_BuyHold,159915__159915_ETF_BuyHold,True,ETF_BuyHold,0.0,2022-09-22,2026-05-27,887,0.8010657193605686,0.1821670125159316,0.21635464249039432,0.316004540879173,0.6846567517304106,0.5764696039149155,1.2906649360336648,0.44566799494013354,0.40875049270792274,2023-02-01,2024-08-27,2024-10-08,406,0.4772727272727273,-0.16775244299674275,0.4381443298969072,1.8010657193605686,0.0,,,,,0.0,0.0,0.0,0,0
natural,h04,4,2022-09-23,159915,159915_ETF_BuyHold,159915__159915_ETF_BuyHold,True,ETF_BuyHold,0.0,2022-09-23,2026-05-27,886,0.811523001339884,0.18434135326069856,0.21824284765385954,0.3161633802176823,0.6902850276448738,0.5830572570858058,1.301193391436515,0.45098747658861343,0.40875049270792285,2023-02-01,2024-08-27,2024-10-08,406,0.4772727272727273,-0.16775244299674275,0.4381443298969072,1.811523001339884,0.0,,,,,0.0,0.0,0.0,0,0
natural,h05,5,2022-09-26,159915,159915_ETF_BuyHold,159915__159915_ETF_BuyHold,True,ETF_BuyHold,0.0,2022-09-26,2026-05-27,885,0.8002663115845539,0.18246502933161612,0.21670725874958205,0.3163292534605103,0.6850686630430001,0.5768199663342062,1.2915355329054479,0.4463970871883415,0.40875049270792274,2023-02-01,2024-08-27,2024-10-08,406,0.4772727272727273,-0.16775244299674275,0.4381443298969072,1.8002663115845539,0.0,,,,,0.0,0.0,0.0,0,0
natural,h06,6,2022-09-27,159915,159915_ETF_BuyHold,159915__159915_ETF_BuyHold,True,ETF_BuyHold,0.0,2022-09-27,2026-05-27,884,0.758889852558543,0.17486734090331857,0.21023909497447277,0.31627633428393764,0.6647322995268127,0.5528941686365035,1.2524989575175398,0.42780949264389523,0.40875049270792263,2023-02-01,2024-08-27,2024-10-08,406,0.4772727272727273,-0.16775244299674275,0.4381443298969072,1.758889852558543,0.0,,,,,0.0,0.0,0.0,0,0
natural,h07,7,2022-09-28,159915,159915_ETF_BuyHold,159915__159915_ETF_BuyHold,True,ETF_BuyHold,0.0,2022-09-28,2026-05-27,883,0.8034682080924855,0.18351523965905847,0.21753978318850423,0.31616022553335615,0.688068155383932,0.5804501162329063,1.2975876381325597,0.44896640599327997,0.40875049270792274,2023-02-01,2024-08-27,2024-10-08,406,0.4772727272727273,-0.16775244299674275,0.4381443298969072,1.8034682080924855,0.0,,,,,0.0,0.0,0.0,0,0
natural,h08,8,2022-09-29,159915,159915_ETF_BuyHold,159915__159915_ETF_BuyHold,True,ETF_BuyHold,0.0,2022-09-29,2026-05-27,882,0.7891486546096163,0.1810454971168265,0.21549738067407556,0.3163167076173458,0.6812709398036817,0.5723551515206101,1.2849030564498085,0.44292422968697087,0.40875049270792274,2023-02-01,2024-08-27,2024-10-08,406,0.4772727272727273,-0.16775244299674286,0.4381443298969072,1.7891486546096163,0.0,,,,,0.0,0.0,0.0,0,0
natural,h09,9,2022-09-30,159915,159915_ETF_BuyHold,159915__159915_ETF_BuyHold,True,ETF_BuyHold,0.0,2022-09-30,2026-05-27,881,0.8262044124268346,0.188223763805746,0.22155290688111157,0.31629376525915337,0.7004656152472166,0.5950916030593458,1.3216530708175316,0.46048571723739407,0.40875049270792274,2023-02-01,2024-08-27,2024-10-08,406,0.4772727272727273,-0.16775244299674263,0.4381443298969072,1.8262044124268346,0.0,,,,,0.0,0.0,0.0,0,0
natural,h10,10,2022-10-10,159915,159915_ETF_BuyHold,159915__159915_ETF_BuyHold,True,ETF_BuyHold,0.0,2022-10-10,2026-05-27,880,0.8725761772853187,0.1970313385276672,0.22890442581696108,0.31617518209468254,0.7239797390182663,0.6231714242159074,1.3672207675359278,0.482033274681477,0.40875049270792274,2023-02-01,2024-08-27,2024-10-08,406,0.4883720930232558,-0.16775244299674275,0.43814432989690744,1.8725761772853187,0.0,,,,,0.0,0.0,0.0,0,0
natural,h11,11,2022-10-11,159915,159915_ETF_BuyHold,159915__159915_ETF_BuyHold,True,ETF_BuyHold,0.0,2022-10-11,2026-05-27,879,0.8503649635036494,0.19318321217877732,0.22571988558677283,0.3162994132100099,0.7136272663171337,0.6107605771956065,1.3476696569504825,0.47261890964084685,0.40875049270792263,2023-02-01,2024-08-27,2024-10-08,406,0.4883720930232558,-0.16775244299674286,0.4381443298969072,1.8503649635036494,0.0,,,,,0.0,0.0,0.0,0,0
natural,h12,12,2022-10-12,159915,159915_ETF_BuyHold,159915__159915_ETF_BuyHold,True,ETF_BuyHold,0.0,2022-10-12,2026-05-27,878,0.7836411609498681,0.18089559094349594,0.21522810974448825,0.31587270294892456,0.6813760978240967,0.5726851014813588,1.284522488137261,0.44255748719734733,0.40875049270792274,2023-02-01,2024-08-27,2024-10-08,406,0.4883720930232558,-0.16775244299674263,0.43814432989690744,1.7836411609498681,0.0,,,,,0.0,0.0,0.0,0,0
natural,h13,13,2022-10-13,159915,159915_ETF_BuyHold,159915__159915_ETF_BuyHold,True,ETF_BuyHold,0.0,2022-10-13,2026-05-27,877,0.7773882559158634,0.1799271219423868,0.21446176793412752,0.31604991302351737,0.6785692990150242,0.5692997040280735,1.2794449766829514,0.4401881469313746,0.40875049270792263,2023-02-01,2024-08-27,2024-10-08,406,0.4883720930232558,-0.16775244299674263,0.4381443298969072,1.7773882559158634,0.0,,,,,0.0,0.0,0.0,0,0
natural,h14,14,2022-10-14,159915,159915_ETF_BuyHold,159915__159915_ETF_BuyHold,True,ETF_BuyHold,0.0,2022-10-14,2026-05-27,876,0.7150105708245242,0.1680699161959942,0.20423184518687706,0.3156542906104635,0.6470111487852752,0.5324493320555007,1.2179350364948875,0.41117972747274584,0.40875049270792263,2023-02-01,2024-08-27,2024-10-08,406,0.4883720930232558,-0.16775244299674263,0.4381443298969072,1.7150105708245242,0.0,,,,,0.0,0.0,0.0,0,0
natural,h15,15,2022-10-17,159915,159915_ETF_BuyHold,159915__159915_ETF_BuyHold,True,ETF_BuyHold,0.0,2022-10-17,2026-05-27,875,0.7171888230313292,0.16870520003532352,0.20483126575758917,0.3158330486467617,0.6485428508359787,0.5341594261847153,1.2209447453989732,0.4127339368270162,0.40875049270792274,2023-02-01,2024-08-27,2024-10-08,406,0.4883720930232558,-0.16775244299674275,0.4381443298969072,1.7171888230313292,0.0,,,,,0.0,0.0,0.0,0,0
natural,h16,16,2022-10-18,159915,159915_ETF_BuyHold,159915__159915_ETF_BuyHold,True,ETF_BuyHold,0.0,2022-10-18,2026-05-27,874,0.709228824273072,0.16734723796175488,0.20372158598134835,0.31600732861965125,0.644673612068501,0.5295675853238684,1.2138514252710173,0.4094117094589895,0.40875049270792274,2023-02-01,2024-08-27,2024-10-08,406,0.4883720930232558,-0.16775244299674286,0.43814432989690744,1.709228824273072,0.0,,,,,0.0,0.0,0.0,0,0
natural,h17,17,2022-10-19,159915,159915_ETF_BuyHold,159915__159915_ETF_BuyHold,True,ETF_BuyHold,0.0,2022-10-19,2026-05-27,873,0.7222929936305733,0.17012637060880098,0.20614730388359712,0.3161564085419849,0.6520421484868342,0.538108246463739,1.2276180642685492,0.41621080254052856,0.40875049270792274,2023-02-01,2024-08-27,2024-10-08,406,0.4883720930232558,-0.16775244299674275,0.4381443298969072,1.7222929936305733,0.0,,,,,0.0,0.0,0.0,0,0
natural,h18,18,2022-10-20,159915,159915_ETF_BuyHold,159915__159915_ETF_BuyHold,True,ETF_BuyHold,0.0,2022-10-20,2026-05-27,872,0.735558408215661,0.1729383496569714,0.20859536582798896,0.3163052383039344,0.6594749013532044,0.5467451332272808,1.2415024044124445,0.42309025369309206,0.40875049270792274,2023-02-01,2024-08-27,2024-10-08,406,0.4883720930232558,-0.16775244299674275,0.43814432989690744,1.735558408215661,0.0,,,,,0.0,0.0,0.0,0,0
natural,h19,19,2022-10-21,159915,159915_ETF_BuyHold,159915__159915_ETF_BuyHold,True,ETF_BuyHold,0.0,2022-10-21,2026-05-27,871,0.7475226195605342,0.17549021852804714,0.21081822122760172,0.3164601668399999,0.66617616786567,0.554541256425406,1.2540166584571835,0.42933335043939785,0.40875049270792274,2023-02-01,2024-08-27,2024-10-08,406,0.4883720930232558,-0.16775244299674275,0.4381443298969072,1.7475226195605342,0.0,,,,,0.0,0.0,0.0,0,0
natural,h20,20,2022-10-24,159915,159915_ETF_BuyHold,159915__159915_ETF_BuyHold,True,ETF_BuyHold,0.0,2022-10-24,2026-05-27,870,0.7899382171226832,0.18391390758621418,0.217932585096728,0.3163660431319884,0.6888621260967828,0.581332641662446,1.2977017259301356,0.4499417391959743,0.40875049270792274,2023-02-01,2024-08-27,2024-10-08,406,0.4883720930232558,-0.16775244299674263,0.43814432989690744,1.7899382171226832,0.0,,,,,0.0,0.0,0.0,0,0
natural,h00,0,2022-09-19,510050,510050_DTE30_D40_Q70_Hold,510050__510050_DTE30_D40_Q70_Hold,False,D40,0.7,2022-09-19,2026-05-27,890,0.17881351419599767,0.047736698684140544,0.05367681651321779,0.11871104496675317,0.4521636257877336,0.40212516617564886,0.7354860551957958,0.3246261022712962,0.14705132566402834,2023-01-20,2024-01-17,2024-09-30,408,0.5909090909090909,-0.10956558962470775,0.1054025306546138,1.1784072267320438,0.011628362633870851,0.11816483720502667,0.8563351627949732,0.7045454545454546,0.45454545454545453,0.015028483226008724,0.06413721774193554,0.12523790322580644,44,0
natural,h01,1,2022-09-20,510050,510050_DTE30_D40_Q70_Hold,510050__510050_DTE30_D40_Q70_Hold,False,D40,0.7,2022-09-20,2026-05-27,889,0.17905296312871122,0.047852115521864746,0.05379622980337096,0.11878879705520659,0.45287292351625885,0.40283357276213244,0.7366682446314796,0.32541097678502867,0.14705132566402812,2023-01-20,2024-01-17,2024-09-30,408,0.5909090909090909,-0.10967239908426951,0.10540253065461402,1.1786908213988663,0.011179076789021478,0.11499453095312552,0.8595054690468744,0.7045454545454546,0.45454545454545453,0.015036024085731039,0.06417645161290324,0.12523790322580644,44,0
natural,h02,2,2022-09-21,510050,510050_DTE30_D40_Q70_Hold,510050__510050_DTE30_D40_Q70_Hold,False,D40,0.7,2022-09-21,2026-05-27,888,0.18651136006056257,0.04978635436611212,0.055644223503326026,0.11881737295126045,0.4683172344346613,0.4190157813582931,0.7617030419839439,0.33856447156321584,0.14705132566402834,2023-01-20,2024-01-17,2024-09-30,408,0.5909090909090909,-0.1098165392429633,0.1054025306546138,1.186205201769768,0.010572049805357888,0.11080799689195914,0.8636920031080408,0.7045454545454546,0.45454545454545453,0.015043564945453372,0.06421568548387095,0.12523790322580644,44,0
natural,h03,3,2022-09-22,510050,510050_DTE30_D40_Q70_Hold,510050__510050_DTE30_D40_Q70_Hold,False,D40,0.7,2022-09-22,2026-05-27,887,0.19970915735322503,0.05315218896535323,0.058816406681326615,0.11857020640689116,0.49604709702106314,0.44827609376805544,0.8078649822035427,0.3614533138367711,0.14705132566402823,2023-01-20,2024-01-17,2024-09-30,408,0.5909090909090909,-0.10644792068762565,0.1054025306546138,1.199305724819339,0.011472756612645654,0.11745840436082558,0.8570415956391743,0.7045454545454546,0.45454545454545453,0.015051105805175689,0.06425491935483865,0.12523790322580644,44,0
natural,h04,4,2022-09-23,510050,510050_DTE30_D40_Q70_Hold,510050__510050_DTE30_D40_Q70_Hold,False,D40,0.7,2022-09-23,2026-05-27,886,0.1979981266124453,0.05278588382870719,0.05847670916656476,0.11863992796063805,0.49289231856214516,0.44492511699956794,0.802819627266158,0.35896231190263783,0.147051325664028,2023-01-20,2024-01-17,2024-09-30,408,0.5909090909090909,-0.10649034404717306,0.1054025306546138,1.197614778420744,0.011293059202161665,0.11608271405494887,0.8584172859450511,0.7045454545454546,0.45454545454545453,0.01505864666489802,0.06429415322580637,0.12523790322580644,44,0
natural,h05,5,2022-09-26,510050,510050_DTE30_D40_Q70_Hold,510050__510050_DTE30_D40_Q70_Hold,False,D40,0.7,2022-09-26,2026-05-27,885,0.20329577072272054,0.054172266244983724,0.05979945378895983,0.11869408258201965,0.5038115842686377,0.456402417597775,0.8204336697989638,0.3683901930184052,0.14705132566402823,2023-01-20,2024-01-17,2024-09-30,408,0.5909090909090909,-0.10663746120281103,0.10540253065461402,1.2029752878107036,0.010642796835849871,0.11151881160352214,0.8629811883964777,0.7045454545454546,0.45454545454545453,0.015066187524620337,0.06433338709677407,0.12523790322580644,44,0
natural,h06,6,2022-09-27,510050,510050_DTE30_D40_Q70_Hold,510050__510050_DTE30_D40_Q70_Hold,False,D40,0.7,2022-09-27,2026-05-27,884,0.193738985834917,0.051838885246341615,0.05758045449381756,0.118672377986933,0.4852051966141417,0.43682351466867536,0.7898273121037642,0.3525223932001755,0.14705132566402823,2023-01-20,2024-01-17,2024-09-30,408,0.5909090909090909,-0.10650272735574884,0.1054025306546138,1.1933638463457914,0.011270788276357586,0.11559720130525711,0.8589027986947428,0.7045454545454546,0.45454545454545453,0.015073728384342653,0.06437262096774177,0.12523790322580644,44,0
natural,h07,7,2022-09-28,510050,510050_DTE30_D40_Q70_Hold,510050__510050_DTE30_D40_Q70_Hold,False,D40,0.7,2022-09-28,2026-05-27,883,0.20305356318864232,0.054237744542796396,0.0598598253569848,0.11867926958363822,0.5043831628471482,0.4570111084528777,0.8210454073327388,0.3688354681460995,0.14705132566402823,2023-01-20,2024-01-17,2024-09-30,408,0.5909090909090909,-0.10672104688923545,0.10540253065461402,1.2027708546775175,0.010301651348905384,0.10882996347420826,0.8656700365257917,0.7045454545454546,0.45454545454545453,0.015081269244064987,0.06441185483870948,0.12523790322580644,44,0
natural,h08,8,2022-09-29,510050,510050_DTE30_D40_Q70_Hold,510050__510050_DTE30_D40_Q70_Hold,False,D40,0.7,2022-09-29,2026-05-27,882,0.20182482282030212,0.05399282836350472,0.05963608299504295,0.11875221082467674,0.5021892441487967,0.454667984608881,0.8175625675492858,0.36716995320983026,0.14705132566402812,2023-01-20,2024-01-17,2024-09-30,408,0.5909090909090909,-0.1067852066877214,0.1054025306546138,1.2015715351787957,0.010021974257206015,0.10673909992481817,0.8677609000751817,0.7045454545454546,0.45454545454545453,0.015088810103787301,0.06445108870967718,0.12523790322580644,44,0
natural,h09,9,2022-09-30,510050,510050_DTE30_D40_Q70_Hold,510050__510050_DTE30_D40_Q70_Hold,False,D40,0.7,2022-09-30,2026-05-27,881,0.20135656502100474,0.05393819185002302,0.059592794259864516,0.11882435053630284,0.5015200503171101,0.45393214106854296,0.8165747768195886,0.3667984059746386,0.14705132566402823,2023-01-20,2024-01-17,2024-09-30,408,0.5909090909090909,-0.10683340458830759,0.1054025306546138,1.2011251293455296,0.00981452060885413,0.10517061812033877,0.869329381879661,0.7045454545454546,0.45454545454545453,0.015096350963509635,0.06449032258064534,0.12523790322580644,44,0
natural,h10,10,2022-10-10,510050,510050_DTE30_D40_Q70_Hold,510050__510050_DTE30_D40_Q70_Hold,False,D40,0.7,2022-10-10,2026-05-27,880,0.25025384613267465,0.06612556471569397,0.07121659237830112,0.1199086146892226,0.5939239024892353,0.5514663386536259,0.9834925660497191,0.44967676705460463,0.14705132566402812,2023-01-20,2024-01-17,2024-09-30,408,0.6046511627906976,-0.06398107780116846,0.12491186200002402,1.2498672247112999,0.014452591673179518,0.1491881364946801,0.8253118635053197,0.7209302325581395,0.4418604651162791,0.013886632634928833,0.06452955645161304,0.12523790322580644,43,0
natural,h11,11,2022-10-11,510050,510050_DTE30_D40_Q70_Hold,510050__510050_DTE30_D40_Q70_Hold,False,D40,0.7,2022-10-11,2026-05-27,879,0.25285414982601395,0.06683930820600548,0.07189545348872078,0.11998757655001584,0.5991908125484288,0.557051905937479,0.9921876084083138,0.45453047025713206,0.14705132566402834,2023-01-20,2024-01-17,2024-09-30,408,0.6046511627906976,-0.06398107780116857,0.12502774500431935,1.2524984860131552,0.01417920565230856,0.14706650502609758,0.8274334949739023,0.7209302325581395,0.4418604651162791,0.013889737815614742,0.06456879032258075,0.12523790322580644,43,0
natural,h12,12,2022-10-12,510050,510050_DTE30_D40_Q70_Hold,510050__510050_DTE30_D40_Q70_Hold,False,D40,0.7,2022-10-12,2026-05-27,878,0.24807134655241692,0.06574607605024751,0.07087159336810366,0.1200013000286217,0.5905902131993569,0.5478780316093769,0.9779244151029355,0.4470961125536477,0.14705132566402834,2023-01-20,2024-01-17,2024-09-30,408,0.6046511627906976,-0.06398107780116846,0.12475977143051153,1.2476436487644098,0.014872100332902462,0.15197114728916927,0.8225288527108305,0.7209302325581395,0.4418604651162791,0.013892842996300657,0.06460802419354846,0.12523790322580644,43,0
natural,h13,13,2022-10-13,510050,510050_DTE30_D40_Q70_Hold,510050__510050_DTE30_D40_Q70_Hold,False,D40,0.7,2022-10-13,2026-05-27,877,0.2659334502778752,0.07018944378197345,0.07493090913451876,0.11913970915075471,0.6289331211955885,0.5891355978816306,1.0413947979935922,0.4773125537292805,0.14705132566402834,2023-01-20,2024-01-17,2024-09-30,408,0.6046511627906976,-0.06398107780116846,0.12490067478842737,1.265409949272417,0.015539766502701035,0.15780321150078577,0.8166967884992141,0.7209302325581395,0.4418604651162791,0.013895948176986568,0.06464725806451617,0.12523790322580644,43,0
natural,h14,14,2022-10-14,510050,510050_DTE30_D40_Q70_Hold,510050__510050_DTE30_D40_Q70_Hold,False,D40,0.7,2022-10-14,2026-05-27,876,0.22962188474545608,0.061339227521856055,0.06674557580071523,0.12015392600301918,0.5555005818040276,0.5105053955566524,0.9167960000259346,0.41712801462259125,0.1470513256640279,2023-01-20,2024-01-17,2024-09-30,408,0.6046511627906976,-0.06398107780116846,0.12463348041544964,1.2292991335931482,0.014139951437726459,0.145266818536456,0.8292331814635439,0.7209302325581395,0.4418604651162791,0.013899053357672483,0.06468649193548387,0.12523790322580644,43,0
natural,h15,15,2022-10-17,510050,510050_DTE30_D40_Q70_Hold,510050__510050_DTE30_D40_Q70_Hold,False,D40,0.7,2022-10-17,2026-05-27,875,0.23483084553164413,0.06270601233836359,0.06797892797391966,0.11970249475553797,0.5678990075582753,0.5238488342822323,0.9377678929590615,0.42642262526507,0.147051325664028,2023-01-20,2024-01-17,2024-09-30,408,0.6046511627906976,-0.06398107780116846,0.12470816053129186,1.2343980780419277,0.015092344780603307,0.15261570192302104,0.8218842980769787,0.7209302325581395,0.4418604651162791,0.013902158538358392,0.06472572580645157,0.12523790322580644,43,0
natural,h16,16,2022-10-18,510050,510050_DTE30_D40_Q70_Hold,510050__510050_DTE30_D40_Q70_Hold,False,D40,0.7,2022-10-18,2026-05-27,874,0.23893799110922376,0.06379922557092055,0.06901825645603568,0.11979399003750633,0.576141227405705,0.5325745102149585,0.9513211695860617,0.4338568542842256,0.14705132566402834,2023-01-20,2024-01-17,2024-09-30,408,0.6046511627906976,-0.06398107780116846,0.12498197129947686,1.2385776040948429,0.01442111961158974,0.14765349572744796,0.8268465042725519,0.7209302325581395,0.4418604651162791,0.0139052637190443,0.06476495967741928,0.12523790322580644,43,0
natural,h17,17,2022-10-19,510050,510050_DTE30_D40_Q70_Hold,510050__510050_DTE30_D40_Q70_Hold,False,D40,0.7,2022-10-19,2026-05-27,873,0.2634863234246687,0.0699240646415571,0.07465742848522981,0.11892539728455655,0.6277669042096586,0.5879657855945403,1.03820458189161,0.4755078835624677,0.1470513256640279,2023-01-20,2024-01-17,2024-09-30,408,0.6046511627906976,-0.06398107780116846,0.12543129192747515,1.2631158753618328,0.014346488182245308,0.147847104803481,0.8266528951965189,0.7209302325581395,0.4418604651162791,0.013908368899730216,0.06480419354838698,0.12523790322580644,43,0
natural,h18,18,2022-10-20,510050,510050_DTE30_D40_Q70_Hold,510050__510050_DTE30_D40_Q70_Hold,False,D40,0.7,2022-10-20,2026-05-27,872,0.268407409550967,0.07121118263727166,0.07586768769870925,0.11898995111925298,0.6375974356244071,0.5984638363781078,1.0543723291602891,0.4842607322015545,0.14705132566402845,2023-01-20,2024-01-17,2024-09-30,408,0.6046511627906976,-0.06398107780116846,0.12556939085650876,1.268073667330146,0.014016942243487346,0.14532067178419492,0.8291793282158049,0.7209302325581395,0.4418604651162791,0.013911474080416125,0.0648434274193547,0.12523790322580644,43,0
natural,h19,19,2022-10-21,510050,510050_DTE30_D40_Q70_Hold,510050__510050_DTE30_D40_Q70_Hold,False,D40,0.7,2022-10-21,2026-05-27,871,0.27556683075993194,0.0730438843430885,0.07758249215294515,0.1190314482592493,0.651781468574349,0.6136519836673722,1.0777840966773715,0.49672373923356294,0.14705132566402823,2023-01-20,2024-01-17,2024-09-30,408,0.6046511627906976,-0.06398107780116857,0.12569244799094648,1.2752649878332902,0.013725400183303272,0.1430830913598577,0.8314169086401421,0.7209302325581395,0.4418604651162791,0.013914579261102043,0.0648826612903224,0.12523790322580644,43,0
natural,h20,20,2022-10-24,510050,510050_DTE30_D40_Q70_Hold,510050__510050_DTE30_D40_Q70_Hold,False,D40,0.7,2022-10-24,2026-05-27,870,0.29820854060387214,0.0786203001250152,0.08244102324152729,0.11624680961696217,0.709189555508437,0.676322218081272,1.1775370776641843,0.5346452999998168,0.14705132566402834,2023-01-20,2024-01-17,2024-09-30,408,0.6046511627906976,-0.06398107780116846,0.10517838152977554,1.2978018963394806,0.008418024499751953,0.09402802031520957,0.8804719796847902,0.6976744186046512,0.46511627906976744,0.014703438406933065,0.06492189516129011,0.12523790322580644,43,0
natural,h00,0,2022-09-19,510050,510050_ETF_BuyHold,510050__510050_ETF_BuyHold,True,ETF_BuyHold,0.0,2022-09-19,2026-05-27,890,0.10628907686649502,0.029046975615370618,0.04203537360641795,0.16403248532651118,0.25626249290038733,0.17708062861787294,0.4483733198166704,0.1345607049238876,0.2158652158652159,2023-01-30,2024-01-17,2024-09-30,407,0.5,-0.11962264150943391,0.19761218608480857,1.106289076866495,0.0,,,,,0.0,0.0,0.0,0,0
natural,h01,1,2022-09-20,510050,510050_ETF_BuyHold,510050__510050_ETF_BuyHold,True,ETF_BuyHold,0.0,2022-09-20,2026-05-27,889,0.10832719233603538,0.02961782083262987,0.04260456396391139,0.1641214382146469,0.25959170494345074,0.18046283992402068,0.45420740553704586,0.13720515699538616,0.2158652158652159,2023-01-30,2024-01-17,2024-09-30,407,0.5,-0.1196226415094338,0.19761218608480857,1.1083271923360354,0.0,,,,,0.0,0.0,0.0,0,0
natural,h02,2,2022-09-21,510050,510050_ETF_BuyHold,510050__510050_ETF_BuyHold,True,ETF_BuyHold,0.0,2022-09-21,2026-05-27,888,0.1178000743218135,0.03214432833704861,0.045060254814309336,0.1641492433341992,0.274507843588222,0.19582379841742223,0.48031364364717477,0.14890925436138444,0.215865215865216,2023-01-30,2024-01-17,2024-09-30,407,0.5,-0.11962264150943391,0.19761218608480857,1.1178000743218135,0.0,,,,,0.0,0.0,0.0,0,0
natural,h03,3,2022-09-22,510050,510050_ETF_BuyHold,510050__510050_ETF_BuyHold,True,ETF_BuyHold,0.0,2022-09-22,2026-05-27,887,0.1265917602996256,0.0344837539915539,0.047330701133452245,0.16418664793554938,0.28827375263810534,0.21002776063185308,0.5043863085155332,0.15974669125518218,0.2158652158652159,2023-01-30,2024-01-17,2024-09-30,407,0.5,-0.11962264150943391,0.1976121860848088,1.1265917602996256,0.0,,,,,0.0,0.0,0.0,0,0
natural,h04,4,2022-09-23,510050,510050_ETF_BuyHold,510050__510050_ETF_BuyHold,True,ETF_BuyHold,0.0,2022-09-23,2026-05-27,886,0.12574850299401197,0.034302833499340046,0.04717088944553059,0.16427921383086513,0.2871385146394463,0.208808118199645,0.5024947255373229,0.15890857339775574,0.2158652158652159,2023-01-30,2024-01-17,2024-09-30,407,0.5,-0.1196226415094338,0.1976121860848088,1.125748502994012,0.0,,,,,0.0,0.0,0.0,0,0
natural,h05,5,2022-09-26,510050,510050_ETF_BuyHold,510050__510050_ETF_BuyHold,True,ETF_BuyHold,0.0,2022-09-26,2026-05-27,885,0.13338357196684258,0.03633725569317381,0.049144617590173474,0.16433054256167792,0.29905954683821545,0.22112295819588987,0.5233165435673955,0.16833307556073515,0.215865215865216,2023-01-30,2024-01-17,2024-09-30,407,0.5,-0.11962264150943391,0.19761218608480857,1.1333835719668426,0.0,,,,,0.0,0.0,0.0,0,0
natural,h06,6,2022-09-27,510050,510050_ETF_BuyHold,510050__510050_ETF_BuyHold,True,ETF_BuyHold,0.0,2022-09-27,2026-05-27,884,0.12196941439761289,0.03338967581803787,0.04629690201782649,0.1643370463043353,0.2817192048839031,0.20317802083532416,0.4928071917987701,0.15467835187900783,0.215865215865216,2023-01-30,2024-01-17,2024-09-30,407,0.5,-0.11962264150943391,0.1976121860848088,1.1219694143976129,0.0,,,,,0.0,0.0,0.0,0,0
natural,h07,7,2022-09-28,510050,510050_ETF_BuyHold,510050__510050_ETF_BuyHold,True,ETF_BuyHold,0.0,2022-09-28,2026-05-27,883,0.13466616371180695,0.03675610448356914,0.0495464941312666,0.16431760700088577,0.3015288199212852,0.22368938517569212,0.5276133006870302,0.1702734010954284,0.2158652158652159,2023-01-30,2024-01-17,2024-09-30,407,0.5,-0.1196226415094338,0.19761218608480857,1.134666163711807,0.0,,,,,0.0,0.0,0.0,0,0
natural,h08,8,2022-09-29,510050,510050_ETF_BuyHold,510050__510050_ETF_BuyHold,True,ETF_BuyHold,0.0,2022-09-29,2026-05-27,882,0.13466616371180695,0.03679858376765299,0.049602733057635795,0.16441090906580344,0.30169976760959893,0.22382081564262146,0.5280127514242833,0.17047018724234692,0.2158652158652159,2023-01-30,2024-01-17,2024-09-30,407,0.5,-0.1196226415094338,0.19761218608480857,1.134666163711807,0.0,,,,,0.0,0.0,0.0,0,0
natural,h09,9,2022-09-30,510050,510050_ETF_BuyHold,510050__510050_ETF_BuyHold,True,ETF_BuyHold,0.0,2022-09-30,2026-05-27,881,0.1350943396226416,0.036953189128800856,0.04976712078668214,0.16450411657033495,0.302528117984232,0.2246338261875729,0.5295415238244477,0.1711863997202498,0.2158652158652159,2023-01-30,2024-01-17,2024-09-30,407,0.5,-0.11962264150943391,0.19761218608480857,1.1350943396226416,0.0,,,,,0.0,0.0,0.0,0,0
natural,h10,10,2022-10-10,510050,510050_ETF_BuyHold,510050__510050_ETF_BuyHold,True,ETF_BuyHold,0.0,2022-10-10,2026-05-27,880,0.1631863882443929,0.04428962420930116,0.05674755862130684,0.16407948185832097,0.34585408229352604,0.2699278648840705,0.6077269822024538,0.2051725843452016,0.2158652158652159,2023-01-30,2024-01-17,2024-09-30,407,0.5116279069767442,-0.0707652897854627,0.19761218608480857,1.163186388244393,0.0,,,,,0.0,0.0,0.0,0,0
natural,h11,11,2022-10-11,510050,510050_ETF_BuyHold,510050__510050_ETF_BuyHold,True,ETF_BuyHold,0.0,2022-10-11,2026-05-27,879,0.16679596586501177,0.04527029837387819,0.057700098399450596,0.16416335102035226,0.3514797793832632,0.2757637322368363,0.617577022465126,0.20971557734500643,0.2158652158652159,2023-01-30,2024-01-17,2024-09-30,407,0.5116279069767442,-0.0707652897854627,0.19761218608480857,1.1667959658650118,0.0,,,,,0.0,0.0,0.0,0,0
natural,h12,12,2022-10-12,510050,510050_ETF_BuyHold,510050__510050_ETF_BuyHold,True,ETF_BuyHold,0.0,2022-10-12,2026-05-27,878,0.1595990747879723,0.04346629942121827,0.05598253511007817,0.16422569901891568,0.3408877870182185,0.2646741629409157,0.5989664011553737,0.20135851553016396,0.2158652158652159,2023-01-30,2024-01-17,2024-09-30,407,0.5116279069767442,-0.07076528978546259,0.19761218608480857,1.1595990747879723,0.0,,,,,0.0,0.0,0.0,0,0
natural,h13,13,2022-10-13,510050,510050_ETF_BuyHold,510050__510050_ETF_BuyHold,True,ETF_BuyHold,0.0,2022-10-13,2026-05-27,877,0.173166926677067,0.04701480410751091,0.059373403172339766,0.1641975719027083,0.3615973274411158,0.28633069029405933,0.6355802316984874,0.2177970356134936,0.2158652158652159,2023-01-30,2024-01-17,2024-09-30,407,0.5116279069767442,-0.07076528978546281,0.19761218608480857,1.173166926677067,0.0,,,,,0.0,0.0,0.0,0,0
natural,h14,14,2022-10-14,510050,510050_ETF_BuyHold,510050__510050_ETF_BuyHold,True,ETF_BuyHold,0.0,2022-10-14,2026-05-27,876,0.14590476190476198,0.04000343797465078,0.05258946441848851,0.16380331678798657,0.32105250033829263,0.24421628791819833,0.5627453227643575,0.18531673949557723,0.215865215865216,2023-01-30,2024-01-17,2024-09-30,407,0.5116279069767442,-0.0707652897854627,0.19761218608480857,1.145904761904762,0.0,,,,,0.0,0.0,0.0,0,0
natural,h15,15,2022-10-17,510050,510050_ETF_BuyHold,510050__510050_ETF_BuyHold,True,ETF_BuyHold,0.0,2022-10-17,2026-05-27,875,0.14677849790316433,0.04027870309443937,0.05286931506427676,0.1638962757364422,0.32257789157634487,0.24575728102089778,0.5654814845102502,0.18659191075781748,0.2158652158652159,2023-01-30,2024-01-17,2024-09-30,407,0.5116279069767442,-0.07076528978546259,0.19761218608480857,1.1467784979031643,0.0,,,,,0.0,0.0,0.0,0,0
natural,h16,16,2022-10-18,510050,510050_ETF_BuyHold,510050__510050_ETF_BuyHold,True,ETF_BuyHold,0.0,2022-10-18,2026-05-27,874,0.15337423312883436,0.042049424559066795,0.054580617807090163,0.1639592193386648,0.3328914228016148,0.25646270291280115,0.58350233611994,0.19479481393297768,0.2158652158652159,2023-01-30,2024-01-17,2024-09-30,407,0.5116279069767442,-0.0707652897854627,0.19761218608480857,1.1533742331288344,0.0,,,,,0.0,0.0,0.0,0,0
natural,h17,17,2022-10-19,510050,510050_ETF_BuyHold,510050__510050_ETF_BuyHold,True,ETF_BuyHold,0.0,2022-10-19,2026-05-27,873,0.17637856863511936,0.04806318471943816,0.06029448790828009,0.16370783966052163,0.3683054399429607,0.29359122213759603,0.6470136319709536,0.2226536801067956,0.2158652158652159,2023-01-30,2024-01-17,2024-09-30,407,0.5116279069767442,-0.0707652897854627,0.19761218608480857,1.1763785686351194,0.0,,,,,0.0,0.0,0.0,0,0
natural,h18,18,2022-10-20,510050,510050_ETF_BuyHold,510050__510050_ETF_BuyHold,True,ETF_BuyHold,0.0,2022-10-20,2026-05-27,872,0.1823899371069182,0.0496664672396856,0.06183465252497678,0.16377681148733042,0.3775543800335876,0.3032570165986394,0.6631918084611608,0.23008091896888508,0.2158652158652158,2023-01-30,2024-01-17,2024-09-30,407,0.5116279069767442,-0.0707652897854627,0.19761218608480857,1.1823899371069182,0.0,,,,,0.0,0.0,0.0,0,0
natural,h19,19,2022-10-21,510050,510050_ETF_BuyHold,510050__510050_ETF_BuyHold,True,ETF_BuyHold,0.0,2022-10-21,2026-05-27,871,0.190344281757024,0.05176558746245097,0.0638413156475921,0.16382849760749277,0.3896838253412164,0.3159742548971739,0.684444260243225,0.23980513606589057,0.215865215865216,2023-01-30,2024-01-17,2024-09-30,407,0.5116279069767442,-0.07076528978546293,0.19761218608480857,1.190344281757024,0.0,,,,,0.0,0.0,0.0,0,0
natural,h20,20,2022-10-24,510050,510050_ETF_BuyHold,510050__510050_ETF_BuyHold,True,ETF_BuyHold,0.0,2022-10-24,2026-05-27,870,0.23329233292332918,0.06269368845094703,0.07401331171703454,0.16282834625994205,0.4545480772670773,0.3850293262259245,0.8064560612851188,0.2904297860109726,0.2158652158652158,2023-01-30,2024-01-17,2024-09-30,407,0.5116279069767442,-0.07076528978546259,0.19761218608480857,1.2332923329233292,0.0,,,,,0.0,0.0,0.0,0,0
natural,h00,0,2022-09-19,510300,510300_DTE30_D40_Q70_Hold,510300__510300_DTE30_D40_Q70_Hold,False,D40,0.7,2022-09-19,2026-05-27,890,0.27776680808039944,0.07195179883317193,0.07719495912123166,0.12402113595452745,0.6224338982795266,0.5801575536249981,0.9992908040261296,0.4374379536750794,0.1644845817073668,2023-01-13,2024-02-02,2024-10-08,414,0.5909090909090909,-0.07079837385513843,0.09807230965780889,1.2775049347540997,0.0017990407750157567,0.032509320027743614,0.9419906799722565,0.75,0.4090909090909091,0.011947464029816703,0.07889447322970647,0.16683937823834197,44,0
natural,h01,1,2022-09-20,510300,510300_DTE30_D40_Q70_Hold,510300__510300_DTE30_D40_Q70_Hold,False,D40,0.7,2022-09-20,2026-05-27,889,0.27648321524342645,0.07172995294756146,0.07699689062357185,0.12409339225823869,0.620475347013974,0.5780320099420865,0.9962844347683544,0.43608922005331535,0.1644845817073669,2023-01-13,2024-02-02,2024-10-08,414,0.5909090909090909,-0.07081542769017446,0.09807230965780889,1.2762371507948174,0.001658508391701724,0.03135204610604177,0.9431479538939582,0.75,0.4090909090909091,0.011952328207395595,0.07895935521013243,0.16683937823834197,44,0
natural,h02,2,2022-09-21,510300,510300_DTE30_D40_Q70_Hold,510300__510300_DTE30_D40_Q70_Hold,False,D40,0.7,2022-09-21,2026-05-27,888,0.2932832465456159,0.07580258126128814,0.0807488938525107,0.12375490307052452,0.6524904617839192,0.612521842614109,1.048351859480421,0.4608491596868803,0.16448458170736713,2023-01-13,2024-02-02,2024-10-08,414,0.5909090909090909,-0.06807667327258116,0.09807230965780889,1.2928589608315988,0.0031882678423041646,0.044051506453696265,0.9304484935463038,0.75,0.4090909090909091,0.0119571923849745,0.0790242371905584,0.16683937823834197,44,0
natural,h03,3,2022-09-22,510300,510300_DTE30_D40_Q70_Hold,510300__510300_DTE30_D40_Q70_Hold,False,D40,0.7,2022-09-22,2026-05-27,887,0.29948652511697893,0.07735657892144765,0.08219918856560218,0.12380631972612606,0.6639337050599381,0.6248193072257489,1.0665806453588473,0.47029683948780115,0.1644845817073669,2023-01-13,2024-02-02,2024-10-08,414,0.5909090909090909,-0.0681572492257555,0.09807230965780911,1.299138469614963,0.0024694536941156685,0.03844096725696925,0.9360590327430309,0.75,0.4090909090909091,0.011962056562553395,0.07908911917098436,0.16683937823834197,44,0
natural,h04,4,2022-09-23,510300,510300_DTE30_D40_Q70_Hold,510300__510300_DTE30_D40_Q70_Hold,False,D40,0.7,2022-09-23,2026-05-27,886,0.3012881657032649,0.07787243060628901,0.0826866901621675,0.12387608133393056,0.6674952038502934,0.6286316919920132,1.0722934456294186,0.47343300993907916,0.16448458170736668,2023-01-13,2024-02-02,2024-10-08,414,0.5909090909090909,-0.06817774717796843,0.09807230965780889,1.300959635210513,0.0022877302213327494,0.036997829826325185,0.937502170173675,0.75,0.4090909090909091,0.011966920740132298,0.07915400115141032,0.16683937823834197,44,0
natural,h05,5,2022-09-26,510300,510300_DTE30_D40_Q70_Hold,510300__510300_DTE30_D40_Q70_Hold,False,D40,0.7,2022-09-26,2026-05-27,885,0.3073894638557193,0.07940225317839134,0.08411153539592796,0.1239251535296894,0.6787285147544879,0.6407274949178782,1.090186592281751,0.482733714942688,0.1644845817073669,2023-01-13,2024-02-02,2024-10-08,414,0.5909090909090909,-0.06823174774733654,0.09807230965780889,1.3071123418861499,0.0018059897010469506,0.033175085956085225,0.9413249140439149,0.75,0.4090909090909091,0.011971784917711193,0.07921888313183628,0.16683937823834197,44,0
natural,h06,6,2022-09-27,510300,510300_DTE30_D40_Q70_Hold,510300__510300_DTE30_D40_Q70_Hold,False,D40,0.7,2022-09-27,2026-05-27,884,0.29413171692956697,0.07636017004950668,0.08128126388890171,0.12386722305624265,0.6561967071143224,0.6164679256176987,1.0532040927100597,0.4642390749143792,0.16448458170736702,2023-01-13,2024-02-02,2024-10-08,414,0.5909090909090909,-0.06815139728772446,0.09807230965780911,1.2937807381833448,0.002541467709194241,0.038756415798086884,0.9357435842019133,0.75,0.4090909090909091,0.011976649095290087,0.07928376511226225,0.16683937823834197,44,0
natural,h07,7,2022-09-28,510300,510300_DTE30_D40_Q70_Hold,510300__510300_DTE30_D40_Q70_Hold,False,D40,0.7,2022-09-28,2026-05-27,883,0.3073279983751571,0.07957478415057517,0.0842592884158262,0.12382691847669568,0.6804601895320835,0.6426291240183871,1.092528479156298,0.4837826337555819,0.1644845817073669,2023-01-13,2024-02-02,2024-10-08,414,0.5909090909090909,-0.0682817949805935,0.09807230965780933,1.3071014138849584,0.0013798764399357375,0.029498025370123235,0.9450019746298769,0.75,0.4090909090909091,0.011981513272868992,0.07934864709268821,0.16683937823834197,44,0
natural,h08,8,2022-09-29,510300,510300_DTE30_D40_Q70_Hold,510300__510300_DTE30_D40_Q70_Hold,False,D40,0.7,2022-09-29,2026-05-27,882,0.30650368623132107,0.07947384441826877,0.08417466970897367,0.12389884781397692,0.6793821830801401,0.6414413517193611,1.0909544837727314,0.48316896084315125,0.16448458170736668,2023-01-13,2024-02-02,2024-10-08,414,0.5909090909090909,-0.06829359256673495,0.09807230965780889,1.3062892807226893,0.0012747778875216323,0.028617266347558054,0.945882733652442,0.75,0.4090909090909091,0.011986377450447885,0.07941352907311418,0.16683937823834197,44,0
natural,h09,9,2022-09-30,510300,510300_DTE30_D40_Q70_Hold,510300__510300_DTE30_D40_Q70_Hold,False,D40,0.7,2022-09-30,2026-05-27,881,0.3206247181698956,0.08289621164515615,0.08728321889797556,0.12343119344023053,0.7071406867684626,0.671598558959873,1.1364189239892553,0.5039755750033524,0.1644845817073669,2023-01-13,2024-02-02,2024-10-08,414,0.5909090909090909,-0.06544409056545941,0.09807230965780933,1.3202742899912214,0.002375838950696292,0.038207508654258794,0.9362924913457412,0.75,0.4090909090909091,0.01199124162802679,0.07947841105354088,0.16683937823834197,44,0
natural,h10,10,2022-10-10,510300,510300_DTE30_D40_Q70_Hold,510300__510300_DTE30_D40_Q70_Hold,False,D40,0.7,2022-10-10,2026-05-27,880,0.34397552584224944,0.08844990188832802,0.0924673105879131,0.12399174215815811,0.7457537814894649,0.7133531664996321,1.2070879282409461,0.5377397745746675,0.16448458170736702,2023-01-13,2024-02-02,2024-10-08,414,0.6046511627906976,-0.06544409056545952,0.09807230965780911,1.34361336540641,0.0016088654283174702,0.03215014371479883,0.9423498562852012,0.7441860465116279,0.3953488372093023,0.01189882225402772,0.07954329303396683,0.16683937823834197,43,0
natural,h11,11,2022-10-11,510300,510300_DTE30_D40_Q70_Hold,510300__510300_DTE30_D40_Q70_Hold,False,D40,0.7,2022-10-11,2026-05-27,879,0.34455428738693517,0.08868950002373688,0.09269667471336268,0.12406578519582065,0.7471574420542604,0.7148586524782219,1.2094922760882207,0.5391964347243412,0.16448458170736702,2023-01-13,2024-02-02,2024-10-08,414,0.6046511627906976,-0.06544409056545952,0.09807230965780911,1.3442043623392732,0.0015076120908516664,0.03125839964345976,0.9432416003565404,0.7441860465116279,0.3953488372093023,0.011903686431606613,0.0796081750143928,0.16683937823834197,43,0
natural,h12,12,2022-10-12,510300,510300_DTE30_D40_Q70_Hold,510300__510300_DTE30_D40_Q70_Hold,False,D40,0.7,2022-10-12,2026-05-27,878,0.3281243356337096,0.08495522145095369,0.08924255044730549,0.12392712937589356,0.7201211784436367,0.6855256139538989,1.1641995117990593,0.5164935252235182,0.1644845817073668,2023-01-13,2024-02-02,2024-10-08,414,0.6046511627906976,-0.06544409056545952,0.09807230965780911,1.3276493327243928,0.002653770223374951,0.04059803009297574,0.9339019699070243,0.7441860465116279,0.3953488372093023,0.011908550609185518,0.07967305699481876,0.16683937823834197,43,0
natural,h13,13,2022-10-13,510300,510300_DTE30_D40_Q70_Hold,510300__510300_DTE30_D40_Q70_Hold,False,D40,0.7,2022-10-13,2026-05-27,877,0.3366237675065169,0.08704923810329723,0.09117673090540322,0.12397037373389432,0.7354719370380902,0.7021777500659208,1.1890327936500418,0.5292243029694161,0.1644845817073669,2023-01-13,2024-02-02,2024-10-08,414,0.6046511627906976,-0.0654440905654593,0.09807230965780911,1.3362191383830635,0.002022790337340072,0.03535398136874039,0.9391460186312597,0.7441860465116279,0.3953488372093023,0.011913414786764413,0.07973793897524473,0.16683937823834197,43,0
natural,h14,14,2022-10-14,510300,510300_DTE30_D40_Q70_Hold,510300__510300_DTE30_D40_Q70_Hold,False,D40,0.7,2022-10-14,2026-05-27,876,0.3041206049775782,0.079472328416053,0.08426595460461077,0.12467082737105033,0.6759075589818222,0.6374572952782632,1.0927538600468634,0.48315974416034685,0.1644845817073668,2023-01-13,2024-02-02,2024-10-08,414,0.6046511627906976,-0.06544409056545941,0.09807230965780911,1.3037943593106305,0.0016537958543903306,0.03028030857965887,0.9442196914203412,0.7441860465116279,0.3953488372093023,0.011918278964343318,0.07980282095567069,0.16683937823834197,43,0
natural,h15,15,2022-10-17,510300,510300_DTE30_D40_Q70_Hold,510300__510300_DTE30_D40_Q70_Hold,False,D40,0.7,2022-10-17,2026-05-27,875,0.30346447356864137,0.07941014785425748,0.08421835843158842,0.12475135010211746,0.6750897554427265,0.6365474024069069,1.0916206992050557,0.482781711391864,0.1644845817073669,2023-01-13,2024-02-02,2024-10-08,414,0.6046511627906976,-0.0654440905654593,0.09807230965780889,1.3031633522300747,0.0014380507885040146,0.028418155645121145,0.946081844354879,0.7441860465116279,0.3953488372093023,0.01192314314192221,0.07986770293609666,0.16683937823834197,43,0
natural,h16,16,2022-10-18,510300,510300_DTE30_D40_Q70_Hold,510300__510300_DTE30_D40_Q70_Hold,False,D40,0.7,2022-10-18,2026-05-27,874,0.304106644004416,0.07965812607946487,0.08445890898876769,0.12483782615830324,0.6765490203399392,0.638092864405158,1.0941203833380169,0.4842893191118904,0.16448458170736702,2023-01-13,2024-02-02,2024-10-08,414,0.6046511627906976,-0.06544409056545941,0.09807230965780911,1.3038478633765125,0.0010663625393519895,0.025232886531515307,0.9492671134684849,0.7441860465116279,0.3953488372093023,0.011928007319501105,0.07993258491652261,0.16683937823834197,43,0
natural,h17,17,2022-10-19,510300,510300_DTE30_D40_Q70_Hold,510300__510300_DTE30_D40_Q70_Hold,False,D40,0.7,2022-10-19,2026-05-27,873,0.32661633847815086,0.08510628176739243,0.08937132643956568,0.123839816595586,0.7216687564341171,0.6872287452210735,1.1646976441076566,0.5174119110981739,0.1644845817073669,2023-01-13,2024-02-02,2024-10-08,414,0.6046511627906976,-0.06544409056545941,0.09807230965780911,1.3262860763723536,0.001505118473154888,0.0301624197518121,0.944337580248188,0.7441860465116279,0.3953488372093023,0.01193287149708001,0.07999746689694857,0.16683937823834197,43,0
natural,h18,18,2022-10-20,510300,510300_DTE30_D40_Q70_Hold,510300__510300_DTE30_D40_Q70_Hold,False,D40,0.7,2022-10-20,2026-05-27,872,0.3300581454146132,0.0860218776857049,0.09022329353953834,0.12390637294921422,0.7281570059073423,0.6942490175300579,1.1750915211763096,0.5229783654661665,0.16448458170736702,2023-01-13,2024-02-02,2024-10-08,414,0.6046511627906976,-0.06544409056545941,0.09807230965780911,1.3297446130757715,0.0013513065101116192,0.02887706900662252,0.9456229309933776,0.7441860465116279,0.3953488372093023,0.011937735674658903,0.08006234887737454,0.16683937823834197,43,0
natural,h19,19,2022-10-21,510300,510300_DTE30_D40_Q70_Hold,510300__510300_DTE30_D40_Q70_Hold,False,D40,0.7,2022-10-21,2026-05-27,871,0.3371023846825598,0.08778795931846473,0.09185359941420887,0.12394560419664509,0.7410799278405965,0.7082781183525098,1.1958343544540242,0.5337154303899891,0.16448458170736702,2023-01-13,2024-02-02,2024-10-08,414,0.6046511627906976,-0.06544409056545941,0.09807230965780911,1.3368023173843793,0.0012131932253294675,0.02777463154713611,0.9467253684528639,0.7441860465116279,0.3953488372093023,0.011942599852237808,0.0801272308578005,0.16683937823834197,43,0
natural,h20,20,2022-10-24,510300,510300_DTE30_D40_Q70_Hold,510300__510300_DTE30_D40_Q70_Hold,False,D40,0.7,2022-10-24,2026-05-27,870,0.36607891259079395,0.0946780738870674,0.09797963464693553,0.12239019845538844,0.8005513176992631,0.7735756219202292,1.2911748234001916,0.5756045515287769,0.1644845817073669,2023-01-13,2024-02-02,2024-10-08,414,0.6046511627906976,-0.06544409056545941,0.09807230965780911,1.365710248314059,-0.0002381222437175917,0.015381307453853393,0.9591186925461466,0.7441860465116279,0.4186046511627907,0.01236502065227817,0.08019211283822647,0.16683937823834197,43,0
natural,h00,0,2022-09-19,510300,510300_ETF_BuyHold,510300__510300_ETF_BuyHold,True,ETF_BuyHold,0.0,2022-09-19,2026-05-27,890,0.23640010027575853,0.0619982961814991,0.0753938946783025,0.1749009061901553,0.43106634677085637,0.35447670073300525,0.7564036252900984,0.2563449709372702,0.24185493460166463,2023-01-30,2024-02-02,2024-09-30,407,0.5227272727272727,-0.07916547585024292,0.24793632075471672,1.2364001002757585,0.0,,,,,0.0,0.0,0.0,0,0
natural,h01,1,2022-09-20,510300,510300_ETF_BuyHold,510300__510300_ETF_BuyHold,True,ETF_BuyHold,0.0,2022-09-20,2026-05-27,889,0.2357805061388123,0.0619191713181384,0.07533651454223982,0.1749994364605122,0.43049575510626953,0.3538249754999078,0.755538187725472,0.25601781257893036,0.24185493460166452,2023-01-30,2024-02-02,2024-09-30,407,0.5227272727272727,-0.07916547585024292,0.24793632075471694,1.2357805061388123,0.0,,,,,0.0,0.0,0.0,0,0
natural,h02,2,2022-09-21,510300,510300_ETF_BuyHold,510300__510300_ETF_BuyHold,True,ETF_BuyHold,0.0,2022-09-21,2026-05-27,888,0.24514011613228992,0.06427007801533469,0.07755703157069999,0.17504848916267227,0.44306027399428954,0.36715585677296886,0.7775437643880776,0.265738129847082,0.24185493460166463,2023-01-30,2024-02-02,2024-09-30,407,0.5227272727272727,-0.07916547585024292,0.24793632075471717,1.24514011613229,0.0,,,,,0.0,0.0,0.0,0,0
natural,h03,3,2022-09-22,510300,510300_ETF_BuyHold,510300__510300_ETF_BuyHold,True,ETF_BuyHold,0.0,2022-09-22,2026-05-27,887,0.254323499491353,0.06657175295735285,0.07972694767770082,0.17509998638251467,0.4553224093549232,0.38019279345872437,0.7990098673438705,0.2752548880881699,0.24185493460166463,2023-01-30,2024-02-02,2024-09-30,407,0.5227272727272727,-0.07916547585024292,0.24793632075471694,1.254323499491353,0.0,,,,,0.0,0.0,0.0,0,0
natural,h04,4,2022-09-23,510300,510300_ETF_BuyHold,510300__510300_ETF_BuyHold,True,ETF_BuyHold,0.0,2022-09-23,2026-05-27,886,0.25688073394495414,0.0672681900702976,0.08039637493493493,0.17519449516026542,0.458897837294428,0.3839629208027434,0.8052896273047235,0.27813445353549804,0.24185493460166463,2023-01-30,2024-02-02,2024-09-30,407,0.5227272727272727,-0.07916547585024303,0.24793632075471672,1.2568807339449541,0.0,,,,,0.0,0.0,0.0,0,0
natural,h05,5,2022-09-26,510300,510300_ETF_BuyHold,510300__510300_ETF_BuyHold,True,ETF_BuyHold,0.0,2022-09-26,2026-05-27,885,0.26493972813541933,0.069293261899946,0.08230350272010606,0.17525719222714972,0.4696155500051206,0.3953804178839945,0.8240202214223665,0.2865075381408781,0.24185493460166463,2023-01-30,2024-02-02,2024-09-30,407,0.5227272727272727,-0.07916547585024292,0.24793632075471694,1.2649397281354193,0.0,,,,,0.0,0.0,0.0,0,0
natural,h06,6,2022-09-27,510300,510300_ETF_BuyHold,510300__510300_ETF_BuyHold,True,ETF_BuyHold,0.0,2022-09-27,2026-05-27,884,0.2489237781716891,0.06549265228420653,0.07873691796033125,0.17522909116837457,0.4493370218114886,0.37375444823414505,0.7880066688625895,0.2707931198181795,0.24185493460166463,2023-01-30,2024-02-02,2024-09-30,407,0.5227272727272727,-0.07916547585024303,0.24793632075471694,1.248923778171689,0.0,,,,,0.0,0.0,0.0,0,0
natural,h07,7,2022-09-28,510300,510300_ETF_BuyHold,510300__510300_ETF_BuyHold,True,ETF_BuyHold,0.0,2022-09-28,2026-05-27,883,0.2668892884664784,0.06992640090463142,0.08287784749013088,0.1751568877127697,0.4731635082831444,0.3992215311526884,0.8303257599575656,0.2891253842713619,0.24185493460166474,2023-01-30,2024-02-02,2024-09-30,407,0.5227272727272727,-0.07916547585024303,0.24793632075471694,1.2668892884664784,0.0,,,,,0.0,0.0,0.0,0,0
natural,h08,8,2022-09-29,510300,510300_ETF_BuyHold,510300__510300_ETF_BuyHold,True,ETF_BuyHold,0.0,2022-09-29,2026-05-27,882,0.2665639445300463,0.06992988224536956,0.08289844485449685,0.17525637617362863,0.4730124327822935,0.39901476780559,0.8302095612554291,0.2891397786054858,0.24185493460166463,2023-01-30,2024-02-02,2024-09-30,407,0.5227272727272727,-0.07916547585024303,0.24793632075471694,1.2665639445300463,0.0,,,,,0.0,0.0,0.0,0,0
natural,h09,9,2022-09-30,510300,510300_ETF_BuyHold,510300__510300_ETF_BuyHold,True,ETF_BuyHold,0.0,2022-09-30,2026-05-27,881,0.27507755946225454,0.0720667959796828,0.08490468013028984,0.175315865824836,0.4842954728074697,0.41106830600082234,0.849938789883923,0.2979752970448046,0.24185493460166463,2023-01-30,2024-02-02,2024-09-30,407,0.5227272727272727,-0.07916547585024303,0.24793632075471717,1.2750775594622545,0.0,,,,,0.0,0.0,0.0,0,0
natural,h10,10,2022-10-10,510300,510300_ETF_BuyHold,510300__510300_ETF_BuyHold,True,ETF_BuyHold,0.0,2022-10-10,2026-05-27,880,0.3016627078384799,0.07851328193119711,0.09085661482349972,0.1750623036589646,0.5189958827486681,0.4484876543390362,0.9127557275715235,0.32462964652967924,0.24185493460166474,2023-01-30,2024-02-02,2024-09-30,407,0.5348837209302325,-0.07916547585024292,0.24793632075471694,1.30166270783848,0.0,,,,,0.0,0.0,0.0,0,0
natural,h11,11,2022-10-11,510300,510300_ETF_BuyHold,510300__510300_ETF_BuyHold,True,ETF_BuyHold,0.0,2022-10-11,2026-05-27,879,0.3026941362916007,0.07885136833275563,0.09118734552445765,0.1751609923505219,0.5205916243154121,0.45016511538689447,0.9156548555641574,0.3260275357317968,0.24185493460166474,2023-01-30,2024-02-02,2024-09-30,407,0.5348837209302325,-0.07916547585024292,0.24793632075471717,1.3026941362916007,0.0,,,,,0.0,0.0,0.0,0,0
natural,h12,12,2022-10-12,510300,510300_ETF_BuyHold,510300__510300_ETF_BuyHold,True,ETF_BuyHold,0.0,2022-10-12,2026-05-27,878,0.28170478170478175,0.07392054734336995,0.08658575426016386,0.1750501021980749,0.494634125732696,0.42228222900279394,0.869108231480908,0.305640021218162,0.24185493460166463,2023-01-30,2024-02-02,2024-09-30,407,0.5348837209302325,-0.07916547585024303,0.24793632075471694,1.2817047817047817,0.0,,,,,0.0,0.0,0.0,0,0
natural,h13,13,2022-10-13,510300,510300_ETF_BuyHold,510300__510300_ETF_BuyHold,True,ETF_BuyHold,0.0,2022-10-13,2026-05-27,877,0.29279161205766724,0.076672321195147,0.08915163144667348,0.1750846073391217,0.509191714803321,0.4379158302970645,0.8946841245260173,0.31701780789143874,0.24185493460166463,2023-01-30,2024-02-02,2024-09-30,407,0.5348837209302325,-0.07916547585024303,0.24793632075471672,1.2927916120576672,0.0,,,,,0.0,0.0,0.0,0,0
natural,h14,14,2022-10-14,510300,510300_ETF_BuyHold,510300__510300_ETF_BuyHold,True,ETF_BuyHold,0.0,2022-10-14,2026-05-27,876,0.2636433512682552,0.06971444600656018,0.08261026869781542,0.17475920369917408,0.4727091160246906,0.398917164480589,0.8287129048445507,0.2882490122493466,0.24185493460166474,2023-01-30,2024-02-02,2024-09-30,407,0.5348837209302325,-0.07916547585024292,0.24793632075471694,1.2636433512682552,0.0,,,,,0.0,0.0,0.0,0,0
natural,h15,15,2022-10-17,510300,510300_ETF_BuyHold,510300__510300_ETF_BuyHold,True,ETF_BuyHold,0.0,2022-10-17,2026-05-27,875,0.2639671963095849,0.06987597496202769,0.08277866227604949,0.17485898437194028,0.4734023966419253,0.39961329532485107,0.8300553599726385,0.2889168876256898,0.24185493460166463,2023-01-30,2024-02-02,2024-09-30,407,0.5348837209302325,-0.07916547585024303,0.24793632075471694,1.2639671963095849,0.0,,,,,0.0,0.0,0.0,0,0
natural,h16,16,2022-10-18,510300,510300_ETF_BuyHold,510300__510300_ETF_BuyHold,True,ETF_BuyHold,0.0,2022-10-18,2026-05-27,874,0.26623876765083443,0.0705134635513327,0.08339132495738895,0.1749554941394772,0.47664307638666153,0.40303657737732024,0.8357560296542248,0.2915527180268967,0.24185493460166474,2023-01-30,2024-02-02,2024-09-30,407,0.5348837209302325,-0.07916547585024303,0.24793632075471717,1.2662387676508344,0.0,,,,,0.0,0.0,0.0,0,0
natural,h17,17,2022-10-19,510300,510300_ETF_BuyHold,510300__510300_ETF_BuyHold,True,ETF_BuyHold,0.0,2022-10-19,2026-05-27,873,0.2857142857142858,0.07532997088020732,0.08786448191311588,0.17485757302667018,0.5024917159276501,0.4308075971563302,0.8818138530705483,0.31146757871314834,0.24185493460166463,2023-01-30,2024-02-02,2024-09-30,407,0.5348837209302325,-0.07916547585024303,0.24793632075471672,1.2857142857142858,0.0,,,,,0.0,0.0,0.0,0,0
natural,h18,18,2022-10-20,510300,510300_ETF_BuyHold,510300__510300_ETF_BuyHold,True,ETF_BuyHold,0.0,2022-10-20,2026-05-27,872,0.28974895397489564,0.07639494412172176,0.08887043558682041,0.17494801814000768,0.5079819510484481,0.4366722466131871,0.8913994350124355,0.31587093415126855,0.24185493460166463,2023-01-30,2024-02-02,2024-09-30,407,0.5348837209302325,-0.07916547585024292,0.24793632075471694,1.2897489539748956,0.0,,,,,0.0,0.0,0.0,0,0
natural,h19,19,2022-10-21,510300,510300_ETF_BuyHold,510300__510300_ETF_BuyHold,True,ETF_BuyHold,0.0,2022-10-21,2026-05-27,871,0.29721199368753304,0.07828659890061562,0.09063901171390776,0.1750177315377145,0.5178847361210142,0.4473066712314556,0.9086827483155673,0.32369237795190636,0.24185493460166463,2023-01-30,2024-02-02,2024-09-30,407,0.5348837209302325,-0.07916547585024292,0.24793632075471694,1.297211993687533,0.0,,,,,0.0,0.0,0.0,0,0
natural,h20,20,2022-10-24,510300,510300_ETF_BuyHold,510300__510300_ETF_BuyHold,True,ETF_BuyHold,0.0,2022-10-24,2026-05-27,870,0.3315334773218144,0.08657741827839205,0.09821803090934556,0.17455072970977922,0.5626904629539505,0.4960014685836145,0.9912943714077558,0.357972511170736,0.24185493460166474,2023-01-30,2024-02-02,2024-09-30,407,0.5348837209302325,-0.07916547585024292,0.24793632075471694,1.3315334773218144,0.0,,,,,0.0,0.0,0.0,0,0
natural,h00,0,2022-09-19,510500,510500_ETF_BuyHold,510500__510500_ETF_BuyHold,True,ETF_BuyHold,0.0,2022-09-19,2026-05-27,890,0.4553133975333674,0.11222435666098729,0.13017056338376753,0.2186678053616853,0.5952891106601642,0.5132184707088623,1.03532091031353,0.3720699996824847,0.30162162162162165,2023-04-07,2024-09-13,2025-08-12,568,0.5,-0.13335749229932958,0.2722835314091683,1.4553133975333674,0.0,,,,,0.0,0.0,0.0,0,0
natural,h01,1,2022-09-20,510500,510500_ETF_BuyHold,510500__510500_ETF_BuyHold,True,ETF_BuyHold,0.0,2022-09-20,2026-05-27,889,0.447974449487309,0.11076282424178818,0.12887881539490234,0.21877756530949294,0.5890860665378754,0.506280541540436,1.0246501380642596,0.36722441728908267,0.30162162162162165,2023-04-07,2024-09-13,2025-08-12,568,0.5,-0.13335749229932958,0.2722835314091683,1.447974449487309,0.0,,,,,0.0,0.0,0.0,0,0
natural,h02,2,2022-09-21,510500,510500_ETF_BuyHold,510500__510500_ETF_BuyHold,True,ETF_BuyHold,0.0,2022-09-21,2026-05-27,888,0.44070914868707156,0.10930793812097006,0.12759141629677676,0.21888763850325005,0.5829082773666192,0.4993792197148084,1.0140218555129004,0.36240087011432726,0.30162162162162165,2023-04-07,2024-09-13,2025-08-12,568,0.5,-0.13335749229932958,0.27228353140916806,1.4407091486870716,0.0,,,,,0.0,0.0,0.0,0,0
natural,h03,3,2022-09-22,510500,510500_ETF_BuyHold,510500__510500_ETF_BuyHold,True,ETF_BuyHold,0.0,2022-09-22,2026-05-27,887,0.4428810720268008,0.10991327674273244,0.12816355970881002,0.2190086354450072,0.585198658712212,0.5018673191556938,1.0180726945400487,0.3644078171578048,0.30162162162162154,2023-04-07,2024-09-13,2025-08-12,568,0.5,-0.13335749229932958,0.27228353140916806,1.4428810720268008,0.0,,,,,0.0,0.0,0.0,0,0
natural,h04,4,2022-09-23,510500,510500_ETF_BuyHold,510500__510500_ETF_BuyHold,True,ETF_BuyHold,0.0,2022-09-23,2026-05-27,886,0.46024749957619937,0.1138321285120345,0.13169480093404315,0.2190323032137123,0.6012574355552799,0.5197047505863425,1.0460545480316419,0.3774004260703654,0.30162162162162154,2023-04-07,2024-09-13,2025-08-12,568,0.5,-0.13335749229932947,0.27228353140916806,1.4602474995761994,0.0,,,,,0.0,0.0,0.0,0,0
natural,h05,5,2022-09-26,510500,510500_ETF_BuyHold,510500__510500_ETF_BuyHold,True,ETF_BuyHold,0.0,2022-09-26,2026-05-27,885,0.48363761625904256,0.11902570257566847,0.13633798143144915,0.21898329275099582,0.6225953574754126,0.5435378246458814,1.083576247125,0.39461926481180415,0.30162162162162154,2023-04-07,2024-09-13,2025-08-12,568,0.5,-0.13335749229932958,0.27228353140916806,1.4836376162590426,0.0,,,,,0.0,0.0,0.0,0,0
natural,h06,6,2022-09-27,510500,510500_ETF_BuyHold,510500__510500_ETF_BuyHold,True,ETF_BuyHold,0.0,2022-09-27,2026-05-27,884,0.45629754860524097,0.1132432429710104,0.1311345499674136,0.21889030183797414,0.5990879854717426,0.5173515775716493,1.041814198764669,0.3754480277712712,0.30162162162162154,2023-04-07,2024-09-13,2025-08-12,568,0.5,-0.13335749229932947,0.27228353140916806,1.456297548605241,0.0,,,,,0.0,0.0,0.0,0,0
natural,h07,7,2022-09-28,510500,510500_ETF_BuyHold,510500__510500_ETF_BuyHold,True,ETF_BuyHold,0.0,2022-09-28,2026-05-27,883,0.49134349030470936,0.1209690546540465,0.1379973935514169,0.21863698129103773,0.6311713267195281,0.5532872524114255,1.0993316510615951,0.4010622779748855,0.30162162162162154,2023-04-07,2024-09-13,2025-08-12,568,0.5,-0.13335749229932958,0.2722835314091683,1.4913434903047094,0.0,,,,,0.0,0.0,0.0,0,0
natural,h08,8,2022-09-29,510500,510500_ETF_BuyHold,510500__510500_ETF_BuyHold,True,ETF_BuyHold,0.0,2022-09-29,2026-05-27,882,0.4874805733034018,0.12028295388728827,0.1374112020197358,0.21875841961259085,0.6281413180031358,0.5498437687578049,1.0942332522813185,0.3987875711316906,0.30162162162162154,2023-04-07,2024-09-13,2025-08-12,568,0.5,-0.1333574922993297,0.27228353140916806,1.4874805733034018,0.0,,,,,0.0,0.0,0.0,0,0
natural,h09,9,2022-09-30,510500,510500_ETF_BuyHold,510500__510500_ETF_BuyHold,True,ETF_BuyHold,0.0,2022-09-30,2026-05-27,881,0.507789252581831,0.12478696608590023,0.14142443341933944,0.218754011945905,0.6464998386146713,0.5704442399747092,1.126392212067436,0.4137202280625724,0.30162162162162165,2023-04-07,2024-09-13,2025-08-12,568,0.5,-0.13335749229932958,0.2722835314091683,1.507789252581831,0.0,,,,,0.0,0.0,0.0,0,0
natural,h10,10,2022-10-10,510500,510500_ETF_BuyHold,510500__510500_ETF_BuyHold,True,ETF_BuyHold,0.0,2022-10-10,2026-05-27,880,0.5254117230387818,0.12869119078545266,0.14489733383549508,0.21878220792356662,0.6622902986979461,0.5882159797491942,1.1539337052409628,0.4266643422098342,0.30162162162162154,2023-04-07,2024-09-13,2025-08-12,568,0.4883720930232558,-0.13335749229932958,0.2722835314091683,1.5254117230387818,0.0,,,,,0.0,0.0,0.0,0,0
natural,h11,11,2022-10-11,510500,510500_ETF_BuyHold,510500__510500_ETF_BuyHold,True,ETF_BuyHold,0.0,2022-10-11,2026-05-27,879,0.5160154875043999,0.12684666966354885,0.14328344552585404,0.21888612971443894,0.6546026726900562,0.5795098566959647,1.1406313516859077,0.42054899440423915,0.30162162162162154,2023-04-07,2024-09-13,2025-08-12,568,0.4883720930232558,-0.13335749229932958,0.27228353140916806,1.5160154875043999,0.0,,,,,0.0,0.0,0.0,0,0
natural,h12,12,2022-10-12,510500,510500_ETF_BuyHold,510500__510500_ETF_BuyHold,True,ETF_BuyHold,0.0,2022-10-12,2026-05-27,878,0.4805775180474392,0.1193663181783291,0.13656919747483226,0.21865173950498928,0.6245968945136885,0.545919819565878,1.08675284971768,0.39574854593173636,0.30162162162162154,2023-04-07,2024-09-13,2025-08-12,568,0.4883720930232558,-0.13335749229932958,0.2722835314091683,1.4805775180474392,0.0,,,,,0.0,0.0,0.0,0,0
natural,h13,13,2022-10-13,510500,510500_ETF_BuyHold,510500__510500_ETF_BuyHold,True,ETF_BuyHold,0.0,2022-10-13,2026-05-27,877,0.47677010114863716,0.11868147945422503,0.135983422810569,0.2187739153805151,0.6215705495513577,0.5424845976166831,1.0816647073109007,0.3934780232801368,0.30162162162162154,2023-04-07,2024-09-13,2025-08-12,568,0.4883720930232558,-0.13335749229932947,0.2722835314091683,1.4767701011486372,0.0,,,,,0.0,0.0,0.0,0,0
natural,h14,14,2022-10-14,510500,510500_ETF_BuyHold,510500__510500_ETF_BuyHold,True,ETF_BuyHold,0.0,2022-10-14,2026-05-27,876,0.44022738672462824,0.11078024350634297,0.12883144344298125,0.21849204721434287,0.5896390513316778,0.507021856945056,1.0243706900392637,0.3672821693310655,0.30162162162162154,2023-04-07,2024-09-13,2025-08-12,568,0.4883720930232558,-0.13335749229932947,0.2722835314091683,1.4402273867246282,0.0,,,,,0.0,0.0,0.0,0,0
natural,h15,15,2022-10-17,510500,510500_ETF_BuyHold,510500__510500_ETF_BuyHold,True,ETF_BuyHold,0.0,2022-10-17,2026-05-27,875,0.43375499334221046,0.10947199726340284,0.1276772432551321,0.2186065583869536,0.584050378896372,0.5007717886927592,1.01479254181946,0.36294479379443617,0.3016216216216214,2023-04-07,2024-09-13,2025-08-12,568,0.4883720930232558,-0.13335749229932947,0.27228353140916806,1.4337549933422105,0.0,,,,,0.0,0.0,0.0,0,0
natural,h16,16,2022-10-18,510500,510500_ETF_BuyHold,510500__510500_ETF_BuyHold,True,ETF_BuyHold,0.0,2022-10-18,2026-05-27,874,0.4273405136702568,0.10816876045997548,0.12652625497327524,0.21872135503657225,0.5784814882484559,0.49455052270450983,1.005247128574776,0.358624026614614,0.30162162162162165,2023-04-07,2024-09-13,2025-08-12,568,0.4883720930232558,-0.1333574922993297,0.27228353140916806,1.4273405136702568,0.0,,,,,0.0,0.0,0.0,0,0
natural,h17,17,2022-10-19,510500,510500_ETF_BuyHold,510500__510500_ETF_BuyHold,True,ETF_BuyHold,0.0,2022-10-19,2026-05-27,873,0.43950534759358306,0.11102079358970807,0.12911352988125954,0.21879382734990935,0.5901150477831936,0.507421964021665,1.0253666887360364,0.36807969200888885,0.30162162162162154,2023-04-07,2024-09-13,2025-08-12,568,0.4883720930232558,-0.13335749229932958,0.2722835314091683,1.439505347593583,0.0,,,,,0.0,0.0,0.0,0,0
natural,h18,18,2022-10-20,510500,510500_ETF_BuyHold,510500__510500_ETF_BuyHold,True,ETF_BuyHold,0.0,2022-10-20,2026-05-27,872,0.4443326626425219,0.1122318865734544,0.13022875320983143,0.21890969393976997,0.5948971508117046,0.5126857771969362,1.0336403458351922,0.3720949644460407,0.30162162162162154,2023-04-07,2024-09-13,2025-08-12,568,0.4883720930232558,-0.13335749229932958,0.2722835314091683,1.444332662642522,0.0,,,,,0.0,0.0,0.0,0,0
natural,h19,19,2022-10-21,510500,510500_ETF_BuyHold,510500__510500_ETF_BuyHold,True,ETF_BuyHold,0.0,2022-10-21,2026-05-27,871,0.4443326626425219,0.11236787955987548,0.13037844143191168,0.219035435680113,0.5952390353053235,0.5130123315936033,1.034417895299249,0.37254583725048335,0.30162162162162154,2023-04-07,2024-09-13,2025-08-12,568,0.4883720930232558,-0.13335749229932958,0.2722835314091683,1.444332662642522,0.0,,,,,0.0,0.0,0.0,0,0
natural,h20,20,2022-10-24,510500,510500_ETF_BuyHold,510500__510500_ETF_BuyHold,True,ETF_BuyHold,0.0,2022-10-24,2026-05-27,870,0.45679012345679015,0.11527828498535175,0.133008255032483,0.2191070301886532,0.6070469528885571,0.5261277325793521,1.054839744873142,0.3821950308654136,0.30162162162162154,2023-04-07,2024-09-13,2025-08-12,568,0.4883720930232558,-0.13335749229932958,0.27228353140916806,1.4567901234567902,0.0,,,,,0.0,0.0,0.0,0,0
common,h00,0,2022-09-19,159915,159915_DTE30_OTM5up_Q50_Hold,159915__159915_DTE30_OTM5up_Q50_Hold,False,OTM5_up,0.5,2022-10-24,2026-05-27,870,0.5633034625985103,0.1383356079336142,0.16063685519030935,0.24954574206369282,0.6437170751216793,0.5543497027422977,1.1307097399073422,0.367022653573605,0.3769129959327471,2023-02-01,2024-02-02,2025-08-28,626,0.4883720930232558,-0.154543657233834,0.2658407551435893,1.5633034625985103,-0.05693144477217328,-0.758320800437814,1.7328208004378143,0.75,0.2727272727272727,0.01723205971805361,0.10526118012422322,0.2938819875776397,44,0
common,h01,1,2022-09-20,159915,159915_DTE30_OTM5up_Q50_Hold,159915__159915_DTE30_OTM5up_Q50_Hold,False,OTM5_up,0.5,2022-10-24,2026-05-27,870,0.5632970981083774,0.13833426401787308,0.16063561238310906,0.2495454902469648,0.6437127444143939,0.5543448766834833,1.1307012456276682,0.3670190879875001,0.37691299593274685,2023-02-01,2024-02-02,2025-08-28,626,0.4883720930232558,-0.1545436572338339,0.26584075514358907,1.5632970981083774,-0.056931040167581805,-0.7567007971173458,1.7312007971173458,0.75,0.2727272727272727,0.01723205971805361,0.10526118012422322,0.2938819875776397,44,0
common,h02,2,2022-09-21,159915,159915_DTE30_OTM5up_Q50_Hold,159915__159915_DTE30_OTM5up_Q50_Hold,False,OTM5_up,0.5,2022-10-24,2026-05-27,870,0.5633294848652646,0.13834110271418276,0.1606419367304993,0.24954677235863487,0.6437347805069327,0.5543694330590923,1.130744469681896,0.3670372319527744,0.37691299593274696,2023-02-01,2024-02-02,2025-08-28,626,0.4883720930232558,-0.15454365723383412,0.26584075514358907,1.5633294848652646,-0.056933098747603765,-0.7656166020853138,1.7401166020853138,0.75,0.2727272727272727,0.01723205971805361,0.10526118012422322,0.2938819875776397,44,0
common,h03,3,2022-09-22,159915,159915_DTE30_OTM5up_Q50_Hold,159915__159915_DTE30_OTM5up_Q50_Hold,False,OTM5_up,0.5,2022-10-24,2026-05-27,870,0.564144447923145,0.13851315491393001,0.16079123000390022,0.2495390650757657,0.644352939108273,0.555076035376963,1.1318428244898568,0.36749370918121643,0.3769129959327472,2023-02-01,2024-02-02,2025-08-28,626,0.4883720930232558,-0.15454365723383412,0.26584075514358907,1.564144447923145,-0.0562413497715428,-0.7528437081774881,1.7273437081774883,0.75,0.2727272727272727,0.01723205971805361,0.10526118012422322,0.2938819875776397,44,0
common,h04,4,2022-09-23,159915,159915_DTE30_OTM5up_Q50_Hold,159915__159915_DTE30_OTM5up_Q50_Hold,False,OTM5_up,0.5,2022-10-24,2026-05-27,870,0.5641724483552975,0.13851906513783474,0.16079668246506287,0.24954012274760648,0.6443720580665829,0.5550973671594196,1.1318802720531533,0.36750938978647163,0.3769129959327471,2023-02-01,2024-02-02,2025-08-28,626,0.4883720930232558,-0.15454365723383412,0.26584075514358907,1.5641724483552975,-0.05624234793159674,-0.7605970757941082,1.7350970757941082,0.75,0.2727272727272727,0.01723205971805361,0.10526118012422322,0.2938819875776397,44,0
common,h05,5,2022-09-26,159915,159915_DTE30_OTM5up_Q50_Hold,159915__159915_DTE30_OTM5up_Q50_Hold,False,OTM5_up,0.5,2022-10-24,2026-05-27,870,0.5641521282342188,0.13851477605203244,0.16079272555415655,0.24953935506761307,0.6443581835441929,0.5550818868410622,1.1318530961489417,0.3674980102748906,0.37691299593274696,2023-02-01,2024-02-02,2025-08-28,626,0.4883720930232558,-0.15454365723383412,0.26584075514358907,1.5641521282342188,-0.056241623608017086,-0.7550499230817228,1.7295499230817228,0.75,0.2727272727272727,0.01723205971805361,0.10526118012422322,0.2938819875776397,44,0
common,h06,6,2022-09-27,159915,159915_DTE30_OTM5up_Q50_Hold,159915__159915_DTE30_OTM5up_Q50_Hold,False,OTM5_up,0.5,2022-10-24,2026-05-27,870,0.5632965678815838,0.13833415205584076,0.16063550884513403,0.2495454692711084,0.6437123836162227,0.5543444746157796,1.130700537965612,0.36701879093742856,0.3769129959327471,2023-02-01,2024-02-02,2025-08-28,626,0.4883720930232558,-0.15454365723383412,0.26584075514358907,1.5632965678815838,-0.0569310064585274,-0.7567216399885434,1.7312216399885436,0.75,0.2727272727272727,0.01723205971805361,0.10526118012422322,0.2938819875776397,44,0
common,h07,7,2022-09-28,159915,159915_DTE30_OTM5up_Q50_Hold,159915__159915_DTE30_OTM5up_Q50_Hold,False,OTM5_up,0.5,2022-10-24,2026-05-27,870,0.5641521282342186,0.13851477605203244,0.16079272555415644,0.24953935506761313,0.6443581835441924,0.5550818868410621,1.1318530961489408,0.3674980102748905,0.3769129959327471,2023-02-01,2024-02-02,2025-08-28,626,0.4883720930232558,-0.15454365723383412,0.26584075514358907,1.5641521282342186,-0.056241623608017564,-0.7549679426183499,1.7294679426183501,0.75,0.2727272727272727,0.01723205971805361,0.10526118012422322,0.2938819875776397,44,0
common,h08,8,2022-09-29,159915,159915_DTE30_OTM5up_Q50_Hold,159915__159915_DTE30_OTM5up_Q50_Hold,False,OTM5_up,0.5,2022-10-24,2026-05-27,870,0.5633528983568163,0.13834604657842742,0.1606465090001514,0.24954770032724538,0.6437507089405631,0.5543871828792923,1.130775717069278,0.3670503486781144,0.37691299593274674,2023-02-01,2024-02-02,2025-08-28,626,0.4883720930232558,-0.15454365723383412,0.26584075514358907,1.5633528983568163,-0.05693458647375185,-0.7725928219373324,1.7470928219373325,0.75,0.2727272727272727,0.01723205971805361,0.10526118012422322,0.2938819875776397,44,0
common,h09,9,2022-09-30,159915,159915_DTE30_OTM5up_Q50_Hold,159915__159915_DTE30_OTM5up_Q50_Hold,False,OTM5_up,0.5,2022-10-24,2026-05-27,870,0.5642231138365208,0.13852975922249788,0.16080654893677584,0.24954203961278074,0.6444066466167485,0.5551359580031373,1.1319480298931013,0.367537762606668,0.37691299593274674,2023-02-01,2024-02-02,2025-08-28,626,0.4883720930232558,-0.15454365723383412,0.26584075514358907,1.5642231138365208,-0.05624415281555522,-0.7750622143676487,1.7495622143676488,0.75,0.2727272727272727,0.01723205971805361,0.10526118012422322,0.2938819875776397,44,0
common,h10,10,2022-10-10,159915,159915_DTE30_OTM5up_Q50_Hold,159915__159915_DTE30_OTM5up_Q50_Hold,False,OTM5_up,0.5,2022-10-24,2026-05-27,870,0.5731170071163201,0.14040321606477835,0.16214558282965016,0.24830507563373067,0.6530095384309725,0.5654464199188745,1.1459616887695636,0.3725082912498743,0.37691299593274685,2023-02-01,2024-02-02,2025-08-28,626,0.4883720930232558,-0.15454365723383412,0.26584075514358907,1.57311700711632,-0.05370167306928733,-0.7901794662057238,1.764679466205724,0.7441860465116279,0.3023255813953488,0.017824675324675316,0.10526118012422322,0.2938819875776397,43,0
common,h11,11,2022-10-11,159915,159915_DTE30_OTM5up_Q50_Hold,159915__159915_DTE30_OTM5up_Q50_Hold,False,OTM5_up,0.5,2022-10-24,2026-05-27,870,0.571709124006863,0.1401071539741754,0.1619693661216411,0.24864278171036017,0.6514139079666367,0.5634877192509207,1.143411852346436,0.3717227993888936,0.3769129959327471,2023-02-01,2024-02-02,2025-08-28,626,0.4883720930232558,-0.15454365723383412,0.26584075514358907,1.571709124006863,-0.0543905292363638,-0.7898620475069015,1.7643620475069015,0.7441860465116279,0.27906976744186046,0.01723205971805361,0.10526118012422322,0.2938819875776397,43,0
common,h12,12,2022-10-12,159915,159915_DTE30_OTM5up_Q50_Hold,159915__159915_DTE30_OTM5up_Q50_Hold,False,OTM5_up,0.5,2022-10-24,2026-05-27,870,0.5608957055799855,0.13782691224596522,0.1601670718531787,0.2494535496548408,0.6420717286837396,0.5525153377719859,1.1274937558295564,0.3656730166729455,0.37691299593274696,2023-02-01,2024-02-02,2025-08-28,626,0.4883720930232558,-0.15454365723383423,0.26584075514358885,1.5608957055799855,-0.05703757844984049,-0.8013938577990116,1.7758938577990115,0.7441860465116279,0.27906976744186046,0.01723205971805361,0.10526118012422322,0.2938819875776397,43,0
common,h13,13,2022-10-13,159915,159915_DTE30_OTM5up_Q50_Hold,159915__159915_DTE30_OTM5up_Q50_Hold,False,OTM5_up,0.5,2022-10-24,2026-05-27,870,0.5608927327601358,0.13782628382311812,0.16016610969769887,0.24945189878483512,0.6420721208293959,0.552516475098072,1.1274936654172665,0.3656713493840648,0.37691299593274696,2023-02-01,2024-02-02,2025-08-28,626,0.4883720930232558,-0.15454365723383412,0.2658407551435893,1.5608927327601358,-0.05703697587423376,-0.7996429233730042,1.7741429233730044,0.7441860465116279,0.27906976744186046,0.01723205971805361,0.10526118012422322,0.2938819875776397,43,0
common,h14,14,2022-10-14,159915,159915_DTE30_OTM5up_Q50_Hold,159915__159915_DTE30_OTM5up_Q50_Hold,False,OTM5_up,0.5,2022-10-24,2026-05-27,870,0.5554807646161868,0.1366808389448657,0.15927089543802103,0.2499067159684095,0.6373213893865676,0.5469274341636478,1.1196484695410203,0.3626323327128094,0.3769129959327471,2023-02-01,2024-02-02,2025-08-28,626,0.4883720930232558,-0.154543657233834,0.26584075514358907,1.5554807646161868,-0.058234853952321156,-0.8043691174068944,1.7788691174068945,0.7441860465116279,0.27906976744186046,0.01723205971805361,0.10526118012422322,0.2938819875776397,43,0
common,h15,15,2022-10-17,159915,159915_DTE30_OTM5up_Q50_Hold,159915__159915_DTE30_OTM5up_Q50_Hold,False,OTM5_up,0.5,2022-10-24,2026-05-27,870,0.5554889022374607,0.13668256339772134,0.15927482155887832,0.249916413767822,0.6373123683938913,0.5469131112160666,1.1196366876291133,0.3626369079141802,0.37691299593274696,2023-02-01,2024-02-02,2025-08-28,626,0.4883720930232558,-0.1545436572338339,0.26584075514358907,1.5554889022374607,-0.05823938020014055,-0.814129144150595,1.7886291441505953,0.7441860465116279,0.27906976744186046,0.01723205971805361,0.10526118012422322,0.2938819875776397,43,0
common,h16,16,2022-10-18,159915,159915_DTE30_OTM5up_Q50_Hold,159915__159915_DTE30_OTM5up_Q50_Hold,False,OTM5_up,0.5,2022-10-24,2026-05-27,870,0.5554890336666216,0.1366825912489762,0.15927488499453005,0.2499165704961175,0.6373122225483021,0.5469128796767783,1.119636496968511,0.3626369818072407,0.3769129959327471,2023-02-01,2024-02-02,2025-08-28,626,0.4883720930232558,-0.154543657233834,0.26584075514358907,1.5554890336666216,-0.05823945327296635,-0.8144955149151265,1.7889955149151267,0.7441860465116279,0.27906976744186046,0.01723205971805361,0.10526118012422322,0.2938819875776397,43,0
common,h17,17,2022-10-19,159915,159915_DTE30_OTM5up_Q50_Hold,159915__159915_DTE30_OTM5up_Q50_Hold,False,OTM5_up,0.5,2022-10-24,2026-05-27,870,0.557705456267447,0.13715203766157025,0.15964711122823783,0.2497516328840302,0.6392234932949105,0.5491537175464855,1.1228862665213513,0.3638824851930614,0.3769129959327471,2023-02-01,2024-02-02,2025-08-28,626,0.4883720930232558,-0.154543657233834,0.26584075514358907,1.557705456267447,-0.057680130492180175,-0.8050888767028901,1.7795888767028905,0.7441860465116279,0.27906976744186046,0.01723205971805361,0.10526118012422322,0.2938819875776397,43,0
common,h18,18,2022-10-20,159915,159915_DTE30_OTM5up_Q50_Hold,159915__159915_DTE30_OTM5up_Q50_Hold,False,OTM5_up,0.5,2022-10-24,2026-05-27,870,0.5577120833366986,0.13715344058771928,0.15964972345380374,0.2497571840782523,0.63921974474129,0.5491471290161057,1.1228822161712895,0.3638862073415789,0.3769129959327471,2023-02-01,2024-02-02,2025-08-28,626,0.4883720930232558,-0.154543657233834,0.2658407551435893,1.5577120833366986,-0.05768243221881382,-0.8105959369286607,1.7850959369286608,0.7441860465116279,0.27906976744186046,0.01723205971805361,0.10526118012422322,0.2938819875776397,43,0
common,h19,19,2022-10-21,159915,159915_DTE30_OTM5up_Q50_Hold,159915__159915_DTE30_OTM5up_Q50_Hold,False,OTM5_up,0.5,2022-10-24,2026-05-27,870,0.557717464363964,0.1371545797282523,0.15965184530436766,0.24976169462102585,0.6392166963257288,0.549141772665992,1.1228789157920398,0.363889229631989,0.37691299593274696,2023-02-01,2024-02-02,2025-08-28,626,0.4883720930232558,-0.154543657233834,0.26584075514358907,1.557717464363964,-0.05768430025967716,-0.8151228514998098,1.78962285149981,0.7441860465116279,0.27906976744186046,0.01723205971805361,0.10526118012422322,0.2938819875776397,43,0
common,h20,20,2022-10-24,159915,159915_DTE30_OTM5up_Q50_Hold,159915__159915_DTE30_OTM5up_Q50_Hold,False,OTM5_up,0.5,2022-10-24,2026-05-27,870,0.5609130776106341,0.13783058449352725,0.16017269637279957,0.24946320487960438,0.6420694244271493,0.5525086738144284,1.1274942526484832,0.3656827596311391,0.3769129959327471,2023-02-01,2024-02-02,2025-08-28,626,0.4883720930232558,-0.154543657233834,0.2658407551435893,1.5609130776106341,-0.05769349804723395,-0.8127310726475305,1.7872310726475304,0.7441860465116279,0.27906976744186046,0.01723205971805361,0.10526118012422322,0.2938819875776397,43,0
common,h00,0,2022-09-19,159915,159915_ETF_BuyHold,159915__159915_ETF_BuyHold,True,ETF_BuyHold,0.0,2022-10-24,2026-05-27,870,0.7899382171226832,0.18391390758621418,0.21793258509672722,0.3163660431319884,0.6888621260967803,0.581332641662446,1.297701725930131,0.4499417391959743,0.40875049270792274,2023-02-01,2024-08-27,2024-10-08,406,0.4883720930232558,-0.16775244299674286,0.43814432989690744,1.7899382171226832,0.0,,,,,0.0,0.0,0.0,0,0
common,h01,1,2022-09-20,159915,159915_ETF_BuyHold,159915__159915_ETF_BuyHold,True,ETF_BuyHold,0.0,2022-10-24,2026-05-27,870,0.7899382171226832,0.18391390758621418,0.2179325850967273,0.3163660431319883,0.6888621260967809,0.5813326416624462,1.2977017259301313,0.4499417391959743,0.40875049270792274,2023-02-01,2024-08-27,2024-10-08,406,0.4883720930232558,-0.16775244299674263,0.43814432989690744,1.7899382171226832,0.0,,,,,0.0,0.0,0.0,0,0
common,h02,2,2022-09-21,159915,159915_ETF_BuyHold,159915__159915_ETF_BuyHold,True,ETF_BuyHold,0.0,2022-10-24,2026-05-27,870,0.7899382171226832,0.18391390758621418,0.21793258509672744,0.31636604313198835,0.6888621260967812,0.5813326416624461,1.2977017259301322,0.4499417391959743,0.40875049270792274,2023-02-01,2024-08-27,2024-10-08,406,0.4883720930232558,-0.16775244299674275,0.4381443298969072,1.7899382171226832,0.0,,,,,0.0,0.0,0.0,0,0
common,h03,3,2022-09-22,159915,159915_ETF_BuyHold,159915__159915_ETF_BuyHold,True,ETF_BuyHold,0.0,2022-10-24,2026-05-27,870,0.7899382171226832,0.18391390758621418,0.21793258509672694,0.31636604313198824,0.6888621260967799,0.5813326416624464,1.2977017259301298,0.4499417391959742,0.40875049270792285,2023-02-01,2024-08-27,2024-10-08,406,0.4883720930232558,-0.16775244299674263,0.4381443298969072,1.7899382171226832,0.0,,,,,0.0,0.0,0.0,0,0
common,h04,4,2022-09-23,159915,159915_ETF_BuyHold,159915__159915_ETF_BuyHold,True,ETF_BuyHold,0.0,2022-10-24,2026-05-27,870,0.789938217122683,0.18391390758621418,0.21793258509672758,0.3163660431319884,0.6888621260967814,0.581332641662446,1.2977017259301327,0.4499417391959742,0.40875049270792285,2023-02-01,2024-08-27,2024-10-08,406,0.4883720930232558,-0.16775244299674275,0.4381443298969072,1.789938217122683,0.0,,,,,0.0,0.0,0.0,0,0
common,h05,5,2022-09-26,159915,159915_ETF_BuyHold,159915__159915_ETF_BuyHold,True,ETF_BuyHold,0.0,2022-10-24,2026-05-27,870,0.7899382171226832,0.18391390758621418,0.21793258509672805,0.31636604313198835,0.6888621260967831,0.5813326416624461,1.2977017259301358,0.4499417391959743,0.40875049270792274,2023-02-01,2024-08-27,2024-10-08,406,0.4883720930232558,-0.16775244299674275,0.4381443298969072,1.7899382171226832,0.0,,,,,0.0,0.0,0.0,0,0
common,h06,6,2022-09-27,159915,159915_ETF_BuyHold,159915__159915_ETF_BuyHold,True,ETF_BuyHold,0.0,2022-10-24,2026-05-27,870,0.7899382171226832,0.18391390758621418,0.217932585096727,0.31636604313198835,0.6888621260967798,0.5813326416624461,1.2977017259301298,0.4499417391959743,0.40875049270792274,2023-02-01,2024-08-27,2024-10-08,406,0.4883720930232558,-0.16775244299674263,0.4381443298969072,1.7899382171226832,0.0,,,,,0.0,0.0,0.0,0,0
common,h07,7,2022-09-28,159915,159915_ETF_BuyHold,159915__159915_ETF_BuyHold,True,ETF_BuyHold,0.0,2022-10-24,2026-05-27,870,0.7899382171226832,0.18391390758621418,0.21793258509672744,0.3163660431319884,0.688862126096781,0.581332641662446,1.297701725930132,0.4499417391959742,0.40875049270792285,2023-02-01,2024-08-27,2024-10-08,406,0.4883720930232558,-0.16775244299674263,0.4381443298969072,1.7899382171226832,0.0,,,,,0.0,0.0,0.0,0,0
common,h08,8,2022-09-29,159915,159915_ETF_BuyHold,159915__159915_ETF_BuyHold,True,ETF_BuyHold,0.0,2022-10-24,2026-05-27,870,0.789938217122683,0.18391390758621418,0.21793258509672747,0.31636604313198835,0.6888621260967812,0.5813326416624461,1.2977017259301329,0.4499417391959742,0.40875049270792285,2023-02-01,2024-08-27,2024-10-08,406,0.4883720930232558,-0.16775244299674286,0.43814432989690744,1.789938217122683,0.0,,,,,0.0,0.0,0.0,0,0
common,h09,9,2022-09-30,159915,159915_ETF_BuyHold,159915__159915_ETF_BuyHold,True,ETF_BuyHold,0.0,2022-10-24,2026-05-27,870,0.7899382171226832,0.18391390758621418,0.21793258509672783,0.31636604313198835,0.6888621260967824,0.5813326416624461,1.2977017259301344,0.4499417391959743,0.40875049270792274,2023-02-01,2024-08-27,2024-10-08,406,0.4883720930232558,-0.16775244299674263,0.4381443298969072,1.7899382171226832,0.0,,,,,0.0,0.0,0.0,0,0
common,h10,10,2022-10-10,159915,159915_ETF_BuyHold,159915__159915_ETF_BuyHold,True,ETF_BuyHold,0.0,2022-10-24,2026-05-27,870,0.7899382171226832,0.18391390758621418,0.21793258509672828,0.31636604313198824,0.6888621260967841,0.5813326416624464,1.2977017259301373,0.4499417391959743,0.40875049270792274,2023-02-01,2024-08-27,2024-10-08,406,0.4883720930232558,-0.16775244299674275,0.4381443298969072,1.7899382171226832,0.0,,,,,0.0,0.0,0.0,0,0
common,h11,11,2022-10-11,159915,159915_ETF_BuyHold,159915__159915_ETF_BuyHold,True,ETF_BuyHold,0.0,2022-10-24,2026-05-27,870,0.789938217122683,0.18391390758621418,0.21793258509672733,0.31636604313198835,0.6888621260967808,0.5813326416624461,1.2977017259301313,0.44994173919597447,0.40875049270792263,2023-02-01,2024-08-27,2024-10-08,406,0.4883720930232558,-0.16775244299674275,0.4381443298969072,1.789938217122683,0.0,,,,,0.0,0.0,0.0,0,0
common,h12,12,2022-10-12,159915,159915_ETF_BuyHold,159915__159915_ETF_BuyHold,True,ETF_BuyHold,0.0,2022-10-24,2026-05-27,870,0.7899382171226832,0.18391390758621418,0.21793258509672792,0.31636604313198835,0.6888621260967827,0.5813326416624461,1.2977017259301353,0.4499417391959743,0.40875049270792274,2023-02-01,2024-08-27,2024-10-08,406,0.4883720930232558,-0.16775244299674263,0.43814432989690744,1.7899382171226832,0.0,,,,,0.0,0.0,0.0,0,0
common,h13,13,2022-10-13,159915,159915_ETF_BuyHold,159915__159915_ETF_BuyHold,True,ETF_BuyHold,0.0,2022-10-24,2026-05-27,870,0.7899382171226832,0.18391390758621418,0.2179325850967268,0.31636604313198835,0.6888621260967792,0.5813326416624461,1.2977017259301278,0.4499417391959743,0.40875049270792274,2023-02-01,2024-08-27,2024-10-08,406,0.4883720930232558,-0.16775244299674263,0.4381443298969072,1.7899382171226832,0.0,,,,,0.0,0.0,0.0,0,0
common,h14,14,2022-10-14,159915,159915_ETF_BuyHold,159915__159915_ETF_BuyHold,True,ETF_BuyHold,0.0,2022-10-24,2026-05-27,870,0.7899382171226832,0.18391390758621418,0.21793258509672747,0.31636604313198835,0.6888621260967812,0.5813326416624461,1.297701725930132,0.4499417391959743,0.40875049270792274,2023-02-01,2024-08-27,2024-10-08,406,0.4883720930232558,-0.16775244299674263,0.4381443298969072,1.7899382171226832,0.0,,,,,0.0,0.0,0.0,0,0
common,h15,15,2022-10-17,159915,159915_ETF_BuyHold,159915__159915_ETF_BuyHold,True,ETF_BuyHold,0.0,2022-10-24,2026-05-27,870,0.789938217122683,0.18391390758621418,0.21793258509672825,0.3163660431319884,0.6888621260967837,0.581332641662446,1.297701725930137,0.4499417391959742,0.40875049270792285,2023-02-01,2024-08-27,2024-10-08,406,0.4883720930232558,-0.16775244299674263,0.438144329896907,1.789938217122683,0.0,,,,,0.0,0.0,0.0,0,0
common,h16,16,2022-10-18,159915,159915_ETF_BuyHold,159915__159915_ETF_BuyHold,True,ETF_BuyHold,0.0,2022-10-24,2026-05-27,870,0.7899382171226832,0.18391390758621418,0.21793258509672733,0.3163660431319884,0.6888621260967807,0.581332641662446,1.2977017259301313,0.4499417391959742,0.40875049270792285,2023-02-01,2024-08-27,2024-10-08,406,0.4883720930232558,-0.16775244299674275,0.43814432989690744,1.7899382171226832,0.0,,,,,0.0,0.0,0.0,0,0
common,h17,17,2022-10-19,159915,159915_ETF_BuyHold,159915__159915_ETF_BuyHold,True,ETF_BuyHold,0.0,2022-10-24,2026-05-27,870,0.7899382171226832,0.18391390758621418,0.21793258509672728,0.3163660431319884,0.6888621260967805,0.581332641662446,1.2977017259301313,0.4499417391959742,0.40875049270792285,2023-02-01,2024-08-27,2024-10-08,406,0.4883720930232558,-0.16775244299674263,0.4381443298969072,1.7899382171226832,0.0,,,,,0.0,0.0,0.0,0,0
common,h18,18,2022-10-20,159915,159915_ETF_BuyHold,159915__159915_ETF_BuyHold,True,ETF_BuyHold,0.0,2022-10-24,2026-05-27,870,0.7899382171226832,0.18391390758621418,0.21793258509672728,0.3163660431319883,0.6888621260967808,0.5813326416624462,1.2977017259301313,0.4499417391959742,0.40875049270792285,2023-02-01,2024-08-27,2024-10-08,406,0.4883720930232558,-0.16775244299674275,0.43814432989690744,1.7899382171226832,0.0,,,,,0.0,0.0,0.0,0,0
common,h19,19,2022-10-21,159915,159915_ETF_BuyHold,159915__159915_ETF_BuyHold,True,ETF_BuyHold,0.0,2022-10-24,2026-05-27,870,0.7899382171226832,0.18391390758621418,0.21793258509672747,0.31636604313198846,0.688862126096781,0.581332641662446,1.2977017259301318,0.4499417391959743,0.40875049270792274,2023-02-01,2024-08-27,2024-10-08,406,0.4883720930232558,-0.16775244299674263,0.4381443298969072,1.7899382171226832,0.0,,,,,0.0,0.0,0.0,0,0
common,h20,20,2022-10-24,159915,159915_ETF_BuyHold,159915__159915_ETF_BuyHold,True,ETF_BuyHold,0.0,2022-10-24,2026-05-27,870,0.7899382171226832,0.18391390758621418,0.217932585096728,0.3163660431319884,0.6888621260967828,0.581332641662446,1.2977017259301356,0.4499417391959743,0.40875049270792274,2023-02-01,2024-08-27,2024-10-08,406,0.4883720930232558,-0.16775244299674263,0.43814432989690744,1.7899382171226832,0.0,,,,,0.0,0.0,0.0,0,0
common,h00,0,2022-09-19,510050,510050_DTE30_D40_Q70_Hold,510050__510050_DTE30_D40_Q70_Hold,False,D40,0.7,2022-10-24,2026-05-27,870,0.29478926976694275,0.07779569716010859,0.08167775645925504,0.11626243252538788,0.7025292236287876,0.6691387361357726,1.1665165296930244,0.5290377139329584,0.14705132566402845,2023-01-20,2024-01-17,2024-09-30,408,0.6046511627906976,-0.06398107780116846,0.10540253065461402,1.2947892697669428,0.007803415870131391,0.11816483720502667,0.8563351627949732,0.7045454545454546,0.45454545454545453,0.015121319098627874,0.06492189516129011,0.12523790322580644,44,0
common,h01,1,2022-09-20,510050,510050_DTE30_D40_Q70_Hold,510050__510050_DTE30_D40_Q70_Hold,False,D40,0.7,2022-10-24,2026-05-27,870,0.29478944571047316,0.07779573963100228,0.0816778051651249,0.11626251246870983,0.7025291594924647,0.6691386413306675,1.1665169283497028,0.5290380027497622,0.14705132566402812,2023-01-20,2024-01-17,2024-09-30,408,0.6046511627906976,-0.06398107780116846,0.10540253065461402,1.2947894457104732,0.007788095067338364,0.11499453095312552,0.8595054690468744,0.7045454545454546,0.45454545454545453,0.015121319098627874,0.06492189516129011,0.12523790322580644,44,0
common,h02,2,2022-09-21,510050,510050_DTE30_D40_Q70_Hold,510050__510050_DTE30_D40_Q70_Hold,False,D40,0.7,2022-10-24,2026-05-27,870,0.2947896832145849,0.07779579696195782,0.08167787093727057,0.1162626205955657,0.7025290718450036,0.6691385121326344,1.166517464012383,0.5290383926201367,0.14705132566402834,2023-01-20,2024-01-17,2024-09-30,408,0.6046511627906976,-0.06398107780116846,0.1054025306546138,1.2947896832145849,0.0077674163982823325,0.11080799689195914,0.8636920031080408,0.7045454545454546,0.45454545454545453,0.015121319098627874,0.06492189516129011,0.12523790322580644,44,0
common,h03,3,2022-09-22,510050,510050_DTE30_D40_Q70_Hold,510050__510050_DTE30_D40_Q70_Hold,False,D40,0.7,2022-10-24,2026-05-27,870,0.29478933643787486,0.07779571325376189,0.0816777749137199,0.11626246280285545,0.7025291994047961,0.6691387003015663,1.1665166809414083,0.5290378233753812,0.14705132566402834,2023-01-20,2024-01-17,2024-09-30,408,0.6046511627906976,-0.06398107780116857,0.1054025306546138,1.2947893364378749,0.0078129014240402,0.11745840436082558,0.8570415956391743,0.7045454545454546,0.45454545454545453,0.015121319098627874,0.06492189516129011,0.12523790322580644,44,0
common,h04,4,2022-09-23,510050,510050_DTE30_D40_Q70_Hold,510050__510050_DTE30_D40_Q70_Hold,False,D40,0.7,2022-10-24,2026-05-27,870,0.2947894092621459,0.07779573083276481,0.08167779507397667,0.11626249589671975,0.7025291728343255,0.6691386610336804,1.1665168458926567,0.5290379429186972,0.147051325664028,2023-01-20,2024-01-17,2024-09-30,408,0.6046511627906976,-0.06398107780116868,0.1054025306546138,1.294789409262146,0.007806569530015152,0.11608271405494887,0.8584172859450511,0.7045454545454546,0.45454545454545453,0.015121319098627874,0.06492189516129011,0.12523790322580644,44,0
common,h05,5,2022-09-26,510050,510050_DTE30_D40_Q70_Hold,510050__510050_DTE30_D40_Q70_Hold,False,D40,0.7,2022-10-24,2026-05-27,870,0.2947896618582484,0.07779579180676666,0.08167786502188827,0.11626261086283358,0.702529079776573,0.6691385238075377,1.1665174159622087,0.5290383575630503,0.14705132566402812,2023-01-20,2024-01-17,2024-09-30,408,0.6046511627906976,-0.06398107780116846,0.10540253065461402,1.2947896618582484,0.0077846091664683405,0.11151881160352214,0.8629811883964777,0.7045454545454546,0.45454545454545453,0.015121319098627874,0.06492189516129011,0.12523790322580644,44,0
common,h06,6,2022-09-27,510050,510050_DTE30_D40_Q70_Hold,510050__510050_DTE30_D40_Q70_Hold,False,D40,0.7,2022-10-24,2026-05-27,870,0.29478943052073525,0.07779573596436151,0.08167780095958595,0.11626250556168137,0.7025291650561667,0.66913864954586,1.1665168939941124,0.5290379778153332,0.14705132566402823,2023-01-20,2024-01-17,2024-09-30,408,0.6046511627906976,-0.06398107780116868,0.10540253065461402,1.2947894305207353,0.007804721202001038,0.11559720130525711,0.8589027986947428,0.7045454545454546,0.45454545454545453,0.015121319098627874,0.06492189516129011,0.12523790322580644,44,0
common,h07,7,2022-09-28,510050,510050_DTE30_D40_Q70_Hold,510050__510050_DTE30_D40_Q70_Hold,False,D40,0.7,2022-10-24,2026-05-27,870,0.29478980540967736,0.07779582645854499,0.0816779047878659,0.11626267632151101,0.7025290262714673,0.6691384451138009,1.1665177384993448,0.529038593207157,0.14705132566402823,2023-01-20,2024-01-17,2024-09-30,408,0.6046511627906976,-0.06398107780116857,0.1054025306546138,1.2947898054096774,0.007772130559973669,0.10882996347420826,0.8656700365257917,0.7045454545454546,0.45454545454545453,0.015121319098627874,0.06492189516129011,0.12523790322580644,44,0
common,h08,8,2022-09-29,510050,510050_DTE30_D40_Q70_Hold,510050__510050_DTE30_D40_Q70_Hold,False,D40,0.7,2022-10-24,2026-05-27,870,0.2947899156170162,0.07779585306141512,0.08167793532403671,0.11626272663592797,0.7025289848896101,0.6691383843510714,1.1665179854115422,0.529038774115898,0.14705132566402812,2023-01-20,2024-01-17,2024-09-30,408,0.6046511627906976,-0.06398107780116846,0.10540253065461402,1.2947899156170162,0.00776255124849423,0.10673909992481817,0.8677609000751817,0.7045454545454546,0.45454545454545453,0.015121319098627874,0.06492189516129011,0.12523790322580644,44,0
common,h09,9,2022-09-30,510050,510050_DTE30_D40_Q70_Hold,510050__510050_DTE30_D40_Q70_Hold,False,D40,0.7,2022-10-24,2026-05-27,870,0.2947899984170168,0.07779587304844648,0.08167795827021326,0.11626276447226215,0.7025289536247,0.6691383385005174,1.1665181705158947,0.5290389100346408,0.14705132566402823,2023-01-20,2024-01-17,2024-09-30,408,0.6046511627906976,-0.06398107780116846,0.1054025306546138,1.2947899984170168,0.007755354643579854,0.10517061812033877,0.869329381879661,0.7045454545454546,0.45454545454545453,0.015121319098627874,0.06492189516129011,0.12523790322580644,44,0
common,h10,10,2022-10-10,510050,510050_DTE30_D40_Q70_Hold,510050__510050_DTE30_D40_Q70_Hold,False,D40,0.7,2022-10-24,2026-05-27,870,0.31300397007785463,0.08217074808538816,0.08597833760062498,0.11841774511781744,0.7260595742224488,0.6939056980322836,1.218514766462875,0.5587895771380238,0.14705132566402823,2023-01-20,2024-01-17,2024-09-30,408,0.6046511627906976,-0.06398107780116857,0.12491186200002402,1.3130039700778546,0.012710461847327064,0.1491881364946801,0.8253118635053197,0.7209302325581395,0.4418604651162791,0.013917684441787951,0.06492189516129011,0.12523790322580644,43,0
common,h11,11,2022-10-11,510050,510050_DTE30_D40_Q70_Hold,510050__510050_DTE30_D40_Q70_Hold,False,D40,0.7,2022-10-24,2026-05-27,870,0.3130804153378455,0.08218901865558825,0.08599675499245724,0.118430965908645,0.7261340337187929,0.6939825072353714,1.2187104027050273,0.5589138233501377,0.14705132566402823,2023-01-20,2024-01-17,2024-09-30,408,0.6046511627906976,-0.06398107780116857,0.12502774500431957,1.3130804153378455,0.012719342376540396,0.14706650502609758,0.8274334949739023,0.7209302325581395,0.4418604651162791,0.013917684441787951,0.06492189516129011,0.12523790322580644,43,0
common,h12,12,2022-10-12,510050,510050_DTE30_D40_Q70_Hold,510050__510050_DTE30_D40_Q70_Hold,False,D40,0.7,2022-10-24,2026-05-27,870,0.31290362915628656,0.08214676525789266,0.08595416418195345,0.11840041132615386,0.7259617024908659,0.6938047286981595,1.2182578368925918,0.5586264855957531,0.14705132566402823,2023-01-20,2024-01-17,2024-09-30,408,0.6046511627906976,-0.06398107780116835,0.12475977143051153,1.3129036291562866,0.012698807353407084,0.15197114728916927,0.8225288527108305,0.7209302325581395,0.4418604651162791,0.013917684441787951,0.06492189516129011,0.12523790322580644,43,0
common,h13,13,2022-10-13,510050,510050_DTE30_D40_Q70_Hold,510050__510050_DTE30_D40_Q70_Hold,False,D40,0.7,2022-10-24,2026-05-27,870,0.31513278611909934,0.08267925731074954,0.08638292032383862,0.1178544931616302,0.7329624692829467,0.7015367432564494,1.227194273587109,0.5622476161802771,0.14705132566402834,2023-01-20,2024-01-17,2024-09-30,408,0.6046511627906976,-0.06398107780116857,0.12490067478842737,1.3151327861190993,0.013674336914525517,0.15780321150078577,0.8166967884992141,0.7209302325581395,0.4418604651162791,0.013917684441787951,0.06492189516129011,0.12523790322580644,43,0
common,h14,14,2022-10-14,510050,510050_DTE30_D40_Q70_Hold,510050__510050_DTE30_D40_Q70_Hold,False,D40,0.7,2022-10-24,2026-05-27,870,0.3115223466121333,0.08181648784158546,0.08568927399230114,0.11874764546955906,0.7216081940274561,0.6889946113715502,1.2127415405932107,0.5563804846514188,0.1470513256640279,2023-01-20,2024-01-17,2024-09-30,408,0.6046511627906976,-0.06398107780116846,0.12463348041544964,1.3115223466121333,0.012054964511066782,0.145266818536456,0.8292331814635439,0.7209302325581395,0.4418604651162791,0.013917684441787951,0.06492189516129011,0.12523790322580644,43,0
common,h15,15,2022-10-17,510050,510050_DTE30_D40_Q70_Hold,510050__510050_DTE30_D40_Q70_Hold,False,D40,0.7,2022-10-24,2026-05-27,870,0.3128695764666307,0.08213862591208199,0.08594596070336492,0.11839453382266112,0.7259284523397024,0.6937704238534733,1.2181706065281082,0.5585711352221757,0.147051325664028,2023-01-20,2024-01-17,2024-09-30,408,0.6046511627906976,-0.06398107780116835,0.12470816053129186,1.3128695764666307,0.01269485267391269,0.15261570192302104,0.8218842980769787,0.7209302325581395,0.4418604651162791,0.013917684441787951,0.06492189516129011,0.12523790322580644,43,0
common,h16,16,2022-10-18,510050,510050_DTE30_D40_Q70_Hold,510050__510050_DTE30_D40_Q70_Hold,False,D40,0.7,2022-10-24,2026-05-27,870,0.3130502203323866,0.08218180207906722,0.08598948025578668,0.11842574230246669,0.7261046338739784,0.6939521803390499,1.2186331396692913,0.5588647481276703,0.14705132566402834,2023-01-20,2024-01-17,2024-09-30,408,0.6046511627906976,-0.06398107780116846,0.12498197129947686,1.3130502203323866,0.012715834514687096,0.14765349572744796,0.8268465042725519,0.7209302325581395,0.4418604651162791,0.013917684441787951,0.06492189516129011,0.12523790322580644,43,0
common,h17,17,2022-10-19,510050,510050_DTE30_D40_Q70_Hold,510050__510050_DTE30_D40_Q70_Hold,False,D40,0.7,2022-10-24,2026-05-27,870,0.3154936679654552,0.08276540303155056,0.08646891056686988,0.11791008243178298,0.7333461972337826,0.7019366056285693,1.2281458600589519,0.5628334369500816,0.1470513256640279,2023-01-20,2024-01-17,2024-09-30,408,0.6046511627906976,-0.06398107780116846,0.12543129192747515,1.3154936679654552,0.0137191293915185,0.147847104803481,0.8266528951965189,0.7209302325581395,0.4418604651162791,0.013917684441787951,0.06492189516129011,0.12523790322580644,43,0
common,h18,18,2022-10-20,510050,510050_DTE30_D40_Q70_Hold,510050__510050_DTE30_D40_Q70_Hold,False,D40,0.7,2022-10-24,2026-05-27,870,0.31558756808217425,0.08278781507729116,0.08649128646690739,0.1179245878758802,0.733445738711782,0.7020403171934615,1.228393158902366,0.5629858466317971,0.14705132566402845,2023-01-20,2024-01-17,2024-09-30,408,0.6046511627906976,-0.06398107780116857,0.12556939085650876,1.3155875680821743,0.013730787755731416,0.14532067178419492,0.8291793282158049,0.7209302325581395,0.4418604651162791,0.013917684441787951,0.06492189516129011,0.12523790322580644,43,0
common,h19,19,2022-10-21,510050,510050_DTE30_D40_Q70_Hold,510050__510050_DTE30_D40_Q70_Hold,False,D40,0.7,2022-10-24,2026-05-27,870,0.3156712324376596,0.08280778309846548,0.08651122378177285,0.11793752649435466,0.7335343240890668,0.7021326083384432,1.2286133959205443,0.5631216360990751,0.14705132566402823,2023-01-20,2024-01-17,2024-09-30,408,0.6046511627906976,-0.06398107780116868,0.12569244799094648,1.3156712324376596,0.013741176505353047,0.1430830913598577,0.8314169086401421,0.7209302325581395,0.4418604651162791,0.013917684441787951,0.06492189516129011,0.12523790322580644,43,0
common,h20,20,2022-10-24,510050,510050_DTE30_D40_Q70_Hold,510050__510050_DTE30_D40_Q70_Hold,False,D40,0.7,2022-10-24,2026-05-27,870,0.29820854060387214,0.0786203001250152,0.08244102324152683,0.11624680961696224,0.7091895555084327,0.6763222180812716,1.1775370776641765,0.5346452999998172,0.14705132566402823,2023-01-20,2024-01-17,2024-09-30,408,0.6046511627906976,-0.06398107780116846,0.10517838152977554,1.2982085406038721,0.008418024499751953,0.09402802031520957,0.8804719796847902,0.6976744186046512,0.46511627906976744,0.014703438406933065,0.06492189516129011,0.12523790322580644,43,0
common,h00,0,2022-09-19,510050,510050_ETF_BuyHold,510050__510050_ETF_BuyHold,True,ETF_BuyHold,0.0,2022-10-24,2026-05-27,870,0.23329233292332918,0.06269368845094703,0.07401331171703479,0.162828346259942,0.45454807726707896,0.3850293262259247,0.806456061285122,0.29042978601097247,0.2158652158652159,2023-01-30,2024-01-17,2024-09-30,407,0.5116279069767442,-0.07076528978546281,0.1976121860848088,1.2332923329233292,0.0,,,,,0.0,0.0,0.0,0,0
common,h01,1,2022-09-20,510050,510050_ETF_BuyHold,510050__510050_ETF_BuyHold,True,ETF_BuyHold,0.0,2022-10-24,2026-05-27,870,0.23329233292332918,0.06269368845094703,0.07401331171703451,0.16282834625994194,0.45454807726707736,0.3850293262259248,0.8064560612851185,0.29042978601097247,0.2158652158652159,2023-01-30,2024-01-17,2024-09-30,407,0.5116279069767442,-0.07076528978546259,0.19761218608480857,1.2332923329233292,0.0,,,,,0.0,0.0,0.0,0,0
common,h02,2,2022-09-21,510050,510050_ETF_BuyHold,510050__510050_ETF_BuyHold,True,ETF_BuyHold,0.0,2022-10-24,2026-05-27,870,0.23329233292332918,0.06269368845094703,0.07401331171703429,0.16282834625994191,0.45454807726707613,0.38502932622592484,0.8064560612851164,0.2904297860109723,0.215865215865216,2023-01-30,2024-01-17,2024-09-30,407,0.5116279069767442,-0.07076528978546259,0.1976121860848088,1.2332923329233292,0.0,,,,,0.0,0.0,0.0,0,0
common,h03,3,2022-09-22,510050,510050_ETF_BuyHold,510050__510050_ETF_BuyHold,True,ETF_BuyHold,0.0,2022-10-24,2026-05-27,870,0.2332923329233294,0.06269368845094725,0.07401331171703406,0.16282834625994194,0.45454807726707463,0.38502932622592617,0.8064560612851143,0.29042978601097347,0.2158652158652159,2023-01-30,2024-01-17,2024-09-30,407,0.5116279069767442,-0.07076528978546281,0.1976121860848088,1.2332923329233294,0.0,,,,,0.0,0.0,0.0,0,0
common,h04,4,2022-09-23,510050,510050_ETF_BuyHold,510050__510050_ETF_BuyHold,True,ETF_BuyHold,0.0,2022-10-24,2026-05-27,870,0.2332923329233294,0.06269368845094725,0.0740133117170346,0.16282834625994205,0.45454807726707763,0.3850293262259259,0.806456061285119,0.29042978601097363,0.2158652158652158,2023-01-30,2024-01-17,2024-09-30,407,0.5116279069767442,-0.07076528978546259,0.1976121860848088,1.2332923329233294,0.0,,,,,0.0,0.0,0.0,0,0
common,h05,5,2022-09-26,510050,510050_ETF_BuyHold,510050__510050_ETF_BuyHold,True,ETF_BuyHold,0.0,2022-10-24,2026-05-27,870,0.23329233292332918,0.06269368845094703,0.07401331171703429,0.162828346259942,0.4545480772670759,0.3850293262259247,0.8064560612851164,0.29042978601097247,0.2158652158652159,2023-01-30,2024-01-17,2024-09-30,407,0.5116279069767442,-0.07076528978546259,0.19761218608480857,1.2332923329233292,0.0,,,,,0.0,0.0,0.0,0,0
common,h06,6,2022-09-27,510050,510050_ETF_BuyHold,510050__510050_ETF_BuyHold,True,ETF_BuyHold,0.0,2022-10-24,2026-05-27,870,0.2332923329233294,0.06269368845094725,0.07401331171703425,0.16282834625994208,0.4545480772670754,0.38502932622592584,0.8064560612851157,0.2904297860109733,0.215865215865216,2023-01-30,2024-01-17,2024-09-30,407,0.5116279069767442,-0.07076528978546281,0.1976121860848088,1.2332923329233294,0.0,,,,,0.0,0.0,0.0,0,0
common,h07,7,2022-09-28,510050,510050_ETF_BuyHold,510050__510050_ETF_BuyHold,True,ETF_BuyHold,0.0,2022-10-24,2026-05-27,870,0.23329233292332918,0.06269368845094703,0.07401331171703505,0.16282834625994203,0.4545480772670805,0.3850293262259246,0.8064560612851246,0.2904297860109726,0.2158652158652158,2023-01-30,2024-01-17,2024-09-30,407,0.5116279069767442,-0.07076528978546281,0.19761218608480857,1.2332923329233292,0.0,,,,,0.0,0.0,0.0,0,0
common,h08,8,2022-09-29,510050,510050_ETF_BuyHold,510050__510050_ETF_BuyHold,True,ETF_BuyHold,0.0,2022-10-24,2026-05-27,870,0.23329233292332918,0.06269368845094703,0.07401331171703505,0.16282834625994203,0.4545480772670805,0.3850293262259246,0.8064560612851246,0.2904297860109726,0.2158652158652158,2023-01-30,2024-01-17,2024-09-30,407,0.5116279069767442,-0.07076528978546281,0.19761218608480857,1.2332923329233292,0.0,,,,,0.0,0.0,0.0,0,0
common,h09,9,2022-09-30,510050,510050_ETF_BuyHold,510050__510050_ETF_BuyHold,True,ETF_BuyHold,0.0,2022-10-24,2026-05-27,870,0.23329233292332918,0.06269368845094703,0.07401331171703483,0.16282834625994203,0.45454807726707913,0.3850293262259246,0.8064560612851219,0.29042978601097247,0.2158652158652159,2023-01-30,2024-01-17,2024-09-30,407,0.5116279069767442,-0.07076528978546293,0.19761218608480857,1.2332923329233292,0.0,,,,,0.0,0.0,0.0,0,0
common,h10,10,2022-10-10,510050,510050_ETF_BuyHold,510050__510050_ETF_BuyHold,True,ETF_BuyHold,0.0,2022-10-24,2026-05-27,870,0.23329233292332918,0.06269368845094703,0.07401331171703425,0.16282834625994197,0.45454807726707575,0.38502932622592473,0.8064560612851164,0.29042978601097247,0.2158652158652159,2023-01-30,2024-01-17,2024-09-30,407,0.5116279069767442,-0.07076528978546281,0.19761218608480857,1.2332923329233292,0.0,,,,,0.0,0.0,0.0,0,0
common,h11,11,2022-10-11,510050,510050_ETF_BuyHold,510050__510050_ETF_BuyHold,True,ETF_BuyHold,0.0,2022-10-24,2026-05-27,870,0.23329233292332918,0.06269368845094703,0.0740133117170341,0.162828346259942,0.4545480772670747,0.3850293262259247,0.8064560612851135,0.29042978601097247,0.2158652158652159,2023-01-30,2024-01-17,2024-09-30,407,0.5116279069767442,-0.07076528978546281,0.19761218608480857,1.2332923329233292,0.0,,,,,0.0,0.0,0.0,0,0
common,h12,12,2022-10-12,510050,510050_ETF_BuyHold,510050__510050_ETF_BuyHold,True,ETF_BuyHold,0.0,2022-10-24,2026-05-27,870,0.23329233292332918,0.06269368845094703,0.074013311717035,0.16282834625994197,0.4545480772670803,0.38502932622592473,0.806456061285124,0.29042978601097247,0.2158652158652159,2023-01-30,2024-01-17,2024-09-30,407,0.5116279069767442,-0.07076528978546259,0.19761218608480857,1.2332923329233292,0.0,,,,,0.0,0.0,0.0,0,0
common,h13,13,2022-10-13,510050,510050_ETF_BuyHold,510050__510050_ETF_BuyHold,True,ETF_BuyHold,0.0,2022-10-24,2026-05-27,870,0.23329233292332918,0.06269368845094703,0.07401331171703454,0.16282834625994197,0.4545480772670775,0.38502932622592473,0.8064560612851195,0.2904297860109726,0.2158652158652158,2023-01-30,2024-01-17,2024-09-30,407,0.5116279069767442,-0.07076528978546259,0.19761218608480857,1.2332923329233292,0.0,,,,,0.0,0.0,0.0,0,0
common,h14,14,2022-10-14,510050,510050_ETF_BuyHold,510050__510050_ETF_BuyHold,True,ETF_BuyHold,0.0,2022-10-24,2026-05-27,870,0.2332923329233294,0.06269368845094725,0.07401331171703479,0.16282834625994197,0.454548077267079,0.3850293262259261,0.8064560612851216,0.29042978601097347,0.2158652158652159,2023-01-30,2024-01-17,2024-09-30,407,0.5116279069767442,-0.07076528978546259,0.1976121860848088,1.2332923329233294,0.0,,,,,0.0,0.0,0.0,0,0
common,h15,15,2022-10-17,510050,510050_ETF_BuyHold,510050__510050_ETF_BuyHold,True,ETF_BuyHold,0.0,2022-10-24,2026-05-27,870,0.2332923329233294,0.06269368845094725,0.07401331171703429,0.16282834625994194,0.454548077267076,0.38502932622592617,0.8064560612851158,0.29042978601097363,0.2158652158652158,2023-01-30,2024-01-17,2024-09-30,407,0.5116279069767442,-0.07076528978546259,0.19761218608480857,1.2332923329233294,0.0,,,,,0.0,0.0,0.0,0,0
common,h16,16,2022-10-18,510050,510050_ETF_BuyHold,510050__510050_ETF_BuyHold,True,ETF_BuyHold,0.0,2022-10-24,2026-05-27,870,0.23329233292332918,0.06269368845094703,0.0740133117170342,0.16282834625994197,0.45454807726707536,0.38502932622592473,0.8064560612851156,0.29042978601097247,0.2158652158652159,2023-01-30,2024-01-17,2024-09-30,407,0.5116279069767442,-0.07076528978546281,0.19761218608480857,1.2332923329233292,0.0,,,,,0.0,0.0,0.0,0,0
common,h17,17,2022-10-19,510050,510050_ETF_BuyHold,510050__510050_ETF_BuyHold,True,ETF_BuyHold,0.0,2022-10-24,2026-05-27,870,0.23329233292332918,0.06269368845094703,0.07401331171703439,0.16282834625994197,0.4545480772670765,0.38502932622592473,0.8064560612851178,0.29042978601097247,0.2158652158652159,2023-01-30,2024-01-17,2024-09-30,407,0.5116279069767442,-0.07076528978546281,0.1976121860848088,1.2332923329233292,0.0,,,,,0.0,0.0,0.0,0,0
common,h18,18,2022-10-20,510050,510050_ETF_BuyHold,510050__510050_ETF_BuyHold,True,ETF_BuyHold,0.0,2022-10-24,2026-05-27,870,0.23329233292332918,0.06269368845094703,0.074013311717035,0.16282834625994205,0.4545480772670801,0.3850293262259245,0.806456061285124,0.2904297860109726,0.2158652158652158,2023-01-30,2024-01-17,2024-09-30,407,0.5116279069767442,-0.07076528978546281,0.1976121860848088,1.2332923329233292,0.0,,,,,0.0,0.0,0.0,0,0
common,h19,19,2022-10-21,510050,510050_ETF_BuyHold,510050__510050_ETF_BuyHold,True,ETF_BuyHold,0.0,2022-10-24,2026-05-27,870,0.23329233292332918,0.06269368845094703,0.07401331171703415,0.16282834625994194,0.4545480772670752,0.3850293262259248,0.806456061285114,0.29042978601097247,0.2158652158652159,2023-01-30,2024-01-17,2024-09-30,407,0.5116279069767442,-0.07076528978546293,0.19761218608480857,1.2332923329233292,0.0,,,,,0.0,0.0,0.0,0,0
common,h20,20,2022-10-24,510050,510050_ETF_BuyHold,510050__510050_ETF_BuyHold,True,ETF_BuyHold,0.0,2022-10-24,2026-05-27,870,0.23329233292332918,0.06269368845094703,0.07401331171703454,0.16282834625994205,0.4545480772670773,0.3850293262259245,0.8064560612851188,0.2904297860109726,0.2158652158652158,2023-01-30,2024-01-17,2024-09-30,407,0.5116279069767442,-0.07076528978546259,0.19761218608480857,1.2332923329233292,0.0,,,,,0.0,0.0,0.0,0,0
common,h00,0,2022-09-19,510300,510300_DTE30_D40_Q70_Hold,510300__510300_DTE30_D40_Q70_Hold,False,D40,0.7,2022-10-24,2026-05-27,870,0.3644213924943609,0.09429273986333842,0.097629094170728,0.12240387246000695,0.7975980841833774,0.770341149902318,1.286437778461349,0.5732618758826519,0.1644845817073668,2023-01-13,2024-02-02,2024-10-08,414,0.6046511627906976,-0.06544409056545941,0.09807230965780911,1.364421392494361,-0.0005074637435086699,0.032509320027743614,0.9419906799722565,0.75,0.4090909090909091,0.01236502065227817,0.08019211283822647,0.16683937823834197,44,0
common,h01,1,2022-09-20,510300,510300_DTE30_D40_Q70_Hold,510300__510300_DTE30_D40_Q70_Hold,False,D40,0.7,2022-10-24,2026-05-27,870,0.36442361111702626,0.09429325586245363,0.097629576116245,0.12240395645109878,0.7976014742239864,0.7703448368527568,1.2864438900031114,0.5732650129494197,0.16448458170736702,2023-01-13,2024-02-02,2024-10-08,414,0.6046511627906976,-0.0654440905654593,0.09807230965780889,1.3644236111170263,-0.0005105331611219931,0.03135204610604177,0.9431479538939582,0.75,0.4090909090909091,0.01236502065227817,0.08019211283822647,0.16683937823834197,44,0
common,h02,2,2022-09-21,510300,510300_DTE30_D40_Q70_Hold,510300__510300_DTE30_D40_Q70_Hold,False,D40,0.7,2022-10-24,2026-05-27,870,0.36445022057083687,0.09429944454512107,0.09763513487686049,0.12240314737813549,0.7976521598357263,0.7704004885904225,1.2865218283375728,0.573302637647146,0.16448458170736713,2023-01-13,2024-02-02,2024-10-08,414,0.6046511627906976,-0.06544409056545952,0.09807230965780889,1.3644502205708369,-0.0004407154254405927,0.044051506453696265,0.9304484935463038,0.75,0.4090909090909091,0.01236502065227817,0.08019211283822647,0.16683937823834197,44,0
common,h03,3,2022-09-22,510300,510300_DTE30_D40_Q70_Hold,510300__510300_DTE30_D40_Q70_Hold,False,D40,0.7,2022-10-24,2026-05-27,870,0.3644616002575152,0.09430209114486421,0.09763760607232198,0.1224035722469408,0.7976695800621311,0.7704194364084098,1.2865532080017217,0.5733187279074966,0.1644845817073668,2023-01-13,2024-02-02,2024-10-08,414,0.6046511627906976,-0.0654440905654593,0.09807230965780911,1.3644616002575152,-0.0004561979230215825,0.03844096725696925,0.9360590327430309,0.75,0.4090909090909091,0.01236502065227817,0.08019211283822647,0.16683937823834197,44,0
common,h04,4,2022-09-23,510300,510300_DTE30_D40_Q70_Hold,510300__510300_DTE30_D40_Q70_Hold,False,D40,0.7,2022-10-24,2026-05-27,870,0.3644644955135652,0.09430276449868091,0.0976382348202455,0.12240368052253521,0.7976740111362072,0.7704242560036357,1.2865611908141936,0.5733228216274658,0.16448458170736668,2023-01-13,2024-02-02,2024-10-08,414,0.6046511627906976,-0.06544409056545941,0.09807230965780911,1.3644644955135652,-0.0004601366465046815,0.036997829826325185,0.937502170173675,0.75,0.4090909090909091,0.01236502065227817,0.08019211283822647,0.16683937823834197,44,0
common,h05,5,2022-09-26,510300,510300_DTE30_D40_Q70_Hold,510300__510300_DTE30_D40_Q70_Hold,False,D40,0.7,2022-10-24,2026-05-27,870,0.3644721235526909,0.0943045385577308,0.09763989139839994,0.1224039661407123,0.7976856835354156,0.7704369517677299,1.2865822211258011,0.573333607191872,0.1644845817073668,2023-01-13,2024-02-02,2024-10-08,414,0.6046511627906976,-0.06544409056545941,0.09807230965780911,1.3644721235526909,-0.00047051313280653626,0.033175085956085225,0.9413249140439149,0.75,0.4090909090909091,0.01236502065227817,0.08019211283822647,0.16683937823834197,44,0
common,h06,6,2022-09-27,510300,510300_DTE30_D40_Q70_Hold,510300__510300_DTE30_D40_Q70_Hold,False,D40,0.7,2022-10-24,2026-05-27,870,0.3644607737196488,0.09430189891559104,0.0976374265787051,0.12240354134975018,0.7976683150017734,0.7704180604230819,1.2865509290008383,0.5733175592309473,0.16448458170736713,2023-01-13,2024-02-02,2024-10-08,414,0.6046511627906976,-0.06544409056545941,0.09807230965780911,1.3644607737196488,-0.0004550734675238615,0.038756415798086884,0.9357435842019133,0.75,0.4090909090909091,0.01236502065227817,0.08019211283822647,0.16683937823834197,44,0
common,h07,7,2022-09-28,510300,510300_DTE30_D40_Q70_Hold,510300__510300_DTE30_D40_Q70_Hold,False,D40,0.7,2022-10-24,2026-05-27,870,0.3644791940151584,0.09430618293445092,0.0976414269344307,0.1224042313318687,0.7976965001291516,0.7704487165869545,1.2866017119457758,0.5733436043399515,0.1644845817073668,2023-01-13,2024-02-02,2024-10-08,414,0.6046511627906976,-0.06544409056545952,0.09807230965780933,1.3644791940151584,-0.0004801301805944812,0.029498025370123235,0.9450019746298769,0.75,0.4090909090909091,0.01236502065227817,0.08019211283822647,0.16683937823834197,44,0
common,h08,8,2022-09-29,510300,510300_DTE30_D40_Q70_Hold,510300__510300_DTE30_D40_Q70_Hold,False,D40,0.7,2022-10-24,2026-05-27,870,0.36448086084977915,0.09430657058912373,0.09764178893773323,0.12240429391279747,0.7976990497350902,0.7704514896863752,1.2866063065147377,0.5733459611242095,0.16448458170736668,2023-01-13,2024-02-02,2024-10-08,414,0.6046511627906976,-0.06544409056545941,0.09807230965780889,1.3644808608497792,-0.00048239722817979913,0.028617266347558054,0.945882733652442,0.75,0.4090909090909091,0.01236502065227817,0.08019211283822647,0.16683937823834197,44,0
common,h09,9,2022-09-30,510300,510300_DTE30_D40_Q70_Hold,510300__510300_DTE30_D40_Q70_Hold,False,D40,0.7,2022-10-24,2026-05-27,870,0.3646414999734402,0.09434392875093445,0.09767574899412257,0.12240273401015554,0.797986660869998,0.7707665152569786,1.2870679278779529,0.5735730836996072,0.1644845817073669,2023-01-13,2024-02-02,2024-10-08,414,0.6046511627906976,-0.06544409056545941,0.09807230965780911,1.3646414999734402,-0.00017373037929163863,0.038207508654258794,0.9362924913457412,0.75,0.4090909090909091,0.01236502065227817,0.08019211283822647,0.16683937823834197,44,0
common,h10,10,2022-10-10,510300,510300_DTE30_D40_Q70_Hold,510300__510300_DTE30_D40_Q70_Hold,False,D40,0.7,2022-10-24,2026-05-27,870,0.36743283274412475,0.09499258189203097,0.09838913430355589,0.12340124398445605,0.7973107168672405,0.7697862584269936,1.2927490696464197,0.5775166335105587,0.1644845817073669,2023-01-13,2024-02-02,2024-10-08,414,0.6046511627906976,-0.06544409056545941,0.09807230965780889,1.3674328327441247,0.0012042379410814354,0.03215014371479883,0.9423498562852012,0.7441860465116279,0.3953488372093023,0.011947464029816703,0.08019211283822647,0.16683937823834197,43,0
common,h11,11,2022-10-11,510300,510300_DTE30_D40_Q70_Hold,510300__510300_DTE30_D40_Q70_Hold,False,D40,0.7,2022-10-24,2026-05-27,870,0.36745224972390034,0.0949970907382891,0.0983936441315722,0.12340447173295235,0.7973264076239989,0.7698026611536662,1.2927932612505457,0.5775440454795794,0.1644845817073669,2023-01-13,2024-02-02,2024-10-08,414,0.6046511627906976,-0.06544409056545952,0.09807230965780911,1.3674522497239003,0.0012064368020096097,0.03125839964345976,0.9432416003565404,0.7441860465116279,0.3953488372093023,0.011947464029816703,0.08019211283822647,0.16683937823834197,43,0
common,h12,12,2022-10-12,510300,510300_DTE30_D40_Q70_Hold,510300__510300_DTE30_D40_Q70_Hold,False,D40,0.7,2022-10-24,2026-05-27,870,0.36724040621835896,0.09494789577958818,0.09834444556533739,0.12336931747577708,0.7971548159423579,0.7696232557842488,1.2923107538000091,0.5772449599471227,0.1644845817073668,2023-01-13,2024-02-02,2024-10-08,414,0.6046511627906976,-0.06544409056545952,0.09807230965780889,1.367240406218359,0.0011824534177960519,0.04059803009297574,0.9339019699070243,0.7441860465116279,0.3953488372093023,0.011947464029816703,0.08019211283822647,0.16683937823834197,43,0
common,h13,13,2022-10-13,510300,510300_DTE30_D40_Q70_Hold,510300__510300_DTE30_D40_Q70_Hold,False,D40,0.7,2022-10-24,2026-05-27,870,0.36736014563890107,0.0949757027057172,0.09837225260871785,0.12338917101511845,0.7972519127846693,0.7697247815538055,1.2925835788568696,0.5774140148569527,0.1644845817073669,2023-01-13,2024-02-02,2024-10-08,414,0.6046511627906976,-0.0654440905654593,0.09807230965780911,1.367360145638901,0.0011960076413387779,0.03535398136874039,0.9391460186312597,0.7441860465116279,0.3953488372093023,0.011947464029816703,0.08019211283822647,0.16683937823834197,43,0
common,h14,14,2022-10-14,510300,510300_DTE30_D40_Q70_Hold,510300__510300_DTE30_D40_Q70_Hold,False,D40,0.7,2022-10-24,2026-05-27,870,0.363890964819932,0.09416935784127367,0.09773076262274152,0.12417431279361392,0.7870449243812337,0.7583642359091569,1.281039201473456,0.5725117628885704,0.1644845817073668,2023-01-13,2024-02-02,2024-10-08,414,0.6046511627906976,-0.06544409056545952,0.09807230965780911,1.363890964819932,-5.102897341576647e-06,0.03028030857965887,0.9442196914203412,0.7441860465116279,0.3953488372093023,0.011947464029816703,0.08019211283822647,0.16683937823834197,43,0
common,h15,15,2022-10-17,510300,510300_DTE30_D40_Q70_Hold,510300__510300_DTE30_D40_Q70_Hold,False,D40,0.7,2022-10-24,2026-05-27,870,0.3639289472556171,0.09417819401361371,0.09773980267835065,0.12418221598380293,0.7870676320601241,0.7583871270737943,1.2811205280105464,0.5725654832570592,0.1644845817073668,2023-01-13,2024-02-02,2024-10-08,414,0.6046511627906976,-0.0654440905654593,0.09807230965780889,1.363928947255617,-1.3111991873960876e-06,0.028418155645121145,0.946081844354879,0.7441860465116279,0.3953488372093023,0.011947464029816703,0.08019211283822647,0.16683937823834197,43,0
common,h16,16,2022-10-18,510300,510300_DTE30_D40_Q70_Hold,510300__510300_DTE30_D40_Q70_Hold,False,D40,0.7,2022-10-24,2026-05-27,870,0.3639941959993702,0.09419337296786723,0.0977553334867267,0.12419580591431825,0.7871065594128628,0.7584263596860149,1.2812601592297657,0.5726577651846164,0.16448458170736702,2023-01-13,2024-02-02,2024-10-08,414,0.6046511627906976,-0.06544409056545952,0.09807230965780889,1.3639941959993702,5.204084910737094e-06,0.025232886531515307,0.9492671134684849,0.7441860465116279,0.3953488372093023,0.011947464029816703,0.08019211283822647,0.16683937823834197,43,0
common,h17,17,2022-10-19,510300,510300_DTE30_D40_Q70_Hold,510300__510300_DTE30_D40_Q70_Hold,False,D40,0.7,2022-10-24,2026-05-27,870,0.3674687653532491,0.09500092582179809,0.09839748015356115,0.12340721807096872,0.797339747963324,0.7698166064092393,1.2928308442479253,0.5775673612424866,0.1644845817073669,2023-01-13,2024-02-02,2024-10-08,414,0.6046511627906976,-0.06544409056545952,0.09807230965780911,1.3674687653532491,0.0012083071988541968,0.0301624197518121,0.944337580248188,0.7441860465116279,0.3953488372093023,0.011947464029816703,0.08019211283822647,0.16683937823834197,43,0
common,h18,18,2022-10-20,510300,510300_DTE30_D40_Q70_Hold,510300__510300_DTE30_D40_Q70_Hold,False,D40,0.7,2022-10-24,2026-05-27,870,0.3674979357111223,0.09500769937121878,0.09840425559279772,0.12341207072829943,0.7973632968969606,0.7698412222608685,1.29289721235806,0.5776085416944798,0.16448458170736702,2023-01-13,2024-02-02,2024-10-08,414,0.6046511627906976,-0.06544409056545941,0.09807230965780911,1.3674979357111223,0.0012116109631886657,0.02887706900662252,0.9456229309933776,0.7441860465116279,0.3953488372093023,0.011947464029816703,0.08019211283822647,0.16683937823834197,43,0
common,h19,19,2022-10-21,510300,510300_DTE30_D40_Q70_Hold,510300__510300_DTE30_D40_Q70_Hold,False,D40,0.7,2022-10-24,2026-05-27,870,0.36752421649916434,0.09501380185562613,0.09841036003378774,0.12341644487561103,0.7973844987430451,0.7698633836956545,1.292956993012431,0.5776456423415072,0.16448458170736702,2023-01-13,2024-02-02,2024-10-08,414,0.6046511627906976,-0.06544409056545952,0.09807230965780911,1.3675242164991643,0.0012145877003011105,0.02777463154713611,0.9467253684528639,0.7441860465116279,0.3953488372093023,0.011947464029816703,0.08019211283822647,0.16683937823834197,43,0
common,h20,20,2022-10-24,510300,510300_DTE30_D40_Q70_Hold,510300__510300_DTE30_D40_Q70_Hold,False,D40,0.7,2022-10-24,2026-05-27,870,0.36607891259079395,0.0946780738870674,0.09797963464693521,0.12239019845538852,0.80055131769926,0.7735756219202287,1.2911748234001863,0.5756045515287769,0.1644845817073669,2023-01-13,2024-02-02,2024-10-08,414,0.6046511627906976,-0.0654440905654593,0.09807230965780911,1.366078912590794,-0.0002381222437175917,0.015381307453853393,0.9591186925461466,0.7441860465116279,0.4186046511627907,0.01236502065227817,0.08019211283822647,0.16683937823834197,43,0
common,h00,0,2022-09-19,510300,510300_ETF_BuyHold,510300__510300_ETF_BuyHold,True,ETF_BuyHold,0.0,2022-10-24,2026-05-27,870,0.3315334773218144,0.08657741827839205,0.09821803090934542,0.1745507297097792,0.5626904629539499,0.4960014685836146,0.991294371407755,0.3579725111707363,0.24185493460166452,2023-01-30,2024-02-02,2024-09-30,407,0.5348837209302325,-0.07916547585024292,0.24793632075471694,1.3315334773218144,0.0,,,,,0.0,0.0,0.0,0,0
common,h01,1,2022-09-20,510300,510300_ETF_BuyHold,510300__510300_ETF_BuyHold,True,ETF_BuyHold,0.0,2022-10-24,2026-05-27,870,0.33153347732181415,0.08657741827839205,0.09821803090934525,0.17455072970977928,0.5626904629539486,0.4960014685836144,0.9912943714077525,0.3579725111707363,0.24185493460166452,2023-01-30,2024-02-02,2024-09-30,407,0.5348837209302325,-0.0791654758502428,0.24793632075471694,1.3315334773218142,0.0,,,,,0.0,0.0,0.0,0,0
common,h02,2,2022-09-21,510300,510300_ETF_BuyHold,510300__510300_ETF_BuyHold,True,ETF_BuyHold,0.0,2022-10-24,2026-05-27,870,0.33153347732181415,0.08657741827839205,0.09821803090934539,0.17455072970977914,0.5626904629539499,0.49600146858361477,0.9912943714077547,0.3579725111707363,0.24185493460166452,2023-01-30,2024-02-02,2024-09-30,407,0.5348837209302325,-0.07916547585024303,0.24793632075471717,1.3315334773218142,0.0,,,,,0.0,0.0,0.0,0,0
common,h03,3,2022-09-22,510300,510300_ETF_BuyHold,510300__510300_ETF_BuyHold,True,ETF_BuyHold,0.0,2022-10-24,2026-05-27,870,0.33153347732181415,0.08657741827839205,0.09821803090934507,0.17455072970977922,0.5626904629539478,0.4960014685836145,0.9912943714077505,0.35797251117073614,0.24185493460166463,2023-01-30,2024-02-02,2024-09-30,407,0.5348837209302325,-0.0791654758502428,0.24793632075471694,1.3315334773218142,0.0,,,,,0.0,0.0,0.0,0,0
common,h04,4,2022-09-23,510300,510300_ETF_BuyHold,510300__510300_ETF_BuyHold,True,ETF_BuyHold,0.0,2022-10-24,2026-05-27,870,0.33153347732181415,0.08657741827839205,0.09821803090934546,0.17455072970977928,0.5626904629539499,0.4960014685836144,0.9912943714077541,0.3579725111707363,0.24185493460166452,2023-01-30,2024-02-02,2024-09-30,407,0.5348837209302325,-0.07916547585024303,0.24793632075471694,1.3315334773218142,0.0,,,,,0.0,0.0,0.0,0,0
common,h05,5,2022-09-26,510300,510300_ETF_BuyHold,510300__510300_ETF_BuyHold,True,ETF_BuyHold,0.0,2022-10-24,2026-05-27,870,0.33153347732181415,0.08657741827839205,0.09821803090934525,0.17455072970977925,0.5626904629539488,0.49600146858361444,0.9912943714077528,0.35797251117073614,0.24185493460166463,2023-01-30,2024-02-02,2024-09-30,407,0.5348837209302325,-0.07916547585024292,0.24793632075471694,1.3315334773218142,0.0,,,,,0.0,0.0,0.0,0,0
common,h06,6,2022-09-27,510300,510300_ETF_BuyHold,510300__510300_ETF_BuyHold,True,ETF_BuyHold,0.0,2022-10-24,2026-05-27,870,0.33153347732181415,0.08657741827839205,0.09821803090934556,0.17455072970977925,0.5626904629539504,0.49600146858361444,0.9912943714077554,0.3579725111707363,0.24185493460166452,2023-01-30,2024-02-02,2024-09-30,407,0.5348837209302325,-0.07916547585024303,0.24793632075471694,1.3315334773218142,0.0,,,,,0.0,0.0,0.0,0,0
common,h07,7,2022-09-28,510300,510300_ETF_BuyHold,510300__510300_ETF_BuyHold,True,ETF_BuyHold,0.0,2022-10-24,2026-05-27,870,0.3315334773218144,0.08657741827839205,0.09821803090934535,0.17455072970977922,0.5626904629539494,0.4960014685836145,0.991294371407754,0.357972511170736,0.24185493460166474,2023-01-30,2024-02-02,2024-09-30,407,0.5348837209302325,-0.07916547585024303,0.24793632075471717,1.3315334773218144,0.0,,,,,0.0,0.0,0.0,0,0
common,h08,8,2022-09-29,510300,510300_ETF_BuyHold,510300__510300_ETF_BuyHold,True,ETF_BuyHold,0.0,2022-10-24,2026-05-27,870,0.3315334773218144,0.08657741827839205,0.09821803090934497,0.1745507297097792,0.5626904629539473,0.4960014685836146,0.9912943714077499,0.3579725111707363,0.24185493460166452,2023-01-30,2024-02-02,2024-09-30,407,0.5348837209302325,-0.07916547585024303,0.24793632075471694,1.3315334773218144,0.0,,,,,0.0,0.0,0.0,0,0
common,h09,9,2022-09-30,510300,510300_ETF_BuyHold,510300__510300_ETF_BuyHold,True,ETF_BuyHold,0.0,2022-10-24,2026-05-27,870,0.3315334773218144,0.08657741827839205,0.09821803090934587,0.17455072970977936,0.562690462953952,0.4960014685836141,0.9912943714077583,0.357972511170736,0.24185493460166474,2023-01-30,2024-02-02,2024-09-30,407,0.5348837209302325,-0.07916547585024292,0.24793632075471717,1.3315334773218144,0.0,,,,,0.0,0.0,0.0,0,0
common,h10,10,2022-10-10,510300,510300_ETF_BuyHold,510300__510300_ETF_BuyHold,True,ETF_BuyHold,0.0,2022-10-24,2026-05-27,870,0.3315334773218144,0.08657741827839205,0.0982180309093449,0.1745507297097792,0.5626904629539469,0.4960014685836146,0.9912943714077493,0.357972511170736,0.24185493460166474,2023-01-30,2024-02-02,2024-09-30,407,0.5348837209302325,-0.07916547585024292,0.24793632075471694,1.3315334773218144,0.0,,,,,0.0,0.0,0.0,0,0
common,h11,11,2022-10-11,510300,510300_ETF_BuyHold,510300__510300_ETF_BuyHold,True,ETF_BuyHold,0.0,2022-10-24,2026-05-27,870,0.3315334773218144,0.08657741827839205,0.09821803090934546,0.17455072970977922,0.56269046295395,0.4960014685836145,0.9912943714077548,0.357972511170736,0.24185493460166474,2023-01-30,2024-02-02,2024-09-30,407,0.5348837209302325,-0.07916547585024292,0.24793632075471717,1.3315334773218144,0.0,,,,,0.0,0.0,0.0,0,0
common,h12,12,2022-10-12,510300,510300_ETF_BuyHold,510300__510300_ETF_BuyHold,True,ETF_BuyHold,0.0,2022-10-24,2026-05-27,870,0.33153347732181415,0.08657741827839205,0.09821803090934522,0.1745507297097793,0.5626904629539484,0.49600146858361427,0.9912943714077517,0.35797251117073614,0.24185493460166463,2023-01-30,2024-02-02,2024-09-30,407,0.5348837209302325,-0.07916547585024303,0.24793632075471694,1.3315334773218142,0.0,,,,,0.0,0.0,0.0,0,0
common,h13,13,2022-10-13,510300,510300_ETF_BuyHold,510300__510300_ETF_BuyHold,True,ETF_BuyHold,0.0,2022-10-24,2026-05-27,870,0.3315334773218144,0.08657741827839205,0.0982180309093449,0.17455072970977928,0.5626904629539466,0.4960014685836144,0.9912943714077488,0.357972511170736,0.24185493460166474,2023-01-30,2024-02-02,2024-09-30,407,0.5348837209302325,-0.07916547585024303,0.24793632075471694,1.3315334773218144,0.0,,,,,0.0,0.0,0.0,0,0
common,h14,14,2022-10-14,510300,510300_ETF_BuyHold,510300__510300_ETF_BuyHold,True,ETF_BuyHold,0.0,2022-10-24,2026-05-27,870,0.3315334773218144,0.08657741827839205,0.09821803090934603,0.17455072970977936,0.5626904629539529,0.4960014685836141,0.9912943714077601,0.357972511170736,0.24185493460166474,2023-01-30,2024-02-02,2024-09-30,407,0.5348837209302325,-0.07916547585024292,0.24793632075471694,1.3315334773218144,0.0,,,,,0.0,0.0,0.0,0,0
common,h15,15,2022-10-17,510300,510300_ETF_BuyHold,510300__510300_ETF_BuyHold,True,ETF_BuyHold,0.0,2022-10-24,2026-05-27,870,0.33153347732181415,0.08657741827839205,0.09821803090934556,0.1745507297097792,0.5626904629539506,0.4960014685836146,0.9912943714077561,0.357972511170736,0.24185493460166474,2023-01-30,2024-02-02,2024-09-30,407,0.5348837209302325,-0.07916547585024303,0.24793632075471694,1.3315334773218142,0.0,,,,,0.0,0.0,0.0,0,0
common,h16,16,2022-10-18,510300,510300_ETF_BuyHold,510300__510300_ETF_BuyHold,True,ETF_BuyHold,0.0,2022-10-24,2026-05-27,870,0.33153347732181415,0.08657741827839205,0.09821803090934494,0.1745507297097793,0.5626904629539468,0.49600146858361427,0.991294371407749,0.357972511170736,0.24185493460166474,2023-01-30,2024-02-02,2024-09-30,407,0.5348837209302325,-0.07916547585024303,0.24793632075471694,1.3315334773218142,0.0,,,,,0.0,0.0,0.0,0,0
common,h17,17,2022-10-19,510300,510300_ETF_BuyHold,510300__510300_ETF_BuyHold,True,ETF_BuyHold,0.0,2022-10-24,2026-05-27,870,0.3315334773218144,0.08657741827839205,0.09821803090934497,0.17455072970977928,0.562690462953947,0.4960014685836144,0.9912943714077486,0.357972511170736,0.24185493460166474,2023-01-30,2024-02-02,2024-09-30,407,0.5348837209302325,-0.07916547585024292,0.24793632075471694,1.3315334773218144,0.0,,,,,0.0,0.0,0.0,0,0
common,h18,18,2022-10-20,510300,510300_ETF_BuyHold,510300__510300_ETF_BuyHold,True,ETF_BuyHold,0.0,2022-10-24,2026-05-27,870,0.3315334773218144,0.08657741827839205,0.09821803090934578,0.1745507297097792,0.5626904629539519,0.4960014685836146,0.9912943714077583,0.3579725111707363,0.24185493460166452,2023-01-30,2024-02-02,2024-09-30,407,0.5348837209302325,-0.07916547585024292,0.24793632075471694,1.3315334773218144,0.0,,,,,0.0,0.0,0.0,0,0
common,h19,19,2022-10-21,510300,510300_ETF_BuyHold,510300__510300_ETF_BuyHold,True,ETF_BuyHold,0.0,2022-10-24,2026-05-27,870,0.3315334773218144,0.08657741827839205,0.09821803090934551,0.1745507297097793,0.5626904629539501,0.49600146858361427,0.9912943714077541,0.357972511170736,0.24185493460166474,2023-01-30,2024-02-02,2024-09-30,407,0.5348837209302325,-0.07916547585024292,0.24793632075471717,1.3315334773218144,0.0,,,,,0.0,0.0,0.0,0,0
common,h20,20,2022-10-24,510300,510300_ETF_BuyHold,510300__510300_ETF_BuyHold,True,ETF_BuyHold,0.0,2022-10-24,2026-05-27,870,0.3315334773218144,0.08657741827839205,0.09821803090934556,0.17455072970977922,0.5626904629539505,0.4960014685836145,0.9912943714077558,0.357972511170736,0.24185493460166474,2023-01-30,2024-02-02,2024-09-30,407,0.5348837209302325,-0.07916547585024292,0.24793632075471694,1.3315334773218144,0.0,,,,,0.0,0.0,0.0,0,0
common,h00,0,2022-09-19,510500,510500_ETF_BuyHold,510500__510500_ETF_BuyHold,True,ETF_BuyHold,0.0,2022-10-24,2026-05-27,870,0.4567901234567904,0.11527828498535175,0.13300825503248326,0.21910703018865327,0.607046952888558,0.5261277325793519,1.0548397448731441,0.38219503086541334,0.30162162162162176,2023-04-07,2024-09-13,2025-08-12,568,0.4883720930232558,-0.13335749229932958,0.2722835314091685,1.4567901234567904,0.0,,,,,0.0,0.0,0.0,0,0
common,h01,1,2022-09-20,510500,510500_ETF_BuyHold,510500__510500_ETF_BuyHold,True,ETF_BuyHold,0.0,2022-10-24,2026-05-27,870,0.4567901234567904,0.11527828498535175,0.1330082550324826,0.21910703018865332,0.6070469528885549,0.5261277325793517,1.0548397448731384,0.3821950308654136,0.30162162162162154,2023-04-07,2024-09-13,2025-08-12,568,0.4883720930232558,-0.13335749229932958,0.2722835314091683,1.4567901234567904,0.0,,,,,0.0,0.0,0.0,0,0
common,h02,2,2022-09-21,510500,510500_ETF_BuyHold,510500__510500_ETF_BuyHold,True,ETF_BuyHold,0.0,2022-10-24,2026-05-27,870,0.45679012345679015,0.11527828498535175,0.13300825503248245,0.21910703018865313,0.6070469528885548,0.5261277325793522,1.0548397448731386,0.3821950308654136,0.30162162162162154,2023-04-07,2024-09-13,2025-08-12,568,0.4883720930232558,-0.13335749229932947,0.2722835314091683,1.4567901234567902,0.0,,,,,0.0,0.0,0.0,0,0
common,h03,3,2022-09-22,510500,510500_ETF_BuyHold,510500__510500_ETF_BuyHold,True,ETF_BuyHold,0.0,2022-10-24,2026-05-27,870,0.45679012345679015,0.11527828498535175,0.1330082550324828,0.21910703018865324,0.607046952888556,0.526127732579352,1.0548397448731406,0.3821950308654136,0.30162162162162154,2023-04-07,2024-09-13,2025-08-12,568,0.4883720930232558,-0.13335749229932958,0.27228353140916806,1.4567901234567902,0.0,,,,,0.0,0.0,0.0,0,0
common,h04,4,2022-09-23,510500,510500_ETF_BuyHold,510500__510500_ETF_BuyHold,True,ETF_BuyHold,0.0,2022-10-24,2026-05-27,870,0.45679012345679015,0.11527828498535175,0.13300825503248281,0.21910703018865316,0.6070469528885564,0.5261277325793522,1.0548397448731415,0.3821950308654136,0.30162162162162154,2023-04-07,2024-09-13,2025-08-12,568,0.4883720930232558,-0.13335749229932947,0.27228353140916806,1.4567901234567902,0.0,,,,,0.0,0.0,0.0,0,0
common,h05,5,2022-09-26,510500,510500_ETF_BuyHold,510500__510500_ETF_BuyHold,True,ETF_BuyHold,0.0,2022-10-24,2026-05-27,870,0.45679012345679015,0.11527828498535175,0.1330082550324826,0.21910703018865313,0.6070469528885555,0.5261277325793522,1.054839744873139,0.3821950308654136,0.30162162162162154,2023-04-07,2024-09-13,2025-08-12,568,0.4883720930232558,-0.13335749229932958,0.2722835314091683,1.4567901234567902,0.0,,,,,0.0,0.0,0.0,0,0
common,h06,6,2022-09-27,510500,510500_ETF_BuyHold,510500__510500_ETF_BuyHold,True,ETF_BuyHold,0.0,2022-10-24,2026-05-27,870,0.45679012345679015,0.11527828498535175,0.13300825503248287,0.21910703018865332,0.6070469528885563,0.5261277325793517,1.0548397448731406,0.3821950308654135,0.30162162162162165,2023-04-07,2024-09-13,2025-08-12,568,0.4883720930232558,-0.13335749229932958,0.2722835314091683,1.4567901234567902,0.0,,,,,0.0,0.0,0.0,0,0
common,h07,7,2022-09-28,510500,510500_ETF_BuyHold,510500__510500_ETF_BuyHold,True,ETF_BuyHold,0.0,2022-10-24,2026-05-27,870,0.45679012345679015,0.11527828498535175,0.13300825503248268,0.21910703018865316,0.6070469528885558,0.5261277325793522,1.0548397448731401,0.3821950308654136,0.30162162162162154,2023-04-07,2024-09-13,2025-08-12,568,0.4883720930232558,-0.13335749229932958,0.2722835314091683,1.4567901234567902,0.0,,,,,0.0,0.0,0.0,0,0
common,h08,8,2022-09-29,510500,510500_ETF_BuyHold,510500__510500_ETF_BuyHold,True,ETF_BuyHold,0.0,2022-10-24,2026-05-27,870,0.45679012345679015,0.11527828498535175,0.1330082550324828,0.21910703018865327,0.607046952888556,0.5261277325793519,1.0548397448731401,0.3821950308654135,0.30162162162162165,2023-04-07,2024-09-13,2025-08-12,568,0.4883720930232558,-0.1333574922993297,0.27228353140916806,1.4567901234567902,0.0,,,,,0.0,0.0,0.0,0,0
common,h09,9,2022-09-30,510500,510500_ETF_BuyHold,510500__510500_ETF_BuyHold,True,ETF_BuyHold,0.0,2022-10-24,2026-05-27,870,0.4567901234567904,0.11527828498535175,0.13300825503248265,0.21910703018865316,0.6070469528885557,0.5261277325793522,1.0548397448731397,0.3821950308654135,0.30162162162162165,2023-04-07,2024-09-13,2025-08-12,568,0.4883720930232558,-0.13335749229932958,0.27228353140916806,1.4567901234567904,0.0,,,,,0.0,0.0,0.0,0,0
common,h10,10,2022-10-10,510500,510500_ETF_BuyHold,510500__510500_ETF_BuyHold,True,ETF_BuyHold,0.0,2022-10-24,2026-05-27,870,0.4567901234567904,0.11527828498535175,0.133008255032483,0.21910703018865324,0.607046952888557,0.526127732579352,1.0548397448731424,0.3821950308654136,0.30162162162162154,2023-04-07,2024-09-13,2025-08-12,568,0.4883720930232558,-0.13335749229932958,0.27228353140916806,1.4567901234567904,0.0,,,,,0.0,0.0,0.0,0,0
common,h11,11,2022-10-11,510500,510500_ETF_BuyHold,510500__510500_ETF_BuyHold,True,ETF_BuyHold,0.0,2022-10-24,2026-05-27,870,0.45679012345679015,0.11527828498535175,0.1330082550324827,0.2191070301886532,0.6070469528885558,0.5261277325793521,1.05483974487314,0.3821950308654135,0.30162162162162165,2023-04-07,2024-09-13,2025-08-12,568,0.4883720930232558,-0.13335749229932947,0.27228353140916806,1.4567901234567902,0.0,,,,,0.0,0.0,0.0,0,0
common,h12,12,2022-10-12,510500,510500_ETF_BuyHold,510500__510500_ETF_BuyHold,True,ETF_BuyHold,0.0,2022-10-24,2026-05-27,870,0.45679012345678993,0.11527828498535153,0.1330082550324828,0.2191070301886532,0.6070469528885561,0.5261277325793511,1.0548397448731406,0.3821950308654129,0.30162162162162154,2023-04-07,2024-09-13,2025-08-12,568,0.4883720930232558,-0.13335749229932958,0.2722835314091683,1.45679012345679,0.0,,,,,0.0,0.0,0.0,0,0
common,h13,13,2022-10-13,510500,510500_ETF_BuyHold,510500__510500_ETF_BuyHold,True,ETF_BuyHold,0.0,2022-10-24,2026-05-27,870,0.45679012345679015,0.11527828498535175,0.13300825503248298,0.2191070301886532,0.607046952888557,0.5261277325793521,1.0548397448731421,0.3821950308654136,0.30162162162162154,2023-04-07,2024-09-13,2025-08-12,568,0.4883720930232558,-0.13335749229932958,0.2722835314091683,1.4567901234567902,0.0,,,,,0.0,0.0,0.0,0,0
common,h14,14,2022-10-14,510500,510500_ETF_BuyHold,510500__510500_ETF_BuyHold,True,ETF_BuyHold,0.0,2022-10-24,2026-05-27,870,0.4567901234567904,0.11527828498535175,0.1330082550324832,0.21910703018865327,0.6070469528885579,0.5261277325793519,1.0548397448731435,0.3821950308654136,0.30162162162162154,2023-04-07,2024-09-13,2025-08-12,568,0.4883720930232558,-0.13335749229932947,0.2722835314091683,1.4567901234567904,0.0,,,,,0.0,0.0,0.0,0,0
common,h15,15,2022-10-17,510500,510500_ETF_BuyHold,510500__510500_ETF_BuyHold,True,ETF_BuyHold,0.0,2022-10-24,2026-05-27,870,0.45679012345679015,0.11527828498535175,0.13300825503248287,0.21910703018865327,0.6070469528885564,0.5261277325793519,1.054839744873141,0.3821950308654136,0.30162162162162154,2023-04-07,2024-09-13,2025-08-12,568,0.4883720930232558,-0.13335749229932947,0.27228353140916806,1.4567901234567902,0.0,,,,,0.0,0.0,0.0,0,0
common,h16,16,2022-10-18,510500,510500_ETF_BuyHold,510500__510500_ETF_BuyHold,True,ETF_BuyHold,0.0,2022-10-24,2026-05-27,870,0.45679012345678993,0.11527828498535153,0.13300825503248281,0.21910703018865316,0.6070469528885564,0.5261277325793512,1.0548397448731412,0.3821950308654129,0.30162162162162154,2023-04-07,2024-09-13,2025-08-12,568,0.4883720930232558,-0.13335749229932958,0.2722835314091683,1.45679012345679,0.0,,,,,0.0,0.0,0.0,0,0
common,h17,17,2022-10-19,510500,510500_ETF_BuyHold,510500__510500_ETF_BuyHold,True,ETF_BuyHold,0.0,2022-10-24,2026-05-27,870,0.4567901234567904,0.11527828498535175,0.1330082550324826,0.21910703018865316,0.6070469528885554,0.5261277325793522,1.0548397448731393,0.3821950308654136,0.30162162162162154,2023-04-07,2024-09-13,2025-08-12,568,0.4883720930232558,-0.13335749229932958,0.2722835314091683,1.4567901234567904,0.0,,,,,0.0,0.0,0.0,0,0
common,h18,18,2022-10-20,510500,510500_ETF_BuyHold,510500__510500_ETF_BuyHold,True,ETF_BuyHold,0.0,2022-10-24,2026-05-27,870,0.45679012345679015,0.11527828498535175,0.13300825503248298,0.21910703018865318,0.6070469528885571,0.5261277325793521,1.0548397448731424,0.3821950308654136,0.30162162162162154,2023-04-07,2024-09-13,2025-08-12,568,0.4883720930232558,-0.13335749229932947,0.2722835314091683,1.4567901234567902,0.0,,,,,0.0,0.0,0.0,0,0
common,h19,19,2022-10-21,510500,510500_ETF_BuyHold,510500__510500_ETF_BuyHold,True,ETF_BuyHold,0.0,2022-10-24,2026-05-27,870,0.45679012345679015,0.11527828498535175,0.13300825503248298,0.21910703018865318,0.6070469528885571,0.5261277325793521,1.0548397448731424,0.3821950308654136,0.30162162162162154,2023-04-07,2024-09-13,2025-08-12,568,0.4883720930232558,-0.13335749229932947,0.2722835314091683,1.4567901234567902,0.0,,,,,0.0,0.0,0.0,0,0
common,h20,20,2022-10-24,510500,510500_ETF_BuyHold,510500__510500_ETF_BuyHold,True,ETF_BuyHold,0.0,2022-10-24,2026-05-27,870,0.45679012345679015,0.11527828498535175,0.133008255032483,0.2191070301886532,0.6070469528885571,0.5261277325793521,1.054839744873142,0.3821950308654136,0.30162162162162154,2023-04-07,2024-09-13,2025-08-12,568,0.4883720930232558,-0.13335749229932958,0.27228353140916806,1.4567901234567902,0.0,,,,,0.0,0.0,0.0,0,0
