etf_code,style_bucket,strategy,roll_date,end_date,S0,ST,K,C0,coverage_ratio,option_selected_flag,no_option_available_flag,selection_reason,iv_timing_action,iv_30d_atm,iv_percentile_252,iv_regime,iv_invalid_reason,iv_observation_count,rv_20d,iv_rv_spread,iv_signal_valid,fallback_flag,price_source,option_code,selected_delta,selected_iv,days_to_expiry,moneyness,R_etf,premium_yield,upside_cost,cost,R_cc,excess_return,assignment_flag,premium_contribution,upside_cost_contribution,transaction_cost_contribution,net_option_contribution,experiment_stage,experiment_stage_name,rule_id,rule_name,rule_warmup_invalid_coverage,rule_data_invalid_coverage,rule_low_coverage,rule_normal_coverage,rule_high_coverage,experiment_strategy,synthetic_demo,style_group,style_rule_group,style_rule_reason,close_rule,close_triggered,close_date,close_buyback_price,close_buyback_yield,close_price_source,close_iv_percentile,close_iv_threshold,close_days_held
159915,成长/科技/医药权重,S8_IVStyleRule_Close_v1,2021-01-29,2021-02-26,3.029,2.814,,0.0,0.0,0,0,data_invalid_skip,data_invalid_skip,,,data_invalid,,,,,0,,none,,,,,,-0.07098052162429841,0.0,0.0,0.0,-0.07098052162429841,0.0,0,0.0,-0.0,-0.0,0.0,otm5_check,OTM5稳健性检查,RuleD_HighIVOnly,高IV-only版,0.0,0.0,0.0,0.0,1.0,RuleD_HighIVOnly_otm5_check,False,growth_high_beta,growth_high_beta,创业板高弹性标的，normal IV卖出容易损失反弹，优先高IV-only。,CloseRule_v1,0,,,0.0,none,,0.7,
159915,成长/科技/医药权重,S8_IVStyleRule_Close_v1,2021-02-26,2021-03-31,2.814,2.665,,0.0,0.0,0,0,data_invalid_skip,data_invalid_skip,,,data_invalid,,,,,0,,none,,,,,,-0.0529495380241649,0.0,0.0,0.0,-0.0529495380241649,0.0,0,0.0,-0.0,-0.0,0.0,otm5_check,OTM5稳健性检查,RuleD_HighIVOnly,高IV-only版,0.0,0.0,0.0,0.0,1.0,RuleD_HighIVOnly_otm5_check,False,growth_high_beta,growth_high_beta,创业板高弹性标的，normal IV卖出容易损失反弹，优先高IV-only。,CloseRule_v1,0,,,0.0,none,,0.7,
159915,成长/科技/医药权重,S8_IVStyleRule_Close_v1,2021-03-31,2021-04-30,2.665,2.989,,0.0,0.0,0,0,data_invalid_skip,data_invalid_skip,,,data_invalid,,,,,0,,none,,,,,,0.12157598499061907,0.0,0.0,0.0,0.12157598499061907,0.0,0,0.0,-0.0,-0.0,0.0,otm5_check,OTM5稳健性检查,RuleD_HighIVOnly,高IV-only版,0.0,0.0,0.0,0.0,1.0,RuleD_HighIVOnly_otm5_check,False,growth_high_beta,growth_high_beta,创业板高弹性标的，normal IV卖出容易损失反弹，优先高IV-only。,CloseRule_v1,0,,,0.0,none,,0.7,
159915,成长/科技/医药权重,S8_IVStyleRule_Close_v1,2021-04-30,2021-05-31,2.989,3.195,,0.0,0.0,0,0,data_invalid_skip,data_invalid_skip,,,data_invalid,,,,,0,,none,,,,,,0.06891937102709936,0.0,0.0,0.0,0.06891937102709936,0.0,0,0.0,-0.0,-0.0,0.0,otm5_check,OTM5稳健性检查,RuleD_HighIVOnly,高IV-only版,0.0,0.0,0.0,0.0,1.0,RuleD_HighIVOnly_otm5_check,False,growth_high_beta,growth_high_beta,创业板高弹性标的，normal IV卖出容易损失反弹，优先高IV-only。,CloseRule_v1,0,,,0.0,none,,0.7,
159915,成长/科技/医药权重,S8_IVStyleRule_Close_v1,2021-05-31,2021-06-30,3.195,3.373,,0.0,0.0,0,0,data_invalid_skip,data_invalid_skip,,,data_invalid,,,,,0,,none,,,,,,0.05571205007824738,0.0,0.0,0.0,0.05571205007824738,0.0,0,0.0,-0.0,-0.0,0.0,otm5_check,OTM5稳健性检查,RuleD_HighIVOnly,高IV-only版,0.0,0.0,0.0,0.0,1.0,RuleD_HighIVOnly_otm5_check,False,growth_high_beta,growth_high_beta,创业板高弹性标的，normal IV卖出容易损失反弹，优先高IV-only。,CloseRule_v1,0,,,0.0,none,,0.7,
159915,成长/科技/医药权重,S8_IVStyleRule_Close_v1,2021-06-30,2021-07-30,3.373,3.328,,0.0,0.0,0,0,data_invalid_skip,data_invalid_skip,,,data_invalid,,,,,0,,none,,,,,,-0.013341239252890711,0.0,0.0,0.0,-0.013341239252890711,0.0,0,0.0,-0.0,-0.0,0.0,otm5_check,OTM5稳健性检查,RuleD_HighIVOnly,高IV-only版,0.0,0.0,0.0,0.0,1.0,RuleD_HighIVOnly_otm5_check,False,growth_high_beta,growth_high_beta,创业板高弹性标的，normal IV卖出容易损失反弹，优先高IV-only。,CloseRule_v1,0,,,0.0,none,,0.7,
159915,成长/科技/医药权重,S8_IVStyleRule_Close_v1,2021-07-30,2021-08-31,3.328,3.106,,0.0,0.0,0,0,data_invalid_skip,data_invalid_skip,,,data_invalid,,,,,0,,none,,,,,,-0.06670673076923077,0.0,0.0,0.0,-0.06670673076923077,0.0,0,0.0,-0.0,-0.0,0.0,otm5_check,OTM5稳健性检查,RuleD_HighIVOnly,高IV-only版,0.0,0.0,0.0,0.0,1.0,RuleD_HighIVOnly_otm5_check,False,growth_high_beta,growth_high_beta,创业板高弹性标的，normal IV卖出容易损失反弹，优先高IV-only。,CloseRule_v1,0,,,0.0,none,,0.7,
159915,成长/科技/医药权重,S8_IVStyleRule_Close_v1,2021-08-31,2021-09-30,3.106,3.148,,0.0,0.0,0,0,data_invalid_skip,data_invalid_skip,,,data_invalid,,,,,0,,none,,,,,,0.013522215067611159,0.0,0.0,0.0,0.013522215067611159,0.0,0,0.0,-0.0,-0.0,0.0,otm5_check,OTM5稳健性检查,RuleD_HighIVOnly,高IV-only版,0.0,0.0,0.0,0.0,1.0,RuleD_HighIVOnly_otm5_check,False,growth_high_beta,growth_high_beta,创业板高弹性标的，normal IV卖出容易损失反弹，优先高IV-only。,CloseRule_v1,0,,,0.0,none,,0.7,
159915,成长/科技/医药权重,S8_IVStyleRule_Close_v1,2021-09-30,2021-10-29,3.148,3.249,,0.0,0.0,0,0,data_invalid_skip,data_invalid_skip,,,data_invalid,,,,,0,,none,,,,,,0.0320838627700127,0.0,0.0,0.0,0.0320838627700127,0.0,0,0.0,-0.0,-0.0,0.0,otm5_check,OTM5稳健性检查,RuleD_HighIVOnly,高IV-only版,0.0,0.0,0.0,0.0,1.0,RuleD_HighIVOnly_otm5_check,False,growth_high_beta,growth_high_beta,创业板高弹性标的，normal IV卖出容易损失反弹，优先高IV-only。,CloseRule_v1,0,,,0.0,none,,0.7,
159915,成长/科技/医药权重,S8_IVStyleRule_Close_v1,2021-10-29,2021-11-30,3.249,3.386,,0.0,0.0,0,0,data_invalid_skip,data_invalid_skip,,,data_invalid,,,,,0,,none,,,,,,0.04216682056017236,0.0,0.0,0.0,0.04216682056017236,0.0,0,0.0,-0.0,-0.0,0.0,otm5_check,OTM5稳健性检查,RuleD_HighIVOnly,高IV-only版,0.0,0.0,0.0,0.0,1.0,RuleD_HighIVOnly_otm5_check,False,growth_high_beta,growth_high_beta,创业板高弹性标的，normal IV卖出容易损失反弹，优先高IV-only。,CloseRule_v1,0,,,0.0,none,,0.7,
159915,成长/科技/医药权重,S8_IVStyleRule_Close_v1,2021-11-30,2021-12-31,3.386,3.218,,0.0,0.0,0,0,data_invalid_skip,data_invalid_skip,,,data_invalid,,,,,0,,none,,,,,,-0.04961606615475492,0.0,0.0,0.0,-0.04961606615475492,0.0,0,0.0,-0.0,-0.0,0.0,otm5_check,OTM5稳健性检查,RuleD_HighIVOnly,高IV-only版,0.0,0.0,0.0,0.0,1.0,RuleD_HighIVOnly_otm5_check,False,growth_high_beta,growth_high_beta,创业板高弹性标的，normal IV卖出容易损失反弹，优先高IV-only。,CloseRule_v1,0,,,0.0,none,,0.7,
159915,成长/科技/医药权重,S8_IVStyleRule_Close_v1,2021-12-31,2022-01-28,3.218,2.819,,0.0,0.0,0,0,data_invalid_skip,data_invalid_skip,,,data_invalid,,,,,0,,none,,,,,,-0.1239900559353636,0.0,0.0,0.0,-0.1239900559353636,0.0,0,0.0,-0.0,-0.0,0.0,otm5_check,OTM5稳健性检查,RuleD_HighIVOnly,高IV-only版,0.0,0.0,0.0,0.0,1.0,RuleD_HighIVOnly_otm5_check,False,growth_high_beta,growth_high_beta,创业板高弹性标的，normal IV卖出容易损失反弹，优先高IV-only。,CloseRule_v1,0,,,0.0,none,,0.7,
159915,成长/科技/医药权重,S8_IVStyleRule_Close_v1,2022-01-28,2022-02-28,2.819,2.786,,0.0,0.0,0,0,data_invalid_skip,data_invalid_skip,,,data_invalid,,,,,0,,none,,,,,,-0.011706278822277375,0.0,0.0,0.0,-0.011706278822277375,0.0,0,0.0,-0.0,-0.0,0.0,otm5_check,OTM5稳健性检查,RuleD_HighIVOnly,高IV-only版,0.0,0.0,0.0,0.0,1.0,RuleD_HighIVOnly_otm5_check,False,growth_high_beta,growth_high_beta,创业板高弹性标的，normal IV卖出容易损失反弹，优先高IV-only。,CloseRule_v1,0,,,0.0,none,,0.7,
159915,成长/科技/医药权重,S8_IVStyleRule_Close_v1,2022-02-28,2022-03-31,2.786,2.574,,0.0,0.0,0,0,data_invalid_skip,data_invalid_skip,,,data_invalid,,,,,0,,none,,,,,,-0.07609475951184501,0.0,0.0,0.0,-0.07609475951184501,0.0,0,0.0,-0.0,-0.0,0.0,otm5_check,OTM5稳健性检查,RuleD_HighIVOnly,高IV-only版,0.0,0.0,0.0,0.0,1.0,RuleD_HighIVOnly_otm5_check,False,growth_high_beta,growth_high_beta,创业板高弹性标的，normal IV卖出容易损失反弹，优先高IV-only。,CloseRule_v1,0,,,0.0,none,,0.7,
159915,成长/科技/医药权重,S8_IVStyleRule_Close_v1,2022-03-31,2022-04-29,2.574,2.244,,0.0,0.0,0,0,data_invalid_skip,data_invalid_skip,,,data_invalid,,,,,0,,none,,,,,,-0.12820512820512805,0.0,0.0,0.0,-0.12820512820512805,0.0,0,0.0,-0.0,-0.0,0.0,otm5_check,OTM5稳健性检查,RuleD_HighIVOnly,高IV-only版,0.0,0.0,0.0,0.0,1.0,RuleD_HighIVOnly_otm5_check,False,growth_high_beta,growth_high_beta,创业板高弹性标的，normal IV卖出容易损失反弹，优先高IV-only。,CloseRule_v1,0,,,0.0,none,,0.7,
159915,成长/科技/医药权重,S8_IVStyleRule_Close_v1,2022-04-29,2022-05-31,2.244,2.334,,0.0,0.0,0,0,data_invalid_skip,data_invalid_skip,,,data_invalid,,,,,0,,none,,,,,,0.040106951871657685,0.0,0.0,0.0,0.040106951871657685,0.0,0,0.0,-0.0,-0.0,0.0,otm5_check,OTM5稳健性检查,RuleD_HighIVOnly,高IV-only版,0.0,0.0,0.0,0.0,1.0,RuleD_HighIVOnly_otm5_check,False,growth_high_beta,growth_high_beta,创业板高弹性标的，normal IV卖出容易损失反弹，优先高IV-only。,CloseRule_v1,0,,,0.0,none,,0.7,
159915,成长/科技/医药权重,S8_IVStyleRule_Close_v1,2022-05-31,2022-06-30,2.334,2.73,,0.0,0.0,0,0,data_invalid_skip,data_invalid_skip,,,data_invalid,,,,,0,,none,,,,,,0.1696658097686375,0.0,0.0,0.0,0.1696658097686375,0.0,0,0.0,-0.0,-0.0,0.0,otm5_check,OTM5稳健性检查,RuleD_HighIVOnly,高IV-only版,0.0,0.0,0.0,0.0,1.0,RuleD_HighIVOnly_otm5_check,False,growth_high_beta,growth_high_beta,创业板高弹性标的，normal IV卖出容易损失反弹，优先高IV-only。,CloseRule_v1,0,,,0.0,none,,0.7,
159915,成长/科技/医药权重,S8_IVStyleRule_Close_v1,2022-06-30,2022-07-29,2.73,2.594,,0.0,0.0,0,0,data_invalid_skip,data_invalid_skip,,,data_invalid,,,,,0,,none,,,,,,-0.04981684981684986,0.0,0.0,0.0,-0.04981684981684986,0.0,0,0.0,-0.0,-0.0,0.0,otm5_check,OTM5稳健性检查,RuleD_HighIVOnly,高IV-only版,0.0,0.0,0.0,0.0,1.0,RuleD_HighIVOnly_otm5_check,False,growth_high_beta,growth_high_beta,创业板高弹性标的，normal IV卖出容易损失反弹，优先高IV-only。,CloseRule_v1,0,,,0.0,none,,0.7,
159915,成长/科技/医药权重,S8_IVStyleRule_Close_v1,2022-07-29,2022-08-31,2.594,2.491,,0.0,0.0,0,0,data_invalid_skip,data_invalid_skip,,,data_invalid,,,,,0,,none,,,,,,-0.03970701619121039,0.0,0.0,0.0,-0.03970701619121039,0.0,0,0.0,-0.0,-0.0,0.0,otm5_check,OTM5稳健性检查,RuleD_HighIVOnly,高IV-only版,0.0,0.0,0.0,0.0,1.0,RuleD_HighIVOnly_otm5_check,False,growth_high_beta,growth_high_beta,创业板高弹性标的，normal IV卖出容易损失反弹，优先高IV-only。,CloseRule_v1,0,,,0.0,none,,0.7,
159915,成长/科技/医药权重,S8_IVStyleRule_Close_v1,2022-08-31,2022-09-30,2.491,2.221,,0.0,0.0,0,0,data_invalid_skip,data_invalid_skip,,,data_invalid,,,,,0,,none,,,,,,-0.1083902047370534,0.0,0.0,0.0,-0.1083902047370534,0.0,0,0.0,-0.0,-0.0,0.0,otm5_check,OTM5稳健性检查,RuleD_HighIVOnly,高IV-only版,0.0,0.0,0.0,0.0,1.0,RuleD_HighIVOnly_otm5_check,False,growth_high_beta,growth_high_beta,创业板高弹性标的，normal IV卖出容易损失反弹，优先高IV-only。,CloseRule_v1,0,,,0.0,none,,0.7,
159915,成长/科技/医药权重,S8_IVStyleRule_Close_v1,2022-09-30,2022-10-31,2.221,2.202,,0.0,0.0,0,0,warmup_invalid_skip,warmup_invalid_skip,0.26475840301513676,,warmup_invalid,warmup,10.0,0.2301303873116643,0.03462801570347246,0,,none,,,,,,-0.008554705087798346,0.0,0.0,0.0,-0.008554705087798346,0.0,0,0.0,-0.0,-0.0,0.0,otm5_check,OTM5稳健性检查,RuleD_HighIVOnly,高IV-only版,0.0,0.0,0.0,0.0,1.0,RuleD_HighIVOnly_otm5_check,False,growth_high_beta,growth_high_beta,创业板高弹性标的，normal IV卖出容易损失反弹，优先高IV-only。,CloseRule_v1,0,,,0.0,none,,0.7,
159915,成长/科技/医药权重,S8_IVStyleRule_Close_v1,2022-10-31,2022-11-30,2.202,2.265,,0.0,0.0,0,0,warmup_invalid_skip,warmup_invalid_skip,0.33524544615745533,,warmup_invalid,warmup,26.0,0.33010863784395195,0.005136808313503383,0,,none,,,,,,0.028610354223433318,0.0,0.0,0.0,0.028610354223433318,0.0,0,0.0,-0.0,-0.0,0.0,otm5_check,OTM5稳健性检查,RuleD_HighIVOnly,高IV-only版,0.0,0.0,0.0,0.0,1.0,RuleD_HighIVOnly_otm5_check,False,growth_high_beta,growth_high_beta,创业板高弹性标的，normal IV卖出容易损失反弹，优先高IV-only。,CloseRule_v1,0,,,0.0,none,,0.7,
159915,成长/科技/医药权重,S8_IVStyleRule_Close_v1,2022-11-30,2022-12-30,2.265,2.279,,0.0,0.0,0,0,warmup_invalid_skip,warmup_invalid_skip,0.26582172861099246,,warmup_invalid,warmup,42.0,0.22114527444320753,0.04467645416778493,0,,none,,,,,,0.0061810154525385385,0.0,0.0,0.0,0.0061810154525385385,0.0,0,0.0,-0.0,-0.0,0.0,otm5_check,OTM5稳健性检查,RuleD_HighIVOnly,高IV-only版,0.0,0.0,0.0,0.0,1.0,RuleD_HighIVOnly_otm5_check,False,growth_high_beta,growth_high_beta,创业板高弹性标的，normal IV卖出容易损失反弹，优先高IV-only。,CloseRule_v1,0,,,0.0,none,,0.7,
159915,成长/科技/医药权重,S8_IVStyleRule_Close_v1,2022-12-30,2023-01-31,2.279,2.507,,0.0,0.0,0,0,warmup_invalid_skip,warmup_invalid_skip,0.18018348779678345,,warmup_invalid,warmup,59.0,0.1455525981730418,0.03463088962374164,0,,none,,,,,,0.10004387889425195,0.0,0.0,0.0,0.10004387889425195,0.0,0,0.0,-0.0,-0.0,0.0,otm5_check,OTM5稳健性检查,RuleD_HighIVOnly,高IV-only版,0.0,0.0,0.0,0.0,1.0,RuleD_HighIVOnly_otm5_check,False,growth_high_beta,growth_high_beta,创业板高弹性标的，normal IV卖出容易损失反弹，优先高IV-only。,CloseRule_v1,0,,,0.0,none,,0.7,
159915,成长/科技/医药权重,S8_IVStyleRule_Close_v1,2023-01-31,2023-02-28,2.507,2.359,,0.0,0.0,0,0,warmup_invalid_skip,warmup_invalid_skip,0.22100946874618532,,warmup_invalid,warmup,75.0,0.1667704595458969,0.05423900920028843,0,,none,,,,,,-0.059034702832070254,0.0,0.0,0.0,-0.059034702832070254,0.0,0,0.0,-0.0,-0.0,0.0,otm5_check,OTM5稳健性检查,RuleD_HighIVOnly,高IV-only版,0.0,0.0,0.0,0.0,1.0,RuleD_HighIVOnly_otm5_check,False,growth_high_beta,growth_high_beta,创业板高弹性标的，normal IV卖出容易损失反弹，优先高IV-only。,CloseRule_v1,0,,,0.0,none,,0.7,
159915,成长/科技/医药权重,S8_IVStyleRule_Close_v1,2023-02-28,2023-03-31,2.359,2.327,,0.0,0.0,0,0,warmup_invalid_skip,warmup_invalid_skip,0.21404301719665528,,warmup_invalid,warmup,94.0,0.16988566546482348,0.0441573517318318,0,,none,,,,,,-0.013565069944891915,0.0,0.0,0.0,-0.013565069944891915,0.0,0,0.0,-0.0,-0.0,0.0,otm5_check,OTM5稳健性检查,RuleD_HighIVOnly,高IV-only版,0.0,0.0,0.0,0.0,1.0,RuleD_HighIVOnly_otm5_check,False,growth_high_beta,growth_high_beta,创业板高弹性标的，normal IV卖出容易损失反弹，优先高IV-only。,CloseRule_v1,0,,,0.0,none,,0.7,
159915,成长/科技/医药权重,S8_IVStyleRule_Close_v1,2023-03-31,2023-04-28,2.327,2.255,,0.0,0.0,0,0,warmup_invalid_skip,warmup_invalid_skip,0.1793156615257263,,warmup_invalid,warmup,111.0,0.1401375198256347,0.03917814170009162,0,,none,,,,,,-0.03094112591319298,0.0,0.0,0.0,-0.03094112591319298,0.0,0,0.0,-0.0,-0.0,0.0,otm5_check,OTM5稳健性检查,RuleD_HighIVOnly,高IV-only版,0.0,0.0,0.0,0.0,1.0,RuleD_HighIVOnly_otm5_check,False,growth_high_beta,growth_high_beta,创业板高弹性标的，normal IV卖出容易损失反弹，优先高IV-only。,CloseRule_v1,0,,,0.0,none,,0.7,
159915,成长/科技/医药权重,S8_IVStyleRule_Close_v1,2023-04-28,2023-05-31,2.255,2.131,,0.0,0.0,0,0,warmup_invalid_skip,warmup_invalid_skip,0.17388697905540465,,warmup_invalid,warmup,129.0,0.16393405483030007,0.009952924225104576,0,,none,,,,,,-0.05498891352549894,0.0,0.0,0.0,-0.05498891352549894,0.0,0,0.0,-0.0,-0.0,0.0,otm5_check,OTM5稳健性检查,RuleD_HighIVOnly,高IV-only版,0.0,0.0,0.0,0.0,1.0,RuleD_HighIVOnly_otm5_check,False,growth_high_beta,growth_high_beta,创业板高弹性标的，normal IV卖出容易损失反弹，优先高IV-only。,CloseRule_v1,0,,,0.0,none,,0.7,
159915,成长/科技/医药权重,S8_IVStyleRule_Close_v1,2023-05-31,2023-06-30,2.131,2.164,,0.0,0.0,0,0,warmup_invalid_skip,warmup_invalid_skip,0.1894196388244629,,warmup_invalid,warmup,143.0,0.14828861261891327,0.04113102620554962,0,,none,,,,,,0.015485687470671219,0.0,0.0,0.0,0.015485687470671219,0.0,0,0.0,-0.0,-0.0,0.0,otm5_check,OTM5稳健性检查,RuleD_HighIVOnly,高IV-only版,0.0,0.0,0.0,0.0,1.0,RuleD_HighIVOnly_otm5_check,False,growth_high_beta,growth_high_beta,创业板高弹性标的，normal IV卖出容易损失反弹，优先高IV-only。,CloseRule_v1,0,,,0.0,none,,0.7,
159915,成长/科技/医药权重,S8_IVStyleRule_Close_v1,2023-06-30,2023-07-31,2.164,2.182,,0.0,0.0,0,0,warmup_invalid_skip,warmup_invalid_skip,0.1735174376487732,,warmup_invalid,warmup,162.0,0.21476979937000695,-0.041252361721233755,0,,none,,,,,,0.008317929759704155,0.0,0.0,0.0,0.008317929759704155,0.0,0,0.0,-0.0,-0.0,0.0,otm5_check,OTM5稳健性检查,RuleD_HighIVOnly,高IV-only版,0.0,0.0,0.0,0.0,1.0,RuleD_HighIVOnly_otm5_check,False,growth_high_beta,growth_high_beta,创业板高弹性标的，normal IV卖出容易损失反弹，优先高IV-only。,CloseRule_v1,0,,,0.0,none,,0.7,
159915,成长/科技/医药权重,S8_IVStyleRule_Close_v1,2023-07-31,2023-08-31,2.182,2.052,,0.0,0.0,0,0,warmup_invalid_skip,warmup_invalid_skip,0.19183715486526487,,warmup_invalid,warmup,182.0,0.17048303762142178,0.02135411724384309,0,,none,,,,,,-0.05957836846929418,0.0,0.0,0.0,-0.05957836846929418,0.0,0,0.0,-0.0,-0.0,0.0,otm5_check,OTM5稳健性检查,RuleD_HighIVOnly,高IV-only版,0.0,0.0,0.0,0.0,1.0,RuleD_HighIVOnly_otm5_check,False,growth_high_beta,growth_high_beta,创业板高弹性标的，normal IV卖出容易损失反弹，优先高IV-only。,CloseRule_v1,0,,,0.0,none,,0.7,
159915,成长/科技/医药权重,S8_IVStyleRule_Close_v1,2023-08-31,2023-09-28,2.052,1.953,,0.0,0.0,0,0,warmup_invalid_skip,warmup_invalid_skip,0.20826386642456057,,warmup_invalid,warmup,199.0,0.20275590057439452,0.005507965850166052,0,,none,,,,,,-0.04824561403508771,0.0,0.0,0.0,-0.04824561403508771,0.0,0,0.0,-0.0,-0.0,0.0,otm5_check,OTM5稳健性检查,RuleD_HighIVOnly,高IV-only版,0.0,0.0,0.0,0.0,1.0,RuleD_HighIVOnly_otm5_check,False,growth_high_beta,growth_high_beta,创业板高弹性标的，normal IV卖出容易损失反弹，优先高IV-only。,CloseRule_v1,0,,,0.0,none,,0.7,
159915,成长/科技/医药权重,S8_IVStyleRule_Close_v1,2023-09-28,2023-10-31,1.953,1.916,,0.0,0.0,0,0,warmup_invalid_skip,warmup_invalid_skip,0.1939495012283325,,warmup_invalid,warmup,218.0,0.1570549319102224,0.03689456931811008,0,,none,,,,,,-0.018945212493599664,0.0,0.0,0.0,-0.018945212493599664,0.0,0,0.0,-0.0,-0.0,0.0,otm5_check,OTM5稳健性检查,RuleD_HighIVOnly,高IV-only版,0.0,0.0,0.0,0.0,1.0,RuleD_HighIVOnly_otm5_check,False,growth_high_beta,growth_high_beta,创业板高弹性标的，normal IV卖出容易损失反弹，优先高IV-only。,CloseRule_v1,0,,,0.0,none,,0.7,
159915,成长/科技/医药权重,S8_IVStyleRule_Close_v1,2023-10-31,2023-11-30,1.916,1.874,,0.0,0.0,0,0,warmup_invalid_skip,warmup_invalid_skip,0.1851854095458984,,warmup_invalid,warmup,235.0,0.2058917012230066,-0.02070629167710819,0,,none,,,,,,-0.02192066805845502,0.0,0.0,0.0,-0.02192066805845502,0.0,0,0.0,-0.0,-0.0,0.0,otm5_check,OTM5稳健性检查,RuleD_HighIVOnly,高IV-only版,0.0,0.0,0.0,0.0,1.0,RuleD_HighIVOnly_otm5_check,False,growth_high_beta,growth_high_beta,创业板高弹性标的，normal IV卖出容易损失反弹，优先高IV-only。,CloseRule_v1,0,,,0.0,none,,0.7,
159915,成长/科技/医药权重,S8_IVStyleRule_Close_v1,2023-11-30,2023-12-29,1.874,1.842,,0.0,0.0,0,0,warmup_invalid_skip,warmup_invalid_skip,0.18031223125457763,,warmup_invalid,warmup,251.0,0.18435578268992817,-0.00404355143535054,0,,none,,,,,,-0.01707577374599788,0.0,0.0,0.0,-0.01707577374599788,0.0,0,0.0,-0.0,-0.0,0.0,otm5_check,OTM5稳健性检查,RuleD_HighIVOnly,高IV-only版,0.0,0.0,0.0,0.0,1.0,RuleD_HighIVOnly_otm5_check,False,growth_high_beta,growth_high_beta,创业板高弹性标的，normal IV卖出容易损失反弹，优先高IV-only。,CloseRule_v1,0,,,0.0,none,,0.7,
159915,成长/科技/医药权重,S8_IVStyleRule_Close_v1,2023-12-29,2024-01-31,1.842,1.533,,0.0,0.0,0,0,normal_iv_skip,normal_iv_skip,0.20542197380065919,0.5952380952380952,normal_iv,valid,271.0,0.22471590425287716,-0.019293930452217972,1,,none,,,,,,-0.16775244299674275,0.0,0.0,0.0,-0.16775244299674275,0.0,0,0.0,-0.0,-0.0,0.0,otm5_check,OTM5稳健性检查,RuleD_HighIVOnly,高IV-only版,0.0,0.0,0.0,0.0,1.0,RuleD_HighIVOnly_otm5_check,False,growth_high_beta,growth_high_beta,创业板高弹性标的，normal IV卖出容易损失反弹，优先高IV-only。,CloseRule_v1,0,,,0.0,none,,0.7,
159915,成长/科技/医药权重,S8_IVStyleRule_Close_v1,2024-01-31,2024-02-28,1.533,1.701,1.6,0.0251,1.0,1,0,selected,high_iv_sell,0.2882946144104004,0.996031746031746,high_iv,valid,287.0,0.2599181186653152,0.028376495745085162,1,,close,90003036.SZ,0.32138450308638544,0.29504649353027346,28.0,0.043705153294194554,0.10958904109589052,0.016373124592302675,0.06588388780169602,8.186562296151338e-06,0.06007009132420101,-0.049518949771689504,1,0.016373124592302675,-0.06588388780169602,-8.186562296151338e-06,-0.0495189497716895,otm5_check,OTM5稳健性检查,RuleD_HighIVOnly,高IV-only版,0.0,0.0,0.0,0.0,1.0,RuleD_HighIVOnly_otm5_check,False,growth_high_beta,growth_high_beta,创业板高弹性标的，normal IV卖出容易损失反弹，优先高IV-only。,CloseRule_v1,0,,,0.0,none,,0.7,
159915,成长/科技/医药权重,S8_IVStyleRule_Close_v1,2024-02-29,2024-03-27,1.761,1.742,1.85,0.0235,1.0,1,0,selected,high_iv_sell,0.2918422119140625,0.9801587301587301,high_iv,valid,302.0,0.372875545759296,-0.08103333384523348,1,,close,90002507.SZ,0.2842762579408902,0.28853302822113036,27.0,0.05053946621237948,-0.010789324247586546,0.013344690516751846,0.0,6.6723452583759235e-06,0.0025486939239069235,0.013338018171493469,0,0.013344690516751846,-0.0,-6.6723452583759235e-06,0.013338018171493469,otm5_check,OTM5稳健性检查,RuleD_HighIVOnly,高IV-only版,0.0,0.0,0.0,0.0,1.0,RuleD_HighIVOnly_otm5_check,False,growth_high_beta,growth_high_beta,创业板高弹性标的，normal IV卖出容易损失反弹，优先高IV-only。,CloseRule_v1,0,,,0.0,none,,0.7,
159915,成长/科技/医药权重,S8_IVStyleRule_Close_v1,2024-03-29,2024-04-24,1.768,1.719,1.85,0.0162,1.0,1,0,selected,high_iv_sell,0.23943408803939822,0.8293650793650794,high_iv,valid,322.0,0.2635565876824634,-0.02412249964306515,1,,close,90003344.SZ,0.2519029641106625,0.23508065185546875,26.0,0.046380090497737614,-0.027714932126696793,0.009162895927601809,0.0,4.5814479638009056e-06,-0.018556617647058786,0.009158314479638007,0,0.009162895927601809,-0.0,-4.5814479638009056e-06,0.009158314479638007,otm5_check,OTM5稳健性检查,RuleD_HighIVOnly,高IV-only版,0.0,0.0,0.0,0.0,1.0,RuleD_HighIVOnly_otm5_check,False,growth_high_beta,growth_high_beta,创业板高弹性标的，normal IV卖出容易损失反弹，优先高IV-only。,CloseRule_v1,0,,,0.0,none,,0.7,
159915,成长/科技/医药权重,S8_IVStyleRule_Close_v1,2024-04-30,2024-05-31,1.816,1.772,,0.0,0.0,0,0,normal_iv_skip,normal_iv_skip,0.2211334439277649,0.6944444444444444,normal_iv,valid,342.0,0.2864420422644163,-0.06530859833665137,1,,none,,,,,,-0.024229074889867863,0.0,0.0,0.0,-0.024229074889867863,0.0,0,0.0,-0.0,-0.0,0.0,otm5_check,OTM5稳健性检查,RuleD_HighIVOnly,高IV-only版,0.0,0.0,0.0,0.0,1.0,RuleD_HighIVOnly_otm5_check,False,growth_high_beta,growth_high_beta,创业板高弹性标的，normal IV卖出容易损失反弹，优先高IV-only。,CloseRule_v1,0,,,0.0,none,,0.7,
159915,成长/科技/医药权重,S8_IVStyleRule_Close_v1,2024-05-31,2024-06-28,1.772,1.652,,0.0,0.0,0,0,normal_iv_skip,normal_iv_skip,0.20283279981613161,0.5198412698412699,normal_iv,valid,357.0,0.17891503199108405,0.023917767825047564,1,,none,,,,,,-0.06772009029345379,0.0,0.0,0.0,-0.06772009029345379,0.0,0,0.0,-0.0,-0.0,0.0,otm5_check,OTM5稳健性检查,RuleD_HighIVOnly,高IV-only版,0.0,0.0,0.0,0.0,1.0,RuleD_HighIVOnly_otm5_check,False,growth_high_beta,growth_high_beta,创业板高弹性标的，normal IV卖出容易损失反弹，优先高IV-only。,CloseRule_v1,0,,,0.0,none,,0.7,
159915,成长/科技/医药权重,S8_IVStyleRule_Close_v1,2024-06-28,2024-07-31,1.652,1.658,,0.0,0.0,0,0,normal_iv_skip,normal_iv_skip,0.21327532472610478,0.623015873015873,normal_iv,valid,375.0,0.17707102991123813,0.036204294814866644,1,,none,,,,,,0.0036319612590799064,0.0,0.0,0.0,0.0036319612590799064,0.0,0,0.0,-0.0,-0.0,0.0,otm5_check,OTM5稳健性检查,RuleD_HighIVOnly,高IV-only版,0.0,0.0,0.0,0.0,1.0,RuleD_HighIVOnly_otm5_check,False,growth_high_beta,growth_high_beta,创业板高弹性标的，normal IV卖出容易损失反弹，优先高IV-only。,CloseRule_v1,0,,,0.0,none,,0.7,
159915,成长/科技/医药权重,S8_IVStyleRule_Close_v1,2024-07-31,2024-08-30,1.658,1.552,,0.0,0.0,0,0,normal_iv_skip,normal_iv_skip,0.20517879171371461,0.49603174603174605,normal_iv,valid,392.0,0.23693660761154345,-0.031757815897828834,1,,none,,,,,,-0.06393244873341368,0.0,0.0,0.0,-0.06393244873341368,0.0,0,0.0,-0.0,-0.0,0.0,otm5_check,OTM5稳健性检查,RuleD_HighIVOnly,高IV-only版,0.0,0.0,0.0,0.0,1.0,RuleD_HighIVOnly_otm5_check,False,growth_high_beta,growth_high_beta,创业板高弹性标的，normal IV卖出容易损失反弹，优先高IV-only。,CloseRule_v1,0,,,0.0,none,,0.7,
159915,成长/科技/医药权重,S8_IVStyleRule_Close_v1,2024-08-30,2024-09-30,1.552,2.232,,0.0,0.0,0,0,low_iv_skip,low_iv_skip,0.19244749422073362,0.21825396825396826,low_iv,valid,413.0,0.16885387830578766,0.023593615914945965,1,,none,,,,,,0.4381443298969073,0.0,0.0,0.0,0.4381443298969073,0.0,0,0.0,-0.0,-0.0,0.0,otm5_check,OTM5稳健性检查,RuleD_HighIVOnly,高IV-only版,0.0,0.0,0.0,0.0,1.0,RuleD_HighIVOnly_otm5_check,False,growth_high_beta,growth_high_beta,创业板高弹性标的，normal IV卖出容易损失反弹，优先高IV-only。,CloseRule_v1,0,,,0.0,none,,0.7,
159915,成长/科技/医药权重,S8_IVStyleRule_Close_v1,2024-09-30,2024-10-23,2.232,2.162,2.05,0.309,1.0,1,0,selected,high_iv_sell,0.8435174651145936,1.0,high_iv,valid,431.0,0.8159340603859246,0.027583404728668937,1,,close,90004259.SZ,0.6845686237267231,0.9526966856002809,23.0,-0.08154121863799302,-0.031362007168458904,0.13844086021505375,0.050179211469534094,6.922043010752688e-05,0.05683042114695322,0.08819242831541213,1,0.13844086021505375,-0.050179211469534094,-6.922043010752688e-05,0.08819242831541213,otm5_check,OTM5稳健性检查,RuleD_HighIVOnly,高IV-only版,0.0,0.0,0.0,0.0,1.0,RuleD_HighIVOnly_otm5_check,False,growth_high_beta,growth_high_beta,创业板高弹性标的，normal IV卖出容易损失反弹，优先高IV-only。,CloseRule_v1,0,,,0.0,none,,0.7,
159915,成长/科技/医药权重,S8_IVStyleRule_Close_v1,2024-10-31,2024-11-27,2.122,2.165,2.25,0.0698,1.0,1,0,selected,high_iv_sell,0.45695331239700315,0.9841269841269841,high_iv,valid,445.0,1.2992461764841436,-0.8422928640871405,1,,close,90004378.SZ,0.36817199424474206,0.515932120895386,27.0,0.06032045240339312,0.020263901979264917,0.03289349670122526,0.0,1.644674835061263e-05,0.05314095193213956,0.032877049952874646,0,0.03289349670122526,-0.0,-1.644674835061263e-05,0.032877049952874646,otm5_check,OTM5稳健性检查,RuleD_HighIVOnly,高IV-only版,0.0,0.0,0.0,0.0,1.0,RuleD_HighIVOnly_otm5_check,False,growth_high_beta,growth_high_beta,创业板高弹性标的，normal IV卖出容易损失反弹，优先高IV-only。,CloseRule_v1,0,,,0.0,none,,0.7,
159915,成长/科技/医药权重,S8_IVStyleRule_Close_v1,2024-11-29,2024-12-25,2.179,2.156,2.3,0.036,1.0,1,0,selected,high_iv_sell,0.32532504749298097,0.8571428571428571,high_iv,valid,465.0,0.4170550035940782,-0.09172995610109724,1,,close,90004395.SZ,0.2985166343524899,0.34318701019287107,26.0,0.055530059660394704,-0.010555300596603805,0.016521340064249657,0.0,8.260670032124829e-06,0.005957778797613727,0.016513079394217534,0,0.016521340064249657,-0.0,-8.260670032124829e-06,0.01651307939421753,otm5_check,OTM5稳健性检查,RuleD_HighIVOnly,高IV-only版,0.0,0.0,0.0,0.0,1.0,RuleD_HighIVOnly_otm5_check,False,growth_high_beta,growth_high_beta,创业板高弹性标的，normal IV卖出容易损失反弹，优先高IV-only。,CloseRule_v1,0,,,0.0,none,,0.7,
159915,成长/科技/医药权重,S8_IVStyleRule_Close_v1,2024-12-31,2025-01-27,2.102,2.028,,0.0,0.0,0,0,normal_iv_skip,normal_iv_skip,0.2571196245193482,0.6746031746031746,normal_iv,valid,486.0,0.1948757957881161,0.06224382873123213,1,,none,,,,,,-0.035204567078972335,0.0,0.0,0.0,-0.035204567078972335,0.0,0,0.0,-0.0,-0.0,0.0,otm5_check,OTM5稳健性检查,RuleD_HighIVOnly,高IV-only版,0.0,0.0,0.0,0.0,1.0,RuleD_HighIVOnly_otm5_check,False,growth_high_beta,growth_high_beta,创业板高弹性标的，normal IV卖出容易损失反弹，优先高IV-only。,CloseRule_v1,0,,,0.0,none,,0.7,
159915,成长/科技/医药权重,S8_IVStyleRule_Close_v1,2025-01-27,2025-02-28,2.028,2.128,,0.0,0.0,0,0,normal_iv_skip,normal_iv_skip,0.27956151652336125,0.6984126984126984,normal_iv,valid,498.0,0.3089714235913424,-0.029409907067981134,1,,none,,,,,,0.04930966469428012,0.0,0.0,0.0,0.04930966469428012,0.0,0,0.0,-0.0,-0.0,0.0,otm5_check,OTM5稳健性检查,RuleD_HighIVOnly,高IV-only版,0.0,0.0,0.0,0.0,1.0,RuleD_HighIVOnly_otm5_check,False,growth_high_beta,growth_high_beta,创业板高弹性标的，normal IV卖出容易损失反弹，优先高IV-only。,CloseRule_v1,0,,,0.0,none,,0.7,
159915,成长/科技/医药权重,S8_IVStyleRule_Close_v1,2025-02-28,2025-03-31,2.128,2.064,2.25,0.0259,1.0,1,0,selected,high_iv_sell,0.28948191518783567,0.7222222222222222,high_iv,valid,515.0,0.2914617885108183,-0.001979873322982606,1,,close,90004410.SZ,0.26147724871160105,0.29984337940216066,26.0,0.05733082706766912,-0.030075187969924838,0.012171052631578947,0.005592105263157895,8.881578947368421e-06,-0.023505122180451154,0.006570065789473684,0,0.012171052631578947,-0.005592105263157895,-8.881578947368421e-06,0.006570065789473684,otm5_check,OTM5稳健性检查,RuleD_HighIVOnly,高IV-only版,0.0,0.0,0.0,0.0,1.0,RuleD_HighIVOnly_otm5_check,False,growth_high_beta,growth_high_beta,创业板高弹性标的，normal IV卖出容易损失反弹，优先高IV-only。,CloseRule_v1,1,2025-03-12,0.0119,0.005592105263157895,close,0.503968253968254,0.7,12.0
159915,成长/科技/医药权重,S8_IVStyleRule_Close_v1,2025-03-31,2025-04-30,2.064,1.921,,0.0,0.0,0,0,low_iv_skip,low_iv_skip,0.21451030826568607,0.2896825396825397,low_iv,valid,535.0,0.17473231229940597,0.039777995966280094,1,,none,,,,,,-0.06928294573643412,0.0,0.0,0.0,-0.06928294573643412,0.0,0,0.0,-0.0,-0.0,0.0,otm5_check,OTM5稳健性检查,RuleD_HighIVOnly,高IV-only版,0.0,0.0,0.0,0.0,1.0,RuleD_HighIVOnly_otm5_check,False,growth_high_beta,growth_high_beta,创业板高弹性标的，normal IV卖出容易损失反弹，优先高IV-only。,CloseRule_v1,0,,,0.0,none,,0.7,
159915,成长/科技/医药权重,S8_IVStyleRule_Close_v1,2025-04-30,2025-05-30,1.921,1.972,,0.0,0.0,0,0,normal_iv_skip,normal_iv_skip,0.23428434972763063,0.44841269841269843,normal_iv,valid,551.0,0.4813859728945959,-0.24710162316696527,1,,none,,,,,,0.026548672566371646,0.0,0.0,0.0,0.026548672566371646,0.0,0,0.0,-0.0,-0.0,0.0,otm5_check,OTM5稳健性检查,RuleD_HighIVOnly,高IV-only版,0.0,0.0,0.0,0.0,1.0,RuleD_HighIVOnly_otm5_check,False,growth_high_beta,growth_high_beta,创业板高弹性标的，normal IV卖出容易损失反弹，优先高IV-only。,CloseRule_v1,0,,,0.0,none,,0.7,
159915,成长/科技/医药权重,S8_IVStyleRule_Close_v1,2025-05-30,2025-06-30,1.972,2.133,,0.0,0.0,0,0,low_iv_skip,low_iv_skip,0.19843644914627076,0.05952380952380952,low_iv,valid,569.0,0.1936222503766472,0.004814198769623551,1,,none,,,,,,0.08164300202839758,0.0,0.0,0.0,0.08164300202839758,0.0,0,0.0,-0.0,-0.0,0.0,otm5_check,OTM5稳健性检查,RuleD_HighIVOnly,高IV-only版,0.0,0.0,0.0,0.0,1.0,RuleD_HighIVOnly_otm5_check,False,growth_high_beta,growth_high_beta,创业板高弹性标的，normal IV卖出容易损失反弹，优先高IV-only。,CloseRule_v1,0,,,0.0,none,,0.7,
159915,成长/科技/医药权重,S8_IVStyleRule_Close_v1,2025-06-30,2025-07-31,2.133,2.301,,0.0,0.0,0,0,normal_iv_skip,normal_iv_skip,0.22424712829589846,0.4642857142857143,normal_iv,valid,588.0,0.18784079800364964,0.03640633029224882,1,,none,,,,,,0.07876230661040795,0.0,0.0,0.0,0.07876230661040795,0.0,0,0.0,-0.0,-0.0,0.0,otm5_check,OTM5稳健性检查,RuleD_HighIVOnly,高IV-only版,0.0,0.0,0.0,0.0,1.0,RuleD_HighIVOnly_otm5_check,False,growth_high_beta,growth_high_beta,创业板高弹性标的，normal IV卖出容易损失反弹，优先高IV-only。,CloseRule_v1,0,,,0.0,none,,0.7,
159915,成长/科技/医药权重,S8_IVStyleRule_Close_v1,2025-07-31,2025-08-29,2.301,2.865,,0.0,0.0,0,0,normal_iv_skip,normal_iv_skip,0.24149159922599794,0.5555555555555556,normal_iv,valid,605.0,0.18364909888001438,0.057842500345983566,1,,none,,,,,,0.24511082138200782,0.0,0.0,0.0,0.24511082138200782,0.0,0,0.0,-0.0,-0.0,0.0,otm5_check,OTM5稳健性检查,RuleD_HighIVOnly,高IV-only版,0.0,0.0,0.0,0.0,1.0,RuleD_HighIVOnly_otm5_check,False,growth_high_beta,growth_high_beta,创业板高弹性标的，normal IV卖出容易损失反弹，优先高IV-only。,CloseRule_v1,0,,,0.0,none,,0.7,
159915,成长/科技/医药权重,S8_IVStyleRule_Close_v1,2025-08-29,2025-09-24,2.865,3.16,3.0,0.0847,1.0,1,0,selected,high_iv_sell,0.4292210179328919,0.9325396825396826,high_iv,valid,625.0,0.2697010709509985,0.15951994698189342,1,,close,90006197.SZ,0.3779557906307325,0.4506305781364441,26.0,0.04712041884816753,0.10296684118673645,0.029563699825479926,0.05584642233856898,1.4781849912739963e-05,0.07666933682373464,-0.02629750436300181,1,0.029563699825479926,-0.05584642233856898,-1.4781849912739963e-05,-0.02629750436300179,otm5_check,OTM5稳健性检查,RuleD_HighIVOnly,高IV-only版,0.0,0.0,0.0,0.0,1.0,RuleD_HighIVOnly_otm5_check,False,growth_high_beta,growth_high_beta,创业板高弹性标的，normal IV卖出容易损失反弹，优先高IV-only。,CloseRule_v1,0,,,0.0,none,,0.7,
159915,成长/科技/医药权重,S8_IVStyleRule_Close_v1,2025-09-30,2025-10-31,3.217,3.166,3.4,0.0483,1.0,1,0,selected,high_iv_sell,0.34759289741516114,0.7380952380952381,high_iv,valid,646.0,0.40719644869066896,-0.059603551275507816,1,,close,90006279.SZ,0.2850421020697803,0.3601239273071289,22.0,0.05688529686042898,-0.01585327945290648,0.015013988187752564,6.216972334473111e-05,7.5380789555486485e-06,-0.0009089990674541956,0.014944280385452285,0,0.015013988187752564,-6.216972334473111e-05,-7.5380789555486485e-06,0.014944280385452285,otm5_check,OTM5稳健性检查,RuleD_HighIVOnly,高IV-only版,0.0,0.0,0.0,0.0,1.0,RuleD_HighIVOnly_otm5_check,False,growth_high_beta,growth_high_beta,创业板高弹性标的，normal IV卖出容易损失反弹，优先高IV-only。,CloseRule_v1,1,2025-10-20,0.0002,6.216972334473111e-05,close,0.6746031746031746,0.7,20.0
159915,成长/科技/医药权重,S8_IVStyleRule_Close_v1,2025-10-31,2025-11-28,3.166,3.035,,0.0,0.0,0,0,normal_iv_skip,normal_iv_skip,0.32467179365158083,0.6666666666666666,normal_iv,valid,661.0,0.3889950515259249,-0.06432325787434406,1,,none,,,,,,-0.041377132027795256,0.0,0.0,0.0,-0.041377132027795256,0.0,0,0.0,-0.0,-0.0,0.0,otm5_check,OTM5稳健性检查,RuleD_HighIVOnly,高IV-only版,0.0,0.0,0.0,0.0,1.0,RuleD_HighIVOnly_otm5_check,False,growth_high_beta,growth_high_beta,创业板高弹性标的，normal IV卖出容易损失反弹，优先高IV-only。,CloseRule_v1,0,,,0.0,none,,0.7,
159915,成长/科技/医药权重,S8_IVStyleRule_Close_v1,2025-11-28,2025-12-31,3.035,3.186,,0.0,0.0,0,0,normal_iv_skip,normal_iv_skip,0.25406315946578983,0.3531746031746032,normal_iv,valid,680.0,0.26271421619249213,-0.0086510567267023,1,,none,,,,,,0.04975288303130142,0.0,0.0,0.0,0.04975288303130142,0.0,0,0.0,-0.0,-0.0,0.0,otm5_check,OTM5稳健性检查,RuleD_HighIVOnly,高IV-only版,0.0,0.0,0.0,0.0,1.0,RuleD_HighIVOnly_otm5_check,False,growth_high_beta,growth_high_beta,创业板高弹性标的，normal IV卖出容易损失反弹，优先高IV-only。,CloseRule_v1,0,,,0.0,none,,0.7,
159915,成长/科技/医药权重,S8_IVStyleRule_Close_v1,2025-12-31,2026-01-30,3.186,3.335,,0.0,0.0,0,0,normal_iv_skip,normal_iv_skip,0.2599639012813568,0.4166666666666667,normal_iv,valid,697.0,0.2398024849824407,0.02016141629891613,1,,none,,,,,,0.04676710608914,0.0,0.0,0.0,0.04676710608914,0.0,0,0.0,-0.0,-0.0,0.0,otm5_check,OTM5稳健性检查,RuleD_HighIVOnly,高IV-only版,0.0,0.0,0.0,0.0,1.0,RuleD_HighIVOnly_otm5_check,False,growth_high_beta,growth_high_beta,创业板高弹性标的，normal IV卖出容易损失反弹，优先高IV-only。,CloseRule_v1,0,,,0.0,none,,0.7,
159915,成长/科技/医药权重,S8_IVStyleRule_Close_v1,2026-01-30,2026-02-27,3.335,3.301,,0.0,0.0,0,0,low_iv_skip,low_iv_skip,0.2381871838092804,0.27380952380952384,low_iv,valid,716.0,0.1859916097482782,0.0521955740610022,1,,none,,,,,,-0.01019490254872558,0.0,0.0,0.0,-0.01019490254872558,0.0,0,0.0,-0.0,-0.0,0.0,otm5_check,OTM5稳健性检查,RuleD_HighIVOnly,高IV-only版,0.0,0.0,0.0,0.0,1.0,RuleD_HighIVOnly_otm5_check,False,growth_high_beta,growth_high_beta,创业板高弹性标的，normal IV卖出容易损失反弹，优先高IV-only。,CloseRule_v1,0,,,0.0,none,,0.7,
159915,成长/科技/医药权重,S8_IVStyleRule_Close_v1,2026-02-27,2026-03-31,3.301,3.182,,0.0,0.0,0,0,low_iv_skip,low_iv_skip,0.2043801054477692,0.05952380952380952,low_iv,valid,729.0,0.21747849356295534,-0.013098388115186155,1,,none,,,,,,-0.036049681914571405,0.0,0.0,0.0,-0.036049681914571405,0.0,0,0.0,-0.0,-0.0,0.0,otm5_check,OTM5稳健性检查,RuleD_HighIVOnly,高IV-only版,0.0,0.0,0.0,0.0,1.0,RuleD_HighIVOnly_otm5_check,False,growth_high_beta,growth_high_beta,创业板高弹性标的，normal IV卖出容易损失反弹，优先高IV-only。,CloseRule_v1,0,,,0.0,none,,0.7,
159915,成长/科技/医药权重,S8_IVStyleRule_Close_v1,2026-03-31,2026-04-22,3.182,3.758,3.3,0.0417,1.0,1,0,selected,high_iv_sell,0.3035173362255097,0.7738095238095238,high_iv,valid,750.0,0.2741950911741079,0.029322245051401796,1,,close,90007161.SZ,0.3126062587447298,0.2746239665031433,22.0,0.037083595223130095,0.18101822752985547,0.013104965430546827,0.1439346323067254,6.552482715273413e-06,0.05018200817096161,-0.13083621935889386,1,0.013104965430546827,-0.1439346323067254,-6.552482715273413e-06,-0.13083621935889386,otm5_check,OTM5稳健性检查,RuleD_HighIVOnly,高IV-only版,0.0,0.0,0.0,0.0,1.0,RuleD_HighIVOnly_otm5_check,False,growth_high_beta,growth_high_beta,创业板高弹性标的，normal IV卖出容易损失反弹，优先高IV-only。,CloseRule_v1,0,,,0.0,none,,0.7,
159915,成长/科技/医药权重,S8_IVStyleRule_Close_v1,2026-04-30,2026-05-29,3.689,4.053,,0.0,0.0,0,0,normal_iv_skip,normal_iv_skip,0.2563757734298706,0.5119047619047619,normal_iv,valid,766.0,0.3300335377849407,-0.0736577643550701,1,,none,,,,,,0.09867172675521818,0.0,0.0,0.0,0.09867172675521818,0.0,0,0.0,-0.0,-0.0,0.0,otm5_check,OTM5稳健性检查,RuleD_HighIVOnly,高IV-only版,0.0,0.0,0.0,0.0,1.0,RuleD_HighIVOnly_otm5_check,False,growth_high_beta,growth_high_beta,创业板高弹性标的，normal IV卖出容易损失反弹，优先高IV-only。,CloseRule_v1,0,,,0.0,none,,0.7,
159915,成长/科技/医药权重,S8_IVStyleRule_Close_v1,2026-05-29,2026-06-03,4.053,4.145,4.3,0.0505,1.0,1,0,selected,high_iv_sell,0.3252869012832642,0.7896825396825397,high_iv,valid,783.0,0.2868710188130153,0.03841588247024891,1,,close,90007501.SZ,0.2580116389150706,0.3129322976112366,26.0,0.060942511719713766,0.022699235134468206,0.012459906242289664,0.0,6.229953121144831e-06,0.03515291142363672,0.012453676289168512,0,0.012459906242289664,-0.0,-6.229953121144831e-06,0.01245367628916852,otm5_check,OTM5稳健性检查,RuleD_HighIVOnly,高IV-only版,0.0,0.0,0.0,0.0,1.0,RuleD_HighIVOnly_otm5_check,False,growth_high_beta,growth_high_beta,创业板高弹性标的，normal IV卖出容易损失反弹，优先高IV-only。,CloseRule_v1,0,,,0.0,none,,0.7,
510050,大盘蓝筹/金融权重,S8_IVStyleRule_Close_v1,2021-01-29,2021-02-24,3.704,3.788,3.7,0.0958,1.0,1,0,selected,warmup_invalid_sell,0.22248286609649656,,warmup_invalid,warmup,19.0,0.2332334850670202,-0.010750618970523651,0,,close,10003051.SH,0.5284790920891367,0.23129464054107662,26.0,-0.001079913606911398,0.022678185745140286,0.025863930885529154,0.023758099352051736,1.2931965442764577e-05,0.024771085313174943,0.0020928995680346563,1,0.025863930885529154,-0.023758099352051736,-1.2931965442764577e-05,0.002092899568034653,core_atm,ATM核心检验,RuleB_BroadBaseEnhanced,宽基增强版,1.0,0.0,0.5,0.75,1.0,RuleB_BroadBaseEnhanced_core_atm,False,broad_base,broad_base,大盘蓝筹宽基，固定ATM备兑有效，低IV不完全跳过更符合收租属性。,CloseRule_v1,0,,,0.0,none,,0.15,
510050,大盘蓝筹/金融权重,S8_IVStyleRule_Close_v1,2021-02-26,2021-03-24,3.743,3.454,3.746,0.0994,1.0,1,0,selected,warmup_invalid_sell,0.24173954958915714,,warmup_invalid,warmup,33.0,0.2500211319087956,-0.008281582319638464,0,,close,10002767.SH,0.5169024472613319,0.24659603891372683,26.0,0.0008014961261020304,-0.07721079348116476,0.02655623831151483,0.0,1.3278119155757415e-05,-0.05066783328880569,0.02654296019235907,0,0.02655623831151483,-0.0,-1.3278119155757415e-05,0.026542960192359074,core_atm,ATM核心检验,RuleB_BroadBaseEnhanced,宽基增强版,1.0,0.0,0.5,0.75,1.0,RuleB_BroadBaseEnhanced_core_atm,False,broad_base,broad_base,大盘蓝筹宽基，固定ATM备兑有效，低IV不完全跳过更符合收租属性。,CloseRule_v1,0,,,0.0,none,,0.15,
510050,大盘蓝筹/金融权重,S8_IVStyleRule_Close_v1,2021-03-31,2021-04-28,3.527,3.467,3.5,0.0772,1.0,1,0,selected,warmup_invalid_sell,0.17938718566894532,,warmup_invalid,warmup,50.0,0.24053123006390326,-0.061144044394957936,0,,close,10003264.SH,0.5939912972681514,0.15371478652954101,28.0,-0.00765523107456767,-0.017011624610150284,0.021888290331726682,0.0,1.0944145165863341e-05,0.004865721576410535,0.021877346186560818,0,0.021888290331726682,-0.0,-1.0944145165863341e-05,0.021877346186560818,core_atm,ATM核心检验,RuleB_BroadBaseEnhanced,宽基增强版,1.0,0.0,0.5,0.75,1.0,RuleB_BroadBaseEnhanced_core_atm,False,broad_base,broad_base,大盘蓝筹宽基，固定ATM备兑有效，低IV不完全跳过更符合收租属性。,CloseRule_v1,0,,,0.0,none,,0.15,
510050,大盘蓝筹/金融权重,S8_IVStyleRule_Close_v1,2021-04-30,2021-05-26,3.482,3.648,3.5,0.0558,1.0,1,0,selected,warmup_invalid_sell,0.17242550239562987,,warmup_invalid,warmup,70.0,0.15128196613995787,0.021143536255672002,0,,close,10003329.SH,0.4755526973242783,0.16718039855957031,26.0,0.005169442848937278,0.04767375071797815,0.016025272831705916,0.04250430786904082,8.012636415852959e-06,0.0211867030442274,-0.02648704767375075,1,0.016025272831705916,-0.04250430786904082,-8.012636415852959e-06,-0.026487047673750753,core_atm,ATM核心检验,RuleB_BroadBaseEnhanced,宽基增强版,1.0,0.0,0.5,0.75,1.0,RuleB_BroadBaseEnhanced_core_atm,False,broad_base,broad_base,大盘蓝筹宽基，固定ATM备兑有效，低IV不完全跳过更符合收租属性。,CloseRule_v1,0,,,0.0,none,,0.15,
510050,大盘蓝筹/金融权重,S8_IVStyleRule_Close_v1,2021-05-31,2021-06-23,3.639,3.469,3.647,0.082,1.0,1,0,selected,warmup_invalid_sell,0.21529945797920227,,warmup_invalid,warmup,87.0,0.21257657792561604,0.0027228800535862296,0,,close,10002866.SH,0.5050178647698869,0.22957806110382079,23.0,0.002198406155537347,-0.04671613080516624,0.022533663094256667,0.0,1.1266831547128334e-05,-0.024193734542456703,0.022522396262709538,0,0.022533663094256667,-0.0,-1.1266831547128334e-05,0.022522396262709538,core_atm,ATM核心检验,RuleB_BroadBaseEnhanced,宽基增强版,1.0,0.0,0.5,0.75,1.0,RuleB_BroadBaseEnhanced_core_atm,False,broad_base,broad_base,大盘蓝筹宽基，固定ATM备兑有效，低IV不完全跳过更符合收租属性。,CloseRule_v1,0,,,0.0,none,,0.15,
510050,大盘蓝筹/金融权重,S8_IVStyleRule_Close_v1,2021-06-30,2021-07-28,3.515,3.183,3.5,0.0754,1.0,1,0,selected,warmup_invalid_sell,0.16354458794593812,,warmup_invalid,warmup,102.0,0.11822929669668861,0.04531529124924952,0,,close,10003418.SH,0.5591014000000601,0.1671041061401367,28.0,-0.004267425320056972,-0.09445234708392611,0.021450924608819342,0.0,1.072546230440967e-05,-0.07301214793741118,0.021440199146514932,0,0.021450924608819342,-0.0,-1.072546230440967e-05,0.021440199146514932,core_atm,ATM核心检验,RuleB_BroadBaseEnhanced,宽基增强版,1.0,0.0,0.5,0.75,1.0,RuleB_BroadBaseEnhanced_core_atm,False,broad_base,broad_base,大盘蓝筹宽基，固定ATM备兑有效，低IV不完全跳过更符合收租属性。,CloseRule_v1,0,,,0.0,none,,0.15,
510050,大盘蓝筹/金融权重,S8_IVStyleRule_Close_v1,2021-07-30,2021-08-25,3.163,3.197,3.2,0.0485,1.0,1,0,selected,warmup_invalid_sell,0.18831816701889037,,warmup_invalid,warmup,123.0,0.22475373594455714,-0.03643556892566677,0,,close,10003462.SH,0.4289238572739241,0.18733113384246824,26.0,0.011697755295605461,0.010749288650015888,0.015333544103699021,0.0,7.66677205184951e-06,0.02607516598166306,0.015325877331647173,0,0.015333544103699021,-0.0,-7.66677205184951e-06,0.015325877331647171,core_atm,ATM核心检验,RuleB_BroadBaseEnhanced,宽基增强版,1.0,0.0,0.5,0.75,1.0,RuleB_BroadBaseEnhanced_core_atm,False,broad_base,broad_base,大盘蓝筹宽基，固定ATM备兑有效，低IV不完全跳过更符合收租属性。,CloseRule_v1,0,,,0.0,none,,0.15,
510050,大盘蓝筹/金融权重,S8_IVStyleRule_Close_v1,2021-08-31,2021-09-22,3.138,3.158,3.1,0.08,1.0,1,0,selected,warmup_invalid_sell,0.1938255260467529,,warmup_invalid,warmup,144.0,0.19902519014959427,-0.005199664102841367,0,,close,10003317.SH,0.6241466758785637,0.18575760269165037,22.0,-0.01210962396430837,0.006373486297004467,0.02549394518801785,0.018483110261312885,1.2746972594008924e-05,0.01337157425111542,0.0069980879541109535,1,0.02549394518801785,-0.018483110261312885,-1.2746972594008924e-05,0.006998087954110954,core_atm,ATM核心检验,RuleB_BroadBaseEnhanced,宽基增强版,1.0,0.0,0.5,0.75,1.0,RuleB_BroadBaseEnhanced_core_atm,False,broad_base,broad_base,大盘蓝筹宽基，固定ATM备兑有效，低IV不完全跳过更符合收租属性。,CloseRule_v1,0,,,0.0,none,,0.15,
510050,大盘蓝筹/金融权重,S8_IVStyleRule_Close_v1,2021-09-30,2021-10-27,3.231,3.287,3.2,0.0882,1.0,1,0,selected,warmup_invalid_sell,0.2002317051410675,,warmup_invalid,warmup,158.0,0.1731821697846142,0.027049535356453297,0,,close,10003585.SH,0.5924431013252351,0.19754954977035522,27.0,-0.009594552770040177,0.017332095326524313,0.02729805013927577,0.026926648096564452,1.3649025069637885e-05,0.017689848344165992,0.00035775301764167863,1,0.02729805013927577,-0.026926648096564452,-1.3649025069637885e-05,0.00035775301764167907,core_atm,ATM核心检验,RuleB_BroadBaseEnhanced,宽基增强版,1.0,0.0,0.5,0.75,1.0,RuleB_BroadBaseEnhanced_core_atm,False,broad_base,broad_base,大盘蓝筹宽基，固定ATM备兑有效，低IV不完全跳过更符合收租属性。,CloseRule_v1,0,,,0.0,none,,0.15,
510050,大盘蓝筹/金融权重,S8_IVStyleRule_Close_v1,2021-10-29,2021-11-24,3.304,3.273,3.3,0.0666,1.0,1,0,selected,warmup_invalid_sell,0.1743566542625427,,warmup_invalid,warmup,173.0,0.1538994570068667,0.02045719725567602,0,,close,10003628.SH,0.5316563562376039,0.1769267551422119,26.0,-0.001210653753026647,-0.009382566585956325,0.020157384987893465,0.0,1.0078692493946733e-05,0.010764739709443194,0.02014730629539952,0,0.020157384987893465,-0.0,-1.0078692493946733e-05,0.020147306295399518,core_atm,ATM核心检验,RuleB_BroadBaseEnhanced,宽基增强版,1.0,0.0,0.5,0.75,1.0,RuleB_BroadBaseEnhanced_core_atm,False,broad_base,broad_base,大盘蓝筹宽基，固定ATM备兑有效，低IV不完全跳过更符合收租属性。,CloseRule_v1,0,,,0.0,none,,0.15,
510050,大盘蓝筹/金融权重,S8_IVStyleRule_Close_v1,2021-11-30,2021-12-22,3.164,3.244,3.159,0.059,1.0,1,0,selected,warmup_invalid_sell,0.1645816880226135,,warmup_invalid,warmup,194.0,0.1307042002679788,0.0338774877546347,0,,close,10003374.SH,0.5343013536919694,0.17607323369979855,22.0,-0.001580278128950785,0.025284450063211148,0.018647281921618204,0.026864728192161947,9.323640960809102e-06,0.017057680151706594,-0.008226769911504554,1,0.018647281921618204,-0.026864728192161947,-9.323640960809102e-06,-0.008226769911504552,core_atm,ATM核心检验,RuleB_BroadBaseEnhanced,宽基增强版,1.0,0.0,0.5,0.75,1.0,RuleB_BroadBaseEnhanced_core_atm,False,broad_base,broad_base,大盘蓝筹宽基，固定ATM备兑有效，低IV不完全跳过更符合收租属性。,CloseRule_v1,0,,,0.0,none,,0.15,
510050,大盘蓝筹/金融权重,S8_IVStyleRule_Close_v1,2021-12-31,2022-01-26,3.256,3.144,3.258,0.0615,1.0,1,0,selected,warmup_invalid_sell,0.15782504062652586,,warmup_invalid,warmup,211.0,0.1417255794419797,0.016099461184546165,0,,close,10003713.SH,0.5162177192029617,0.17364618110656735,26.0,0.0006142506142505777,-0.034398034398034294,0.01888820638820639,0.0,9.444103194103195e-06,-0.015519272113022009,0.018878762285012285,0,0.01888820638820639,-0.0,-9.444103194103195e-06,0.018878762285012285,core_atm,ATM核心检验,RuleB_BroadBaseEnhanced,宽基增强版,1.0,0.0,0.5,0.75,1.0,RuleB_BroadBaseEnhanced_core_atm,False,broad_base,broad_base,大盘蓝筹宽基，固定ATM备兑有效，低IV不完全跳过更符合收租属性。,CloseRule_v1,0,,,0.0,none,,0.15,
510050,大盘蓝筹/金融权重,S8_IVStyleRule_Close_v1,2022-01-28,2022-02-23,3.036,3.1,3.0,0.0888,1.0,1,0,selected,warmup_invalid_sell,0.2287269237995148,,warmup_invalid,warmup,229.0,0.16786023315613388,0.060866690643380905,0,,close,10003843.SH,0.6058156500056502,0.2078680994987488,26.0,-0.011857707509881465,0.02108036890645588,0.02924901185770751,0.032938076416337315,1.4624505928853756e-05,0.017376679841897225,-0.0037036890645586566,1,0.02924901185770751,-0.032938076416337315,-1.4624505928853756e-05,-0.0037036890645586584,core_atm,ATM核心检验,RuleB_BroadBaseEnhanced,宽基增强版,1.0,0.0,0.5,0.75,1.0,RuleB_BroadBaseEnhanced_core_atm,False,broad_base,broad_base,大盘蓝筹宽基，固定ATM备兑有效，低IV不完全跳过更符合收租属性。,CloseRule_v1,0,,,0.0,none,,0.15,
510050,大盘蓝筹/金融权重,S8_IVStyleRule_Close_v1,2022-02-28,2022-03-23,3.061,2.899,3.061,0.0556,1.0,1,0,selected,warmup_invalid_sell,0.17262100172042844,,warmup_invalid,warmup,245.0,0.17678704209516952,-0.004166040374741081,0,,close,10003534.SH,0.5201969244279367,0.17514341983795162,23.0,0.0,-0.05292388108461285,0.018163998693237503,0.0,9.081999346618751e-06,-0.03476896439072197,0.018154916693890882,0,0.018163998693237503,-0.0,-9.081999346618751e-06,0.018154916693890882,core_atm,ATM核心检验,RuleB_BroadBaseEnhanced,宽基增强版,1.0,0.0,0.5,0.75,1.0,RuleB_BroadBaseEnhanced_core_atm,False,broad_base,broad_base,大盘蓝筹宽基，固定ATM备兑有效，低IV不完全跳过更符合收租属性。,CloseRule_v1,0,,,0.0,none,,0.15,
510050,大盘蓝筹/金融权重,S8_IVStyleRule_Close_v1,2022-03-31,2022-04-27,2.881,2.714,2.9,0.0518,0.75,1,0,selected,normal_iv_sell,0.1878270345687866,0.6349206349206349,normal_iv,valid,262.0,0.33343822887758573,-0.14561119430879912,1,,close,10004036.SH,0.4704425130181785,0.187846107673645,27.0,0.006594932315168389,-0.057965984033321705,0.013484901076015273,0.0,6.742450538007637e-06,-0.04448782540784444,0.013478158625477264,0,0.013484901076015273,-0.0,-6.742450538007637e-06,0.013478158625477264,core_atm,ATM核心检验,RuleB_BroadBaseEnhanced,宽基增强版,1.0,0.0,0.5,0.75,1.0,RuleB_BroadBaseEnhanced_core_atm,False,broad_base,broad_base,大盘蓝筹宽基，固定ATM备兑有效，低IV不完全跳过更符合收租属性。,CloseRule_v1,0,,,0.0,none,,0.15,
510050,大盘蓝筹/金融权重,S8_IVStyleRule_Close_v1,2022-04-29,2022-05-25,2.793,2.725,2.8,0.0581,1.0,1,0,selected,high_iv_sell,0.20684530425071715,0.8412698412698413,high_iv,valid,280.0,0.2627041648176504,-0.05585886056693326,1,,close,10004165.SH,0.5026163012377495,0.20031038169860838,26.0,0.0025062656641603454,-0.0243465807375582,0.020802005012531325,0.0,1.0401002506265665e-05,-0.0035549767275331423,0.02079160401002506,0,0.020802005012531325,-0.0,-1.0401002506265665e-05,0.02079160401002506,core_atm,ATM核心检验,RuleB_BroadBaseEnhanced,宽基增强版,1.0,0.0,0.5,0.75,1.0,RuleB_BroadBaseEnhanced_core_atm,False,broad_base,broad_base,大盘蓝筹宽基，固定ATM备兑有效，低IV不完全跳过更符合收租属性。,CloseRule_v1,0,,,0.0,none,,0.15,
510050,大盘蓝筹/金融权重,S8_IVStyleRule_Close_v1,2022-05-31,2022-06-22,2.792,2.898,2.8,0.0508,1.0,1,0,selected,high_iv_sell,0.19702980766296388,0.7658730158730159,high_iv,valid,298.0,0.196213506403297,0.0008163012596668906,1,,close,10004023.SH,0.4956280054483875,0.19396857433319092,22.0,0.002865329512893977,0.03796561604584539,0.018194842406876792,0.0351002865329514,9.097421203438396e-06,0.021051074498567343,-0.016914541547278047,1,0.018194842406876792,-0.0351002865329514,-9.097421203438396e-06,-0.016914541547278047,core_atm,ATM核心检验,RuleB_BroadBaseEnhanced,宽基增强版,1.0,0.0,0.5,0.75,1.0,RuleB_BroadBaseEnhanced_core_atm,False,broad_base,broad_base,大盘蓝筹宽基，固定ATM备兑有效，低IV不完全跳过更符合收租属性。,CloseRule_v1,0,,,0.0,none,,0.15,
510050,大盘蓝筹/金融权重,S8_IVStyleRule_Close_v1,2022-06-30,2022-07-27,3.069,2.867,3.1,0.0581,1.0,1,0,selected,high_iv_sell,0.21420513858795168,0.8968253968253969,high_iv,valid,314.0,0.16578521621918438,0.0484199223687673,1,,close,10004325.SH,0.4519497395184374,0.21090549144744875,27.0,0.010101010101010166,-0.06581948517432387,0.018931247963506027,0.0,9.465623981753015e-06,-0.046897702834799604,0.018921782339524268,0,0.018931247963506027,-0.0,-9.465623981753015e-06,0.018921782339524275,core_atm,ATM核心检验,RuleB_BroadBaseEnhanced,宽基增强版,1.0,0.0,0.5,0.75,1.0,RuleB_BroadBaseEnhanced_core_atm,False,broad_base,broad_base,大盘蓝筹宽基，固定ATM备兑有效，低IV不完全跳过更符合收租属性。,CloseRule_v1,0,,,0.0,none,,0.15,
510050,大盘蓝筹/金融权重,S8_IVStyleRule_Close_v1,2022-07-29,2022-08-24,2.828,2.746,2.85,0.0501,0.75,1,0,selected,normal_iv_sell,0.19389466605186464,0.6190476190476191,normal_iv,valid,334.0,0.12485131112202899,0.06904335492983565,1,,close,10004344.SH,0.46169649796753187,0.19413069572448732,26.0,0.007779349363507881,-0.028995756718528946,0.013286775106082036,0.0,6.643387553041018e-06,-0.015715624999999952,0.013280131718528994,0,0.013286775106082036,-0.0,-6.643387553041018e-06,0.013280131718528996,core_atm,ATM核心检验,RuleB_BroadBaseEnhanced,宽基增强版,1.0,0.0,0.5,0.75,1.0,RuleB_BroadBaseEnhanced_core_atm,False,broad_base,broad_base,大盘蓝筹宽基，固定ATM备兑有效，低IV不完全跳过更符合收租属性。,CloseRule_v1,0,,,0.0,none,,0.15,
510050,大盘蓝筹/金融权重,S8_IVStyleRule_Close_v1,2022-08-31,2022-09-30,2.801,2.65,2.8,0.0545,0.5,1,0,selected,low_iv_sell,0.16335385689735413,0.15476190476190477,low_iv,valid,351.0,0.1503886756532389,0.01296518124411522,1,,close,10004025.SH,0.5254974496223166,0.16757616548538207,28.0,-0.00035701535166021703,-0.053909318100678415,0.009728668332738307,0.003855765797929311,6.792217065333809e-06,-0.04804320778293475,0.005866110317743662,0,0.009728668332738307,-0.003855765797929311,-6.792217065333809e-06,0.005866110317743662,core_atm,ATM核心检验,RuleB_BroadBaseEnhanced,宽基增强版,1.0,0.0,0.5,0.75,1.0,RuleB_BroadBaseEnhanced_core_atm,False,broad_base,broad_base,大盘蓝筹宽基，固定ATM备兑有效，低IV不完全跳过更符合收租属性。,CloseRule_v1,1,2022-09-08,0.0216,0.003855765797929311,close,0.05555555555555555,0.15,8.0
510050,大盘蓝筹/金融权重,S8_IVStyleRule_Close_v1,2022-09-30,2022-10-26,2.65,2.439,2.65,0.0503,0.5,1,0,selected,low_iv_sell,0.16750464134216306,0.21825396825396826,low_iv,valid,371.0,0.13469155734673083,0.03281308399543223,1,,close,10004459.SH,0.5215342449988527,0.1716339685440063,26.0,0.0,-0.0796226415094339,0.009490566037735848,0.0,4.745283018867924e-06,-0.07013682075471693,0.009485820754716975,0,0.009490566037735848,-0.0,-4.745283018867924e-06,0.00948582075471698,core_atm,ATM核心检验,RuleB_BroadBaseEnhanced,宽基增强版,1.0,0.0,0.5,0.75,1.0,RuleB_BroadBaseEnhanced_core_atm,False,broad_base,broad_base,大盘蓝筹宽基，固定ATM备兑有效，低IV不完全跳过更符合收租属性。,CloseRule_v1,0,,,0.0,none,,0.15,
510050,大盘蓝筹/金融权重,S8_IVStyleRule_Close_v1,2022-10-31,2022-11-23,2.333,2.575,2.35,0.052,1.0,1,0,selected,high_iv_sell,0.2534623566627503,0.9761904761904762,high_iv,valid,387.0,0.20679345630262672,0.04666890036012358,1,,close,10004649.SH,0.4745463523729749,0.2507587440490723,23.0,0.0072867552507500655,0.10372910415773681,0.02228889841405915,0.09644234890698675,1.1144449207029574e-05,0.029564509215602185,-0.07416459494213462,1,0.02228889841405915,-0.09644234890698675,-1.1144449207029574e-05,-0.07416459494213462,core_atm,ATM核心检验,RuleB_BroadBaseEnhanced,宽基增强版,1.0,0.0,0.5,0.75,1.0,RuleB_BroadBaseEnhanced_core_atm,False,broad_base,broad_base,大盘蓝筹宽基，固定ATM备兑有效，低IV不完全跳过更符合收租属性。,CloseRule_v1,0,,,0.0,none,,0.15,
510050,大盘蓝筹/金融权重,S8_IVStyleRule_Close_v1,2022-11-30,2022-12-28,2.645,2.649,2.662,0.045,1.0,1,0,selected,high_iv_sell,0.23845659141540523,0.9563492063492064,high_iv,valid,403.0,0.25548531692402526,-0.01702872550862003,1,,close,10004241.SH,0.46953207668088975,0.17478103084564206,28.0,0.006427221172022657,0.0015122873345935742,0.017013232514177693,0.0,8.506616257088846e-06,0.018517013232514177,0.017004725897920604,0,0.017013232514177693,-0.0,-8.506616257088846e-06,0.017004725897920604,core_atm,ATM核心检验,RuleB_BroadBaseEnhanced,宽基增强版,1.0,0.0,0.5,0.75,1.0,RuleB_BroadBaseEnhanced_core_atm,False,broad_base,broad_base,大盘蓝筹宽基，固定ATM备兑有效，低IV不完全跳过更符合收租属性。,CloseRule_v1,0,,,0.0,none,,0.15,
510050,大盘蓝筹/金融权重,S8_IVStyleRule_Close_v1,2022-12-30,2023-01-31,2.649,2.819,,0.0,0.0,0,0,ultra_low_iv_skip,ultra_low_iv_skip,0.16094110913276674,0.11507936507936507,low_iv,valid,420.0,0.1531339152213846,0.007807193911382154,1,,none,,0.5205069173223962,0.17134787197113038,31.0,,0.06417516043790107,0.0,0.0,0.0,0.06417516043790107,0.0,0,0.0,-0.0,-0.0,0.0,core_atm,ATM核心检验,RuleB_BroadBaseEnhanced,宽基增强版,1.0,0.0,0.5,0.75,1.0,RuleB_BroadBaseEnhanced_core_atm,False,broad_base,broad_base,大盘蓝筹宽基，固定ATM备兑有效，低IV不完全跳过更符合收租属性。,CloseRule_v1,0,,,0.0,none,,0.15,
510050,大盘蓝筹/金融权重,S8_IVStyleRule_Close_v1,2023-01-31,2023-02-22,2.819,2.775,2.8,0.0653,0.75,1,0,selected,normal_iv_sell,0.17979725742340089,0.376984126984127,normal_iv,valid,436.0,0.12518078477850866,0.05461647264489222,1,,close,10004946.SH,0.5757581702304172,0.19408301296234132,22.0,-0.006739978715856743,-0.015608371763036552,0.017373181979425327,0.0,8.686590989712664e-06,0.0017561236253990627,0.017364495388435614,0,0.017373181979425327,-0.0,-8.686590989712664e-06,0.017364495388435614,core_atm,ATM核心检验,RuleB_BroadBaseEnhanced,宽基增强版,1.0,0.0,0.5,0.75,1.0,RuleB_BroadBaseEnhanced_core_atm,False,broad_base,broad_base,大盘蓝筹宽基，固定ATM备兑有效，低IV不完全跳过更符合收租属性。,CloseRule_v1,0,,,0.0,none,,0.15,
510050,大盘蓝筹/金融权重,S8_IVStyleRule_Close_v1,2023-02-28,2023-03-31,2.746,2.669,2.75,0.0492,0.5,1,0,selected,low_iv_sell,0.1741826121807098,0.2777777777777778,low_iv,valid,455.0,0.16589150077790427,0.008291111402805529,1,,close,10004884.SH,0.5068136095377666,0.18419837636947628,22.0,0.0014566642388929019,-0.028040786598688985,0.008958485069191552,1.8208302986161692e-05,4.488346686088856e-06,-0.019104998179169684,0.008935788419519303,0,0.008958485069191552,-1.8208302986161692e-05,-4.488346686088856e-06,0.008935788419519303,core_atm,ATM核心检验,RuleB_BroadBaseEnhanced,宽基增强版,1.0,0.0,0.5,0.75,1.0,RuleB_BroadBaseEnhanced_core_atm,False,broad_base,broad_base,大盘蓝筹宽基，固定ATM备兑有效，低IV不完全跳过更符合收租属性。,CloseRule_v1,1,2023-03-22,0.0001,1.8208302986161692e-05,close,0.12698412698412698,0.15,22.0
510050,大盘蓝筹/金融权重,S8_IVStyleRule_Close_v1,2023-03-31,2023-04-28,2.669,2.68,,0.0,0.0,0,0,ultra_low_iv_skip,ultra_low_iv_skip,0.15699536056518554,0.03968253968253968,low_iv,valid,472.0,0.12206600901186267,0.03492935155332287,1,,none,,0.5855243945545727,0.16553057498931883,26.0,,0.004121393780442158,0.0,0.0,0.0,0.004121393780442158,0.0,0,0.0,-0.0,-0.0,0.0,core_atm,ATM核心检验,RuleB_BroadBaseEnhanced,宽基增强版,1.0,0.0,0.5,0.75,1.0,RuleB_BroadBaseEnhanced_core_atm,False,broad_base,broad_base,大盘蓝筹宽基，固定ATM备兑有效，低IV不完全跳过更符合收租属性。,CloseRule_v1,0,,,0.0,none,,0.15,
510050,大盘蓝筹/金融权重,S8_IVStyleRule_Close_v1,2023-04-28,2023-05-31,2.68,2.5,,0.0,0.0,0,0,ultra_low_iv_skip,ultra_low_iv_skip,0.1381034502029419,0.003968253968253968,low_iv,valid,490.0,0.13857090481168818,-0.00046745460874628164,1,,none,,0.44452200529377456,0.14209926567077638,26.0,,-0.06716417910447767,0.0,0.0,0.0,-0.06716417910447767,0.0,0,0.0,-0.0,-0.0,0.0,core_atm,ATM核心检验,RuleB_BroadBaseEnhanced,宽基增强版,1.0,0.0,0.5,0.75,1.0,RuleB_BroadBaseEnhanced_core_atm,False,broad_base,broad_base,大盘蓝筹宽基，固定ATM备兑有效，低IV不完全跳过更符合收租属性。,CloseRule_v1,0,,,0.0,none,,0.15,
510050,大盘蓝筹/金融权重,S8_IVStyleRule_Close_v1,2023-05-31,2023-06-28,2.5,2.55,2.5,0.052,0.5,1,0,selected,low_iv_sell,0.16802438344955442,0.23809523809523808,low_iv,valid,504.0,0.1513635774575887,0.016660805991965733,1,,close,10004897.SH,0.5221931425993646,0.18138032512664792,28.0,0.0,0.019999999999999928,0.0104,0.009999999999999964,5.199999999999999e-06,0.020394799999999963,0.0003948000000000354,1,0.0104,-0.009999999999999964,-5.199999999999999e-06,0.0003948000000000357,core_atm,ATM核心检验,RuleB_BroadBaseEnhanced,宽基增强版,1.0,0.0,0.5,0.75,1.0,RuleB_BroadBaseEnhanced_core_atm,False,broad_base,broad_base,大盘蓝筹宽基，固定ATM备兑有效，低IV不完全跳过更符合收租属性。,CloseRule_v1,0,,,0.0,none,,0.15,
510050,大盘蓝筹/金融权重,S8_IVStyleRule_Close_v1,2023-06-30,2023-07-31,2.542,2.731,,0.0,0.0,0,0,ultra_low_iv_skip,ultra_low_iv_skip,0.14494115829467774,0.01984126984126984,low_iv,valid,523.0,0.1288815341669179,0.016059624127759853,1,,none,,0.4914886557593905,0.1537529327392578,26.0,,0.0743509047993706,0.0,0.0,0.0,0.0743509047993706,0.0,0,0.0,-0.0,-0.0,0.0,core_atm,ATM核心检验,RuleB_BroadBaseEnhanced,宽基增强版,1.0,0.0,0.5,0.75,1.0,RuleB_BroadBaseEnhanced_core_atm,False,broad_base,broad_base,大盘蓝筹宽基，固定ATM备兑有效，低IV不完全跳过更符合收租属性。,CloseRule_v1,0,,,0.0,none,,0.15,
510050,大盘蓝筹/金融权重,S8_IVStyleRule_Close_v1,2023-07-31,2023-08-23,2.731,2.535,2.75,0.0431,0.75,1,0,selected,normal_iv_sell,0.1770459620475769,0.49603174603174605,normal_iv,valid,543.0,0.17231121638800082,0.004734745659576073,1,,close,10005651.SH,0.460312790374758,0.1840982425689697,23.0,0.00695715854998169,-0.07176858293665314,0.011836323690955695,0.0,5.918161845477847e-06,-0.059938177407542925,0.011830405529110216,0,0.011836323690955695,-0.0,-5.918161845477847e-06,0.011830405529110216,core_atm,ATM核心检验,RuleB_BroadBaseEnhanced,宽基增强版,1.0,0.0,0.5,0.75,1.0,RuleB_BroadBaseEnhanced_core_atm,False,broad_base,broad_base,大盘蓝筹宽基，固定ATM备兑有效，低IV不完全跳过更符合收租属性。,CloseRule_v1,0,,,0.0,none,,0.15,
510050,大盘蓝筹/金融权重,S8_IVStyleRule_Close_v1,2023-08-31,2023-09-27,2.59,2.604,2.6,0.0467,0.75,1,0,selected,normal_iv_sell,0.17430658736228943,0.49206349206349204,normal_iv,valid,560.0,0.13394606830404995,0.04036051905823948,1,,close,10005159.SH,0.48988311363009746,0.17672171926498415,27.0,0.0038610038610038533,0.005405405405405496,0.013523166023166024,0.0011583011583011593,6.761583011583011e-06,0.017763508687258775,0.012358103281853279,1,0.013523166023166024,-0.0011583011583011593,-6.761583011583011e-06,0.012358103281853283,core_atm,ATM核心检验,RuleB_BroadBaseEnhanced,宽基增强版,1.0,0.0,0.5,0.75,1.0,RuleB_BroadBaseEnhanced_core_atm,False,broad_base,broad_base,大盘蓝筹宽基，固定ATM备兑有效，低IV不完全跳过更符合收租属性。,CloseRule_v1,0,,,0.0,none,,0.15,
510050,大盘蓝筹/金融权重,S8_IVStyleRule_Close_v1,2023-09-28,2023-10-31,2.583,2.488,2.6,0.0393,0.5,1,0,selected,low_iv_sell,0.15566501150131223,0.21428571428571427,low_iv,valid,579.0,0.14555069599504122,0.01011431550627101,1,,close,10005918.SH,0.46291649546439184,0.16222139129638669,27.0,0.006581494386372455,-0.03677893921796368,0.0076074332171893145,0.0034068912117692605,5.507162214479288e-06,-0.0325839043747581,0.004195034843205575,0,0.0076074332171893145,-0.0034068912117692605,-5.507162214479288e-06,0.004195034843205575,core_atm,ATM核心检验,RuleB_BroadBaseEnhanced,宽基增强版,1.0,0.0,0.5,0.75,1.0,RuleB_BroadBaseEnhanced_core_atm,False,broad_base,broad_base,大盘蓝筹宽基，固定ATM备兑有效，低IV不完全跳过更符合收租属性。,CloseRule_v1,1,2023-10-11,0.0176,0.0034068912117692605,close,0.1349206349206349,0.15,13.0
510050,大盘蓝筹/金融权重,S8_IVStyleRule_Close_v1,2023-10-31,2023-11-30,2.488,2.401,,0.0,0.0,0,0,ultra_low_iv_skip,ultra_low_iv_skip,0.14776874608993532,0.09523809523809523,low_iv,valid,596.0,0.13345872558902658,0.014310020500908738,1,,none,,0.470039835249188,0.15577468185424803,22.0,,-0.03496784565916406,0.0,0.0,0.0,-0.03496784565916406,0.0,0,0.0,-0.0,-0.0,0.0,core_atm,ATM核心检验,RuleB_BroadBaseEnhanced,宽基增强版,1.0,0.0,0.5,0.75,1.0,RuleB_BroadBaseEnhanced_core_atm,False,broad_base,broad_base,大盘蓝筹宽基，固定ATM备兑有效，低IV不完全跳过更符合收租属性。,CloseRule_v1,0,,,0.0,none,,0.15,
510050,大盘蓝筹/金融权重,S8_IVStyleRule_Close_v1,2023-11-30,2023-12-29,2.401,2.355,,0.0,0.0,0,0,ultra_low_iv_skip,ultra_low_iv_skip,0.14584236249923704,0.09523809523809523,low_iv,valid,612.0,0.12185948871989757,0.02398287377933947,1,,none,,0.5264670456065399,0.15286603336334226,27.0,,-0.019158683881715877,0.0,0.0,0.0,-0.019158683881715877,0.0,0,0.0,-0.0,-0.0,0.0,core_atm,ATM核心检验,RuleB_BroadBaseEnhanced,宽基增强版,1.0,0.0,0.5,0.75,1.0,RuleB_BroadBaseEnhanced_core_atm,False,broad_base,broad_base,大盘蓝筹宽基，固定ATM备兑有效，低IV不完全跳过更符合收租属性。,CloseRule_v1,0,,,0.0,none,,0.15,
510050,大盘蓝筹/金融权重,S8_IVStyleRule_Close_v1,2023-12-29,2024-01-24,2.355,2.295,2.35,0.0434,0.5,1,0,selected,low_iv_sell,0.1502387131690979,0.1984126984126984,low_iv,valid,632.0,0.1481907172204882,0.0020479959486096877,1,,close,10006385.SH,0.542214530811805,0.15616568050384522,26.0,-0.002123142250530785,-0.02547770700636945,0.00921443736730361,0.0,4.607218683651805e-06,-0.01626787685774949,0.009209830148619959,0,0.00921443736730361,-0.0,-4.607218683651805e-06,0.009209830148619959,core_atm,ATM核心检验,RuleB_BroadBaseEnhanced,宽基增强版,1.0,0.0,0.5,0.75,1.0,RuleB_BroadBaseEnhanced_core_atm,False,broad_base,broad_base,大盘蓝筹宽基，固定ATM备兑有效，低IV不完全跳过更符合收租属性。,CloseRule_v1,0,,,0.0,none,,0.15,
510050,大盘蓝筹/金融权重,S8_IVStyleRule_Close_v1,2024-01-31,2024-02-28,2.292,2.424,2.3,0.0453,1.0,1,0,selected,high_iv_sell,0.19180377693176268,0.9206349206349206,high_iv,valid,648.0,0.17114050151196503,0.02066327541979765,1,,close,10006505.SH,0.49536593538480866,0.18740742626190182,28.0,0.003490401396160525,0.05759162303664927,0.019764397905759165,0.05410122164048871,9.882198952879583e-06,0.023244917102966837,-0.03434670593368243,1,0.019764397905759165,-0.05410122164048871,-9.882198952879583e-06,-0.03434670593368242,core_atm,ATM核心检验,RuleB_BroadBaseEnhanced,宽基增强版,1.0,0.0,0.5,0.75,1.0,RuleB_BroadBaseEnhanced_core_atm,False,broad_base,broad_base,大盘蓝筹宽基，固定ATM备兑有效，低IV不完全跳过更符合收租属性。,CloseRule_v1,0,,,0.0,none,,0.15,
510050,大盘蓝筹/金融权重,S8_IVStyleRule_Close_v1,2024-02-29,2024-03-29,2.444,2.449,2.45,0.0474,1.0,1,0,selected,high_iv_sell,0.18165688514709472,0.8293650793650794,high_iv,valid,663.0,0.18113605186882079,0.00052083327827393,1,,close,10006405.SH,0.5021450560836823,0.1831255142211914,27.0,0.002454991816694063,0.0020458265139115766,0.01939443535188216,0.002700490998363339,1.104746317512275e-05,0.018728723404255274,0.016682896890343697,0,0.01939443535188216,-0.002700490998363339,-1.104746317512275e-05,0.016682896890343697,core_atm,ATM核心检验,RuleB_BroadBaseEnhanced,宽基增强版,1.0,0.0,0.5,0.75,1.0,RuleB_BroadBaseEnhanced_core_atm,False,broad_base,broad_base,大盘蓝筹宽基，固定ATM备兑有效，低IV不完全跳过更符合收租属性。,CloseRule_v1,1,2024-03-26,0.0066,0.002700490998363339,close,0.12301587301587301,0.15,26.0
510050,大盘蓝筹/金融权重,S8_IVStyleRule_Close_v1,2024-03-29,2024-04-30,2.449,2.5,,0.0,0.0,0,0,ultra_low_iv_skip,ultra_low_iv_skip,0.1367421073436737,0.015873015873015872,low_iv,valid,683.0,0.084829907090563,0.051912200253110705,1,,none,,0.5185251340512517,0.13215740976333618,26.0,,0.020824826459779566,0.0,0.0,0.0,0.020824826459779566,0.0,0,0.0,-0.0,-0.0,0.0,core_atm,ATM核心检验,RuleB_BroadBaseEnhanced,宽基增强版,1.0,0.0,0.5,0.75,1.0,RuleB_BroadBaseEnhanced_core_atm,False,broad_base,broad_base,大盘蓝筹宽基，固定ATM备兑有效，低IV不完全跳过更符合收租属性。,CloseRule_v1,0,,,0.0,none,,0.15,
510050,大盘蓝筹/金融权重,S8_IVStyleRule_Close_v1,2024-04-30,2024-05-31,2.5,2.499,,0.0,0.0,0,0,ultra_low_iv_skip,ultra_low_iv_skip,0.13292987051010136,0.011904761904761904,low_iv,valid,703.0,0.1211434827772391,0.011786387732862252,1,,none,,0.5209868207553832,0.13719747772216798,22.0,,-0.00039999999999995595,0.0,0.0,0.0,-0.00039999999999995595,0.0,0,0.0,-0.0,-0.0,0.0,core_atm,ATM核心检验,RuleB_BroadBaseEnhanced,宽基增强版,1.0,0.0,0.5,0.75,1.0,RuleB_BroadBaseEnhanced_core_atm,False,broad_base,broad_base,大盘蓝筹宽基，固定ATM备兑有效，低IV不完全跳过更符合收租属性。,CloseRule_v1,0,,,0.0,none,,0.15,
510050,大盘蓝筹/金融权重,S8_IVStyleRule_Close_v1,2024-05-31,2024-06-28,2.499,2.441,,0.0,0.0,0,0,ultra_low_iv_skip,ultra_low_iv_skip,0.12609931483268738,0.003968253968253968,low_iv,valid,718.0,0.111132076842584,0.014967237990103383,1,,none,,0.5186356330781772,0.13163289937973022,26.0,,-0.023209283713485504,0.0,0.0,0.0,-0.023209283713485504,0.0,0,0.0,-0.0,-0.0,0.0,core_atm,ATM核心检验,RuleB_BroadBaseEnhanced,宽基增强版,1.0,0.0,0.5,0.75,1.0,RuleB_BroadBaseEnhanced_core_atm,False,broad_base,broad_base,大盘蓝筹宽基，固定ATM备兑有效，低IV不完全跳过更符合收租属性。,CloseRule_v1,0,,,0.0,none,,0.15,
510050,大盘蓝筹/金融权重,S8_IVStyleRule_Close_v1,2024-06-28,2024-07-31,2.441,2.463,,0.0,0.0,0,0,ultra_low_iv_skip,ultra_low_iv_skip,0.11672488379478455,0.003968253968253968,low_iv,valid,736.0,0.0674691629417337,0.04925572085305084,1,,none,,0.47847572636659774,0.12060387649536133,26.0,,0.009012699713232382,0.0,0.0,0.0,0.009012699713232382,0.0,0,0.0,-0.0,-0.0,0.0,core_atm,ATM核心检验,RuleB_BroadBaseEnhanced,宽基增强版,1.0,0.0,0.5,0.75,1.0,RuleB_BroadBaseEnhanced_core_atm,False,broad_base,broad_base,大盘蓝筹宽基，固定ATM备兑有效，低IV不完全跳过更符合收租属性。,CloseRule_v1,0,,,0.0,none,,0.15,
510050,大盘蓝筹/金融权重,S8_IVStyleRule_Close_v1,2024-07-31,2024-08-30,2.463,2.429,,0.0,0.0,0,0,ultra_low_iv_skip,ultra_low_iv_skip,0.1270362811088562,0.07539682539682539,low_iv,valid,753.0,0.1231614251937387,0.003874855915117506,1,,none,,0.582355455303824,0.12974943027496338,28.0,,-0.013804303694681386,0.0,0.0,0.0,-0.013804303694681386,0.0,0,0.0,-0.0,-0.0,0.0,core_atm,ATM核心检验,RuleB_BroadBaseEnhanced,宽基增强版,1.0,0.0,0.5,0.75,1.0,RuleB_BroadBaseEnhanced_core_atm,False,broad_base,broad_base,大盘蓝筹宽基，固定ATM备兑有效，低IV不完全跳过更符合收租属性。,CloseRule_v1,0,,,0.0,none,,0.15,
510050,大盘蓝筹/金融权重,S8_IVStyleRule_Close_v1,2024-08-30,2024-09-30,2.429,2.909,,0.0,0.0,0,0,ultra_low_iv_skip,ultra_low_iv_skip,0.11415478291511534,0.015873015873015872,low_iv,valid,774.0,0.09118114782631939,0.02297363508879595,1,,none,,0.4096016260465064,0.11061433782577512,26.0,,0.19761218608480857,0.0,0.0,0.0,0.19761218608480857,0.0,0,0.0,-0.0,-0.0,0.0,core_atm,ATM核心检验,RuleB_BroadBaseEnhanced,宽基增强版,1.0,0.0,0.5,0.75,1.0,RuleB_BroadBaseEnhanced_core_atm,False,broad_base,broad_base,大盘蓝筹宽基，固定ATM备兑有效，低IV不完全跳过更符合收租属性。,CloseRule_v1,0,,,0.0,none,,0.15,
510050,大盘蓝筹/金融权重,S8_IVStyleRule_Close_v1,2024-09-30,2024-10-23,2.909,2.817,2.9,0.1492,1.0,1,0,selected,high_iv_sell,0.436084951543808,1.0,high_iv,valid,792.0,0.3820969618621534,0.05398798968165458,1,,close,10007982.SH,0.5386445271658875,0.49150901012420656,23.0,-0.003093846682708845,-0.03162598831213463,0.05128910278446202,0.0,2.5644551392231008e-05,0.019637469920935156,0.051263458233069784,0,0.05128910278446202,-0.0,-2.5644551392231008e-05,0.05126345823306979,core_atm,ATM核心检验,RuleB_BroadBaseEnhanced,宽基增强版,1.0,0.0,0.5,0.75,1.0,RuleB_BroadBaseEnhanced_core_atm,False,broad_base,broad_base,大盘蓝筹宽基，固定ATM备兑有效，低IV不完全跳过更符合收租属性。,CloseRule_v1,0,,,0.0,none,,0.15,
510050,大盘蓝筹/金融权重,S8_IVStyleRule_Close_v1,2024-10-31,2024-11-27,2.741,2.729,2.75,0.082,1.0,1,0,selected,high_iv_sell,0.2771320797920227,0.9841269841269841,high_iv,valid,806.0,0.45477551150434675,-0.17764343171232405,1,,close,10007955.SH,0.5060955118218128,0.28374567890167235,27.0,0.0032834731849689103,-0.004377964246625323,0.02991608901860635,0.0,1.4958044509303174e-05,0.02552316672747172,0.029901130974097044,0,0.02991608901860635,-0.0,-1.4958044509303174e-05,0.029901130974097044,core_atm,ATM核心检验,RuleB_BroadBaseEnhanced,宽基增强版,1.0,0.0,0.5,0.75,1.0,RuleB_BroadBaseEnhanced_core_atm,False,broad_base,broad_base,大盘蓝筹宽基，固定ATM备兑有效，低IV不完全跳过更符合收租属性。,CloseRule_v1,0,,,0.0,none,,0.15,
510050,大盘蓝筹/金融权重,S8_IVStyleRule_Close_v1,2024-11-29,2024-12-25,2.732,2.764,2.744,0.034,1.0,1,0,selected,high_iv_sell,0.22541535596847534,0.8888888888888888,high_iv,valid,826.0,0.2271097786701619,-0.001694422701686571,1,,close,10007959.SH,0.47297162438925006,0.13013566064834597,26.0,0.004392386530014614,0.011713030746705558,0.012445095168374817,0.007320644216690912,6.222547584187409e-06,0.016831259150805276,0.005118228404099718,1,0.012445095168374817,-0.007320644216690912,-6.222547584187409e-06,0.005118228404099718,core_atm,ATM核心检验,RuleB_BroadBaseEnhanced,宽基增强版,1.0,0.0,0.5,0.75,1.0,RuleB_BroadBaseEnhanced_core_atm,False,broad_base,broad_base,大盘蓝筹宽基，固定ATM备兑有效，低IV不完全跳过更符合收租属性。,CloseRule_v1,0,,,0.0,none,,0.15,
510050,大盘蓝筹/金融权重,S8_IVStyleRule_Close_v1,2024-12-31,2025-01-22,2.738,2.607,2.744,0.0425,0.75,1,0,selected,normal_iv_sell,0.16805776138305661,0.6428571428571429,normal_iv,valid,847.0,0.1407591805560349,0.027298580827021718,1,,close,10008396.SH,0.4982196495342641,0.163384850692749,22.0,0.002191380569759094,-0.047845142439736955,0.011641709276844412,0.0,5.8208546384222066e-06,-0.03620925401753096,0.011635888422205996,0,0.011641709276844412,-0.0,-5.8208546384222066e-06,0.01163588842220599,core_atm,ATM核心检验,RuleB_BroadBaseEnhanced,宽基增强版,1.0,0.0,0.5,0.75,1.0,RuleB_BroadBaseEnhanced_core_atm,False,broad_base,broad_base,大盘蓝筹宽基，固定ATM备兑有效，低IV不完全跳过更符合收租属性。,CloseRule_v1,0,,,0.0,none,,0.15,
510050,大盘蓝筹/金融权重,S8_IVStyleRule_Close_v1,2025-01-27,2025-02-26,2.643,2.726,2.65,0.0417,0.75,1,0,selected,normal_iv_sell,0.1666248943805695,0.5833333333333334,normal_iv,valid,859.0,0.14608263802497937,0.02054225635559012,1,,close,10008575.SH,0.49833763329544833,0.142223240852356,30.0,0.0026485054861900004,0.03140370790768074,0.011833144154370034,0.021566401816118068,5.916572077185018e-06,0.02166453367385552,-0.00973917423382522,1,0.011833144154370034,-0.021566401816118068,-5.916572077185018e-06,-0.00973917423382522,core_atm,ATM核心检验,RuleB_BroadBaseEnhanced,宽基增强版,1.0,0.0,0.5,0.75,1.0,RuleB_BroadBaseEnhanced_core_atm,False,broad_base,broad_base,大盘蓝筹宽基，固定ATM备兑有效，低IV不完全跳过更符合收租属性。,CloseRule_v1,0,,,0.0,none,,0.15,
510050,大盘蓝筹/金融权重,S8_IVStyleRule_Close_v1,2025-02-28,2025-03-26,2.705,2.736,2.7,0.0479,0.75,1,0,selected,normal_iv_sell,0.15672356882095337,0.5158730158730159,normal_iv,valid,876.0,0.117211556255189,0.039512012565764365,1,,close,10008527.SH,0.5404328117619471,0.15071554079055788,26.0,-0.001848428835489746,0.01146025878003702,0.013280961182994454,0.00998151571164511,6.640480591497227e-06,0.014753063770794867,0.003292804990757847,1,0.013280961182994454,-0.00998151571164511,-6.640480591497227e-06,0.003292804990757846,core_atm,ATM核心检验,RuleB_BroadBaseEnhanced,宽基增强版,1.0,0.0,0.5,0.75,1.0,RuleB_BroadBaseEnhanced_core_atm,False,broad_base,broad_base,大盘蓝筹宽基，固定ATM备兑有效，低IV不完全跳过更符合收租属性。,CloseRule_v1,0,,,0.0,none,,0.15,
510050,大盘蓝筹/金融权重,S8_IVStyleRule_Close_v1,2025-03-31,2025-04-23,2.725,2.708,2.7,0.0548,0.75,1,0,selected,normal_iv_sell,0.14142217044830324,0.38095238095238093,normal_iv,valid,896.0,0.15261693061895631,-0.011194760170653073,1,,close,10008934.SH,0.6212568563651204,0.14353928508758546,23.0,-0.00917431192660545,-0.006238532110091708,0.015082568807339448,0.002201834862385323,7.541284403669725e-06,0.006634660550458748,0.012873192660550457,1,0.015082568807339448,-0.002201834862385323,-7.541284403669725e-06,0.012873192660550455,core_atm,ATM核心检验,RuleB_BroadBaseEnhanced,宽基增强版,1.0,0.0,0.5,0.75,1.0,RuleB_BroadBaseEnhanced_core_atm,False,broad_base,broad_base,大盘蓝筹宽基，固定ATM备兑有效，低IV不完全跳过更符合收租属性。,CloseRule_v1,0,,,0.0,none,,0.15,
510050,大盘蓝筹/金融权重,S8_IVStyleRule_Close_v1,2025-04-30,2025-05-28,2.693,2.747,2.7,0.0383,0.75,1,0,selected,normal_iv_sell,0.1442211485862732,0.4523809523809524,normal_iv,valid,912.0,0.22428793489307208,-0.08006678630679889,1,,close,10009054.SH,0.4959065605004643,0.13340192985534666,28.0,0.0025993316004455647,0.020051986632008845,0.010666542888971408,0.013089491273672402,5.3332714444857035e-06,0.017623704975863366,-0.002428281656145479,1,0.010666542888971408,-0.013089491273672402,-5.3332714444857035e-06,-0.00242828165614548,core_atm,ATM核心检验,RuleB_BroadBaseEnhanced,宽基增强版,1.0,0.0,0.5,0.75,1.0,RuleB_BroadBaseEnhanced_core_atm,False,broad_base,broad_base,大盘蓝筹宽基，固定ATM备兑有效，低IV不完全跳过更符合收租属性。,CloseRule_v1,0,,,0.0,none,,0.15,
510050,大盘蓝筹/金融权重,S8_IVStyleRule_Close_v1,2025-05-30,2025-06-30,2.749,2.807,2.75,0.0359,0.5,1,0,selected,low_iv_sell,0.12624713139533997,0.15079365079365079,low_iv,valid,930.0,0.09959633337441175,0.02665079802092822,1,,close,10008546.SH,0.5197335985700099,0.11767138662338256,26.0,0.00036376864314302537,0.02109858130229168,0.006529647144416151,0.002109858130229174,4.319752637322663e-06,0.025514050563841335,0.004415469261549655,0,0.006529647144416151,-0.002109858130229174,-4.319752637322663e-06,0.004415469261549655,core_atm,ATM核心检验,RuleB_BroadBaseEnhanced,宽基增强版,1.0,0.0,0.5,0.75,1.0,RuleB_BroadBaseEnhanced_core_atm,False,broad_base,broad_base,大盘蓝筹宽基，固定ATM备兑有效，低IV不完全跳过更符合收租属性。,CloseRule_v1,1,2025-06-20,0.0116,0.002109858130229174,close,0.10714285714285714,0.15,21.0
510050,大盘蓝筹/金融权重,S8_IVStyleRule_Close_v1,2025-06-30,2025-07-31,2.807,2.899,,0.0,0.0,0,0,ultra_low_iv_skip,ultra_low_iv_skip,0.12258509526252748,0.0992063492063492,low_iv,valid,949.0,0.09349368839779677,0.029091406864730704,1,,none,,0.5559713268083919,0.11894451637268066,23.0,,0.03277520484503031,0.0,0.0,0.0,0.03277520484503031,0.0,0,0.0,-0.0,-0.0,0.0,core_atm,ATM核心检验,RuleB_BroadBaseEnhanced,宽基增强版,1.0,0.0,0.5,0.75,1.0,RuleB_BroadBaseEnhanced_core_atm,False,broad_base,broad_base,大盘蓝筹宽基，固定ATM备兑有效，低IV不完全跳过更符合收租属性。,CloseRule_v1,0,,,0.0,none,,0.15,
510050,大盘蓝筹/金融权重,S8_IVStyleRule_Close_v1,2025-07-31,2025-08-27,2.899,3.051,2.9,0.0476,0.75,1,0,selected,normal_iv_sell,0.14834093923568725,0.5753968253968254,normal_iv,valid,966.0,0.088445308202697,0.059895631032990254,1,,close,10009514.SH,0.5193086692502074,0.14613322734832762,27.0,0.0003449465332872048,0.052431873059675796,0.012314591238358055,0.03906519489479137,6.157295619179027e-06,0.025675112107623303,-0.026756760952052493,1,0.012314591238358055,-0.03906519489479137,-6.157295619179027e-06,-0.026756760952052493,core_atm,ATM核心检验,RuleB_BroadBaseEnhanced,宽基增强版,1.0,0.0,0.5,0.75,1.0,RuleB_BroadBaseEnhanced_core_atm,False,broad_base,broad_base,大盘蓝筹宽基，固定ATM备兑有效，低IV不完全跳过更符合收租属性。,CloseRule_v1,0,,,0.0,none,,0.15,
510050,大盘蓝筹/金融权重,S8_IVStyleRule_Close_v1,2025-08-29,2025-09-24,3.112,3.072,3.1,0.0828,1.0,1,0,selected,high_iv_sell,0.22094509701728823,0.8452380952380952,high_iv,valid,986.0,0.15268669301267807,0.06825840400461017,1,,close,10009495.SH,0.5470129412178888,0.2248765407562256,26.0,-0.003856041131105381,-0.012853470437018006,0.02660668380462725,0.0,1.3303341902313625e-05,0.01373991002570693,0.026593380462724935,0,0.02660668380462725,-0.0,-1.3303341902313625e-05,0.026593380462724935,core_atm,ATM核心检验,RuleB_BroadBaseEnhanced,宽基增强版,1.0,0.0,0.5,0.75,1.0,RuleB_BroadBaseEnhanced_core_atm,False,broad_base,broad_base,大盘蓝筹宽基，固定ATM备兑有效，低IV不完全跳过更符合收租属性。,CloseRule_v1,0,,,0.0,none,,0.15,
510050,大盘蓝筹/金融权重,S8_IVStyleRule_Close_v1,2025-09-30,2025-10-22,3.126,3.148,3.1,0.0613,0.75,1,0,selected,normal_iv_sell,0.1500479821205139,0.45634920634920634,normal_iv,valid,1007.0,0.13460411049047669,0.015443871630037215,1,,close,10009893.SH,0.611188229164702,0.14727284536361696,22.0,-0.008317338451695355,0.0070377479206654645,0.014707293666026872,0.011516314779270644,7.353646833013436e-06,0.010221373160588678,0.003183625239923214,1,0.014707293666026872,-0.011516314779270644,-7.353646833013436e-06,0.003183625239923215,core_atm,ATM核心检验,RuleB_BroadBaseEnhanced,宽基增强版,1.0,0.0,0.5,0.75,1.0,RuleB_BroadBaseEnhanced_core_atm,False,broad_base,broad_base,大盘蓝筹宽基，固定ATM备兑有效，低IV不完全跳过更符合收租属性。,CloseRule_v1,0,,,0.0,none,,0.15,
510050,大盘蓝筹/金融权重,S8_IVStyleRule_Close_v1,2025-10-31,2025-11-26,3.16,3.114,3.2,0.0362,0.75,1,0,selected,normal_iv_sell,0.1527468264579773,0.4365079365079365,normal_iv,valid,1022.0,0.136055525000346,0.016691301457631286,1,,close,10010070.SH,0.4007785841686536,0.1537338596343994,26.0,0.012658227848101333,-0.014556962025316538,0.008591772151898734,0.0,4.2958860759493675e-06,-0.0059694857594937535,0.008587476265822784,0,0.008591772151898734,-0.0,-4.2958860759493675e-06,0.008587476265822784,core_atm,ATM核心检验,RuleB_BroadBaseEnhanced,宽基增强版,1.0,0.0,0.5,0.75,1.0,RuleB_BroadBaseEnhanced_core_atm,False,broad_base,broad_base,大盘蓝筹宽基，固定ATM备兑有效，低IV不完全跳过更符合收租属性。,CloseRule_v1,0,,,0.0,none,,0.15,
510050,大盘蓝筹/金融权重,S8_IVStyleRule_Close_v1,2025-11-28,2025-12-31,3.113,3.105,3.117,0.0121,0.75,1,0,selected,normal_iv_sell,0.16688714957237247,0.5396825396825397,normal_iv,valid,1041.0,0.10811104298457064,0.05877610658780183,1,,close,10009623.SH,0.5077689697450587,0.03584299850463866,26.0,0.0012849341471250497,-0.002569868294249922,0.0029151943462897524,0.001011885640860906,1.9635399935753294e-06,-0.0006685231288146509,0.0019013451654352712,0,0.0029151943462897524,-0.001011885640860906,-1.9635399935753294e-06,0.0019013451654352712,core_atm,ATM核心检验,RuleB_BroadBaseEnhanced,宽基增强版,1.0,0.0,0.5,0.75,1.0,RuleB_BroadBaseEnhanced_core_atm,False,broad_base,broad_base,大盘蓝筹宽基，固定ATM备兑有效，低IV不完全跳过更符合收租属性。,CloseRule_v1,1,2025-12-17,0.0042,0.001011885640860906,close,0.07539682539682539,0.15,19.0
510050,大盘蓝筹/金融权重,S8_IVStyleRule_Close_v1,2025-12-31,2026-01-30,3.105,3.147,,0.0,0.0,0,0,ultra_low_iv_skip,ultra_low_iv_skip,0.12618991208076474,0.09523809523809523,low_iv,valid,1058.0,0.09009711214650622,0.036092799934258527,1,,none,,0.545049205985267,0.1171707176208496,28.0,,0.013526570048309119,0.0,0.0,0.0,0.013526570048309119,0.0,0,0.0,-0.0,-0.0,0.0,core_atm,ATM核心检验,RuleB_BroadBaseEnhanced,宽基增强版,1.0,0.0,0.5,0.75,1.0,RuleB_BroadBaseEnhanced_core_atm,False,broad_base,broad_base,大盘蓝筹宽基，固定ATM备兑有效，低IV不完全跳过更符合收租属性。,CloseRule_v1,0,,,0.0,none,,0.15,
510050,大盘蓝筹/金融权重,S8_IVStyleRule_Close_v1,2026-01-30,2026-02-25,3.147,3.134,3.1,0.0836,0.75,1,0,selected,normal_iv_sell,0.15795378408432004,0.5555555555555556,normal_iv,valid,1077.0,0.15391437483117013,0.0040394092531499115,1,,close,10010631.SH,0.6558549429723927,0.16264099960327144,26.0,-0.01493485859548771,-0.004130918334922117,0.01992373689227836,0.008102955195424168,9.96186844613918e-06,0.007679901493485937,0.011810819828408054,1,0.01992373689227836,-0.008102955195424168,-9.96186844613918e-06,0.011810819828408052,core_atm,ATM核心检验,RuleB_BroadBaseEnhanced,宽基增强版,1.0,0.0,0.5,0.75,1.0,RuleB_BroadBaseEnhanced_core_atm,False,broad_base,broad_base,大盘蓝筹宽基，固定ATM备兑有效，低IV不完全跳过更符合收租属性。,CloseRule_v1,0,,,0.0,none,,0.15,
510050,大盘蓝筹/金融权重,S8_IVStyleRule_Close_v1,2026-02-27,2026-03-31,3.123,2.902,,0.0,0.0,0,0,ultra_low_iv_skip,ultra_low_iv_skip,0.12165766553878785,0.03968253968253968,low_iv,valid,1090.0,0.1619538190124928,-0.040296153473704965,1,,none,,0.5476848538720591,0.1209948751449585,26.0,,-0.07076528978546272,0.0,0.0,0.0,-0.07076528978546272,0.0,0,0.0,-0.0,-0.0,0.0,core_atm,ATM核心检验,RuleB_BroadBaseEnhanced,宽基增强版,1.0,0.0,0.5,0.75,1.0,RuleB_BroadBaseEnhanced_core_atm,False,broad_base,broad_base,大盘蓝筹宽基，固定ATM备兑有效，低IV不完全跳过更符合收租属性。,CloseRule_v1,0,,,0.0,none,,0.15,
510050,大盘蓝筹/金融权重,S8_IVStyleRule_Close_v1,2026-03-31,2026-04-22,2.902,3.005,2.9,0.0471,1.0,1,0,selected,high_iv_sell,0.16358273415565489,0.7182539682539683,high_iv,valid,1111.0,0.1558062747095585,0.007776459446096395,1,,close,10011104.SH,0.5273552310760742,0.156013095664978,22.0,-0.000689179875947743,0.035492763611302464,0.016230186078566505,0.036181943487250165,8.115093039283254e-06,0.015532891109579523,-0.01995987250172294,1,0.016230186078566505,-0.036181943487250165,-8.115093039283254e-06,-0.019959872501722944,core_atm,ATM核心检验,RuleB_BroadBaseEnhanced,宽基增强版,1.0,0.0,0.5,0.75,1.0,RuleB_BroadBaseEnhanced_core_atm,False,broad_base,broad_base,大盘蓝筹宽基，固定ATM备兑有效，低IV不完全跳过更符合收租属性。,CloseRule_v1,0,,,0.0,none,,0.15,
510050,大盘蓝筹/金融权重,S8_IVStyleRule_Close_v1,2026-04-30,2026-05-29,3.062,2.997,,0.0,0.0,0,0,ultra_low_iv_skip,ultra_low_iv_skip,0.12588951067924503,0.09523809523809523,low_iv,valid,1127.0,0.12957288383826854,-0.0036833731590235064,1,,none,,0.37738187022254854,0.12135249586105348,27.0,,-0.021227955584585224,0.0,0.0,0.0,-0.021227955584585224,0.0,0,0.0,-0.0,-0.0,0.0,core_atm,ATM核心检验,RuleB_BroadBaseEnhanced,宽基增强版,1.0,0.0,0.5,0.75,1.0,RuleB_BroadBaseEnhanced_core_atm,False,broad_base,broad_base,大盘蓝筹宽基，固定ATM备兑有效，低IV不完全跳过更符合收租属性。,CloseRule_v1,0,,,0.0,none,,0.15,
510050,大盘蓝筹/金融权重,S8_IVStyleRule_Close_v1,2026-05-29,2026-06-03,2.997,2.996,3.0,0.0498,1.0,1,0,selected,high_iv_sell,0.16189714851379394,0.7222222222222222,high_iv,valid,1144.0,0.14570994030060017,0.016187208213193777,1,,close,10010601.SH,0.5123164271005729,0.15410578517913814,26.0,0.0010010010010010895,-0.00033366700033363026,0.016616616616616616,0.0,8.308308308308309e-06,0.016274641307974676,0.016608308308308308,0,0.016616616616616616,-0.0,-8.308308308308309e-06,0.016608308308308308,core_atm,ATM核心检验,RuleB_BroadBaseEnhanced,宽基增强版,1.0,0.0,0.5,0.75,1.0,RuleB_BroadBaseEnhanced_core_atm,False,broad_base,broad_base,大盘蓝筹宽基，固定ATM备兑有效，低IV不完全跳过更符合收租属性。,CloseRule_v1,0,,,0.0,none,,0.15,
510300,A股核心宽基,S8_IVStyleRule_Close_v1,2021-01-29,2021-02-24,5.348,5.427,5.428,0.0937,1.0,1,0,selected,warmup_invalid_sell,0.22253650920391083,,warmup_invalid,warmup,19.0,0.23673657519019597,-0.014200065986285149,0,,close,10003069.SH,0.4214029309585293,0.2208115852832794,26.0,0.014958863126402377,0.014771877337322315,0.017520568436798806,0.0,8.760284218399401e-06,0.032283685489902715,0.0175118081525804,0,0.017520568436798806,-0.0,-8.760284218399401e-06,0.017511808152580407,core_atm,ATM核心检验,RuleB_BroadBaseEnhanced,宽基增强版,1.0,0.0,0.5,0.75,1.0,RuleB_BroadBaseEnhanced_core_atm,False,broad_base,broad_base,核心宽基，低IV也保留少量覆盖，增强长期权利金收取。,CloseRule_v1,0,,,0.0,none,,0.15,
510300,A股核心宽基,S8_IVStyleRule_Close_v1,2021-02-26,2021-03-24,5.329,4.933,5.25,0.18,1.0,1,0,selected,warmup_invalid_sell,0.24909580771923068,,warmup_invalid,warmup,33.0,0.27314092363375475,-0.024045115914524073,0,,close,10003164.SH,0.61489734483318,0.23509972496032716,26.0,-0.014824544942765971,-0.07431037718145993,0.03377744417339088,0.0,1.6888722086695438e-05,-0.04054982173015574,0.033760555451304186,0,0.03377744417339088,-0.0,-1.6888722086695438e-05,0.033760555451304186,core_atm,ATM核心检验,RuleB_BroadBaseEnhanced,宽基增强版,1.0,0.0,0.5,0.75,1.0,RuleB_BroadBaseEnhanced_core_atm,False,broad_base,broad_base,核心宽基，低IV也保留少量覆盖，增强长期权利金收取。,CloseRule_v1,0,,,0.0,none,,0.15,
510300,A股核心宽基,S8_IVStyleRule_Close_v1,2021-03-31,2021-04-28,5.05,5.127,5.0,0.1169,1.0,1,0,selected,warmup_invalid_sell,0.18514368712902068,,warmup_invalid,warmup,50.0,0.26464399437129416,-0.07950030724227347,0,,close,10003283.SH,0.6148300444324574,0.15316643476486203,28.0,-0.00990099009900991,0.01524752475247524,0.02314851485148515,0.025148514851485105,1.1574257425742575e-05,0.013235950495049541,-0.002011574257425699,1,0.02314851485148515,-0.025148514851485105,-1.1574257425742575e-05,-0.0020115742574256957,core_atm,ATM核心检验,RuleB_BroadBaseEnhanced,宽基增强版,1.0,0.0,0.5,0.75,1.0,RuleB_BroadBaseEnhanced_core_atm,False,broad_base,broad_base,核心宽基，低IV也保留少量覆盖，增强长期权利金收取。,CloseRule_v1,0,,,0.0,none,,0.15,
510300,A股核心宽基,S8_IVStyleRule_Close_v1,2021-04-30,2021-05-26,5.128,5.328,5.25,0.0455,1.0,1,0,selected,warmup_invalid_sell,0.1827786221265793,,warmup_invalid,warmup,70.0,0.15647740387072911,0.02630121825585019,0,,close,10003349.SH,0.3168185612255695,0.1659287260532379,26.0,0.02379095163806544,0.03900156006240253,0.008872854914196567,0.01521060842433703,4.436427457098284e-06,0.032659370124804965,-0.006342189937597567,1,0.008872854914196567,-0.01521060842433703,-4.436427457098284e-06,-0.006342189937597561,core_atm,ATM核心检验,RuleB_BroadBaseEnhanced,宽基增强版,1.0,0.0,0.5,0.75,1.0,RuleB_BroadBaseEnhanced_core_atm,False,broad_base,broad_base,核心宽基，低IV也保留少量覆盖，增强长期权利金收取。,CloseRule_v1,0,,,0.0,none,,0.15,
510300,A股核心宽基,S8_IVStyleRule_Close_v1,2021-05-31,2021-06-23,5.338,5.176,5.25,0.1727,1.0,1,0,selected,warmup_invalid_sell,0.21928573689460756,,warmup_invalid,warmup,87.0,0.18329065684815107,0.03599508004645649,0,,close,10003182.SH,0.634641037912185,0.22554409942626955,23.0,-0.016485575121768514,-0.030348445110528272,0.032352941176470584,0.0,1.6176470588235293e-05,0.001988319595354077,0.03233676470588235,0,0.032352941176470584,-0.0,-1.6176470588235293e-05,0.03233676470588235,core_atm,ATM核心检验,RuleB_BroadBaseEnhanced,宽基增强版,1.0,0.0,0.5,0.75,1.0,RuleB_BroadBaseEnhanced_core_atm,False,broad_base,broad_base,核心宽基，低IV也保留少量覆盖，增强长期权利金收取。,CloseRule_v1,0,,,0.0,none,,0.15,
510300,A股核心宽基,S8_IVStyleRule_Close_v1,2021-06-30,2021-07-28,5.256,4.819,5.25,0.104,1.0,1,0,selected,warmup_invalid_sell,0.16819008104801175,,warmup_invalid,warmup,102.0,0.12196479460091016,0.046225286447101596,0,,close,10003437.SH,0.5322805347954019,0.166939600610733,28.0,-0.0011415525114155667,-0.08314307458143079,0.0197869101978691,0.0,9.89345509893455e-06,-0.06336605783866062,0.019777016742770173,0,0.0197869101978691,-0.0,-9.89345509893455e-06,0.019777016742770166,core_atm,ATM核心检验,RuleB_BroadBaseEnhanced,宽基增强版,1.0,0.0,0.5,0.75,1.0,RuleB_BroadBaseEnhanced_core_atm,False,broad_base,broad_base,核心宽基，低IV也保留少量覆盖，增强长期权利金收取。,CloseRule_v1,0,,,0.0,none,,0.15,
510300,A股核心宽基,S8_IVStyleRule_Close_v1,2021-07-30,2021-08-25,4.872,4.971,4.9,0.069,1.0,1,0,selected,warmup_invalid_sell,0.1771985468864441,,warmup_invalid,warmup,123.0,0.2182846317874513,-0.04108608490100721,0,,close,10003481.SH,0.46582327001537654,0.15210310916900632,26.0,0.005747126436781658,0.020320197044335016,0.014162561576354682,0.014573070607553312,7.081280788177341e-06,0.019902606732348206,-0.0004175903119868103,1,0.014162561576354682,-0.014573070607553312,-7.081280788177341e-06,-0.0004175903119868077,core_atm,ATM核心检验,RuleB_BroadBaseEnhanced,宽基增强版,1.0,0.0,0.5,0.75,1.0,RuleB_BroadBaseEnhanced_core_atm,False,broad_base,broad_base,核心宽基，低IV也保留少量覆盖，增强长期权利金收取。,CloseRule_v1,0,,,0.0,none,,0.15,
510300,A股核心宽基,S8_IVStyleRule_Close_v1,2021-08-31,2021-09-22,4.879,4.895,4.9,0.0662,1.0,1,0,selected,warmup_invalid_sell,0.17998798847198488,,warmup_invalid,warmup,144.0,0.16671836240520452,0.013269626066780366,0,,close,10003224.SH,0.4748511371011951,0.15358604307174684,22.0,0.004304160688665792,0.003279360524697687,0.013568354170936667,0.0,6.784177085468334e-06,0.01684093051854889,0.013561569993851202,0,0.013568354170936667,-0.0,-6.784177085468334e-06,0.013561569993851198,core_atm,ATM核心检验,RuleB_BroadBaseEnhanced,宽基增强版,1.0,0.0,0.5,0.75,1.0,RuleB_BroadBaseEnhanced_core_atm,False,broad_base,broad_base,核心宽基，低IV也保留少量覆盖，增强长期权利金收取。,CloseRule_v1,0,,,0.0,none,,0.15,
510300,A股核心宽基,S8_IVStyleRule_Close_v1,2021-09-30,2021-10-27,4.935,4.97,4.9,0.121,1.0,1,0,selected,warmup_invalid_sell,0.19296127598285673,,warmup_invalid,warmup,158.0,0.13978462486083917,0.053176651122017554,0,,close,10003602.SH,0.5778104280511885,0.18464659433364866,27.0,-0.007092198581560183,0.007092198581560313,0.024518743667679838,0.014184397163120446,1.225937183383992e-05,0.017414285714285868,0.010322087132725555,1,0.024518743667679838,-0.014184397163120446,-1.225937183383992e-05,0.010322087132725552,core_atm,ATM核心检验,RuleB_BroadBaseEnhanced,宽基增强版,1.0,0.0,0.5,0.75,1.0,RuleB_BroadBaseEnhanced_core_atm,False,broad_base,broad_base,核心宽基，低IV也保留少量覆盖，增强长期权利金收取。,CloseRule_v1,0,,,0.0,none,,0.15,
510300,A股核心宽基,S8_IVStyleRule_Close_v1,2021-10-29,2021-11-24,4.981,4.997,5.0,0.0818,1.0,1,0,selected,warmup_invalid_sell,0.1671994716644287,,warmup_invalid,warmup,173.0,0.1227865152330623,0.04441295643136639,0,,close,10003646.SH,0.48720478933343303,0.16501321702003477,26.0,0.003814495081309044,0.003212206384260192,0.016422405139530215,0.0,8.211202569765107e-06,0.019626400321220643,0.01641419393696045,0,0.016422405139530215,-0.0,-8.211202569765107e-06,0.01641419393696045,core_atm,ATM核心检验,RuleB_BroadBaseEnhanced,宽基增强版,1.0,0.0,0.5,0.75,1.0,RuleB_BroadBaseEnhanced_core_atm,False,broad_base,broad_base,核心宽基，低IV也保留少量覆盖，增强长期权利金收取。,CloseRule_v1,0,,,0.0,none,,0.15,
510300,A股核心宽基,S8_IVStyleRule_Close_v1,2021-11-30,2021-12-22,4.911,4.982,4.9,0.0805,1.0,1,0,selected,warmup_invalid_sell,0.15107316150665281,,warmup_invalid,warmup,194.0,0.09867383366878772,0.05239932783786509,0,,close,10003393.SH,0.5447244660281719,0.14939472827911376,22.0,-0.0022398696803093143,0.01445734066381605,0.016391773569537773,0.016697210344125402,8.195886784768887e-06,0.01414370800244365,-0.000313632661372399,1,0.016391773569537773,-0.016697210344125402,-8.195886784768887e-06,-0.00031363266137239825,core_atm,ATM核心检验,RuleB_BroadBaseEnhanced,宽基增强版,1.0,0.0,0.5,0.75,1.0,RuleB_BroadBaseEnhanced_core_atm,False,broad_base,broad_base,核心宽基，低IV也保留少量覆盖，增强长期权利金收取。,CloseRule_v1,0,,,0.0,none,,0.15,
510300,A股核心宽基,S8_IVStyleRule_Close_v1,2021-12-31,2022-01-26,5.008,4.706,4.923,0.09,1.0,1,0,selected,warmup_invalid_sell,0.20510249929428104,,warmup_invalid,warmup,211.0,0.1391232690667621,0.06597923022751895,0,,close,10003731.SH,,,26.0,-0.016972843450479225,-0.06030351437699673,0.017971246006389777,0.0,8.985623003194887e-06,-0.04234125399361015,0.01796226038338658,0,0.017971246006389777,-0.0,-8.985623003194887e-06,0.017962260383386584,core_atm,ATM核心检验,RuleB_BroadBaseEnhanced,宽基增强版,1.0,0.0,0.5,0.75,1.0,RuleB_BroadBaseEnhanced_core_atm,False,broad_base,broad_base,核心宽基，低IV也保留少量覆盖，增强长期权利金收取。,CloseRule_v1,0,,,0.0,none,,0.15,
510300,A股核心宽基,S8_IVStyleRule_Close_v1,2022-01-28,2022-02-23,4.554,4.615,4.529,0.115,1.0,1,0,selected,warmup_invalid_sell,0.21701126914024355,,warmup_invalid,warmup,229.0,0.1685493507847156,0.04846191835552793,0,,close,10003859.SH,0.5614238853368747,0.20382460126876834,26.0,-0.005489679402722936,0.013394817742643816,0.025252525252525252,0.018884497145366774,1.2626262626262626e-05,0.01975021958717603,0.006355401844532213,1,0.025252525252525252,-0.018884497145366774,-1.2626262626262626e-05,0.006355401844532215,core_atm,ATM核心检验,RuleB_BroadBaseEnhanced,宽基增强版,1.0,0.0,0.5,0.75,1.0,RuleB_BroadBaseEnhanced_core_atm,False,broad_base,broad_base,核心宽基，低IV也保留少量覆盖，增强长期权利金收取。,CloseRule_v1,0,,,0.0,none,,0.15,
510300,A股核心宽基,S8_IVStyleRule_Close_v1,2022-02-28,2022-03-23,4.571,4.273,4.6,0.0603,1.0,1,0,selected,warmup_invalid_sell,0.16009593217372892,,warmup_invalid,warmup,245.0,0.1749543602607005,-0.014858428086971576,0,,close,10003933.SH,0.45607325165250107,0.15537891492843625,23.0,0.0063443447823232635,-0.06519361190111574,0.013191861737037848,0.0,6.595930868518924e-06,-0.05200834609494641,0.013185265806169327,0,0.013191861737037848,-0.0,-6.595930868518924e-06,0.013185265806169329,core_atm,ATM核心检验,RuleB_BroadBaseEnhanced,宽基增强版,1.0,0.0,0.5,0.75,1.0,RuleB_BroadBaseEnhanced_core_atm,False,broad_base,broad_base,核心宽基，低IV也保留少量覆盖，增强长期权利金收取。,CloseRule_v1,0,,,0.0,none,,0.15,
510300,A股核心宽基,S8_IVStyleRule_Close_v1,2022-03-31,2022-04-27,4.218,3.889,4.2,0.0935,1.0,1,0,selected,high_iv_sell,0.19333200945854187,0.753968253968254,high_iv,valid,262.0,0.3403862399469529,-0.14705423048841101,1,,close,10004053.SH,0.5570826554129238,0.17711271791458127,27.0,-0.004267425320056861,-0.07799905168326225,0.022166903745851115,0.0,1.1083451872925556e-05,-0.055843231389284056,0.022155820293978196,0,0.022166903745851115,-0.0,-1.1083451872925556e-05,0.02215582029397819,core_atm,ATM核心检验,RuleB_BroadBaseEnhanced,宽基增强版,1.0,0.0,0.5,0.75,1.0,RuleB_BroadBaseEnhanced_core_atm,False,broad_base,broad_base,核心宽基，低IV也保留少量覆盖，增强长期权利金收取。,CloseRule_v1,0,,,0.0,none,,0.15,
510300,A股核心宽基,S8_IVStyleRule_Close_v1,2022-04-29,2022-05-25,4.015,3.982,4.0,0.0968,1.0,1,0,selected,high_iv_sell,0.2125600832939148,0.876984126984127,high_iv,valid,280.0,0.28669440439264243,-0.07413432109872764,1,,close,10004182.SH,0.5488914132598781,0.2018457666397095,26.0,-0.0037359900373598043,-0.00821917808219165,0.02410958904109589,0.0,1.2054794520547945e-05,0.015878356164383694,0.024097534246575344,0,0.02410958904109589,-0.0,-1.2054794520547945e-05,0.024097534246575344,core_atm,ATM核心检验,RuleB_BroadBaseEnhanced,宽基增强版,1.0,0.0,0.5,0.75,1.0,RuleB_BroadBaseEnhanced_core_atm,False,broad_base,broad_base,核心宽基，低IV也保留少量覆盖，增强长期权利金收取。,CloseRule_v1,0,,,0.0,none,,0.15,
510300,A股核心宽基,S8_IVStyleRule_Close_v1,2022-05-31,2022-06-22,4.089,4.29,4.1,0.0725,1.0,1,0,selected,high_iv_sell,0.20515495033264158,0.8571428571428571,high_iv,valid,298.0,0.20284086905061052,0.0023140812820310608,1,,close,10004031.SH,0.4964492036887196,0.18837538633346557,22.0,0.0026901442895570504,0.049156272927366004,0.017730496453900707,0.04646612863780884,8.865248226950355e-06,0.02041177549523092,-0.028744497432135085,1,0.017730496453900707,-0.04646612863780884,-8.865248226950355e-06,-0.028744497432135085,core_atm,ATM核心检验,RuleB_BroadBaseEnhanced,宽基增强版,1.0,0.0,0.5,0.75,1.0,RuleB_BroadBaseEnhanced_core_atm,False,broad_base,broad_base,核心宽基，低IV也保留少量覆盖，增强长期权利金收取。,CloseRule_v1,0,,,0.0,none,,0.15,
510300,A股核心宽基,S8_IVStyleRule_Close_v1,2022-06-30,2022-07-27,4.508,4.276,4.5,0.108,1.0,1,0,selected,high_iv_sell,0.21471057586669923,0.8928571428571429,high_iv,valid,314.0,0.16326836941718947,0.05144220644950975,1,,close,10004319.SH,0.5343249503162638,0.20583204555511475,27.0,-0.0017746228926353025,-0.05146406388642418,0.023957409050576754,0.0,1.1978704525288375e-05,-0.027518633540372716,0.023945430346051465,0,0.023957409050576754,-0.0,-1.1978704525288375e-05,0.023945430346051465,core_atm,ATM核心检验,RuleB_BroadBaseEnhanced,宽基增强版,1.0,0.0,0.5,0.75,1.0,RuleB_BroadBaseEnhanced_core_atm,False,broad_base,broad_base,核心宽基，低IV也保留少量覆盖，增强长期权利金收取。,CloseRule_v1,0,,,0.0,none,,0.15,
510300,A股核心宽基,S8_IVStyleRule_Close_v1,2022-07-29,2022-08-24,4.22,4.145,4.2,0.0958,0.75,1,0,selected,normal_iv_sell,0.19577575101852418,0.6785714285714286,normal_iv,valid,334.0,0.124057355461502,0.07171839555702218,1,,close,10004362.SH,0.5598604883033341,0.18343068389892575,26.0,-0.004739336492890933,-0.017772511848341277,0.0170260663507109,0.0,8.51303317535545e-06,-0.0007549585308057316,0.017017553317535544,0,0.0170260663507109,-0.0,-8.51303317535545e-06,0.017017553317535544,core_atm,ATM核心检验,RuleB_BroadBaseEnhanced,宽基增强版,1.0,0.0,0.5,0.75,1.0,RuleB_BroadBaseEnhanced_core_atm,False,broad_base,broad_base,核心宽基，低IV也保留少量覆盖，增强长期权利金收取。,CloseRule_v1,0,,,0.0,none,,0.15,
510300,A股核心宽基,S8_IVStyleRule_Close_v1,2022-08-31,2022-09-28,4.141,3.893,4.1,0.1029,0.75,1,0,selected,normal_iv_sell,0.16938334217071535,0.3531746031746032,normal_iv,valid,351.0,0.1459838787645655,0.023399463406149845,1,,close,10004033.SH,0.6058549870167786,0.16917353801727297,28.0,-0.00990099009901002,-0.05988891572084043,0.018636802704660713,0.0,9.318401352330356e-06,-0.041261431417532045,0.018627484303308385,0,0.018636802704660713,-0.0,-9.318401352330356e-06,0.01862748430330838,core_atm,ATM核心检验,RuleB_BroadBaseEnhanced,宽基增强版,1.0,0.0,0.5,0.75,1.0,RuleB_BroadBaseEnhanced_core_atm,False,broad_base,broad_base,核心宽基，低IV也保留少量覆盖，增强长期权利金收取。,CloseRule_v1,0,,,0.0,none,,0.15,
510300,A股核心宽基,S8_IVStyleRule_Close_v1,2022-09-30,2022-10-26,3.868,3.716,3.9,0.0575,0.75,1,0,selected,normal_iv_sell,0.17088534917831422,0.3611111111111111,normal_iv,valid,371.0,0.13627774600929254,0.03460760316902167,1,,close,10004477.SH,0.44896109353471997,0.16923075733184817,26.0,0.008273009307135482,-0.039296794208893406,0.011149172699069287,0.0,5.574586349534644e-06,-0.028153196096173654,0.011143598112719751,0,0.011149172699069287,-0.0,-5.574586349534644e-06,0.011143598112719753,core_atm,ATM核心检验,RuleB_BroadBaseEnhanced,宽基增强版,1.0,0.0,0.5,0.75,1.0,RuleB_BroadBaseEnhanced_core_atm,False,broad_base,broad_base,核心宽基，低IV也保留少量覆盖，增强长期权利金收取。,CloseRule_v1,0,,,0.0,none,,0.15,
510300,A股核心宽基,S8_IVStyleRule_Close_v1,2022-10-31,2022-11-23,3.565,3.834,3.6,0.074,1.0,1,0,selected,high_iv_sell,0.24734465827941896,0.9761904761904762,high_iv,valid,387.0,0.20085078214293325,0.0464938761364857,1,,close,10004614.SH,0.45758479302343247,0.24659127063751224,23.0,0.009817671809256634,0.07545582047685838,0.020757363253856943,0.06563814866760168,1.037868162692847e-05,0.030564656381486727,-0.04489116409537165,1,0.020757363253856943,-0.06563814866760168,-1.037868162692847e-05,-0.04489116409537166,core_atm,ATM核心检验,RuleB_BroadBaseEnhanced,宽基增强版,1.0,0.0,0.5,0.75,1.0,RuleB_BroadBaseEnhanced_core_atm,False,broad_base,broad_base,核心宽基，低IV也保留少量覆盖，增强长期权利金收取。,CloseRule_v1,0,,,0.0,none,,0.15,
510300,A股核心宽基,S8_IVStyleRule_Close_v1,2022-11-30,2022-12-28,3.911,3.934,3.9,0.1015,1.0,1,0,selected,high_iv_sell,0.21338737921714784,0.8412698412698413,high_iv,valid,403.0,0.2200461448636649,-0.006658765646517045,1,,close,10004259.SH,0.5409412301800847,0.2151587938308716,28.0,-0.0028125799028382303,0.005880848887752526,0.02595244183073383,0.008693428790590707,1.2976220915366916e-05,0.02312688570698028,0.017246036819227754,1,0.02595244183073383,-0.008693428790590707,-1.2976220915366916e-05,0.017246036819227754,core_atm,ATM核心检验,RuleB_BroadBaseEnhanced,宽基增强版,1.0,0.0,0.5,0.75,1.0,RuleB_BroadBaseEnhanced_core_atm,False,broad_base,broad_base,核心宽基，低IV也保留少量覆盖，增强长期权利金收取。,CloseRule_v1,0,,,0.0,none,,0.15,
510300,A股核心宽基,S8_IVStyleRule_Close_v1,2022-12-30,2023-01-31,3.938,4.159,,0.0,0.0,0,0,ultra_low_iv_skip,ultra_low_iv_skip,0.15531215906143186,0.11507936507936507,low_iv,valid,420.0,0.12754677623215896,0.027765382829272905,1,,none,,0.5306935712700591,0.09153646469116208,31.0,,0.05611985779583536,0.0,0.0,0.0,0.05611985779583536,0.0,0,0.0,-0.0,-0.0,0.0,core_atm,ATM核心检验,RuleB_BroadBaseEnhanced,宽基增强版,1.0,0.0,0.5,0.75,1.0,RuleB_BroadBaseEnhanced_core_atm,False,broad_base,broad_base,核心宽基，低IV也保留少量覆盖，增强长期权利金收取。,CloseRule_v1,0,,,0.0,none,,0.15,
510300,A股核心宽基,S8_IVStyleRule_Close_v1,2023-01-31,2023-02-28,4.159,4.071,4.135,0.0857,0.5,1,0,selected,low_iv_sell,0.16381876382827756,0.2261904761904762,low_iv,valid,436.0,0.10710849459016553,0.05671026923811204,1,,close,10004964.SH,0.5736981927483744,0.1730978293418884,22.0,-0.005770617937004063,-0.021158932435681673,0.010302957441692715,0.0033181053137773505,6.810531377735032e-06,-0.014180890839144044,0.00697804159653763,0,0.010302957441692715,-0.0033181053137773505,-6.810531377735032e-06,0.00697804159653763,core_atm,ATM核心检验,RuleB_BroadBaseEnhanced,宽基增强版,1.0,0.0,0.5,0.75,1.0,RuleB_BroadBaseEnhanced_core_atm,False,broad_base,broad_base,核心宽基，低IV也保留少量覆盖，增强长期权利金收取。,CloseRule_v1,1,2023-02-15,0.0276,0.0033181053137773505,close,0.1388888888888889,0.15,15.0
510300,A股核心宽基,S8_IVStyleRule_Close_v1,2023-02-28,2023-03-31,4.071,4.05,4.1,0.0579,0.5,1,0,selected,low_iv_sell,0.1645483100891113,0.20238095238095238,low_iv,valid,455.0,0.1566701716497747,0.007878138439336602,1,,close,10005055.SH,0.4533103034316995,0.17322180452346797,22.0,0.007123556865634928,-0.005158437730287377,0.007111274871039058,0.0006018177352001966,3.856546303119627e-06,0.0013471628592483641,0.006505600589535741,0,0.007111274871039058,-0.0006018177352001966,-3.856546303119627e-06,0.006505600589535741,core_atm,ATM核心检验,RuleB_BroadBaseEnhanced,宽基增强版,1.0,0.0,0.5,0.75,1.0,RuleB_BroadBaseEnhanced_core_atm,False,broad_base,broad_base,核心宽基，低IV也保留少量覆盖，增强长期权利金收取。,CloseRule_v1,1,2023-03-15,0.0049,0.0006018177352001966,close,0.11507936507936507,0.15,15.0
510300,A股核心宽基,S8_IVStyleRule_Close_v1,2023-03-31,2023-04-28,4.05,4.025,,0.0,0.0,0,0,ultra_low_iv_skip,ultra_low_iv_skip,0.14617137355804444,0.01984126984126984,low_iv,valid,472.0,0.12430353115884465,0.021867842399199783,1,,none,,0.6425525083654524,0.1502816276550293,26.0,,-0.006172839506172708,0.0,0.0,0.0,-0.006172839506172708,0.0,0,0.0,-0.0,-0.0,0.0,core_atm,ATM核心检验,RuleB_BroadBaseEnhanced,宽基增强版,1.0,0.0,0.5,0.75,1.0,RuleB_BroadBaseEnhanced_core_atm,False,broad_base,broad_base,核心宽基，低IV也保留少量覆盖，增强长期权利金收取。,CloseRule_v1,0,,,0.0,none,,0.15,
510300,A股核心宽基,S8_IVStyleRule_Close_v1,2023-04-28,2023-05-31,4.025,3.802,,0.0,0.0,0,0,ultra_low_iv_skip,ultra_low_iv_skip,0.1331325222492218,0.011904761904761904,low_iv,valid,490.0,0.1267240212195704,0.006408501029651403,1,,none,,0.5912418351177686,0.13481810789108278,26.0,,-0.055403726708074606,0.0,0.0,0.0,-0.055403726708074606,0.0,0,0.0,-0.0,-0.0,0.0,core_atm,ATM核心检验,RuleB_BroadBaseEnhanced,宽基增强版,1.0,0.0,0.5,0.75,1.0,RuleB_BroadBaseEnhanced_core_atm,False,broad_base,broad_base,核心宽基，低IV也保留少量覆盖，增强长期权利金收取。,CloseRule_v1,0,,,0.0,none,,0.15,
510300,A股核心宽基,S8_IVStyleRule_Close_v1,2023-05-31,2023-06-30,3.802,3.882,,0.0,0.0,0,0,ultra_low_iv_skip,ultra_low_iv_skip,0.15161436085700988,0.14682539682539683,low_iv,valid,504.0,0.12273921582366287,0.02887514503334701,1,,none,,0.5272714298659288,0.16160628366470337,28.0,,0.021041557075223587,0.0,0.0,0.0,0.021041557075223587,0.0,0,0.0,-0.0,-0.0,0.0,core_atm,ATM核心检验,RuleB_BroadBaseEnhanced,宽基增强版,1.0,0.0,0.5,0.75,1.0,RuleB_BroadBaseEnhanced_core_atm,False,broad_base,broad_base,核心宽基，低IV也保留少量覆盖，增强长期权利金收取。,CloseRule_v1,0,,,0.0,none,,0.15,
510300,A股核心宽基,S8_IVStyleRule_Close_v1,2023-06-30,2023-07-31,3.882,4.084,,0.0,0.0,0,0,ultra_low_iv_skip,ultra_low_iv_skip,0.13473704719543456,0.023809523809523808,low_iv,valid,523.0,0.13154185309771999,0.003195194097714571,1,,none,,0.4742479405043637,0.14328179817199704,26.0,,0.052035033487892714,0.0,0.0,0.0,0.052035033487892714,0.0,0,0.0,-0.0,-0.0,0.0,core_atm,ATM核心检验,RuleB_BroadBaseEnhanced,宽基增强版,1.0,0.0,0.5,0.75,1.0,RuleB_BroadBaseEnhanced_core_atm,False,broad_base,broad_base,核心宽基，低IV也保留少量覆盖，增强长期权利金收取。,CloseRule_v1,0,,,0.0,none,,0.15,
510300,A股核心宽基,S8_IVStyleRule_Close_v1,2023-07-31,2023-08-23,4.084,3.768,4.1,0.0651,0.75,1,0,selected,normal_iv_sell,0.1621689402580261,0.38095238095238093,normal_iv,valid,543.0,0.1604944562264546,0.0016744840315714993,1,,close,10005667.SH,0.48411020199772875,0.17188191890716553,23.0,0.003917727717923647,-0.07737512242899115,0.011955190989226252,0.0,5.977595494613126e-06,-0.06542590903525952,0.01194921339373163,0,0.011955190989226252,-0.0,-5.977595494613126e-06,0.01194921339373164,core_atm,ATM核心检验,RuleB_BroadBaseEnhanced,宽基增强版,1.0,0.0,0.5,0.75,1.0,RuleB_BroadBaseEnhanced_core_atm,False,broad_base,broad_base,核心宽基，低IV也保留少量覆盖，增强长期权利金收取。,CloseRule_v1,0,,,0.0,none,,0.15,
510300,A股核心宽基,S8_IVStyleRule_Close_v1,2023-08-31,2023-09-27,3.839,3.778,3.8,0.0985,0.75,1,0,selected,normal_iv_sell,0.17027739396095276,0.5595238095238095,normal_iv,valid,560.0,0.1403912266637976,0.029886167297155153,1,,close,10005123.SH,0.6043560144614489,0.17885790700912474,27.0,-0.01015889554571503,-0.01588955457150298,0.019243292524094815,0.0,9.62164626204741e-06,0.003344116306329787,0.019233670877832766,0,0.019243292524094815,-0.0,-9.62164626204741e-06,0.019233670877832766,core_atm,ATM核心检验,RuleB_BroadBaseEnhanced,宽基增强版,1.0,0.0,0.5,0.75,1.0,RuleB_BroadBaseEnhanced_core_atm,False,broad_base,broad_base,核心宽基，低IV也保留少量覆盖，增强长期权利金收取。,CloseRule_v1,0,,,0.0,none,,0.15,
510300,A股核心宽基,S8_IVStyleRule_Close_v1,2023-09-28,2023-10-25,3.764,3.569,3.8,0.05,0.75,1,0,selected,normal_iv_sell,0.1528708016395569,0.32142857142857145,normal_iv,valid,579.0,0.12934540921163543,0.023525392427921482,1,,close,10005935.SH,0.4332953390201436,0.15620382671356203,27.0,0.009564293304994642,-0.05180658873538785,0.009962805526036133,0.0,4.981402763018067e-06,-0.04184876461211473,0.009957824123273118,0,0.009962805526036133,-0.0,-4.981402763018067e-06,0.009957824123273114,core_atm,ATM核心检验,RuleB_BroadBaseEnhanced,宽基增强版,1.0,0.0,0.5,0.75,1.0,RuleB_BroadBaseEnhanced_core_atm,False,broad_base,broad_base,核心宽基，低IV也保留少量覆盖，增强长期权利金收取。,CloseRule_v1,0,,,0.0,none,,0.15,
510300,A股核心宽基,S8_IVStyleRule_Close_v1,2023-10-31,2023-11-30,3.644,3.562,3.6,0.0818,0.5,1,0,selected,low_iv_sell,0.14852690200805663,0.25793650793650796,low_iv,valid,596.0,0.1310625143344134,0.017464387673643222,1,,close,10006045.SH,0.6459076344651061,0.15299477682113644,22.0,-0.01207464324917673,-0.022502744237102166,0.011223929747530186,0.000411635565312843,5.817782656421514e-06,-0.011696267837541246,0.01080647639956092,0,0.011223929747530186,-0.000411635565312843,-5.817782656421514e-06,0.01080647639956092,core_atm,ATM核心检验,RuleB_BroadBaseEnhanced,宽基增强版,1.0,0.0,0.5,0.75,1.0,RuleB_BroadBaseEnhanced_core_atm,False,broad_base,broad_base,核心宽基，低IV也保留少量覆盖，增强长期权利金收取。,CloseRule_v1,1,2023-11-22,0.003,0.000411635565312843,close,0.12698412698412698,0.15,22.0
510300,A股核心宽基,S8_IVStyleRule_Close_v1,2023-11-30,2023-12-29,3.562,3.499,,0.0,0.0,0,0,ultra_low_iv_skip,ultra_low_iv_skip,0.14009658966064453,0.14285714285714285,low_iv,valid,612.0,0.09908801232702603,0.0410085773336185,1,,none,,0.417944476497857,0.1477544412612915,27.0,,-0.017686692869174545,0.0,0.0,0.0,-0.017686692869174545,0.0,0,0.0,-0.0,-0.0,0.0,core_atm,ATM核心检验,RuleB_BroadBaseEnhanced,宽基增强版,1.0,0.0,0.5,0.75,1.0,RuleB_BroadBaseEnhanced_core_atm,False,broad_base,broad_base,核心宽基，低IV也保留少量覆盖，增强长期权利金收取。,CloseRule_v1,0,,,0.0,none,,0.15,
510300,A股核心宽基,S8_IVStyleRule_Close_v1,2023-12-29,2024-01-24,3.499,3.279,3.525,0.022,1.0,1,0,selected,high_iv_sell,0.18517587299346921,0.8373015873015873,high_iv,valid,632.0,0.14616126342843347,0.039014609565035746,1,,close,10006295.SH,0.3991619152364095,0.08398351516723632,26.0,0.007430694484138245,-0.06287510717347819,0.006287510717347813,0.0,3.1437553586739065e-06,-0.05659074021148905,0.006284366961989141,0,0.006287510717347813,-0.0,-3.1437553586739065e-06,0.006284366961989139,core_atm,ATM核心检验,RuleB_BroadBaseEnhanced,宽基增强版,1.0,0.0,0.5,0.75,1.0,RuleB_BroadBaseEnhanced_core_atm,False,broad_base,broad_base,核心宽基，低IV也保留少量覆盖，增强长期权利金收取。,CloseRule_v1,0,,,0.0,none,,0.15,
510300,A股核心宽基,S8_IVStyleRule_Close_v1,2024-01-31,2024-02-28,3.222,3.448,3.231,0.0615,1.0,1,0,selected,high_iv_sell,0.199981370639801,0.9603174603174603,high_iv,valid,648.0,0.17070397456523867,0.02927739607456234,1,,close,10006522.SH,0.4997082920730513,0.17827617731094358,28.0,0.0027932960893854997,0.07014276846679081,0.019087523277467412,0.06734947237740536,9.543761638733707e-06,0.02187127560521413,-0.04827149286157668,1,0.019087523277467412,-0.06734947237740536,-9.543761638733707e-06,-0.048271492861576684,core_atm,ATM核心检验,RuleB_BroadBaseEnhanced,宽基增强版,1.0,0.0,0.5,0.75,1.0,RuleB_BroadBaseEnhanced_core_atm,False,broad_base,broad_base,核心宽基，低IV也保留少量覆盖，增强长期权利金收取。,CloseRule_v1,0,,,0.0,none,,0.15,
510300,A股核心宽基,S8_IVStyleRule_Close_v1,2024-02-29,2024-03-27,3.503,3.493,3.5,0.0754,1.0,1,0,selected,high_iv_sell,0.18367386598587035,0.8809523809523809,high_iv,valid,663.0,0.18906319014399725,-0.005389324158126901,1,,close,10006676.SH,0.528417367068791,0.18766491317749023,27.0,-0.0008564087924636254,-0.002854695974878741,0.02152440765058521,0.0,1.0762203825292605e-05,0.018658949471881178,0.02151364544675992,0,0.02152440765058521,-0.0,-1.0762203825292605e-05,0.02151364544675992,core_atm,ATM核心检验,RuleB_BroadBaseEnhanced,宽基增强版,1.0,0.0,0.5,0.75,1.0,RuleB_BroadBaseEnhanced_core_atm,False,broad_base,broad_base,核心宽基，低IV也保留少量覆盖，增强长期权利金收取。,CloseRule_v1,0,,,0.0,none,,0.15,
510300,A股核心宽基,S8_IVStyleRule_Close_v1,2024-03-29,2024-04-30,3.526,3.598,3.5,0.0694,0.5,1,0,selected,low_iv_sell,0.1418441628932953,0.19047619047619047,low_iv,valid,683.0,0.0999527055082868,0.04189145738500849,1,,close,10006938.SH,0.6003822011403197,0.14035407657623294,26.0,-0.007373794668179223,0.02041973908111176,0.00984117980714691,0.0048071469086783895,7.324163357912649e-06,0.025446447816222368,0.005026708735110608,0,0.00984117980714691,-0.0048071469086783895,-7.324163357912649e-06,0.005026708735110608,core_atm,ATM核心检验,RuleB_BroadBaseEnhanced,宽基增强版,1.0,0.0,0.5,0.75,1.0,RuleB_BroadBaseEnhanced_core_atm,False,broad_base,broad_base,核心宽基，低IV也保留少量覆盖，增强长期权利金收取。,CloseRule_v1,1,2024-04-11,0.0339,0.0048071469086783895,close,0.1388888888888889,0.15,13.0
510300,A股核心宽基,S8_IVStyleRule_Close_v1,2024-04-30,2024-05-22,3.598,3.68,3.6,0.0525,0.5,1,0,selected,low_iv_sell,0.13978426756858825,0.15476190476190477,low_iv,valid,703.0,0.14906222744908312,-0.009277959880494874,1,,close,10007058.SH,0.5143788407033305,0.14569454593658449,22.0,0.0005558643690939391,0.022790439132851666,0.007295719844357977,0.011117287381878832,3.6478599221789886e-06,0.018965223735408633,-0.003825215397443033,1,0.007295719844357977,-0.011117287381878832,-3.6478599221789886e-06,-0.0038252153974430345,core_atm,ATM核心检验,RuleB_BroadBaseEnhanced,宽基增强版,1.0,0.0,0.5,0.75,1.0,RuleB_BroadBaseEnhanced_core_atm,False,broad_base,broad_base,核心宽基，低IV也保留少量覆盖，增强长期权利金收取。,CloseRule_v1,0,,,0.0,none,,0.15,
510300,A股核心宽基,S8_IVStyleRule_Close_v1,2024-05-31,2024-06-28,3.582,3.487,,0.0,0.0,0,0,ultra_low_iv_skip,ultra_low_iv_skip,0.13438419475555424,0.03968253968253968,low_iv,valid,718.0,0.11102542111823382,0.023358773637320418,1,,none,,0.4684848720551635,0.13790318260192874,26.0,,-0.026521496370742532,0.0,0.0,0.0,-0.026521496370742532,0.0,0,0.0,-0.0,-0.0,0.0,core_atm,ATM核心检验,RuleB_BroadBaseEnhanced,宽基增强版,1.0,0.0,0.5,0.75,1.0,RuleB_BroadBaseEnhanced_core_atm,False,broad_base,broad_base,核心宽基，低IV也保留少量覆盖，增强长期权利金收取。,CloseRule_v1,0,,,0.0,none,,0.15,
510300,A股核心宽基,S8_IVStyleRule_Close_v1,2024-06-28,2024-07-31,3.487,3.508,,0.0,0.0,0,0,ultra_low_iv_skip,ultra_low_iv_skip,0.1272341645717621,0.003968253968253968,low_iv,valid,736.0,0.06988130454969387,0.05735286002206823,1,,none,,0.47952068570760853,0.12617799139022828,26.0,,0.006022368798394008,0.0,0.0,0.0,0.006022368798394008,0.0,0,0.0,-0.0,-0.0,0.0,core_atm,ATM核心检验,RuleB_BroadBaseEnhanced,宽基增强版,1.0,0.0,0.5,0.75,1.0,RuleB_BroadBaseEnhanced_core_atm,False,broad_base,broad_base,核心宽基，低IV也保留少量覆盖，增强长期权利金收取。,CloseRule_v1,0,,,0.0,none,,0.15,
510300,A股核心宽基,S8_IVStyleRule_Close_v1,2024-07-31,2024-08-30,3.508,3.392,,0.0,0.0,0,0,ultra_low_iv_skip,ultra_low_iv_skip,0.13513758239746096,0.12301587301587301,low_iv,valid,753.0,0.14788063094765205,-0.012743048550191094,1,,none,,0.5480580480816227,0.13505175342559816,28.0,,-0.03306727480045613,0.0,0.0,0.0,-0.03306727480045613,0.0,0,0.0,-0.0,-0.0,0.0,core_atm,ATM核心检验,RuleB_BroadBaseEnhanced,宽基增强版,1.0,0.0,0.5,0.75,1.0,RuleB_BroadBaseEnhanced_core_atm,False,broad_base,broad_base,核心宽基，低IV也保留少量覆盖，增强长期权利金收取。,CloseRule_v1,0,,,0.0,none,,0.15,
510300,A股核心宽基,S8_IVStyleRule_Close_v1,2024-08-30,2024-09-30,3.392,4.233,,0.0,0.0,0,0,ultra_low_iv_skip,ultra_low_iv_skip,0.11688223690986635,0.015873015873015872,low_iv,valid,774.0,0.09192236355374991,0.024959873356116435,1,,none,,0.49389273166500897,0.11419531326293947,26.0,,0.24793632075471692,0.0,0.0,0.0,0.24793632075471692,0.0,0,0.0,-0.0,-0.0,0.0,core_atm,ATM核心检验,RuleB_BroadBaseEnhanced,宽基增强版,1.0,0.0,0.5,0.75,1.0,RuleB_BroadBaseEnhanced_core_atm,False,broad_base,broad_base,核心宽基，低IV也保留少量覆盖，增强长期权利金收取。,CloseRule_v1,0,,,0.0,none,,0.15,
510300,A股核心宽基,S8_IVStyleRule_Close_v1,2024-09-30,2024-10-23,4.233,4.055,4.2,0.2098,1.0,1,0,selected,high_iv_sell,0.44426016111373906,1.0,high_iv,valid,792.0,0.4482135386278731,-0.003953377514134049,1,,close,10007998.SH,0.5544413833386092,0.45058289537429813,23.0,-0.007795889440113224,-0.04205055516182375,0.04956295771320576,0.0,2.4781478856602884e-05,0.007487621072525408,0.04953817623434916,0,0.04956295771320576,-0.0,-2.4781478856602884e-05,0.04953817623434916,core_atm,ATM核心检验,RuleB_BroadBaseEnhanced,宽基增强版,1.0,0.0,0.5,0.75,1.0,RuleB_BroadBaseEnhanced_core_atm,False,broad_base,broad_base,核心宽基，低IV也保留少量覆盖，增强长期权利金收取。,CloseRule_v1,0,,,0.0,none,,0.15,
510300,A股核心宽基,S8_IVStyleRule_Close_v1,2024-10-31,2024-11-27,3.971,3.987,4.0,0.1137,1.0,1,0,selected,high_iv_sell,0.2900684131622314,0.9880952380952381,high_iv,valid,806.0,0.5870223667209804,-0.296953953558749,1,,close,10007967.SH,0.4862786025827924,0.2891242944717407,27.0,0.007302946361118057,0.0040292117854444755,0.02863258625031478,0.0,1.4316293125157391e-05,0.0326474817426341,0.028618269957189624,0,0.02863258625031478,-0.0,-1.4316293125157391e-05,0.028618269957189624,core_atm,ATM核心检验,RuleB_BroadBaseEnhanced,宽基增强版,1.0,0.0,0.5,0.75,1.0,RuleB_BroadBaseEnhanced_core_atm,False,broad_base,broad_base,核心宽基，低IV也保留少量覆盖，增强长期权利金收取。,CloseRule_v1,0,,,0.0,none,,0.15,
510300,A股核心宽基,S8_IVStyleRule_Close_v1,2024-11-29,2024-12-25,4.001,4.072,4.0,0.0888,1.0,1,0,selected,high_iv_sell,0.2099637568950653,0.8571428571428571,high_iv,valid,826.0,0.23891528081131302,-0.028951523916247723,1,,close,10007231.SH,0.5231441139172512,0.20068230724334718,26.0,-0.00024993751562119026,0.017745563609097657,0.02219445138715321,0.017995501124718837,1.1097225693576606e-05,0.021933416645838456,0.0041878530367408,1,0.02219445138715321,-0.017995501124718837,-1.1097225693576606e-05,0.004187853036740796,core_atm,ATM核心检验,RuleB_BroadBaseEnhanced,宽基增强版,1.0,0.0,0.5,0.75,1.0,RuleB_BroadBaseEnhanced_core_atm,False,broad_base,broad_base,核心宽基，低IV也保留少量覆盖，增强长期权利金收取。,CloseRule_v1,0,,,0.0,none,,0.15,
510300,A股核心宽基,S8_IVStyleRule_Close_v1,2024-12-31,2025-01-22,4.022,3.886,4.0,0.073,0.75,1,0,selected,normal_iv_sell,0.16908055663108826,0.6031746031746031,normal_iv,valid,847.0,0.13585955768373653,0.033220998947351726,1,,close,10008413.SH,0.5795900047401193,0.149308899307251,22.0,-0.005469915464942909,-0.033814022874191975,0.013612630532073592,0.0,6.8063152660367964e-06,-0.020208198657384418,0.013605824216807557,0,0.013612630532073592,-0.0,-6.8063152660367964e-06,0.013605824216807555,core_atm,ATM核心检验,RuleB_BroadBaseEnhanced,宽基增强版,1.0,0.0,0.5,0.75,1.0,RuleB_BroadBaseEnhanced_core_atm,False,broad_base,broad_base,核心宽基，低IV也保留少量覆盖，增强长期权利金收取。,CloseRule_v1,0,,,0.0,none,,0.15,
510300,A股核心宽基,S8_IVStyleRule_Close_v1,2025-01-27,2025-02-26,3.907,4.054,3.9,0.0731,0.75,1,0,selected,normal_iv_sell,0.1683843883037567,0.5515873015873016,normal_iv,valid,859.0,0.1716740046835166,-0.0032896163797598854,1,,close,10008593.SH,0.5406502936836379,0.14836954889297488,30.0,-0.0017916560020476702,0.037624776042999804,0.014032505758894292,0.029562324033785583,7.016252879447146e-06,0.02208794151522906,-0.015536834527770743,1,0.014032505758894292,-0.029562324033785583,-7.016252879447146e-06,-0.015536834527770738,core_atm,ATM核心检验,RuleB_BroadBaseEnhanced,宽基增强版,1.0,0.0,0.5,0.75,1.0,RuleB_BroadBaseEnhanced_core_atm,False,broad_base,broad_base,核心宽基，低IV也保留少量覆盖，增强长期权利金收取。,CloseRule_v1,0,,,0.0,none,,0.15,
510300,A股核心宽基,S8_IVStyleRule_Close_v1,2025-02-28,2025-03-31,3.994,3.984,4.0,0.0642,0.75,1,0,selected,normal_iv_sell,0.1601424228668213,0.503968253968254,normal_iv,valid,876.0,0.13546590642314055,0.02467651644368074,1,,close,10007969.SH,0.507300795785584,0.1513306484222412,26.0,0.001502253380070151,-0.002503755633450233,0.012055583375062592,0.0013332498748122182,6.694416624937405e-06,0.008211883450175202,0.010715639083625435,0,0.012055583375062592,-0.0013332498748122182,-6.694416624937405e-06,0.010715639083625435,core_atm,ATM核心检验,RuleB_BroadBaseEnhanced,宽基增强版,1.0,0.0,0.5,0.75,1.0,RuleB_BroadBaseEnhanced_core_atm,False,broad_base,broad_base,核心宽基，低IV也保留少量覆盖，增强长期权利金收取。,CloseRule_v1,1,2025-03-26,0.0071,0.0013332498748122182,close,0.12301587301587301,0.15,26.0
510300,A股核心宽基,S8_IVStyleRule_Close_v1,2025-03-31,2025-04-23,3.984,3.882,4.0,0.0489,0.75,1,0,selected,normal_iv_sell,0.14313398160934448,0.3253968253968254,normal_iv,valid,896.0,0.13394856442506334,0.009185417184281147,1,,close,10008952.SH,0.4746262733507406,0.13568116588592527,23.0,0.004016064257028162,-0.025602409638554185,0.009205572289156626,0.0,4.6027861445783125e-06,-0.016401440135542136,0.009200969503012048,0,0.009205572289156626,-0.0,-4.6027861445783125e-06,0.009200969503012048,core_atm,ATM核心检验,RuleB_BroadBaseEnhanced,宽基增强版,1.0,0.0,0.5,0.75,1.0,RuleB_BroadBaseEnhanced_core_atm,False,broad_base,broad_base,核心宽基，低IV也保留少量覆盖，增强长期权利金收取。,CloseRule_v1,0,,,0.0,none,,0.15,
510300,A股核心宽基,S8_IVStyleRule_Close_v1,2025-04-30,2025-05-28,3.866,3.942,3.9,0.0445,0.75,1,0,selected,normal_iv_sell,0.15393412723541258,0.5277777777777778,normal_iv,valid,912.0,0.2557874628571571,-0.1018533356217445,1,,close,10009072.SH,0.43010676694954664,0.13395504989624024,28.0,0.008794619762027889,0.019658561821003638,0.008632953957578893,0.008147956544231814,4.316476978789446e-06,0.020139242757371927,0.00048068093636828915,1,0.008632953957578893,-0.008147956544231814,-4.316476978789446e-06,0.00048068093636829024,core_atm,ATM核心检验,RuleB_BroadBaseEnhanced,宽基增强版,1.0,0.0,0.5,0.75,1.0,RuleB_BroadBaseEnhanced_core_atm,False,broad_base,broad_base,核心宽基，低IV也保留少量覆盖，增强长期权利金收取。,CloseRule_v1,0,,,0.0,none,,0.15,
510300,A股核心宽基,S8_IVStyleRule_Close_v1,2025-05-30,2025-06-30,3.959,3.982,3.912,0.0312,1.0,1,0,selected,high_iv_sell,0.2546973402023316,0.9285714285714286,high_iv,valid,930.0,0.09814754498290679,0.1565497952194248,1,,close,10008282.SH,,,26.0,-0.011871684768881119,0.005809547865622665,0.007880777974235918,0.0015660520333417528,4.723415003788836e-06,0.01211955039151304,0.006310002525890376,0,0.007880777974235918,-0.0015660520333417528,-4.723415003788836e-06,0.006310002525890376,core_atm,ATM核心检验,RuleB_BroadBaseEnhanced,宽基增强版,1.0,0.0,0.5,0.75,1.0,RuleB_BroadBaseEnhanced_core_atm,False,broad_base,broad_base,核心宽基，低IV也保留少量覆盖，增强长期权利金收取。,CloseRule_v1,1,2025-06-20,0.0062,0.0015660520333417528,close,0.06349206349206349,0.15,21.0
510300,A股核心宽基,S8_IVStyleRule_Close_v1,2025-06-30,2025-07-31,3.982,4.155,,0.0,0.0,0,0,ultra_low_iv_skip,ultra_low_iv_skip,0.13117991313934327,0.1349206349206349,low_iv,valid,949.0,0.1252068272047954,0.005973085934547873,1,,none,,0.46330043782569663,0.12068970546722413,23.0,,0.04344550477147163,0.0,0.0,0.0,0.04344550477147163,0.0,0,0.0,-0.0,-0.0,0.0,core_atm,ATM核心检验,RuleB_BroadBaseEnhanced,宽基增强版,1.0,0.0,0.5,0.75,1.0,RuleB_BroadBaseEnhanced_core_atm,False,broad_base,broad_base,核心宽基，低IV也保留少量覆盖，增强长期权利金收取。,CloseRule_v1,0,,,0.0,none,,0.15,
510300,A股核心宽基,S8_IVStyleRule_Close_v1,2025-07-31,2025-08-27,4.155,4.475,4.2,0.0485,0.75,1,0,selected,normal_iv_sell,0.1555541490793228,0.49206349206349204,normal_iv,valid,966.0,0.10223207316473175,0.05332207591459105,1,,close,10009533.SH,0.4151606891101004,0.14592819147109987,27.0,0.010830324909747224,0.07701564380264726,0.008754512635379063,0.04963898916967499,4.377256317689531e-06,0.036126790012033644,-0.04088885379061362,1,0.008754512635379063,-0.04963898916967499,-4.377256317689531e-06,-0.04088885379061362,core_atm,ATM核心检验,RuleB_BroadBaseEnhanced,宽基增强版,1.0,0.0,0.5,0.75,1.0,RuleB_BroadBaseEnhanced_core_atm,False,broad_base,broad_base,核心宽基，低IV也保留少量覆盖，增强长期权利金收取。,CloseRule_v1,0,,,0.0,none,,0.15,
510300,A股核心宽基,S8_IVStyleRule_Close_v1,2025-08-29,2025-09-24,4.601,4.663,4.6,0.1187,1.0,1,0,selected,high_iv_sell,0.2297830969810486,0.8531746031746031,high_iv,valid,986.0,0.14445089688450305,0.08533220009654555,1,,close,10009629.SH,0.5229403356133449,0.2347421042442322,26.0,-0.00021734405564011183,0.013475331449684911,0.025798739404477286,0.013692675505325063,1.2899369702238644e-05,0.025568495979134895,0.012093164529449984,1,0.025798739404477286,-0.013692675505325063,-1.2899369702238644e-05,0.012093164529449986,core_atm,ATM核心检验,RuleB_BroadBaseEnhanced,宽基增强版,1.0,0.0,0.5,0.75,1.0,RuleB_BroadBaseEnhanced_core_atm,False,broad_base,broad_base,核心宽基，低IV也保留少量覆盖，增强长期权利金收取。,CloseRule_v1,0,,,0.0,none,,0.15,
510300,A股核心宽基,S8_IVStyleRule_Close_v1,2025-09-30,2025-10-22,4.741,4.695,4.7,0.0962,0.75,1,0,selected,normal_iv_sell,0.15807775926589962,0.36904761904761907,normal_iv,valid,1007.0,0.18163163463685356,-0.023553875370953936,1,,close,10009913.SH,0.6114258122257121,0.1524178153991699,22.0,-0.008647964564437727,-0.0097025943893692,0.015218308373760809,0.0,7.609154186880405e-06,0.005508104830204728,0.015210699219573928,0,0.015218308373760809,-0.0,-7.609154186880405e-06,0.015210699219573928,core_atm,ATM核心检验,RuleB_BroadBaseEnhanced,宽基增强版,1.0,0.0,0.5,0.75,1.0,RuleB_BroadBaseEnhanced_core_atm,False,broad_base,broad_base,核心宽基，低IV也保留少量覆盖，增强长期权利金收取。,CloseRule_v1,0,,,0.0,none,,0.15,
510300,A股核心宽基,S8_IVStyleRule_Close_v1,2025-10-31,2025-11-28,4.756,4.635,4.8,0.063,0.75,1,0,selected,normal_iv_sell,0.16343253345489503,0.4166666666666667,normal_iv,valid,1022.0,0.19062397517622828,-0.027191441721333254,1,,close,10010088.SH,0.4349561314154653,0.15780119924545288,26.0,0.009251471825062918,-0.025441547518923555,0.009934819175777964,1.576955424726661e-05,4.975294365012616e-06,-0.01552747319175787,0.009914074327165685,0,0.009934819175777964,-1.576955424726661e-05,-4.975294365012616e-06,0.009914074327165685,core_atm,ATM核心检验,RuleB_BroadBaseEnhanced,宽基增强版,1.0,0.0,0.5,0.75,1.0,RuleB_BroadBaseEnhanced_core_atm,False,broad_base,broad_base,核心宽基，低IV也保留少量覆盖，增强长期权利金收取。,CloseRule_v1,1,2025-11-26,0.0001,1.576955424726661e-05,close,0.11904761904761904,0.15,26.0
510300,A股核心宽基,S8_IVStyleRule_Close_v1,2025-11-28,2025-12-31,4.635,4.753,,0.0,0.0,0,0,ultra_low_iv_skip,ultra_low_iv_skip,0.135797988653183,0.08333333333333333,low_iv,valid,1041.0,0.1390423378069492,-0.0032443491537662017,1,,none,,0.619101990965593,0.1173662169456482,26.0,,0.02545846817691485,0.0,0.0,0.0,0.02545846817691485,0.0,0,0.0,-0.0,-0.0,0.0,core_atm,ATM核心检验,RuleB_BroadBaseEnhanced,宽基增强版,1.0,0.0,0.5,0.75,1.0,RuleB_BroadBaseEnhanced_core_atm,False,broad_base,broad_base,核心宽基，低IV也保留少量覆盖，增强长期权利金收取。,CloseRule_v1,0,,,0.0,none,,0.15,
510300,A股核心宽基,S8_IVStyleRule_Close_v1,2025-12-31,2026-01-28,4.753,4.725,4.776,0.0269,1.0,1,0,selected,high_iv_sell,0.1918705327987671,0.7619047619047619,high_iv,valid,1058.0,0.10712432937145594,0.08474620342731115,1,,close,10010466.SH,0.4309102441163204,0.06495332479476928,28.0,0.004839049021670538,-0.00589101620029465,0.005659583420997265,0.0,2.8297917104986324e-06,-0.00023426257100788323,0.005656753629286766,0,0.005659583420997265,-0.0,-2.8297917104986324e-06,0.005656753629286766,core_atm,ATM核心检验,RuleB_BroadBaseEnhanced,宽基增强版,1.0,0.0,0.5,0.75,1.0,RuleB_BroadBaseEnhanced_core_atm,False,broad_base,broad_base,核心宽基，低IV也保留少量覆盖，增强长期权利金收取。,CloseRule_v1,0,,,0.0,none,,0.15,
510300,A股核心宽基,S8_IVStyleRule_Close_v1,2026-01-30,2026-02-27,4.711,4.725,4.7,0.0916,0.75,1,0,selected,normal_iv_sell,0.16068123807907103,0.39285714285714285,normal_iv,valid,1077.0,0.14958681874371485,0.011094419335356182,1,,close,10010889.SH,0.542831155270407,0.16470089492797851,26.0,-0.002334960730205893,0.002971768202080099,0.014582891105922308,0.006893440883039693,1.0738165994481001e-05,0.010650480258968233,0.007678712056888134,0,0.014582891105922308,-0.006893440883039693,-1.0738165994481001e-05,0.007678712056888134,core_atm,ATM核心检验,RuleB_BroadBaseEnhanced,宽基增强版,1.0,0.0,0.5,0.75,1.0,RuleB_BroadBaseEnhanced_core_atm,False,broad_base,broad_base,核心宽基，低IV也保留少量覆盖，增强长期权利金收取。,CloseRule_v1,1,2026-02-25,0.0433,0.006893440883039693,close,0.09126984126984126,0.15,26.0
510300,A股核心宽基,S8_IVStyleRule_Close_v1,2026-02-27,2026-03-31,4.725,4.463,,0.0,0.0,0,0,ultra_low_iv_skip,ultra_low_iv_skip,0.12388921880722048,0.015873015873015872,low_iv,valid,1090.0,0.15281503116807746,-0.02892581236085698,1,,none,,0.5894987691272888,0.1199267812728882,26.0,,-0.05544973544973536,0.0,0.0,0.0,-0.05544973544973536,0.0,0,0.0,-0.0,-0.0,0.0,core_atm,ATM核心检验,RuleB_BroadBaseEnhanced,宽基增强版,1.0,0.0,0.5,0.75,1.0,RuleB_BroadBaseEnhanced_core_atm,False,broad_base,broad_base,核心宽基，低IV也保留少量覆盖，增强长期权利金收取。,CloseRule_v1,0,,,0.0,none,,0.15,
510300,A股核心宽基,S8_IVStyleRule_Close_v1,2026-03-31,2026-04-22,4.463,4.811,4.5,0.052,1.0,1,0,selected,high_iv_sell,0.17635933027267456,0.7301587301587301,high_iv,valid,1111.0,0.1760037122881587,0.00035561798451586024,1,,close,10011122.SH,0.4323059940406345,0.15183608570098878,22.0,0.008290387631637808,0.0779744566435133,0.011651355590410037,0.0696840690118754,5.825677795205018e-06,0.019935917544252727,-0.05803853909926057,1,0.011651355590410037,-0.0696840690118754,-5.825677795205018e-06,-0.05803853909926057,core_atm,ATM核心检验,RuleB_BroadBaseEnhanced,宽基增强版,1.0,0.0,0.5,0.75,1.0,RuleB_BroadBaseEnhanced_core_atm,False,broad_base,broad_base,核心宽基，低IV也保留少量覆盖，增强长期权利金收取。,CloseRule_v1,0,,,0.0,none,,0.15,
510300,A股核心宽基,S8_IVStyleRule_Close_v1,2026-04-30,2026-05-29,4.824,4.923,,0.0,0.0,0,0,ultra_low_iv_skip,ultra_low_iv_skip,0.13514354274272922,0.0992063492063492,low_iv,valid,1127.0,0.1633638318533651,-0.02822028911063587,1,,none,,0.5823330511139214,0.12453532023429872,27.0,,0.020522388059701534,0.0,0.0,0.0,0.020522388059701534,0.0,0,0.0,-0.0,-0.0,0.0,core_atm,ATM核心检验,RuleB_BroadBaseEnhanced,宽基增强版,1.0,0.0,0.5,0.75,1.0,RuleB_BroadBaseEnhanced_core_atm,False,broad_base,broad_base,核心宽基，低IV也保留少量覆盖，增强长期权利金收取。,CloseRule_v1,0,,,0.0,none,,0.15,
510300,A股核心宽基,S8_IVStyleRule_Close_v1,2026-05-29,2026-06-03,4.923,4.965,4.9,0.0917,0.75,1,0,selected,normal_iv_sell,0.1732718714237213,0.6825396825396826,normal_iv,valid,1144.0,0.15276449576061607,0.020507375663105232,1,,close,10010927.SH,0.5703109111845883,0.14500314588546753,26.0,-0.004671947999187465,0.008531383302864069,0.013970140158439975,0.00990249847653862,6.985070079219988e-06,0.012592039914686206,0.004060656611822137,1,0.013970140158439975,-0.00990249847653862,-6.985070079219988e-06,0.004060656611822135,core_atm,ATM核心检验,RuleB_BroadBaseEnhanced,宽基增强版,1.0,0.0,0.5,0.75,1.0,RuleB_BroadBaseEnhanced_core_atm,False,broad_base,broad_base,核心宽基，低IV也保留少量覆盖，增强长期权利金收取。,CloseRule_v1,0,,,0.0,none,,0.15,
510500,中盘成长/均衡,S8_IVStyleRule_Close_v1,2021-01-29,2021-02-26,7.024,7.056,,0.0,0.0,0,0,data_invalid_skip,data_invalid_skip,,,data_invalid,,,,,0,,none,,,,,,0.004555808656036451,0.0,0.0,0.0,0.004555808656036451,0.0,0,0.0,-0.0,-0.0,0.0,otm5_check,OTM5稳健性检查,RuleD_HighIVOnly,高IV-only版,0.0,0.0,0.0,0.0,1.0,RuleD_HighIVOnly_otm5_check,False,growth_high_beta,growth_high_beta,中盘成长属性较强，采用高IV-only降低趋势行情中的截断成本。,CloseRule_v1,0,,,0.0,none,,0.7,
510500,中盘成长/均衡,S8_IVStyleRule_Close_v1,2021-02-26,2021-03-31,7.056,6.943,,0.0,0.0,0,0,data_invalid_skip,data_invalid_skip,,,data_invalid,,,,,0,,none,,,,,,-0.016014739229025004,0.0,0.0,0.0,-0.016014739229025004,0.0,0,0.0,-0.0,-0.0,0.0,otm5_check,OTM5稳健性检查,RuleD_HighIVOnly,高IV-only版,0.0,0.0,0.0,0.0,1.0,RuleD_HighIVOnly_otm5_check,False,growth_high_beta,growth_high_beta,中盘成长属性较强，采用高IV-only降低趋势行情中的截断成本。,CloseRule_v1,0,,,0.0,none,,0.7,
510500,中盘成长/均衡,S8_IVStyleRule_Close_v1,2021-03-31,2021-04-30,6.943,7.211,,0.0,0.0,0,0,data_invalid_skip,data_invalid_skip,,,data_invalid,,,,,0,,none,,,,,,0.03860002880599175,0.0,0.0,0.0,0.03860002880599175,0.0,0,0.0,-0.0,-0.0,0.0,otm5_check,OTM5稳健性检查,RuleD_HighIVOnly,高IV-only版,0.0,0.0,0.0,0.0,1.0,RuleD_HighIVOnly_otm5_check,False,growth_high_beta,growth_high_beta,中盘成长属性较强，采用高IV-only降低趋势行情中的截断成本。,CloseRule_v1,0,,,0.0,none,,0.7,
510500,中盘成长/均衡,S8_IVStyleRule_Close_v1,2021-04-30,2021-05-31,7.211,7.479,,0.0,0.0,0,0,data_invalid_skip,data_invalid_skip,,,data_invalid,,,,,0,,none,,,,,,0.03716544168631255,0.0,0.0,0.0,0.03716544168631255,0.0,0,0.0,-0.0,-0.0,0.0,otm5_check,OTM5稳健性检查,RuleD_HighIVOnly,高IV-only版,0.0,0.0,0.0,0.0,1.0,RuleD_HighIVOnly_otm5_check,False,growth_high_beta,growth_high_beta,中盘成长属性较强，采用高IV-only降低趋势行情中的截断成本。,CloseRule_v1,0,,,0.0,none,,0.7,
510500,中盘成长/均衡,S8_IVStyleRule_Close_v1,2021-05-31,2021-06-30,7.479,7.598,,0.0,0.0,0,0,data_invalid_skip,data_invalid_skip,,,data_invalid,,,,,0,,none,,,,,,0.01591121807728303,0.0,0.0,0.0,0.01591121807728303,0.0,0,0.0,-0.0,-0.0,0.0,otm5_check,OTM5稳健性检查,RuleD_HighIVOnly,高IV-only版,0.0,0.0,0.0,0.0,1.0,RuleD_HighIVOnly_otm5_check,False,growth_high_beta,growth_high_beta,中盘成长属性较强，采用高IV-only降低趋势行情中的截断成本。,CloseRule_v1,0,,,0.0,none,,0.7,
510500,中盘成长/均衡,S8_IVStyleRule_Close_v1,2021-06-30,2021-07-30,7.598,7.601,,0.0,0.0,0,0,data_invalid_skip,data_invalid_skip,,,data_invalid,,,,,0,,none,,,,,,0.00039484074756516367,0.0,0.0,0.0,0.00039484074756516367,0.0,0,0.0,-0.0,-0.0,0.0,otm5_check,OTM5稳健性检查,RuleD_HighIVOnly,高IV-only版,0.0,0.0,0.0,0.0,1.0,RuleD_HighIVOnly_otm5_check,False,growth_high_beta,growth_high_beta,中盘成长属性较强，采用高IV-only降低趋势行情中的截断成本。,CloseRule_v1,0,,,0.0,none,,0.7,
510500,中盘成长/均衡,S8_IVStyleRule_Close_v1,2021-07-30,2021-08-31,7.601,8.142,,0.0,0.0,0,0,data_invalid_skip,data_invalid_skip,,,data_invalid,,,,,0,,none,,,,,,0.07117484541507689,0.0,0.0,0.0,0.07117484541507689,0.0,0,0.0,-0.0,-0.0,0.0,otm5_check,OTM5稳健性检查,RuleD_HighIVOnly,高IV-only版,0.0,0.0,0.0,0.0,1.0,RuleD_HighIVOnly_otm5_check,False,growth_high_beta,growth_high_beta,中盘成长属性较强，采用高IV-only降低趋势行情中的截断成本。,CloseRule_v1,0,,,0.0,none,,0.7,
510500,中盘成长/均衡,S8_IVStyleRule_Close_v1,2021-08-31,2021-09-30,8.142,7.969,,0.0,0.0,0,0,data_invalid_skip,data_invalid_skip,,,data_invalid,,,,,0,,none,,,,,,-0.021247850650945612,0.0,0.0,0.0,-0.021247850650945612,0.0,0,0.0,-0.0,-0.0,0.0,otm5_check,OTM5稳健性检查,RuleD_HighIVOnly,高IV-only版,0.0,0.0,0.0,0.0,1.0,RuleD_HighIVOnly_otm5_check,False,growth_high_beta,growth_high_beta,中盘成长属性较强，采用高IV-only降低趋势行情中的截断成本。,CloseRule_v1,0,,,0.0,none,,0.7,
510500,中盘成长/均衡,S8_IVStyleRule_Close_v1,2021-09-30,2021-10-29,7.969,7.895,,0.0,0.0,0,0,data_invalid_skip,data_invalid_skip,,,data_invalid,,,,,0,,none,,,,,,-0.009285983184841352,0.0,0.0,0.0,-0.009285983184841352,0.0,0,0.0,-0.0,-0.0,0.0,otm5_check,OTM5稳健性检查,RuleD_HighIVOnly,高IV-only版,0.0,0.0,0.0,0.0,1.0,RuleD_HighIVOnly_otm5_check,False,growth_high_beta,growth_high_beta,中盘成长属性较强，采用高IV-only降低趋势行情中的截断成本。,CloseRule_v1,0,,,0.0,none,,0.7,
510500,中盘成长/均衡,S8_IVStyleRule_Close_v1,2021-10-29,2021-11-30,7.895,8.143,,0.0,0.0,0,0,data_invalid_skip,data_invalid_skip,,,data_invalid,,,,,0,,none,,,,,,0.0314122862571249,0.0,0.0,0.0,0.0314122862571249,0.0,0,0.0,-0.0,-0.0,0.0,otm5_check,OTM5稳健性检查,RuleD_HighIVOnly,高IV-only版,0.0,0.0,0.0,0.0,1.0,RuleD_HighIVOnly_otm5_check,False,growth_high_beta,growth_high_beta,中盘成长属性较强，采用高IV-only降低趋势行情中的截断成本。,CloseRule_v1,0,,,0.0,none,,0.7,
510500,中盘成长/均衡,S8_IVStyleRule_Close_v1,2021-11-30,2021-12-31,8.143,8.258,,0.0,0.0,0,0,data_invalid_skip,data_invalid_skip,,,data_invalid,,,,,0,,none,,,,,,0.01412255925334624,0.0,0.0,0.0,0.01412255925334624,0.0,0,0.0,-0.0,-0.0,0.0,otm5_check,OTM5稳健性检查,RuleD_HighIVOnly,高IV-only版,0.0,0.0,0.0,0.0,1.0,RuleD_HighIVOnly_otm5_check,False,growth_high_beta,growth_high_beta,中盘成长属性较强，采用高IV-only降低趋势行情中的截断成本。,CloseRule_v1,0,,,0.0,none,,0.7,
510500,中盘成长/均衡,S8_IVStyleRule_Close_v1,2021-12-31,2022-01-28,8.258,7.381,,0.0,0.0,0,0,data_invalid_skip,data_invalid_skip,,,data_invalid,,,,,0,,none,,,,,,-0.1062000484378783,0.0,0.0,0.0,-0.1062000484378783,0.0,0,0.0,-0.0,-0.0,0.0,otm5_check,OTM5稳健性检查,RuleD_HighIVOnly,高IV-only版,0.0,0.0,0.0,0.0,1.0,RuleD_HighIVOnly_otm5_check,False,growth_high_beta,growth_high_beta,中盘成长属性较强，采用高IV-only降低趋势行情中的截断成本。,CloseRule_v1,0,,,0.0,none,,0.7,
510500,中盘成长/均衡,S8_IVStyleRule_Close_v1,2022-01-28,2022-02-28,7.381,7.695,,0.0,0.0,0,0,data_invalid_skip,data_invalid_skip,,,data_invalid,,,,,0,,none,,,,,,0.042541661021541805,0.0,0.0,0.0,0.042541661021541805,0.0,0,0.0,-0.0,-0.0,0.0,otm5_check,OTM5稳健性检查,RuleD_HighIVOnly,高IV-only版,0.0,0.0,0.0,0.0,1.0,RuleD_HighIVOnly_otm5_check,False,growth_high_beta,growth_high_beta,中盘成长属性较强，采用高IV-only降低趋势行情中的截断成本。,CloseRule_v1,0,,,0.0,none,,0.7,
510500,中盘成长/均衡,S8_IVStyleRule_Close_v1,2022-02-28,2022-03-31,7.695,7.111,,0.0,0.0,0,0,data_invalid_skip,data_invalid_skip,,,data_invalid,,,,,0,,none,,,,,,-0.07589343729694613,0.0,0.0,0.0,-0.07589343729694613,0.0,0,0.0,-0.0,-0.0,0.0,otm5_check,OTM5稳健性检查,RuleD_HighIVOnly,高IV-only版,0.0,0.0,0.0,0.0,1.0,RuleD_HighIVOnly_otm5_check,False,growth_high_beta,growth_high_beta,中盘成长属性较强，采用高IV-only降低趋势行情中的截断成本。,CloseRule_v1,0,,,0.0,none,,0.7,
510500,中盘成长/均衡,S8_IVStyleRule_Close_v1,2022-03-31,2022-04-29,7.111,6.347,,0.0,0.0,0,0,data_invalid_skip,data_invalid_skip,,,data_invalid,,,,,0,,none,,,,,,-0.10743917873716768,0.0,0.0,0.0,-0.10743917873716768,0.0,0,0.0,-0.0,-0.0,0.0,otm5_check,OTM5稳健性检查,RuleD_HighIVOnly,高IV-only版,0.0,0.0,0.0,0.0,1.0,RuleD_HighIVOnly_otm5_check,False,growth_high_beta,growth_high_beta,中盘成长属性较强，采用高IV-only降低趋势行情中的截断成本。,CloseRule_v1,0,,,0.0,none,,0.7,
510500,中盘成长/均衡,S8_IVStyleRule_Close_v1,2022-04-29,2022-05-31,6.347,6.807,,0.0,0.0,0,0,data_invalid_skip,data_invalid_skip,,,data_invalid,,,,,0,,none,,,,,,0.07247518512683156,0.0,0.0,0.0,0.07247518512683156,0.0,0,0.0,-0.0,-0.0,0.0,otm5_check,OTM5稳健性检查,RuleD_HighIVOnly,高IV-only版,0.0,0.0,0.0,0.0,1.0,RuleD_HighIVOnly_otm5_check,False,growth_high_beta,growth_high_beta,中盘成长属性较强，采用高IV-only降低趋势行情中的截断成本。,CloseRule_v1,0,,,0.0,none,,0.7,
510500,中盘成长/均衡,S8_IVStyleRule_Close_v1,2022-05-31,2022-06-30,6.807,7.346,,0.0,0.0,0,0,data_invalid_skip,data_invalid_skip,,,data_invalid,,,,,0,,none,,,,,,0.07918319377111792,0.0,0.0,0.0,0.07918319377111792,0.0,0,0.0,-0.0,-0.0,0.0,otm5_check,OTM5稳健性检查,RuleD_HighIVOnly,高IV-only版,0.0,0.0,0.0,0.0,1.0,RuleD_HighIVOnly_otm5_check,False,growth_high_beta,growth_high_beta,中盘成长属性较强，采用高IV-only降低趋势行情中的截断成本。,CloseRule_v1,0,,,0.0,none,,0.7,
510500,中盘成长/均衡,S8_IVStyleRule_Close_v1,2022-06-30,2022-07-29,7.346,7.194,,0.0,0.0,0,0,data_invalid_skip,data_invalid_skip,,,data_invalid,,,,,0,,none,,,,,,-0.0206915328069698,0.0,0.0,0.0,-0.0206915328069698,0.0,0,0.0,-0.0,-0.0,0.0,otm5_check,OTM5稳健性检查,RuleD_HighIVOnly,高IV-only版,0.0,0.0,0.0,0.0,1.0,RuleD_HighIVOnly_otm5_check,False,growth_high_beta,growth_high_beta,中盘成长属性较强，采用高IV-only降低趋势行情中的截断成本。,CloseRule_v1,0,,,0.0,none,,0.7,
510500,中盘成长/均衡,S8_IVStyleRule_Close_v1,2022-07-29,2022-08-31,7.194,6.157,,0.0,0.0,0,0,data_invalid_skip,data_invalid_skip,,,data_invalid,,,,,0,,none,,,,,,-0.14414790102863495,0.0,0.0,0.0,-0.14414790102863495,0.0,0,0.0,-0.0,-0.0,0.0,otm5_check,OTM5稳健性检查,RuleD_HighIVOnly,高IV-only版,0.0,0.0,0.0,0.0,1.0,RuleD_HighIVOnly_otm5_check,False,growth_high_beta,growth_high_beta,中盘成长属性较强，采用高IV-only降低趋势行情中的截断成本。,CloseRule_v1,0,,,0.0,none,,0.7,
510500,中盘成长/均衡,S8_IVStyleRule_Close_v1,2022-08-31,2022-09-30,6.157,5.713,,0.0,0.0,0,0,data_invalid_skip,data_invalid_skip,,,data_invalid,,,,,0,,none,,,,,,-0.0721130420659412,0.0,0.0,0.0,-0.0721130420659412,0.0,0,0.0,-0.0,-0.0,0.0,otm5_check,OTM5稳健性检查,RuleD_HighIVOnly,高IV-only版,0.0,0.0,0.0,0.0,1.0,RuleD_HighIVOnly_otm5_check,False,growth_high_beta,growth_high_beta,中盘成长属性较强，采用高IV-only降低趋势行情中的截断成本。,CloseRule_v1,0,,,0.0,none,,0.7,
510500,中盘成长/均衡,S8_IVStyleRule_Close_v1,2022-09-30,2022-10-31,5.713,5.814,,0.0,0.0,0,0,warmup_invalid_skip,warmup_invalid_skip,0.20742584187984467,,warmup_invalid,warmup,10.0,0.19671641472558613,0.010709427154258544,0,,none,,,,,,0.017678977769998244,0.0,0.0,0.0,0.017678977769998244,0.0,0,0.0,-0.0,-0.0,0.0,otm5_check,OTM5稳健性检查,RuleD_HighIVOnly,高IV-only版,0.0,0.0,0.0,0.0,1.0,RuleD_HighIVOnly_otm5_check,False,growth_high_beta,growth_high_beta,中盘成长属性较强，采用高IV-only降低趋势行情中的截断成本。,CloseRule_v1,0,,,0.0,none,,0.7,
510500,中盘成长/均衡,S8_IVStyleRule_Close_v1,2022-10-31,2022-11-30,5.814,6.157,,0.0,0.0,0,0,warmup_invalid_skip,warmup_invalid_skip,0.2611368972301483,,warmup_invalid,warmup,26.0,0.23689824538561569,0.024238651844532638,0,,none,,,,,,0.05899552803577571,0.0,0.0,0.0,0.05899552803577571,0.0,0,0.0,-0.0,-0.0,0.0,otm5_check,OTM5稳健性检查,RuleD_HighIVOnly,高IV-only版,0.0,0.0,0.0,0.0,1.0,RuleD_HighIVOnly_otm5_check,False,growth_high_beta,growth_high_beta,中盘成长属性较强，采用高IV-only降低趋势行情中的截断成本。,CloseRule_v1,0,,,0.0,none,,0.7,
510500,中盘成长/均衡,S8_IVStyleRule_Close_v1,2022-11-30,2022-12-30,6.157,5.887,,0.0,0.0,0,0,warmup_invalid_skip,warmup_invalid_skip,0.18878784222602846,,warmup_invalid,warmup,42.0,0.13820738590713486,0.0505804563188936,0,,none,,,,,,-0.04385252558064,0.0,0.0,0.0,-0.04385252558064,0.0,0,0.0,-0.0,-0.0,0.0,otm5_check,OTM5稳健性检查,RuleD_HighIVOnly,高IV-only版,0.0,0.0,0.0,0.0,1.0,RuleD_HighIVOnly_otm5_check,False,growth_high_beta,growth_high_beta,中盘成长属性较强，采用高IV-only降低趋势行情中的截断成本。,CloseRule_v1,0,,,0.0,none,,0.7,
510500,中盘成长/均衡,S8_IVStyleRule_Close_v1,2022-12-30,2023-01-31,5.887,6.303,,0.0,0.0,0,0,warmup_invalid_skip,warmup_invalid_skip,0.14548831799030304,,warmup_invalid,warmup,59.0,0.11130644512770146,0.034181872862601576,0,,none,,,,,,0.07066417530151187,0.0,0.0,0.0,0.07066417530151187,0.0,0,0.0,-0.0,-0.0,0.0,otm5_check,OTM5稳健性检查,RuleD_HighIVOnly,高IV-only版,0.0,0.0,0.0,0.0,1.0,RuleD_HighIVOnly_otm5_check,False,growth_high_beta,growth_high_beta,中盘成长属性较强，采用高IV-only降低趋势行情中的截断成本。,CloseRule_v1,0,,,0.0,none,,0.7,
510500,中盘成长/均衡,S8_IVStyleRule_Close_v1,2023-01-31,2023-02-28,6.303,6.372,,0.0,0.0,0,0,warmup_invalid_skip,warmup_invalid_skip,0.15738635921478272,,warmup_invalid,warmup,75.0,0.07745572276597447,0.07993063644880825,0,,none,,,,,,0.010947168015230834,0.0,0.0,0.0,0.010947168015230834,0.0,0,0.0,-0.0,-0.0,0.0,otm5_check,OTM5稳健性检查,RuleD_HighIVOnly,高IV-only版,0.0,0.0,0.0,0.0,1.0,RuleD_HighIVOnly_otm5_check,False,growth_high_beta,growth_high_beta,中盘成长属性较强，采用高IV-only降低趋势行情中的截断成本。,CloseRule_v1,0,,,0.0,none,,0.7,
510500,中盘成长/均衡,S8_IVStyleRule_Close_v1,2023-02-28,2023-03-31,6.372,6.359,,0.0,0.0,0,0,warmup_invalid_skip,warmup_invalid_skip,0.15860703792572017,,warmup_invalid,warmup,94.0,0.12030767571706182,0.03829936220865836,0,,none,,,,,,-0.0020401757689893127,0.0,0.0,0.0,-0.0020401757689893127,0.0,0,0.0,-0.0,-0.0,0.0,otm5_check,OTM5稳健性检查,RuleD_HighIVOnly,高IV-only版,0.0,0.0,0.0,0.0,1.0,RuleD_HighIVOnly_otm5_check,False,growth_high_beta,growth_high_beta,中盘成长属性较强，采用高IV-only降低趋势行情中的截断成本。,CloseRule_v1,0,,,0.0,none,,0.7,
510500,中盘成长/均衡,S8_IVStyleRule_Close_v1,2023-03-31,2023-04-28,6.359,6.277,,0.0,0.0,0,0,warmup_invalid_skip,warmup_invalid_skip,0.1317997890472412,,warmup_invalid,warmup,111.0,0.11554247501062795,0.016257314036613263,0,,none,,,,,,-0.012895109293914114,0.0,0.0,0.0,-0.012895109293914114,0.0,0,0.0,-0.0,-0.0,0.0,otm5_check,OTM5稳健性检查,RuleD_HighIVOnly,高IV-only版,0.0,0.0,0.0,0.0,1.0,RuleD_HighIVOnly_otm5_check,False,growth_high_beta,growth_high_beta,中盘成长属性较强，采用高IV-only降低趋势行情中的截断成本。,CloseRule_v1,0,,,0.0,none,,0.7,
510500,中盘成长/均衡,S8_IVStyleRule_Close_v1,2023-04-28,2023-05-31,6.277,6.092,,0.0,0.0,0,0,warmup_invalid_skip,warmup_invalid_skip,0.12967552199363713,,warmup_invalid,warmup,129.0,0.13834894282779922,-0.008673420834162088,0,,none,,,,,,-0.029472678030906564,0.0,0.0,0.0,-0.029472678030906564,0.0,0,0.0,-0.0,-0.0,0.0,otm5_check,OTM5稳健性检查,RuleD_HighIVOnly,高IV-only版,0.0,0.0,0.0,0.0,1.0,RuleD_HighIVOnly_otm5_check,False,growth_high_beta,growth_high_beta,中盘成长属性较强，采用高IV-only降低趋势行情中的截断成本。,CloseRule_v1,0,,,0.0,none,,0.7,
510500,中盘成长/均衡,S8_IVStyleRule_Close_v1,2023-05-31,2023-06-30,6.092,6.095,,0.0,0.0,0,0,warmup_invalid_skip,warmup_invalid_skip,0.13763258292675018,,warmup_invalid,warmup,143.0,0.09812399663636037,0.03950858629038981,0,,none,,,,,,0.0004924491135916143,0.0,0.0,0.0,0.0004924491135916143,0.0,0,0.0,-0.0,-0.0,0.0,otm5_check,OTM5稳健性检查,RuleD_HighIVOnly,高IV-only版,0.0,0.0,0.0,0.0,1.0,RuleD_HighIVOnly_otm5_check,False,growth_high_beta,growth_high_beta,中盘成长属性较强，采用高IV-only降低趋势行情中的截断成本。,CloseRule_v1,0,,,0.0,none,,0.7,
510500,中盘成长/均衡,S8_IVStyleRule_Close_v1,2023-06-30,2023-07-31,6.095,6.196,,0.0,0.0,0,0,warmup_invalid_skip,warmup_invalid_skip,0.12816040222644806,,warmup_invalid,warmup,162.0,0.14307254054244076,-0.014912138315992696,0,,none,,,,,,0.016570959803117305,0.0,0.0,0.0,0.016570959803117305,0.0,0,0.0,-0.0,-0.0,0.0,otm5_check,OTM5稳健性检查,RuleD_HighIVOnly,高IV-only版,0.0,0.0,0.0,0.0,1.0,RuleD_HighIVOnly_otm5_check,False,growth_high_beta,growth_high_beta,中盘成长属性较强，采用高IV-only降低趋势行情中的截断成本。,CloseRule_v1,0,,,0.0,none,,0.7,
510500,中盘成长/均衡,S8_IVStyleRule_Close_v1,2023-07-31,2023-08-31,6.196,5.846,,0.0,0.0,0,0,warmup_invalid_skip,warmup_invalid_skip,0.14431055376529695,,warmup_invalid,warmup,182.0,0.12431790158557499,0.01999265217972196,0,,none,,,,,,-0.05648805681084565,0.0,0.0,0.0,-0.05648805681084565,0.0,0,0.0,-0.0,-0.0,0.0,otm5_check,OTM5稳健性检查,RuleD_HighIVOnly,高IV-only版,0.0,0.0,0.0,0.0,1.0,RuleD_HighIVOnly_otm5_check,False,growth_high_beta,growth_high_beta,中盘成长属性较强，采用高IV-only降低趋势行情中的截断成本。,CloseRule_v1,0,,,0.0,none,,0.7,
510500,中盘成长/均衡,S8_IVStyleRule_Close_v1,2023-08-31,2023-09-28,5.846,5.792,,0.0,0.0,0,0,warmup_invalid_skip,warmup_invalid_skip,0.1701903729200363,,warmup_invalid,warmup,199.0,0.16212997071510413,0.008060402204932177,0,,none,,,,,,-0.009237085186452321,0.0,0.0,0.0,-0.009237085186452321,0.0,0,0.0,-0.0,-0.0,0.0,otm5_check,OTM5稳健性检查,RuleD_HighIVOnly,高IV-only版,0.0,0.0,0.0,0.0,1.0,RuleD_HighIVOnly_otm5_check,False,growth_high_beta,growth_high_beta,中盘成长属性较强，采用高IV-only降低趋势行情中的截断成本。,CloseRule_v1,0,,,0.0,none,,0.7,
510500,中盘成长/均衡,S8_IVStyleRule_Close_v1,2023-09-28,2023-10-31,5.792,5.627,,0.0,0.0,0,0,warmup_invalid_skip,warmup_invalid_skip,0.1413113080263138,,warmup_invalid,warmup,218.0,0.12505591696838622,0.016255391057927587,0,,none,,,,,,-0.028487569060773488,0.0,0.0,0.0,-0.028487569060773488,0.0,0,0.0,-0.0,-0.0,0.0,otm5_check,OTM5稳健性检查,RuleD_HighIVOnly,高IV-only版,0.0,0.0,0.0,0.0,1.0,RuleD_HighIVOnly_otm5_check,False,growth_high_beta,growth_high_beta,中盘成长属性较强，采用高IV-only降低趋势行情中的截断成本。,CloseRule_v1,0,,,0.0,none,,0.7,
510500,中盘成长/均衡,S8_IVStyleRule_Close_v1,2023-10-31,2023-11-30,5.627,5.637,,0.0,0.0,0,0,warmup_invalid_skip,warmup_invalid_skip,0.1542273762226105,,warmup_invalid,warmup,235.0,0.15812807956242023,-0.0039007033398097135,0,,none,,,,,,0.0017771459036786542,0.0,0.0,0.0,0.0017771459036786542,0.0,0,0.0,-0.0,-0.0,0.0,otm5_check,OTM5稳健性检查,RuleD_HighIVOnly,高IV-only版,0.0,0.0,0.0,0.0,1.0,RuleD_HighIVOnly_otm5_check,False,growth_high_beta,growth_high_beta,中盘成长属性较强，采用高IV-only降低趋势行情中的截断成本。,CloseRule_v1,0,,,0.0,none,,0.7,
510500,中盘成长/均衡,S8_IVStyleRule_Close_v1,2023-11-30,2023-12-29,5.637,5.519,,0.0,0.0,0,0,warmup_invalid_skip,warmup_invalid_skip,0.14589481353759765,,warmup_invalid,warmup,251.0,0.11316584876222921,0.032728964775368435,0,,none,,,,,,-0.020933120454142175,0.0,0.0,0.0,-0.020933120454142175,0.0,0,0.0,-0.0,-0.0,0.0,otm5_check,OTM5稳健性检查,RuleD_HighIVOnly,高IV-only版,0.0,0.0,0.0,0.0,1.0,RuleD_HighIVOnly_otm5_check,False,growth_high_beta,growth_high_beta,中盘成长属性较强，采用高IV-only降低趋势行情中的截断成本。,CloseRule_v1,0,,,0.0,none,,0.7,
510500,中盘成长/均衡,S8_IVStyleRule_Close_v1,2023-12-29,2024-01-31,5.519,4.783,,0.0,0.0,0,0,normal_iv_skip,normal_iv_skip,0.14169992253780367,0.3333333333333333,normal_iv,valid,271.0,0.13198323197143783,0.009716690566365843,1,,none,,,,,,-0.13335749229932956,0.0,0.0,0.0,-0.13335749229932956,0.0,0,0.0,-0.0,-0.0,0.0,otm5_check,OTM5稳健性检查,RuleD_HighIVOnly,高IV-only版,0.0,0.0,0.0,0.0,1.0,RuleD_HighIVOnly_otm5_check,False,growth_high_beta,growth_high_beta,中盘成长属性较强，采用高IV-only降低趋势行情中的截断成本。,CloseRule_v1,0,,,0.0,none,,0.7,
510500,中盘成长/均衡,S8_IVStyleRule_Close_v1,2024-01-31,2024-02-28,4.783,5.259,5.0,0.0499,1.0,1,0,selected,high_iv_sell,0.288347065448761,0.996031746031746,high_iv,valid,287.0,0.27686349896077533,0.011483566487985652,1,,close,10006540.SH,0.2683399551036061,0.23766028928756716,28.0,0.04536901526238757,0.09951913025297929,0.010432782772318627,0.05415011499059175,5.216391386159314e-06,0.055796581643320006,-0.04372254860965928,1,0.010432782772318627,-0.05415011499059175,-5.216391386159314e-06,-0.04372254860965928,otm5_check,OTM5稳健性检查,RuleD_HighIVOnly,高IV-only版,0.0,0.0,0.0,0.0,1.0,RuleD_HighIVOnly_otm5_check,False,growth_high_beta,growth_high_beta,中盘成长属性较强，采用高IV-only降低趋势行情中的截断成本。,CloseRule_v1,0,,,0.0,none,,0.7,
510500,中盘成长/均衡,S8_IVStyleRule_Close_v1,2024-02-29,2024-03-27,5.431,5.236,5.75,0.0593,1.0,1,0,selected,high_iv_sell,0.28041503796577455,0.9682539682539683,high_iv,valid,302.0,0.4710808639034828,-0.19066582593770826,1,,close,10005804.SH,0.24740877810567707,0.28343574094772345,27.0,0.058736880869084906,-0.035904989872951626,0.010918799484441171,0.0,5.459399742220585e-06,-0.024991649788252676,0.01091334008469895,0,0.010918799484441171,-0.0,-5.459399742220585e-06,0.01091334008469895,otm5_check,OTM5稳健性检查,RuleD_HighIVOnly,高IV-only版,0.0,0.0,0.0,0.0,1.0,RuleD_HighIVOnly_otm5_check,False,growth_high_beta,growth_high_beta,中盘成长属性较强，采用高IV-only降低趋势行情中的截断成本。,CloseRule_v1,0,,,0.0,none,,0.7,
510500,中盘成长/均衡,S8_IVStyleRule_Close_v1,2024-03-29,2024-04-24,5.371,5.349,5.75,0.0164,1.0,1,0,selected,high_iv_sell,0.21098416800498962,0.8690476190476191,high_iv,valid,322.0,0.18479207215570184,0.026192095849287778,1,,close,10006957.SH,0.11668507165840108,0.2051835599899292,26.0,0.07056414075591122,-0.004096071495066141,0.0030534351145038168,0.0,1.5267175572519084e-06,-0.0010441630981195757,0.003051908396946565,0,0.0030534351145038168,-0.0,-1.5267175572519084e-06,0.003051908396946565,otm5_check,OTM5稳健性检查,RuleD_HighIVOnly,高IV-only版,0.0,0.0,0.0,0.0,1.0,RuleD_HighIVOnly_otm5_check,False,growth_high_beta,growth_high_beta,中盘成长属性较强，采用高IV-only降低趋势行情中的截断成本。,CloseRule_v1,0,,,0.0,none,,0.7,
510500,中盘成长/均衡,S8_IVStyleRule_Close_v1,2024-04-30,2024-05-31,5.529,5.335,,0.0,0.0,0,0,normal_iv_skip,normal_iv_skip,0.14629296460151675,0.42063492063492064,normal_iv,valid,342.0,0.2255458301980174,-0.07925286559650066,1,,none,,,,,,-0.035087719298245605,0.0,0.0,0.0,-0.035087719298245605,0.0,0,0.0,-0.0,-0.0,0.0,otm5_check,OTM5稳健性检查,RuleD_HighIVOnly,高IV-only版,0.0,0.0,0.0,0.0,1.0,RuleD_HighIVOnly_otm5_check,False,growth_high_beta,growth_high_beta,中盘成长属性较强，采用高IV-only降低趋势行情中的截断成本。,CloseRule_v1,0,,,0.0,none,,0.7,
510500,中盘成长/均衡,S8_IVStyleRule_Close_v1,2024-05-31,2024-06-28,5.335,4.996,,0.0,0.0,0,0,normal_iv_skip,normal_iv_skip,0.17233371307849882,0.6428571428571429,normal_iv,valid,357.0,0.13868213752543893,0.03365157555305989,1,,none,,,,,,-0.06354264292408614,0.0,0.0,0.0,-0.06354264292408614,0.0,0,0.0,-0.0,-0.0,0.0,otm5_check,OTM5稳健性检查,RuleD_HighIVOnly,高IV-only版,0.0,0.0,0.0,0.0,1.0,RuleD_HighIVOnly_otm5_check,False,growth_high_beta,growth_high_beta,中盘成长属性较强，采用高IV-only降低趋势行情中的截断成本。,CloseRule_v1,0,,,0.0,none,,0.7,
510500,中盘成长/均衡,S8_IVStyleRule_Close_v1,2024-06-28,2024-07-31,4.996,4.975,5.25,0.0211,1.0,1,0,selected,high_iv_sell,0.1873919293642044,0.7103174603174603,high_iv,valid,375.0,0.14712701737391598,0.04026491199028842,1,,close,10007372.SH,0.16693870281088385,0.18217185897827143,26.0,0.050840672538030374,-0.00420336269015228,0.00422337870296237,0.0019415532425940752,3.082465972778223e-06,-0.0019246196957567645,0.002278742994395516,0,0.00422337870296237,-0.0019415532425940752,-3.082465972778223e-06,0.002278742994395516,otm5_check,OTM5稳健性检查,RuleD_HighIVOnly,高IV-only版,0.0,0.0,0.0,0.0,1.0,RuleD_HighIVOnly_otm5_check,False,growth_high_beta,growth_high_beta,中盘成长属性较强，采用高IV-only降低趋势行情中的截断成本。,CloseRule_v1,1,2024-07-03,0.0097,0.0019415532425940752,close,0.6388888888888888,0.7,5.0
510500,中盘成长/均衡,S8_IVStyleRule_Close_v1,2024-07-31,2024-08-30,4.975,4.712,,0.0,0.0,0,0,normal_iv_skip,normal_iv_skip,0.1858219744205475,0.6785714285714286,normal_iv,valid,392.0,0.24462351992912224,-0.05880154550857475,1,,none,,,,,,-0.052864321608040186,0.0,0.0,0.0,-0.052864321608040186,0.0,0,0.0,-0.0,-0.0,0.0,otm5_check,OTM5稳健性检查,RuleD_HighIVOnly,高IV-only版,0.0,0.0,0.0,0.0,1.0,RuleD_HighIVOnly_otm5_check,False,growth_high_beta,growth_high_beta,中盘成长属性较强，采用高IV-only降低趋势行情中的截断成本。,CloseRule_v1,0,,,0.0,none,,0.7,
510500,中盘成长/均衡,S8_IVStyleRule_Close_v1,2024-08-30,2024-09-30,4.712,5.995,,0.0,0.0,0,0,normal_iv_skip,normal_iv_skip,0.16830690381526947,0.42857142857142855,normal_iv,valid,413.0,0.15684781902760062,0.011459084787668855,1,,none,,,,,,0.27228353140916817,0.0,0.0,0.0,0.27228353140916817,0.0,0,0.0,-0.0,-0.0,0.0,otm5_check,OTM5稳健性检查,RuleD_HighIVOnly,高IV-only版,0.0,0.0,0.0,0.0,1.0,RuleD_HighIVOnly_otm5_check,False,growth_high_beta,growth_high_beta,中盘成长属性较强，采用高IV-only降低趋势行情中的截断成本。,CloseRule_v1,0,,,0.0,none,,0.7,
510500,中盘成长/均衡,S8_IVStyleRule_Close_v1,2024-09-30,2024-10-23,5.995,5.869,6.25,0.2678,1.0,1,0,selected,high_iv_sell,0.553229577445984,1.0,high_iv,valid,431.0,0.4935269324311755,0.059702645014808486,1,,close,10008019.SH,0.4275931041414071,0.6185835712432861,23.0,0.042535446205171024,-0.021017514595496303,0.044670558798999165,0.0,2.233527939949958e-05,0.023630708924103364,0.04464822351959967,0,0.044670558798999165,-0.0,-2.233527939949958e-05,0.04464822351959966,otm5_check,OTM5稳健性检查,RuleD_HighIVOnly,高IV-only版,0.0,0.0,0.0,0.0,1.0,RuleD_HighIVOnly_otm5_check,False,growth_high_beta,growth_high_beta,中盘成长属性较强，采用高IV-only降低趋势行情中的截断成本。,CloseRule_v1,0,,,0.0,none,,0.7,
510500,中盘成长/均衡,S8_IVStyleRule_Close_v1,2024-10-31,2024-11-27,6.0,5.896,6.25,0.1217,1.0,1,0,selected,high_iv_sell,0.33240832180976865,0.9761904761904762,high_iv,valid,445.0,0.5785410110154781,-0.2461326892057094,1,,close,10008023.SH,0.3490363618923654,0.3338244998455048,27.0,0.04166666666666674,-0.01733333333333335,0.020283333333333334,0.0,1.0141666666666666e-05,0.002939858333333317,0.020273191666666666,0,0.020283333333333334,-0.0,-1.0141666666666666e-05,0.020273191666666666,otm5_check,OTM5稳健性检查,RuleD_HighIVOnly,高IV-only版,0.0,0.0,0.0,0.0,1.0,RuleD_HighIVOnly_otm5_check,False,growth_high_beta,growth_high_beta,中盘成长属性较强，采用高IV-only降低趋势行情中的截断成本。,CloseRule_v1,0,,,0.0,none,,0.7,
510500,中盘成长/均衡,S8_IVStyleRule_Close_v1,2024-11-29,2024-12-31,5.944,5.811,6.25,0.051,1.0,1,0,selected,high_iv_sell,0.25218684277534487,0.7936507936507936,high_iv,valid,465.0,0.2845207435614162,-0.032333900786071346,1,,close,10007322.SH,0.23462397458675383,0.24174193372726444,26.0,0.051480484522207215,-0.02237550471063257,0.008580080753701211,0.0007570659488559891,4.6685733512786e-06,-0.014557158479138629,0.007818346231493942,0,0.008580080753701211,-0.0007570659488559891,-4.6685733512786e-06,0.007818346231493942,otm5_check,OTM5稳健性检查,RuleD_HighIVOnly,高IV-only版,0.0,0.0,0.0,0.0,1.0,RuleD_HighIVOnly_otm5_check,False,growth_high_beta,growth_high_beta,中盘成长属性较强，采用高IV-only降低趋势行情中的截断成本。,CloseRule_v1,1,2024-12-20,0.0045,0.0007570659488559891,close,0.6865079365079365,0.7,21.0
510500,中盘成长/均衡,S8_IVStyleRule_Close_v1,2024-12-31,2025-01-27,5.811,5.585,6.149,0.021,1.0,1,0,selected,high_iv_sell,0.2788450830221176,0.873015873015873,high_iv,valid,486.0,0.18062039135047814,0.09822469167163944,1,,close,10008432.SH,0.14269112196941663,0.20608476419448857,22.0,0.058165548098433995,-0.03889175701256238,0.0036138358286009293,1.7208742040956806e-05,1.8155222853209432e-06,-0.03529694544828773,0.0035948115642746516,0,0.0036138358286009293,-1.7208742040956806e-05,-1.8155222853209432e-06,0.0035948115642746516,otm5_check,OTM5稳健性检查,RuleD_HighIVOnly,高IV-only版,0.0,0.0,0.0,0.0,1.0,RuleD_HighIVOnly_otm5_check,False,growth_high_beta,growth_high_beta,中盘成长属性较强，采用高IV-only降低趋势行情中的截断成本。,CloseRule_v1,1,2025-01-21,0.0001,1.7208742040956806e-05,close,0.6825396825396826,0.7,21.0
510500,中盘成长/均衡,S8_IVStyleRule_Close_v1,2025-01-27,2025-02-28,5.585,5.867,,0.0,0.0,0,0,normal_iv_skip,normal_iv_skip,0.23363467209339145,0.6468253968253969,normal_iv,valid,498.0,0.23417692270881138,-0.0005422506154199314,1,,none,,,,,,0.05049239033124441,0.0,0.0,0.0,0.05049239033124441,0.0,0,0.0,-0.0,-0.0,0.0,otm5_check,OTM5稳健性检查,RuleD_HighIVOnly,高IV-only版,0.0,0.0,0.0,0.0,1.0,RuleD_HighIVOnly_otm5_check,False,growth_high_beta,growth_high_beta,中盘成长属性较强，采用高IV-only降低趋势行情中的截断成本。,CloseRule_v1,0,,,0.0,none,,0.7,
510500,中盘成长/均衡,S8_IVStyleRule_Close_v1,2025-02-28,2025-03-31,5.867,5.854,,0.0,0.0,0,0,normal_iv_skip,normal_iv_skip,0.21568807249069216,0.5714285714285714,normal_iv,valid,515.0,0.20473672859686856,0.0109513438938236,1,,none,,,,,,-0.0022157831941366796,0.0,0.0,0.0,-0.0022157831941366796,0.0,0,0.0,-0.0,-0.0,0.0,otm5_check,OTM5稳健性检查,RuleD_HighIVOnly,高IV-only版,0.0,0.0,0.0,0.0,1.0,RuleD_HighIVOnly_otm5_check,False,growth_high_beta,growth_high_beta,中盘成长属性较强，采用高IV-only降低趋势行情中的截断成本。,CloseRule_v1,0,,,0.0,none,,0.7,
510500,中盘成长/均衡,S8_IVStyleRule_Close_v1,2025-03-31,2025-04-30,5.854,5.626,,0.0,0.0,0,0,low_iv_skip,low_iv_skip,0.1745950680732727,0.05952380952380952,low_iv,valid,535.0,0.12962151764025695,0.04497355043301576,1,,none,,,,,,-0.03894772804919709,0.0,0.0,0.0,-0.03894772804919709,0.0,0,0.0,-0.0,-0.0,0.0,otm5_check,OTM5稳健性检查,RuleD_HighIVOnly,高IV-only版,0.0,0.0,0.0,0.0,1.0,RuleD_HighIVOnly_otm5_check,False,growth_high_beta,growth_high_beta,中盘成长属性较强，采用高IV-only降低趋势行情中的截断成本。,CloseRule_v1,0,,,0.0,none,,0.7,
510500,中盘成长/均衡,S8_IVStyleRule_Close_v1,2025-04-30,2025-05-30,5.626,5.694,,0.0,0.0,0,0,normal_iv_skip,normal_iv_skip,0.20998998241424563,0.6031746031746031,normal_iv,valid,551.0,0.3758895948330453,-0.16589961241879966,1,,none,,,,,,0.012086740135087027,0.0,0.0,0.0,0.012086740135087027,0.0,0,0.0,-0.0,-0.0,0.0,otm5_check,OTM5稳健性检查,RuleD_HighIVOnly,高IV-only版,0.0,0.0,0.0,0.0,1.0,RuleD_HighIVOnly_otm5_check,False,growth_high_beta,growth_high_beta,中盘成长属性较强，采用高IV-only降低趋势行情中的截断成本。,CloseRule_v1,0,,,0.0,none,,0.7,
510500,中盘成长/均衡,S8_IVStyleRule_Close_v1,2025-05-30,2025-06-30,5.694,5.963,,0.0,0.0,0,0,low_iv_skip,low_iv_skip,0.15978718628883362,0.007936507936507936,low_iv,valid,569.0,0.12716725774258528,0.032619928546248345,1,,none,,,,,,0.04724271162627329,0.0,0.0,0.0,0.04724271162627329,0.0,0,0.0,-0.0,-0.0,0.0,otm5_check,OTM5稳健性检查,RuleD_HighIVOnly,高IV-only版,0.0,0.0,0.0,0.0,1.0,RuleD_HighIVOnly_otm5_check,False,growth_high_beta,growth_high_beta,中盘成长属性较强，采用高IV-only降低趋势行情中的截断成本。,CloseRule_v1,0,,,0.0,none,,0.7,
510500,中盘成长/均衡,S8_IVStyleRule_Close_v1,2025-06-30,2025-07-31,5.963,6.297,,0.0,0.0,0,0,low_iv_skip,low_iv_skip,0.1708686602115631,0.12698412698412698,low_iv,valid,588.0,0.12359197148696469,0.04727668872459842,1,,none,,,,,,0.056012074459164785,0.0,0.0,0.0,0.056012074459164785,0.0,0,0.0,-0.0,-0.0,0.0,otm5_check,OTM5稳健性检查,RuleD_HighIVOnly,高IV-only版,0.0,0.0,0.0,0.0,1.0,RuleD_HighIVOnly_otm5_check,False,growth_high_beta,growth_high_beta,中盘成长属性较强，采用高IV-only降低趋势行情中的截断成本。,CloseRule_v1,0,,,0.0,none,,0.7,
510500,中盘成长/均衡,S8_IVStyleRule_Close_v1,2025-07-31,2025-08-29,6.297,7.141,,0.0,0.0,0,0,low_iv_skip,low_iv_skip,0.17108561677932743,0.15873015873015872,low_iv,valid,605.0,0.11852395227264226,0.052561664506685174,1,,none,,,,,,0.1340320787676672,0.0,0.0,0.0,0.1340320787676672,0.0,0,0.0,-0.0,-0.0,0.0,otm5_check,OTM5稳健性检查,RuleD_HighIVOnly,高IV-only版,0.0,0.0,0.0,0.0,1.0,RuleD_HighIVOnly_otm5_check,False,growth_high_beta,growth_high_beta,中盘成长属性较强，采用高IV-only降低趋势行情中的截断成本。,CloseRule_v1,0,,,0.0,none,,0.7,
510500,中盘成长/均衡,S8_IVStyleRule_Close_v1,2025-08-29,2025-09-30,7.141,7.519,7.5,0.08,1.0,1,0,selected,high_iv_sell,0.2806057690143585,0.9166666666666666,high_iv,valid,625.0,0.16325069659521232,0.1173550724191462,1,,close,10009743.SH,0.265513468234702,0.2693931674957275,26.0,0.05027307099845957,0.05293376277832238,0.011202912757316903,0.0026606917798627644,6.9318022685898335e-06,0.06146905195350793,0.008535289175185548,0,0.011202912757316903,-0.0026606917798627644,-6.9318022685898335e-06,0.008535289175185548,otm5_check,OTM5稳健性检查,RuleD_HighIVOnly,高IV-only版,0.0,0.0,0.0,0.0,1.0,RuleD_HighIVOnly_otm5_check,False,growth_high_beta,growth_high_beta,中盘成长属性较强，采用高IV-only降低趋势行情中的截断成本。,CloseRule_v1,1,2025-09-08,0.019,0.0026606917798627644,close,0.6825396825396826,0.7,10.0
510500,中盘成长/均衡,S8_IVStyleRule_Close_v1,2025-09-30,2025-10-31,7.519,7.436,,0.0,0.0,0,0,normal_iv_skip,normal_iv_skip,0.19743511114120482,0.4642857142857143,normal_iv,valid,646.0,0.23869622120799858,-0.041261110066793755,1,,none,,,,,,-0.011038701955047239,0.0,0.0,0.0,-0.011038701955047239,0.0,0,0.0,-0.0,-0.0,0.0,otm5_check,OTM5稳健性检查,RuleD_HighIVOnly,高IV-only版,0.0,0.0,0.0,0.0,1.0,RuleD_HighIVOnly_otm5_check,False,growth_high_beta,growth_high_beta,中盘成长属性较强，采用高IV-only降低趋势行情中的截断成本。,CloseRule_v1,0,,,0.0,none,,0.7,
510500,中盘成长/均衡,S8_IVStyleRule_Close_v1,2025-10-31,2025-11-28,7.436,7.135,,0.0,0.0,0,0,normal_iv_skip,normal_iv_skip,0.20565919554233553,0.5079365079365079,normal_iv,valid,661.0,0.2456998254644229,-0.04004062992208737,1,,none,,,,,,-0.04047875201721358,0.0,0.0,0.0,-0.04047875201721358,0.0,0,0.0,-0.0,-0.0,0.0,otm5_check,OTM5稳健性检查,RuleD_HighIVOnly,高IV-only版,0.0,0.0,0.0,0.0,1.0,RuleD_HighIVOnly_otm5_check,False,growth_high_beta,growth_high_beta,中盘成长属性较强，采用高IV-only降低趋势行情中的截断成本。,CloseRule_v1,0,,,0.0,none,,0.7,
510500,中盘成长/均衡,S8_IVStyleRule_Close_v1,2025-11-28,2025-12-31,7.135,7.588,,0.0,0.0,0,0,low_iv_skip,low_iv_skip,0.1892074505329132,0.2857142857142857,low_iv,valid,680.0,0.19291815684097852,-0.0037107063080653035,1,,none,,,,,,0.06348983882270502,0.0,0.0,0.0,0.06348983882270502,0.0,0,0.0,-0.0,-0.0,0.0,otm5_check,OTM5稳健性检查,RuleD_HighIVOnly,高IV-only版,0.0,0.0,0.0,0.0,1.0,RuleD_HighIVOnly_otm5_check,False,growth_high_beta,growth_high_beta,中盘成长属性较强，采用高IV-only降低趋势行情中的截断成本。,CloseRule_v1,0,,,0.0,none,,0.7,
510500,中盘成长/均衡,S8_IVStyleRule_Close_v1,2025-12-31,2026-01-30,7.588,8.44,,0.0,0.0,0,0,normal_iv_skip,normal_iv_skip,0.19984309062957764,0.4722222222222222,normal_iv,valid,697.0,0.14077830974625338,0.05906478088332426,1,,none,,,,,,0.11228255139694246,0.0,0.0,0.0,0.11228255139694246,0.0,0,0.0,-0.0,-0.0,0.0,otm5_check,OTM5稳健性检查,RuleD_HighIVOnly,高IV-only版,0.0,0.0,0.0,0.0,1.0,RuleD_HighIVOnly_otm5_check,False,growth_high_beta,growth_high_beta,中盘成长属性较强，采用高IV-only降低趋势行情中的截断成本。,CloseRule_v1,0,,,0.0,none,,0.7,
510500,中盘成长/均衡,S8_IVStyleRule_Close_v1,2026-01-30,2026-02-27,8.44,8.737,8.933,0.0657,1.0,1,0,selected,high_iv_sell,0.23026588494777678,0.75,high_iv,valid,716.0,0.2313456859045625,-0.0010798009567857259,1,,close,10010751.SH,0.2124776540036284,0.24949515085220336,26.0,0.05841232227488158,0.03518957345971571,0.00778436018957346,0.003815165876777251,5.799763033175355e-06,0.03915296800947875,0.003963394549763033,0,0.00778436018957346,-0.003815165876777251,-5.799763033175355e-06,0.003963394549763033,otm5_check,OTM5稳健性检查,RuleD_HighIVOnly,高IV-only版,0.0,0.0,0.0,0.0,1.0,RuleD_HighIVOnly_otm5_check,False,growth_high_beta,growth_high_beta,中盘成长属性较强，采用高IV-only降低趋势行情中的截断成本。,CloseRule_v1,1,2026-02-04,0.0322,0.003815165876777251,close,0.6865079365079365,0.7,5.0
510500,中盘成长/均衡,S8_IVStyleRule_Close_v1,2026-02-27,2026-03-31,8.737,7.683,,0.0,0.0,0,0,normal_iv_skip,normal_iv_skip,0.20608714833259584,0.5555555555555556,normal_iv,valid,729.0,0.3106896960657871,-0.10460254773319128,1,,none,,,,,,-0.12063637404143301,0.0,0.0,0.0,-0.12063637404143301,0.0,0,0.0,-0.0,-0.0,0.0,otm5_check,OTM5稳健性检查,RuleD_HighIVOnly,高IV-only版,0.0,0.0,0.0,0.0,1.0,RuleD_HighIVOnly_otm5_check,False,growth_high_beta,growth_high_beta,中盘成长属性较强，采用高IV-only降低趋势行情中的截断成本。,CloseRule_v1,0,,,0.0,none,,0.7,
510500,中盘成长/均衡,S8_IVStyleRule_Close_v1,2026-03-31,2026-04-22,7.683,8.455,8.0,0.0681,1.0,1,0,selected,high_iv_sell,0.27971171722412114,0.9841269841269841,high_iv,valid,750.0,0.25530555058585447,0.02440616663826667,1,,close,10011141.SH,0.2595689752099024,0.2371310106277466,22.0,0.041259924508655565,0.10048158271508528,0.008863725107379929,0.05922165820642979,4.431862553689965e-06,0.05011921775348173,-0.050362364961603553,1,0.008863725107379929,-0.05922165820642979,-4.431862553689965e-06,-0.050362364961603553,otm5_check,OTM5稳健性检查,RuleD_HighIVOnly,高IV-only版,0.0,0.0,0.0,0.0,1.0,RuleD_HighIVOnly_otm5_check,False,growth_high_beta,growth_high_beta,中盘成长属性较强，采用高IV-only降低趋势行情中的截断成本。,CloseRule_v1,0,,,0.0,none,,0.7,
510500,中盘成长/均衡,S8_IVStyleRule_Close_v1,2026-04-30,2026-05-29,8.43,8.443,,0.0,0.0,0,0,normal_iv_skip,normal_iv_skip,0.2046983878850937,0.503968253968254,normal_iv,valid,766.0,0.243420719009505,-0.038722331124411286,1,,none,,,,,,0.001542111506524306,0.0,0.0,0.0,0.001542111506524306,0.0,0,0.0,-0.0,-0.0,0.0,otm5_check,OTM5稳健性检查,RuleD_HighIVOnly,高IV-only版,0.0,0.0,0.0,0.0,1.0,RuleD_HighIVOnly_otm5_check,False,growth_high_beta,growth_high_beta,中盘成长属性较强，采用高IV-only降低趋势行情中的截断成本。,CloseRule_v1,0,,,0.0,none,,0.7,
510500,中盘成长/均衡,S8_IVStyleRule_Close_v1,2026-05-29,2026-06-03,8.443,8.455,8.933,0.0564,1.0,1,0,selected,high_iv_sell,0.24991356709003448,0.876984126984127,high_iv,valid,783.0,0.2596232595039666,-0.009709692413932103,1,,close,10010755.SH,0.19788468051117386,0.23401732625961302,26.0,0.058036243041572844,0.0014212957479569413,0.0066800900153973705,0.0,3.3400450076986854e-06,0.008098045718346613,0.0066767499703896714,0,0.0066800900153973705,-0.0,-3.3400450076986854e-06,0.0066767499703896714,otm5_check,OTM5稳健性检查,RuleD_HighIVOnly,高IV-only版,0.0,0.0,0.0,0.0,1.0,RuleD_HighIVOnly_otm5_check,False,growth_high_beta,growth_high_beta,中盘成长属性较强，采用高IV-only降低趋势行情中的截断成本。,CloseRule_v1,0,,,0.0,none,,0.7,
588000,科创/硬科技,S8_IVStyleRule_Close_v1,2021-01-29,2021-02-26,1.467,1.368,,0.0,0.0,0,0,data_invalid_skip,data_invalid_skip,,,data_invalid,,,,,0,,none,,,,,,-0.0674846625766871,0.0,0.0,0.0,-0.0674846625766871,0.0,0,0.0,-0.0,-0.0,0.0,otm5_check,OTM5稳健性检查,RuleD_HighIVOnly,高IV-only版,0.0,0.0,0.0,0.0,1.0,RuleD_HighIVOnly_otm5_check,False,growth_high_beta,growth_high_beta,科创高弹性标的，上涨截断风险高，仅在高IV且更虚值时卖出。,CloseRule_v1,0,,,0.0,none,,0.7,
588000,科创/硬科技,S8_IVStyleRule_Close_v1,2021-02-26,2021-03-31,1.368,1.284,,0.0,0.0,0,0,data_invalid_skip,data_invalid_skip,,,data_invalid,,,,,0,,none,,,,,,-0.06140350877192988,0.0,0.0,0.0,-0.06140350877192988,0.0,0,0.0,-0.0,-0.0,0.0,otm5_check,OTM5稳健性检查,RuleD_HighIVOnly,高IV-only版,0.0,0.0,0.0,0.0,1.0,RuleD_HighIVOnly_otm5_check,False,growth_high_beta,growth_high_beta,科创高弹性标的，上涨截断风险高，仅在高IV且更虚值时卖出。,CloseRule_v1,0,,,0.0,none,,0.7,
588000,科创/硬科技,S8_IVStyleRule_Close_v1,2021-03-31,2021-04-30,1.284,1.364,,0.0,0.0,0,0,data_invalid_skip,data_invalid_skip,,,data_invalid,,,,,0,,none,,,,,,0.06230529595015582,0.0,0.0,0.0,0.06230529595015582,0.0,0,0.0,-0.0,-0.0,0.0,otm5_check,OTM5稳健性检查,RuleD_HighIVOnly,高IV-only版,0.0,0.0,0.0,0.0,1.0,RuleD_HighIVOnly_otm5_check,False,growth_high_beta,growth_high_beta,科创高弹性标的，上涨截断风险高，仅在高IV且更虚值时卖出。,CloseRule_v1,0,,,0.0,none,,0.7,
588000,科创/硬科技,S8_IVStyleRule_Close_v1,2021-04-30,2021-05-31,1.364,1.484,,0.0,0.0,0,0,data_invalid_skip,data_invalid_skip,,,data_invalid,,,,,0,,none,,,,,,0.08797653958944272,0.0,0.0,0.0,0.08797653958944272,0.0,0,0.0,-0.0,-0.0,0.0,otm5_check,OTM5稳健性检查,RuleD_HighIVOnly,高IV-only版,0.0,0.0,0.0,0.0,1.0,RuleD_HighIVOnly_otm5_check,False,growth_high_beta,growth_high_beta,科创高弹性标的，上涨截断风险高，仅在高IV且更虚值时卖出。,CloseRule_v1,0,,,0.0,none,,0.7,
588000,科创/硬科技,S8_IVStyleRule_Close_v1,2021-05-31,2021-06-30,1.484,1.648,,0.0,0.0,0,0,data_invalid_skip,data_invalid_skip,,,data_invalid,,,,,0,,none,,,,,,0.11051212938005386,0.0,0.0,0.0,0.11051212938005386,0.0,0,0.0,-0.0,-0.0,0.0,otm5_check,OTM5稳健性检查,RuleD_HighIVOnly,高IV-only版,0.0,0.0,0.0,0.0,1.0,RuleD_HighIVOnly_otm5_check,False,growth_high_beta,growth_high_beta,科创高弹性标的，上涨截断风险高，仅在高IV且更虚值时卖出。,CloseRule_v1,0,,,0.0,none,,0.7,
588000,科创/硬科技,S8_IVStyleRule_Close_v1,2021-06-30,2021-07-30,1.648,1.651,,0.0,0.0,0,0,data_invalid_skip,data_invalid_skip,,,data_invalid,,,,,0,,none,,,,,,0.0018203883495146321,0.0,0.0,0.0,0.0018203883495146321,0.0,0,0.0,-0.0,-0.0,0.0,otm5_check,OTM5稳健性检查,RuleD_HighIVOnly,高IV-only版,0.0,0.0,0.0,0.0,1.0,RuleD_HighIVOnly_otm5_check,False,growth_high_beta,growth_high_beta,科创高弹性标的，上涨截断风险高，仅在高IV且更虚值时卖出。,CloseRule_v1,0,,,0.0,none,,0.7,
588000,科创/硬科技,S8_IVStyleRule_Close_v1,2021-07-30,2021-08-31,1.651,1.491,,0.0,0.0,0,0,data_invalid_skip,data_invalid_skip,,,data_invalid,,,,,0,,none,,,,,,-0.09691096305269528,0.0,0.0,0.0,-0.09691096305269528,0.0,0,0.0,-0.0,-0.0,0.0,otm5_check,OTM5稳健性检查,RuleD_HighIVOnly,高IV-only版,0.0,0.0,0.0,0.0,1.0,RuleD_HighIVOnly_otm5_check,False,growth_high_beta,growth_high_beta,科创高弹性标的，上涨截断风险高，仅在高IV且更虚值时卖出。,CloseRule_v1,0,,,0.0,none,,0.7,
588000,科创/硬科技,S8_IVStyleRule_Close_v1,2021-08-31,2021-09-30,1.491,1.423,,0.0,0.0,0,0,data_invalid_skip,data_invalid_skip,,,data_invalid,,,,,0,,none,,,,,,-0.04560697518444001,0.0,0.0,0.0,-0.04560697518444001,0.0,0,0.0,-0.0,-0.0,0.0,otm5_check,OTM5稳健性检查,RuleD_HighIVOnly,高IV-only版,0.0,0.0,0.0,0.0,1.0,RuleD_HighIVOnly_otm5_check,False,growth_high_beta,growth_high_beta,科创高弹性标的，上涨截断风险高，仅在高IV且更虚值时卖出。,CloseRule_v1,0,,,0.0,none,,0.7,
588000,科创/硬科技,S8_IVStyleRule_Close_v1,2021-09-30,2021-10-29,1.423,1.45,,0.0,0.0,0,0,data_invalid_skip,data_invalid_skip,,,data_invalid,,,,,0,,none,,,,,,0.01897399859451856,0.0,0.0,0.0,0.01897399859451856,0.0,0,0.0,-0.0,-0.0,0.0,otm5_check,OTM5稳健性检查,RuleD_HighIVOnly,高IV-only版,0.0,0.0,0.0,0.0,1.0,RuleD_HighIVOnly_otm5_check,False,growth_high_beta,growth_high_beta,科创高弹性标的，上涨截断风险高，仅在高IV且更虚值时卖出。,CloseRule_v1,0,,,0.0,none,,0.7,
588000,科创/硬科技,S8_IVStyleRule_Close_v1,2021-10-29,2021-11-30,1.45,1.53,,0.0,0.0,0,0,data_invalid_skip,data_invalid_skip,,,data_invalid,,,,,0,,none,,,,,,0.055172413793103496,0.0,0.0,0.0,0.055172413793103496,0.0,0,0.0,-0.0,-0.0,0.0,otm5_check,OTM5稳健性检查,RuleD_HighIVOnly,高IV-only版,0.0,0.0,0.0,0.0,1.0,RuleD_HighIVOnly_otm5_check,False,growth_high_beta,growth_high_beta,科创高弹性标的，上涨截断风险高，仅在高IV且更虚值时卖出。,CloseRule_v1,0,,,0.0,none,,0.7,
588000,科创/硬科技,S8_IVStyleRule_Close_v1,2021-11-30,2021-12-31,1.53,1.452,,0.0,0.0,0,0,data_invalid_skip,data_invalid_skip,,,data_invalid,,,,,0,,none,,,,,,-0.050980392156862786,0.0,0.0,0.0,-0.050980392156862786,0.0,0,0.0,-0.0,-0.0,0.0,otm5_check,OTM5稳健性检查,RuleD_HighIVOnly,高IV-only版,0.0,0.0,0.0,0.0,1.0,RuleD_HighIVOnly_otm5_check,False,growth_high_beta,growth_high_beta,科创高弹性标的，上涨截断风险高，仅在高IV且更虚值时卖出。,CloseRule_v1,0,,,0.0,none,,0.7,
588000,科创/硬科技,S8_IVStyleRule_Close_v1,2021-12-31,2022-01-28,1.452,1.283,,0.0,0.0,0,0,data_invalid_skip,data_invalid_skip,,,data_invalid,,,,,0,,none,,,,,,-0.11639118457300278,0.0,0.0,0.0,-0.11639118457300278,0.0,0,0.0,-0.0,-0.0,0.0,otm5_check,OTM5稳健性检查,RuleD_HighIVOnly,高IV-only版,0.0,0.0,0.0,0.0,1.0,RuleD_HighIVOnly_otm5_check,False,growth_high_beta,growth_high_beta,科创高弹性标的，上涨截断风险高，仅在高IV且更虚值时卖出。,CloseRule_v1,0,,,0.0,none,,0.7,
588000,科创/硬科技,S8_IVStyleRule_Close_v1,2022-01-28,2022-02-28,1.283,1.297,,0.0,0.0,0,0,data_invalid_skip,data_invalid_skip,,,data_invalid,,,,,0,,none,,,,,,0.010911925175370237,0.0,0.0,0.0,0.010911925175370237,0.0,0,0.0,-0.0,-0.0,0.0,otm5_check,OTM5稳健性检查,RuleD_HighIVOnly,高IV-only版,0.0,0.0,0.0,0.0,1.0,RuleD_HighIVOnly_otm5_check,False,growth_high_beta,growth_high_beta,科创高弹性标的，上涨截断风险高，仅在高IV且更虚值时卖出。,CloseRule_v1,0,,,0.0,none,,0.7,
588000,科创/硬科技,S8_IVStyleRule_Close_v1,2022-02-28,2022-03-31,1.297,1.137,,0.0,0.0,0,0,data_invalid_skip,data_invalid_skip,,,data_invalid,,,,,0,,none,,,,,,-0.12336160370084806,0.0,0.0,0.0,-0.12336160370084806,0.0,0,0.0,-0.0,-0.0,0.0,otm5_check,OTM5稳健性检查,RuleD_HighIVOnly,高IV-only版,0.0,0.0,0.0,0.0,1.0,RuleD_HighIVOnly_otm5_check,False,growth_high_beta,growth_high_beta,科创高弹性标的，上涨截断风险高，仅在高IV且更虚值时卖出。,CloseRule_v1,0,,,0.0,none,,0.7,
588000,科创/硬科技,S8_IVStyleRule_Close_v1,2022-03-31,2022-04-29,1.137,0.986,,0.0,0.0,0,0,data_invalid_skip,data_invalid_skip,,,data_invalid,,,,,0,,none,,,,,,-0.13280562884784522,0.0,0.0,0.0,-0.13280562884784522,0.0,0,0.0,-0.0,-0.0,0.0,otm5_check,OTM5稳健性检查,RuleD_HighIVOnly,高IV-only版,0.0,0.0,0.0,0.0,1.0,RuleD_HighIVOnly_otm5_check,False,growth_high_beta,growth_high_beta,科创高弹性标的，上涨截断风险高，仅在高IV且更虚值时卖出。,CloseRule_v1,0,,,0.0,none,,0.7,
588000,科创/硬科技,S8_IVStyleRule_Close_v1,2022-04-29,2022-05-31,0.986,1.078,,0.0,0.0,0,0,data_invalid_skip,data_invalid_skip,,,data_invalid,,,,,0,,none,,,,,,0.09330628803245444,0.0,0.0,0.0,0.09330628803245444,0.0,0,0.0,-0.0,-0.0,0.0,otm5_check,OTM5稳健性检查,RuleD_HighIVOnly,高IV-only版,0.0,0.0,0.0,0.0,1.0,RuleD_HighIVOnly_otm5_check,False,growth_high_beta,growth_high_beta,科创高弹性标的，上涨截断风险高，仅在高IV且更虚值时卖出。,CloseRule_v1,0,,,0.0,none,,0.7,
588000,科创/硬科技,S8_IVStyleRule_Close_v1,2022-05-31,2022-06-30,1.078,1.155,,0.0,0.0,0,0,data_invalid_skip,data_invalid_skip,,,data_invalid,,,,,0,,none,,,,,,0.07142857142857138,0.0,0.0,0.0,0.07142857142857138,0.0,0,0.0,-0.0,-0.0,0.0,otm5_check,OTM5稳健性检查,RuleD_HighIVOnly,高IV-only版,0.0,0.0,0.0,0.0,1.0,RuleD_HighIVOnly_otm5_check,False,growth_high_beta,growth_high_beta,科创高弹性标的，上涨截断风险高，仅在高IV且更虚值时卖出。,CloseRule_v1,0,,,0.0,none,,0.7,
588000,科创/硬科技,S8_IVStyleRule_Close_v1,2022-06-30,2022-07-29,1.155,1.139,,0.0,0.0,0,0,data_invalid_skip,data_invalid_skip,,,data_invalid,,,,,0,,none,,,,,,-0.013852813852813865,0.0,0.0,0.0,-0.013852813852813865,0.0,0,0.0,-0.0,-0.0,0.0,otm5_check,OTM5稳健性检查,RuleD_HighIVOnly,高IV-only版,0.0,0.0,0.0,0.0,1.0,RuleD_HighIVOnly_otm5_check,False,growth_high_beta,growth_high_beta,科创高弹性标的，上涨截断风险高，仅在高IV且更虚值时卖出。,CloseRule_v1,0,,,0.0,none,,0.7,
588000,科创/硬科技,S8_IVStyleRule_Close_v1,2022-07-29,2022-08-31,1.139,1.077,,0.0,0.0,0,0,data_invalid_skip,data_invalid_skip,,,data_invalid,,,,,0,,none,,,,,,-0.05443371378402112,0.0,0.0,0.0,-0.05443371378402112,0.0,0,0.0,-0.0,-0.0,0.0,otm5_check,OTM5稳健性检查,RuleD_HighIVOnly,高IV-only版,0.0,0.0,0.0,0.0,1.0,RuleD_HighIVOnly_otm5_check,False,growth_high_beta,growth_high_beta,科创高弹性标的，上涨截断风险高，仅在高IV且更虚值时卖出。,CloseRule_v1,0,,,0.0,none,,0.7,
588000,科创/硬科技,S8_IVStyleRule_Close_v1,2022-08-31,2022-09-30,1.077,0.981,,0.0,0.0,0,0,data_invalid_skip,data_invalid_skip,,,data_invalid,,,,,0,,none,,,,,,-0.08913649025069637,0.0,0.0,0.0,-0.08913649025069637,0.0,0,0.0,-0.0,-0.0,0.0,otm5_check,OTM5稳健性检查,RuleD_HighIVOnly,高IV-only版,0.0,0.0,0.0,0.0,1.0,RuleD_HighIVOnly_otm5_check,False,growth_high_beta,growth_high_beta,科创高弹性标的，上涨截断风险高，仅在高IV且更虚值时卖出。,CloseRule_v1,0,,,0.0,none,,0.7,
588000,科创/硬科技,S8_IVStyleRule_Close_v1,2022-09-30,2022-10-31,0.981,1.06,,0.0,0.0,0,0,data_invalid_skip,data_invalid_skip,,,data_invalid,,,,,0,,none,,,,,,0.0805300713557595,0.0,0.0,0.0,0.0805300713557595,0.0,0,0.0,-0.0,-0.0,0.0,otm5_check,OTM5稳健性检查,RuleD_HighIVOnly,高IV-only版,0.0,0.0,0.0,0.0,1.0,RuleD_HighIVOnly_otm5_check,False,growth_high_beta,growth_high_beta,科创高弹性标的，上涨截断风险高，仅在高IV且更虚值时卖出。,CloseRule_v1,0,,,0.0,none,,0.7,
588000,科创/硬科技,S8_IVStyleRule_Close_v1,2022-10-31,2022-11-30,1.06,1.041,,0.0,0.0,0,0,data_invalid_skip,data_invalid_skip,,,data_invalid,,,,,0,,none,,,,,,-0.017924528301886913,0.0,0.0,0.0,-0.017924528301886913,0.0,0,0.0,-0.0,-0.0,0.0,otm5_check,OTM5稳健性检查,RuleD_HighIVOnly,高IV-only版,0.0,0.0,0.0,0.0,1.0,RuleD_HighIVOnly_otm5_check,False,growth_high_beta,growth_high_beta,科创高弹性标的，上涨截断风险高，仅在高IV且更虚值时卖出。,CloseRule_v1,0,,,0.0,none,,0.7,
588000,科创/硬科技,S8_IVStyleRule_Close_v1,2022-11-30,2022-12-30,1.041,1.003,,0.0,0.0,0,0,data_invalid_skip,data_invalid_skip,,,data_invalid,,,,,0,,none,,,,,,-0.03650336215177717,0.0,0.0,0.0,-0.03650336215177717,0.0,0,0.0,-0.0,-0.0,0.0,otm5_check,OTM5稳健性检查,RuleD_HighIVOnly,高IV-only版,0.0,0.0,0.0,0.0,1.0,RuleD_HighIVOnly_otm5_check,False,growth_high_beta,growth_high_beta,科创高弹性标的，上涨截断风险高，仅在高IV且更虚值时卖出。,CloseRule_v1,0,,,0.0,none,,0.7,
588000,科创/硬科技,S8_IVStyleRule_Close_v1,2022-12-30,2023-01-31,1.003,1.058,,0.0,0.0,0,0,data_invalid_skip,data_invalid_skip,,,data_invalid,,,,,0,,none,,,,,,0.05483549351944184,0.0,0.0,0.0,0.05483549351944184,0.0,0,0.0,-0.0,-0.0,0.0,otm5_check,OTM5稳健性检查,RuleD_HighIVOnly,高IV-only版,0.0,0.0,0.0,0.0,1.0,RuleD_HighIVOnly_otm5_check,False,growth_high_beta,growth_high_beta,科创高弹性标的，上涨截断风险高，仅在高IV且更虚值时卖出。,CloseRule_v1,0,,,0.0,none,,0.7,
588000,科创/硬科技,S8_IVStyleRule_Close_v1,2023-01-31,2023-02-28,1.058,1.033,,0.0,0.0,0,0,data_invalid_skip,data_invalid_skip,,,data_invalid,,,,,0,,none,,,,,,-0.0236294896030247,0.0,0.0,0.0,-0.0236294896030247,0.0,0,0.0,-0.0,-0.0,0.0,otm5_check,OTM5稳健性检查,RuleD_HighIVOnly,高IV-only版,0.0,0.0,0.0,0.0,1.0,RuleD_HighIVOnly_otm5_check,False,growth_high_beta,growth_high_beta,科创高弹性标的，上涨截断风险高，仅在高IV且更虚值时卖出。,CloseRule_v1,0,,,0.0,none,,0.7,
588000,科创/硬科技,S8_IVStyleRule_Close_v1,2023-02-28,2023-03-31,1.033,1.124,,0.0,0.0,0,0,data_invalid_skip,data_invalid_skip,,,data_invalid,,,,,0,,none,,,,,,0.08809293320425964,0.0,0.0,0.0,0.08809293320425964,0.0,0,0.0,-0.0,-0.0,0.0,otm5_check,OTM5稳健性检查,RuleD_HighIVOnly,高IV-only版,0.0,0.0,0.0,0.0,1.0,RuleD_HighIVOnly_otm5_check,False,growth_high_beta,growth_high_beta,科创高弹性标的，上涨截断风险高，仅在高IV且更虚值时卖出。,CloseRule_v1,0,,,0.0,none,,0.7,
588000,科创/硬科技,S8_IVStyleRule_Close_v1,2023-03-31,2023-04-28,1.124,1.133,,0.0,0.0,0,0,data_invalid_skip,data_invalid_skip,,,data_invalid,,,,,0,,none,,,,,,0.008007117437722328,0.0,0.0,0.0,0.008007117437722328,0.0,0,0.0,-0.0,-0.0,0.0,otm5_check,OTM5稳健性检查,RuleD_HighIVOnly,高IV-only版,0.0,0.0,0.0,0.0,1.0,RuleD_HighIVOnly_otm5_check,False,growth_high_beta,growth_high_beta,科创高弹性标的，上涨截断风险高，仅在高IV且更虚值时卖出。,CloseRule_v1,0,,,0.0,none,,0.7,
588000,科创/硬科技,S8_IVStyleRule_Close_v1,2023-04-28,2023-05-31,1.133,1.097,,0.0,0.0,0,0,data_invalid_skip,data_invalid_skip,,,data_invalid,,,,,0,,none,,,,,,-0.031774051191526945,0.0,0.0,0.0,-0.031774051191526945,0.0,0,0.0,-0.0,-0.0,0.0,otm5_check,OTM5稳健性检查,RuleD_HighIVOnly,高IV-only版,0.0,0.0,0.0,0.0,1.0,RuleD_HighIVOnly_otm5_check,False,growth_high_beta,growth_high_beta,科创高弹性标的，上涨截断风险高，仅在高IV且更虚值时卖出。,CloseRule_v1,0,,,0.0,none,,0.7,
588000,科创/硬科技,S8_IVStyleRule_Close_v1,2023-05-31,2023-06-30,1.097,1.052,,0.0,0.0,0,0,data_invalid_skip,data_invalid_skip,,,data_invalid,,,,,0,,none,,,,,,-0.04102096627164989,0.0,0.0,0.0,-0.04102096627164989,0.0,0,0.0,-0.0,-0.0,0.0,otm5_check,OTM5稳健性检查,RuleD_HighIVOnly,高IV-only版,0.0,0.0,0.0,0.0,1.0,RuleD_HighIVOnly_otm5_check,False,growth_high_beta,growth_high_beta,科创高弹性标的，上涨截断风险高，仅在高IV且更虚值时卖出。,CloseRule_v1,0,,,0.0,none,,0.7,
588000,科创/硬科技,S8_IVStyleRule_Close_v1,2023-06-30,2023-07-31,1.052,1.015,,0.0,0.0,0,0,warmup_invalid_skip,warmup_invalid_skip,0.21069568729400634,,warmup_invalid,warmup,17.0,0.19799502088270396,0.01270066641130238,0,,none,,,,,,-0.03517110266159709,0.0,0.0,0.0,-0.03517110266159709,0.0,0,0.0,-0.0,-0.0,0.0,otm5_check,OTM5稳健性检查,RuleD_HighIVOnly,高IV-only版,0.0,0.0,0.0,0.0,1.0,RuleD_HighIVOnly_otm5_check,False,growth_high_beta,growth_high_beta,科创高弹性标的，上涨截断风险高，仅在高IV且更虚值时卖出。,CloseRule_v1,0,,,0.0,none,,0.7,
588000,科创/硬科技,S8_IVStyleRule_Close_v1,2023-07-31,2023-08-31,1.015,0.987,,0.0,0.0,0,0,warmup_invalid_skip,warmup_invalid_skip,0.19844121742248538,,warmup_invalid,warmup,37.0,0.13131849075276922,0.06712272666971617,0,,none,,,,,,-0.02758620689655164,0.0,0.0,0.0,-0.02758620689655164,0.0,0,0.0,-0.0,-0.0,0.0,otm5_check,OTM5稳健性检查,RuleD_HighIVOnly,高IV-only版,0.0,0.0,0.0,0.0,1.0,RuleD_HighIVOnly_otm5_check,False,growth_high_beta,growth_high_beta,科创高弹性标的，上涨截断风险高，仅在高IV且更虚值时卖出。,CloseRule_v1,0,,,0.0,none,,0.7,
588000,科创/硬科技,S8_IVStyleRule_Close_v1,2023-08-31,2023-09-28,0.987,0.932,,0.0,0.0,0,0,warmup_invalid_skip,warmup_invalid_skip,0.27338898296356207,,warmup_invalid,warmup,54.0,0.27707861161518715,-0.0036896286516250876,0,,none,,,,,,-0.05572441742654503,0.0,0.0,0.0,-0.05572441742654503,0.0,0,0.0,-0.0,-0.0,0.0,otm5_check,OTM5稳健性检查,RuleD_HighIVOnly,高IV-only版,0.0,0.0,0.0,0.0,1.0,RuleD_HighIVOnly_otm5_check,False,growth_high_beta,growth_high_beta,科创高弹性标的，上涨截断风险高，仅在高IV且更虚值时卖出。,CloseRule_v1,0,,,0.0,none,,0.7,
588000,科创/硬科技,S8_IVStyleRule_Close_v1,2023-09-28,2023-10-31,0.932,0.917,,0.0,0.0,0,0,warmup_invalid_skip,warmup_invalid_skip,0.23876176109313965,,warmup_invalid,warmup,73.0,0.1994059078730275,0.03935585322011215,0,,none,,,,,,-0.016094420600858382,0.0,0.0,0.0,-0.016094420600858382,0.0,0,0.0,-0.0,-0.0,0.0,otm5_check,OTM5稳健性检查,RuleD_HighIVOnly,高IV-only版,0.0,0.0,0.0,0.0,1.0,RuleD_HighIVOnly_otm5_check,False,growth_high_beta,growth_high_beta,科创高弹性标的，上涨截断风险高，仅在高IV且更虚值时卖出。,CloseRule_v1,0,,,0.0,none,,0.7,
588000,科创/硬科技,S8_IVStyleRule_Close_v1,2023-10-31,2023-11-30,0.917,0.907,,0.0,0.0,0,0,warmup_invalid_skip,warmup_invalid_skip,0.18489931297302248,,warmup_invalid,warmup,90.0,0.1741772105070081,0.010722102466014377,0,,none,,,,,,-0.010905125408942212,0.0,0.0,0.0,-0.010905125408942212,0.0,0,0.0,-0.0,-0.0,0.0,otm5_check,OTM5稳健性检查,RuleD_HighIVOnly,高IV-only版,0.0,0.0,0.0,0.0,1.0,RuleD_HighIVOnly_otm5_check,False,growth_high_beta,growth_high_beta,科创高弹性标的，上涨截断风险高，仅在高IV且更虚值时卖出。,CloseRule_v1,0,,,0.0,none,,0.7,
588000,科创/硬科技,S8_IVStyleRule_Close_v1,2023-11-30,2023-12-29,0.907,0.897,,0.0,0.0,0,0,warmup_invalid_skip,warmup_invalid_skip,0.18266775970458982,,warmup_invalid,warmup,106.0,0.15039380755278783,0.03227395215180198,0,,none,,,,,,-0.011025358324145544,0.0,0.0,0.0,-0.011025358324145544,0.0,0,0.0,-0.0,-0.0,0.0,otm5_check,OTM5稳健性检查,RuleD_HighIVOnly,高IV-only版,0.0,0.0,0.0,0.0,1.0,RuleD_HighIVOnly_otm5_check,False,growth_high_beta,growth_high_beta,科创高弹性标的，上涨截断风险高，仅在高IV且更虚值时卖出。,CloseRule_v1,0,,,0.0,none,,0.7,
588000,科创/硬科技,S8_IVStyleRule_Close_v1,2023-12-29,2024-01-31,0.897,0.722,,0.0,0.0,0,0,warmup_invalid_skip,warmup_invalid_skip,0.2064900676727295,,warmup_invalid,warmup,126.0,0.18919837355912913,0.017291694113600375,0,,none,,,,,,-0.19509476031215167,0.0,0.0,0.0,-0.19509476031215167,0.0,0,0.0,-0.0,-0.0,0.0,otm5_check,OTM5稳健性检查,RuleD_HighIVOnly,高IV-only版,0.0,0.0,0.0,0.0,1.0,RuleD_HighIVOnly_otm5_check,False,growth_high_beta,growth_high_beta,科创高弹性标的，上涨截断风险高，仅在高IV且更虚值时卖出。,CloseRule_v1,0,,,0.0,none,,0.7,
588000,科创/硬科技,S8_IVStyleRule_Close_v1,2024-01-31,2024-02-29,0.722,0.847,,0.0,0.0,0,0,warmup_invalid_skip,warmup_invalid_skip,0.32255944728851316,,warmup_invalid,warmup,142.0,0.27562981579046875,0.04692963149804441,0,,none,,,,,,0.1731301939058172,0.0,0.0,0.0,0.1731301939058172,0.0,0,0.0,-0.0,-0.0,0.0,otm5_check,OTM5稳健性检查,RuleD_HighIVOnly,高IV-only版,0.0,0.0,0.0,0.0,1.0,RuleD_HighIVOnly_otm5_check,False,growth_high_beta,growth_high_beta,科创高弹性标的，上涨截断风险高，仅在高IV且更虚值时卖出。,CloseRule_v1,0,,,0.0,none,,0.7,
588000,科创/硬科技,S8_IVStyleRule_Close_v1,2024-02-29,2024-03-29,0.847,0.8,,0.0,0.0,0,0,warmup_invalid_skip,warmup_invalid_skip,0.33862853813171384,,warmup_invalid,warmup,157.0,0.43978441314808064,-0.1011558750163668,0,,none,,,,,,-0.055489964580873595,0.0,0.0,0.0,-0.055489964580873595,0.0,0,0.0,-0.0,-0.0,0.0,otm5_check,OTM5稳健性检查,RuleD_HighIVOnly,高IV-only版,0.0,0.0,0.0,0.0,1.0,RuleD_HighIVOnly_otm5_check,False,growth_high_beta,growth_high_beta,科创高弹性标的，上涨截断风险高，仅在高IV且更虚值时卖出。,CloseRule_v1,0,,,0.0,none,,0.7,
588000,科创/硬科技,S8_IVStyleRule_Close_v1,2024-03-29,2024-04-30,0.8,0.804,,0.0,0.0,0,0,warmup_invalid_skip,warmup_invalid_skip,0.2461049064636231,,warmup_invalid,warmup,177.0,0.20459608665455176,0.04150881980907134,0,,none,,,,,,0.0050000000000000044,0.0,0.0,0.0,0.0050000000000000044,0.0,0,0.0,-0.0,-0.0,0.0,otm5_check,OTM5稳健性检查,RuleD_HighIVOnly,高IV-only版,0.0,0.0,0.0,0.0,1.0,RuleD_HighIVOnly_otm5_check,False,growth_high_beta,growth_high_beta,科创高弹性标的，上涨截断风险高，仅在高IV且更虚值时卖出。,CloseRule_v1,0,,,0.0,none,,0.7,
588000,科创/硬科技,S8_IVStyleRule_Close_v1,2024-04-30,2024-05-31,0.804,0.778,,0.0,0.0,0,0,warmup_invalid_skip,warmup_invalid_skip,0.21830585613250733,,warmup_invalid,warmup,197.0,0.25429569583527617,-0.03598983970276884,0,,none,,,,,,-0.03233830845771147,0.0,0.0,0.0,-0.03233830845771147,0.0,0,0.0,-0.0,-0.0,0.0,otm5_check,OTM5稳健性检查,RuleD_HighIVOnly,高IV-only版,0.0,0.0,0.0,0.0,1.0,RuleD_HighIVOnly_otm5_check,False,growth_high_beta,growth_high_beta,科创高弹性标的，上涨截断风险高，仅在高IV且更虚值时卖出。,CloseRule_v1,0,,,0.0,none,,0.7,
588000,科创/硬科技,S8_IVStyleRule_Close_v1,2024-05-31,2024-06-28,0.778,0.745,,0.0,0.0,0,0,warmup_invalid_skip,warmup_invalid_skip,0.2224256467819214,,warmup_invalid,warmup,212.0,0.18247712501381186,0.039948521768109535,0,,none,,,,,,-0.04241645244215942,0.0,0.0,0.0,-0.04241645244215942,0.0,0,0.0,-0.0,-0.0,0.0,otm5_check,OTM5稳健性检查,RuleD_HighIVOnly,高IV-only版,0.0,0.0,0.0,0.0,1.0,RuleD_HighIVOnly_otm5_check,False,growth_high_beta,growth_high_beta,科创高弹性标的，上涨截断风险高，仅在高IV且更虚值时卖出。,CloseRule_v1,0,,,0.0,none,,0.7,
588000,科创/硬科技,S8_IVStyleRule_Close_v1,2024-06-28,2024-07-31,0.745,0.778,,0.0,0.0,0,0,warmup_invalid_skip,warmup_invalid_skip,0.23812281208038333,,warmup_invalid,warmup,230.0,0.20749136593182935,0.03063144614855398,0,,none,,,,,,0.04429530201342286,0.0,0.0,0.0,0.04429530201342286,0.0,0,0.0,-0.0,-0.0,0.0,otm5_check,OTM5稳健性检查,RuleD_HighIVOnly,高IV-only版,0.0,0.0,0.0,0.0,1.0,RuleD_HighIVOnly_otm5_check,False,growth_high_beta,growth_high_beta,科创高弹性标的，上涨截断风险高，仅在高IV且更虚值时卖出。,CloseRule_v1,0,,,0.0,none,,0.7,
588000,科创/硬科技,S8_IVStyleRule_Close_v1,2024-07-31,2024-08-30,0.778,0.728,,0.0,0.0,0,0,warmup_invalid_skip,warmup_invalid_skip,0.2563757734298706,,warmup_invalid,warmup,247.0,0.28841638495911315,-0.032040611529242535,0,,none,,,,,,-0.06426735218509003,0.0,0.0,0.0,-0.06426735218509003,0.0,0,0.0,-0.0,-0.0,0.0,otm5_check,OTM5稳健性检查,RuleD_HighIVOnly,高IV-only版,0.0,0.0,0.0,0.0,1.0,RuleD_HighIVOnly_otm5_check,False,growth_high_beta,growth_high_beta,科创高弹性标的，上涨截断风险高，仅在高IV且更虚值时卖出。,CloseRule_v1,0,,,0.0,none,,0.7,
588000,科创/硬科技,S8_IVStyleRule_Close_v1,2024-08-30,2024-09-30,0.728,0.95,,0.0,0.0,0,0,normal_iv_skip,normal_iv_skip,0.23085595912933352,0.5238095238095238,normal_iv,valid,268.0,0.18562073359724837,0.045235225532085144,1,,none,,,,,,0.3049450549450549,0.0,0.0,0.0,0.3049450549450549,0.0,0,0.0,-0.0,-0.0,0.0,otm5_check,OTM5稳健性检查,RuleD_HighIVOnly,高IV-only版,0.0,0.0,0.0,0.0,1.0,RuleD_HighIVOnly_otm5_check,False,growth_high_beta,growth_high_beta,科创高弹性标的，上涨截断风险高，仅在高IV且更虚值时卖出。,CloseRule_v1,0,,,0.0,none,,0.7,
588000,科创/硬科技,S8_IVStyleRule_Close_v1,2024-09-30,2024-10-23,0.95,1.032,1.0,0.1202,1.0,1,0,selected,high_iv_sell,1.0130344528198243,1.0,high_iv,valid,286.0,0.7988447715414135,0.21418968127841076,1,,close,10008031.SH,0.5200952124231769,1.4767969974517823,23.0,0.05263157894736836,0.08631578947368429,0.12652631578947368,0.03368421052631582,6.326315789473684e-05,0.17909463157894742,0.09277884210526313,1,0.12652631578947368,-0.03368421052631582,-6.326315789473684e-05,0.09277884210526313,otm5_check,OTM5稳健性检查,RuleD_HighIVOnly,高IV-only版,0.0,0.0,0.0,0.0,1.0,RuleD_HighIVOnly_otm5_check,False,growth_high_beta,growth_high_beta,科创高弹性标的，上涨截断风险高，仅在高IV且更虚值时卖出。,CloseRule_v1,0,,,0.0,none,,0.7,
588000,科创/硬科技,S8_IVStyleRule_Close_v1,2024-10-31,2024-11-27,1.02,1.038,1.05,0.0561,1.0,1,0,selected,high_iv_sell,0.5825449396133422,0.9722222222222222,high_iv,valid,300.0,1.2046429925445479,-0.6220980529312057,1,,close,10008117.SH,0.4684613299472265,0.619193910598755,27.0,0.02941176470588247,0.017647058823529425,0.05499999999999999,0.0,2.75e-05,0.07261955882352943,0.0549725,0,0.05499999999999999,-0.0,-2.75e-05,0.054972499999999994,otm5_check,OTM5稳健性检查,RuleD_HighIVOnly,高IV-only版,0.0,0.0,0.0,0.0,1.0,RuleD_HighIVOnly_otm5_check,False,growth_high_beta,growth_high_beta,科创高弹性标的，上涨截断风险高，仅在高IV且更虚值时卖出。,CloseRule_v1,0,,,0.0,none,,0.7,
588000,科创/硬科技,S8_IVStyleRule_Close_v1,2024-11-29,2024-12-25,1.06,1.072,1.1,0.0299,1.0,1,0,selected,high_iv_sell,0.3877703927993774,0.8611111111111112,high_iv,valid,320.0,0.42013128746142575,-0.032360894662048334,1,,close,10008124.SH,0.39182363123560227,0.405937525177002,26.0,0.037735849056603765,0.011320754716981142,0.028207547169811317,0.0,1.410377358490566e-05,0.039514198113207555,0.02819344339622641,0,0.028207547169811317,-0.0,-1.410377358490566e-05,0.02819344339622641,otm5_check,OTM5稳健性检查,RuleD_HighIVOnly,高IV-only版,0.0,0.0,0.0,0.0,1.0,RuleD_HighIVOnly_otm5_check,False,growth_high_beta,growth_high_beta,科创高弹性标的，上涨截断风险高，仅在高IV且更虚值时卖出。,CloseRule_v1,0,,,0.0,none,,0.7,
588000,科创/硬科技,S8_IVStyleRule_Close_v1,2024-12-31,2025-01-22,1.045,1.029,1.1,0.0139,1.0,1,0,selected,high_iv_sell,0.3103621967315674,0.7341269841269841,high_iv,valid,341.0,0.20843262418538708,0.10192957254618032,1,,close,10008450.SH,0.2793063872585677,0.3264408241271972,22.0,0.052631578947368585,-0.01531100478468901,0.013301435406698564,0.0,6.650717703349283e-06,-0.002016220095693795,0.013294784688995216,0,0.013301435406698564,-0.0,-6.650717703349283e-06,0.013294784688995216,otm5_check,OTM5稳健性检查,RuleD_HighIVOnly,高IV-only版,0.0,0.0,0.0,0.0,1.0,RuleD_HighIVOnly_otm5_check,False,growth_high_beta,growth_high_beta,科创高弹性标的，上涨截断风险高，仅在高IV且更虚值时卖出。,CloseRule_v1,0,,,0.0,none,,0.7,
588000,科创/硬科技,S8_IVStyleRule_Close_v1,2025-01-27,2025-02-28,1.009,1.133,,0.0,0.0,0,0,normal_iv_skip,normal_iv_skip,0.29921396694183344,0.6666666666666666,normal_iv,valid,353.0,0.26371983642662106,0.035494130515212385,1,,none,,,,,,0.12289395441030736,0.0,0.0,0.0,0.12289395441030736,0.0,0,0.0,-0.0,-0.0,0.0,otm5_check,OTM5稳健性检查,RuleD_HighIVOnly,高IV-only版,0.0,0.0,0.0,0.0,1.0,RuleD_HighIVOnly_otm5_check,False,growth_high_beta,growth_high_beta,科创高弹性标的，上涨截断风险高，仅在高IV且更虚值时卖出。,CloseRule_v1,0,,,0.0,none,,0.7,
588000,科创/硬科技,S8_IVStyleRule_Close_v1,2025-02-28,2025-03-31,1.133,1.074,1.2,0.022,1.0,1,0,selected,high_iv_sell,0.36926471281051637,0.8095238095238095,high_iv,valid,370.0,0.3692041946793003,6.051813121604743e-05,1,,close,10008221.SH,0.3105039465239513,0.38465194015502935,26.0,0.05913503971756384,-0.05207413945278018,0.019417475728155338,0.006354810238305384,1.2886142983230362e-05,-0.03902436010591345,0.013049779346866724,0,0.019417475728155338,-0.006354810238305384,-1.2886142983230362e-05,0.013049779346866724,otm5_check,OTM5稳健性检查,RuleD_HighIVOnly,高IV-only版,0.0,0.0,0.0,0.0,1.0,RuleD_HighIVOnly_otm5_check,False,growth_high_beta,growth_high_beta,科创高弹性标的，上涨截断风险高，仅在高IV且更虚值时卖出。,CloseRule_v1,1,2025-03-13,0.0072,0.006354810238305384,close,0.6904761904761905,0.7,13.0
588000,科创/硬科技,S8_IVStyleRule_Close_v1,2025-03-31,2025-04-30,1.074,1.062,,0.0,0.0,0,0,normal_iv_skip,normal_iv_skip,0.24169901924133302,0.3253968253968254,normal_iv,valid,390.0,0.22248801136943958,0.01921100787189345,1,,none,,,,,,-0.011173184357541908,0.0,0.0,0.0,-0.011173184357541908,0.0,0,0.0,-0.0,-0.0,0.0,otm5_check,OTM5稳健性检查,RuleD_HighIVOnly,高IV-only版,0.0,0.0,0.0,0.0,1.0,RuleD_HighIVOnly_otm5_check,False,growth_high_beta,growth_high_beta,科创高弹性标的，上涨截断风险高，仅在高IV且更虚值时卖出。,CloseRule_v1,0,,,0.0,none,,0.7,
588000,科创/硬科技,S8_IVStyleRule_Close_v1,2025-04-30,2025-05-30,1.062,1.03,,0.0,0.0,0,0,normal_iv_skip,normal_iv_skip,0.25257068901062013,0.4444444444444444,normal_iv,valid,406.0,0.392031388270133,-0.13946069925951288,1,,none,,,,,,-0.03013182674199626,0.0,0.0,0.0,-0.03013182674199626,0.0,0,0.0,-0.0,-0.0,0.0,otm5_check,OTM5稳健性检查,RuleD_HighIVOnly,高IV-only版,0.0,0.0,0.0,0.0,1.0,RuleD_HighIVOnly_otm5_check,False,growth_high_beta,growth_high_beta,科创高弹性标的，上涨截断风险高，仅在高IV且更虚值时卖出。,CloseRule_v1,0,,,0.0,none,,0.7,
588000,科创/硬科技,S8_IVStyleRule_Close_v1,2025-05-30,2025-06-30,1.03,1.056,,0.0,0.0,0,0,low_iv_skip,low_iv_skip,0.2240277875900269,0.14682539682539683,low_iv,valid,424.0,0.14435356534581045,0.07967422224421644,1,,none,,,,,,0.025242718446601965,0.0,0.0,0.0,0.025242718446601965,0.0,0,0.0,-0.0,-0.0,0.0,otm5_check,OTM5稳健性检查,RuleD_HighIVOnly,高IV-only版,0.0,0.0,0.0,0.0,1.0,RuleD_HighIVOnly_otm5_check,False,growth_high_beta,growth_high_beta,科创高弹性标的，上涨截断风险高，仅在高IV且更虚值时卖出。,CloseRule_v1,0,,,0.0,none,,0.7,
588000,科创/硬科技,S8_IVStyleRule_Close_v1,2025-06-30,2025-07-31,1.056,1.101,,0.0,0.0,0,0,low_iv_skip,low_iv_skip,0.19972865200042722,0.01984126984126984,low_iv,valid,443.0,0.1504547621550865,0.04927388984534073,1,,none,,,,,,0.04261363636363629,0.0,0.0,0.0,0.04261363636363629,0.0,0,0.0,-0.0,-0.0,0.0,otm5_check,OTM5稳健性检查,RuleD_HighIVOnly,高IV-only版,0.0,0.0,0.0,0.0,1.0,RuleD_HighIVOnly_otm5_check,False,growth_high_beta,growth_high_beta,科创高弹性标的，上涨截断风险高，仅在高IV且更虚值时卖出。,CloseRule_v1,0,,,0.0,none,,0.7,
588000,科创/硬科技,S8_IVStyleRule_Close_v1,2025-07-31,2025-08-29,1.101,1.412,,0.0,0.0,0,0,normal_iv_skip,normal_iv_skip,0.24754492588043214,0.46825396825396826,normal_iv,valid,460.0,0.13854351084396427,0.10900141503646787,1,,none,,,,,,0.2824704813805631,0.0,0.0,0.0,0.2824704813805631,0.0,0,0.0,-0.0,-0.0,0.0,otm5_check,OTM5稳健性检查,RuleD_HighIVOnly,高IV-only版,0.0,0.0,0.0,0.0,1.0,RuleD_HighIVOnly_otm5_check,False,growth_high_beta,growth_high_beta,科创高弹性标的，上涨截断风险高，仅在高IV且更虚值时卖出。,CloseRule_v1,0,,,0.0,none,,0.7,
588000,科创/硬科技,S8_IVStyleRule_Close_v1,2025-08-29,2025-09-24,1.412,1.53,1.5,0.06,1.0,1,0,selected,high_iv_sell,0.5809427988052369,0.9444444444444444,high_iv,valid,480.0,0.4381391064262431,0.14280369237899382,1,,close,10009838.SH,0.3938445215402753,0.6266896408081055,26.0,0.062322946175637384,0.08356940509915022,0.042492917847025496,0.02124645892351277,2.124645892351275e-05,0.10479461756373942,0.021225212464589208,1,0.042492917847025496,-0.02124645892351277,-2.124645892351275e-05,0.021225212464589215,otm5_check,OTM5稳健性检查,RuleD_HighIVOnly,高IV-only版,0.0,0.0,0.0,0.0,1.0,RuleD_HighIVOnly_otm5_check,False,growth_high_beta,growth_high_beta,科创高弹性标的，上涨截断风险高，仅在高IV且更虚值时卖出。,CloseRule_v1,0,,,0.0,none,,0.7,
588000,科创/硬科技,S8_IVStyleRule_Close_v1,2025-09-30,2025-10-31,1.57,1.488,1.65,0.0339,1.0,1,0,selected,high_iv_sell,0.4071105211257935,0.7738095238095238,high_iv,valid,501.0,0.39526075353364615,0.011849767592147342,1,,close,10009986.SH,0.3363053055370509,0.416942706680298,22.0,0.05095541401273884,-0.05222929936305737,0.02159235668789809,6.369426751592356e-05,1.0828025477707004e-05,-0.03071146496815291,0.02151783439490446,0,0.02159235668789809,-6.369426751592356e-05,-1.0828025477707004e-05,0.02151783439490446,otm5_check,OTM5稳健性检查,RuleD_HighIVOnly,高IV-only版,0.0,0.0,0.0,0.0,1.0,RuleD_HighIVOnly_otm5_check,False,growth_high_beta,growth_high_beta,科创高弹性标的，上涨截断风险高，仅在高IV且更虚值时卖出。,CloseRule_v1,1,2025-10-21,0.0001,6.369426751592356e-05,close,0.6785714285714286,0.7,21.0
588000,科创/硬科技,S8_IVStyleRule_Close_v1,2025-10-31,2025-11-28,1.488,1.393,,0.0,0.0,0,0,normal_iv_skip,normal_iv_skip,0.36069612045288085,0.6626984126984127,normal_iv,valid,516.0,0.40710488340968437,-0.04640876295680352,1,,none,,,,,,-0.06384408602150536,0.0,0.0,0.0,-0.06384408602150536,0.0,0,0.0,-0.0,-0.0,0.0,otm5_check,OTM5稳健性检查,RuleD_HighIVOnly,高IV-only版,0.0,0.0,0.0,0.0,1.0,RuleD_HighIVOnly_otm5_check,False,growth_high_beta,growth_high_beta,科创高弹性标的，上涨截断风险高，仅在高IV且更虚值时卖出。,CloseRule_v1,0,,,0.0,none,,0.7,
588000,科创/硬科技,S8_IVStyleRule_Close_v1,2025-11-28,2025-12-31,1.393,1.417,,0.0,0.0,0,0,normal_iv_skip,normal_iv_skip,0.27026576204299924,0.32142857142857145,normal_iv,valid,535.0,0.2344462332295704,0.03581952881342884,1,,none,,,,,,0.017229002153625283,0.0,0.0,0.0,0.017229002153625283,0.0,0,0.0,-0.0,-0.0,0.0,otm5_check,OTM5稳健性检查,RuleD_HighIVOnly,高IV-only版,0.0,0.0,0.0,0.0,1.0,RuleD_HighIVOnly_otm5_check,False,growth_high_beta,growth_high_beta,科创高弹性标的，上涨截断风险高，仅在高IV且更虚值时卖出。,CloseRule_v1,0,,,0.0,none,,0.7,
588000,科创/硬科技,S8_IVStyleRule_Close_v1,2025-12-31,2026-01-30,1.417,1.588,,0.0,0.0,0,0,normal_iv_skip,normal_iv_skip,0.2580732797622681,0.31746031746031744,normal_iv,valid,552.0,0.215581576767207,0.04249170299506114,1,,none,,,,,,0.12067748764996473,0.0,0.0,0.0,0.12067748764996473,0.0,0,0.0,-0.0,-0.0,0.0,otm5_check,OTM5稳健性检查,RuleD_HighIVOnly,高IV-only版,0.0,0.0,0.0,0.0,1.0,RuleD_HighIVOnly_otm5_check,False,growth_high_beta,growth_high_beta,科创高弹性标的，上涨截断风险高，仅在高IV且更虚值时卖出。,CloseRule_v1,0,,,0.0,none,,0.7,
588000,科创/硬科技,S8_IVStyleRule_Close_v1,2026-01-30,2026-02-27,1.588,1.566,,0.0,0.0,0,0,normal_iv_skip,normal_iv_skip,0.3129322976112366,0.5357142857142857,normal_iv,valid,571.0,0.2995426784234957,0.013389619187740898,1,,none,,,,,,-0.013853904282115881,0.0,0.0,0.0,-0.013853904282115881,0.0,0,0.0,-0.0,-0.0,0.0,otm5_check,OTM5稳健性检查,RuleD_HighIVOnly,高IV-only版,0.0,0.0,0.0,0.0,1.0,RuleD_HighIVOnly_otm5_check,False,growth_high_beta,growth_high_beta,科创高弹性标的，上涨截断风险高，仅在高IV且更虚值时卖出。,CloseRule_v1,0,,,0.0,none,,0.7,
588000,科创/硬科技,S8_IVStyleRule_Close_v1,2026-02-27,2026-03-31,1.566,1.324,,0.0,0.0,0,0,low_iv_skip,low_iv_skip,0.23637762298583986,0.1746031746031746,low_iv,valid,584.0,0.2420498141479272,-0.005672191162087337,1,,none,,,,,,-0.15453384418901658,0.0,0.0,0.0,-0.15453384418901658,0.0,0,0.0,-0.0,-0.0,0.0,otm5_check,OTM5稳健性检查,RuleD_HighIVOnly,高IV-only版,0.0,0.0,0.0,0.0,1.0,RuleD_HighIVOnly_otm5_check,False,growth_high_beta,growth_high_beta,科创高弹性标的，上涨截断风险高，仅在高IV且更虚值时卖出。,CloseRule_v1,0,,,0.0,none,,0.7,
588000,科创/硬科技,S8_IVStyleRule_Close_v1,2026-03-31,2026-04-22,1.324,1.529,1.4,0.0137,1.0,1,0,selected,high_iv_sell,0.3485084064483643,0.7619047619047619,high_iv,valid,605.0,0.2876490744629956,0.06085933198536869,1,,close,10011158.SH,0.24339924426313825,0.30359124450683594,22.0,0.05740181268882161,0.15483383685800592,0.010347432024169184,0.09743202416918428,5.1737160120845925e-06,0.06774407099697874,-0.08708976586102718,1,0.010347432024169184,-0.09743202416918428,-5.1737160120845925e-06,-0.08708976586102718,otm5_check,OTM5稳健性检查,RuleD_HighIVOnly,高IV-only版,0.0,0.0,0.0,0.0,1.0,RuleD_HighIVOnly_otm5_check,False,growth_high_beta,growth_high_beta,科创高弹性标的，上涨截断风险高，仅在高IV且更虚值时卖出。,CloseRule_v1,0,,,0.0,none,,0.7,
588000,科创/硬科技,S8_IVStyleRule_Close_v1,2026-04-30,2026-05-29,1.654,1.844,,0.0,0.0,0,0,normal_iv_skip,normal_iv_skip,0.30598015089035036,0.6111111111111112,normal_iv,valid,621.0,0.353666956069768,-0.047686805179417646,1,,none,,,,,,0.11487303506650555,0.0,0.0,0.0,0.11487303506650555,0.0,0,0.0,-0.0,-0.0,0.0,otm5_check,OTM5稳健性检查,RuleD_HighIVOnly,高IV-only版,0.0,0.0,0.0,0.0,1.0,RuleD_HighIVOnly_otm5_check,False,growth_high_beta,growth_high_beta,科创高弹性标的，上涨截断风险高，仅在高IV且更虚值时卖出。,CloseRule_v1,0,,,0.0,none,,0.7,
588000,科创/硬科技,S8_IVStyleRule_Close_v1,2026-05-29,2026-06-03,1.844,1.823,1.95,0.0451,1.0,1,0,selected,high_iv_sell,0.4656125020027161,0.9484126984126984,high_iv,valid,638.0,0.5183459645925268,-0.05273346258981071,1,,close,10011558.SH,0.3392422708388749,0.4321821174621583,26.0,0.057483731019522644,-0.01138828633405647,0.02445770065075922,0.0,1.222885032537961e-05,0.013057185466377371,0.02444547180043384,0,0.02445770065075922,-0.0,-1.222885032537961e-05,0.02444547180043384,otm5_check,OTM5稳健性检查,RuleD_HighIVOnly,高IV-only版,0.0,0.0,0.0,0.0,1.0,RuleD_HighIVOnly_otm5_check,False,growth_high_beta,growth_high_beta,科创高弹性标的，上涨截断风险高，仅在高IV且更虚值时卖出。,CloseRule_v1,0,,,0.0,none,,0.7,
