date,etf_code,strategy,nav,synthetic_demo
2021-01-29,159915,S0_BuyHold,1.0,False
2021-02-26,159915,S0_BuyHold,0.9290194783757015,False
2021-03-31,159915,S0_BuyHold,0.8798283261802575,False
2021-04-30,159915,S0_BuyHold,0.98679432155827,False
2021-05-31,159915,S0_BuyHold,1.0548035655331793,False
2021-06-30,159915,S0_BuyHold,1.1135688345988777,False
2021-07-30,159915,S0_BuyHold,1.0987124463519313,False
2021-08-31,159915,S0_BuyHold,1.0254209310003302,False
2021-09-30,159915,S0_BuyHold,1.0392868933641466,False
2021-10-29,159915,S0_BuyHold,1.0726312314295146,False
2021-11-30,159915,S0_BuyHold,1.1178606800924396,False
2021-12-31,159915,S0_BuyHold,1.0623968306371738,False
2022-01-28,159915,S0_BuyHold,0.9306701881809176,False
2022-02-28,159915,S0_BuyHold,0.9197755034664904,False
2022-03-31,159915,S0_BuyHold,0.8497854077253216,False
2022-04-29,159915,S0_BuyHold,0.7408385605810497,False
2022-05-31,159915,S0_BuyHold,0.770551337074942,False
2022-06-30,159915,S0_BuyHold,0.9012875536480683,False
2022-07-29,159915,S0_BuyHold,0.8563882469461865,False
2022-08-31,159915,S0_BuyHold,0.822383624958732,False
2022-09-30,159915,S0_BuyHold,0.7332452954770549,False
2022-10-31,159915,S0_BuyHold,0.7269725982172331,False
2022-11-30,159915,S0_BuyHold,0.7477715417629578,False
2022-12-30,159915,S0_BuyHold,0.7523935292175632,False
2023-01-31,159915,S0_BuyHold,0.8276658963354239,False
2023-02-28,159915,S0_BuyHold,0.778804886101023,False
2023-03-31,159915,S0_BuyHold,0.7682403433476391,False
2023-04-28,159915,S0_BuyHold,0.7444701221525252,False
2023-05-31,159915,S0_BuyHold,0.7035325189831623,False
2023-06-30,159915,S0_BuyHold,0.7144272036975896,False
2023-07-31,159915,S0_BuyHold,0.7203697589963681,False
2023-08-31,159915,S0_BuyHold,0.6774513040607458,False
2023-09-28,159915,S0_BuyHold,0.6447672499174643,False
2023-10-31,159915,S0_BuyHold,0.632551997358864,False
2023-11-30,159915,S0_BuyHold,0.6186860349950476,False
2023-12-29,159915,S0_BuyHold,0.6081214922416637,False
2024-01-31,159915,S0_BuyHold,0.5061076262792998,False
2024-02-29,159915,S0_BuyHold,0.5813799933971605,False
2024-03-29,159915,S0_BuyHold,0.5836909871244633,False
2024-04-30,159915,S0_BuyHold,0.5995378012545394,False
2024-05-31,159915,S0_BuyHold,0.5850115549686364,False
2024-06-28,159915,S0_BuyHold,0.5453945196434465,False
2024-07-31,159915,S0_BuyHold,0.547375371409706,False
2024-08-30,159915,S0_BuyHold,0.5123803235391218,False
2024-09-30,159915,S0_BuyHold,0.7368768570485309,False
2024-10-31,159915,S0_BuyHold,0.7005612413337735,False
2024-11-29,159915,S0_BuyHold,0.7193793331132388,False
2024-12-31,159915,S0_BuyHold,0.6939584021129086,False
2025-01-27,159915,S0_BuyHold,0.6695278969957082,False
2025-02-28,159915,S0_BuyHold,0.7025420931000331,False
2025-03-31,159915,S0_BuyHold,0.6814130075932652,False
2025-04-30,159915,S0_BuyHold,0.6342027071640806,False
2025-05-30,159915,S0_BuyHold,0.6510399471772863,False
2025-06-30,159915,S0_BuyHold,0.7041928029052493,False
2025-07-31,159915,S0_BuyHold,0.7596566523605152,False
2025-08-29,159915,S0_BuyHold,0.9458567183889075,False
2025-09-30,159915,S0_BuyHold,1.062066688676131,False
2025-10-31,159915,S0_BuyHold,1.0452294486629252,False
2025-11-28,159915,S0_BuyHold,1.0019808517662596,False
2025-12-31,159915,S0_BuyHold,1.05183228788379,False
2026-01-30,159915,S0_BuyHold,1.101023440079234,False
2026-02-27,159915,S0_BuyHold,1.0897986134037636,False
2026-03-31,159915,S0_BuyHold,1.050511720039617,False
2026-04-30,159915,S0_BuyHold,1.217893694288544,False
2026-05-29,159915,S0_BuyHold,1.3380653681082866,False
2026-06-03,159915,S0_BuyHold,1.3684384285242652,False
2021-01-29,159915,S1_ATM_100_Monthly,1.0,False
2021-02-26,159915,S1_ATM_100_Monthly,0.9290194783757015,False
2021-03-31,159915,S1_ATM_100_Monthly,0.8798283261802575,False
2021-04-30,159915,S1_ATM_100_Monthly,0.98679432155827,False
2021-05-31,159915,S1_ATM_100_Monthly,1.0548035655331793,False
2021-06-30,159915,S1_ATM_100_Monthly,1.1135688345988777,False
2021-07-30,159915,S1_ATM_100_Monthly,1.0987124463519313,False
2021-08-31,159915,S1_ATM_100_Monthly,1.0254209310003302,False
2021-09-30,159915,S1_ATM_100_Monthly,1.0392868933641466,False
2021-10-29,159915,S1_ATM_100_Monthly,1.0726312314295146,False
2021-11-30,159915,S1_ATM_100_Monthly,1.1178606800924396,False
2021-12-31,159915,S1_ATM_100_Monthly,1.0623968306371738,False
2022-01-28,159915,S1_ATM_100_Monthly,0.9306701881809176,False
2022-02-28,159915,S1_ATM_100_Monthly,0.9197755034664904,False
2022-03-31,159915,S1_ATM_100_Monthly,0.8497854077253216,False
2022-04-29,159915,S1_ATM_100_Monthly,0.7408385605810497,False
2022-05-31,159915,S1_ATM_100_Monthly,0.770551337074942,False
2022-06-30,159915,S1_ATM_100_Monthly,0.9012875536480683,False
2022-07-29,159915,S1_ATM_100_Monthly,0.8563882469461865,False
2022-08-31,159915,S1_ATM_100_Monthly,0.822383624958732,False
2022-09-30,159915,S1_ATM_100_Monthly,0.7332452954770549,False
2022-10-26,159915,S1_ATM_100_Monthly,0.7510605810498513,False
2022-11-23,159915,S1_ATM_100_Monthly,0.7756058002115637,False
2022-12-28,159915,S1_ATM_100_Monthly,0.7967206493906434,False
2023-01-30,159915,S1_ATM_100_Monthly,0.8176893650162578,False
2023-02-22,159915,S1_ATM_100_Monthly,0.7950438054151854,False
2023-03-22,159915,S1_ATM_100_Monthly,0.7844178039823817,False
2023-04-26,159915,S1_ATM_100_Monthly,0.7621636989654471,False
2023-05-24,159915,S1_ATM_100_Monthly,0.7538073936280072,False
2023-06-28,159915,S1_ATM_100_Monthly,0.7662870800550777,False
2023-07-26,159915,S1_ATM_100_Monthly,0.773643683898355,False
2023-08-23,159915,S1_ATM_100_Monthly,0.7173335922605286,False
2023-09-27,159915,S1_ATM_100_Monthly,0.7012792155104095,False
2023-10-25,159915,S1_ATM_100_Monthly,0.6679486675792079,False
2023-11-22,159915,S1_ATM_100_Monthly,0.6774930125850795,False
2023-12-27,159915,S1_ATM_100_Monthly,0.6560092536377591,False
2024-01-24,159915,S1_ATM_100_Monthly,0.6016553255772712,False
2024-02-28,159915,S1_ATM_100_Monthly,0.6249989046354442,False
2024-03-27,159915,S1_ATM_100_Monthly,0.6390784689717168,False
2024-04-24,159915,S1_ATM_100_Monthly,0.6407315423055978,False
2024-05-22,159915,S1_ATM_100_Monthly,0.652577737062877,False
2024-06-26,159915,S1_ATM_100_Monthly,0.6449080704658989,False
2024-07-24,159915,S1_ATM_100_Monthly,0.6473207761794022,False
2024-08-28,159915,S1_ATM_100_Monthly,0.6028041984465072,False
2024-09-25,159915,S1_ATM_100_Monthly,0.6147995164896339,False
2024-10-23,159915,S1_ATM_100_Monthly,0.6497388319326831,False
2024-11-27,159915,S1_ATM_100_Monthly,0.6786561138981302,False
2024-12-25,159915,S1_ATM_100_Monthly,0.6909176452505088,False
2025-01-22,159915,S1_ATM_100_Monthly,0.6938016512025511,False
2025-02-26,159915,S1_ATM_100_Monthly,0.7189380200244785,False
2025-03-26,159915,S1_ATM_100_Monthly,0.7270372216946132,False
2025-04-23,159915,S1_ATM_100_Monthly,0.6941987045793129,False
2025-05-28,159915,S1_ATM_100_Monthly,0.706403230956343,False
2025-06-25,159915,S1_ATM_100_Monthly,0.7145983502445606,False
2025-07-23,159915,S1_ATM_100_Monthly,0.7318126325281735,False
2025-08-27,159915,S1_ATM_100_Monthly,0.7510443409286534,False
2025-09-24,159915,S1_ATM_100_Monthly,0.7829818265042436,False
2025-10-22,159915,S1_ATM_100_Monthly,0.7682425039410439,False
2025-11-26,159915,S1_ATM_100_Monthly,0.756632578626274,False
2025-12-24,159915,S1_ATM_100_Monthly,0.7699592217778065,False
2026-01-28,159915,S1_ATM_100_Monthly,0.7923766352704752,False
2026-02-25,159915,S1_ATM_100_Monthly,0.809731928848027,False
2026-03-25,159915,S1_ATM_100_Monthly,0.827556125335659,False
2026-04-22,159915,S1_ATM_100_Monthly,0.8530329946121773,False
2026-05-27,159915,S1_ATM_100_Monthly,0.8775793485447524,False
2026-06-03,159915,S1_ATM_100_Monthly,0.9127522979479459,False
2021-01-29,159915,S4_OTM5_100_Monthly,1.0,False
2021-02-26,159915,S4_OTM5_100_Monthly,0.9290194783757015,False
2021-03-31,159915,S4_OTM5_100_Monthly,0.8798283261802575,False
2021-04-30,159915,S4_OTM5_100_Monthly,0.98679432155827,False
2021-05-31,159915,S4_OTM5_100_Monthly,1.0548035655331793,False
2021-06-30,159915,S4_OTM5_100_Monthly,1.1135688345988777,False
2021-07-30,159915,S4_OTM5_100_Monthly,1.0987124463519313,False
2021-08-31,159915,S4_OTM5_100_Monthly,1.0254209310003302,False
2021-09-30,159915,S4_OTM5_100_Monthly,1.0392868933641466,False
2021-10-29,159915,S4_OTM5_100_Monthly,1.0726312314295146,False
2021-11-30,159915,S4_OTM5_100_Monthly,1.1178606800924396,False
2021-12-31,159915,S4_OTM5_100_Monthly,1.0623968306371738,False
2022-01-28,159915,S4_OTM5_100_Monthly,0.9306701881809176,False
2022-02-28,159915,S4_OTM5_100_Monthly,0.9197755034664904,False
2022-03-31,159915,S4_OTM5_100_Monthly,0.8497854077253216,False
2022-04-29,159915,S4_OTM5_100_Monthly,0.7408385605810497,False
2022-05-31,159915,S4_OTM5_100_Monthly,0.770551337074942,False
2022-06-30,159915,S4_OTM5_100_Monthly,0.9012875536480683,False
2022-07-29,159915,S4_OTM5_100_Monthly,0.8563882469461865,False
2022-08-31,159915,S4_OTM5_100_Monthly,0.822383624958732,False
2022-09-30,159915,S4_OTM5_100_Monthly,0.7332452954770549,False
2022-10-26,159915,S4_OTM5_100_Monthly,0.7654644106965993,False
2022-11-23,159915,S4_OTM5_100_Monthly,0.8007420825515587,False
2022-12-28,159915,S4_OTM5_100_Monthly,0.8094702242806475,False
2023-01-30,159915,S4_OTM5_100_Monthly,0.8563884007035211,False
2023-02-22,159915,S4_OTM5_100_Monthly,0.8164191109520584,False
2023-03-22,159915,S4_OTM5_100_Monthly,0.7893532427283831,False
2023-04-26,159915,S4_OTM5_100_Monthly,0.7580761296498163,False
2023-05-24,159915,S4_OTM5_100_Monthly,0.7380043748346095,False
2023-06-28,159915,S4_OTM5_100_Monthly,0.7402880672083938,False
2023-07-26,159915,S4_OTM5_100_Monthly,0.7350517093518554,False
2023-08-23,159915,S4_OTM5_100_Monthly,0.6729983206525693,False
2023-09-27,159915,S4_OTM5_100_Monthly,0.647216876652237,False
2023-10-25,159915,S4_OTM5_100_Monthly,0.6060551757425305,False
2023-11-22,159915,S4_OTM5_100_Monthly,0.6035864814708186,False
2023-12-27,159915,S4_OTM5_100_Monthly,0.5721166772606794,False
2024-01-24,159915,S4_OTM5_100_Monthly,0.5161145145067909,False
2024-02-28,159915,S4_OTM5_100_Monthly,0.5471175605269595,False
2024-03-27,159915,S4_OTM5_100_Monthly,0.5485119957291373,False
2024-04-24,159915,S4_OTM5_100_Monthly,0.5383334683495666,False
2024-05-22,159915,S4_OTM5_100_Monthly,0.5494477867116059,False
2024-06-26,159915,S4_OTM5_100_Monthly,0.5309034277947061,False
2024-07-24,159915,S4_OTM5_100_Monthly,0.5231569779580801,False
2024-08-28,159915,S4_OTM5_100_Monthly,0.47670868445710224,False
2024-09-25,159915,S4_OTM5_100_Monthly,0.49633515265696676,False
2024-10-23,159915,S4_OTM5_100_Monthly,0.5245420884124995,False
2024-11-27,159915,S4_OTM5_100_Monthly,0.5524167543192122,False
2024-12-25,159915,S4_OTM5_100_Monthly,0.5557079311455418,False
2025-01-22,159915,S4_OTM5_100_Monthly,0.55057601334449,False
2025-02-26,159915,S4_OTM5_100_Monthly,0.5905897766835474,False
2025-03-26,159915,S4_OTM5_100_Monthly,0.5894482981957604,False
2025-04-23,159915,S4_OTM5_100_Monthly,0.5528338489736667,False
2025-05-28,159915,S4_OTM5_100_Monthly,0.5695224668299828,False
2025-06-25,159915,S4_OTM5_100_Monthly,0.5958883967981232,False
2025-07-23,159915,S4_OTM5_100_Monthly,0.6326230447062697,False
2025-08-27,159915,S4_OTM5_100_Monthly,0.6673434511564399,False
2025-09-24,159915,S4_OTM5_100_Monthly,0.7185082309902664,False
2025-10-22,159915,S4_OTM5_100_Monthly,0.6895346936781073,False
2025-11-26,159915,S4_OTM5_100_Monthly,0.6715170279899183,False
2025-12-24,159915,S4_OTM5_100_Monthly,0.7130224666418103,False
2026-01-28,159915,S4_OTM5_100_Monthly,0.7486461522606521,False
2026-02-25,159915,S4_OTM5_100_Monthly,0.7591027747936907,False
2026-03-25,159915,S4_OTM5_100_Monthly,0.764297995077637,False
2026-04-22,159915,S4_OTM5_100_Monthly,0.8026520033116725,False
2026-05-27,159915,S4_OTM5_100_Monthly,0.8559118692894012,False
2026-06-03,159915,S4_OTM5_100_Monthly,0.8859996634169708,False
2021-01-29,159915,S5_IVTiming_ATM_Monthly,1.0,False
2021-02-26,159915,S5_IVTiming_ATM_Monthly,0.9290194783757015,False
2021-03-31,159915,S5_IVTiming_ATM_Monthly,0.8798283261802575,False
2021-04-30,159915,S5_IVTiming_ATM_Monthly,0.98679432155827,False
2021-05-31,159915,S5_IVTiming_ATM_Monthly,1.0548035655331793,False
2021-06-30,159915,S5_IVTiming_ATM_Monthly,1.1135688345988777,False
2021-07-30,159915,S5_IVTiming_ATM_Monthly,1.0987124463519313,False
2021-08-31,159915,S5_IVTiming_ATM_Monthly,1.0254209310003302,False
2021-09-30,159915,S5_IVTiming_ATM_Monthly,1.0392868933641466,False
2021-10-29,159915,S5_IVTiming_ATM_Monthly,1.0726312314295146,False
2021-11-30,159915,S5_IVTiming_ATM_Monthly,1.1178606800924396,False
2021-12-31,159915,S5_IVTiming_ATM_Monthly,1.0623968306371738,False
2022-01-28,159915,S5_IVTiming_ATM_Monthly,0.9306701881809176,False
2022-02-28,159915,S5_IVTiming_ATM_Monthly,0.9197755034664904,False
2022-03-31,159915,S5_IVTiming_ATM_Monthly,0.8497854077253216,False
2022-04-29,159915,S5_IVTiming_ATM_Monthly,0.7408385605810497,False
2022-05-31,159915,S5_IVTiming_ATM_Monthly,0.770551337074942,False
2022-06-30,159915,S5_IVTiming_ATM_Monthly,0.9012875536480683,False
2022-07-29,159915,S5_IVTiming_ATM_Monthly,0.8563882469461865,False
2022-08-31,159915,S5_IVTiming_ATM_Monthly,0.822383624958732,False
2022-09-30,159915,S5_IVTiming_ATM_Monthly,0.7332452954770549,False
2022-10-31,159915,S5_IVTiming_ATM_Monthly,0.7269725982172331,False
2022-11-30,159915,S5_IVTiming_ATM_Monthly,0.7477715417629578,False
2022-12-30,159915,S5_IVTiming_ATM_Monthly,0.7523935292175632,False
2023-01-31,159915,S5_IVTiming_ATM_Monthly,0.8276658963354239,False
2023-02-28,159915,S5_IVTiming_ATM_Monthly,0.778804886101023,False
2023-03-31,159915,S5_IVTiming_ATM_Monthly,0.7682403433476391,False
2023-04-28,159915,S5_IVTiming_ATM_Monthly,0.7444701221525252,False
2023-05-31,159915,S5_IVTiming_ATM_Monthly,0.7035325189831623,False
2023-06-30,159915,S5_IVTiming_ATM_Monthly,0.7144272036975896,False
2023-07-31,159915,S5_IVTiming_ATM_Monthly,0.7203697589963681,False
2023-08-31,159915,S5_IVTiming_ATM_Monthly,0.6774513040607458,False
2023-09-28,159915,S5_IVTiming_ATM_Monthly,0.6447672499174643,False
2023-10-31,159915,S5_IVTiming_ATM_Monthly,0.632551997358864,False
2023-11-30,159915,S5_IVTiming_ATM_Monthly,0.6186860349950476,False
2023-12-29,159915,S5_IVTiming_ATM_Monthly,0.6081214922416637,False
2024-01-24,159915,S5_IVTiming_ATM_Monthly,0.5512347804555956,False
2024-02-28,159915,S5_IVTiming_ATM_Monthly,0.572622096631736,False
2024-03-27,159915,S5_IVTiming_ATM_Monthly,0.5855217506792908,False
2024-04-24,159915,S5_IVTiming_ATM_Monthly,0.5870362914429823,False
2024-05-22,159915,S5_IVTiming_ATM_Monthly,0.5961804807589639,False
2024-06-26,159915,S5_IVTiming_ATM_Monthly,0.5803968212200986,False
2024-07-24,159915,S5_IVTiming_ATM_Monthly,0.575685558936081,False
2024-08-28,159915,S5_IVTiming_ATM_Monthly,0.528633941411595,False
2024-09-30,159915,S5_IVTiming_ATM_Monthly,0.7602519054321394,False
2024-10-23,159915,S5_IVTiming_ATM_Monthly,0.8034573413956215,False
2024-11-27,159915,S5_IVTiming_ATM_Monthly,0.8392160206471532,False
2024-12-25,159915,S5_IVTiming_ATM_Monthly,0.8543784472986695,False
2025-01-22,159915,S5_IVTiming_ATM_Monthly,0.8474227214900589,False
2025-02-26,159915,S5_IVTiming_ATM_Monthly,0.903515221387742,False
2025-03-26,159915,S5_IVTiming_ATM_Monthly,0.913693778907633,False
2025-04-30,159915,S5_IVTiming_ATM_Monthly,0.8503903824038581,False
2025-05-28,159915,S5_IVTiming_ATM_Monthly,0.866276568962973,False
2025-06-30,159915,S5_IVTiming_ATM_Monthly,0.9370019886399703,False
2025-07-23,159915,S5_IVTiming_ATM_Monthly,0.9821131213245565,False
2025-08-27,159915,S5_IVTiming_ATM_Monthly,1.0793148437897575,False
2025-09-24,159915,S5_IVTiming_ATM_Monthly,1.1252117374570922,False
2025-10-22,159915,S5_IVTiming_ATM_Monthly,1.1040300724568655,False
2025-11-26,159915,S5_IVTiming_ATM_Monthly,1.0714521884855694,False
2025-12-24,159915,S5_IVTiming_ATM_Monthly,1.1121313182527166,False
2026-01-28,159915,S5_IVTiming_ATM_Monthly,1.1494398332979916,False
2026-02-27,159915,S5_IVTiming_ATM_Monthly,1.1377214062118952,False
2026-03-31,159915,S5_IVTiming_ATM_Monthly,1.0967069114105576,False
2026-04-22,159915,S5_IVTiming_ATM_Monthly,1.1304697678033226,False
2026-05-27,159915,S5_IVTiming_ATM_Monthly,1.2029669870719029,False
2026-06-03,159915,S5_IVTiming_ATM_Monthly,1.2511813132637806,False
2021-01-29,159915,S6_IVTiming_OTM5_Monthly,1.0,False
2021-02-26,159915,S6_IVTiming_OTM5_Monthly,0.9290194783757015,False
2021-03-31,159915,S6_IVTiming_OTM5_Monthly,0.8798283261802575,False
2021-04-30,159915,S6_IVTiming_OTM5_Monthly,0.98679432155827,False
2021-05-31,159915,S6_IVTiming_OTM5_Monthly,1.0548035655331793,False
2021-06-30,159915,S6_IVTiming_OTM5_Monthly,1.1135688345988777,False
2021-07-30,159915,S6_IVTiming_OTM5_Monthly,1.0987124463519313,False
2021-08-31,159915,S6_IVTiming_OTM5_Monthly,1.0254209310003302,False
2021-09-30,159915,S6_IVTiming_OTM5_Monthly,1.0392868933641466,False
2021-10-29,159915,S6_IVTiming_OTM5_Monthly,1.0726312314295146,False
2021-11-30,159915,S6_IVTiming_OTM5_Monthly,1.1178606800924396,False
2021-12-31,159915,S6_IVTiming_OTM5_Monthly,1.0623968306371738,False
2022-01-28,159915,S6_IVTiming_OTM5_Monthly,0.9306701881809176,False
2022-02-28,159915,S6_IVTiming_OTM5_Monthly,0.9197755034664904,False
2022-03-31,159915,S6_IVTiming_OTM5_Monthly,0.8497854077253216,False
2022-04-29,159915,S6_IVTiming_OTM5_Monthly,0.7408385605810497,False
2022-05-31,159915,S6_IVTiming_OTM5_Monthly,0.770551337074942,False
2022-06-30,159915,S6_IVTiming_OTM5_Monthly,0.9012875536480683,False
2022-07-29,159915,S6_IVTiming_OTM5_Monthly,0.8563882469461865,False
2022-08-31,159915,S6_IVTiming_OTM5_Monthly,0.822383624958732,False
2022-09-30,159915,S6_IVTiming_OTM5_Monthly,0.7332452954770549,False
2022-10-31,159915,S6_IVTiming_OTM5_Monthly,0.7269725982172331,False
2022-11-30,159915,S6_IVTiming_OTM5_Monthly,0.7477715417629578,False
2022-12-30,159915,S6_IVTiming_OTM5_Monthly,0.7523935292175632,False
2023-01-31,159915,S6_IVTiming_OTM5_Monthly,0.8276658963354239,False
2023-02-28,159915,S6_IVTiming_OTM5_Monthly,0.778804886101023,False
2023-03-31,159915,S6_IVTiming_OTM5_Monthly,0.7682403433476391,False
2023-04-28,159915,S6_IVTiming_OTM5_Monthly,0.7444701221525252,False
2023-05-31,159915,S6_IVTiming_OTM5_Monthly,0.7035325189831623,False
2023-06-30,159915,S6_IVTiming_OTM5_Monthly,0.7144272036975896,False
2023-07-31,159915,S6_IVTiming_OTM5_Monthly,0.7203697589963681,False
2023-08-31,159915,S6_IVTiming_OTM5_Monthly,0.6774513040607458,False
2023-09-28,159915,S6_IVTiming_OTM5_Monthly,0.6447672499174643,False
2023-10-31,159915,S6_IVTiming_OTM5_Monthly,0.632551997358864,False
2023-11-30,159915,S6_IVTiming_OTM5_Monthly,0.6186860349950476,False
2023-12-29,159915,S6_IVTiming_OTM5_Monthly,0.6081214922416637,False
2024-01-24,159915,S6_IVTiming_OTM5_Monthly,0.5466646005282269,False
2024-02-28,159915,S6_IVTiming_OTM5_Monthly,0.5795027930056652,False
2024-03-27,159915,S6_IVTiming_OTM5_Monthly,0.5809797682530858,False
2024-04-24,159915,S6_IVTiming_OTM5_Monthly,0.5701987488329365,False
2024-05-22,159915,S6_IVTiming_OTM5_Monthly,0.5796956900123041,False
2024-06-26,159915,S6_IVTiming_OTM5_Monthly,0.5579723791699824,False
2024-07-24,159915,S6_IVTiming_OTM5_Monthly,0.5483287030720123,False
2024-08-28,159915,S6_IVTiming_OTM5_Monthly,0.49802584472305234,False
2024-09-30,159915,S6_IVTiming_OTM5_Monthly,0.7162330447305754,False
2024-10-23,159915,S6_IVTiming_OTM5_Monthly,0.7569368703019785,False
2024-11-27,159915,S6_IVTiming_OTM5_Monthly,0.7971612161423601,False
2024-12-25,159915,S6_IVTiming_OTM5_Monthly,0.801910526334173,False
2025-01-22,159915,S6_IVTiming_OTM5_Monthly,0.7900055122077547,False
2025-02-26,159915,S6_IVTiming_OTM5_Monthly,0.8566938392072443,False
2025-03-26,159915,S6_IVTiming_OTM5_Monthly,0.8550380408397783,False
2025-04-30,159915,S6_IVTiming_OTM5_Monthly,0.795798486653689,False
2025-05-28,159915,S6_IVTiming_OTM5_Monthly,0.8156810209415307,False
2025-06-30,159915,S6_IVTiming_OTM5_Monthly,0.8822756681887856,False
2025-07-23,159915,S6_IVTiming_OTM5_Monthly,0.9413200438965454,False
2025-08-27,159915,S6_IVTiming_OTM5_Monthly,1.0479470082304587,False
2025-09-24,159915,S6_IVTiming_OTM5_Monthly,1.1282924103779046,False
2025-10-22,159915,S6_IVTiming_OTM5_Monthly,1.0827945011806013,False
2025-11-26,159915,S6_IVTiming_OTM5_Monthly,1.044878199604962,False
2025-12-24,159915,S6_IVTiming_OTM5_Monthly,1.1076378016564141,False
2026-01-28,159915,S6_IVTiming_OTM5_Monthly,1.156340733139435,False
2026-02-27,159915,S6_IVTiming_OTM5_Monthly,1.1445519520519567,False
2026-03-31,159915,S6_IVTiming_OTM5_Monthly,1.103291218245782,False
2026-04-22,159915,S6_IVTiming_OTM5_Monthly,1.1586565871747418,False
2026-05-27,159915,S6_IVTiming_OTM5_Monthly,1.2547322877354878,False
2026-06-03,159915,S6_IVTiming_OTM5_Monthly,1.2988397807066303,False
2021-01-29,510050,S0_BuyHold,1.0,False
2021-02-26,510050,S0_BuyHold,1.0105291576673865,False
2021-03-31,510050,S0_BuyHold,0.9522138228941684,False
2021-04-30,510050,S0_BuyHold,0.9400647948164147,False
2021-05-31,510050,S0_BuyHold,0.9824514038876888,False
2021-06-30,510050,S0_BuyHold,0.948974082073434,False
2021-07-30,510050,S0_BuyHold,0.8539416846652266,False
2021-08-31,510050,S0_BuyHold,0.84719222462203,False
2021-09-30,510050,S0_BuyHold,0.8723002159827211,False
2021-10-29,510050,S0_BuyHold,0.892008639308855,False
2021-11-30,510050,S0_BuyHold,0.8542116630669545,False
2021-12-31,510050,S0_BuyHold,0.8790496760259178,False
2022-01-28,510050,S0_BuyHold,0.8196544276457882,False
2022-02-28,510050,S0_BuyHold,0.8264038876889847,False
2022-03-31,510050,S0_BuyHold,0.7778077753779695,False
2022-04-29,510050,S0_BuyHold,0.7540496760259178,False
2022-05-31,510050,S0_BuyHold,0.7537796976241898,False
2022-06-30,510050,S0_BuyHold,0.8285637149028076,False
2022-07-29,510050,S0_BuyHold,0.7634989200863929,False
2022-08-31,510050,S0_BuyHold,0.7562095032397407,False
2022-09-30,510050,S0_BuyHold,0.7154427645788335,False
2022-10-31,510050,S0_BuyHold,0.6298596112311013,False
2022-11-30,510050,S0_BuyHold,0.714092872570194,False
2022-12-30,510050,S0_BuyHold,0.7151727861771056,False
2023-01-31,510050,S0_BuyHold,0.761069114470842,False
2023-02-28,510050,S0_BuyHold,0.7413606911447082,False
2023-03-31,510050,S0_BuyHold,0.7205723542116628,False
2023-04-28,510050,S0_BuyHold,0.7235421166306693,False
2023-05-31,510050,S0_BuyHold,0.6749460043196541,False
2023-06-30,510050,S0_BuyHold,0.6862850971922243,False
2023-07-31,510050,S0_BuyHold,0.7373110151187903,False
2023-08-31,510050,S0_BuyHold,0.6992440604751617,False
2023-09-28,510050,S0_BuyHold,0.6973542116630668,False
2023-10-31,510050,S0_BuyHold,0.6717062634989198,False
2023-11-30,510050,S0_BuyHold,0.6482181425485958,False
2023-12-29,510050,S0_BuyHold,0.6357991360691142,False
2024-01-31,510050,S0_BuyHold,0.6187904967602589,False
2024-02-29,510050,S0_BuyHold,0.6598272138228939,False
2024-03-29,510050,S0_BuyHold,0.6611771058315332,False
2024-04-30,510050,S0_BuyHold,0.6749460043196541,False
2024-05-31,510050,S0_BuyHold,0.6746760259179263,False
2024-06-28,510050,S0_BuyHold,0.6590172786177102,False
2024-07-31,510050,S0_BuyHold,0.6649568034557233,False
2024-08-30,510050,S0_BuyHold,0.6557775377969759,False
2024-09-30,510050,S0_BuyHold,0.7853671706263495,False
2024-10-31,510050,S0_BuyHold,0.7400107991360688,False
2024-11-29,510050,S0_BuyHold,0.7375809935205181,False
2024-12-31,510050,S0_BuyHold,0.7392008639308851,False
2025-01-27,510050,S0_BuyHold,0.7135529157667382,False
2025-02-28,510050,S0_BuyHold,0.7302915766738657,False
2025-03-31,510050,S0_BuyHold,0.735691144708423,False
2025-04-30,510050,S0_BuyHold,0.7270518358531314,False
2025-05-30,510050,S0_BuyHold,0.7421706263498916,False
2025-06-30,510050,S0_BuyHold,0.7578293736501076,False
2025-07-31,510050,S0_BuyHold,0.7826673866090709,False
2025-08-29,510050,S0_BuyHold,0.8401727861771053,False
2025-09-30,510050,S0_BuyHold,0.8439524838012954,False
2025-10-31,510050,S0_BuyHold,0.8531317494600428,False
2025-11-28,510050,S0_BuyHold,0.8404427645788332,False
2025-12-31,510050,S0_BuyHold,0.8382829373650103,False
2026-01-30,510050,S0_BuyHold,0.8496220302375804,False
2026-02-27,510050,S0_BuyHold,0.8431425485961119,False
2026-03-31,510050,S0_BuyHold,0.7834773218142544,False
2026-04-30,510050,S0_BuyHold,0.8266738660907123,False
2026-05-29,510050,S0_BuyHold,0.8091252699784013,False
2026-06-03,510050,S0_BuyHold,0.8088552915766735,False
2021-01-29,510050,S1_ATM_100_Monthly,1.0,False
2021-02-24,510050,S1_ATM_100_Monthly,1.0247710853131748,False
2021-03-24,510050,S1_ATM_100_Monthly,0.9728481548033385,False
2021-04-28,510050,S1_ATM_100_Monthly,0.9775817630607363,False
2021-05-26,510050,S1_ATM_100_Monthly,0.9982934975761564,False
2021-06-23,510050,S1_ATM_100_Monthly,0.9741410497003382,False
2021-07-28,510050,S1_ATM_100_Monthly,0.9030169192677121,False
2021-08-25,510050,S1_ATM_100_Monthly,0.9265632353218678,False
2021-09-22,510050,S1_ATM_100_Monthly,0.9389528444213278,False
2021-10-27,510050,S1_ATM_100_Monthly,0.9555627778414644,False
2021-11-24,510050,S1_ATM_100_Monthly,0.9658491624209603,False
2021-12-22,510050,S1_ATM_100_Monthly,0.9823243085083307,False
2022-01-26,510050,S1_ATM_100_Monthly,0.9670793502613538,False
2022-02-23,510050,S1_ATM_100_Monthly,0.9838839785125554,False
2022-03-23,510050,S1_ATM_100_Monthly,0.9496753514990505,False
2022-04-27,510050,S1_ATM_100_Monthly,0.9116929852774974,False
2022-05-25,510050,S1_ATM_100_Monthly,0.9084519379321807,False
2022-06-22,510050,S1_ATM_100_Monthly,0.9275758273559588,False
2022-07-27,510050,S1_ATM_100_Monthly,0.8840746518478756,False
2022-08-24,510050,S1_ATM_100_Monthly,0.8740944087559464,False
2022-09-28,510050,S1_ATM_100_Monthly,0.8442836857610045,False
2022-10-26,510050,S1_ATM_100_Monthly,0.7930770359359139,False
2022-11-23,510050,S1_ATM_100_Monthly,0.8165239692735238,False
2022-12-28,510050,S1_ATM_100_Monthly,0.8316435544172266,False
2023-01-30,510050,S1_ATM_100_Monthly,0.849059014962073,False
2023-02-22,510050,S1_ATM_100_Monthly,0.8554645613408788,False
2023-03-22,510050,S1_ATM_100_Monthly,0.8427464264060949,False
2023-04-26,510050,S1_ATM_100_Monthly,0.84561045387833,False
2023-05-24,510050,S1_ATM_100_Monthly,0.8235499443338871,False
2023-06-28,510050,S1_ATM_100_Monthly,0.840671218256611,False
2023-07-26,510050,S1_ATM_100_Monthly,0.856373531242696,False
2023-08-23,510050,S1_ATM_100_Monthly,0.8084211446529463,False
2023-09-27,510050,S1_ATM_100_Monthly,0.8261117246792377,False
2023-10-25,510050,S1_ATM_100_Monthly,0.7996557925358528,False
2023-11-22,510050,S1_ATM_100_Monthly,0.8050178413844238,False
2023-12-27,510050,S1_ATM_100_Monthly,0.7859331013592947,False
2024-01-24,510050,S1_ATM_100_Monthly,0.7803859488196497,False
2024-02-28,510050,S1_ATM_100_Monthly,0.7985259555082826,False
2024-03-27,510050,S1_ATM_100_Monthly,0.8104111517911615,False
2024-04-24,510050,S1_ATM_100_Monthly,0.8225498302034426,False
2024-05-22,510050,S1_ATM_100_Monthly,0.834092655519691,False
2024-06-26,510050,S1_ATM_100_Monthly,0.8268437762053752,False
2024-07-24,510050,S1_ATM_100_Monthly,0.8396090958099447,False
2024-08-28,510050,S1_ATM_100_Monthly,0.8423968502657401,False
2024-09-25,510050,S1_ATM_100_Monthly,0.8568898216176815,False
2024-10-23,510050,S1_ATM_100_Monthly,0.8737169697152541,False
2024-11-27,510050,S1_ATM_100_Monthly,0.896016993605918,False
2024-12-25,510050,S1_ATM_100_Monthly,0.9110980878288247,False
2025-01-22,510050,S1_ATM_100_Monthly,0.8816417176289646,False
2025-02-26,510050,S1_ATM_100_Monthly,0.8978799202088806,False
2025-03-26,510050,S1_ATM_100_Monthly,0.9121119144243601,False
2025-04-23,510050,S1_ATM_100_Monthly,0.9220773981613842,False
2025-05-28,510050,S1_ATM_100_Monthly,0.9375814636476584,False
2025-06-25,510050,S1_ATM_100_Monthly,0.9501605565619275,False
2025-07-23,510050,S1_ATM_100_Monthly,0.9609520211616782,False
2025-08-27,510050,S1_ATM_100_Monthly,0.9770539175295133,False
2025-09-24,510050,S1_ATM_100_Monthly,0.9904785504466334,False
2025-10-22,510050,S1_ATM_100_Monthly,1.001653705489242,False
2025-11-26,510050,S1_ATM_100_Monthly,0.9985415737658673,False
2025-12-24,510050,S1_ATM_100_Monthly,0.9979301795587756,False
2026-01-28,510050,S1_ATM_100_Monthly,1.0108429782693085,False
2026-02-25,510050,S1_ATM_100_Monthly,1.0225857808648489,False
2026-03-25,510050,S1_ATM_100_Monthly,0.9743141000914635,False
2026-04-22,510050,S1_ATM_100_Monthly,0.9894480149147121,False
2026-05-27,510050,S1_ATM_100_Monthly,0.9803959550708827,False
2026-06-03,510050,S1_ATM_100_Monthly,0.9963515475794505,False
2021-01-29,510050,S4_OTM5_100_Monthly,1.0,False
2021-02-24,510050,S4_OTM5_100_Monthly,1.0305845977321813,False
2021-03-24,510050,S4_OTM5_100_Monthly,0.9629284535111453,False
2021-04-28,510050,S4_OTM5_100_Monthly,0.9507225367902444,False
2021-05-26,510050,S4_OTM5_100_Monthly,0.9985031702442585,False
2021-06-23,510050,S4_OTM5_100_Monthly,0.9607427382637782,False
2021-07-28,510050,S4_OTM5_100_Monthly,0.8750250251620105,False
2021-08-25,510050,S4_OTM5_100_Monthly,0.8897398310736063,False
2021-09-22,510050,S4_OTM5_100_Monthly,0.8992647539841294,False
2021-10-27,510050,S4_OTM5_100_Monthly,0.9195244012345507,False
2021-11-24,510050,S4_OTM5_100_Monthly,0.9135116745906791,False
2021-12-22,510050,S4_OTM5_100_Monthly,0.9399567981762649,False
2022-01-26,510050,S4_OTM5_100_Monthly,0.9129044171585072,False
2022-02-23,510050,S4_OTM5_100_Monthly,0.9378290381188822,False
2022-03-23,510050,S4_OTM5_100_Monthly,0.8917170934100089,False
2022-04-27,510050,S4_OTM5_100_Monthly,0.8459057080795443,False
2022-05-25,510050,S4_OTM5_100_Monthly,0.8288525609569984,False
2022-06-22,510050,S4_OTM5_100_Monthly,0.8628128946936476,False
2022-07-27,510050,S4_OTM5_100_Monthly,0.814368621468753,False
2022-08-24,510050,S4_OTM5_100_Monthly,0.7960225349551583,False
2022-09-28,510050,S4_OTM5_100_Monthly,0.7561205767916909,False
2022-10-26,510050,S4_OTM5_100_Monthly,0.6981692274246454,False
2022-11-23,510050,S4_OTM5_100_Monthly,0.7390449558463246,False
2022-12-28,510050,S4_OTM5_100_Monthly,0.7455804882586997,False
2023-01-30,510050,S4_OTM5_100_Monthly,0.790556132452581,False
2023-02-22,510050,S4_OTM5_100_Monthly,0.7822811635134851,False
2023-03-22,510050,S4_OTM5_100_Monthly,0.7592330551713384,False
2023-04-26,510050,S4_OTM5_100_Monthly,0.7473697471092089,False
2023-05-24,510050,S4_OTM5_100_Monthly,0.7206809364010267,False
2023-06-28,510050,S4_OTM5_100_Monthly,0.7393300402331323,False
2023-07-26,510050,S4_OTM5_100_Monthly,0.773735601291304,False
2023-08-23,510050,S4_OTM5_100_Monthly,0.7226798459401714,False
2023-09-27,510050,S4_OTM5_100_Monthly,0.7311878664777955,False
2023-10-25,510050,S4_OTM5_100_Monthly,0.7000476990601585,False
2023-11-22,510050,S4_OTM5_100_Monthly,0.6975986153866157,False
2023-12-27,510050,S4_OTM5_100_Monthly,0.6715644151983055,False
2024-01-24,510050,S4_OTM5_100_Monthly,0.6568486850943664,False
2024-02-28,510050,S4_OTM5_100_Monthly,0.6917238969453663,False
2024-03-27,510050,S4_OTM5_100_Monthly,0.692684159153859,False
2024-04-24,510050,S4_OTM5_100_Monthly,0.6969823647709131,False
2024-05-22,510050,S4_OTM5_100_Monthly,0.7164968952091881,False
2024-06-26,510050,S4_OTM5_100_Monthly,0.7015582790002086,False
2024-07-24,510050,S4_OTM5_100_Monthly,0.7123640871552134,False
2024-08-28,510050,S4_OTM5_100_Monthly,0.7031371790242228,False
2024-09-25,510050,S4_OTM5_100_Monthly,0.7187105820046479,False
2024-10-23,510050,S4_OTM5_100_Monthly,0.7328242394406219,False
2024-11-27,510050,S4_OTM5_100_Monthly,0.7405186533338745,False
2024-12-25,510050,S4_OTM5_100_Monthly,0.7521724707719283,False
2025-01-22,510050,S4_OTM5_100_Monthly,0.7189030005512523,False
2025-02-26,510050,S4_OTM5_100_Monthly,0.7441707002036771,False
2025-03-26,510050,S4_OTM5_100_Monthly,0.7552838235626189,False
2025-04-23,510050,S4_OTM5_100_Monthly,0.7530098233416879,False
2025-05-28,510050,S4_OTM5_100_Monthly,0.7696462933423622,False
2025-06-25,510050,S4_OTM5_100_Monthly,0.7942832339383588,False
2025-07-23,510050,S4_OTM5_100_Monthly,0.8282664878863933,False
2025-08-27,510050,S4_OTM5_100_Monthly,0.8617491106603613,False
2025-09-24,510050,S4_OTM5_100_Monthly,0.8588651310209957,False
2025-10-22,510050,S4_OTM5_100_Monthly,0.8676831839438564,False
2025-11-26,510050,S4_OTM5_100_Monthly,0.8586201507125768,False
2025-12-24,510050,S4_OTM5_100_Monthly,0.8551997919702201,False
2026-01-28,510050,S4_OTM5_100_Monthly,0.8653624987927988,False
2026-02-25,510050,S4_OTM5_100_Monthly,0.866570019079087,False
2026-03-25,510050,S4_OTM5_100_Monthly,0.8146249596411554,False
2026-04-22,510050,S4_OTM5_100_Monthly,0.8455015474463826,False
2026-05-27,510050,S4_OTM5_100_Monthly,0.832246612507758,False
2026-06-03,510050,S4_OTM5_100_Monthly,0.8358824360930878,False
2021-01-29,510050,S5_IVTiming_ATM_Monthly,1.0,False
2021-02-26,510050,S5_IVTiming_ATM_Monthly,1.0105291576673865,False
2021-03-31,510050,S5_IVTiming_ATM_Monthly,0.9522138228941684,False
2021-04-30,510050,S5_IVTiming_ATM_Monthly,0.9400647948164147,False
2021-05-31,510050,S5_IVTiming_ATM_Monthly,0.9824514038876888,False
2021-06-30,510050,S5_IVTiming_ATM_Monthly,0.948974082073434,False
2021-07-30,510050,S5_IVTiming_ATM_Monthly,0.8539416846652266,False
2021-08-31,510050,S5_IVTiming_ATM_Monthly,0.84719222462203,False
2021-09-30,510050,S5_IVTiming_ATM_Monthly,0.8723002159827211,False
2021-10-29,510050,S5_IVTiming_ATM_Monthly,0.892008639308855,False
2021-11-30,510050,S5_IVTiming_ATM_Monthly,0.8542116630669545,False
2021-12-31,510050,S5_IVTiming_ATM_Monthly,0.8790496760259178,False
2022-01-28,510050,S5_IVTiming_ATM_Monthly,0.8196544276457882,False
2022-02-28,510050,S5_IVTiming_ATM_Monthly,0.8264038876889847,False
2022-03-31,510050,S5_IVTiming_ATM_Monthly,0.7778077753779695,False
2022-04-27,510050,S5_IVTiming_ATM_Monthly,0.7397103266738659,False
2022-05-25,510050,S5_IVTiming_ATM_Monthly,0.7370806736774244,False
2022-06-22,510050,S5_IVTiming_ATM_Monthly,0.752597013850462,False
2022-07-27,510050,S5_IVTiming_ATM_Monthly,0.7173019427405454,False
2022-08-24,510050,S5_IVTiming_ATM_Monthly,0.7028538063028131,False
2022-09-30,510050,S5_IVTiming_ATM_Monthly,0.6649634368805621,False
2022-10-31,510050,S5_IVTiming_ATM_Monthly,0.5854187540537176,False
2022-11-23,510050,S5_IVTiming_ATM_Monthly,0.6027263722029251,False
2022-12-28,510050,S5_IVTiming_ATM_Monthly,0.6138870644125919,False
2023-01-31,510050,S5_IVTiming_ATM_Monthly,0.653283365262022,False
2023-02-22,510050,S5_IVTiming_ATM_Monthly,0.6506492996193609,False
2023-03-31,510050,S5_IVTiming_ATM_Monthly,0.6324045814581479,False
2023-04-28,510050,S5_IVTiming_ATM_Monthly,0.6350109697668926,False
2023-05-31,510050,S5_IVTiming_ATM_Monthly,0.592360979260161,False
2023-06-30,510050,S5_IVTiming_ATM_Monthly,0.6023126437117317,False
2023-07-31,510050,S5_IVTiming_ATM_Monthly,0.6470951337437999,False
2023-08-23,510050,S5_IVTiming_ATM_Monthly,0.6057576315352053,False
2023-09-27,510050,S5_IVTiming_ATM_Monthly,0.61402267402726,False
2023-10-31,510050,S5_IVTiming_ATM_Monthly,0.5914395714207599,False
2023-11-30,510050,S5_IVTiming_ATM_Monthly,0.5707582037705966,False
2023-12-29,510050,S5_IVTiming_ATM_Monthly,0.5598232277716597,False
2024-01-31,510050,S5_IVTiming_ATM_Monthly,0.544847064990507,False
2024-02-28,510050,S5_IVTiming_ATM_Monthly,0.5575119898500062,False
2024-03-27,510050,S5_IVTiming_ATM_Monthly,0.5658099535964795,False
2024-04-30,510050,S5_IVTiming_ATM_Monthly,0.577592847689342,False
2024-05-31,510050,S5_IVTiming_ATM_Monthly,0.5773618105502664,False
2024-06-28,510050,S5_IVTiming_ATM_Monthly,0.5639616564838735,False
2024-07-31,510050,S5_IVTiming_ATM_Monthly,0.5690444735435398,False
2024-08-30,510050,S5_IVTiming_ATM_Monthly,0.5611892108149648,False
2024-09-30,510050,S5_IVTiming_ATM_Monthly,0.6720870375713185,False
2024-10-23,510050,S5_IVTiming_ATM_Monthly,0.6852851265558757,False
2024-11-27,510050,S5_IVTiming_ATM_Monthly,0.7027757730968179,False
2024-12-25,510050,S5_IVTiming_ATM_Monthly,0.714604374258718,False
2025-01-22,510050,S5_IVTiming_ATM_Monthly,0.685957397360847,False
2025-02-26,510050,S5_IVTiming_ATM_Monthly,0.7030452306980942,False
2025-03-26,510050,S5_IVTiming_ATM_Monthly,0.7126456382055459,False
2025-04-23,510050,S5_IVTiming_ATM_Monthly,0.7143157919080312,False
2025-05-28,510050,S5_IVTiming_ATM_Monthly,0.727482869328947,False
2025-06-30,510050,S5_IVTiming_ATM_Monthly,0.7428317257935082,False
2025-07-31,510050,S5_IVTiming_ATM_Monthly,0.7671781877717778,False
2025-08-27,510050,S5_IVTiming_ATM_Monthly,0.7937179748752875,False
2025-09-24,510050,S5_IVTiming_ATM_Monthly,0.8046235884358602,False
2025-10-22,510050,S5_IVTiming_ATM_Monthly,0.8119940730654811,False
2025-11-26,510050,S5_IVTiming_ATM_Monthly,0.8048225593993772,False
2025-12-24,510050,S5_IVTiming_ATM_Monthly,0.8027664161499499,False
2026-01-30,510050,S5_IVTiming_ATM_Monthly,0.8136250923104323,False
2026-02-25,510050,S5_IVTiming_ATM_Monthly,0.8166704597476213,False
2026-03-31,510050,S5_IVTiming_ATM_Monthly,0.7588785380043538,False
2026-04-22,510050,S5_IVTiming_ATM_Monthly,0.7706661157005723,False
2026-05-29,510050,S5_IVTiming_ATM_Monthly,0.7543064496259357,False
2026-06-03,510050,S5_IVTiming_ATM_Monthly,0.7665825165298896,False
2021-01-29,510050,S6_IVTiming_OTM5_Monthly,1.0,False
2021-02-26,510050,S6_IVTiming_OTM5_Monthly,1.0105291576673865,False
2021-03-31,510050,S6_IVTiming_OTM5_Monthly,0.9522138228941684,False
2021-04-30,510050,S6_IVTiming_OTM5_Monthly,0.9400647948164147,False
2021-05-31,510050,S6_IVTiming_OTM5_Monthly,0.9824514038876888,False
2021-06-30,510050,S6_IVTiming_OTM5_Monthly,0.948974082073434,False
2021-07-30,510050,S6_IVTiming_OTM5_Monthly,0.8539416846652266,False
2021-08-31,510050,S6_IVTiming_OTM5_Monthly,0.84719222462203,False
2021-09-30,510050,S6_IVTiming_OTM5_Monthly,0.8723002159827211,False
2021-10-29,510050,S6_IVTiming_OTM5_Monthly,0.892008639308855,False
2021-11-30,510050,S6_IVTiming_OTM5_Monthly,0.8542116630669545,False
2021-12-31,510050,S6_IVTiming_OTM5_Monthly,0.8790496760259178,False
2022-01-28,510050,S6_IVTiming_OTM5_Monthly,0.8196544276457882,False
2022-02-28,510050,S6_IVTiming_OTM5_Monthly,0.8264038876889847,False
2022-03-31,510050,S6_IVTiming_OTM5_Monthly,0.7778077753779695,False
2022-04-27,510050,S6_IVTiming_OTM5_Monthly,0.7352848947084232,False
2022-05-25,510050,S6_IVTiming_OTM5_Monthly,0.7204618223887961,False
2022-06-22,510050,S6_IVTiming_OTM5_Monthly,0.7499810940727589,False
2022-07-27,510050,S6_IVTiming_OTM5_Monthly,0.7078719771851788,False
2022-08-24,510050,S6_IVTiming_OTM5_Monthly,0.6896358696702439,False
2022-09-30,510050,S6_IVTiming_OTM5_Monthly,0.6524580701985527,False
2022-10-31,510050,S6_IVTiming_OTM5_Monthly,0.5744093123672542,False
2022-11-23,510050,S6_IVTiming_OTM5_Monthly,0.6080392664427389,False
2022-12-28,510050,S6_IVTiming_OTM5_Monthly,0.613416287559516,False
2023-01-31,510050,S6_IVTiming_OTM5_Monthly,0.6527823762288696,False
2023-02-22,510050,S6_IVTiming_OTM5_Monthly,0.6442715146955157,False
2023-03-31,510050,S6_IVTiming_OTM5_Monthly,0.6262056346403246,False
2023-04-28,510050,S6_IVTiming_OTM5_Monthly,0.628786474648209,False
2023-05-31,510050,S6_IVTiming_OTM5_Monthly,0.5865545472464636,False
2023-06-30,510050,S6_IVTiming_OTM5_Monthly,0.5964086636402042,False
2023-07-31,510050,S6_IVTiming_OTM5_Monthly,0.6407521874120369,False
2023-08-23,510050,S6_IVTiming_OTM5_Monthly,0.5966188965210283,False
2023-09-27,510050,S6_IVTiming_OTM5_Monthly,0.6017433403027445,False
2023-10-31,510050,S6_IVTiming_OTM5_Monthly,0.5796118585649354,False
2023-11-30,510050,S6_IVTiming_OTM5_Monthly,0.5593440805524155,False
2023-12-29,510050,S6_IVTiming_OTM5_Monthly,0.5486277841320026,False
2024-01-31,510050,S6_IVTiming_OTM5_Monthly,0.5339511172953503,False
2024-02-28,510050,S6_IVTiming_OTM5_Monthly,0.5623011144199972,False
2024-03-27,510050,S6_IVTiming_OTM5_Monthly,0.5630817098459399,False
2024-04-30,510050,S6_IVTiming_OTM5_Monthly,0.5748077887361575,False
2024-05-31,510050,S6_IVTiming_OTM5_Monthly,0.574577865620663,False
2024-06-28,510050,S6_IVTiming_OTM5_Monthly,0.5612423249219841,False
2024-07-31,510050,S6_IVTiming_OTM5_Monthly,0.5663006334628624,False
2024-08-30,510050,S6_IVTiming_OTM5_Monthly,0.5584832475360506,False
2024-09-30,510050,S6_IVTiming_OTM5_Monthly,0.6688463429733928,False
2024-10-23,510050,S6_IVTiming_OTM5_Monthly,0.6819807929152604,False
2024-11-27,510050,S6_IVTiming_OTM5_Monthly,0.689141367314306,False
2024-12-25,510050,S6_IVTiming_OTM5_Monthly,0.6999866412956365,False
2025-01-22,510050,S6_IVTiming_OTM5_Monthly,0.6677605461158512,False
2025-02-26,510050,S6_IVTiming_OTM5_Monthly,0.689980707797099,False
2025-03-26,510050,S6_IVTiming_OTM5_Monthly,0.6990863232550262,False
2025-04-23,510050,S6_IVTiming_OTM5_Monthly,0.6958532863145034,False
2025-05-28,510050,S6_IVTiming_OTM5_Monthly,0.7105167535258213,False
2025-06-30,510050,S6_IVTiming_OTM5_Monthly,0.7255076490167263,False
2025-07-31,510050,S6_IVTiming_OTM5_Monthly,0.7492863108298858,False
2025-08-27,510050,S6_IVTiming_OTM5_Monthly,0.7840744801393524,False
2025-09-24,510050,S6_IVTiming_OTM5_Monthly,0.7814504509312048,False
2025-10-22,510050,S6_IVTiming_OTM5_Monthly,0.7882118909616912,False
2025-11-26,510050,S6_IVTiming_OTM5_Monthly,0.7783584316637062,False
2025-12-24,510050,S6_IVTiming_OTM5_Monthly,0.7750578718688673,False
2026-01-30,510050,S6_IVTiming_OTM5_Monthly,0.785541746464195,False
2026-02-25,510050,S6_IVTiming_OTM5_Monthly,0.784467311568614,False
2026-03-31,510050,S6_IVTiming_OTM5_Monthly,0.7289542549382382,False
2026-04-22,510050,S6_IVTiming_OTM5_Monthly,0.7565836809608697,False
2026-05-29,510050,S6_IVTiming_OTM5_Monthly,0.7405229561854103,False
2026-06-03,510050,S6_IVTiming_OTM5_Monthly,0.743758067976931,False
2021-01-29,510300,S0_BuyHold,1.0,False
2021-02-26,510300,S0_BuyHold,0.9964472700074795,False
2021-03-31,510300,S0_BuyHold,0.9442782348541511,False
2021-04-30,510300,S0_BuyHold,0.9588631264023935,False
2021-05-31,510300,S0_BuyHold,0.9981301421091997,False
2021-06-30,510300,S0_BuyHold,0.9827973074046373,False
2021-07-30,510300,S0_BuyHold,0.9109947643979057,False
2021-08-31,510300,S0_BuyHold,0.9123036649214659,False
2021-09-30,510300,S0_BuyHold,0.9227748691099475,False
2021-10-29,510300,S0_BuyHold,0.931376215407629,False
2021-11-30,510300,S0_BuyHold,0.9182872101720269,False
2021-12-31,510300,S0_BuyHold,0.9364248317127899,False
2022-01-28,510300,S0_BuyHold,0.8515332834704563,False
2022-02-28,510300,S0_BuyHold,0.8547120418848168,False
2022-03-31,510300,S0_BuyHold,0.7887060583395662,False
2022-04-29,510300,S0_BuyHold,0.7507479431563201,False
2022-05-31,510300,S0_BuyHold,0.7645848915482425,False
2022-06-30,510300,S0_BuyHold,0.8429319371727749,False
2022-07-29,510300,S0_BuyHold,0.7890800299177262,False
2022-08-31,510300,S0_BuyHold,0.7743081525804039,False
2022-09-30,510300,S0_BuyHold,0.7232610321615557,False
2022-10-31,510300,S0_BuyHold,0.6666043380703066,False
2022-11-30,510300,S0_BuyHold,0.731301421091997,False
2022-12-30,510300,S0_BuyHold,0.7363500373971579,False
2023-01-31,510300,S0_BuyHold,0.7776738967838444,False
2023-02-28,510300,S0_BuyHold,0.7612191473448017,False
2023-03-31,510300,S0_BuyHold,0.7572924457741211,False
2023-04-28,510300,S0_BuyHold,0.7526178010471205,False
2023-05-31,510300,S0_BuyHold,0.7109199700822738,False
2023-06-30,510300,S0_BuyHold,0.7258788332086762,False
2023-07-31,510300,S0_BuyHold,0.7636499626028421,False
2023-08-31,510300,S0_BuyHold,0.7178384442782348,False
2023-09-28,510300,S0_BuyHold,0.7038145100972325,False
2023-10-31,510300,S0_BuyHold,0.6813762154076289,False
2023-11-30,510300,S0_BuyHold,0.6660433807030665,False
2023-12-29,510300,S0_BuyHold,0.6542632759910246,False
2024-01-31,510300,S0_BuyHold,0.6024682124158564,False
2024-02-29,510300,S0_BuyHold,0.6550112191473447,False
2024-03-29,510300,S0_BuyHold,0.6593118922961854,False
2024-04-30,510300,S0_BuyHold,0.6727748691099475,False
2024-05-31,510300,S0_BuyHold,0.669783096484667,False
2024-06-28,510300,S0_BuyHold,0.6520194465220642,False
2024-07-31,510300,S0_BuyHold,0.6559461480927449,False
2024-08-30,510300,S0_BuyHold,0.6342557965594614,False
2024-09-30,510300,S0_BuyHold,0.7915108451757665,False
2024-10-31,510300,S0_BuyHold,0.7425205684367988,False
2024-11-29,510300,S0_BuyHold,0.7481301421091998,False
2024-12-31,510300,S0_BuyHold,0.7520568436798803,False
2025-01-27,510300,S0_BuyHold,0.7305534779356769,False
2025-02-28,510300,S0_BuyHold,0.7468212415856396,False
2025-03-31,510300,S0_BuyHold,0.7449513836948393,False
2025-04-30,510300,S0_BuyHold,0.7228870605833958,False
2025-05-30,510300,S0_BuyHold,0.7402767389678386,False
2025-06-30,510300,S0_BuyHold,0.7445774121166793,False
2025-07-31,510300,S0_BuyHold,0.7769259536275245,False
2025-08-29,510300,S0_BuyHold,0.8603216155572179,False
2025-09-30,510300,S0_BuyHold,0.8864996260284221,False
2025-10-31,510300,S0_BuyHold,0.8893044128646227,False
2025-11-28,510300,S0_BuyHold,0.866679132385939,False
2025-12-31,510300,S0_BuyHold,0.8887434554973825,False
2026-01-30,510300,S0_BuyHold,0.8808900523560214,False
2026-02-27,510300,S0_BuyHold,0.8835078534031415,False
2026-03-31,510300,S0_BuyHold,0.8345175766641737,False
2026-04-30,510300,S0_BuyHold,0.9020194465220644,False
2026-05-29,510300,S0_BuyHold,0.9205310396409876,False
2026-06-03,510300,S0_BuyHold,0.9283844427823487,False
2021-01-29,510300,S1_ATM_100_Monthly,1.0,False
2021-02-24,510300,S1_ATM_100_Monthly,1.0322836854899027,False
2021-03-24,510300,S1_ATM_100_Monthly,0.990424766068339,False
2021-04-28,510300,S1_ATM_100_Monthly,1.0035339792410904,False
2021-05-26,510300,S1_ATM_100_Monthly,1.0363087669019435,False
2021-06-23,510300,S1_ATM_100_Monthly,1.038369279930012,False
2021-07-28,510300,S1_ATM_100_Monthly,0.9725719120800784,False
2021-08-25,510300,S1_ATM_100_Monthly,0.9919286283651362,False
2021-09-22,510300,S1_ATM_100_Monthly,1.0086336294747928,False
2021-10-27,510300,S1_ATM_100_Monthly,1.026198263679504,False
2021-11-24,510300,S1_ATM_100_Monthly,1.0463388416114194,False
2021-12-22,510300,S1_ATM_100_Monthly,1.0611379526587865,False
2022-01-26,510300,S1_ATM_100_Monthly,1.0162080410830014,False
2022-02-23,510300,S1_ATM_100_Monthly,1.0362783730406446,False
2022-03-23,510300,S1_ATM_100_Monthly,0.9823832487648387,False
2022-04-27,510300,S1_ATM_100_Monthly,0.9275237936911073,False
2022-05-25,510300,S1_ATM_100_Monthly,0.9422513468382749,False
2022-06-22,510300,S1_ATM_100_Monthly,0.9614843697900167,False
2022-07-27,510300,S1_ATM_100_Monthly,0.935025633762969,False
2022-08-24,510300,S1_ATM_100_Monthly,0.9396236777095122,False
2022-09-28,510300,S1_ATM_100_Monthly,0.9066877348759288,False
2022-10-26,510300,S1_ATM_100_Monthly,0.884529498521701,False
2022-11-23,510300,S1_ATM_100_Monthly,0.9115648387033056,False
2022-12-28,510300,S1_ATM_100_Monthly,0.9326464945424988,False
2023-01-30,510300,S1_ATM_100_Monthly,0.9433696437958441,False
2023-02-22,510300,S1_ATM_100_Monthly,0.9491893544128955,False
2023-03-22,510300,S1_ATM_100_Monthly,0.9444961131808863,False
2023-04-26,510300,S1_ATM_100_Monthly,0.943785292402374,False
2023-05-24,510300,S1_ATM_100_Monthly,0.921078849982772,False
2023-06-28,510300,S1_ATM_100_Monthly,0.9379800169996271,False
2023-07-26,510300,S1_ATM_100_Monthly,0.9552012890358507,False
2023-08-23,510300,S1_ATM_100_Monthly,0.8965110110679141,False
2023-09-27,510300,S1_ATM_100_Monthly,0.9052567807339084,False
2023-10-25,510300,S1_ATM_100_Monthly,0.8703776987397706,False
2023-11-22,510300,S1_ATM_100_Monthly,0.8793965457662481,False
2023-12-27,510300,S1_ATM_100_Monthly,0.8511232185155932,False
2024-01-24,510300,S1_ATM_100_Monthly,0.8029575255686109,False
2024-02-28,510300,S1_ATM_100_Monthly,0.8205192309096028,False
2024-03-27,510300,S1_ATM_100_Monthly,0.8358292577798518,False
2024-04-24,510300,S1_ATM_100_Monthly,0.8461088909370841,False
2024-05-22,510300,S1_ATM_100_Monthly,0.8589189866006983,False
2024-06-26,510300,S1_ATM_100_Monthly,0.8501611661435895,False
2024-07-24,510300,S1_ATM_100_Monthly,0.8586892310561085,False
2024-08-28,510300,S1_ATM_100_Monthly,0.8362111556250396,False
2024-09-25,510300,S1_ATM_100_Monthly,0.8479654814893895,False
2024-10-23,510300,S1_ATM_100_Monthly,0.8543147256973637,False
2024-11-27,510300,S1_ATM_100_Monthly,0.8822059501070318,False
2024-12-25,510300,S1_ATM_100_Monthly,0.9015557407781671,False
2025-01-22,510300,S1_ATM_100_Monthly,0.8874257262447104,False
2025-02-26,510300,S1_ATM_100_Monthly,0.9024312048969962,False
2025-03-26,510300,S1_ATM_100_Monthly,0.9182854118429381,False
2025-04-23,510300,S1_ATM_100_Monthly,0.906040580656397,False
2025-05-28,510300,S1_ATM_100_Monthly,0.9244327240031657,False
2025-06-25,510300,S1_ATM_100_Monthly,0.9207397565392241,False
2025-07-23,510300,S1_ATM_100_Monthly,0.9346084280252779,False
2025-08-27,510300,S1_ATM_100_Monthly,0.9556344746596904,False
2025-09-24,510300,S1_ATM_100_Monthly,0.9800686108825494,False
2025-10-22,510300,S1_ATM_100_Monthly,0.990436107816977,False
2025-11-26,510300,S1_ATM_100_Monthly,0.9764768105164863,False
2025-12-24,510300,S1_ATM_100_Monthly,0.9861171963327776,False
2026-01-28,510300,S1_ATM_100_Monthly,0.9858861859830496,False
2026-02-25,510300,S1_ATM_100_Monthly,1.002744023597763,False
2026-03-25,510300,S1_ATM_100_Monthly,0.9807285079779534,False
2026-04-22,510300,S1_ATM_100_Monthly,1.0002802306463,False
2026-05-27,510300,S1_ATM_100_Monthly,1.0122361402360323,False
2026-06-03,510300,S1_ATM_100_Monthly,1.0263523725754973,False
2021-01-29,510300,S4_OTM5_100_Monthly,1.0,False
2021-02-24,510300,S4_OTM5_100_Monthly,1.021126215407629,False
2021-03-24,510300,S4_OTM5_100_Monthly,0.9520257862070279,False
2021-04-28,510300,S4_OTM5_100_Monthly,0.9720061681801061,False
2021-05-26,510300,S4_OTM5_100_Monthly,1.0117157382277726,False
2021-06-23,510300,S4_OTM5_100_Monthly,0.9868274268253956,False
2021-07-28,510300,S4_OTM5_100_Monthly,0.910259193884028,False
2021-08-25,510300,S4_OTM5_100_Monthly,0.9353851594991163,False
2021-09-22,510300,S4_OTM5_100_Monthly,0.9446994599651046,False
2021-10-27,510300,S4_OTM5_100_Monthly,0.9542694473515901,False
2021-11-24,510300,S4_OTM5_100_Monthly,0.9601304549649194,False
2021-12-22,510300,S4_OTM5_100_Monthly,0.9749493480973263,False
2022-01-26,510300,S4_OTM5_100_Monthly,0.9197756835047306,False
2022-02-23,510300,S4_OTM5_100_Monthly,0.9365774242507794,False
2022-03-23,510300,S4_OTM5_100_Monthly,0.8774640933299491,False
2022-04-27,510300,S4_OTM5_100_Monthly,0.8142208375989223,False
2022-05-25,510300,S4_OTM5_100_Monthly,0.8125148674987647,False
2022-06-22,510300,S4_OTM5_100_Monthly,0.8551760013518196,False
2022-07-27,510300,S4_OTM5_100_Monthly,0.8187873708955404,False
2022-08-24,510300,S4_OTM5_100_Monthly,0.8084631024325107,False
2022-09-28,510300,S4_OTM5_100_Monthly,0.7644747148366988,False
2022-10-26,510300,S4_OTM5_100_Monthly,0.736329712543168,False
2022-11-23,510300,S4_OTM5_100_Monthly,0.7721198495613268,False
2022-12-28,510300,S4_OTM5_100_Monthly,0.7826197516290677,False
2023-01-30,510300,S4_OTM5_100_Monthly,0.8231213373260835,False
2023-02-22,510300,S4_OTM5_100_Monthly,0.8132642465548262,False
2023-03-22,510300,S4_OTM5_100_Monthly,0.7997387791505934,False
2023-04-26,510300,S4_OTM5_100_Monthly,0.7812356574433896,False
2023-05-24,510300,S4_OTM5_100_Monthly,0.7498688614060127,False
2023-06-28,510300,S4_OTM5_100_Monthly,0.76694784461442,False
2023-07-26,510300,S4_OTM5_100_Monthly,0.7867827517154464,False
2023-08-23,510300,S4_OTM5_100_Monthly,0.7284663043477764,False
2023-09-27,510300,S4_OTM5_100_Monthly,0.7212724291926329,False
2023-10-25,510300,S4_OTM5_100_Monthly,0.685591212424738,False
2023-11-22,510300,S4_OTM5_100_Monthly,0.681300604258309,False
2023-12-27,510300,S4_OTM5_100_Monthly,0.654234541489574,False
2024-01-24,510300,S4_OTM5_100_Monthly,0.6136788152498975,False
2024-02-28,510300,S4_OTM5_100_Monthly,0.6499231679554661,False
2024-03-27,510300,S4_OTM5_100_Monthly,0.6509421632506998,False
2024-04-24,510300,S4_OTM5_100_Monthly,0.6499999124696098,False
2024-05-22,510300,S4_OTM5_100_Monthly,0.6659151458739565,False
2024-06-26,510300,S4_OTM5_100_Monthly,0.6513582723891649,False
2024-07-24,510300,S4_OTM5_100_Monthly,0.6504613518612888,False
2024-08-28,510300,S4_OTM5_100_Monthly,0.6236672300416339,False
2024-09-25,510300,S4_OTM5_100_Monthly,0.6392586533828511,False
2024-10-23,510300,S4_OTM5_100_Monthly,0.6367999465059646,False
2024-11-27,510300,S4_OTM5_100_Monthly,0.6489506379254437,False
2024-12-25,510300,S4_OTM5_100_Monthly,0.6654435943075295,False
2025-01-22,510300,S4_OTM5_100_Monthly,0.6461338755142988,False
2025-02-26,510300,S4_OTM5_100_Monthly,0.67391573030844,False
2025-03-26,510300,S4_OTM5_100_Monthly,0.6795670300270898,False
2025-04-23,510300,S4_OTM5_100_Monthly,0.6637540220777423,False
2025-05-28,510300,S4_OTM5_100_Monthly,0.6782267870756631,False
2025-06-25,510300,S4_OTM5_100_Monthly,0.6859698448207908,False
2025-07-23,510300,S4_OTM5_100_Monthly,0.7247293805328195,False
2025-08-27,510300,S4_OTM5_100_Monthly,0.7693808210634594,False
2025-09-24,510300,S4_OTM5_100_Monthly,0.7887571528061518,False
2025-10-22,510300,S4_OTM5_100_Monthly,0.7834820544392256,False
2025-11-26,510300,S4_OTM5_100_Monthly,0.7643880482033152,False
2025-12-24,510300,S4_OTM5_100_Monthly,0.7853485167550128,False
2026-01-28,510300,S4_OTM5_100_Monthly,0.7827203255547327,False
2026-02-25,510300,S4_OTM5_100_Monthly,0.7938000549196216,False
2026-03-25,510300,S4_OTM5_100_Monthly,0.7645002984924971,False
2026-04-22,510300,S4_OTM5_100_Monthly,0.8065530823046503,False
2026-05-27,510300,S4_OTM5_100_Monthly,0.827568128832618,False
2026-06-03,510300,S4_OTM5_100_Monthly,0.8387112756920203,False
2021-01-29,510300,S5_IVTiming_ATM_Monthly,1.0,False
2021-02-26,510300,S5_IVTiming_ATM_Monthly,0.9964472700074795,False
2021-03-31,510300,S5_IVTiming_ATM_Monthly,0.9442782348541511,False
2021-04-30,510300,S5_IVTiming_ATM_Monthly,0.9588631264023935,False
2021-05-31,510300,S5_IVTiming_ATM_Monthly,0.9981301421091997,False
2021-06-30,510300,S5_IVTiming_ATM_Monthly,0.9827973074046373,False
2021-07-30,510300,S5_IVTiming_ATM_Monthly,0.9109947643979057,False
2021-08-31,510300,S5_IVTiming_ATM_Monthly,0.9123036649214659,False
2021-09-30,510300,S5_IVTiming_ATM_Monthly,0.9227748691099475,False
2021-10-29,510300,S5_IVTiming_ATM_Monthly,0.931376215407629,False
2021-11-30,510300,S5_IVTiming_ATM_Monthly,0.9182872101720269,False
2021-12-31,510300,S5_IVTiming_ATM_Monthly,0.9364248317127899,False
2022-01-28,510300,S5_IVTiming_ATM_Monthly,0.8515332834704563,False
2022-02-28,510300,S5_IVTiming_ATM_Monthly,0.8547120418848168,False
2022-03-31,510300,S5_IVTiming_ATM_Monthly,0.7887060583395662,False
2022-04-27,510300,S5_IVTiming_ATM_Monthly,0.7446621634255797,False
2022-05-25,510300,S5_IVTiming_ATM_Monthly,0.7564861744785915,False
2022-06-22,510300,S5_IVTiming_ATM_Monthly,0.7719274004372945,False
2022-07-27,510300,S5_IVTiming_ATM_Monthly,0.750685013184888,False
2022-08-24,510300,S5_IVTiming_ATM_Monthly,0.7458600030513864,False
2022-09-28,510300,S5_IVTiming_ATM_Monthly,0.7104535865219663,False
2022-10-26,510300,S5_IVTiming_ATM_Monthly,0.6878130443014031,False
2022-11-23,510300,S5_IVTiming_ATM_Monthly,0.7088358136551798,False
2022-12-28,510300,S5_IVTiming_ATM_Monthly,0.7252289785025974,False
2023-01-31,510300,S5_IVTiming_ATM_Monthly,0.765928725645582,False
2023-02-28,510300,S5_IVTiming_ATM_Monthly,0.7497224914890994,False
2023-03-31,510300,S5_IVTiming_ATM_Monthly,0.745855094701757,False
2023-04-28,510300,S5_IVTiming_ATM_Monthly,0.7412510509073018,False
2023-05-31,510300,S5_IVTiming_ATM_Monthly,0.7001829802607605,False
2023-06-30,510300,S5_IVTiming_ATM_Monthly,0.7149159204030174,False
2023-07-31,510300,S5_IVTiming_ATM_Monthly,0.7521165942622161,False
2023-08-23,510300,S5_IVTiming_ATM_Monthly,0.6999129484881719,False
2023-09-27,510300,S5_IVTiming_ATM_Monthly,0.6977662403607708,False
2023-10-25,510300,S5_IVTiming_ATM_Monthly,0.6662495073800759,False
2023-11-30,510300,S5_IVTiming_ATM_Monthly,0.6512570651174068,False
2023-12-29,510300,S5_IVTiming_ATM_Monthly,0.6397384814277952,False
2024-01-24,510300,S5_IVTiming_ATM_Monthly,0.6035352072220224,False
2024-02-28,510300,S5_IVTiming_ATM_Monthly,0.6167352920766253,False
2024-03-27,510300,S5_IVTiming_ATM_Monthly,0.6282429247290089,False
2024-04-30,510300,S5_IVTiming_ATM_Monthly,0.6410714813315298,False
2024-05-31,510300,S5_IVTiming_ATM_Monthly,0.638220690975414,False
2024-06-28,510300,S5_IVTiming_ATM_Monthly,0.6212941232359768,False
2024-07-31,510300,S5_IVTiming_ATM_Monthly,0.6250357855783787,False
2024-08-30,510300,S5_IVTiming_ATM_Monthly,0.6043675554965394,False
2024-09-30,510300,S5_IVTiming_ATM_Monthly,0.7542122235898736,False
2024-10-23,510300,S5_IVTiming_ATM_Monthly,0.7598594789283815,False
2024-11-27,510300,S5_IVTiming_ATM_Monthly,0.7846669773936632,False
2024-12-25,510300,S5_IVTiming_ATM_Monthly,0.8018774051370692,False
2025-01-22,510300,S5_IVTiming_ATM_Monthly,0.7820361728959497,False
2025-02-26,510300,S5_IVTiming_ATM_Monthly,0.8033598643500076,False
2025-03-26,510300,S5_IVTiming_ATM_Monthly,0.8123275548918673,False
2025-04-23,510300,S5_IVTiming_ATM_Monthly,0.7965128127768515,False
2025-05-28,510300,S5_IVTiming_ATM_Monthly,0.8124263548311632,False
2025-06-25,510300,S5_IVTiming_ATM_Monthly,0.8091808356956572,False
2025-07-31,510300,S5_IVTiming_ATM_Monthly,0.8443361055538564,False
2025-08-27,510300,S5_IVTiming_ATM_Monthly,0.8863472372621547,False
2025-09-24,510300,S5_IVTiming_ATM_Monthly,0.9090098030342094,False
2025-10-22,510300,S5_IVTiming_ATM_Monthly,0.9094078327538065,False
2025-11-26,510300,S5_IVTiming_ATM_Monthly,0.8905703654073777,False
2025-12-31,510300,S5_IVTiming_ATM_Monthly,0.9132429227144048,False
2026-01-28,510300,S5_IVTiming_ATM_Monthly,0.9130289840793749,False
2026-02-25,510300,S5_IVTiming_ATM_Monthly,0.9246142578820093,False
2026-03-31,510300,S5_IVTiming_ATM_Monthly,0.8733446418893985,False
2026-04-22,510300,S5_IVTiming_ATM_Monthly,0.8907555686578206,False
2026-05-29,510300,S5_IVTiming_ATM_Monthly,0.9090360001041565,False
2026-06-03,510300,S5_IVTiming_ATM_Monthly,0.9192521900199523,False
2021-01-29,510300,S6_IVTiming_OTM5_Monthly,1.0,False
2021-02-26,510300,S6_IVTiming_OTM5_Monthly,0.9964472700074795,False
2021-03-31,510300,S6_IVTiming_OTM5_Monthly,0.9442782348541511,False
2021-04-30,510300,S6_IVTiming_OTM5_Monthly,0.9588631264023935,False
2021-05-31,510300,S6_IVTiming_OTM5_Monthly,0.9981301421091997,False
2021-06-30,510300,S6_IVTiming_OTM5_Monthly,0.9827973074046373,False
2021-07-30,510300,S6_IVTiming_OTM5_Monthly,0.9109947643979057,False
2021-08-31,510300,S6_IVTiming_OTM5_Monthly,0.9123036649214659,False
2021-09-30,510300,S6_IVTiming_OTM5_Monthly,0.9227748691099475,False
2021-10-29,510300,S6_IVTiming_OTM5_Monthly,0.931376215407629,False
2021-11-30,510300,S6_IVTiming_OTM5_Monthly,0.9182872101720269,False
2021-12-31,510300,S6_IVTiming_OTM5_Monthly,0.9364248317127899,False
2022-01-28,510300,S6_IVTiming_OTM5_Monthly,0.8515332834704563,False
2022-02-28,510300,S6_IVTiming_OTM5_Monthly,0.8547120418848168,False
2022-03-31,510300,S6_IVTiming_OTM5_Monthly,0.7887060583395662,False
2022-04-27,510300,S6_IVTiming_OTM5_Monthly,0.7318600411368736,False
2022-05-25,510300,S6_IVTiming_OTM5_Monthly,0.7303266348544191,False
2022-06-22,510300,S6_IVTiming_OTM5_Monthly,0.7686724714320161,False
2022-07-27,510300,S6_IVTiming_OTM5_Monthly,0.735964656361622,False
2022-08-24,510300,S6_IVTiming_OTM5_Monthly,0.7247847166743809,False
2022-09-28,510300,S6_IVTiming_OTM5_Monthly,0.6833637033070157,False
2022-10-26,510300,S6_IVTiming_OTM5_Monthly,0.6573572976194044,False
2022-11-23,510300,S6_IVTiming_OTM5_Monthly,0.6893088912477897,False
2022-12-28,510300,S6_IVTiming_OTM5_Monthly,0.6986826637995986,False
2023-01-31,510300,S6_IVTiming_OTM5_Monthly,0.7378926355364475,False
2023-02-28,510300,S6_IVTiming_OTM5_Monthly,0.7222796151163446,False
2023-03-31,510300,S6_IVTiming_OTM5_Monthly,0.7185537806979111,False
2023-04-28,510300,S6_IVTiming_OTM5_Monthly,0.7141182635331093,False
2023-05-31,510300,S6_IVTiming_OTM5_Monthly,0.6745534504230761,False
2023-06-30,510300,S6_IVTiming_OTM5_Monthly,0.6887471053504423,False
2023-07-31,510300,S6_IVTiming_OTM5_Monthly,0.7245860840420417,False
2023-08-23,510300,S6_IVTiming_OTM5_Monthly,0.6697004047209999,False
2023-09-27,510300,S6_IVTiming_OTM5_Monthly,0.6610730141158186,False
2023-10-25,510300,S6_IVTiming_OTM5_Monthly,0.6275974639428362,False
2023-11-30,510300,S6_IVTiming_OTM5_Monthly,0.6134747987278766,False
2023-12-29,510300,S6_IVTiming_OTM5_Monthly,0.602624458379798,False
2024-01-24,510300,S6_IVTiming_OTM5_Monthly,0.5652680196571661,False
2024-02-28,510300,S6_IVTiming_OTM5_Monthly,0.5986531927615851,False
2024-03-27,510300,S6_IVTiming_OTM5_Monthly,0.5995918033804675,False
2024-04-30,510300,S6_IVTiming_OTM5_Monthly,0.61183531156067,False
2024-05-31,510300,S6_IVTiming_OTM5_Monthly,0.6091145319650694,False
2024-06-28,510300,S6_IVTiming_OTM5_Monthly,0.5929599031161913,False
2024-07-31,510300,S6_IVTiming_OTM5_Monthly,0.5965309263354169,False
2024-08-30,510300,S6_IVTiming_OTM5_Monthly,0.5768052742673131,False
2024-09-30,510300,S6_IVTiming_OTM5_Monthly,0.7198162517610661,False
2024-10-23,510300,S6_IVTiming_OTM5_Monthly,0.7170477054786903,False
2024-11-27,510300,S6_IVTiming_OTM5_Monthly,0.7307295932522716,False
2024-12-25,510300,S6_IVTiming_OTM5_Monthly,0.7493009461476726,False
2025-01-22,510300,S6_IVTiming_OTM5_Monthly,0.725760968543788,False
2025-02-26,510300,S6_IVTiming_OTM5_Monthly,0.7550170582035172,False
2025-03-26,510300,S6_IVTiming_OTM5_Monthly,0.7599786157500885,False
2025-04-23,510300,S6_IVTiming_OTM5_Monthly,0.741407911635241,False
2025-05-28,510300,S6_IVTiming_OTM5_Monthly,0.7567783993993764,False
2025-06-25,510300,S6_IVTiming_OTM5_Monthly,0.765418251080966,False
2025-07-31,510300,S6_IVTiming_OTM5_Monthly,0.7986722333604755,False
2025-08-27,510300,S6_IVTiming_OTM5_Monthly,0.8540309353723107,False
2025-09-24,510300,S6_IVTiming_OTM5_Monthly,0.875539122565517,False
2025-10-22,510300,S6_IVTiming_OTM5_Monthly,0.8683638800082437,False
2025-11-26,510300,S6_IVTiming_OTM5_Monthly,0.8459146789927495,False
2025-12-31,510300,S6_IVTiming_OTM5_Monthly,0.8674503709282715,False
2026-01-28,510300,S6_IVTiming_OTM5_Monthly,0.8645474235324154,False
2026-02-25,510300,S6_IVTiming_OTM5_Monthly,0.8742450130766267,False
2026-03-31,510300,S6_IVTiming_OTM5_Monthly,0.8257683583832773,False
2026-04-22,510300,S6_IVTiming_OTM5_Monthly,0.8711913076253951,False
2026-05-29,510300,S6_IVTiming_OTM5_Monthly,0.8890702337147224,False
2026-06-03,510300,S6_IVTiming_OTM5_Monthly,0.8988483673840261,False
2021-01-29,510500,S0_BuyHold,1.0,False
2021-02-26,510500,S0_BuyHold,1.0045558086560364,False
2021-03-31,510500,S0_BuyHold,0.9884681093394078,False
2021-04-30,510500,S0_BuyHold,1.0266230068337132,False
2021-05-31,510500,S0_BuyHold,1.0647779043280183,False
2021-06-30,510500,S0_BuyHold,1.081719817767654,False
2021-07-30,510500,S0_BuyHold,1.0821469248291573,False
2021-08-31,510500,S0_BuyHold,1.1591685649202734,False
2021-09-30,510500,S0_BuyHold,1.1345387243735765,False
2021-10-29,510500,S0_BuyHold,1.124003416856492,False
2021-11-30,510500,S0_BuyHold,1.1593109339407748,False
2021-12-31,510500,S0_BuyHold,1.1756833712984056,False
2022-01-28,510500,S0_BuyHold,1.0508257403189067,False
2022-02-28,510500,S0_BuyHold,1.0955296127562644,False
2022-03-31,510500,S0_BuyHold,1.0123861047835991,False
2022-04-29,510500,S0_BuyHold,0.9036161731207291,False
2022-05-31,510500,S0_BuyHold,0.9691059225512529,False
2022-06-30,510500,S0_BuyHold,1.0458428246013667,False
2022-07-29,510500,S0_BuyHold,1.0242027334851935,False
2022-08-31,510500,S0_BuyHold,0.8765660592255125,False
2022-09-30,510500,S0_BuyHold,0.8133542141230068,False
2022-10-31,510500,S0_BuyHold,0.8277334851936218,False
2022-11-30,510500,S0_BuyHold,0.8765660592255125,False
2022-12-30,510500,S0_BuyHold,0.8381264236902048,False
2023-01-31,510500,S0_BuyHold,0.8973519362186786,False
2023-02-28,510500,S0_BuyHold,0.9071753986332572,False
2023-03-31,510500,S0_BuyHold,0.9053246013667424,False
2023-04-28,510500,S0_BuyHold,0.893650341685649,False
2023-05-31,510500,S0_BuyHold,0.8673120728929382,False
2023-06-30,510500,S0_BuyHold,0.8677391799544416,False
2023-07-31,510500,S0_BuyHold,0.8821184510250567,False
2023-08-31,510500,S0_BuyHold,0.8322892938496581,False
2023-09-28,510500,S0_BuyHold,0.8246013667425967,False
2023-10-31,510500,S0_BuyHold,0.8011104783599087,False
2023-11-30,510500,S0_BuyHold,0.80253416856492,False
2023-12-29,510500,S0_BuyHold,0.7857346241457857,False
2024-01-31,510500,S0_BuyHold,0.6809510250569474,False
2024-02-29,510500,S0_BuyHold,0.7732061503416853,False
2024-03-29,510500,S0_BuyHold,0.764664009111617,False
2024-04-30,510500,S0_BuyHold,0.7871583143507969,False
2024-05-31,510500,S0_BuyHold,0.759538724373576,False
2024-06-28,510500,S0_BuyHold,0.7112756264236899,False
2024-07-31,510500,S0_BuyHold,0.7082858769931658,False
2024-08-30,510500,S0_BuyHold,0.6708428246013662,False
2024-09-30,510500,S0_BuyHold,0.8535022779043273,False
2024-10-31,510500,S0_BuyHold,0.854214123006833,False
2024-11-29,510500,S0_BuyHold,0.8462414578587693,False
2024-12-31,510500,S0_BuyHold,0.8273063781321178,False
2025-01-27,510500,S0_BuyHold,0.7951309794988605,False
2025-02-28,510500,S0_BuyHold,0.8352790432801817,False
2025-03-31,510500,S0_BuyHold,0.8334282460136668,False
2025-04-30,510500,S0_BuyHold,0.8009681093394072,False
2025-05-30,510500,S0_BuyHold,0.8106492027334846,False
2025-06-30,510500,S0_BuyHold,0.848946469248291,False
2025-07-31,510500,S0_BuyHold,0.8964977220956714,False
2025-08-29,510500,S0_BuyHold,1.0166571753986327,False
2025-09-30,510500,S0_BuyHold,1.0704726651480632,False
2025-10-31,510500,S0_BuyHold,1.0586560364464686,False
2025-11-28,510500,S0_BuyHold,1.0158029612756256,False
2025-12-31,510500,S0_BuyHold,1.0802961275626415,False
2026-01-30,510500,S0_BuyHold,1.2015945330296118,False
2026-02-27,510500,S0_BuyHold,1.24387813211845,False
2026-03-31,510500,S0_BuyHold,1.0938211845102497,False
2026-04-30,510500,S0_BuyHold,1.2001708428246003,False
2026-05-29,510500,S0_BuyHold,1.2020216400911152,False
2026-06-03,510500,S0_BuyHold,1.2037300683371288,False
2021-01-29,510500,S1_ATM_100_Monthly,1.0,False
2021-02-26,510500,S1_ATM_100_Monthly,1.0045558086560364,False
2021-03-31,510500,S1_ATM_100_Monthly,0.9884681093394078,False
2021-04-30,510500,S1_ATM_100_Monthly,1.0266230068337132,False
2021-05-31,510500,S1_ATM_100_Monthly,1.0647779043280183,False
2021-06-30,510500,S1_ATM_100_Monthly,1.081719817767654,False
2021-07-30,510500,S1_ATM_100_Monthly,1.0821469248291573,False
2021-08-31,510500,S1_ATM_100_Monthly,1.1591685649202734,False
2021-09-30,510500,S1_ATM_100_Monthly,1.1345387243735765,False
2021-10-29,510500,S1_ATM_100_Monthly,1.124003416856492,False
2021-11-30,510500,S1_ATM_100_Monthly,1.1593109339407748,False
2021-12-31,510500,S1_ATM_100_Monthly,1.1756833712984056,False
2022-01-28,510500,S1_ATM_100_Monthly,1.0508257403189067,False
2022-02-28,510500,S1_ATM_100_Monthly,1.0955296127562644,False
2022-03-31,510500,S1_ATM_100_Monthly,1.0123861047835991,False
2022-04-29,510500,S1_ATM_100_Monthly,0.9036161731207291,False
2022-05-31,510500,S1_ATM_100_Monthly,0.9691059225512529,False
2022-06-30,510500,S1_ATM_100_Monthly,1.0458428246013667,False
2022-07-29,510500,S1_ATM_100_Monthly,1.0242027334851935,False
2022-08-31,510500,S1_ATM_100_Monthly,0.8765660592255125,False
2022-09-30,510500,S1_ATM_100_Monthly,0.8133542141230068,False
2022-10-26,510500,S1_ATM_100_Monthly,0.8341181022209567,False
2022-11-23,510500,S1_ATM_100_Monthly,0.8516794517237147,False
2022-12-28,510500,S1_ATM_100_Monthly,0.8263870342284463,False
2023-01-30,510500,S1_ATM_100_Monthly,0.8502467664839858,False
2023-02-22,510500,S1_ATM_100_Monthly,0.8614743741836495,False
2023-03-22,510500,S1_ATM_100_Monthly,0.8676820730796031,False
2023-04-26,510500,S1_ATM_100_Monthly,0.8613267010089456,False
2023-05-24,510500,S1_ATM_100_Monthly,0.842904655956447,False
2023-06-28,510500,S1_ATM_100_Monthly,0.8511682347422004,False
2023-07-26,510500,S1_ATM_100_Monthly,0.8572752236849759,False
2023-08-23,510500,S1_ATM_100_Monthly,0.8033656455764678,False
2023-09-27,510500,S1_ATM_100_Monthly,0.8132759152582721,False
2023-10-25,510500,S1_ATM_100_Monthly,0.7839493851414552,False
2023-11-22,510500,S1_ATM_100_Monthly,0.7936022373729291,False
2023-12-27,510500,S1_ATM_100_Monthly,0.7610223384469609,False
2024-01-24,510500,S1_ATM_100_Monthly,0.7052662002218892,False
2024-02-28,510500,S1_ATM_100_Monthly,0.7260331490761982,False
2024-03-27,510500,S1_ATM_100_Monthly,0.7182169229723256,False
2024-04-24,510500,S1_ATM_100_Monthly,0.7276982956601732,False
2024-05-22,510500,S1_ATM_100_Monthly,0.7285720403319917,False
2024-06-26,510500,S1_ATM_100_Monthly,0.7012821215813252,False
2024-07-24,510500,S1_ATM_100_Monthly,0.6779463273264698,False
2024-08-28,510500,S1_ATM_100_Monthly,0.6340750168978027,False
2024-09-25,510500,S1_ATM_100_Monthly,0.6439867653339009,False
2024-10-23,510500,S1_ATM_100_Monthly,0.6689642834768259,False
2024-11-27,510500,S1_ATM_100_Monthly,0.6802137541088431,False
2024-12-25,510500,S1_ATM_100_Monthly,0.694291735588134,False
2025-01-22,510500,S1_ATM_100_Monthly,0.6767965874738529,False
2025-02-26,510500,S1_ATM_100_Monthly,0.6982998449951814,False
2025-03-26,510500,S1_ATM_100_Monthly,0.7141120517059995,False
2025-04-23,510500,S1_ATM_100_Monthly,0.703685783975742,False
2025-05-28,510500,S1_ATM_100_Monthly,0.7134882670332782,False
2025-06-25,510500,S1_ATM_100_Monthly,0.7211633219719531,False
2025-07-23,510500,S1_ATM_100_Monthly,0.7331326013300349,False
2025-08-27,510500,S1_ATM_100_Monthly,0.7414966872919979,False
2025-09-24,510500,S1_ATM_100_Monthly,0.767137146399924,False
2025-10-22,510500,S1_ATM_100_Monthly,0.7514178747262428,False
2025-11-26,510500,S1_ATM_100_Monthly,0.7256944186733876,False
2025-12-24,510500,S1_ATM_100_Monthly,0.7440902432994451,False
2026-01-28,510500,S1_ATM_100_Monthly,0.7623746577239061,False
2026-02-25,510500,S1_ATM_100_Monthly,0.7812979619695003,False
2026-03-25,510500,S1_ATM_100_Monthly,0.7157779232013803,False
2026-04-22,510500,S1_ATM_100_Monthly,0.7366858727324566,False
2026-05-27,510500,S1_ATM_100_Monthly,0.7557737925742113,False
2026-06-03,510500,S1_ATM_100_Monthly,0.7729428328416773,False
2021-01-29,510500,S4_OTM5_100_Monthly,1.0,False
2021-02-26,510500,S4_OTM5_100_Monthly,1.0045558086560364,False
2021-03-31,510500,S4_OTM5_100_Monthly,0.9884681093394078,False
2021-04-30,510500,S4_OTM5_100_Monthly,1.0266230068337132,False
2021-05-31,510500,S4_OTM5_100_Monthly,1.0647779043280183,False
2021-06-30,510500,S4_OTM5_100_Monthly,1.081719817767654,False
2021-07-30,510500,S4_OTM5_100_Monthly,1.0821469248291573,False
2021-08-31,510500,S4_OTM5_100_Monthly,1.1591685649202734,False
2021-09-30,510500,S4_OTM5_100_Monthly,1.1345387243735765,False
2021-10-29,510500,S4_OTM5_100_Monthly,1.124003416856492,False
2021-11-30,510500,S4_OTM5_100_Monthly,1.1593109339407748,False
2021-12-31,510500,S4_OTM5_100_Monthly,1.1756833712984056,False
2022-01-28,510500,S4_OTM5_100_Monthly,1.0508257403189067,False
2022-02-28,510500,S4_OTM5_100_Monthly,1.0955296127562644,False
2022-03-31,510500,S4_OTM5_100_Monthly,1.0123861047835991,False
2022-04-29,510500,S4_OTM5_100_Monthly,0.9036161731207291,False
2022-05-31,510500,S4_OTM5_100_Monthly,0.9691059225512529,False
2022-06-30,510500,S4_OTM5_100_Monthly,1.0458428246013667,False
2022-07-29,510500,S4_OTM5_100_Monthly,1.0242027334851935,False
2022-08-31,510500,S4_OTM5_100_Monthly,0.8765660592255125,False
2022-09-30,510500,S4_OTM5_100_Monthly,0.8133542141230068,False
2022-10-26,510500,S4_OTM5_100_Monthly,0.8564330438496583,False
2022-11-23,510500,S4_OTM5_100_Monthly,0.8944325095743975,False
2022-12-28,510500,S4_OTM5_100_Monthly,0.8586358445895821,False
2023-01-30,510500,S4_OTM5_100_Monthly,0.9132569056805779,False
2023-02-22,510500,S4_OTM5_100_Monthly,0.930786352545801,False
2023-03-22,510500,S4_OTM5_100_Monthly,0.9186177890344195,False
2023-04-26,510500,S4_OTM5_100_Monthly,0.8904189531951032,False
2023-05-24,510500,S4_OTM5_100_Monthly,0.8589402884195667,False
2023-06-28,510500,S4_OTM5_100_Monthly,0.8509737652890096,False
2023-07-26,510500,S4_OTM5_100_Monthly,0.8531794697420716,False
2023-08-23,510500,S4_OTM5_100_Monthly,0.7921505067792308,False
2023-09-27,510500,S4_OTM5_100_Monthly,0.7853745440282895,False
2023-10-25,510500,S4_OTM5_100_Monthly,0.7449514233683361,False
2023-11-22,510500,S4_OTM5_100_Monthly,0.7510277420464274,False
2023-12-27,510500,S4_OTM5_100_Monthly,0.7163871370257735,False
2024-01-24,510500,S4_OTM5_100_Monthly,0.6537945275833172,False
2024-02-28,510500,S4_OTM5_100_Monthly,0.6902740273195755,False
2024-03-27,510500,S4_OTM5_100_Monthly,0.673022940570878,False
2024-04-24,510500,S4_OTM5_100_Monthly,0.6723201948521459,False
2024-05-22,510500,S4_OTM5_100_Monthly,0.6670666490995011,False
2024-06-26,510500,S4_OTM5_100_Monthly,0.6358193529614473,False
2024-07-24,510500,S4_OTM5_100_Monthly,0.6055415042897695,False
2024-08-28,510500,S4_OTM5_100_Monthly,0.5588008205963884,False
2024-09-25,510500,S4_OTM5_100_Monthly,0.5730661742232617,False
2024-10-23,510500,S4_OTM5_100_Monthly,0.5866081341805811,False
2024-11-27,510500,S4_OTM5_100_Monthly,0.588332678992253,False
2024-12-25,510500,S4_OTM5_100_Monthly,0.5921903458827955,False
2025-01-22,510500,S4_OTM5_100_Monthly,0.573540018693812,False
2025-02-26,510500,S4_OTM5_100_Monthly,0.6105381097169068,False
2025-03-26,510500,S4_OTM5_100_Monthly,0.6220559834805591,False
2025-04-23,510500,S4_OTM5_100_Monthly,0.5994640344093162,False
2025-05-28,510500,S4_OTM5_100_Monthly,0.6036825201446678,False
2025-06-25,510500,S4_OTM5_100_Monthly,0.628278660070411,False
2025-07-23,510500,S4_OTM5_100_Monthly,0.6604449733640144,False
2025-08-27,510500,S4_OTM5_100_Monthly,0.6859293182310922,False
2025-09-24,510500,S4_OTM5_100_Monthly,0.7215619102897682,False
2025-10-22,510500,S4_OTM5_100_Monthly,0.69563093868078,False
2025-11-26,510500,S4_OTM5_100_Monthly,0.6652253369348355,False
2025-12-24,510500,S4_OTM5_100_Monthly,0.6982386430184596,False
2026-01-28,510500,S4_OTM5_100_Monthly,0.7334804165526062,False
2026-02-25,510500,S4_OTM5_100_Monthly,0.7532658900143769,False
2026-03-25,510500,S4_OTM5_100_Monthly,0.6788855907484221,False
2026-04-22,510500,S4_OTM5_100_Monthly,0.7129108055008434,False
2026-05-27,510500,S4_OTM5_100_Monthly,0.7342275954716425,False
2026-06-03,510500,S4_OTM5_100_Monthly,0.7401734041074436,False
2021-01-29,510500,S5_IVTiming_ATM_Monthly,1.0,False
2021-02-26,510500,S5_IVTiming_ATM_Monthly,1.0045558086560364,False
2021-03-31,510500,S5_IVTiming_ATM_Monthly,0.9884681093394078,False
2021-04-30,510500,S5_IVTiming_ATM_Monthly,1.0266230068337132,False
2021-05-31,510500,S5_IVTiming_ATM_Monthly,1.0647779043280183,False
2021-06-30,510500,S5_IVTiming_ATM_Monthly,1.081719817767654,False
2021-07-30,510500,S5_IVTiming_ATM_Monthly,1.0821469248291573,False
2021-08-31,510500,S5_IVTiming_ATM_Monthly,1.1591685649202734,False
2021-09-30,510500,S5_IVTiming_ATM_Monthly,1.1345387243735765,False
2021-10-29,510500,S5_IVTiming_ATM_Monthly,1.124003416856492,False
2021-11-30,510500,S5_IVTiming_ATM_Monthly,1.1593109339407748,False
2021-12-31,510500,S5_IVTiming_ATM_Monthly,1.1756833712984056,False
2022-01-28,510500,S5_IVTiming_ATM_Monthly,1.0508257403189067,False
2022-02-28,510500,S5_IVTiming_ATM_Monthly,1.0955296127562644,False
2022-03-31,510500,S5_IVTiming_ATM_Monthly,1.0123861047835991,False
2022-04-29,510500,S5_IVTiming_ATM_Monthly,0.9036161731207291,False
2022-05-31,510500,S5_IVTiming_ATM_Monthly,0.9691059225512529,False
2022-06-30,510500,S5_IVTiming_ATM_Monthly,1.0458428246013667,False
2022-07-29,510500,S5_IVTiming_ATM_Monthly,1.0242027334851935,False
2022-08-31,510500,S5_IVTiming_ATM_Monthly,0.8765660592255125,False
2022-09-30,510500,S5_IVTiming_ATM_Monthly,0.8133542141230068,False
2022-10-31,510500,S5_IVTiming_ATM_Monthly,0.8277334851936218,False
2022-11-30,510500,S5_IVTiming_ATM_Monthly,0.8765660592255125,False
2022-12-30,510500,S5_IVTiming_ATM_Monthly,0.8381264236902048,False
2023-01-31,510500,S5_IVTiming_ATM_Monthly,0.8973519362186786,False
2023-02-28,510500,S5_IVTiming_ATM_Monthly,0.9071753986332572,False
2023-03-31,510500,S5_IVTiming_ATM_Monthly,0.9053246013667424,False
2023-04-28,510500,S5_IVTiming_ATM_Monthly,0.893650341685649,False
2023-05-31,510500,S5_IVTiming_ATM_Monthly,0.8673120728929382,False
2023-06-30,510500,S5_IVTiming_ATM_Monthly,0.8677391799544416,False
2023-07-31,510500,S5_IVTiming_ATM_Monthly,0.8821184510250567,False
2023-08-31,510500,S5_IVTiming_ATM_Monthly,0.8322892938496581,False
2023-09-28,510500,S5_IVTiming_ATM_Monthly,0.8246013667425967,False
2023-10-31,510500,S5_IVTiming_ATM_Monthly,0.8011104783599087,False
2023-11-30,510500,S5_IVTiming_ATM_Monthly,0.80253416856492,False
2023-12-29,510500,S5_IVTiming_ATM_Monthly,0.7857346241457857,False
2024-01-24,510500,S5_IVTiming_ATM_Monthly,0.7212878452448744,False
2024-02-28,510500,S5_IVTiming_ATM_Monthly,0.7425265601963671,False
2024-03-27,510500,S5_IVTiming_ATM_Monthly,0.7345327716344946,False
2024-04-24,510500,S5_IVTiming_ATM_Monthly,0.7442295341815011,False
2024-05-22,510500,S5_IVTiming_ATM_Monthly,0.7412439104840728,False
2024-06-26,510500,S5_IVTiming_ATM_Monthly,0.7090910421542134,False
2024-07-24,510500,S5_IVTiming_ATM_Monthly,0.6854953990336397,False
2024-08-28,510500,S5_IVTiming_ATM_Monthly,0.63527562373868,False
2024-09-25,510500,S5_IVTiming_ATM_Monthly,0.6470493323450753,False
2024-10-23,510500,S5_IVTiming_ATM_Monthly,0.6721456344866837,False
2024-11-27,510500,S5_IVTiming_ATM_Monthly,0.6834486035126204,False
2024-12-25,510500,S5_IVTiming_ATM_Monthly,0.6975935347554518,False
2025-01-22,510500,S5_IVTiming_ATM_Monthly,0.6800151860750183,False
2025-02-26,510500,S5_IVTiming_ATM_Monthly,0.7188221520841283,False
2025-03-26,510500,S5_IVTiming_ATM_Monthly,0.7314938306534939,False
2025-04-30,510500,S5_IVTiming_ATM_Monthly,0.7030038078675362,False
2025-05-28,510500,S5_IVTiming_ATM_Monthly,0.7092123398878658,False
2025-06-30,510500,S5_IVTiming_ATM_Monthly,0.7427174539429827,False
2025-07-31,510500,S5_IVTiming_ATM_Monthly,0.7843185992753584,False
2025-08-29,510500,S5_IVTiming_ATM_Monthly,0.8894424515523797,False
2025-09-24,510500,S5_IVTiming_ATM_Monthly,0.9201987761573762,False
2025-10-22,510500,S5_IVTiming_ATM_Monthly,0.892719448819407,False
2025-11-26,510500,S5_IVTiming_ATM_Monthly,0.85516915187586,False
2025-12-31,510500,S5_IVTiming_ATM_Monthly,0.9094637034946076,False
2026-01-28,510500,S5_IVTiming_ATM_Monthly,0.9867380795013636,False
2026-02-25,510500,S5_IVTiming_ATM_Monthly,1.0112304268006094,False
2026-03-25,510500,S5_IVTiming_ATM_Monthly,0.9161091877458106,False
2026-04-22,510500,S5_IVTiming_ATM_Monthly,0.9428688348954137,False
2026-05-27,510500,S5_IVTiming_ATM_Monthly,0.9653738585036232,False
2026-06-03,510500,S5_IVTiming_ATM_Monthly,0.9873044186959181,False
2021-01-29,510500,S6_IVTiming_OTM5_Monthly,1.0,False
2021-02-26,510500,S6_IVTiming_OTM5_Monthly,1.0045558086560364,False
2021-03-31,510500,S6_IVTiming_OTM5_Monthly,0.9884681093394078,False
2021-04-30,510500,S6_IVTiming_OTM5_Monthly,1.0266230068337132,False
2021-05-31,510500,S6_IVTiming_OTM5_Monthly,1.0647779043280183,False
2021-06-30,510500,S6_IVTiming_OTM5_Monthly,1.081719817767654,False
2021-07-30,510500,S6_IVTiming_OTM5_Monthly,1.0821469248291573,False
2021-08-31,510500,S6_IVTiming_OTM5_Monthly,1.1591685649202734,False
2021-09-30,510500,S6_IVTiming_OTM5_Monthly,1.1345387243735765,False
2021-10-29,510500,S6_IVTiming_OTM5_Monthly,1.124003416856492,False
2021-11-30,510500,S6_IVTiming_OTM5_Monthly,1.1593109339407748,False
2021-12-31,510500,S6_IVTiming_OTM5_Monthly,1.1756833712984056,False
2022-01-28,510500,S6_IVTiming_OTM5_Monthly,1.0508257403189067,False
2022-02-28,510500,S6_IVTiming_OTM5_Monthly,1.0955296127562644,False
2022-03-31,510500,S6_IVTiming_OTM5_Monthly,1.0123861047835991,False
2022-04-29,510500,S6_IVTiming_OTM5_Monthly,0.9036161731207291,False
2022-05-31,510500,S6_IVTiming_OTM5_Monthly,0.9691059225512529,False
2022-06-30,510500,S6_IVTiming_OTM5_Monthly,1.0458428246013667,False
2022-07-29,510500,S6_IVTiming_OTM5_Monthly,1.0242027334851935,False
2022-08-31,510500,S6_IVTiming_OTM5_Monthly,0.8765660592255125,False
2022-09-30,510500,S6_IVTiming_OTM5_Monthly,0.8133542141230068,False
2022-10-31,510500,S6_IVTiming_OTM5_Monthly,0.8277334851936218,False
2022-11-30,510500,S6_IVTiming_OTM5_Monthly,0.8765660592255125,False
2022-12-30,510500,S6_IVTiming_OTM5_Monthly,0.8381264236902048,False
2023-01-31,510500,S6_IVTiming_OTM5_Monthly,0.8973519362186786,False
2023-02-28,510500,S6_IVTiming_OTM5_Monthly,0.9071753986332572,False
2023-03-31,510500,S6_IVTiming_OTM5_Monthly,0.9053246013667424,False
2023-04-28,510500,S6_IVTiming_OTM5_Monthly,0.893650341685649,False
2023-05-31,510500,S6_IVTiming_OTM5_Monthly,0.8673120728929382,False
2023-06-30,510500,S6_IVTiming_OTM5_Monthly,0.8677391799544416,False
2023-07-31,510500,S6_IVTiming_OTM5_Monthly,0.8821184510250567,False
2023-08-31,510500,S6_IVTiming_OTM5_Monthly,0.8322892938496581,False
2023-09-28,510500,S6_IVTiming_OTM5_Monthly,0.8246013667425967,False
2023-10-31,510500,S6_IVTiming_OTM5_Monthly,0.8011104783599087,False
2023-11-30,510500,S6_IVTiming_OTM5_Monthly,0.80253416856492,False
2023-12-29,510500,S6_IVTiming_OTM5_Monthly,0.7857346241457857,False
2024-01-24,510500,S6_IVTiming_OTM5_Monthly,0.7157453445330294,False
2024-02-28,510500,S6_IVTiming_OTM5_Monthly,0.7556814880850927,False
2024-03-27,510500,S6_IVTiming_OTM5_Monthly,0.7367957609834045,False
2024-04-24,510500,S6_IVTiming_OTM5_Monthly,0.7360264260389346,False
2024-05-22,510500,S6_IVTiming_OTM5_Monthly,0.7297561638001998,False
2024-06-26,510500,S6_IVTiming_OTM5_Monthly,0.6946768089439678,False
2024-07-24,510500,S6_IVTiming_OTM5_Monthly,0.661596156084059,False
2024-08-28,510500,S6_IVTiming_OTM5_Monthly,0.6090001593184021,False
2024-09-25,510500,S6_IVTiming_OTM5_Monthly,0.6233004414072842,False
2024-10-23,510500,S6_IVTiming_OTM5_Monthly,0.638029472710445,False
2024-11-27,510500,S6_IVTiming_OTM5_Monthly,0.639905188972705,False
2024-12-25,510500,S6_IVTiming_OTM5_Monthly,0.6441010141388587,False
2025-01-22,510500,S6_IVTiming_OTM5_Monthly,0.6238158224940369,False
2025-02-26,510500,S6_IVTiming_OTM5_Monthly,0.6696262903084694,False
2025-03-26,510500,S6_IVTiming_OTM5_Monthly,0.6801655512746827,False
2025-04-30,510500,S6_IVTiming_OTM5_Monthly,0.6536746483552042,False
2025-05-28,510500,S6_IVTiming_OTM5_Monthly,0.6571946096524043,False
2025-06-30,510500,S6_IVTiming_OTM5_Monthly,0.688242265078554,False
2025-07-31,510500,S6_IVTiming_OTM5_Monthly,0.7267921420760782,False
2025-08-29,510500,S6_IVTiming_OTM5_Monthly,0.8242056037105407,False
2025-09-24,510500,S6_IVTiming_OTM5_Monthly,0.8670213593123419,False
2025-10-22,510500,S6_IVTiming_OTM5_Monthly,0.8344338328229025,False
2025-11-26,510500,S6_IVTiming_OTM5_Monthly,0.795381577603504,False
2025-12-31,510500,S6_IVTiming_OTM5_Monthly,0.8458802257680993,False
2026-01-28,510500,S6_IVTiming_OTM5_Monthly,0.9287060629022518,False
2026-02-25,510500,S6_IVTiming_OTM5_Monthly,0.9537577053819528,False
2026-03-25,510500,S6_IVTiming_OTM5_Monthly,0.8569451223852402,False
2026-04-22,510500,S6_IVTiming_OTM5_Monthly,0.8998945415768501,False
2026-05-27,510500,S6_IVTiming_OTM5_Monthly,0.9231693558219584,False
2026-06-03,510500,S6_IVTiming_OTM5_Monthly,0.9306452234711812,False
2021-01-29,588000,S0_BuyHold,1.0,False
2021-02-26,588000,S0_BuyHold,0.9325153374233129,False
2021-03-31,588000,S0_BuyHold,0.8752556237218814,False
2021-04-30,588000,S0_BuyHold,0.9297886843899114,False
2021-05-31,588000,S0_BuyHold,1.0115882753919563,False
2021-06-30,588000,S0_BuyHold,1.1233810497614178,False
2021-07-30,588000,S0_BuyHold,1.125426039536469,False
2021-08-31,588000,S0_BuyHold,1.016359918200409,False
2021-09-30,588000,S0_BuyHold,0.9700068166325835,False
2021-10-29,588000,S0_BuyHold,0.9884117246080435,False
2021-11-30,588000,S0_BuyHold,1.0429447852760736,False
2021-12-31,588000,S0_BuyHold,0.9897750511247443,False
2022-01-28,588000,S0_BuyHold,0.8745739604635309,False
2022-02-28,588000,S0_BuyHold,0.8841172460804361,False
2022-03-31,588000,S0_BuyHold,0.7750511247443762,False
2022-04-29,588000,S0_BuyHold,0.6721199727334696,False
2022-05-31,588000,S0_BuyHold,0.7348329925017041,False
2022-06-30,588000,S0_BuyHold,0.7873210633946829,False
2022-07-29,588000,S0_BuyHold,0.7764144512610769,False
2022-08-31,588000,S0_BuyHold,0.7341513292433536,False
2022-09-30,588000,S0_BuyHold,0.6687116564417176,False
2022-10-31,588000,S0_BuyHold,0.7225630538513973,False
2022-11-30,588000,S0_BuyHold,0.7096114519427401,False
2022-12-30,588000,S0_BuyHold,0.6837082481254259,False
2023-01-31,588000,S0_BuyHold,0.7211997273346966,False
2023-02-28,588000,S0_BuyHold,0.7041581458759372,False
2023-03-31,588000,S0_BuyHold,0.7661895023858215,False
2023-04-28,588000,S0_BuyHold,0.7723244717109748,False
2023-05-31,588000,S0_BuyHold,0.7477845944103613,False
2023-06-30,588000,S0_BuyHold,0.7171097477845945,False
2023-07-31,588000,S0_BuyHold,0.6918882072256305,False
2023-08-31,588000,S0_BuyHold,0.6728016359918201,False
2023-09-28,588000,S0_BuyHold,0.6353101567825495,False
2023-10-31,588000,S0_BuyHold,0.6250852079072939,False
2023-11-30,588000,S0_BuyHold,0.6182685753237902,False
2023-12-29,588000,S0_BuyHold,0.6114519427402865,False
2024-01-31,588000,S0_BuyHold,0.4921608725289708,False
2024-02-29,588000,S0_BuyHold,0.5773687798227677,False
2024-03-29,588000,S0_BuyHold,0.5453306066803001,False
2024-04-30,588000,S0_BuyHold,0.5480572597137016,False
2024-05-31,588000,S0_BuyHold,0.5303340149965918,False
2024-06-28,588000,S0_BuyHold,0.5078391274710294,False
2024-07-31,588000,S0_BuyHold,0.5303340149965918,False
2024-08-30,588000,S0_BuyHold,0.49625085207907305,False
2024-09-30,588000,S0_BuyHold,0.6475800954328563,False
2024-10-31,588000,S0_BuyHold,0.6952965235173826,False
2024-11-29,588000,S0_BuyHold,0.7225630538513976,False
2024-12-31,588000,S0_BuyHold,0.7123381049761419,False
2025-01-27,588000,S0_BuyHold,0.6877982276755283,False
2025-02-28,588000,S0_BuyHold,0.772324471710975,False
2025-03-31,588000,S0_BuyHold,0.7321063394683028,False
2025-04-30,588000,S0_BuyHold,0.7239263803680983,False
2025-05-30,588000,S0_BuyHold,0.7021131561008863,False
2025-06-30,588000,S0_BuyHold,0.719836400817996,False
2025-07-31,588000,S0_BuyHold,0.7505112474437629,False
2025-08-29,588000,S0_BuyHold,0.9625085207907293,False
2025-09-30,588000,S0_BuyHold,1.0702113156100888,False
2025-10-31,588000,S0_BuyHold,1.014314928425358,False
2025-11-28,588000,S0_BuyHold,0.9495569188820725,False
2025-12-31,588000,S0_BuyHold,0.9659168370824814,False
2026-01-30,588000,S0_BuyHold,1.0824812542603957,False
2026-02-27,588000,S0_BuyHold,1.0674846625766874,False
2026-03-31,588000,S0_BuyHold,0.9025221540558966,False
2026-04-30,588000,S0_BuyHold,1.1274710293115204,False
2026-05-29,588000,S0_BuyHold,1.2569870483980918,False
2026-06-03,588000,S0_BuyHold,1.242672119972734,False
2021-01-29,588000,S1_ATM_100_Monthly,1.0,False
2021-02-26,588000,S1_ATM_100_Monthly,0.9325153374233129,False
2021-03-31,588000,S1_ATM_100_Monthly,0.8752556237218814,False
2021-04-30,588000,S1_ATM_100_Monthly,0.9297886843899114,False
2021-05-31,588000,S1_ATM_100_Monthly,1.0115882753919563,False
2021-06-30,588000,S1_ATM_100_Monthly,1.1233810497614178,False
2021-07-30,588000,S1_ATM_100_Monthly,1.125426039536469,False
2021-08-31,588000,S1_ATM_100_Monthly,1.016359918200409,False
2021-09-30,588000,S1_ATM_100_Monthly,0.9700068166325835,False
2021-10-29,588000,S1_ATM_100_Monthly,0.9884117246080435,False
2021-11-30,588000,S1_ATM_100_Monthly,1.0429447852760736,False
2021-12-31,588000,S1_ATM_100_Monthly,0.9897750511247443,False
2022-01-28,588000,S1_ATM_100_Monthly,0.8745739604635309,False
2022-02-28,588000,S1_ATM_100_Monthly,0.8841172460804361,False
2022-03-31,588000,S1_ATM_100_Monthly,0.7750511247443762,False
2022-04-29,588000,S1_ATM_100_Monthly,0.6721199727334696,False
2022-05-31,588000,S1_ATM_100_Monthly,0.7348329925017041,False
2022-06-30,588000,S1_ATM_100_Monthly,0.7873210633946829,False
2022-07-29,588000,S1_ATM_100_Monthly,0.7764144512610769,False
2022-08-31,588000,S1_ATM_100_Monthly,0.7341513292433536,False
2022-09-30,588000,S1_ATM_100_Monthly,0.6687116564417176,False
2022-10-31,588000,S1_ATM_100_Monthly,0.7225630538513973,False
2022-11-30,588000,S1_ATM_100_Monthly,0.7096114519427401,False
2022-12-30,588000,S1_ATM_100_Monthly,0.6837082481254259,False
2023-01-31,588000,S1_ATM_100_Monthly,0.7211997273346966,False
2023-02-28,588000,S1_ATM_100_Monthly,0.7041581458759372,False
2023-03-31,588000,S1_ATM_100_Monthly,0.7661895023858215,False
2023-04-28,588000,S1_ATM_100_Monthly,0.7723244717109748,False
2023-05-31,588000,S1_ATM_100_Monthly,0.7477845944103613,False
2023-06-30,588000,S1_ATM_100_Monthly,0.7171097477845945,False
2023-07-26,588000,S1_ATM_100_Monthly,0.7038082822085889,False
2023-08-23,588000,S1_ATM_100_Monthly,0.6600439230547162,False
2023-09-27,588000,S1_ATM_100_Monthly,0.6352922759401644,False
2023-10-25,588000,S1_ATM_100_Monthly,0.6192676758414429,False
2023-11-22,588000,S1_ATM_100_Monthly,0.626349241452994,False
2023-12-27,588000,S1_ATM_100_Monthly,0.618330866246424,False
2024-01-24,588000,S1_ATM_100_Monthly,0.5562844313463041,False
2024-02-28,588000,S1_ATM_100_Monthly,0.5663641588516594,False
2024-03-27,588000,S1_ATM_100_Monthly,0.5462946737704626,False
2024-04-24,588000,S1_ATM_100_Monthly,0.5421220409087867,False
2024-05-22,588000,S1_ATM_100_Monthly,0.5454867038243773,False
2024-06-26,588000,S1_ATM_100_Monthly,0.541977850084931,False
2024-07-24,588000,S1_ATM_100_Monthly,0.5550664332927204,False
2024-08-28,588000,S1_ATM_100_Monthly,0.5113272340219039,False
2024-09-25,588000,S1_ATM_100_Monthly,0.49734717518628074,False
2024-10-23,588000,S1_ATM_100_Monthly,0.561760675761858,False
2024-11-27,588000,S1_ATM_100_Monthly,0.5917007573935312,False
2024-12-25,588000,S1_ATM_100_Monthly,0.612843481423791,False
2025-01-22,588000,S1_ATM_100_Monthly,0.6198140922011854,False
2025-02-26,588000,S1_ATM_100_Monthly,0.637923690118589,False
2025-03-26,588000,S1_ATM_100_Monthly,0.6283984421717524,False
2025-04-23,588000,S1_ATM_100_Monthly,0.6372220281002897,False
2025-05-28,588000,S1_ATM_100_Monthly,0.6334920591591572,False
2025-06-25,588000,S1_ATM_100_Monthly,0.6526158005832953,False
2025-07-23,588000,S1_ATM_100_Monthly,0.6632383587525623,False
2025-08-27,588000,S1_ATM_100_Monthly,0.6815417495462459,False
2025-09-24,588000,S1_ATM_100_Monthly,0.719458398039929,False
2025-10-22,588000,S1_ATM_100_Monthly,0.7094977256459445,False
2025-11-26,588000,S1_ATM_100_Monthly,0.6829749078444655,False
2025-12-24,588000,S1_ATM_100_Monthly,0.7019903903450616,False
2026-01-28,588000,S1_ATM_100_Monthly,0.718227373579076,False
2026-02-25,588000,S1_ATM_100_Monthly,0.724548045837116,False
2026-03-25,588000,S1_ATM_100_Monthly,0.6632324734466118,False
2026-04-22,588000,S1_ATM_100_Monthly,0.6799491878281291,False
2026-05-27,588000,S1_ATM_100_Monthly,0.7009858455181025,False
2026-06-03,588000,S1_ATM_100_Monthly,0.7221832925481687,False
2021-01-29,588000,S4_OTM5_100_Monthly,1.0,False
2021-02-26,588000,S4_OTM5_100_Monthly,0.9325153374233129,False
2021-03-31,588000,S4_OTM5_100_Monthly,0.8752556237218814,False
2021-04-30,588000,S4_OTM5_100_Monthly,0.9297886843899114,False
2021-05-31,588000,S4_OTM5_100_Monthly,1.0115882753919563,False
2021-06-30,588000,S4_OTM5_100_Monthly,1.1233810497614178,False
2021-07-30,588000,S4_OTM5_100_Monthly,1.125426039536469,False
2021-08-31,588000,S4_OTM5_100_Monthly,1.016359918200409,False
2021-09-30,588000,S4_OTM5_100_Monthly,0.9700068166325835,False
2021-10-29,588000,S4_OTM5_100_Monthly,0.9884117246080435,False
2021-11-30,588000,S4_OTM5_100_Monthly,1.0429447852760736,False
2021-12-31,588000,S4_OTM5_100_Monthly,0.9897750511247443,False
2022-01-28,588000,S4_OTM5_100_Monthly,0.8745739604635309,False
2022-02-28,588000,S4_OTM5_100_Monthly,0.8841172460804361,False
2022-03-31,588000,S4_OTM5_100_Monthly,0.7750511247443762,False
2022-04-29,588000,S4_OTM5_100_Monthly,0.6721199727334696,False
2022-05-31,588000,S4_OTM5_100_Monthly,0.7348329925017041,False
2022-06-30,588000,S4_OTM5_100_Monthly,0.7873210633946829,False
2022-07-29,588000,S4_OTM5_100_Monthly,0.7764144512610769,False
2022-08-31,588000,S4_OTM5_100_Monthly,0.7341513292433536,False
2022-09-30,588000,S4_OTM5_100_Monthly,0.6687116564417176,False
2022-10-31,588000,S4_OTM5_100_Monthly,0.7225630538513973,False
2022-11-30,588000,S4_OTM5_100_Monthly,0.7096114519427401,False
2022-12-30,588000,S4_OTM5_100_Monthly,0.6837082481254259,False
2023-01-31,588000,S4_OTM5_100_Monthly,0.7211997273346966,False
2023-02-28,588000,S4_OTM5_100_Monthly,0.7041581458759372,False
2023-03-31,588000,S4_OTM5_100_Monthly,0.7661895023858215,False
2023-04-28,588000,S4_OTM5_100_Monthly,0.7723244717109748,False
2023-05-31,588000,S4_OTM5_100_Monthly,0.7477845944103613,False
2023-06-30,588000,S4_OTM5_100_Monthly,0.7171097477845945,False
2023-07-26,588000,S4_OTM5_100_Monthly,0.6920214042263122,False
2023-08-23,588000,S4_OTM5_100_Monthly,0.6354290528393123,False
2023-09-27,588000,S4_OTM5_100_Monthly,0.6029135301590295,False
2023-10-25,588000,S4_OTM5_100_Monthly,0.5805286187139662,False
2023-11-22,588000,S4_OTM5_100_Monthly,0.5832482085358881,False
2023-12-27,588000,S4_OTM5_100_Monthly,0.5654336411617966,False
2024-01-24,588000,S4_OTM5_100_Monthly,0.5005045872703936,False
2024-02-28,588000,S4_OTM5_100_Monthly,0.5287142250789475,False
2024-03-27,588000,S4_OTM5_100_Monthly,0.5013065722852609,False
2024-04-24,588000,S4_OTM5_100_Monthly,0.4883959228226262,False
2024-05-22,588000,S4_OTM5_100_Monthly,0.4826841203560633,False
2024-06-26,588000,S4_OTM5_100_Monthly,0.47957924544562375,False
2024-07-24,588000,S4_OTM5_100_Monthly,0.4832469967044335,False
2024-08-28,588000,S4_OTM5_100_Monthly,0.445167164421129,False
2024-09-25,588000,S4_OTM5_100_Monthly,0.43299597005437573,False
2024-10-23,588000,S4_OTM5_100_Monthly,0.5105432237864331,False
2024-11-27,588000,S4_OTM5_100_Monthly,0.5476186474581464,False
2024-12-25,588000,S4_OTM5_100_Monthly,0.5692573591842944,False
2025-01-22,588000,S4_OTM5_100_Monthly,0.5681096110570855,False
2025-02-26,588000,S4_OTM5_100_Monthly,0.6013803113757117,False
2025-03-26,588000,S4_OTM5_100_Monthly,0.585450898732555,False
2025-04-23,588000,S4_OTM5_100_Monthly,0.583649928572613,False
2025-05-28,588000,S4_OTM5_100_Monthly,0.5699616065825428,False
2025-06-25,588000,S4_OTM5_100_Monthly,0.5827428296019215,False
2025-07-23,588000,S4_OTM5_100_Monthly,0.5979158028837512,False
2025-08-27,588000,S4_OTM5_100_Monthly,0.6330479180586159,False
2025-09-24,588000,S4_OTM5_100_Monthly,0.69938793253109,False
2025-10-22,588000,S4_OTM5_100_Monthly,0.6726076335689404,False
2025-11-26,588000,S4_OTM5_100_Monthly,0.6396929823521822,False
2025-12-24,588000,S4_OTM5_100_Monthly,0.6604462207840937,False
2026-01-28,588000,S4_OTM5_100_Monthly,0.706072730798503,False
2026-02-25,588000,S4_OTM5_100_Monthly,0.7048648262115232,False
2026-03-25,588000,S4_OTM5_100_Monthly,0.6296041221822336,False
2026-04-22,588000,S4_OTM5_100_Monthly,0.6722560685353374,False
2026-05-27,588000,S4_OTM5_100_Monthly,0.7214305431979245,False
2026-06-03,588000,S4_OTM5_100_Monthly,0.7308503956015693,False
2021-01-29,588000,S5_IVTiming_ATM_Monthly,1.0,False
2021-02-26,588000,S5_IVTiming_ATM_Monthly,0.9325153374233129,False
2021-03-31,588000,S5_IVTiming_ATM_Monthly,0.8752556237218814,False
2021-04-30,588000,S5_IVTiming_ATM_Monthly,0.9297886843899114,False
2021-05-31,588000,S5_IVTiming_ATM_Monthly,1.0115882753919563,False
2021-06-30,588000,S5_IVTiming_ATM_Monthly,1.1233810497614178,False
2021-07-30,588000,S5_IVTiming_ATM_Monthly,1.125426039536469,False
2021-08-31,588000,S5_IVTiming_ATM_Monthly,1.016359918200409,False
2021-09-30,588000,S5_IVTiming_ATM_Monthly,0.9700068166325835,False
2021-10-29,588000,S5_IVTiming_ATM_Monthly,0.9884117246080435,False
2021-11-30,588000,S5_IVTiming_ATM_Monthly,1.0429447852760736,False
2021-12-31,588000,S5_IVTiming_ATM_Monthly,0.9897750511247443,False
2022-01-28,588000,S5_IVTiming_ATM_Monthly,0.8745739604635309,False
2022-02-28,588000,S5_IVTiming_ATM_Monthly,0.8841172460804361,False
2022-03-31,588000,S5_IVTiming_ATM_Monthly,0.7750511247443762,False
2022-04-29,588000,S5_IVTiming_ATM_Monthly,0.6721199727334696,False
2022-05-31,588000,S5_IVTiming_ATM_Monthly,0.7348329925017041,False
2022-06-30,588000,S5_IVTiming_ATM_Monthly,0.7873210633946829,False
2022-07-29,588000,S5_IVTiming_ATM_Monthly,0.7764144512610769,False
2022-08-31,588000,S5_IVTiming_ATM_Monthly,0.7341513292433536,False
2022-09-30,588000,S5_IVTiming_ATM_Monthly,0.6687116564417176,False
2022-10-31,588000,S5_IVTiming_ATM_Monthly,0.7225630538513973,False
2022-11-30,588000,S5_IVTiming_ATM_Monthly,0.7096114519427401,False
2022-12-30,588000,S5_IVTiming_ATM_Monthly,0.6837082481254259,False
2023-01-31,588000,S5_IVTiming_ATM_Monthly,0.7211997273346966,False
2023-02-28,588000,S5_IVTiming_ATM_Monthly,0.7041581458759372,False
2023-03-31,588000,S5_IVTiming_ATM_Monthly,0.7661895023858215,False
2023-04-28,588000,S5_IVTiming_ATM_Monthly,0.7723244717109748,False
2023-05-31,588000,S5_IVTiming_ATM_Monthly,0.7477845944103613,False
2023-06-30,588000,S5_IVTiming_ATM_Monthly,0.7171097477845945,False
2023-07-31,588000,S5_IVTiming_ATM_Monthly,0.6918882072256305,False
2023-08-31,588000,S5_IVTiming_ATM_Monthly,0.6728016359918201,False
2023-09-28,588000,S5_IVTiming_ATM_Monthly,0.6353101567825495,False
2023-10-31,588000,S5_IVTiming_ATM_Monthly,0.6250852079072939,False
2023-11-30,588000,S5_IVTiming_ATM_Monthly,0.6182685753237902,False
2023-12-29,588000,S5_IVTiming_ATM_Monthly,0.6114519427402865,False
2024-01-31,588000,S5_IVTiming_ATM_Monthly,0.4921608725289708,False
2024-02-29,588000,S5_IVTiming_ATM_Monthly,0.5773687798227677,False
2024-03-29,588000,S5_IVTiming_ATM_Monthly,0.5453306066803001,False
2024-04-30,588000,S5_IVTiming_ATM_Monthly,0.5480572597137016,False
2024-05-31,588000,S5_IVTiming_ATM_Monthly,0.5303340149965918,False
2024-06-28,588000,S5_IVTiming_ATM_Monthly,0.5078391274710294,False
2024-07-31,588000,S5_IVTiming_ATM_Monthly,0.5303340149965918,False
2024-08-30,588000,S5_IVTiming_ATM_Monthly,0.49625085207907305,False
2024-09-25,588000,S5_IVTiming_ATM_Monthly,0.4799236366734834,False
2024-10-23,588000,S5_IVTiming_ATM_Monthly,0.5420805423310292,False
2024-11-27,588000,S5_IVTiming_ATM_Monthly,0.5709717345924343,False
2024-12-25,588000,S5_IVTiming_ATM_Monthly,0.5913737666377266,False
2025-01-22,588000,S5_IVTiming_ATM_Monthly,0.5981001763592043,False
2025-02-26,588000,S5_IVTiming_ATM_Monthly,0.6592974870578074,False
2025-03-26,588000,S5_IVTiming_ATM_Monthly,0.6494530932341757,False
2025-04-23,588000,S5_IVTiming_ATM_Monthly,0.6506868273469724,False
2025-05-28,588000,S5_IVTiming_ATM_Monthly,0.6368347953977954,False
2025-06-30,588000,S5_IVTiming_ATM_Monthly,0.6529102368350214,False
2025-07-31,588000,S5_IVTiming_ATM_Monthly,0.6807331162456046,False
2025-08-27,588000,S5_IVTiming_ATM_Monthly,0.7630839857541896,False
2025-09-24,588000,S5_IVTiming_ATM_Monthly,0.8055371256803401,False
2025-10-22,588000,S5_IVTiming_ATM_Monthly,0.7943847207157816,False
2025-11-26,588000,S5_IVTiming_ATM_Monthly,0.751242049558983,False
2025-12-24,588000,S5_IVTiming_ATM_Monthly,0.769789611748886,False
2026-01-28,588000,S5_IVTiming_ATM_Monthly,0.8379067842489877,False
2026-02-25,588000,S5_IVTiming_ATM_Monthly,0.8320960484419713,False
2026-03-31,588000,S5_IVTiming_ATM_Monthly,0.7035090473417432,False
2026-04-22,588000,S5_IVTiming_ATM_Monthly,0.7212409291178425,False
2026-05-27,588000,S5_IVTiming_ATM_Monthly,0.7884315422086755,False
2026-06-03,588000,S5_IVTiming_ATM_Monthly,0.81227330158179,False
2021-01-29,588000,S6_IVTiming_OTM5_Monthly,1.0,False
2021-02-26,588000,S6_IVTiming_OTM5_Monthly,0.9325153374233129,False
2021-03-31,588000,S6_IVTiming_OTM5_Monthly,0.8752556237218814,False
2021-04-30,588000,S6_IVTiming_OTM5_Monthly,0.9297886843899114,False
2021-05-31,588000,S6_IVTiming_OTM5_Monthly,1.0115882753919563,False
2021-06-30,588000,S6_IVTiming_OTM5_Monthly,1.1233810497614178,False
2021-07-30,588000,S6_IVTiming_OTM5_Monthly,1.125426039536469,False
2021-08-31,588000,S6_IVTiming_OTM5_Monthly,1.016359918200409,False
2021-09-30,588000,S6_IVTiming_OTM5_Monthly,0.9700068166325835,False
2021-10-29,588000,S6_IVTiming_OTM5_Monthly,0.9884117246080435,False
2021-11-30,588000,S6_IVTiming_OTM5_Monthly,1.0429447852760736,False
2021-12-31,588000,S6_IVTiming_OTM5_Monthly,0.9897750511247443,False
2022-01-28,588000,S6_IVTiming_OTM5_Monthly,0.8745739604635309,False
2022-02-28,588000,S6_IVTiming_OTM5_Monthly,0.8841172460804361,False
2022-03-31,588000,S6_IVTiming_OTM5_Monthly,0.7750511247443762,False
2022-04-29,588000,S6_IVTiming_OTM5_Monthly,0.6721199727334696,False
2022-05-31,588000,S6_IVTiming_OTM5_Monthly,0.7348329925017041,False
2022-06-30,588000,S6_IVTiming_OTM5_Monthly,0.7873210633946829,False
2022-07-29,588000,S6_IVTiming_OTM5_Monthly,0.7764144512610769,False
2022-08-31,588000,S6_IVTiming_OTM5_Monthly,0.7341513292433536,False
2022-09-30,588000,S6_IVTiming_OTM5_Monthly,0.6687116564417176,False
2022-10-31,588000,S6_IVTiming_OTM5_Monthly,0.7225630538513973,False
2022-11-30,588000,S6_IVTiming_OTM5_Monthly,0.7096114519427401,False
2022-12-30,588000,S6_IVTiming_OTM5_Monthly,0.6837082481254259,False
2023-01-31,588000,S6_IVTiming_OTM5_Monthly,0.7211997273346966,False
2023-02-28,588000,S6_IVTiming_OTM5_Monthly,0.7041581458759372,False
2023-03-31,588000,S6_IVTiming_OTM5_Monthly,0.7661895023858215,False
2023-04-28,588000,S6_IVTiming_OTM5_Monthly,0.7723244717109748,False
2023-05-31,588000,S6_IVTiming_OTM5_Monthly,0.7477845944103613,False
2023-06-30,588000,S6_IVTiming_OTM5_Monthly,0.7171097477845945,False
2023-07-31,588000,S6_IVTiming_OTM5_Monthly,0.6918882072256305,False
2023-08-31,588000,S6_IVTiming_OTM5_Monthly,0.6728016359918201,False
2023-09-28,588000,S6_IVTiming_OTM5_Monthly,0.6353101567825495,False
2023-10-31,588000,S6_IVTiming_OTM5_Monthly,0.6250852079072939,False
2023-11-30,588000,S6_IVTiming_OTM5_Monthly,0.6182685753237902,False
2023-12-29,588000,S6_IVTiming_OTM5_Monthly,0.6114519427402865,False
2024-01-31,588000,S6_IVTiming_OTM5_Monthly,0.4921608725289708,False
2024-02-29,588000,S6_IVTiming_OTM5_Monthly,0.5773687798227677,False
2024-03-29,588000,S6_IVTiming_OTM5_Monthly,0.5453306066803001,False
2024-04-30,588000,S6_IVTiming_OTM5_Monthly,0.5480572597137016,False
2024-05-31,588000,S6_IVTiming_OTM5_Monthly,0.5303340149965918,False
2024-06-28,588000,S6_IVTiming_OTM5_Monthly,0.5078391274710294,False
2024-07-31,588000,S6_IVTiming_OTM5_Monthly,0.5303340149965918,False
2024-08-30,588000,S6_IVTiming_OTM5_Monthly,0.49625085207907305,False
2024-09-25,588000,S6_IVTiming_OTM5_Monthly,0.4799236366734834,False
2024-10-23,588000,S6_IVTiming_OTM5_Monthly,0.5658753835695496,False
2024-11-27,588000,S6_IVTiming_OTM5_Monthly,0.6069690042734658,False
2024-12-25,588000,S6_IVTiming_OTM5_Monthly,0.6309528977569039,False
2025-01-22,588000,S6_IVTiming_OTM5_Monthly,0.6296807578450102,False
2025-02-26,588000,S6_IVTiming_OTM5_Monthly,0.7033487104299203,False
2025-03-26,588000,S6_IVTiming_OTM5_Monthly,0.6847183501927514,False
2025-04-23,588000,S6_IVTiming_OTM5_Monthly,0.6801587093299001,False
2025-05-28,588000,S6_IVTiming_OTM5_Monthly,0.6596940498924794,False
2025-06-30,588000,S6_IVTiming_OTM5_Monthly,0.6763465210548139,False
2025-07-31,588000,S6_IVTiming_OTM5_Monthly,0.7051681057588541,False
2025-08-27,588000,S6_IVTiming_OTM5_Monthly,0.8014617087706876,False
2025-09-24,588000,S6_IVTiming_OTM5_Monthly,0.8854505820332927,False
2025-10-22,588000,S6_IVTiming_OTM5_Monthly,0.8515457486781549,False
2025-11-26,588000,S6_IVTiming_OTM5_Monthly,0.8003795808276568,False
2025-12-24,588000,S6_IVTiming_OTM5_Monthly,0.8219813258360651,False
2026-01-28,588000,S6_IVTiming_OTM5_Monthly,0.9136036889520621,False
2026-02-25,588000,S6_IVTiming_OTM5_Monthly,0.9024665119168398,False
2026-03-31,588000,S6_IVTiming_OTM5_Monthly,0.7630048925784776,False
2026-04-22,588000,S6_IVTiming_OTM5_Monthly,0.8146939501923561,False
2026-05-27,588000,S6_IVTiming_OTM5_Monthly,0.9077846785775839,False
2026-06-03,588000,S6_IVTiming_OTM5_Monthly,0.9196377914893074,False
