etf_code,style_bucket,strategy,roll_date,end_date,S0,ST,K,C0,coverage_ratio,option_selected_flag,no_option_available_flag,selection_reason,iv_timing_action,iv_30d_atm,iv_percentile_252,iv_regime,iv_invalid_reason,iv_observation_count,rv_20d,iv_rv_spread,iv_signal_valid,fallback_flag,price_source,option_code,selected_delta,selected_iv,days_to_expiry,moneyness,R_etf,premium_yield,upside_cost,cost,R_cc,excess_return,assignment_flag,premium_contribution,upside_cost_contribution,transaction_cost_contribution,net_option_contribution,synthetic_demo
510300,A股核心宽基,S0_BuyHold,2021-01-29,2021-02-26,5.348,5.329,,0.0,0.0,0,0,buy_hold,not_used,0.22253650920391083,,warmup_invalid,warmup,19.0,0.23673657519019597,-0.014200065986285149,0.0,,none,,,,,,-0.0035527299925205923,0.0,0.0,0.0,-0.0035527299925205923,0.0,0,0.0,-0.0,-0.0,0.0,False
510300,A股核心宽基,S0_BuyHold,2021-02-26,2021-03-31,5.329,5.05,,0.0,0.0,0,0,buy_hold,not_used,0.24909580771923068,,warmup_invalid,warmup,33.0,0.27314092363375475,-0.024045115914524073,0.0,,none,,,,,,-0.05235503846875585,0.0,0.0,0.0,-0.05235503846875585,0.0,0,0.0,-0.0,-0.0,0.0,False
510300,A股核心宽基,S0_BuyHold,2021-03-31,2021-04-30,5.05,5.128,,0.0,0.0,0,0,buy_hold,not_used,0.18514368712902068,,warmup_invalid,warmup,50.0,0.26464399437129416,-0.07950030724227347,0.0,,none,,,,,,0.015445544554455504,0.0,0.0,0.0,0.015445544554455504,0.0,0,0.0,-0.0,-0.0,0.0,False
510300,A股核心宽基,S0_BuyHold,2021-04-30,2021-05-31,5.128,5.338,,0.0,0.0,0,0,buy_hold,not_used,0.1827786221265793,,warmup_invalid,warmup,70.0,0.15647740387072911,0.02630121825585019,0.0,,none,,,,,,0.040951638065522614,0.0,0.0,0.0,0.040951638065522614,0.0,0,0.0,-0.0,-0.0,0.0,False
510300,A股核心宽基,S0_BuyHold,2021-05-31,2021-06-30,5.338,5.256,,0.0,0.0,0,0,buy_hold,not_used,0.21928573689460756,,warmup_invalid,warmup,87.0,0.18329065684815107,0.03599508004645649,0.0,,none,,,,,,-0.015361558636193302,0.0,0.0,0.0,-0.015361558636193302,0.0,0,0.0,-0.0,-0.0,0.0,False
510300,A股核心宽基,S0_BuyHold,2021-06-30,2021-07-30,5.256,4.872,,0.0,0.0,0,0,buy_hold,not_used,0.16819008104801175,,warmup_invalid,warmup,102.0,0.12196479460091016,0.046225286447101596,0.0,,none,,,,,,-0.07305936073059367,0.0,0.0,0.0,-0.07305936073059367,0.0,0,0.0,-0.0,-0.0,0.0,False
510300,A股核心宽基,S0_BuyHold,2021-07-30,2021-08-31,4.872,4.879,,0.0,0.0,0,0,buy_hold,not_used,0.1771985468864441,,warmup_invalid,warmup,123.0,0.2182846317874513,-0.04108608490100721,0.0,,none,,,,,,0.0014367816091953353,0.0,0.0,0.0,0.0014367816091953353,0.0,0,0.0,-0.0,-0.0,0.0,False
510300,A股核心宽基,S0_BuyHold,2021-08-31,2021-09-30,4.879,4.935,,0.0,0.0,0,0,buy_hold,not_used,0.17998798847198488,,warmup_invalid,warmup,144.0,0.16671836240520452,0.013269626066780366,0.0,,none,,,,,,0.011477761836441905,0.0,0.0,0.0,0.011477761836441905,0.0,0,0.0,-0.0,-0.0,0.0,False
510300,A股核心宽基,S0_BuyHold,2021-09-30,2021-10-29,4.935,4.981,,0.0,0.0,0,0,buy_hold,not_used,0.19296127598285673,,warmup_invalid,warmup,158.0,0.13978462486083917,0.053176651122017554,0.0,,none,,,,,,0.009321175278622142,0.0,0.0,0.0,0.009321175278622142,0.0,0,0.0,-0.0,-0.0,0.0,False
510300,A股核心宽基,S0_BuyHold,2021-10-29,2021-11-30,4.981,4.911,,0.0,0.0,0,0,buy_hold,not_used,0.1671994716644287,,warmup_invalid,warmup,173.0,0.1227865152330623,0.04441295643136639,0.0,,none,,,,,,-0.014053402931138383,0.0,0.0,0.0,-0.014053402931138383,0.0,0,0.0,-0.0,-0.0,0.0,False
510300,A股核心宽基,S0_BuyHold,2021-11-30,2021-12-31,4.911,5.008,,0.0,0.0,0,0,buy_hold,not_used,0.15107316150665281,,warmup_invalid,warmup,194.0,0.09867383366878772,0.05239932783786509,0.0,,none,,,,,,0.019751578090002123,0.0,0.0,0.0,0.019751578090002123,0.0,0,0.0,-0.0,-0.0,0.0,False
510300,A股核心宽基,S0_BuyHold,2021-12-31,2022-01-28,5.008,4.554,,0.0,0.0,0,0,buy_hold,not_used,0.20510249929428104,,warmup_invalid,warmup,211.0,0.1391232690667621,0.06597923022751895,0.0,,none,,,,,,-0.09065495207667726,0.0,0.0,0.0,-0.09065495207667726,0.0,0,0.0,-0.0,-0.0,0.0,False
510300,A股核心宽基,S0_BuyHold,2022-01-28,2022-02-28,4.554,4.571,,0.0,0.0,0,0,buy_hold,not_used,0.21701126914024355,,warmup_invalid,warmup,229.0,0.1685493507847156,0.04846191835552793,0.0,,none,,,,,,0.00373298199385144,0.0,0.0,0.0,0.00373298199385144,0.0,0,0.0,-0.0,-0.0,0.0,False
510300,A股核心宽基,S0_BuyHold,2022-02-28,2022-03-31,4.571,4.218,,0.0,0.0,0,0,buy_hold,not_used,0.16009593217372892,,warmup_invalid,warmup,245.0,0.1749543602607005,-0.014858428086971576,0.0,,none,,,,,,-0.07722598993655651,0.0,0.0,0.0,-0.07722598993655651,0.0,0,0.0,-0.0,-0.0,0.0,False
510300,A股核心宽基,S0_BuyHold,2022-03-31,2022-04-29,4.218,4.015,,0.0,0.0,0,0,buy_hold,not_used,0.19333200945854187,0.753968253968254,high_iv,valid,262.0,0.3403862399469529,-0.14705423048841101,1.0,,none,,,,,,-0.04812707444286399,0.0,0.0,0.0,-0.04812707444286399,0.0,0,0.0,-0.0,-0.0,0.0,False
510300,A股核心宽基,S0_BuyHold,2022-04-29,2022-05-31,4.015,4.089,,0.0,0.0,0,0,buy_hold,not_used,0.2125600832939148,0.876984126984127,high_iv,valid,280.0,0.28669440439264243,-0.07413432109872764,1.0,,none,,,,,,0.018430884184309024,0.0,0.0,0.0,0.018430884184309024,0.0,0,0.0,-0.0,-0.0,0.0,False
510300,A股核心宽基,S0_BuyHold,2022-05-31,2022-06-30,4.089,4.508,,0.0,0.0,0,0,buy_hold,not_used,0.20515495033264158,0.8571428571428571,high_iv,valid,298.0,0.20284086905061052,0.0023140812820310608,1.0,,none,,,,,,0.1024700415749571,0.0,0.0,0.0,0.1024700415749571,0.0,0,0.0,-0.0,-0.0,0.0,False
510300,A股核心宽基,S0_BuyHold,2022-06-30,2022-07-29,4.508,4.22,,0.0,0.0,0,0,buy_hold,not_used,0.21471057586669923,0.8928571428571429,high_iv,valid,314.0,0.16326836941718947,0.05144220644950975,1.0,,none,,,,,,-0.0638864241348714,0.0,0.0,0.0,-0.0638864241348714,0.0,0,0.0,-0.0,-0.0,0.0,False
510300,A股核心宽基,S0_BuyHold,2022-07-29,2022-08-31,4.22,4.141,,0.0,0.0,0,0,buy_hold,not_used,0.19577575101852418,0.6785714285714286,normal_iv,valid,334.0,0.124057355461502,0.07171839555702218,1.0,,none,,,,,,-0.01872037914691937,0.0,0.0,0.0,-0.01872037914691937,0.0,0,0.0,-0.0,-0.0,0.0,False
510300,A股核心宽基,S0_BuyHold,2022-08-31,2022-09-30,4.141,3.868,,0.0,0.0,0,0,buy_hold,not_used,0.16938334217071535,0.3531746031746032,normal_iv,valid,351.0,0.1459838787645655,0.023399463406149845,1.0,,none,,,,,,-0.06592610480560254,0.0,0.0,0.0,-0.06592610480560254,0.0,0,0.0,-0.0,-0.0,0.0,False
510300,A股核心宽基,S0_BuyHold,2022-09-30,2022-10-31,3.868,3.565,,0.0,0.0,0,0,buy_hold,not_used,0.17088534917831422,0.3611111111111111,normal_iv,valid,371.0,0.13627774600929254,0.03460760316902167,1.0,,none,,,,,,-0.07833505687693897,0.0,0.0,0.0,-0.07833505687693897,0.0,0,0.0,-0.0,-0.0,0.0,False
510300,A股核心宽基,S0_BuyHold,2022-10-31,2022-11-30,3.565,3.911,,0.0,0.0,0,0,buy_hold,not_used,0.24734465827941896,0.9761904761904762,high_iv,valid,387.0,0.20085078214293325,0.0464938761364857,1.0,,none,,,,,,0.09705469845722303,0.0,0.0,0.0,0.09705469845722303,0.0,0,0.0,-0.0,-0.0,0.0,False
510300,A股核心宽基,S0_BuyHold,2022-11-30,2022-12-30,3.911,3.938,,0.0,0.0,0,0,buy_hold,not_used,0.21338737921714784,0.8412698412698413,high_iv,valid,403.0,0.2200461448636649,-0.006658765646517045,1.0,,none,,,,,,0.0069036052160573085,0.0,0.0,0.0,0.0069036052160573085,0.0,0,0.0,-0.0,-0.0,0.0,False
510300,A股核心宽基,S0_BuyHold,2022-12-30,2023-01-31,3.938,4.159,,0.0,0.0,0,0,buy_hold,not_used,0.15531215906143186,0.11507936507936507,low_iv,valid,420.0,0.12754677623215896,0.027765382829272905,1.0,,none,,,,,,0.05611985779583536,0.0,0.0,0.0,0.05611985779583536,0.0,0,0.0,-0.0,-0.0,0.0,False
510300,A股核心宽基,S0_BuyHold,2023-01-31,2023-02-28,4.159,4.071,,0.0,0.0,0,0,buy_hold,not_used,0.16381876382827756,0.2261904761904762,low_iv,valid,436.0,0.10710849459016553,0.05671026923811204,1.0,,none,,,,,,-0.021158932435681673,0.0,0.0,0.0,-0.021158932435681673,0.0,0,0.0,-0.0,-0.0,0.0,False
510300,A股核心宽基,S0_BuyHold,2023-02-28,2023-03-31,4.071,4.05,,0.0,0.0,0,0,buy_hold,not_used,0.1645483100891113,0.20238095238095238,low_iv,valid,455.0,0.1566701716497747,0.007878138439336602,1.0,,none,,,,,,-0.005158437730287377,0.0,0.0,0.0,-0.005158437730287377,0.0,0,0.0,-0.0,-0.0,0.0,False
510300,A股核心宽基,S0_BuyHold,2023-03-31,2023-04-28,4.05,4.025,,0.0,0.0,0,0,buy_hold,not_used,0.14617137355804444,0.01984126984126984,low_iv,valid,472.0,0.12430353115884465,0.021867842399199783,1.0,,none,,,,,,-0.006172839506172708,0.0,0.0,0.0,-0.006172839506172708,0.0,0,0.0,-0.0,-0.0,0.0,False
510300,A股核心宽基,S0_BuyHold,2023-04-28,2023-05-31,4.025,3.802,,0.0,0.0,0,0,buy_hold,not_used,0.1331325222492218,0.011904761904761904,low_iv,valid,490.0,0.1267240212195704,0.006408501029651403,1.0,,none,,,,,,-0.055403726708074606,0.0,0.0,0.0,-0.055403726708074606,0.0,0,0.0,-0.0,-0.0,0.0,False
510300,A股核心宽基,S0_BuyHold,2023-05-31,2023-06-30,3.802,3.882,,0.0,0.0,0,0,buy_hold,not_used,0.15161436085700988,0.14682539682539683,low_iv,valid,504.0,0.12273921582366287,0.02887514503334701,1.0,,none,,,,,,0.021041557075223587,0.0,0.0,0.0,0.021041557075223587,0.0,0,0.0,-0.0,-0.0,0.0,False
510300,A股核心宽基,S0_BuyHold,2023-06-30,2023-07-31,3.882,4.084,,0.0,0.0,0,0,buy_hold,not_used,0.13473704719543456,0.023809523809523808,low_iv,valid,523.0,0.13154185309771999,0.003195194097714571,1.0,,none,,,,,,0.052035033487892714,0.0,0.0,0.0,0.052035033487892714,0.0,0,0.0,-0.0,-0.0,0.0,False
510300,A股核心宽基,S0_BuyHold,2023-07-31,2023-08-31,4.084,3.839,,0.0,0.0,0,0,buy_hold,not_used,0.1621689402580261,0.38095238095238093,normal_iv,valid,543.0,0.1604944562264546,0.0016744840315714993,1.0,,none,,,,,,-0.059990205680705115,0.0,0.0,0.0,-0.059990205680705115,0.0,0,0.0,-0.0,-0.0,0.0,False
510300,A股核心宽基,S0_BuyHold,2023-08-31,2023-09-28,3.839,3.764,,0.0,0.0,0,0,buy_hold,not_used,0.17027739396095276,0.5595238095238095,normal_iv,valid,560.0,0.1403912266637976,0.029886167297155153,1.0,,none,,,,,,-0.019536337587913566,0.0,0.0,0.0,-0.019536337587913566,0.0,0,0.0,-0.0,-0.0,0.0,False
510300,A股核心宽基,S0_BuyHold,2023-09-28,2023-10-31,3.764,3.644,,0.0,0.0,0,0,buy_hold,not_used,0.1528708016395569,0.32142857142857145,normal_iv,valid,579.0,0.12934540921163543,0.023525392427921482,1.0,,none,,,,,,-0.031880977683315534,0.0,0.0,0.0,-0.031880977683315534,0.0,0,0.0,-0.0,-0.0,0.0,False
510300,A股核心宽基,S0_BuyHold,2023-10-31,2023-11-30,3.644,3.562,,0.0,0.0,0,0,buy_hold,not_used,0.14852690200805663,0.25793650793650796,low_iv,valid,596.0,0.1310625143344134,0.017464387673643222,1.0,,none,,,,,,-0.022502744237102166,0.0,0.0,0.0,-0.022502744237102166,0.0,0,0.0,-0.0,-0.0,0.0,False
510300,A股核心宽基,S0_BuyHold,2023-11-30,2023-12-29,3.562,3.499,,0.0,0.0,0,0,buy_hold,not_used,0.14009658966064453,0.14285714285714285,low_iv,valid,612.0,0.09908801232702603,0.0410085773336185,1.0,,none,,,,,,-0.017686692869174545,0.0,0.0,0.0,-0.017686692869174545,0.0,0,0.0,-0.0,-0.0,0.0,False
510300,A股核心宽基,S0_BuyHold,2023-12-29,2024-01-31,3.499,3.222,,0.0,0.0,0,0,buy_hold,not_used,0.18517587299346921,0.8373015873015873,high_iv,valid,632.0,0.14616126342843347,0.039014609565035746,1.0,,none,,,,,,-0.07916547585024296,0.0,0.0,0.0,-0.07916547585024296,0.0,0,0.0,-0.0,-0.0,0.0,False
510300,A股核心宽基,S0_BuyHold,2024-01-31,2024-02-29,3.222,3.503,,0.0,0.0,0,0,buy_hold,not_used,0.199981370639801,0.9603174603174603,high_iv,valid,648.0,0.17070397456523867,0.02927739607456234,1.0,,none,,,,,,0.08721291123525765,0.0,0.0,0.0,0.08721291123525765,0.0,0,0.0,-0.0,-0.0,0.0,False
510300,A股核心宽基,S0_BuyHold,2024-02-29,2024-03-29,3.503,3.526,,0.0,0.0,0,0,buy_hold,not_used,0.18367386598587035,0.8809523809523809,high_iv,valid,663.0,0.18906319014399725,-0.005389324158126901,1.0,,none,,,,,,0.006565800742220864,0.0,0.0,0.0,0.006565800742220864,0.0,0,0.0,-0.0,-0.0,0.0,False
510300,A股核心宽基,S0_BuyHold,2024-03-29,2024-04-30,3.526,3.598,,0.0,0.0,0,0,buy_hold,not_used,0.1418441628932953,0.19047619047619047,low_iv,valid,683.0,0.0999527055082868,0.04189145738500849,1.0,,none,,,,,,0.02041973908111176,0.0,0.0,0.0,0.02041973908111176,0.0,0,0.0,-0.0,-0.0,0.0,False
510300,A股核心宽基,S0_BuyHold,2024-04-30,2024-05-31,3.598,3.582,,0.0,0.0,0,0,buy_hold,not_used,0.13978426756858825,0.15476190476190477,low_iv,valid,703.0,0.14906222744908312,-0.009277959880494874,1.0,,none,,,,,,-0.004446914952751533,0.0,0.0,0.0,-0.004446914952751533,0.0,0,0.0,-0.0,-0.0,0.0,False
510300,A股核心宽基,S0_BuyHold,2024-05-31,2024-06-28,3.582,3.487,,0.0,0.0,0,0,buy_hold,not_used,0.13438419475555424,0.03968253968253968,low_iv,valid,718.0,0.11102542111823382,0.023358773637320418,1.0,,none,,,,,,-0.026521496370742532,0.0,0.0,0.0,-0.026521496370742532,0.0,0,0.0,-0.0,-0.0,0.0,False
510300,A股核心宽基,S0_BuyHold,2024-06-28,2024-07-31,3.487,3.508,,0.0,0.0,0,0,buy_hold,not_used,0.1272341645717621,0.003968253968253968,low_iv,valid,736.0,0.06988130454969387,0.05735286002206823,1.0,,none,,,,,,0.006022368798394008,0.0,0.0,0.0,0.006022368798394008,0.0,0,0.0,-0.0,-0.0,0.0,False
510300,A股核心宽基,S0_BuyHold,2024-07-31,2024-08-30,3.508,3.392,,0.0,0.0,0,0,buy_hold,not_used,0.13513758239746096,0.12301587301587301,low_iv,valid,753.0,0.14788063094765205,-0.012743048550191094,1.0,,none,,,,,,-0.03306727480045613,0.0,0.0,0.0,-0.03306727480045613,0.0,0,0.0,-0.0,-0.0,0.0,False
510300,A股核心宽基,S0_BuyHold,2024-08-30,2024-09-30,3.392,4.233,,0.0,0.0,0,0,buy_hold,not_used,0.11688223690986635,0.015873015873015872,low_iv,valid,774.0,0.09192236355374991,0.024959873356116435,1.0,,none,,,,,,0.24793632075471692,0.0,0.0,0.0,0.24793632075471692,0.0,0,0.0,-0.0,-0.0,0.0,False
510300,A股核心宽基,S0_BuyHold,2024-09-30,2024-10-31,4.233,3.971,,0.0,0.0,0,0,buy_hold,not_used,0.44426016111373906,1.0,high_iv,valid,792.0,0.4482135386278731,-0.003953377514134049,1.0,,none,,,,,,-0.0618946373730214,0.0,0.0,0.0,-0.0618946373730214,0.0,0,0.0,-0.0,-0.0,0.0,False
510300,A股核心宽基,S0_BuyHold,2024-10-31,2024-11-29,3.971,4.001,,0.0,0.0,0,0,buy_hold,not_used,0.2900684131622314,0.9880952380952381,high_iv,valid,806.0,0.5870223667209804,-0.296953953558749,1.0,,none,,,,,,0.0075547720977084485,0.0,0.0,0.0,0.0075547720977084485,0.0,0,0.0,-0.0,-0.0,0.0,False
510300,A股核心宽基,S0_BuyHold,2024-11-29,2024-12-31,4.001,4.022,,0.0,0.0,0,0,buy_hold,not_used,0.2099637568950653,0.8571428571428571,high_iv,valid,826.0,0.23891528081131302,-0.028951523916247723,1.0,,none,,,,,,0.005248687828042966,0.0,0.0,0.0,0.005248687828042966,0.0,0,0.0,-0.0,-0.0,0.0,False
510300,A股核心宽基,S0_BuyHold,2024-12-31,2025-01-27,4.022,3.907,,0.0,0.0,0,0,buy_hold,not_used,0.16908055663108826,0.6031746031746031,normal_iv,valid,847.0,0.13585955768373653,0.033220998947351726,1.0,,none,,,,,,-0.028592739930382947,0.0,0.0,0.0,-0.028592739930382947,0.0,0,0.0,-0.0,-0.0,0.0,False
510300,A股核心宽基,S0_BuyHold,2025-01-27,2025-02-28,3.907,3.994,,0.0,0.0,0,0,buy_hold,not_used,0.1683843883037567,0.5515873015873016,normal_iv,valid,859.0,0.1716740046835166,-0.0032896163797598854,1.0,,none,,,,,,0.022267724596877446,0.0,0.0,0.0,0.022267724596877446,0.0,0,0.0,-0.0,-0.0,0.0,False
510300,A股核心宽基,S0_BuyHold,2025-02-28,2025-03-31,3.994,3.984,,0.0,0.0,0,0,buy_hold,not_used,0.1601424228668213,0.503968253968254,normal_iv,valid,876.0,0.13546590642314055,0.02467651644368074,1.0,,none,,,,,,-0.002503755633450233,0.0,0.0,0.0,-0.002503755633450233,0.0,0,0.0,-0.0,-0.0,0.0,False
510300,A股核心宽基,S0_BuyHold,2025-03-31,2025-04-30,3.984,3.866,,0.0,0.0,0,0,buy_hold,not_used,0.14313398160934448,0.3253968253968254,normal_iv,valid,896.0,0.13394856442506334,0.009185417184281147,1.0,,none,,,,,,-0.0296184738955823,0.0,0.0,0.0,-0.0296184738955823,0.0,0,0.0,-0.0,-0.0,0.0,False
510300,A股核心宽基,S0_BuyHold,2025-04-30,2025-05-30,3.866,3.959,,0.0,0.0,0,0,buy_hold,not_used,0.15393412723541258,0.5277777777777778,normal_iv,valid,912.0,0.2557874628571571,-0.1018533356217445,1.0,,none,,,,,,0.024055871702017582,0.0,0.0,0.0,0.024055871702017582,0.0,0,0.0,-0.0,-0.0,0.0,False
510300,A股核心宽基,S0_BuyHold,2025-05-30,2025-06-30,3.959,3.982,,0.0,0.0,0,0,buy_hold,not_used,0.2546973402023316,0.9285714285714286,high_iv,valid,930.0,0.09814754498290679,0.1565497952194248,1.0,,none,,,,,,0.005809547865622665,0.0,0.0,0.0,0.005809547865622665,0.0,0,0.0,-0.0,-0.0,0.0,False
510300,A股核心宽基,S0_BuyHold,2025-06-30,2025-07-31,3.982,4.155,,0.0,0.0,0,0,buy_hold,not_used,0.13117991313934327,0.1349206349206349,low_iv,valid,949.0,0.1252068272047954,0.005973085934547873,1.0,,none,,,,,,0.04344550477147163,0.0,0.0,0.0,0.04344550477147163,0.0,0,0.0,-0.0,-0.0,0.0,False
510300,A股核心宽基,S0_BuyHold,2025-07-31,2025-08-29,4.155,4.601,,0.0,0.0,0,0,buy_hold,not_used,0.1555541490793228,0.49206349206349204,normal_iv,valid,966.0,0.10223207316473175,0.05332207591459105,1.0,,none,,,,,,0.10734055354993977,0.0,0.0,0.0,0.10734055354993977,0.0,0,0.0,-0.0,-0.0,0.0,False
510300,A股核心宽基,S0_BuyHold,2025-08-29,2025-09-30,4.601,4.741,,0.0,0.0,0,0,buy_hold,not_used,0.2297830969810486,0.8531746031746031,high_iv,valid,986.0,0.14445089688450305,0.08533220009654555,1.0,,none,,,,,,0.030428167789610886,0.0,0.0,0.0,0.030428167789610886,0.0,0,0.0,-0.0,-0.0,0.0,False
510300,A股核心宽基,S0_BuyHold,2025-09-30,2025-10-31,4.741,4.756,,0.0,0.0,0,0,buy_hold,not_used,0.15807775926589962,0.36904761904761907,normal_iv,valid,1007.0,0.18163163463685356,-0.023553875370953936,1.0,,none,,,,,,0.0031638894747944672,0.0,0.0,0.0,0.0031638894747944672,0.0,0,0.0,-0.0,-0.0,0.0,False
510300,A股核心宽基,S0_BuyHold,2025-10-31,2025-11-28,4.756,4.635,,0.0,0.0,0,0,buy_hold,not_used,0.16343253345489503,0.4166666666666667,normal_iv,valid,1022.0,0.19062397517622828,-0.027191441721333254,1.0,,none,,,,,,-0.025441547518923555,0.0,0.0,0.0,-0.025441547518923555,0.0,0,0.0,-0.0,-0.0,0.0,False
510300,A股核心宽基,S0_BuyHold,2025-11-28,2025-12-31,4.635,4.753,,0.0,0.0,0,0,buy_hold,not_used,0.135797988653183,0.08333333333333333,low_iv,valid,1041.0,0.1390423378069492,-0.0032443491537662017,1.0,,none,,,,,,0.02545846817691485,0.0,0.0,0.0,0.02545846817691485,0.0,0,0.0,-0.0,-0.0,0.0,False
510300,A股核心宽基,S0_BuyHold,2025-12-31,2026-01-30,4.753,4.711,,0.0,0.0,0,0,buy_hold,not_used,0.1918705327987671,0.7619047619047619,high_iv,valid,1058.0,0.10712432937145594,0.08474620342731115,1.0,,none,,,,,,-0.008836524300441788,0.0,0.0,0.0,-0.008836524300441788,0.0,0,0.0,-0.0,-0.0,0.0,False
510300,A股核心宽基,S0_BuyHold,2026-01-30,2026-02-27,4.711,4.725,,0.0,0.0,0,0,buy_hold,not_used,0.16068123807907103,0.39285714285714285,normal_iv,valid,1077.0,0.14958681874371485,0.011094419335356182,1.0,,none,,,,,,0.002971768202080099,0.0,0.0,0.0,0.002971768202080099,0.0,0,0.0,-0.0,-0.0,0.0,False
510300,A股核心宽基,S0_BuyHold,2026-02-27,2026-03-31,4.725,4.463,,0.0,0.0,0,0,buy_hold,not_used,0.12388921880722048,0.015873015873015872,low_iv,valid,1090.0,0.15281503116807746,-0.02892581236085698,1.0,,none,,,,,,-0.05544973544973536,0.0,0.0,0.0,-0.05544973544973536,0.0,0,0.0,-0.0,-0.0,0.0,False
510300,A股核心宽基,S0_BuyHold,2026-03-31,2026-04-30,4.463,4.824,,0.0,0.0,0,0,buy_hold,not_used,0.17635933027267456,0.7301587301587301,high_iv,valid,1111.0,0.1760037122881587,0.00035561798451586024,1.0,,none,,,,,,0.08088729554111579,0.0,0.0,0.0,0.08088729554111579,0.0,0,0.0,-0.0,-0.0,0.0,False
510300,A股核心宽基,S0_BuyHold,2026-04-30,2026-05-29,4.824,4.923,,0.0,0.0,0,0,buy_hold,not_used,0.13514354274272922,0.0992063492063492,low_iv,valid,1127.0,0.1633638318533651,-0.02822028911063587,1.0,,none,,,,,,0.020522388059701534,0.0,0.0,0.0,0.020522388059701534,0.0,0,0.0,-0.0,-0.0,0.0,False
510300,A股核心宽基,S0_BuyHold,2026-05-29,2026-06-03,4.923,4.965,,0.0,0.0,0,0,buy_hold,not_used,0.1732718714237213,0.6825396825396826,normal_iv,valid,1144.0,0.15276449576061607,0.020507375663105232,1.0,,none,,,,,,0.008531383302864069,0.0,0.0,0.0,0.008531383302864069,0.0,0,0.0,-0.0,-0.0,0.0,False
510300,A股核心宽基,S1_ATM_100_Monthly,2021-01-29,2021-02-24,5.348,5.427,5.428,0.0937,1.0,1,0,selected,not_used,0.22253650920391083,,warmup_invalid,warmup,19.0,0.23673657519019597,-0.014200065986285149,0.0,,close,10003069.SH,0.4214029309585293,0.2208115852832794,26.0,0.014958863126402377,0.014771877337322315,0.017520568436798806,0.0,8.760284218399401e-06,0.032283685489902715,0.0175118081525804,0,0.017520568436798806,-0.0,-8.760284218399401e-06,0.017511808152580407,False
510300,A股核心宽基,S1_ATM_100_Monthly,2021-02-26,2021-03-24,5.329,4.933,5.25,0.18,1.0,1,0,selected,not_used,0.24909580771923068,,warmup_invalid,warmup,33.0,0.27314092363375475,-0.024045115914524073,0.0,,close,10003164.SH,0.61489734483318,0.23509972496032716,26.0,-0.014824544942765971,-0.07431037718145993,0.03377744417339088,0.0,1.6888722086695438e-05,-0.04054982173015574,0.033760555451304186,0,0.03377744417339088,-0.0,-1.6888722086695438e-05,0.033760555451304186,False
510300,A股核心宽基,S1_ATM_100_Monthly,2021-03-31,2021-04-28,5.05,5.127,5.0,0.1169,1.0,1,0,selected,not_used,0.18514368712902068,,warmup_invalid,warmup,50.0,0.26464399437129416,-0.07950030724227347,0.0,,close,10003283.SH,0.6148300444324574,0.15316643476486203,28.0,-0.00990099009900991,0.01524752475247524,0.02314851485148515,0.025148514851485105,1.1574257425742575e-05,0.013235950495049541,-0.002011574257425699,1,0.02314851485148515,-0.025148514851485105,-1.1574257425742575e-05,-0.0020115742574256957,False
510300,A股核心宽基,S1_ATM_100_Monthly,2021-04-30,2021-05-26,5.128,5.328,5.25,0.0455,1.0,1,0,selected,not_used,0.1827786221265793,,warmup_invalid,warmup,70.0,0.15647740387072911,0.02630121825585019,0.0,,close,10003349.SH,0.3168185612255695,0.1659287260532379,26.0,0.02379095163806544,0.03900156006240253,0.008872854914196567,0.01521060842433703,4.436427457098284e-06,0.032659370124804965,-0.006342189937597567,1,0.008872854914196567,-0.01521060842433703,-4.436427457098284e-06,-0.006342189937597561,False
510300,A股核心宽基,S1_ATM_100_Monthly,2021-05-31,2021-06-23,5.338,5.176,5.25,0.1727,1.0,1,0,selected,not_used,0.21928573689460756,,warmup_invalid,warmup,87.0,0.18329065684815107,0.03599508004645649,0.0,,close,10003182.SH,0.634641037912185,0.22554409942626955,23.0,-0.016485575121768514,-0.030348445110528272,0.032352941176470584,0.0,1.6176470588235293e-05,0.001988319595354077,0.03233676470588235,0,0.032352941176470584,-0.0,-1.6176470588235293e-05,0.03233676470588235,False
510300,A股核心宽基,S1_ATM_100_Monthly,2021-06-30,2021-07-28,5.256,4.819,5.25,0.104,1.0,1,0,selected,not_used,0.16819008104801175,,warmup_invalid,warmup,102.0,0.12196479460091016,0.046225286447101596,0.0,,close,10003437.SH,0.5322805347954019,0.166939600610733,28.0,-0.0011415525114155667,-0.08314307458143079,0.0197869101978691,0.0,9.89345509893455e-06,-0.06336605783866062,0.019777016742770173,0,0.0197869101978691,-0.0,-9.89345509893455e-06,0.019777016742770166,False
510300,A股核心宽基,S1_ATM_100_Monthly,2021-07-30,2021-08-25,4.872,4.971,4.9,0.069,1.0,1,0,selected,not_used,0.1771985468864441,,warmup_invalid,warmup,123.0,0.2182846317874513,-0.04108608490100721,0.0,,close,10003481.SH,0.46582327001537654,0.15210310916900632,26.0,0.005747126436781658,0.020320197044335016,0.014162561576354682,0.014573070607553312,7.081280788177341e-06,0.019902606732348206,-0.0004175903119868103,1,0.014162561576354682,-0.014573070607553312,-7.081280788177341e-06,-0.0004175903119868077,False
510300,A股核心宽基,S1_ATM_100_Monthly,2021-08-31,2021-09-22,4.879,4.895,4.9,0.0662,1.0,1,0,selected,not_used,0.17998798847198488,,warmup_invalid,warmup,144.0,0.16671836240520452,0.013269626066780366,0.0,,close,10003224.SH,0.4748511371011951,0.15358604307174684,22.0,0.004304160688665792,0.003279360524697687,0.013568354170936667,0.0,6.784177085468334e-06,0.01684093051854889,0.013561569993851202,0,0.013568354170936667,-0.0,-6.784177085468334e-06,0.013561569993851198,False
510300,A股核心宽基,S1_ATM_100_Monthly,2021-09-30,2021-10-27,4.935,4.97,4.9,0.121,1.0,1,0,selected,not_used,0.19296127598285673,,warmup_invalid,warmup,158.0,0.13978462486083917,0.053176651122017554,0.0,,close,10003602.SH,0.5778104280511885,0.18464659433364866,27.0,-0.007092198581560183,0.007092198581560313,0.024518743667679838,0.014184397163120446,1.225937183383992e-05,0.017414285714285868,0.010322087132725555,1,0.024518743667679838,-0.014184397163120446,-1.225937183383992e-05,0.010322087132725552,False
510300,A股核心宽基,S1_ATM_100_Monthly,2021-10-29,2021-11-24,4.981,4.997,5.0,0.0818,1.0,1,0,selected,not_used,0.1671994716644287,,warmup_invalid,warmup,173.0,0.1227865152330623,0.04441295643136639,0.0,,close,10003646.SH,0.48720478933343303,0.16501321702003477,26.0,0.003814495081309044,0.003212206384260192,0.016422405139530215,0.0,8.211202569765107e-06,0.019626400321220643,0.01641419393696045,0,0.016422405139530215,-0.0,-8.211202569765107e-06,0.01641419393696045,False
510300,A股核心宽基,S1_ATM_100_Monthly,2021-11-30,2021-12-22,4.911,4.982,4.9,0.0805,1.0,1,0,selected,not_used,0.15107316150665281,,warmup_invalid,warmup,194.0,0.09867383366878772,0.05239932783786509,0.0,,close,10003393.SH,0.5447244660281719,0.14939472827911376,22.0,-0.0022398696803093143,0.01445734066381605,0.016391773569537773,0.016697210344125402,8.195886784768887e-06,0.01414370800244365,-0.000313632661372399,1,0.016391773569537773,-0.016697210344125402,-8.195886784768887e-06,-0.00031363266137239825,False
510300,A股核心宽基,S1_ATM_100_Monthly,2021-12-31,2022-01-26,5.008,4.706,4.923,0.09,1.0,1,0,selected,not_used,0.20510249929428104,,warmup_invalid,warmup,211.0,0.1391232690667621,0.06597923022751895,0.0,,close,10003731.SH,,,26.0,-0.016972843450479225,-0.06030351437699673,0.017971246006389777,0.0,8.985623003194887e-06,-0.04234125399361015,0.01796226038338658,0,0.017971246006389777,-0.0,-8.985623003194887e-06,0.017962260383386584,False
510300,A股核心宽基,S1_ATM_100_Monthly,2022-01-28,2022-02-23,4.554,4.615,4.529,0.115,1.0,1,0,selected,not_used,0.21701126914024355,,warmup_invalid,warmup,229.0,0.1685493507847156,0.04846191835552793,0.0,,close,10003859.SH,0.5614238853368747,0.20382460126876834,26.0,-0.005489679402722936,0.013394817742643816,0.025252525252525252,0.018884497145366774,1.2626262626262626e-05,0.01975021958717603,0.006355401844532213,1,0.025252525252525252,-0.018884497145366774,-1.2626262626262626e-05,0.006355401844532215,False
510300,A股核心宽基,S1_ATM_100_Monthly,2022-02-28,2022-03-23,4.571,4.273,4.6,0.0603,1.0,1,0,selected,not_used,0.16009593217372892,,warmup_invalid,warmup,245.0,0.1749543602607005,-0.014858428086971576,0.0,,close,10003933.SH,0.45607325165250107,0.15537891492843625,23.0,0.0063443447823232635,-0.06519361190111574,0.013191861737037848,0.0,6.595930868518924e-06,-0.05200834609494641,0.013185265806169327,0,0.013191861737037848,-0.0,-6.595930868518924e-06,0.013185265806169329,False
510300,A股核心宽基,S1_ATM_100_Monthly,2022-03-31,2022-04-27,4.218,3.889,4.2,0.0935,1.0,1,0,selected,not_used,0.19333200945854187,0.753968253968254,high_iv,valid,262.0,0.3403862399469529,-0.14705423048841101,1.0,,close,10004053.SH,0.5570826554129238,0.17711271791458127,27.0,-0.004267425320056861,-0.07799905168326225,0.022166903745851115,0.0,1.1083451872925556e-05,-0.055843231389284056,0.022155820293978196,0,0.022166903745851115,-0.0,-1.1083451872925556e-05,0.02215582029397819,False
510300,A股核心宽基,S1_ATM_100_Monthly,2022-04-29,2022-05-25,4.015,3.982,4.0,0.0968,1.0,1,0,selected,not_used,0.2125600832939148,0.876984126984127,high_iv,valid,280.0,0.28669440439264243,-0.07413432109872764,1.0,,close,10004182.SH,0.5488914132598781,0.2018457666397095,26.0,-0.0037359900373598043,-0.00821917808219165,0.02410958904109589,0.0,1.2054794520547945e-05,0.015878356164383694,0.024097534246575344,0,0.02410958904109589,-0.0,-1.2054794520547945e-05,0.024097534246575344,False
510300,A股核心宽基,S1_ATM_100_Monthly,2022-05-31,2022-06-22,4.089,4.29,4.1,0.0725,1.0,1,0,selected,not_used,0.20515495033264158,0.8571428571428571,high_iv,valid,298.0,0.20284086905061052,0.0023140812820310608,1.0,,close,10004031.SH,0.4964492036887196,0.18837538633346557,22.0,0.0026901442895570504,0.049156272927366004,0.017730496453900707,0.04646612863780884,8.865248226950355e-06,0.02041177549523092,-0.028744497432135085,1,0.017730496453900707,-0.04646612863780884,-8.865248226950355e-06,-0.028744497432135085,False
510300,A股核心宽基,S1_ATM_100_Monthly,2022-06-30,2022-07-27,4.508,4.276,4.5,0.108,1.0,1,0,selected,not_used,0.21471057586669923,0.8928571428571429,high_iv,valid,314.0,0.16326836941718947,0.05144220644950975,1.0,,close,10004319.SH,0.5343249503162638,0.20583204555511475,27.0,-0.0017746228926353025,-0.05146406388642418,0.023957409050576754,0.0,1.1978704525288375e-05,-0.027518633540372716,0.023945430346051465,0,0.023957409050576754,-0.0,-1.1978704525288375e-05,0.023945430346051465,False
510300,A股核心宽基,S1_ATM_100_Monthly,2022-07-29,2022-08-24,4.22,4.145,4.2,0.0958,1.0,1,0,selected,not_used,0.19577575101852418,0.6785714285714286,normal_iv,valid,334.0,0.124057355461502,0.07171839555702218,1.0,,close,10004362.SH,0.5598604883033341,0.18343068389892575,26.0,-0.004739336492890933,-0.017772511848341277,0.022701421800947866,0.0,1.1350710900473933e-05,0.004917559241706115,0.022690071090047392,0,0.022701421800947866,-0.0,-1.1350710900473933e-05,0.022690071090047392,False
510300,A股核心宽基,S1_ATM_100_Monthly,2022-08-31,2022-09-28,4.141,3.893,4.1,0.1029,1.0,1,0,selected,not_used,0.16938334217071535,0.3531746031746032,normal_iv,valid,351.0,0.1459838787645655,0.023399463406149845,1.0,,close,10004033.SH,0.6058549870167786,0.16917353801727297,28.0,-0.00990099009901002,-0.05988891572084043,0.024849070272880948,0.0,1.2424535136440474e-05,-0.03505226998309592,0.02483664573774451,0,0.024849070272880948,-0.0,-1.2424535136440474e-05,0.02483664573774451,False
510300,A股核心宽基,S1_ATM_100_Monthly,2022-09-30,2022-10-26,3.868,3.716,3.9,0.0575,1.0,1,0,selected,not_used,0.17088534917831422,0.3611111111111111,normal_iv,valid,371.0,0.13627774600929254,0.03460760316902167,1.0,,close,10004477.SH,0.44896109353471997,0.16923075733184817,26.0,0.008273009307135482,-0.039296794208893406,0.01486556359875905,0.0,7.432781799379525e-06,-0.02443866339193374,0.014858130816959667,0,0.01486556359875905,-0.0,-7.432781799379525e-06,0.014858130816959669,False
510300,A股核心宽基,S1_ATM_100_Monthly,2022-10-31,2022-11-23,3.565,3.834,3.6,0.074,1.0,1,0,selected,not_used,0.24734465827941896,0.9761904761904762,high_iv,valid,387.0,0.20085078214293325,0.0464938761364857,1.0,,close,10004614.SH,0.45758479302343247,0.24659127063751224,23.0,0.009817671809256634,0.07545582047685838,0.020757363253856943,0.06563814866760168,1.037868162692847e-05,0.030564656381486727,-0.04489116409537165,1,0.020757363253856943,-0.06563814866760168,-1.037868162692847e-05,-0.04489116409537166,False
510300,A股核心宽基,S1_ATM_100_Monthly,2022-11-30,2022-12-28,3.911,3.934,3.9,0.1015,1.0,1,0,selected,not_used,0.21338737921714784,0.8412698412698413,high_iv,valid,403.0,0.2200461448636649,-0.006658765646517045,1.0,,close,10004259.SH,0.5409412301800847,0.2151587938308716,28.0,-0.0028125799028382303,0.005880848887752526,0.02595244183073383,0.008693428790590707,1.2976220915366916e-05,0.02312688570698028,0.017246036819227754,1,0.02595244183073383,-0.008693428790590707,-1.2976220915366916e-05,0.017246036819227754,False
510300,A股核心宽基,S1_ATM_100_Monthly,2022-12-30,2023-01-30,3.938,4.205,3.938,0.0453,1.0,1,0,selected,not_used,0.15531215906143186,0.11507936507936507,low_iv,valid,420.0,0.12754677623215896,0.027765382829272905,1.0,,close,10004803.SH,0.5306935712700591,0.09153646469116208,31.0,0.0,0.06780091416962923,0.011503301168105638,0.06780091416962923,5.751650584052819e-06,0.01149754951752158,-0.056303364652107654,1,0.011503301168105638,-0.06780091416962923,-5.751650584052819e-06,-0.05630336465210765,False
510300,A股核心宽基,S1_ATM_100_Monthly,2023-01-31,2023-02-22,4.159,4.099,4.135,0.0857,1.0,1,0,selected,not_used,0.16381876382827756,0.2261904761904762,low_iv,valid,436.0,0.10710849459016553,0.05671026923811204,1.0,,close,10004964.SH,0.5736981927483744,0.1730978293418884,22.0,-0.005770617937004063,-0.014426544842510125,0.02060591488338543,0.0,1.0302957441692715e-05,0.006169067083433612,0.020595611925943738,0,0.02060591488338543,-0.0,-1.0302957441692715e-05,0.020595611925943738,False
510300,A股核心宽基,S1_ATM_100_Monthly,2023-02-28,2023-03-22,4.071,3.993,4.1,0.0579,1.0,1,0,selected,not_used,0.1645483100891113,0.20238095238095238,low_iv,valid,455.0,0.1566701716497747,0.007878138439336602,1.0,,close,10005055.SH,0.4533103034316995,0.17322180452346797,22.0,0.007123556865634928,-0.019159911569638872,0.014222549742078115,0.0,7.111274871039057e-06,-0.004944473102431796,0.014215438467207075,0,0.014222549742078115,-0.0,-7.111274871039057e-06,0.014215438467207075,False
510300,A股核心宽基,S1_ATM_100_Monthly,2023-03-31,2023-04-26,4.05,3.951,4.0,0.096,1.0,1,0,selected,not_used,0.14617137355804444,0.01984126984126984,low_iv,valid,472.0,0.12430353115884465,0.021867842399199783,1.0,,close,10005204.SH,0.6425525083654524,0.1502816276550293,26.0,-0.012345679012345623,-0.024444444444444383,0.023703703703703706,0.0,1.1851851851851853e-05,-0.0007525925925925291,0.023691851851851853,0,0.023703703703703706,-0.0,-1.1851851851851853e-05,0.023691851851851853,False
510300,A股核心宽基,S1_ATM_100_Monthly,2023-04-28,2023-05-24,4.025,3.854,4.0,0.0742,1.0,1,0,selected,not_used,0.1331325222492218,0.011904761904761904,low_iv,valid,490.0,0.1267240212195704,0.006408501029651403,1.0,,close,10005283.SH,0.5912418351177686,0.13481810789108278,26.0,-0.006211180124223725,-0.042484472049689505,0.01843478260869565,0.0,9.217391304347825e-06,-0.024058906832298204,0.0184255652173913,0,0.01843478260869565,-0.0,-9.217391304347825e-06,0.0184255652173913,False
510300,A股核心宽基,S1_ATM_100_Monthly,2023-05-31,2023-06-28,3.802,3.877,3.8,0.0718,1.0,1,0,selected,not_used,0.15161436085700988,0.14682539682539683,low_iv,valid,504.0,0.12273921582366287,0.02887514503334701,1.0,,close,10005070.SH,0.5272714298659288,0.16160628366470337,28.0,-0.0005260389268806342,0.019726459758022022,0.018884797475013152,0.02025249868490267,9.442398737506577e-06,0.018349316149394994,-0.001377143608627028,1,0.018884797475013152,-0.02025249868490267,-9.442398737506577e-06,-0.0013771436086270246,False
510300,A股核心宽基,S1_ATM_100_Monthly,2023-06-30,2023-07-26,3.882,3.976,3.9,0.0533,1.0,1,0,selected,not_used,0.13473704719543456,0.023809523809523808,low_iv,valid,523.0,0.13154185309771999,0.003195194097714571,1.0,,close,10005421.SH,0.4742479405043637,0.14328179817199704,26.0,0.004636785162287493,0.024214322514167917,0.013730036063884595,0.01957753735188049,6.865018031942298e-06,0.018359956208140082,-0.005854366306027835,1,0.013730036063884595,-0.01957753735188049,-6.865018031942298e-06,-0.0058543663060278365,False
510300,A股核心宽基,S1_ATM_100_Monthly,2023-07-31,2023-08-23,4.084,3.768,4.1,0.0651,1.0,1,0,selected,not_used,0.1621689402580261,0.38095238095238093,normal_iv,valid,543.0,0.1604944562264546,0.0016744840315714993,1.0,,close,10005667.SH,0.48411020199772875,0.17188191890716553,23.0,0.003917727717923647,-0.07737512242899115,0.01594025465230167,0.0,7.970127326150835e-06,-0.06144283790401563,0.01593228452497552,0,0.01594025465230167,-0.0,-7.970127326150835e-06,0.01593228452497552,False
510300,A股核心宽基,S1_ATM_100_Monthly,2023-08-31,2023-09-27,3.839,3.778,3.8,0.0985,1.0,1,0,selected,not_used,0.17027739396095276,0.5595238095238095,normal_iv,valid,560.0,0.1403912266637976,0.029886167297155153,1.0,,close,10005123.SH,0.6043560144614489,0.17885790700912474,27.0,-0.01015889554571503,-0.01588955457150298,0.025657723365459757,0.0,1.2828861682729879e-05,0.009755339932274046,0.02564489450377703,0,0.025657723365459757,-0.0,-1.2828861682729879e-05,0.025644894503777025,False
510300,A股核心宽基,S1_ATM_100_Monthly,2023-09-28,2023-10-25,3.764,3.569,3.8,0.05,1.0,1,0,selected,not_used,0.1528708016395569,0.32142857142857145,normal_iv,valid,579.0,0.12934540921163543,0.023525392427921482,1.0,,close,10005935.SH,0.4332953390201436,0.15620382671356203,27.0,0.009564293304994642,-0.05180658873538785,0.01328374070138151,0.0,6.6418703506907555e-06,-0.03852948990435703,0.013277098831030822,0,0.01328374070138151,-0.0,-6.6418703506907555e-06,0.01327709883103082,False
510300,A股核心宽基,S1_ATM_100_Monthly,2023-10-31,2023-11-22,3.644,3.611,3.6,0.0818,1.0,1,0,selected,not_used,0.14852690200805663,0.25793650793650796,low_iv,valid,596.0,0.1310625143344134,0.017464387673643222,1.0,,close,10006045.SH,0.6459076344651061,0.15299477682113644,22.0,-0.01207464324917673,-0.009055982436882524,0.02244785949506037,0.0030186608122942152,1.1223929747530185e-05,0.010361992316136102,0.019417974753018624,1,0.02244785949506037,-0.0030186608122942152,-1.1223929747530185e-05,0.019417974753018628,False
510300,A股核心宽基,S1_ATM_100_Monthly,2023-11-30,2023-12-27,3.562,3.405,3.6,0.0425,1.0,1,0,selected,not_used,0.14009658966064453,0.14285714285714285,low_iv,valid,612.0,0.09908801232702603,0.0410085773336185,1.0,,close,10005347.SH,0.417944476497857,0.1477544412612915,27.0,0.010668163952835652,-0.04407636159460978,0.011931499157776531,0.0,5.965749578888266e-06,-0.032150828186412135,0.011925533408197644,0,0.011931499157776531,-0.0,-5.965749578888266e-06,0.011925533408197643,False
510300,A股核心宽基,S1_ATM_100_Monthly,2023-12-29,2024-01-24,3.499,3.279,3.525,0.022,1.0,1,0,selected,not_used,0.18517587299346921,0.8373015873015873,high_iv,valid,632.0,0.14616126342843347,0.039014609565035746,1.0,,close,10006295.SH,0.3991619152364095,0.08398351516723632,26.0,0.007430694484138245,-0.06287510717347819,0.006287510717347813,0.0,3.1437553586739065e-06,-0.05659074021148905,0.006284366961989141,0,0.006287510717347813,-0.0,-3.1437553586739065e-06,0.006284366961989139,False
510300,A股核心宽基,S1_ATM_100_Monthly,2024-01-31,2024-02-28,3.222,3.448,3.231,0.0615,1.0,1,0,selected,not_used,0.199981370639801,0.9603174603174603,high_iv,valid,648.0,0.17070397456523867,0.02927739607456234,1.0,,close,10006522.SH,0.4997082920730513,0.17827617731094358,28.0,0.0027932960893854997,0.07014276846679081,0.019087523277467412,0.06734947237740536,9.543761638733707e-06,0.02187127560521413,-0.04827149286157668,1,0.019087523277467412,-0.06734947237740536,-9.543761638733707e-06,-0.048271492861576684,False
510300,A股核心宽基,S1_ATM_100_Monthly,2024-02-29,2024-03-27,3.503,3.493,3.5,0.0754,1.0,1,0,selected,not_used,0.18367386598587035,0.8809523809523809,high_iv,valid,663.0,0.18906319014399725,-0.005389324158126901,1.0,,close,10006676.SH,0.528417367068791,0.18766491317749023,27.0,-0.0008564087924636254,-0.002854695974878741,0.02152440765058521,0.0,1.0762203825292605e-05,0.018658949471881178,0.02151364544675992,0,0.02152440765058521,-0.0,-1.0762203825292605e-05,0.02151364544675992,False
510300,A股核心宽基,S1_ATM_100_Monthly,2024-03-29,2024-04-24,3.526,3.513,3.5,0.0694,1.0,1,0,selected,not_used,0.1418441628932953,0.19047619047619047,low_iv,valid,683.0,0.0999527055082868,0.04189145738500849,1.0,,close,10006938.SH,0.6003822011403197,0.14035407657623294,26.0,-0.007373794668179223,-0.003686897334089592,0.01968235961429382,0.003686897334089592,9.84117980714691e-06,0.01229872376630749,0.01598562110039708,1,0.01968235961429382,-0.003686897334089592,-9.84117980714691e-06,0.01598562110039708,False
510300,A股核心宽基,S1_ATM_100_Monthly,2024-04-30,2024-05-22,3.598,3.68,3.6,0.0525,1.0,1,0,selected,not_used,0.13978426756858825,0.15476190476190477,low_iv,valid,703.0,0.14906222744908312,-0.009277959880494874,1.0,,close,10007058.SH,0.5143788407033305,0.14569454593658449,22.0,0.0005558643690939391,0.022790439132851666,0.014591439688715954,0.022234574763757665,7.295719844357977e-06,0.015140008337965596,-0.00765043079488607,1,0.014591439688715954,-0.022234574763757665,-7.295719844357977e-06,-0.007650430794886069,False
510300,A股核心宽基,S1_ATM_100_Monthly,2024-05-31,2024-06-26,3.582,3.499,3.6,0.0465,1.0,1,0,selected,not_used,0.13438419475555424,0.03968253968253968,low_iv,valid,718.0,0.11102542111823382,0.023358773637320418,1.0,,close,10006695.SH,0.4684848720551635,0.13790318260192874,26.0,0.005025125628140836,-0.02317141261864873,0.012981574539363485,0.0,6.490787269681742e-06,-0.010196328866554924,0.012975083752093804,0,0.012981574539363485,-0.0,-6.490787269681742e-06,0.012975083752093804,False
510300,A股核心宽基,S1_ATM_100_Monthly,2024-06-28,2024-07-24,3.487,3.479,3.5,0.043,1.0,1,0,selected,not_used,0.1272341645717621,0.003968253968253968,low_iv,valid,736.0,0.06988130454969387,0.05735286002206823,1.0,,close,10007353.SH,0.47952068570760853,0.12617799139022828,26.0,0.0037281330656724343,-0.002294235732721539,0.012331517063378261,0.0,6.16575853168913e-06,0.010031115572125033,0.012325351304846573,0,0.012331517063378261,-0.0,-6.16575853168913e-06,0.012325351304846572,False
510300,A股核心宽基,S1_ATM_100_Monthly,2024-07-31,2024-08-28,3.508,3.357,3.5,0.0592,1.0,1,0,selected,not_used,0.13513758239746096,0.12301587301587301,low_iv,valid,753.0,0.14788063094765205,-0.012743048550191094,1.0,,close,10007473.SH,0.5480580480816227,0.13505175342559816,28.0,-0.0022805017103763037,-0.04304446978335228,0.016875712656784492,0.0,8.437856328392247e-06,-0.026177194982896182,0.0168672748004561,0,0.016875712656784492,-0.0,-8.437856328392247e-06,0.0168672748004561,False
510300,A股核心宽基,S1_ATM_100_Monthly,2024-08-30,2024-09-25,3.392,3.474,3.4,0.0397,1.0,1,0,selected,not_used,0.11688223690986635,0.015873015873015872,low_iv,valid,774.0,0.09192236355374991,0.024959873356116435,1.0,,close,10006752.SH,0.49389273166500897,0.11419531326293947,26.0,0.002358490566037652,0.02417452830188688,0.011704009433962265,0.021816037735849142,5.8520047169811324e-06,0.014056647995283025,-0.010117880306603856,1,0.011704009433962265,-0.021816037735849142,-5.8520047169811324e-06,-0.010117880306603858,False
510300,A股核心宽基,S1_ATM_100_Monthly,2024-09-30,2024-10-23,4.233,4.055,4.2,0.2098,1.0,1,0,selected,not_used,0.44426016111373906,1.0,high_iv,valid,792.0,0.4482135386278731,-0.003953377514134049,1.0,,close,10007998.SH,0.5544413833386092,0.45058289537429813,23.0,-0.007795889440113224,-0.04205055516182375,0.04956295771320576,0.0,2.4781478856602884e-05,0.007487621072525408,0.04953817623434916,0,0.04956295771320576,-0.0,-2.4781478856602884e-05,0.04953817623434916,False
510300,A股核心宽基,S1_ATM_100_Monthly,2024-10-31,2024-11-27,3.971,3.987,4.0,0.1137,1.0,1,0,selected,not_used,0.2900684131622314,0.9880952380952381,high_iv,valid,806.0,0.5870223667209804,-0.296953953558749,1.0,,close,10007967.SH,0.4862786025827924,0.2891242944717407,27.0,0.007302946361118057,0.0040292117854444755,0.02863258625031478,0.0,1.4316293125157391e-05,0.0326474817426341,0.028618269957189624,0,0.02863258625031478,-0.0,-1.4316293125157391e-05,0.028618269957189624,False
510300,A股核心宽基,S1_ATM_100_Monthly,2024-11-29,2024-12-25,4.001,4.072,4.0,0.0888,1.0,1,0,selected,not_used,0.2099637568950653,0.8571428571428571,high_iv,valid,826.0,0.23891528081131302,-0.028951523916247723,1.0,,close,10007231.SH,0.5231441139172512,0.20068230724334718,26.0,-0.00024993751562119026,0.017745563609097657,0.02219445138715321,0.017995501124718837,1.1097225693576606e-05,0.021933416645838456,0.0041878530367408,1,0.02219445138715321,-0.017995501124718837,-1.1097225693576606e-05,0.004187853036740796,False
510300,A股核心宽基,S1_ATM_100_Monthly,2024-12-31,2025-01-22,4.022,3.886,4.0,0.073,1.0,1,0,selected,not_used,0.16908055663108826,0.6031746031746031,normal_iv,valid,847.0,0.13585955768373653,0.033220998947351726,1.0,,close,10008413.SH,0.5795900047401193,0.149308899307251,22.0,-0.005469915464942909,-0.033814022874191975,0.01815017404276479,0.0,9.075087021382396e-06,-0.01567292391844857,0.018141098955743406,0,0.01815017404276479,-0.0,-9.075087021382396e-06,0.018141098955743406,False
510300,A股核心宽基,S1_ATM_100_Monthly,2025-01-27,2025-02-26,3.907,4.054,3.9,0.0731,1.0,1,0,selected,not_used,0.1683843883037567,0.5515873015873016,normal_iv,valid,859.0,0.1716740046835166,-0.0032896163797598854,1.0,,close,10008593.SH,0.5406502936836379,0.14836954889297488,30.0,-0.0017916560020476702,0.037624776042999804,0.018710007678525722,0.03941643204504744,9.355003839262861e-06,0.016908996672638826,-0.020715779370360978,1,0.018710007678525722,-0.03941643204504744,-9.355003839262861e-06,-0.020715779370360978,False
510300,A股核心宽基,S1_ATM_100_Monthly,2025-02-28,2025-03-26,3.994,4.013,4.0,0.0642,1.0,1,0,selected,not_used,0.1601424228668213,0.503968253968254,normal_iv,valid,876.0,0.13546590642314055,0.02467651644368074,1.0,,close,10007969.SH,0.507300795785584,0.1513306484222412,26.0,0.001502253380070151,0.004757135703555254,0.016074111166750123,0.0032548823234852028,8.03705558337506e-06,0.017568327491236803,0.012811191787681548,1,0.016074111166750123,-0.0032548823234852028,-8.03705558337506e-06,0.012811191787681545,False
510300,A股核心宽基,S1_ATM_100_Monthly,2025-03-31,2025-04-23,3.984,3.882,4.0,0.0489,1.0,1,0,selected,not_used,0.14313398160934448,0.3253968253968254,normal_iv,valid,896.0,0.13394856442506334,0.009185417184281147,1.0,,close,10008952.SH,0.4746262733507406,0.13568116588592527,23.0,0.004016064257028162,-0.025602409638554185,0.01227409638554217,0.0,6.137048192771085e-06,-0.013334450301204786,0.012267959337349399,0,0.01227409638554217,-0.0,-6.137048192771085e-06,0.012267959337349399,False
510300,A股核心宽基,S1_ATM_100_Monthly,2025-04-30,2025-05-28,3.866,3.942,3.9,0.0445,1.0,1,0,selected,not_used,0.15393412723541258,0.5277777777777778,normal_iv,valid,912.0,0.2557874628571571,-0.1018533356217445,1.0,,close,10009072.SH,0.43010676694954664,0.13395504989624024,28.0,0.008794619762027889,0.019658561821003638,0.011510605276771856,0.010863942058975753,5.755302638385928e-06,0.020299469736161355,0.0006409079151577166,1,0.011510605276771856,-0.010863942058975753,-5.755302638385928e-06,0.0006409079151577169,False
510300,A股核心宽基,S1_ATM_100_Monthly,2025-05-30,2025-06-25,3.959,4.001,3.912,0.0312,1.0,1,0,selected,not_used,0.2546973402023316,0.9285714285714286,high_iv,valid,930.0,0.09814754498290679,0.1565497952194248,1.0,,close,10008282.SH,,,26.0,-0.011871684768881119,0.010608739580702263,0.007880777974235918,0.022480424349583333,3.940388987117959e-06,-0.003994847183632268,-0.014603586764334531,1,0.007880777974235918,-0.022480424349583333,-3.940388987117959e-06,-0.014603586764334533,False
510300,A股核心宽基,S1_ATM_100_Monthly,2025-06-30,2025-07-23,3.982,4.199,4.0,0.042,1.0,1,0,selected,not_used,0.13117991313934327,0.1349206349206349,low_iv,valid,949.0,0.1252068272047954,0.005973085934547873,1.0,,close,10009442.SH,0.46330043782569663,0.12068970546722413,23.0,0.0045203415369161615,0.054495228528377605,0.01054746358613762,0.049974886991461534,5.27373179306881e-06,0.015062531391260627,-0.03943269713711698,1,0.01054746358613762,-0.049974886991461534,-5.27373179306881e-06,-0.03943269713711699,False
510300,A股核心宽基,S1_ATM_100_Monthly,2025-07-31,2025-08-27,4.155,4.475,4.2,0.0485,1.0,1,0,selected,not_used,0.1555541490793228,0.49206349206349204,normal_iv,valid,966.0,0.10223207316473175,0.05332207591459105,1.0,,close,10009533.SH,0.4151606891101004,0.14592819147109987,27.0,0.010830324909747224,0.07701564380264726,0.011672683513838749,0.06618531889289998,5.8363417569193736e-06,0.022497172081829112,-0.054518471720818154,1,0.011672683513838749,-0.06618531889289998,-5.8363417569193736e-06,-0.05451847172081815,False
510300,A股核心宽基,S1_ATM_100_Monthly,2025-08-29,2025-09-24,4.601,4.663,4.6,0.1187,1.0,1,0,selected,not_used,0.2297830969810486,0.8531746031746031,high_iv,valid,986.0,0.14445089688450305,0.08533220009654555,1.0,,close,10009629.SH,0.5229403356133449,0.2347421042442322,26.0,-0.00021734405564011183,0.013475331449684911,0.025798739404477286,0.013692675505325063,1.2899369702238644e-05,0.025568495979134895,0.012093164529449984,1,0.025798739404477286,-0.013692675505325063,-1.2899369702238644e-05,0.012093164529449986,False
510300,A股核心宽基,S1_ATM_100_Monthly,2025-09-30,2025-10-22,4.741,4.695,4.7,0.0962,1.0,1,0,selected,not_used,0.15807775926589962,0.36904761904761907,normal_iv,valid,1007.0,0.18163163463685356,-0.023553875370953936,1.0,,close,10009913.SH,0.6114258122257121,0.1524178153991699,22.0,-0.008647964564437727,-0.0097025943893692,0.02029107783168108,0.0,1.014553891584054e-05,0.010578337903396039,0.020280932292765237,0,0.02029107783168108,-0.0,-1.014553891584054e-05,0.020280932292765237,False
510300,A股核心宽基,S1_ATM_100_Monthly,2025-10-31,2025-11-26,4.756,4.626,4.8,0.063,1.0,1,0,selected,not_used,0.16343253345489503,0.4166666666666667,normal_iv,valid,1022.0,0.19062397517622828,-0.027191441721333254,1.0,,close,10010088.SH,0.4349561314154653,0.15780119924545288,26.0,0.009251471825062918,-0.027333894028595436,0.013246425567703952,0.0,6.623212783851976e-06,-0.014094091673675336,0.0132398023549201,0,0.013246425567703952,-0.0,-6.623212783851976e-06,0.0132398023549201,False
510300,A股核心宽基,S1_ATM_100_Monthly,2025-11-28,2025-12-24,4.635,4.757,4.6,0.0808,1.0,1,0,selected,not_used,0.135797988653183,0.08333333333333333,low_iv,valid,1041.0,0.1390423378069492,-0.0032443491537662017,1.0,,close,10009631.SH,0.619101990965593,0.1173662169456482,26.0,-0.007551240560949357,0.026321467098166105,0.01743257820927724,0.03387270765911543,8.71628910463862e-06,0.00987262135922327,-0.016448845738942834,1,0.01743257820927724,-0.03387270765911543,-8.71628910463862e-06,-0.01644884573894283,False
510300,A股核心宽基,S1_ATM_100_Monthly,2025-12-31,2026-01-28,4.753,4.725,4.776,0.0269,1.0,1,0,selected,not_used,0.1918705327987671,0.7619047619047619,high_iv,valid,1058.0,0.10712432937145594,0.08474620342731115,1.0,,close,10010466.SH,0.4309102441163204,0.06495332479476928,28.0,0.004839049021670538,-0.00589101620029465,0.005659583420997265,0.0,2.8297917104986324e-06,-0.00023426257100788323,0.005656753629286766,0,0.005659583420997265,-0.0,-2.8297917104986324e-06,0.005656753629286766,False
510300,A股核心宽基,S1_ATM_100_Monthly,2026-01-30,2026-02-25,4.711,4.75,4.7,0.0916,1.0,1,0,selected,not_used,0.16068123807907103,0.39285714285714285,normal_iv,valid,1077.0,0.14958681874371485,0.011094419335356182,1.0,,close,10010889.SH,0.542831155270407,0.16470089492797851,26.0,-0.002334960730205893,0.008278497134366312,0.019443854807896413,0.01061345786457224,9.721927403948206e-06,0.017099172150286536,0.008820675015920224,1,0.019443854807896413,-0.01061345786457224,-9.721927403948206e-06,0.008820675015920225,False
510300,A股核心宽基,S1_ATM_100_Monthly,2026-02-27,2026-03-25,4.725,4.544,4.7,0.0773,1.0,1,0,selected,not_used,0.12388921880722048,0.015873015873015872,low_iv,valid,1090.0,0.15281503116807746,-0.02892581236085698,1.0,,close,10010907.SH,0.5894987691272888,0.1199267812728882,26.0,-0.005291005291005124,-0.03830687830687832,0.01635978835978836,0.0,8.17989417989418e-06,-0.021955269841269852,0.016351608465608465,0,0.01635978835978836,-0.0,-8.17989417989418e-06,0.016351608465608465,False
510300,A股核心宽基,S1_ATM_100_Monthly,2026-03-31,2026-04-22,4.463,4.811,4.5,0.052,1.0,1,0,selected,not_used,0.17635933027267456,0.7301587301587301,high_iv,valid,1111.0,0.1760037122881587,0.00035561798451586024,1.0,,close,10011122.SH,0.4323059940406345,0.15183608570098878,22.0,0.008290387631637808,0.0779744566435133,0.011651355590410037,0.0696840690118754,5.825677795205018e-06,0.019935917544252727,-0.05803853909926057,1,0.011651355590410037,-0.0696840690118754,-5.825677795205018e-06,-0.05803853909926057,False
510300,A股核心宽基,S1_ATM_100_Monthly,2026-04-30,2026-05-27,4.824,4.932,4.8,0.0817,1.0,1,0,selected,not_used,0.13514354274272922,0.0992063492063492,low_iv,valid,1127.0,0.1633638318533651,-0.02822028911063587,1.0,,close,10011316.SH,0.5823330511139214,0.12453532023429872,27.0,-0.00497512437810943,0.02238805970149265,0.01693615257048093,0.02736318407960211,8.468076285240465e-06,0.011952560116086232,-0.010435499585406419,1,0.01693615257048093,-0.02736318407960211,-8.468076285240465e-06,-0.010435499585406419,False
510300,A股核心宽基,S1_ATM_100_Monthly,2026-05-29,2026-06-03,4.923,4.965,4.9,0.0917,1.0,1,0,selected,not_used,0.1732718714237213,0.6825396825396826,normal_iv,valid,1144.0,0.15276449576061607,0.020507375663105232,1.0,,close,10010927.SH,0.5703109111845883,0.14500314588546753,26.0,-0.004671947999187465,0.008531383302864069,0.018626853544586635,0.013203331302051494,9.313426772293317e-06,0.013945592118626915,0.005414208815762846,1,0.018626853544586635,-0.013203331302051494,-9.313426772293317e-06,0.005414208815762848,False
510300,A股核心宽基,S4_OTM5_100_Monthly,2021-01-29,2021-02-24,5.348,5.427,5.675,0.034,1.0,1,0,selected,not_used,0.22253650920391083,,warmup_invalid,warmup,19.0,0.23673657519019597,-0.014200065986285149,0.0,,close,10003070.SH,0.1884171215578162,0.2370880961418152,26.0,0.06114435302916976,0.014771877337322315,0.006357516828721018,0.0,3.178758414360509e-06,0.021126215407628973,0.006354338070306657,0,0.006357516828721018,-0.0,-3.178758414360509e-06,0.006354338070306657,False
510300,A股核心宽基,S4_OTM5_100_Monthly,2021-02-26,2021-03-24,5.329,4.933,5.675,0.0354,1.0,1,0,selected,not_used,0.24909580771923068,,warmup_invalid,warmup,33.0,0.27314092363375475,-0.024045115914524073,0.0,,close,10002769.SH,0.18728264058278504,0.25003396606445316,26.0,0.0649277537999624,-0.07431037718145993,0.006642897354100207,0.0,3.3214486770501032e-06,-0.06767080127603678,0.006639575905423148,0,0.006642897354100207,-0.0,-3.3214486770501032e-06,0.006639575905423157,False
510300,A股核心宽基,S4_OTM5_100_Monthly,2021-03-31,2021-04-28,5.05,5.127,5.25,0.029,1.0,1,0,selected,not_used,0.18514368712902068,,warmup_invalid,warmup,50.0,0.26464399437129416,-0.07950030724227347,0.0,,close,10003284.SH,0.21924695416273143,0.16876346626281738,28.0,0.03960396039603964,0.01524752475247524,0.005742574257425743,0.0,2.8712871287128717e-06,0.020987227722772273,0.005739702970297033,0,0.005742574257425743,-0.0,-2.8712871287128717e-06,0.00573970297029703,False
510300,A股核心宽基,S4_OTM5_100_Monthly,2021-04-30,2021-05-26,5.128,5.328,5.5,0.0095,1.0,1,0,selected,not_used,0.1827786221265793,,warmup_invalid,warmup,70.0,0.15647740387072911,0.02630121825585019,0.0,,close,10003350.SH,0.08429184975865295,0.18344975700378413,26.0,0.07254290171606859,0.03900156006240253,0.0018525741029641184,0.0,9.262870514820593e-07,0.040853207878315166,0.001851647815912634,0,0.0018525741029641184,-0.0,-9.262870514820593e-07,0.0018516478159126364,False
510300,A股核心宽基,S4_OTM5_100_Monthly,2021-05-31,2021-06-23,5.338,5.176,5.675,0.0307,1.0,1,0,selected,not_used,0.21928573689460756,,warmup_invalid,warmup,87.0,0.18329065684815107,0.03599508004645649,0.0,,close,10002897.SH,0.1760245396653503,0.2483459962844849,23.0,0.06313225927313604,-0.030348445110528272,0.00575121768452604,0.0,2.87560884226302e-06,-0.024600103034844497,0.005748342075683775,0,0.00575121768452604,-0.0,-2.87560884226302e-06,0.005748342075683777,False
510300,A股核心宽基,S4_OTM5_100_Monthly,2021-06-30,2021-07-28,5.256,4.819,5.5,0.0292,1.0,1,0,selected,not_used,0.16819008104801175,,warmup_invalid,warmup,102.0,0.12196479460091016,0.046225286447101596,0.0,,close,10003438.SH,0.20074407475467515,0.18314458732604977,28.0,0.04642313546423127,-0.08314307458143079,0.005555555555555556,0.0,2.777777777777778e-06,-0.07759029680365302,0.005552777777777768,0,0.005555555555555556,-0.0,-2.777777777777778e-06,0.005552777777777778,False
510300,A股核心宽基,S4_OTM5_100_Monthly,2021-07-30,2021-08-25,4.872,4.971,5.0,0.0355,1.0,1,0,selected,not_used,0.1771985468864441,,warmup_invalid,warmup,123.0,0.2182846317874513,-0.04108608490100721,0.0,,close,10003482.SH,0.2857422133529517,0.1565042281150818,26.0,0.026272577996715896,0.020320197044335016,0.007286535303776683,0.0,3.643267651888341e-06,0.027603089080459813,0.007282892036124797,0,0.007286535303776683,-0.0,-3.643267651888341e-06,0.007282892036124794,False
510300,A股核心宽基,S4_OTM5_100_Monthly,2021-08-31,2021-09-22,4.879,4.895,5.0,0.0326,1.0,1,0,selected,not_used,0.17998798847198488,,warmup_invalid,warmup,144.0,0.16671836240520452,0.013269626066780366,0.0,,close,10003225.SH,0.2816784309459825,0.15882161035537717,22.0,0.024800163968026423,0.003279360524697687,0.006681697069071531,0.0,3.3408485345357656e-06,0.009957716745234683,0.0066783562205369965,0,0.006681697069071531,-0.0,-3.3408485345357656e-06,0.006678356220536995,False
510300,A股核心宽基,S4_OTM5_100_Monthly,2021-09-30,2021-10-27,4.935,4.97,5.25,0.015,1.0,1,0,selected,not_used,0.19296127598285673,,warmup_invalid,warmup,158.0,0.13978462486083917,0.053176651122017554,0.0,,close,10003604.SH,0.12315401229173029,0.18741696281433104,27.0,0.06382978723404253,0.007092198581560313,0.00303951367781155,0.0,1.5197568389057753e-06,0.010130192502532958,0.0030379939209726446,0,0.00303951367781155,-0.0,-1.5197568389057753e-06,0.003037993920972644,False
510300,A股核心宽基,S4_OTM5_100_Monthly,2021-10-29,2021-11-24,4.981,4.997,5.25,0.0146,1.0,1,0,selected,not_used,0.1671994716644287,,warmup_invalid,warmup,173.0,0.1227865152330623,0.04441295643136639,0.0,,close,10003647.SH,0.13222885617344154,0.16842491865158082,26.0,0.05400521983537443,0.003212206384260192,0.002931138325637422,0.0,1.4655691628187113e-06,0.006141879140734796,0.002929672756474604,0,0.002931138325637422,-0.0,-1.4655691628187113e-06,0.0029296727564746034,False
510300,A股核心宽基,S4_OTM5_100_Monthly,2021-11-30,2021-12-22,4.911,4.982,5.25,0.0048,1.0,1,0,selected,not_used,0.15107316150665281,,warmup_invalid,warmup,194.0,0.09867383366878772,0.05239932783786509,0.0,,close,10003395.SH,0.056859390596149084,0.16663681507110595,22.0,0.0690287110568113,0.01445734066381605,0.0009773976786805131,0.0,4.886988393402566e-07,0.015434249643657222,0.000976908979841172,0,0.0009773976786805131,-0.0,-4.886988393402566e-07,0.000976908979841173,False
510300,A股核心宽基,S4_OTM5_100_Monthly,2021-12-31,2022-01-26,5.008,4.706,5.169,0.0186,1.0,1,0,selected,not_used,0.20510249929428104,,warmup_invalid,warmup,211.0,0.1391232690667621,0.06597923022751895,0.0,,close,10003732.SH,0.1962666983394067,0.1297875764846802,26.0,0.03214856230031948,-0.06030351437699673,0.00371405750798722,0.0,1.85702875399361e-06,-0.0565913138977635,0.0037122004792332283,0,0.00371405750798722,-0.0,-1.85702875399361e-06,0.0037122004792332266,False
510300,A股核心宽基,S4_OTM5_100_Monthly,2022-01-28,2022-02-23,4.554,4.615,4.8,0.0222,1.0,1,0,selected,not_used,0.21701126914024355,,warmup_invalid,warmup,229.0,0.1685493507847156,0.04846191835552793,0.0,,close,10003917.SH,0.1745915433352424,0.19919937334060667,26.0,0.054018445322792985,0.013394817742643816,0.004874835309617918,0.0,2.4374176548089593e-06,0.018267215634606926,0.00487239789196311,0,0.004874835309617918,-0.0,-2.4374176548089593e-06,0.004872397891963109,False
510300,A股核心宽基,S4_OTM5_100_Monthly,2022-02-28,2022-03-23,4.571,4.273,4.8,0.0095,1.0,1,0,selected,not_used,0.16009593217372892,,warmup_invalid,warmup,245.0,0.1749543602607005,-0.014858428086971576,0.0,,close,10003935.SH,0.11261379880426375,0.15398180999755856,23.0,0.0500984467293808,-0.06519361190111574,0.002078319842485233,0.0,1.0391599212426166e-06,-0.06311633121855174,0.0020772806825639922,0,0.002078319842485233,-0.0,-1.0391599212426166e-06,0.0020772806825639905,False
510300,A股核心宽基,S4_OTM5_100_Monthly,2022-03-31,2022-04-27,4.218,3.889,4.4,0.025,1.0,1,0,selected,not_used,0.19333200945854187,0.753968253968254,high_iv,valid,262.0,0.3403862399469529,-0.14705423048841101,1.0,,close,10004055.SH,0.21396586349900498,0.18330194044113157,27.0,0.04314841156946425,-0.07799905168326225,0.005926979611190138,0.0,2.963489805595069e-06,-0.0720750355618777,0.0059240161213845455,0,0.005926979611190138,-0.0,-2.963489805595069e-06,0.005924016121384543,False
510300,A股核心宽基,S4_OTM5_100_Monthly,2022-04-29,2022-05-25,4.015,3.982,4.2,0.0246,1.0,1,0,selected,not_used,0.2125600832939148,0.876984126984127,high_iv,valid,280.0,0.28669440439264243,-0.07413432109872764,1.0,,close,10004184.SH,0.21086745868370232,0.19699166145324704,26.0,0.04607721046077229,-0.00821917808219165,0.006127023661270237,0.0,3.0635118306351188e-06,-0.002095217932752048,0.0061239601494396025,0,0.006127023661270237,-0.0,-3.0635118306351188e-06,0.006123960149439602,False
510300,A股核心宽基,S4_OTM5_100_Monthly,2022-05-31,2022-06-22,4.089,4.29,4.3,0.0137,1.0,1,0,selected,not_used,0.20515495033264158,0.8571428571428571,high_iv,valid,298.0,0.20284086905061052,0.0023140812820310608,1.0,,close,10003973.SH,0.1457910735591243,0.18565270061492917,22.0,0.05160185864514544,0.049156272927366004,0.0033504524333577887,0.0,1.6752262166788945e-06,0.05250505013450712,0.003348777207141114,0,0.0033504524333577887,-0.0,-1.6752262166788945e-06,0.0033487772071411097,False
510300,A股核心宽基,S4_OTM5_100_Monthly,2022-06-30,2022-07-27,4.508,4.276,4.7,0.0402,1.0,1,0,selected,not_used,0.21471057586669923,0.8928571428571429,high_iv,valid,314.0,0.16326836941718947,0.05144220644950975,1.0,,close,10004333.SH,0.25769929113147383,0.2175095540046692,27.0,0.042590949423247704,-0.05146406388642418,0.008917480035492458,0.0,4.458740017746229e-06,-0.042551042590949474,0.008913021295474707,0,0.008917480035492458,-0.0,-4.458740017746229e-06,0.008913021295474713,False
510300,A股核心宽基,S4_OTM5_100_Monthly,2022-07-29,2022-08-24,4.22,4.145,4.4,0.0218,1.0,1,0,selected,not_used,0.19577575101852418,0.6785714285714286,normal_iv,valid,334.0,0.124057355461502,0.07171839555702218,1.0,,close,10004364.SH,0.20135906578223717,0.1757251495361328,26.0,0.042654028436019065,-0.017772511848341277,0.005165876777251185,0.0,2.582938388625593e-06,-0.012609218009478718,0.005163293838862559,0,0.005165876777251185,-0.0,-2.582938388625593e-06,0.0051632938388625595,False
510300,A股核心宽基,S4_OTM5_100_Monthly,2022-08-31,2022-09-28,4.141,3.893,4.3,0.0227,1.0,1,0,selected,not_used,0.16938334217071535,0.3531746031746032,normal_iv,valid,351.0,0.1459838787645655,0.023399463406149845,1.0,,close,10003993.SH,0.21759506627820252,0.16254086580276483,28.0,0.03839652257908721,-0.05988891572084043,0.005481767688964019,0.0,2.7408838444820093e-06,-0.0544098889157209,0.0054790268051195315,0,0.005481767688964019,-0.0,-2.7408838444820093e-06,0.005479026805119537,False
510300,A股核心宽基,S4_OTM5_100_Monthly,2022-09-30,2022-10-26,3.868,3.716,4.1,0.0096,1.0,1,0,selected,not_used,0.17088534917831422,0.3611111111111111,normal_iv,valid,371.0,0.13627774600929254,0.03460760316902167,1.0,,close,10004479.SH,0.11307645057485405,0.17262576999664303,26.0,0.05997931747673202,-0.039296794208893406,0.002481902792140641,0.0,1.2409513960703206e-06,-0.03681613236814884,0.0024806618407445663,0,0.002481902792140641,-0.0,-1.2409513960703206e-06,0.0024806618407445706,False
510300,A股核心宽基,S4_OTM5_100_Monthly,2022-10-31,2022-11-23,3.565,3.834,3.7,0.0383,1.0,1,0,selected,not_used,0.24734465827941896,0.9761904761904762,high_iv,valid,387.0,0.20085078214293325,0.0464938761364857,1.0,,close,10004615.SH,0.2891374068549212,0.24389242630004884,23.0,0.03786816269284721,0.07545582047685838,0.010743338008415147,0.03758765778401119,5.371669004207574e-06,0.048606129032258125,-0.026849691444600254,1,0.010743338008415147,-0.03758765778401119,-5.371669004207574e-06,-0.02684969144460025,False
510300,A股核心宽基,S4_OTM5_100_Monthly,2022-11-30,2022-12-28,3.911,3.934,4.1,0.0302,1.0,1,0,selected,not_used,0.21338737921714784,0.8412698412698413,high_iv,valid,403.0,0.2200461448636649,-0.006658765646517045,1.0,,close,10004261.SH,0.23004971611342867,0.21454368619918823,28.0,0.04832523651240073,0.005880848887752526,0.0077218102787010995,0.0,3.86090513935055e-06,0.013598798261314275,0.007717949373561748,0,0.0077218102787010995,-0.0,-3.86090513935055e-06,0.007717949373561749,False
510300,A股核心宽基,S4_OTM5_100_Monthly,2022-12-30,2023-01-30,3.938,4.205,4.135,0.0068,1.0,1,0,selected,not_used,0.15531215906143186,0.11507936507936507,low_iv,valid,420.0,0.12754677623215896,0.027765382829272905,1.0,,close,10004805.SH,0.10130527291064007,0.12509559268951415,31.0,0.050025393600812595,0.06780091416962923,0.0017267648552564752,0.01777552056881673,8.633824276282376e-07,0.05175129507364134,-0.016049619095987892,1,0.0017267648552564752,-0.01777552056881673,-8.633824276282376e-07,-0.016049619095987882,False
510300,A股核心宽基,S4_OTM5_100_Monthly,2023-01-31,2023-02-22,4.159,4.099,4.4,0.0102,1.0,1,0,selected,not_used,0.16381876382827756,0.2261904761904762,low_iv,valid,436.0,0.10710849459016553,0.05671026923811204,1.0,,close,10005040.SH,0.11425265701191678,0.18303968524932857,22.0,0.05794662178408294,-0.014426544842510125,0.0024525126232267376,0.0,1.2262563116133688e-06,-0.011975258475595,0.0024512863669151255,0,0.0024525126232267376,-0.0,-1.2262563116133688e-06,0.002451286366915124,False
510300,A股核心宽基,S4_OTM5_100_Monthly,2023-02-28,2023-03-22,4.071,3.993,4.3,0.0103,1.0,1,0,selected,not_used,0.1645483100891113,0.20238095238095238,low_iv,valid,455.0,0.1566701716497747,0.007878138439336602,1.0,,close,10005057.SH,0.11836804917978172,0.18085581474304196,22.0,0.05625153524932447,-0.019159911569638872,0.00253009088676001,0.0,1.265045443380005e-06,-0.01663108572832224,0.002528825841316633,0,0.00253009088676001,-0.0,-1.265045443380005e-06,0.0025288258413166302,False
510300,A股核心宽基,S4_OTM5_100_Monthly,2023-03-31,2023-04-26,4.05,3.951,4.3,0.0053,1.0,1,0,selected,not_used,0.14617137355804444,0.01984126984126984,low_iv,valid,472.0,0.12430353115884465,0.021867842399199783,1.0,,close,10005207.SH,0.0744078740981351,0.14968082485198975,26.0,0.06172839506172845,-0.024444444444444383,0.001308641975308642,0.0,6.54320987654321e-07,-0.023136456790123397,0.0013079876543209863,0,0.001308641975308642,-0.0,-6.54320987654321e-07,0.0013079876543209876,False
510300,A股核心宽基,S4_OTM5_100_Monthly,2023-04-28,2023-05-24,4.025,3.854,4.2,0.0094,1.0,1,0,selected,not_used,0.1331325222492218,0.011904761904761904,low_iv,valid,490.0,0.1267240212195704,0.006408501029651403,1.0,,close,10005285.SH,0.13098879213306497,0.13522341136932375,26.0,0.04347826086956519,-0.042484472049689505,0.0023354037267080746,0.0,1.167701863354037e-06,-0.040150236024844785,0.00233423602484472,0,0.0023354037267080746,-0.0,-1.167701863354037e-06,0.0023342360248447204,False
510300,A股核心宽基,S4_OTM5_100_Monthly,2023-05-31,2023-06-28,3.802,3.877,4.0,0.0116,1.0,1,0,selected,not_used,0.15161436085700988,0.14682539682539683,low_iv,valid,504.0,0.12273921582366287,0.02887514503334701,1.0,,close,10005072.SH,0.13816186714437045,0.1600279842376709,28.0,0.05207785376117835,0.019726459758022022,0.003051025775907417,0.0,1.5255128879537084e-06,0.022775960021041486,0.003049500263019464,0,0.003051025775907417,-0.0,-1.5255128879537084e-06,0.0030495002630194635,False
510300,A股核心宽基,S4_OTM5_100_Monthly,2023-06-30,2023-07-26,3.882,3.976,4.1,0.0064,1.0,1,0,selected,not_used,0.13473704719543456,0.023809523809523808,low_iv,valid,523.0,0.13154185309771999,0.003195194097714571,1.0,,close,10005423.SH,0.09148323504035405,0.14753510055541993,26.0,0.05615662029881485,0.024214322514167917,0.001648634724368882,0.0,8.243173621844411e-07,0.025862132921174615,0.0016478104070066987,0,0.001648634724368882,-0.0,-8.243173621844411e-07,0.0016478104070066976,False
510300,A股核心宽基,S4_OTM5_100_Monthly,2023-07-31,2023-08-23,4.084,3.768,4.3,0.0133,1.0,1,0,selected,not_used,0.1621689402580261,0.38095238095238093,normal_iv,valid,543.0,0.1604944562264546,0.0016744840315714993,1.0,,close,10005669.SH,0.14170997980083555,0.18281080799102778,23.0,0.05288932419196879,-0.07737512242899115,0.0032566111655239964,0.0,1.6283055827619981e-06,-0.07412013956904992,0.003254982859941233,0,0.0032566111655239964,-0.0,-1.6283055827619981e-06,0.0032549828599412346,False
510300,A股核心宽基,S4_OTM5_100_Monthly,2023-08-31,2023-09-27,3.839,3.778,4.0,0.0231,1.0,1,0,selected,not_used,0.17027739396095276,0.5595238095238095,normal_iv,valid,560.0,0.1403912266637976,0.029886167297155153,1.0,,close,10005125.SH,0.21823484864339515,0.18137078857421873,27.0,0.041938004688721,-0.01588955457150298,0.006017191977077363,0.0,3.0085959885386818e-06,-0.009875371190414156,0.006014183381088825,0,0.006017191977077363,-0.0,-3.0085959885386818e-06,0.006014183381088825,False
510300,A股核心宽基,S4_OTM5_100_Monthly,2023-09-28,2023-10-25,3.764,3.569,4.0,0.0088,1.0,1,0,selected,not_used,0.1528708016395569,0.32142857142857145,normal_iv,valid,579.0,0.12934540921163543,0.023525392427921482,1.0,,close,10005937.SH,0.10637556922742386,0.1718533092498779,27.0,0.06269925611052085,-0.05180658873538785,0.0023379383634431457,0.0,1.1689691817215728e-06,-0.049469819341126424,0.0023367693942614245,0,0.0023379383634431457,-0.0,-1.1689691817215728e-06,0.002336769394261424,False
510300,A股核心宽基,S4_OTM5_100_Monthly,2023-10-31,2023-11-22,3.644,3.611,3.8,0.0102,1.0,1,0,selected,not_used,0.14852690200805663,0.25793650793650796,low_iv,valid,596.0,0.1310625143344134,0.017464387673643222,1.0,,close,10006047.SH,0.14586093823136442,0.15450632038116452,22.0,0.0428100987925355,-0.009055982436882524,0.0027991218441273326,0.0,1.3995609220636664e-06,-0.006258260153677256,0.002797722283205268,0,0.0027991218441273326,-0.0,-1.3995609220636664e-06,0.002797722283205269,False
510300,A股核心宽基,S4_OTM5_100_Monthly,2023-11-30,2023-12-27,3.562,3.405,3.7,0.0155,1.0,1,0,selected,not_used,0.14009658966064453,0.14285714285714285,low_iv,valid,612.0,0.09908801232702603,0.0410085773336185,1.0,,close,10005348.SH,0.1939753335586017,0.15194098777770998,27.0,0.03874227961819221,-0.04407636159460978,0.004351487928130264,0.0,2.175743964065132e-06,-0.03972704941044358,0.004349312184166197,0,0.004351487928130264,-0.0,-2.175743964065132e-06,0.004349312184166199,False
510300,A股核心宽基,S4_OTM5_100_Monthly,2023-12-29,2024-01-24,3.499,3.279,3.72,0.0031,1.0,1,0,selected,not_used,0.18517587299346921,0.8373015873015873,high_iv,valid,632.0,0.14616126342843347,0.039014609565035746,1.0,,close,10006297.SH,0.05651345396497798,0.13979141998291017,26.0,0.06316090311517586,-0.06287510717347819,0.0008859674192626464,0.0,4.429837096313232e-07,-0.061989582737925174,0.0008855244355530159,0,0.0008859674192626464,-0.0,-4.429837096313232e-07,0.000885524435553015,False
510300,A股核心宽基,S4_OTM5_100_Monthly,2024-01-31,2024-02-28,3.222,3.448,3.4,0.0123,1.0,1,0,selected,not_used,0.199981370639801,0.9603174603174603,high_iv,valid,648.0,0.17070397456523867,0.02927739607456234,1.0,,close,10006657.SH,0.15163865096225176,0.17891035804748534,28.0,0.05524518932340161,0.07014276846679081,0.003817504655493482,0.014897579143389213,1.9087523277467415e-06,0.05906078522656733,-0.011081983240223477,1,0.003817504655493482,-0.014897579143389213,-1.9087523277467415e-06,-0.011081983240223478,False
510300,A股核心宽基,S4_OTM5_100_Monthly,2024-02-29,2024-03-27,3.503,3.493,3.7,0.0155,1.0,1,0,selected,not_used,0.18367386598587035,0.8809523809523809,high_iv,valid,663.0,0.18906319014399725,-0.005389324158126901,1.0,,close,10006709.SH,0.16266752676625734,0.19380645294189455,27.0,0.05623751070510985,-0.002854695974878741,0.004424778761061947,0.0,2.2123893805309734e-06,0.0015678703968026748,0.004422566371681416,0,0.004424778761061947,-0.0,-2.2123893805309734e-06,0.004422566371681416,False
510300,A股核心宽基,S4_OTM5_100_Monthly,2024-03-29,2024-04-24,3.526,3.513,3.7,0.0079,1.0,1,0,selected,not_used,0.1418441628932953,0.19047619047619047,low_iv,valid,683.0,0.0999527055082868,0.04189145738500849,1.0,,close,10006940.SH,0.11900972317637226,0.14601878871917723,26.0,0.04934770277935341,-0.003686897334089592,0.0022404991491775388,0.0,1.1202495745887694e-06,-0.001447518434486642,0.00223937889960295,0,0.0022404991491775388,-0.0,-1.1202495745887694e-06,0.00223937889960295,False
510300,A股核心宽基,S4_OTM5_100_Monthly,2024-04-30,2024-05-22,3.598,3.68,3.8,0.0061,1.0,1,0,selected,not_used,0.13978426756858825,0.15476190476190477,low_iv,valid,703.0,0.14906222744908312,-0.009277959880494874,1.0,,close,10007060.SH,0.09287428456734909,0.16199251403808593,22.0,0.05614230127848807,0.022790439132851666,0.0016953863257365206,0.0,8.476931628682603e-07,0.02448497776542532,0.001694538632573652,0,0.0016953863257365206,-0.0,-8.476931628682603e-07,0.0016945386325736523,False
510300,A股核心宽基,S4_OTM5_100_Monthly,2024-05-31,2024-06-26,3.582,3.499,3.8,0.0047,1.0,1,0,selected,not_used,0.13438419475555424,0.03968253968253968,low_iv,valid,718.0,0.11102542111823382,0.023358773637320418,1.0,,close,10006895.SH,0.07521368682547197,0.14818358612060548,26.0,0.06085985482970413,-0.02317141261864873,0.0013121161362367394,0.0,6.560580681183697e-07,-0.021859952540480107,0.0013114600781686213,0,0.0013121161362367394,-0.0,-6.560580681183697e-07,0.001311460078168621,False
510300,A股核心宽基,S4_OTM5_100_Monthly,2024-06-28,2024-07-24,3.487,3.479,3.7,0.0032,1.0,1,0,selected,not_used,0.1272341645717621,0.003968253968253968,low_iv,valid,736.0,0.06988130454969387,0.05735286002206823,1.0,,close,10007355.SH,0.059144793347550406,0.13719747772216798,26.0,0.06108402638371091,-0.002294235732721539,0.0009176942930886148,0.0,4.588471465443075e-07,-0.0013770002867794688,0.0009172354459420703,0,0.0009176942930886148,-0.0,-4.588471465443075e-07,0.0009172354459420706,False
510300,A股核心宽基,S4_OTM5_100_Monthly,2024-07-31,2024-08-28,3.508,3.357,3.7,0.0065,1.0,1,0,selected,not_used,0.13513758239746096,0.12301587301587301,low_iv,valid,753.0,0.14788063094765205,-0.012743048550191094,1.0,,close,10007475.SH,0.10003600192623463,0.14359650440216065,28.0,0.054732041049030844,-0.04304446978335228,0.0018529076396807296,0.0,9.264538198403648e-07,-0.04119248859749139,0.0018519811858608917,0,0.0018529076396807296,-0.0,-9.264538198403648e-07,0.0018519811858608893,False
510300,A股核心宽基,S4_OTM5_100_Monthly,2024-08-30,2024-09-25,3.392,3.474,3.6,0.0028,1.0,1,0,selected,not_used,0.11688223690986635,0.015873015873015872,low_iv,valid,774.0,0.09192236355374991,0.024959873356116435,1.0,,close,10006754.SH,0.05490998779814282,0.13460353546142578,26.0,0.061320754716981174,0.02417452830188688,0.0008254716981132076,0.0,4.127358490566038e-07,0.02499958726415103,0.0008250589622641503,0,0.0008254716981132076,-0.0,-4.127358490566038e-07,0.000825058962264151,False
510300,A股核心宽基,S4_OTM5_100_Monthly,2024-09-30,2024-10-23,4.233,4.055,4.3,0.1618,1.0,1,0,selected,not_used,0.44426016111373906,1.0,high_iv,valid,792.0,0.4482135386278731,-0.003953377514134049,1.0,,close,10007999.SH,0.47115144368649703,0.44758841791152953,23.0,0.01582801795416966,-0.04205055516182375,0.03822348216394992,0.0,1.9111741081974962e-05,-0.003846184738955808,0.03820437042286794,0,0.03822348216394992,-0.0,-1.9111741081974962e-05,0.03820437042286794,False
510300,A股核心宽基,S4_OTM5_100_Monthly,2024-10-31,2024-11-27,3.971,3.987,4.2,0.0598,1.0,1,0,selected,not_used,0.2900684131622314,0.9880952380952381,high_iv,valid,806.0,0.5870223667209804,-0.296953953558749,1.0,,close,10008004.SH,0.28452542911477163,0.32692718830108636,27.0,0.057668093679174026,0.0040292117854444755,0.015059179048098715,0.0,7.529589524049358e-06,0.01908086124401914,0.015051649458574665,0,0.015059179048098715,-0.0,-7.529589524049358e-06,0.015051649458574666,False
510300,A股核心宽基,S4_OTM5_100_Monthly,2024-11-29,2024-12-25,4.001,4.072,4.2,0.0307,1.0,1,0,selected,not_used,0.2099637568950653,0.8571428571428571,high_iv,valid,826.0,0.23891528081131302,-0.028951523916247723,1.0,,close,10008009.SH,0.22635679117265478,0.22601615877151487,26.0,0.04973756560859788,0.017745563609097657,0.007673081729567608,0.0,3.836540864783804e-06,0.025414808797800482,0.007669245188702826,0,0.007673081729567608,-0.0,-3.836540864783804e-06,0.007669245188702824,False
510300,A股核心宽基,S4_OTM5_100_Monthly,2024-12-31,2025-01-22,4.022,3.886,4.2,0.0193,1.0,1,0,selected,not_used,0.16908055663108826,0.6031746031746031,normal_iv,valid,847.0,0.13585955768373653,0.033220998947351726,1.0,,close,10008415.SH,0.1903760837369089,0.19055448856353757,22.0,0.044256588761810045,-0.033814022874191975,0.004798607657881651,0.0,2.3993038289408257e-06,-0.029017814520139264,0.0047962083540527105,0,0.004798607657881651,-0.0,-2.3993038289408257e-06,0.0047962083540527105,False
510300,A股核心宽基,S4_OTM5_100_Monthly,2025-01-27,2025-02-26,3.907,4.054,4.1,0.021,1.0,1,0,selected,not_used,0.1683843883037567,0.5515873015873016,normal_iv,valid,859.0,0.1716740046835166,-0.0032896163797598854,1.0,,close,10008595.SH,0.19203031095470652,0.18122297201156617,30.0,0.04939851548502672,0.037624776042999804,0.0053749680061428206,0.0,2.6874840030714106e-06,0.04299705656513956,0.005372280522139755,0,0.0053749680061428206,-0.0,-2.6874840030714106e-06,0.005372280522139749,False
510300,A股核心宽基,S4_OTM5_100_Monthly,2025-02-28,2025-03-26,3.994,4.013,4.2,0.0145,1.0,1,0,selected,not_used,0.1601424228668213,0.503968253968254,normal_iv,valid,876.0,0.13546590642314055,0.02467651644368074,1.0,,close,10008014.SH,0.1527797287080747,0.17472381153106686,26.0,0.0515773660490737,0.004757135703555254,0.003630445668502754,0.0,1.8152228342513772e-06,0.008385766149223756,0.003628630445668502,0,0.003630445668502754,-0.0,-1.8152228342513772e-06,0.0036286304456685024,False
510300,A股核心宽基,S4_OTM5_100_Monthly,2025-03-31,2025-04-23,3.984,3.882,4.2,0.0093,1.0,1,0,selected,not_used,0.14313398160934448,0.3253968253968254,normal_iv,valid,896.0,0.13394856442506334,0.009185417184281147,1.0,,close,10008954.SH,0.1153151390367464,0.16830571174621584,23.0,0.054216867469879526,-0.025602409638554185,0.00233433734939759,0.0,1.167168674698795e-06,-0.023269239457831294,0.0023331701807228905,0,0.00233433734939759,-0.0,-1.167168674698795e-06,0.0023331701807228914,False
510300,A股核心宽基,S4_OTM5_100_Monthly,2025-04-30,2025-05-28,3.866,3.942,4.1,0.0083,1.0,1,0,selected,not_used,0.15393412723541258,0.5277777777777778,normal_iv,valid,912.0,0.2557874628571571,-0.1018533356217445,1.0,,close,10009074.SH,0.10313782063151045,0.16066693325042725,28.0,0.060527677185721496,0.019658561821003638,0.00214692188308329,0.0,1.073460941541645e-06,0.021804410243145386,0.0021458484221417475,0,0.00214692188308329,-0.0,-1.073460941541645e-06,0.0021458484221417483,False
510300,A股核心宽基,S4_OTM5_100_Monthly,2025-05-30,2025-06-25,3.959,4.001,4.205,0.0032,1.0,1,0,selected,not_used,0.2546973402023316,0.9285714285714286,high_iv,valid,930.0,0.09814754498290679,0.1565497952194248,1.0,,close,10008285.SH,0.05363341654467352,0.13540460586547853,26.0,0.06213690325839849,0.010608739580702263,0.0008082849204344532,0.0,4.041424602172266e-07,0.011416620358676499,0.0008078807779742358,0,0.0008082849204344532,-0.0,-4.041424602172266e-07,0.000807880777974236,False
510300,A股核心宽基,S4_OTM5_100_Monthly,2025-06-30,2025-07-23,3.982,4.199,4.2,0.008,1.0,1,0,selected,not_used,0.13117991313934327,0.1349206349206349,low_iv,valid,949.0,0.1252068272047954,0.005973085934547873,1.0,,close,10009444.SH,0.1047680760744506,0.16256470718383786,23.0,0.05474635861376198,0.054495228528377605,0.002009040683073832,0.0,1.004520341536916e-06,0.056503264691109896,0.0020080361627322907,0,0.002009040683073832,-0.0,-1.004520341536916e-06,0.002008036162732295,False
510300,A股核心宽基,S4_OTM5_100_Monthly,2025-07-31,2025-08-27,4.155,4.475,4.4,0.011,1.0,1,0,selected,not_used,0.1555541490793228,0.49206349206349204,normal_iv,valid,966.0,0.10223207316473175,0.05332207591459105,1.0,,close,10009535.SH,0.1187170666795942,0.17035607051849366,27.0,0.05896510228640195,0.07701564380264726,0.0026474127557160046,0.018050541516245314,1.3237063778580023e-06,0.0616111913357401,-0.015404452466907165,1,0.0026474127557160046,-0.018050541516245314,-1.3237063778580023e-06,-0.015404452466907166,False
510300,A股核心宽基,S4_OTM5_100_Monthly,2025-08-29,2025-09-24,4.601,4.663,4.8,0.0539,1.0,1,0,selected,not_used,0.2297830969810486,0.8531746031746031,high_iv,valid,986.0,0.14445089688450305,0.08533220009654555,1.0,,close,10009795.SH,0.28552594529842085,0.25527430162429815,26.0,0.04325146707237559,0.013475331449684911,0.011714844599000218,0.0,5.857422299500109e-06,0.025184318626385628,0.011708987176700717,0,0.011714844599000218,-0.0,-5.857422299500109e-06,0.011708987176700717,False
510300,A股核心宽基,S4_OTM5_100_Monthly,2025-09-30,2025-10-22,4.741,4.695,5.0,0.0143,1.0,1,0,selected,not_used,0.15807775926589962,0.36904761904761907,normal_iv,valid,1007.0,0.18163163463685356,-0.023553875370953936,1.0,,close,10009979.SH,0.13325328751799337,0.1867112579345703,22.0,0.05462982493144919,-0.0097025943893692,0.0030162412993039447,0.0,1.5081206496519723e-06,-0.006687861210714907,0.003014733178654293,0,0.0030162412993039447,-0.0,-1.5081206496519723e-06,0.0030147331786542927,False
510300,A股核心宽基,S4_OTM5_100_Monthly,2025-10-31,2025-11-26,4.756,4.626,5.0,0.0141,1.0,1,0,selected,not_used,0.16343253345489503,0.4166666666666667,normal_iv,valid,1022.0,0.19062397517622828,-0.027191441721333254,1.0,,close,10010090.SH,0.13689439158942723,0.1631655099868774,26.0,0.051303616484440706,-0.027333894028595436,0.002964676198486123,0.0,1.4823380992430614e-06,-0.024370700168208557,0.002963193860386879,0,0.002964676198486123,-0.0,-1.4823380992430614e-06,0.0029631938603868796,False
510300,A股核心宽基,S4_OTM5_100_Monthly,2025-11-28,2025-12-24,4.635,4.757,4.9,0.0051,1.0,1,0,selected,not_used,0.135797988653183,0.08333333333333333,low_iv,valid,1041.0,0.1390423378069492,-0.0032443491537662017,1.0,,close,10009821.SH,0.06971705851617926,0.13568116588592527,26.0,0.057173678532902006,0.026321467098166105,0.0011003236245954694,0.0,5.501618122977347e-07,0.027421240560949276,0.0010997734627831712,0,0.0011003236245954694,-0.0,-5.501618122977347e-07,0.0010997734627831717,False
510300,A股核心宽基,S4_OTM5_100_Monthly,2025-12-31,2026-01-28,4.753,4.725,4.873,0.0121,1.0,1,0,selected,not_used,0.1918705327987671,0.7619047619047619,high_iv,valid,1058.0,0.10712432937145594,0.08474620342731115,1.0,,close,10010467.SH,0.18412116232001657,0.09257594890594481,28.0,0.025247212286976684,-0.00589101620029465,0.002545760572270145,0.0,1.2728802861350725e-06,-0.0033465285083106393,0.0025444876919840102,0,0.002545760572270145,-0.0,-1.2728802861350725e-06,0.0025444876919840102,False
510300,A股核心宽基,S4_OTM5_100_Monthly,2026-01-30,2026-02-25,4.711,4.75,4.9,0.0277,1.0,1,0,selected,not_used,0.16068123807907103,0.39285714285714285,normal_iv,valid,1077.0,0.14958681874371485,0.011094419335356182,1.0,,close,10010891.SH,0.2200899658640567,0.17850982284545897,26.0,0.04011887072808329,0.008278497134366312,0.005879855656973041,0.0,2.9399278284865206e-06,0.014155412863510868,0.005876915729144555,0,0.005879855656973041,-0.0,-2.9399278284865206e-06,0.0058769157291445545,False
510300,A股核心宽基,S4_OTM5_100_Monthly,2026-02-27,2026-03-25,4.725,4.544,5.0,0.0066,1.0,1,0,selected,not_used,0.12388921880722048,0.015873015873015872,low_iv,valid,1090.0,0.15281503116807746,-0.02892581236085698,1.0,,close,10010910.SH,0.08053817208762071,0.1454179859161377,26.0,0.058201058201058364,-0.03830687830687832,0.001396825396825397,0.0,6.984126984126986e-07,-0.03691075132275133,0.0013961269841269858,0,0.001396825396825397,-0.0,-6.984126984126986e-07,0.0013961269841269843,False
510300,A股核心宽基,S4_OTM5_100_Monthly,2026-03-31,2026-04-22,4.463,4.811,4.7,0.0085,1.0,1,0,selected,not_used,0.17635933027267456,0.7301587301587301,high_iv,valid,1111.0,0.1760037122881587,0.00035561798451586024,1.0,,close,10011124.SH,0.10318374773291361,0.16039990978240964,22.0,0.05310329374859957,0.0779744566435133,0.0019045485099708718,0.024871162894913684,9.52274254985436e-07,0.0550068899843155,-0.022967566659197795,1,0.0019045485099708718,-0.024871162894913684,-9.52274254985436e-07,-0.022967566659197795,False
510300,A股核心宽基,S4_OTM5_100_Monthly,2026-04-30,2026-05-27,4.824,4.932,5.0,0.0177,1.0,1,0,selected,not_used,0.13514354274272922,0.0992063492063492,low_iv,valid,1127.0,0.1633638318533651,-0.02822028911063587,1.0,,close,10011401.SH,0.18350527476781542,0.13718794116973876,27.0,0.036484245439469376,0.02238805970149265,0.0036691542288557217,0.0,1.8345771144278607e-06,0.026055379353233942,0.0036673196517412916,0,0.0036691542288557217,-0.0,-1.8345771144278607e-06,0.003667319651741294,False
510300,A股核心宽基,S4_OTM5_100_Monthly,2026-05-29,2026-06-03,4.923,4.965,5.117,0.0243,1.0,1,0,selected,not_used,0.1732718714237213,0.6825396825396826,normal_iv,valid,1144.0,0.15276449576061607,0.020507375663105232,1.0,,close,10010321.SH,0.20440151752683877,0.1644863224983215,26.0,0.03940686573227703,0.008531383302864069,0.004936014625228519,0.0,2.468007312614259e-06,0.013464929920779974,0.004933546617915905,0,0.004936014625228519,-0.0,-2.468007312614259e-06,0.004933546617915905,False
510300,A股核心宽基,S5_IVTiming_ATM_Monthly,2021-01-29,2021-02-26,5.348,5.329,,0.0,0.0,0,0,warmup_invalid_skip,warmup_invalid_skip,0.22253650920391083,,warmup_invalid,warmup,19.0,0.23673657519019597,-0.014200065986285149,0.0,,none,,,,,,-0.0035527299925205923,0.0,0.0,0.0,-0.0035527299925205923,0.0,0,0.0,-0.0,-0.0,0.0,False
510300,A股核心宽基,S5_IVTiming_ATM_Monthly,2021-02-26,2021-03-31,5.329,5.05,,0.0,0.0,0,0,warmup_invalid_skip,warmup_invalid_skip,0.24909580771923068,,warmup_invalid,warmup,33.0,0.27314092363375475,-0.024045115914524073,0.0,,none,,,,,,-0.05235503846875585,0.0,0.0,0.0,-0.05235503846875585,0.0,0,0.0,-0.0,-0.0,0.0,False
510300,A股核心宽基,S5_IVTiming_ATM_Monthly,2021-03-31,2021-04-30,5.05,5.128,,0.0,0.0,0,0,warmup_invalid_skip,warmup_invalid_skip,0.18514368712902068,,warmup_invalid,warmup,50.0,0.26464399437129416,-0.07950030724227347,0.0,,none,,,,,,0.015445544554455504,0.0,0.0,0.0,0.015445544554455504,0.0,0,0.0,-0.0,-0.0,0.0,False
510300,A股核心宽基,S5_IVTiming_ATM_Monthly,2021-04-30,2021-05-31,5.128,5.338,,0.0,0.0,0,0,warmup_invalid_skip,warmup_invalid_skip,0.1827786221265793,,warmup_invalid,warmup,70.0,0.15647740387072911,0.02630121825585019,0.0,,none,,,,,,0.040951638065522614,0.0,0.0,0.0,0.040951638065522614,0.0,0,0.0,-0.0,-0.0,0.0,False
510300,A股核心宽基,S5_IVTiming_ATM_Monthly,2021-05-31,2021-06-30,5.338,5.256,,0.0,0.0,0,0,warmup_invalid_skip,warmup_invalid_skip,0.21928573689460756,,warmup_invalid,warmup,87.0,0.18329065684815107,0.03599508004645649,0.0,,none,,,,,,-0.015361558636193302,0.0,0.0,0.0,-0.015361558636193302,0.0,0,0.0,-0.0,-0.0,0.0,False
510300,A股核心宽基,S5_IVTiming_ATM_Monthly,2021-06-30,2021-07-30,5.256,4.872,,0.0,0.0,0,0,warmup_invalid_skip,warmup_invalid_skip,0.16819008104801175,,warmup_invalid,warmup,102.0,0.12196479460091016,0.046225286447101596,0.0,,none,,,,,,-0.07305936073059367,0.0,0.0,0.0,-0.07305936073059367,0.0,0,0.0,-0.0,-0.0,0.0,False
510300,A股核心宽基,S5_IVTiming_ATM_Monthly,2021-07-30,2021-08-31,4.872,4.879,,0.0,0.0,0,0,warmup_invalid_skip,warmup_invalid_skip,0.1771985468864441,,warmup_invalid,warmup,123.0,0.2182846317874513,-0.04108608490100721,0.0,,none,,,,,,0.0014367816091953353,0.0,0.0,0.0,0.0014367816091953353,0.0,0,0.0,-0.0,-0.0,0.0,False
510300,A股核心宽基,S5_IVTiming_ATM_Monthly,2021-08-31,2021-09-30,4.879,4.935,,0.0,0.0,0,0,warmup_invalid_skip,warmup_invalid_skip,0.17998798847198488,,warmup_invalid,warmup,144.0,0.16671836240520452,0.013269626066780366,0.0,,none,,,,,,0.011477761836441905,0.0,0.0,0.0,0.011477761836441905,0.0,0,0.0,-0.0,-0.0,0.0,False
510300,A股核心宽基,S5_IVTiming_ATM_Monthly,2021-09-30,2021-10-29,4.935,4.981,,0.0,0.0,0,0,warmup_invalid_skip,warmup_invalid_skip,0.19296127598285673,,warmup_invalid,warmup,158.0,0.13978462486083917,0.053176651122017554,0.0,,none,,,,,,0.009321175278622142,0.0,0.0,0.0,0.009321175278622142,0.0,0,0.0,-0.0,-0.0,0.0,False
510300,A股核心宽基,S5_IVTiming_ATM_Monthly,2021-10-29,2021-11-30,4.981,4.911,,0.0,0.0,0,0,warmup_invalid_skip,warmup_invalid_skip,0.1671994716644287,,warmup_invalid,warmup,173.0,0.1227865152330623,0.04441295643136639,0.0,,none,,,,,,-0.014053402931138383,0.0,0.0,0.0,-0.014053402931138383,0.0,0,0.0,-0.0,-0.0,0.0,False
510300,A股核心宽基,S5_IVTiming_ATM_Monthly,2021-11-30,2021-12-31,4.911,5.008,,0.0,0.0,0,0,warmup_invalid_skip,warmup_invalid_skip,0.15107316150665281,,warmup_invalid,warmup,194.0,0.09867383366878772,0.05239932783786509,0.0,,none,,,,,,0.019751578090002123,0.0,0.0,0.0,0.019751578090002123,0.0,0,0.0,-0.0,-0.0,0.0,False
510300,A股核心宽基,S5_IVTiming_ATM_Monthly,2021-12-31,2022-01-28,5.008,4.554,,0.0,0.0,0,0,warmup_invalid_skip,warmup_invalid_skip,0.20510249929428104,,warmup_invalid,warmup,211.0,0.1391232690667621,0.06597923022751895,0.0,,none,,,,,,-0.09065495207667726,0.0,0.0,0.0,-0.09065495207667726,0.0,0,0.0,-0.0,-0.0,0.0,False
510300,A股核心宽基,S5_IVTiming_ATM_Monthly,2022-01-28,2022-02-28,4.554,4.571,,0.0,0.0,0,0,warmup_invalid_skip,warmup_invalid_skip,0.21701126914024355,,warmup_invalid,warmup,229.0,0.1685493507847156,0.04846191835552793,0.0,,none,,,,,,0.00373298199385144,0.0,0.0,0.0,0.00373298199385144,0.0,0,0.0,-0.0,-0.0,0.0,False
510300,A股核心宽基,S5_IVTiming_ATM_Monthly,2022-02-28,2022-03-31,4.571,4.218,,0.0,0.0,0,0,warmup_invalid_skip,warmup_invalid_skip,0.16009593217372892,,warmup_invalid,warmup,245.0,0.1749543602607005,-0.014858428086971576,0.0,,none,,,,,,-0.07722598993655651,0.0,0.0,0.0,-0.07722598993655651,0.0,0,0.0,-0.0,-0.0,0.0,False
510300,A股核心宽基,S5_IVTiming_ATM_Monthly,2022-03-31,2022-04-27,4.218,3.889,4.2,0.0935,1.0,1,0,selected,high_iv_sell,0.19333200945854187,0.753968253968254,high_iv,valid,262.0,0.3403862399469529,-0.14705423048841101,1.0,,close,10004053.SH,0.5570826554129238,0.17711271791458127,27.0,-0.004267425320056861,-0.07799905168326225,0.022166903745851115,0.0,1.1083451872925556e-05,-0.055843231389284056,0.022155820293978196,0,0.022166903745851115,-0.0,-1.1083451872925556e-05,0.02215582029397819,False
510300,A股核心宽基,S5_IVTiming_ATM_Monthly,2022-04-29,2022-05-25,4.015,3.982,4.0,0.0968,1.0,1,0,selected,high_iv_sell,0.2125600832939148,0.876984126984127,high_iv,valid,280.0,0.28669440439264243,-0.07413432109872764,1.0,,close,10004182.SH,0.5488914132598781,0.2018457666397095,26.0,-0.0037359900373598043,-0.00821917808219165,0.02410958904109589,0.0,1.2054794520547945e-05,0.015878356164383694,0.024097534246575344,0,0.02410958904109589,-0.0,-1.2054794520547945e-05,0.024097534246575344,False
510300,A股核心宽基,S5_IVTiming_ATM_Monthly,2022-05-31,2022-06-22,4.089,4.29,4.1,0.0725,1.0,1,0,selected,high_iv_sell,0.20515495033264158,0.8571428571428571,high_iv,valid,298.0,0.20284086905061052,0.0023140812820310608,1.0,,close,10004031.SH,0.4964492036887196,0.18837538633346557,22.0,0.0026901442895570504,0.049156272927366004,0.017730496453900707,0.04646612863780884,8.865248226950355e-06,0.02041177549523092,-0.028744497432135085,1,0.017730496453900707,-0.04646612863780884,-8.865248226950355e-06,-0.028744497432135085,False
510300,A股核心宽基,S5_IVTiming_ATM_Monthly,2022-06-30,2022-07-27,4.508,4.276,4.5,0.108,1.0,1,0,selected,high_iv_sell,0.21471057586669923,0.8928571428571429,high_iv,valid,314.0,0.16326836941718947,0.05144220644950975,1.0,,close,10004319.SH,0.5343249503162638,0.20583204555511475,27.0,-0.0017746228926353025,-0.05146406388642418,0.023957409050576754,0.0,1.1978704525288375e-05,-0.027518633540372716,0.023945430346051465,0,0.023957409050576754,-0.0,-1.1978704525288375e-05,0.023945430346051465,False
510300,A股核心宽基,S5_IVTiming_ATM_Monthly,2022-07-29,2022-08-24,4.22,4.145,4.2,0.0958,0.5,1,0,selected,normal_iv_sell,0.19577575101852418,0.6785714285714286,normal_iv,valid,334.0,0.124057355461502,0.07171839555702218,1.0,,close,10004362.SH,0.5598604883033341,0.18343068389892575,26.0,-0.004739336492890933,-0.017772511848341277,0.011350710900473933,0.0,5.675355450236967e-06,-0.006427476303317581,0.011345035545023696,0,0.011350710900473933,-0.0,-5.675355450236967e-06,0.011345035545023696,False
510300,A股核心宽基,S5_IVTiming_ATM_Monthly,2022-08-31,2022-09-28,4.141,3.893,4.1,0.1029,0.5,1,0,selected,normal_iv_sell,0.16938334217071535,0.3531746031746032,normal_iv,valid,351.0,0.1459838787645655,0.023399463406149845,1.0,,close,10004033.SH,0.6058549870167786,0.16917353801727297,28.0,-0.00990099009901002,-0.05988891572084043,0.012424535136440474,0.0,6.212267568220237e-06,-0.04747059285196818,0.012418322868872247,0,0.012424535136440474,-0.0,-6.212267568220237e-06,0.012418322868872254,False
510300,A股核心宽基,S5_IVTiming_ATM_Monthly,2022-09-30,2022-10-26,3.868,3.716,3.9,0.0575,0.5,1,0,selected,normal_iv_sell,0.17088534917831422,0.3611111111111111,normal_iv,valid,371.0,0.13627774600929254,0.03460760316902167,1.0,,close,10004477.SH,0.44896109353471997,0.16923075733184817,26.0,0.008273009307135482,-0.039296794208893406,0.007432781799379525,0.0,3.7163908996897625e-06,-0.03186772880041357,0.007429065408479839,0,0.007432781799379525,-0.0,-3.7163908996897625e-06,0.0074290654084798345,False
510300,A股核心宽基,S5_IVTiming_ATM_Monthly,2022-10-31,2022-11-23,3.565,3.834,3.6,0.074,1.0,1,0,selected,high_iv_sell,0.24734465827941896,0.9761904761904762,high_iv,valid,387.0,0.20085078214293325,0.0464938761364857,1.0,,close,10004614.SH,0.45758479302343247,0.24659127063751224,23.0,0.009817671809256634,0.07545582047685838,0.020757363253856943,0.06563814866760168,1.037868162692847e-05,0.030564656381486727,-0.04489116409537165,1,0.020757363253856943,-0.06563814866760168,-1.037868162692847e-05,-0.04489116409537166,False
510300,A股核心宽基,S5_IVTiming_ATM_Monthly,2022-11-30,2022-12-28,3.911,3.934,3.9,0.1015,1.0,1,0,selected,high_iv_sell,0.21338737921714784,0.8412698412698413,high_iv,valid,403.0,0.2200461448636649,-0.006658765646517045,1.0,,close,10004259.SH,0.5409412301800847,0.2151587938308716,28.0,-0.0028125799028382303,0.005880848887752526,0.02595244183073383,0.008693428790590707,1.2976220915366916e-05,0.02312688570698028,0.017246036819227754,1,0.02595244183073383,-0.008693428790590707,-1.2976220915366916e-05,0.017246036819227754,False
510300,A股核心宽基,S5_IVTiming_ATM_Monthly,2022-12-30,2023-01-31,3.938,4.159,,0.0,0.0,0,0,low_iv_skip,low_iv_skip,0.15531215906143186,0.11507936507936507,low_iv,valid,420.0,0.12754677623215896,0.027765382829272905,1.0,,none,,,,,,0.05611985779583536,0.0,0.0,0.0,0.05611985779583536,0.0,0,0.0,-0.0,-0.0,0.0,False
510300,A股核心宽基,S5_IVTiming_ATM_Monthly,2023-01-31,2023-02-28,4.159,4.071,,0.0,0.0,0,0,low_iv_skip,low_iv_skip,0.16381876382827756,0.2261904761904762,low_iv,valid,436.0,0.10710849459016553,0.05671026923811204,1.0,,none,,,,,,-0.021158932435681673,0.0,0.0,0.0,-0.021158932435681673,0.0,0,0.0,-0.0,-0.0,0.0,False
510300,A股核心宽基,S5_IVTiming_ATM_Monthly,2023-02-28,2023-03-31,4.071,4.05,,0.0,0.0,0,0,low_iv_skip,low_iv_skip,0.1645483100891113,0.20238095238095238,low_iv,valid,455.0,0.1566701716497747,0.007878138439336602,1.0,,none,,,,,,-0.005158437730287377,0.0,0.0,0.0,-0.005158437730287377,0.0,0,0.0,-0.0,-0.0,0.0,False
510300,A股核心宽基,S5_IVTiming_ATM_Monthly,2023-03-31,2023-04-28,4.05,4.025,,0.0,0.0,0,0,low_iv_skip,low_iv_skip,0.14617137355804444,0.01984126984126984,low_iv,valid,472.0,0.12430353115884465,0.021867842399199783,1.0,,none,,,,,,-0.006172839506172708,0.0,0.0,0.0,-0.006172839506172708,0.0,0,0.0,-0.0,-0.0,0.0,False
510300,A股核心宽基,S5_IVTiming_ATM_Monthly,2023-04-28,2023-05-31,4.025,3.802,,0.0,0.0,0,0,low_iv_skip,low_iv_skip,0.1331325222492218,0.011904761904761904,low_iv,valid,490.0,0.1267240212195704,0.006408501029651403,1.0,,none,,,,,,-0.055403726708074606,0.0,0.0,0.0,-0.055403726708074606,0.0,0,0.0,-0.0,-0.0,0.0,False
510300,A股核心宽基,S5_IVTiming_ATM_Monthly,2023-05-31,2023-06-30,3.802,3.882,,0.0,0.0,0,0,low_iv_skip,low_iv_skip,0.15161436085700988,0.14682539682539683,low_iv,valid,504.0,0.12273921582366287,0.02887514503334701,1.0,,none,,,,,,0.021041557075223587,0.0,0.0,0.0,0.021041557075223587,0.0,0,0.0,-0.0,-0.0,0.0,False
510300,A股核心宽基,S5_IVTiming_ATM_Monthly,2023-06-30,2023-07-31,3.882,4.084,,0.0,0.0,0,0,low_iv_skip,low_iv_skip,0.13473704719543456,0.023809523809523808,low_iv,valid,523.0,0.13154185309771999,0.003195194097714571,1.0,,none,,,,,,0.052035033487892714,0.0,0.0,0.0,0.052035033487892714,0.0,0,0.0,-0.0,-0.0,0.0,False
510300,A股核心宽基,S5_IVTiming_ATM_Monthly,2023-07-31,2023-08-23,4.084,3.768,4.1,0.0651,0.5,1,0,selected,normal_iv_sell,0.1621689402580261,0.38095238095238093,normal_iv,valid,543.0,0.1604944562264546,0.0016744840315714993,1.0,,close,10005667.SH,0.48411020199772875,0.17188191890716553,23.0,0.003917727717923647,-0.07737512242899115,0.007970127326150834,0.0,3.9850636630754175e-06,-0.06940898016650339,0.007966142262487763,0,0.007970127326150834,-0.0,-3.9850636630754175e-06,0.00796614226248776,False
510300,A股核心宽基,S5_IVTiming_ATM_Monthly,2023-08-31,2023-09-27,3.839,3.778,3.8,0.0985,0.5,1,0,selected,normal_iv_sell,0.17027739396095276,0.5595238095238095,normal_iv,valid,560.0,0.1403912266637976,0.029886167297155153,1.0,,close,10005123.SH,0.6043560144614489,0.17885790700912474,27.0,-0.01015889554571503,-0.01588955457150298,0.012828861682729878,0.0,6.414430841364939e-06,-0.003067107319614467,0.012822447251888514,0,0.012828861682729878,-0.0,-6.414430841364939e-06,0.012822447251888512,False
510300,A股核心宽基,S5_IVTiming_ATM_Monthly,2023-09-28,2023-10-25,3.764,3.569,3.8,0.05,0.5,1,0,selected,normal_iv_sell,0.1528708016395569,0.32142857142857145,normal_iv,valid,579.0,0.12934540921163543,0.023525392427921482,1.0,,close,10005935.SH,0.4332953390201436,0.15620382671356203,27.0,0.009564293304994642,-0.05180658873538785,0.006641870350690755,0.0,3.3209351753453777e-06,-0.04516803931987244,0.006638549415515407,0,0.006641870350690755,-0.0,-3.3209351753453777e-06,0.00663854941551541,False
510300,A股核心宽基,S5_IVTiming_ATM_Monthly,2023-10-31,2023-11-30,3.644,3.562,,0.0,0.0,0,0,low_iv_skip,low_iv_skip,0.14852690200805663,0.25793650793650796,low_iv,valid,596.0,0.1310625143344134,0.017464387673643222,1.0,,none,,,,,,-0.022502744237102166,0.0,0.0,0.0,-0.022502744237102166,0.0,0,0.0,-0.0,-0.0,0.0,False
510300,A股核心宽基,S5_IVTiming_ATM_Monthly,2023-11-30,2023-12-29,3.562,3.499,,0.0,0.0,0,0,low_iv_skip,low_iv_skip,0.14009658966064453,0.14285714285714285,low_iv,valid,612.0,0.09908801232702603,0.0410085773336185,1.0,,none,,,,,,-0.017686692869174545,0.0,0.0,0.0,-0.017686692869174545,0.0,0,0.0,-0.0,-0.0,0.0,False
510300,A股核心宽基,S5_IVTiming_ATM_Monthly,2023-12-29,2024-01-24,3.499,3.279,3.525,0.022,1.0,1,0,selected,high_iv_sell,0.18517587299346921,0.8373015873015873,high_iv,valid,632.0,0.14616126342843347,0.039014609565035746,1.0,,close,10006295.SH,0.3991619152364095,0.08398351516723632,26.0,0.007430694484138245,-0.06287510717347819,0.006287510717347813,0.0,3.1437553586739065e-06,-0.05659074021148905,0.006284366961989141,0,0.006287510717347813,-0.0,-3.1437553586739065e-06,0.006284366961989139,False
510300,A股核心宽基,S5_IVTiming_ATM_Monthly,2024-01-31,2024-02-28,3.222,3.448,3.231,0.0615,1.0,1,0,selected,high_iv_sell,0.199981370639801,0.9603174603174603,high_iv,valid,648.0,0.17070397456523867,0.02927739607456234,1.0,,close,10006522.SH,0.4997082920730513,0.17827617731094358,28.0,0.0027932960893854997,0.07014276846679081,0.019087523277467412,0.06734947237740536,9.543761638733707e-06,0.02187127560521413,-0.04827149286157668,1,0.019087523277467412,-0.06734947237740536,-9.543761638733707e-06,-0.048271492861576684,False
510300,A股核心宽基,S5_IVTiming_ATM_Monthly,2024-02-29,2024-03-27,3.503,3.493,3.5,0.0754,1.0,1,0,selected,high_iv_sell,0.18367386598587035,0.8809523809523809,high_iv,valid,663.0,0.18906319014399725,-0.005389324158126901,1.0,,close,10006676.SH,0.528417367068791,0.18766491317749023,27.0,-0.0008564087924636254,-0.002854695974878741,0.02152440765058521,0.0,1.0762203825292605e-05,0.018658949471881178,0.02151364544675992,0,0.02152440765058521,-0.0,-1.0762203825292605e-05,0.02151364544675992,False
510300,A股核心宽基,S5_IVTiming_ATM_Monthly,2024-03-29,2024-04-30,3.526,3.598,,0.0,0.0,0,0,low_iv_skip,low_iv_skip,0.1418441628932953,0.19047619047619047,low_iv,valid,683.0,0.0999527055082868,0.04189145738500849,1.0,,none,,,,,,0.02041973908111176,0.0,0.0,0.0,0.02041973908111176,0.0,0,0.0,-0.0,-0.0,0.0,False
510300,A股核心宽基,S5_IVTiming_ATM_Monthly,2024-04-30,2024-05-31,3.598,3.582,,0.0,0.0,0,0,low_iv_skip,low_iv_skip,0.13978426756858825,0.15476190476190477,low_iv,valid,703.0,0.14906222744908312,-0.009277959880494874,1.0,,none,,,,,,-0.004446914952751533,0.0,0.0,0.0,-0.004446914952751533,0.0,0,0.0,-0.0,-0.0,0.0,False
510300,A股核心宽基,S5_IVTiming_ATM_Monthly,2024-05-31,2024-06-28,3.582,3.487,,0.0,0.0,0,0,low_iv_skip,low_iv_skip,0.13438419475555424,0.03968253968253968,low_iv,valid,718.0,0.11102542111823382,0.023358773637320418,1.0,,none,,,,,,-0.026521496370742532,0.0,0.0,0.0,-0.026521496370742532,0.0,0,0.0,-0.0,-0.0,0.0,False
510300,A股核心宽基,S5_IVTiming_ATM_Monthly,2024-06-28,2024-07-31,3.487,3.508,,0.0,0.0,0,0,low_iv_skip,low_iv_skip,0.1272341645717621,0.003968253968253968,low_iv,valid,736.0,0.06988130454969387,0.05735286002206823,1.0,,none,,,,,,0.006022368798394008,0.0,0.0,0.0,0.006022368798394008,0.0,0,0.0,-0.0,-0.0,0.0,False
510300,A股核心宽基,S5_IVTiming_ATM_Monthly,2024-07-31,2024-08-30,3.508,3.392,,0.0,0.0,0,0,low_iv_skip,low_iv_skip,0.13513758239746096,0.12301587301587301,low_iv,valid,753.0,0.14788063094765205,-0.012743048550191094,1.0,,none,,,,,,-0.03306727480045613,0.0,0.0,0.0,-0.03306727480045613,0.0,0,0.0,-0.0,-0.0,0.0,False
510300,A股核心宽基,S5_IVTiming_ATM_Monthly,2024-08-30,2024-09-30,3.392,4.233,,0.0,0.0,0,0,low_iv_skip,low_iv_skip,0.11688223690986635,0.015873015873015872,low_iv,valid,774.0,0.09192236355374991,0.024959873356116435,1.0,,none,,,,,,0.24793632075471692,0.0,0.0,0.0,0.24793632075471692,0.0,0,0.0,-0.0,-0.0,0.0,False
510300,A股核心宽基,S5_IVTiming_ATM_Monthly,2024-09-30,2024-10-23,4.233,4.055,4.2,0.2098,1.0,1,0,selected,high_iv_sell,0.44426016111373906,1.0,high_iv,valid,792.0,0.4482135386278731,-0.003953377514134049,1.0,,close,10007998.SH,0.5544413833386092,0.45058289537429813,23.0,-0.007795889440113224,-0.04205055516182375,0.04956295771320576,0.0,2.4781478856602884e-05,0.007487621072525408,0.04953817623434916,0,0.04956295771320576,-0.0,-2.4781478856602884e-05,0.04953817623434916,False
510300,A股核心宽基,S5_IVTiming_ATM_Monthly,2024-10-31,2024-11-27,3.971,3.987,4.0,0.1137,1.0,1,0,selected,high_iv_sell,0.2900684131622314,0.9880952380952381,high_iv,valid,806.0,0.5870223667209804,-0.296953953558749,1.0,,close,10007967.SH,0.4862786025827924,0.2891242944717407,27.0,0.007302946361118057,0.0040292117854444755,0.02863258625031478,0.0,1.4316293125157391e-05,0.0326474817426341,0.028618269957189624,0,0.02863258625031478,-0.0,-1.4316293125157391e-05,0.028618269957189624,False
510300,A股核心宽基,S5_IVTiming_ATM_Monthly,2024-11-29,2024-12-25,4.001,4.072,4.0,0.0888,1.0,1,0,selected,high_iv_sell,0.2099637568950653,0.8571428571428571,high_iv,valid,826.0,0.23891528081131302,-0.028951523916247723,1.0,,close,10007231.SH,0.5231441139172512,0.20068230724334718,26.0,-0.00024993751562119026,0.017745563609097657,0.02219445138715321,0.017995501124718837,1.1097225693576606e-05,0.021933416645838456,0.0041878530367408,1,0.02219445138715321,-0.017995501124718837,-1.1097225693576606e-05,0.004187853036740796,False
510300,A股核心宽基,S5_IVTiming_ATM_Monthly,2024-12-31,2025-01-22,4.022,3.886,4.0,0.073,0.5,1,0,selected,normal_iv_sell,0.16908055663108826,0.6031746031746031,normal_iv,valid,847.0,0.13585955768373653,0.033220998947351726,1.0,,close,10008413.SH,0.5795900047401193,0.149308899307251,22.0,-0.005469915464942909,-0.033814022874191975,0.009075087021382395,0.0,4.537543510691198e-06,-0.02474347339632027,0.009070549477871705,0,0.009075087021382395,-0.0,-4.537543510691198e-06,0.009070549477871703,False
510300,A股核心宽基,S5_IVTiming_ATM_Monthly,2025-01-27,2025-02-26,3.907,4.054,3.9,0.0731,0.5,1,0,selected,normal_iv_sell,0.1683843883037567,0.5515873015873016,normal_iv,valid,859.0,0.1716740046835166,-0.0032896163797598854,1.0,,close,10008593.SH,0.5406502936836379,0.14836954889297488,30.0,-0.0017916560020476702,0.037624776042999804,0.009355003839262861,0.01970821602252372,4.6775019196314304e-06,0.027266886357819313,-0.01035788968518049,1,0.009355003839262861,-0.01970821602252372,-4.6775019196314304e-06,-0.010357889685180489,False
510300,A股核心宽基,S5_IVTiming_ATM_Monthly,2025-02-28,2025-03-26,3.994,4.013,4.0,0.0642,0.5,1,0,selected,normal_iv_sell,0.1601424228668213,0.503968253968254,normal_iv,valid,876.0,0.13546590642314055,0.02467651644368074,1.0,,close,10007969.SH,0.507300795785584,0.1513306484222412,26.0,0.001502253380070151,0.004757135703555254,0.008037055583375061,0.0016274411617426014,4.01852779168753e-06,0.011162731597396027,0.006405595893840773,1,0.008037055583375061,-0.0016274411617426014,-4.01852779168753e-06,0.006405595893840772,False
510300,A股核心宽基,S5_IVTiming_ATM_Monthly,2025-03-31,2025-04-23,3.984,3.882,4.0,0.0489,0.5,1,0,selected,normal_iv_sell,0.14313398160934448,0.3253968253968254,normal_iv,valid,896.0,0.13394856442506334,0.009185417184281147,1.0,,close,10008952.SH,0.4746262733507406,0.13568116588592527,23.0,0.004016064257028162,-0.025602409638554185,0.006137048192771085,0.0,3.0685240963855424e-06,-0.019468429969879485,0.0061339796686747,0,0.006137048192771085,-0.0,-3.0685240963855424e-06,0.006133979668674699,False
510300,A股核心宽基,S5_IVTiming_ATM_Monthly,2025-04-30,2025-05-28,3.866,3.942,3.9,0.0445,0.5,1,0,selected,normal_iv_sell,0.15393412723541258,0.5277777777777778,normal_iv,valid,912.0,0.2557874628571571,-0.1018533356217445,1.0,,close,10009072.SH,0.43010676694954664,0.13395504989624024,28.0,0.008794619762027889,0.019658561821003638,0.005755302638385928,0.005431971029487876,2.877651319192964e-06,0.0199790157785825,0.00032045395757886175,1,0.005755302638385928,-0.005431971029487876,-2.877651319192964e-06,0.00032045395757885844,False
510300,A股核心宽基,S5_IVTiming_ATM_Monthly,2025-05-30,2025-06-25,3.959,4.001,3.912,0.0312,1.0,1,0,selected,high_iv_sell,0.2546973402023316,0.9285714285714286,high_iv,valid,930.0,0.09814754498290679,0.1565497952194248,1.0,,close,10008282.SH,,,26.0,-0.011871684768881119,0.010608739580702263,0.007880777974235918,0.022480424349583333,3.940388987117959e-06,-0.003994847183632268,-0.014603586764334531,1,0.007880777974235918,-0.022480424349583333,-3.940388987117959e-06,-0.014603586764334533,False
510300,A股核心宽基,S5_IVTiming_ATM_Monthly,2025-06-30,2025-07-31,3.982,4.155,,0.0,0.0,0,0,low_iv_skip,low_iv_skip,0.13117991313934327,0.1349206349206349,low_iv,valid,949.0,0.1252068272047954,0.005973085934547873,1.0,,none,,,,,,0.04344550477147163,0.0,0.0,0.0,0.04344550477147163,0.0,0,0.0,-0.0,-0.0,0.0,False
510300,A股核心宽基,S5_IVTiming_ATM_Monthly,2025-07-31,2025-08-27,4.155,4.475,4.2,0.0485,0.5,1,0,selected,normal_iv_sell,0.1555541490793228,0.49206349206349204,normal_iv,valid,966.0,0.10223207316473175,0.05332207591459105,1.0,,close,10009533.SH,0.4151606891101004,0.14592819147109987,27.0,0.010830324909747224,0.07701564380264726,0.0058363417569193745,0.03309265944644999,2.9181708784596868e-06,0.04975640794223818,-0.027259235860409084,1,0.0058363417569193745,-0.03309265944644999,-2.9181708784596868e-06,-0.027259235860409074,False
510300,A股核心宽基,S5_IVTiming_ATM_Monthly,2025-08-29,2025-09-24,4.601,4.663,4.6,0.1187,1.0,1,0,selected,high_iv_sell,0.2297830969810486,0.8531746031746031,high_iv,valid,986.0,0.14445089688450305,0.08533220009654555,1.0,,close,10009629.SH,0.5229403356133449,0.2347421042442322,26.0,-0.00021734405564011183,0.013475331449684911,0.025798739404477286,0.013692675505325063,1.2899369702238644e-05,0.025568495979134895,0.012093164529449984,1,0.025798739404477286,-0.013692675505325063,-1.2899369702238644e-05,0.012093164529449986,False
510300,A股核心宽基,S5_IVTiming_ATM_Monthly,2025-09-30,2025-10-22,4.741,4.695,4.7,0.0962,0.5,1,0,selected,normal_iv_sell,0.15807775926589962,0.36904761904761907,normal_iv,valid,1007.0,0.18163163463685356,-0.023553875370953936,1.0,,close,10009913.SH,0.6114258122257121,0.1524178153991699,22.0,-0.008647964564437727,-0.0097025943893692,0.01014553891584054,0.0,5.07276945792027e-06,0.0004378717570134191,0.010140466146382619,0,0.01014553891584054,-0.0,-5.07276945792027e-06,0.010140466146382619,False
510300,A股核心宽基,S5_IVTiming_ATM_Monthly,2025-10-31,2025-11-26,4.756,4.626,4.8,0.063,0.5,1,0,selected,normal_iv_sell,0.16343253345489503,0.4166666666666667,normal_iv,valid,1022.0,0.19062397517622828,-0.027191441721333254,1.0,,close,10010088.SH,0.4349561314154653,0.15780119924545288,26.0,0.009251471825062918,-0.027333894028595436,0.006623212783851976,0.0,3.311606391925988e-06,-0.020713992851135385,0.006619901177460051,0,0.006623212783851976,-0.0,-3.311606391925988e-06,0.00661990117746005,False
510300,A股核心宽基,S5_IVTiming_ATM_Monthly,2025-11-28,2025-12-31,4.635,4.753,,0.0,0.0,0,0,low_iv_skip,low_iv_skip,0.135797988653183,0.08333333333333333,low_iv,valid,1041.0,0.1390423378069492,-0.0032443491537662017,1.0,,none,,,,,,0.02545846817691485,0.0,0.0,0.0,0.02545846817691485,0.0,0,0.0,-0.0,-0.0,0.0,False
510300,A股核心宽基,S5_IVTiming_ATM_Monthly,2025-12-31,2026-01-28,4.753,4.725,4.776,0.0269,1.0,1,0,selected,high_iv_sell,0.1918705327987671,0.7619047619047619,high_iv,valid,1058.0,0.10712432937145594,0.08474620342731115,1.0,,close,10010466.SH,0.4309102441163204,0.06495332479476928,28.0,0.004839049021670538,-0.00589101620029465,0.005659583420997265,0.0,2.8297917104986324e-06,-0.00023426257100788323,0.005656753629286766,0,0.005659583420997265,-0.0,-2.8297917104986324e-06,0.005656753629286766,False
510300,A股核心宽基,S5_IVTiming_ATM_Monthly,2026-01-30,2026-02-25,4.711,4.75,4.7,0.0916,0.5,1,0,selected,normal_iv_sell,0.16068123807907103,0.39285714285714285,normal_iv,valid,1077.0,0.14958681874371485,0.011094419335356182,1.0,,close,10010889.SH,0.542831155270407,0.16470089492797851,26.0,-0.002334960730205893,0.008278497134366312,0.009721927403948206,0.00530672893228612,4.860963701974103e-06,0.012688834642326424,0.004410337507960112,1,0.009721927403948206,-0.00530672893228612,-4.860963701974103e-06,0.004410337507960113,False
510300,A股核心宽基,S5_IVTiming_ATM_Monthly,2026-02-27,2026-03-31,4.725,4.463,,0.0,0.0,0,0,low_iv_skip,low_iv_skip,0.12388921880722048,0.015873015873015872,low_iv,valid,1090.0,0.15281503116807746,-0.02892581236085698,1.0,,none,,,,,,-0.05544973544973536,0.0,0.0,0.0,-0.05544973544973536,0.0,0,0.0,-0.0,-0.0,0.0,False
510300,A股核心宽基,S5_IVTiming_ATM_Monthly,2026-03-31,2026-04-22,4.463,4.811,4.5,0.052,1.0,1,0,selected,high_iv_sell,0.17635933027267456,0.7301587301587301,high_iv,valid,1111.0,0.1760037122881587,0.00035561798451586024,1.0,,close,10011122.SH,0.4323059940406345,0.15183608570098878,22.0,0.008290387631637808,0.0779744566435133,0.011651355590410037,0.0696840690118754,5.825677795205018e-06,0.019935917544252727,-0.05803853909926057,1,0.011651355590410037,-0.0696840690118754,-5.825677795205018e-06,-0.05803853909926057,False
510300,A股核心宽基,S5_IVTiming_ATM_Monthly,2026-04-30,2026-05-29,4.824,4.923,,0.0,0.0,0,0,low_iv_skip,low_iv_skip,0.13514354274272922,0.0992063492063492,low_iv,valid,1127.0,0.1633638318533651,-0.02822028911063587,1.0,,none,,,,,,0.020522388059701534,0.0,0.0,0.0,0.020522388059701534,0.0,0,0.0,-0.0,-0.0,0.0,False
510300,A股核心宽基,S5_IVTiming_ATM_Monthly,2026-05-29,2026-06-03,4.923,4.965,4.9,0.0917,0.5,1,0,selected,normal_iv_sell,0.1732718714237213,0.6825396825396826,normal_iv,valid,1144.0,0.15276449576061607,0.020507375663105232,1.0,,close,10010927.SH,0.5703109111845883,0.14500314588546753,26.0,-0.004671947999187465,0.008531383302864069,0.009313426772293317,0.006601665651025747,4.6567133861466586e-06,0.011238487710745492,0.002707104407881423,1,0.009313426772293317,-0.006601665651025747,-4.6567133861466586e-06,0.002707104407881424,False
510300,A股核心宽基,S6_IVTiming_OTM5_Monthly,2021-01-29,2021-02-26,5.348,5.329,,0.0,0.0,0,0,warmup_invalid_skip,warmup_invalid_skip,0.22253650920391083,,warmup_invalid,warmup,19.0,0.23673657519019597,-0.014200065986285149,0.0,,none,,,,,,-0.0035527299925205923,0.0,0.0,0.0,-0.0035527299925205923,0.0,0,0.0,-0.0,-0.0,0.0,False
510300,A股核心宽基,S6_IVTiming_OTM5_Monthly,2021-02-26,2021-03-31,5.329,5.05,,0.0,0.0,0,0,warmup_invalid_skip,warmup_invalid_skip,0.24909580771923068,,warmup_invalid,warmup,33.0,0.27314092363375475,-0.024045115914524073,0.0,,none,,,,,,-0.05235503846875585,0.0,0.0,0.0,-0.05235503846875585,0.0,0,0.0,-0.0,-0.0,0.0,False
510300,A股核心宽基,S6_IVTiming_OTM5_Monthly,2021-03-31,2021-04-30,5.05,5.128,,0.0,0.0,0,0,warmup_invalid_skip,warmup_invalid_skip,0.18514368712902068,,warmup_invalid,warmup,50.0,0.26464399437129416,-0.07950030724227347,0.0,,none,,,,,,0.015445544554455504,0.0,0.0,0.0,0.015445544554455504,0.0,0,0.0,-0.0,-0.0,0.0,False
510300,A股核心宽基,S6_IVTiming_OTM5_Monthly,2021-04-30,2021-05-31,5.128,5.338,,0.0,0.0,0,0,warmup_invalid_skip,warmup_invalid_skip,0.1827786221265793,,warmup_invalid,warmup,70.0,0.15647740387072911,0.02630121825585019,0.0,,none,,,,,,0.040951638065522614,0.0,0.0,0.0,0.040951638065522614,0.0,0,0.0,-0.0,-0.0,0.0,False
510300,A股核心宽基,S6_IVTiming_OTM5_Monthly,2021-05-31,2021-06-30,5.338,5.256,,0.0,0.0,0,0,warmup_invalid_skip,warmup_invalid_skip,0.21928573689460756,,warmup_invalid,warmup,87.0,0.18329065684815107,0.03599508004645649,0.0,,none,,,,,,-0.015361558636193302,0.0,0.0,0.0,-0.015361558636193302,0.0,0,0.0,-0.0,-0.0,0.0,False
510300,A股核心宽基,S6_IVTiming_OTM5_Monthly,2021-06-30,2021-07-30,5.256,4.872,,0.0,0.0,0,0,warmup_invalid_skip,warmup_invalid_skip,0.16819008104801175,,warmup_invalid,warmup,102.0,0.12196479460091016,0.046225286447101596,0.0,,none,,,,,,-0.07305936073059367,0.0,0.0,0.0,-0.07305936073059367,0.0,0,0.0,-0.0,-0.0,0.0,False
510300,A股核心宽基,S6_IVTiming_OTM5_Monthly,2021-07-30,2021-08-31,4.872,4.879,,0.0,0.0,0,0,warmup_invalid_skip,warmup_invalid_skip,0.1771985468864441,,warmup_invalid,warmup,123.0,0.2182846317874513,-0.04108608490100721,0.0,,none,,,,,,0.0014367816091953353,0.0,0.0,0.0,0.0014367816091953353,0.0,0,0.0,-0.0,-0.0,0.0,False
510300,A股核心宽基,S6_IVTiming_OTM5_Monthly,2021-08-31,2021-09-30,4.879,4.935,,0.0,0.0,0,0,warmup_invalid_skip,warmup_invalid_skip,0.17998798847198488,,warmup_invalid,warmup,144.0,0.16671836240520452,0.013269626066780366,0.0,,none,,,,,,0.011477761836441905,0.0,0.0,0.0,0.011477761836441905,0.0,0,0.0,-0.0,-0.0,0.0,False
510300,A股核心宽基,S6_IVTiming_OTM5_Monthly,2021-09-30,2021-10-29,4.935,4.981,,0.0,0.0,0,0,warmup_invalid_skip,warmup_invalid_skip,0.19296127598285673,,warmup_invalid,warmup,158.0,0.13978462486083917,0.053176651122017554,0.0,,none,,,,,,0.009321175278622142,0.0,0.0,0.0,0.009321175278622142,0.0,0,0.0,-0.0,-0.0,0.0,False
510300,A股核心宽基,S6_IVTiming_OTM5_Monthly,2021-10-29,2021-11-30,4.981,4.911,,0.0,0.0,0,0,warmup_invalid_skip,warmup_invalid_skip,0.1671994716644287,,warmup_invalid,warmup,173.0,0.1227865152330623,0.04441295643136639,0.0,,none,,,,,,-0.014053402931138383,0.0,0.0,0.0,-0.014053402931138383,0.0,0,0.0,-0.0,-0.0,0.0,False
510300,A股核心宽基,S6_IVTiming_OTM5_Monthly,2021-11-30,2021-12-31,4.911,5.008,,0.0,0.0,0,0,warmup_invalid_skip,warmup_invalid_skip,0.15107316150665281,,warmup_invalid,warmup,194.0,0.09867383366878772,0.05239932783786509,0.0,,none,,,,,,0.019751578090002123,0.0,0.0,0.0,0.019751578090002123,0.0,0,0.0,-0.0,-0.0,0.0,False
510300,A股核心宽基,S6_IVTiming_OTM5_Monthly,2021-12-31,2022-01-28,5.008,4.554,,0.0,0.0,0,0,warmup_invalid_skip,warmup_invalid_skip,0.20510249929428104,,warmup_invalid,warmup,211.0,0.1391232690667621,0.06597923022751895,0.0,,none,,,,,,-0.09065495207667726,0.0,0.0,0.0,-0.09065495207667726,0.0,0,0.0,-0.0,-0.0,0.0,False
510300,A股核心宽基,S6_IVTiming_OTM5_Monthly,2022-01-28,2022-02-28,4.554,4.571,,0.0,0.0,0,0,warmup_invalid_skip,warmup_invalid_skip,0.21701126914024355,,warmup_invalid,warmup,229.0,0.1685493507847156,0.04846191835552793,0.0,,none,,,,,,0.00373298199385144,0.0,0.0,0.0,0.00373298199385144,0.0,0,0.0,-0.0,-0.0,0.0,False
510300,A股核心宽基,S6_IVTiming_OTM5_Monthly,2022-02-28,2022-03-31,4.571,4.218,,0.0,0.0,0,0,warmup_invalid_skip,warmup_invalid_skip,0.16009593217372892,,warmup_invalid,warmup,245.0,0.1749543602607005,-0.014858428086971576,0.0,,none,,,,,,-0.07722598993655651,0.0,0.0,0.0,-0.07722598993655651,0.0,0,0.0,-0.0,-0.0,0.0,False
510300,A股核心宽基,S6_IVTiming_OTM5_Monthly,2022-03-31,2022-04-27,4.218,3.889,4.4,0.025,1.0,1,0,selected,high_iv_sell,0.19333200945854187,0.753968253968254,high_iv,valid,262.0,0.3403862399469529,-0.14705423048841101,1.0,,close,10004055.SH,0.21396586349900498,0.18330194044113157,27.0,0.04314841156946425,-0.07799905168326225,0.005926979611190138,0.0,2.963489805595069e-06,-0.0720750355618777,0.0059240161213845455,0,0.005926979611190138,-0.0,-2.963489805595069e-06,0.005924016121384543,False
510300,A股核心宽基,S6_IVTiming_OTM5_Monthly,2022-04-29,2022-05-25,4.015,3.982,4.2,0.0246,1.0,1,0,selected,high_iv_sell,0.2125600832939148,0.876984126984127,high_iv,valid,280.0,0.28669440439264243,-0.07413432109872764,1.0,,close,10004184.SH,0.21086745868370232,0.19699166145324704,26.0,0.04607721046077229,-0.00821917808219165,0.006127023661270237,0.0,3.0635118306351188e-06,-0.002095217932752048,0.0061239601494396025,0,0.006127023661270237,-0.0,-3.0635118306351188e-06,0.006123960149439602,False
510300,A股核心宽基,S6_IVTiming_OTM5_Monthly,2022-05-31,2022-06-22,4.089,4.29,4.3,0.0137,1.0,1,0,selected,high_iv_sell,0.20515495033264158,0.8571428571428571,high_iv,valid,298.0,0.20284086905061052,0.0023140812820310608,1.0,,close,10003973.SH,0.1457910735591243,0.18565270061492917,22.0,0.05160185864514544,0.049156272927366004,0.0033504524333577887,0.0,1.6752262166788945e-06,0.05250505013450712,0.003348777207141114,0,0.0033504524333577887,-0.0,-1.6752262166788945e-06,0.0033487772071411097,False
510300,A股核心宽基,S6_IVTiming_OTM5_Monthly,2022-06-30,2022-07-27,4.508,4.276,4.7,0.0402,1.0,1,0,selected,high_iv_sell,0.21471057586669923,0.8928571428571429,high_iv,valid,314.0,0.16326836941718947,0.05144220644950975,1.0,,close,10004333.SH,0.25769929113147383,0.2175095540046692,27.0,0.042590949423247704,-0.05146406388642418,0.008917480035492458,0.0,4.458740017746229e-06,-0.042551042590949474,0.008913021295474707,0,0.008917480035492458,-0.0,-4.458740017746229e-06,0.008913021295474713,False
510300,A股核心宽基,S6_IVTiming_OTM5_Monthly,2022-07-29,2022-08-24,4.22,4.145,4.4,0.0218,0.5,1,0,selected,normal_iv_sell,0.19577575101852418,0.6785714285714286,normal_iv,valid,334.0,0.124057355461502,0.07171839555702218,1.0,,close,10004364.SH,0.20135906578223717,0.1757251495361328,26.0,0.042654028436019065,-0.017772511848341277,0.0025829383886255925,0.0,1.2914691943127965e-06,-0.015190864928909996,0.002581646919431281,0,0.0025829383886255925,-0.0,-1.2914691943127965e-06,0.0025816469194312797,False
510300,A股核心宽基,S6_IVTiming_OTM5_Monthly,2022-08-31,2022-09-28,4.141,3.893,4.3,0.0227,0.5,1,0,selected,normal_iv_sell,0.16938334217071535,0.3531746031746032,normal_iv,valid,351.0,0.1459838787645655,0.023399463406149845,1.0,,close,10003993.SH,0.21759506627820252,0.16254086580276483,28.0,0.03839652257908721,-0.05988891572084043,0.0027408838444820094,0.0,1.3704419222410047e-06,-0.05714940231828066,0.0027395134025597692,0,0.0027408838444820094,-0.0,-1.3704419222410047e-06,0.0027395134025597683,False
510300,A股核心宽基,S6_IVTiming_OTM5_Monthly,2022-09-30,2022-10-26,3.868,3.716,4.1,0.0096,0.5,1,0,selected,normal_iv_sell,0.17088534917831422,0.3611111111111111,normal_iv,valid,371.0,0.13627774600929254,0.03460760316902167,1.0,,close,10004479.SH,0.11307645057485405,0.17262576999664303,26.0,0.05997931747673202,-0.039296794208893406,0.0012409513960703205,0.0,6.204756980351603e-07,-0.03805646328852112,0.0012403309203722832,0,0.0012409513960703205,-0.0,-6.204756980351603e-07,0.0012403309203722853,False
510300,A股核心宽基,S6_IVTiming_OTM5_Monthly,2022-10-31,2022-11-23,3.565,3.834,3.7,0.0383,1.0,1,0,selected,high_iv_sell,0.24734465827941896,0.9761904761904762,high_iv,valid,387.0,0.20085078214293325,0.0464938761364857,1.0,,close,10004615.SH,0.2891374068549212,0.24389242630004884,23.0,0.03786816269284721,0.07545582047685838,0.010743338008415147,0.03758765778401119,5.371669004207574e-06,0.048606129032258125,-0.026849691444600254,1,0.010743338008415147,-0.03758765778401119,-5.371669004207574e-06,-0.02684969144460025,False
510300,A股核心宽基,S6_IVTiming_OTM5_Monthly,2022-11-30,2022-12-28,3.911,3.934,4.1,0.0302,1.0,1,0,selected,high_iv_sell,0.21338737921714784,0.8412698412698413,high_iv,valid,403.0,0.2200461448636649,-0.006658765646517045,1.0,,close,10004261.SH,0.23004971611342867,0.21454368619918823,28.0,0.04832523651240073,0.005880848887752526,0.0077218102787010995,0.0,3.86090513935055e-06,0.013598798261314275,0.007717949373561748,0,0.0077218102787010995,-0.0,-3.86090513935055e-06,0.007717949373561749,False
510300,A股核心宽基,S6_IVTiming_OTM5_Monthly,2022-12-30,2023-01-31,3.938,4.159,,0.0,0.0,0,0,low_iv_skip,low_iv_skip,0.15531215906143186,0.11507936507936507,low_iv,valid,420.0,0.12754677623215896,0.027765382829272905,1.0,,none,,,,,,0.05611985779583536,0.0,0.0,0.0,0.05611985779583536,0.0,0,0.0,-0.0,-0.0,0.0,False
510300,A股核心宽基,S6_IVTiming_OTM5_Monthly,2023-01-31,2023-02-28,4.159,4.071,,0.0,0.0,0,0,low_iv_skip,low_iv_skip,0.16381876382827756,0.2261904761904762,low_iv,valid,436.0,0.10710849459016553,0.05671026923811204,1.0,,none,,,,,,-0.021158932435681673,0.0,0.0,0.0,-0.021158932435681673,0.0,0,0.0,-0.0,-0.0,0.0,False
510300,A股核心宽基,S6_IVTiming_OTM5_Monthly,2023-02-28,2023-03-31,4.071,4.05,,0.0,0.0,0,0,low_iv_skip,low_iv_skip,0.1645483100891113,0.20238095238095238,low_iv,valid,455.0,0.1566701716497747,0.007878138439336602,1.0,,none,,,,,,-0.005158437730287377,0.0,0.0,0.0,-0.005158437730287377,0.0,0,0.0,-0.0,-0.0,0.0,False
510300,A股核心宽基,S6_IVTiming_OTM5_Monthly,2023-03-31,2023-04-28,4.05,4.025,,0.0,0.0,0,0,low_iv_skip,low_iv_skip,0.14617137355804444,0.01984126984126984,low_iv,valid,472.0,0.12430353115884465,0.021867842399199783,1.0,,none,,,,,,-0.006172839506172708,0.0,0.0,0.0,-0.006172839506172708,0.0,0,0.0,-0.0,-0.0,0.0,False
510300,A股核心宽基,S6_IVTiming_OTM5_Monthly,2023-04-28,2023-05-31,4.025,3.802,,0.0,0.0,0,0,low_iv_skip,low_iv_skip,0.1331325222492218,0.011904761904761904,low_iv,valid,490.0,0.1267240212195704,0.006408501029651403,1.0,,none,,,,,,-0.055403726708074606,0.0,0.0,0.0,-0.055403726708074606,0.0,0,0.0,-0.0,-0.0,0.0,False
510300,A股核心宽基,S6_IVTiming_OTM5_Monthly,2023-05-31,2023-06-30,3.802,3.882,,0.0,0.0,0,0,low_iv_skip,low_iv_skip,0.15161436085700988,0.14682539682539683,low_iv,valid,504.0,0.12273921582366287,0.02887514503334701,1.0,,none,,,,,,0.021041557075223587,0.0,0.0,0.0,0.021041557075223587,0.0,0,0.0,-0.0,-0.0,0.0,False
510300,A股核心宽基,S6_IVTiming_OTM5_Monthly,2023-06-30,2023-07-31,3.882,4.084,,0.0,0.0,0,0,low_iv_skip,low_iv_skip,0.13473704719543456,0.023809523809523808,low_iv,valid,523.0,0.13154185309771999,0.003195194097714571,1.0,,none,,,,,,0.052035033487892714,0.0,0.0,0.0,0.052035033487892714,0.0,0,0.0,-0.0,-0.0,0.0,False
510300,A股核心宽基,S6_IVTiming_OTM5_Monthly,2023-07-31,2023-08-23,4.084,3.768,4.3,0.0133,0.5,1,0,selected,normal_iv_sell,0.1621689402580261,0.38095238095238093,normal_iv,valid,543.0,0.1604944562264546,0.0016744840315714993,1.0,,close,10005669.SH,0.14170997980083555,0.18281080799102778,23.0,0.05288932419196879,-0.07737512242899115,0.0016283055827619982,0.0,8.141527913809991e-07,-0.07574763099902053,0.0016274914299706233,0,0.0016283055827619982,-0.0,-8.141527913809991e-07,0.0016274914299706173,False
510300,A股核心宽基,S6_IVTiming_OTM5_Monthly,2023-08-31,2023-09-27,3.839,3.778,4.0,0.0231,0.5,1,0,selected,normal_iv_sell,0.17027739396095276,0.5595238095238095,normal_iv,valid,560.0,0.1403912266637976,0.029886167297155153,1.0,,close,10005125.SH,0.21823484864339515,0.18137078857421873,27.0,0.041938004688721,-0.01588955457150298,0.0030085959885386817,0.0,1.5042979942693409e-06,-0.012882462880958569,0.0030070916905444115,0,0.0030085959885386817,-0.0,-1.5042979942693409e-06,0.0030070916905444124,False
510300,A股核心宽基,S6_IVTiming_OTM5_Monthly,2023-09-28,2023-10-25,3.764,3.569,4.0,0.0088,0.5,1,0,selected,normal_iv_sell,0.1528708016395569,0.32142857142857145,normal_iv,valid,579.0,0.12934540921163543,0.023525392427921482,1.0,,close,10005937.SH,0.10637556922742386,0.1718533092498779,27.0,0.06269925611052085,-0.05180658873538785,0.0011689691817215729,0.0,5.844845908607864e-07,-0.05063820403825713,0.0011683846971307157,0,0.0011689691817215729,-0.0,-5.844845908607864e-07,0.001168384697130712,False
510300,A股核心宽基,S6_IVTiming_OTM5_Monthly,2023-10-31,2023-11-30,3.644,3.562,,0.0,0.0,0,0,low_iv_skip,low_iv_skip,0.14852690200805663,0.25793650793650796,low_iv,valid,596.0,0.1310625143344134,0.017464387673643222,1.0,,none,,,,,,-0.022502744237102166,0.0,0.0,0.0,-0.022502744237102166,0.0,0,0.0,-0.0,-0.0,0.0,False
510300,A股核心宽基,S6_IVTiming_OTM5_Monthly,2023-11-30,2023-12-29,3.562,3.499,,0.0,0.0,0,0,low_iv_skip,low_iv_skip,0.14009658966064453,0.14285714285714285,low_iv,valid,612.0,0.09908801232702603,0.0410085773336185,1.0,,none,,,,,,-0.017686692869174545,0.0,0.0,0.0,-0.017686692869174545,0.0,0,0.0,-0.0,-0.0,0.0,False
510300,A股核心宽基,S6_IVTiming_OTM5_Monthly,2023-12-29,2024-01-24,3.499,3.279,3.72,0.0031,1.0,1,0,selected,high_iv_sell,0.18517587299346921,0.8373015873015873,high_iv,valid,632.0,0.14616126342843347,0.039014609565035746,1.0,,close,10006297.SH,0.05651345396497798,0.13979141998291017,26.0,0.06316090311517586,-0.06287510717347819,0.0008859674192626464,0.0,4.429837096313232e-07,-0.061989582737925174,0.0008855244355530159,0,0.0008859674192626464,-0.0,-4.429837096313232e-07,0.000885524435553015,False
510300,A股核心宽基,S6_IVTiming_OTM5_Monthly,2024-01-31,2024-02-28,3.222,3.448,3.4,0.0123,1.0,1,0,selected,high_iv_sell,0.199981370639801,0.9603174603174603,high_iv,valid,648.0,0.17070397456523867,0.02927739607456234,1.0,,close,10006657.SH,0.15163865096225176,0.17891035804748534,28.0,0.05524518932340161,0.07014276846679081,0.003817504655493482,0.014897579143389213,1.9087523277467415e-06,0.05906078522656733,-0.011081983240223477,1,0.003817504655493482,-0.014897579143389213,-1.9087523277467415e-06,-0.011081983240223478,False
510300,A股核心宽基,S6_IVTiming_OTM5_Monthly,2024-02-29,2024-03-27,3.503,3.493,3.7,0.0155,1.0,1,0,selected,high_iv_sell,0.18367386598587035,0.8809523809523809,high_iv,valid,663.0,0.18906319014399725,-0.005389324158126901,1.0,,close,10006709.SH,0.16266752676625734,0.19380645294189455,27.0,0.05623751070510985,-0.002854695974878741,0.004424778761061947,0.0,2.2123893805309734e-06,0.0015678703968026748,0.004422566371681416,0,0.004424778761061947,-0.0,-2.2123893805309734e-06,0.004422566371681416,False
510300,A股核心宽基,S6_IVTiming_OTM5_Monthly,2024-03-29,2024-04-30,3.526,3.598,,0.0,0.0,0,0,low_iv_skip,low_iv_skip,0.1418441628932953,0.19047619047619047,low_iv,valid,683.0,0.0999527055082868,0.04189145738500849,1.0,,none,,,,,,0.02041973908111176,0.0,0.0,0.0,0.02041973908111176,0.0,0,0.0,-0.0,-0.0,0.0,False
510300,A股核心宽基,S6_IVTiming_OTM5_Monthly,2024-04-30,2024-05-31,3.598,3.582,,0.0,0.0,0,0,low_iv_skip,low_iv_skip,0.13978426756858825,0.15476190476190477,low_iv,valid,703.0,0.14906222744908312,-0.009277959880494874,1.0,,none,,,,,,-0.004446914952751533,0.0,0.0,0.0,-0.004446914952751533,0.0,0,0.0,-0.0,-0.0,0.0,False
510300,A股核心宽基,S6_IVTiming_OTM5_Monthly,2024-05-31,2024-06-28,3.582,3.487,,0.0,0.0,0,0,low_iv_skip,low_iv_skip,0.13438419475555424,0.03968253968253968,low_iv,valid,718.0,0.11102542111823382,0.023358773637320418,1.0,,none,,,,,,-0.026521496370742532,0.0,0.0,0.0,-0.026521496370742532,0.0,0,0.0,-0.0,-0.0,0.0,False
510300,A股核心宽基,S6_IVTiming_OTM5_Monthly,2024-06-28,2024-07-31,3.487,3.508,,0.0,0.0,0,0,low_iv_skip,low_iv_skip,0.1272341645717621,0.003968253968253968,low_iv,valid,736.0,0.06988130454969387,0.05735286002206823,1.0,,none,,,,,,0.006022368798394008,0.0,0.0,0.0,0.006022368798394008,0.0,0,0.0,-0.0,-0.0,0.0,False
510300,A股核心宽基,S6_IVTiming_OTM5_Monthly,2024-07-31,2024-08-30,3.508,3.392,,0.0,0.0,0,0,low_iv_skip,low_iv_skip,0.13513758239746096,0.12301587301587301,low_iv,valid,753.0,0.14788063094765205,-0.012743048550191094,1.0,,none,,,,,,-0.03306727480045613,0.0,0.0,0.0,-0.03306727480045613,0.0,0,0.0,-0.0,-0.0,0.0,False
510300,A股核心宽基,S6_IVTiming_OTM5_Monthly,2024-08-30,2024-09-30,3.392,4.233,,0.0,0.0,0,0,low_iv_skip,low_iv_skip,0.11688223690986635,0.015873015873015872,low_iv,valid,774.0,0.09192236355374991,0.024959873356116435,1.0,,none,,,,,,0.24793632075471692,0.0,0.0,0.0,0.24793632075471692,0.0,0,0.0,-0.0,-0.0,0.0,False
510300,A股核心宽基,S6_IVTiming_OTM5_Monthly,2024-09-30,2024-10-23,4.233,4.055,4.3,0.1618,1.0,1,0,selected,high_iv_sell,0.44426016111373906,1.0,high_iv,valid,792.0,0.4482135386278731,-0.003953377514134049,1.0,,close,10007999.SH,0.47115144368649703,0.44758841791152953,23.0,0.01582801795416966,-0.04205055516182375,0.03822348216394992,0.0,1.9111741081974962e-05,-0.003846184738955808,0.03820437042286794,0,0.03822348216394992,-0.0,-1.9111741081974962e-05,0.03820437042286794,False
510300,A股核心宽基,S6_IVTiming_OTM5_Monthly,2024-10-31,2024-11-27,3.971,3.987,4.2,0.0598,1.0,1,0,selected,high_iv_sell,0.2900684131622314,0.9880952380952381,high_iv,valid,806.0,0.5870223667209804,-0.296953953558749,1.0,,close,10008004.SH,0.28452542911477163,0.32692718830108636,27.0,0.057668093679174026,0.0040292117854444755,0.015059179048098715,0.0,7.529589524049358e-06,0.01908086124401914,0.015051649458574665,0,0.015059179048098715,-0.0,-7.529589524049358e-06,0.015051649458574666,False
510300,A股核心宽基,S6_IVTiming_OTM5_Monthly,2024-11-29,2024-12-25,4.001,4.072,4.2,0.0307,1.0,1,0,selected,high_iv_sell,0.2099637568950653,0.8571428571428571,high_iv,valid,826.0,0.23891528081131302,-0.028951523916247723,1.0,,close,10008009.SH,0.22635679117265478,0.22601615877151487,26.0,0.04973756560859788,0.017745563609097657,0.007673081729567608,0.0,3.836540864783804e-06,0.025414808797800482,0.007669245188702826,0,0.007673081729567608,-0.0,-3.836540864783804e-06,0.007669245188702824,False
510300,A股核心宽基,S6_IVTiming_OTM5_Monthly,2024-12-31,2025-01-22,4.022,3.886,4.2,0.0193,0.5,1,0,selected,normal_iv_sell,0.16908055663108826,0.6031746031746031,normal_iv,valid,847.0,0.13585955768373653,0.033220998947351726,1.0,,close,10008415.SH,0.1903760837369089,0.19055448856353757,22.0,0.044256588761810045,-0.033814022874191975,0.0023993038289408255,0.0,1.1996519144704129e-06,-0.03141591869716562,0.002398104177026357,0,0.0023993038289408255,-0.0,-1.1996519144704129e-06,0.0023981041770263552,False
510300,A股核心宽基,S6_IVTiming_OTM5_Monthly,2025-01-27,2025-02-26,3.907,4.054,4.1,0.021,0.5,1,0,selected,normal_iv_sell,0.1683843883037567,0.5515873015873016,normal_iv,valid,859.0,0.1716740046835166,-0.0032896163797598854,1.0,,close,10008595.SH,0.19203031095470652,0.18122297201156617,30.0,0.04939851548502672,0.037624776042999804,0.0026874840030714103,0.0,1.3437420015357053e-06,0.040310916304069674,0.0026861402610698706,0,0.0026874840030714103,-0.0,-1.3437420015357053e-06,0.0026861402610698745,False
510300,A股核心宽基,S6_IVTiming_OTM5_Monthly,2025-02-28,2025-03-26,3.994,4.013,4.2,0.0145,0.5,1,0,selected,normal_iv_sell,0.1601424228668213,0.503968253968254,normal_iv,valid,876.0,0.13546590642314055,0.02467651644368074,1.0,,close,10008014.SH,0.1527797287080747,0.17472381153106686,26.0,0.0515773660490737,0.004757135703555254,0.001815222834251377,0.0,9.076114171256886e-07,0.006571450926389505,0.0018143152228342514,0,0.001815222834251377,-0.0,-9.076114171256886e-07,0.0018143152228342512,False
510300,A股核心宽基,S6_IVTiming_OTM5_Monthly,2025-03-31,2025-04-23,3.984,3.882,4.2,0.0093,0.5,1,0,selected,normal_iv_sell,0.14313398160934448,0.3253968253968254,normal_iv,valid,896.0,0.13394856442506334,0.009185417184281147,1.0,,close,10008954.SH,0.1153151390367464,0.16830571174621584,23.0,0.054216867469879526,-0.025602409638554185,0.001167168674698795,0.0,5.835843373493975e-07,-0.024435824548192736,0.0011665850903614487,0,0.001167168674698795,-0.0,-5.835843373493975e-07,0.0011665850903614457,False
510300,A股核心宽基,S6_IVTiming_OTM5_Monthly,2025-04-30,2025-05-28,3.866,3.942,4.1,0.0083,0.5,1,0,selected,normal_iv_sell,0.15393412723541258,0.5277777777777778,normal_iv,valid,912.0,0.2557874628571571,-0.1018533356217445,1.0,,close,10009074.SH,0.10313782063151045,0.16066693325042725,28.0,0.060527677185721496,0.019658561821003638,0.001073460941541645,0.0,5.367304707708225e-07,0.020731486032074514,0.0010729242110708755,0,0.001073460941541645,-0.0,-5.367304707708225e-07,0.0010729242110708742,False
510300,A股核心宽基,S6_IVTiming_OTM5_Monthly,2025-05-30,2025-06-25,3.959,4.001,4.205,0.0032,1.0,1,0,selected,high_iv_sell,0.2546973402023316,0.9285714285714286,high_iv,valid,930.0,0.09814754498290679,0.1565497952194248,1.0,,close,10008285.SH,0.05363341654467352,0.13540460586547853,26.0,0.06213690325839849,0.010608739580702263,0.0008082849204344532,0.0,4.041424602172266e-07,0.011416620358676499,0.0008078807779742358,0,0.0008082849204344532,-0.0,-4.041424602172266e-07,0.000807880777974236,False
510300,A股核心宽基,S6_IVTiming_OTM5_Monthly,2025-06-30,2025-07-31,3.982,4.155,,0.0,0.0,0,0,low_iv_skip,low_iv_skip,0.13117991313934327,0.1349206349206349,low_iv,valid,949.0,0.1252068272047954,0.005973085934547873,1.0,,none,,,,,,0.04344550477147163,0.0,0.0,0.0,0.04344550477147163,0.0,0,0.0,-0.0,-0.0,0.0,False
510300,A股核心宽基,S6_IVTiming_OTM5_Monthly,2025-07-31,2025-08-27,4.155,4.475,4.4,0.011,0.5,1,0,selected,normal_iv_sell,0.1555541490793228,0.49206349206349204,normal_iv,valid,966.0,0.10223207316473175,0.05332207591459105,1.0,,close,10009535.SH,0.1187170666795942,0.17035607051849366,27.0,0.05896510228640195,0.07701564380264726,0.0013237063778580023,0.009025270758122657,6.618531889290012e-07,0.06931341756919367,-0.007702226233453596,1,0.0013237063778580023,-0.009025270758122657,-6.618531889290012e-07,-0.007702226233453583,False
510300,A股核心宽基,S6_IVTiming_OTM5_Monthly,2025-08-29,2025-09-24,4.601,4.663,4.8,0.0539,1.0,1,0,selected,high_iv_sell,0.2297830969810486,0.8531746031746031,high_iv,valid,986.0,0.14445089688450305,0.08533220009654555,1.0,,close,10009795.SH,0.28552594529842085,0.25527430162429815,26.0,0.04325146707237559,0.013475331449684911,0.011714844599000218,0.0,5.857422299500109e-06,0.025184318626385628,0.011708987176700717,0,0.011714844599000218,-0.0,-5.857422299500109e-06,0.011708987176700717,False
510300,A股核心宽基,S6_IVTiming_OTM5_Monthly,2025-09-30,2025-10-22,4.741,4.695,5.0,0.0143,0.5,1,0,selected,normal_iv_sell,0.15807775926589962,0.36904761904761907,normal_iv,valid,1007.0,0.18163163463685356,-0.023553875370953936,1.0,,close,10009979.SH,0.13325328751799337,0.1867112579345703,22.0,0.05462982493144919,-0.0097025943893692,0.0015081206496519724,0.0,7.540603248259862e-07,-0.008195227800042053,0.0015073665893271474,0,0.0015081206496519724,-0.0,-7.540603248259862e-07,0.0015073665893271463,False
510300,A股核心宽基,S6_IVTiming_OTM5_Monthly,2025-10-31,2025-11-26,4.756,4.626,5.0,0.0141,0.5,1,0,selected,normal_iv_sell,0.16343253345489503,0.4166666666666667,normal_iv,valid,1022.0,0.19062397517622828,-0.027191441721333254,1.0,,close,10010090.SH,0.13689439158942723,0.1631655099868774,26.0,0.051303616484440706,-0.027333894028595436,0.0014823380992430614,0.0,7.411690496215307e-07,-0.025852297098401995,0.0014815969301934413,0,0.0014823380992430614,-0.0,-7.411690496215307e-07,0.0014815969301934398,False
510300,A股核心宽基,S6_IVTiming_OTM5_Monthly,2025-11-28,2025-12-31,4.635,4.753,,0.0,0.0,0,0,low_iv_skip,low_iv_skip,0.135797988653183,0.08333333333333333,low_iv,valid,1041.0,0.1390423378069492,-0.0032443491537662017,1.0,,none,,,,,,0.02545846817691485,0.0,0.0,0.0,0.02545846817691485,0.0,0,0.0,-0.0,-0.0,0.0,False
510300,A股核心宽基,S6_IVTiming_OTM5_Monthly,2025-12-31,2026-01-28,4.753,4.725,4.873,0.0121,1.0,1,0,selected,high_iv_sell,0.1918705327987671,0.7619047619047619,high_iv,valid,1058.0,0.10712432937145594,0.08474620342731115,1.0,,close,10010467.SH,0.18412116232001657,0.09257594890594481,28.0,0.025247212286976684,-0.00589101620029465,0.002545760572270145,0.0,1.2728802861350725e-06,-0.0033465285083106393,0.0025444876919840102,0,0.002545760572270145,-0.0,-1.2728802861350725e-06,0.0025444876919840102,False
510300,A股核心宽基,S6_IVTiming_OTM5_Monthly,2026-01-30,2026-02-25,4.711,4.75,4.9,0.0277,0.5,1,0,selected,normal_iv_sell,0.16068123807907103,0.39285714285714285,normal_iv,valid,1077.0,0.14958681874371485,0.011094419335356182,1.0,,close,10010891.SH,0.2200899658640567,0.17850982284545897,26.0,0.04011887072808329,0.008278497134366312,0.0029399278284865204,0.0,1.4699639142432603e-06,0.01121695499893859,0.002938457864572277,0,0.0029399278284865204,-0.0,-1.4699639142432603e-06,0.0029384578645722773,False
510300,A股核心宽基,S6_IVTiming_OTM5_Monthly,2026-02-27,2026-03-31,4.725,4.463,,0.0,0.0,0,0,low_iv_skip,low_iv_skip,0.12388921880722048,0.015873015873015872,low_iv,valid,1090.0,0.15281503116807746,-0.02892581236085698,1.0,,none,,,,,,-0.05544973544973536,0.0,0.0,0.0,-0.05544973544973536,0.0,0,0.0,-0.0,-0.0,0.0,False
510300,A股核心宽基,S6_IVTiming_OTM5_Monthly,2026-03-31,2026-04-22,4.463,4.811,4.7,0.0085,1.0,1,0,selected,high_iv_sell,0.17635933027267456,0.7301587301587301,high_iv,valid,1111.0,0.1760037122881587,0.00035561798451586024,1.0,,close,10011124.SH,0.10318374773291361,0.16039990978240964,22.0,0.05310329374859957,0.0779744566435133,0.0019045485099708718,0.024871162894913684,9.52274254985436e-07,0.0550068899843155,-0.022967566659197795,1,0.0019045485099708718,-0.024871162894913684,-9.52274254985436e-07,-0.022967566659197795,False
510300,A股核心宽基,S6_IVTiming_OTM5_Monthly,2026-04-30,2026-05-29,4.824,4.923,,0.0,0.0,0,0,low_iv_skip,low_iv_skip,0.13514354274272922,0.0992063492063492,low_iv,valid,1127.0,0.1633638318533651,-0.02822028911063587,1.0,,none,,,,,,0.020522388059701534,0.0,0.0,0.0,0.020522388059701534,0.0,0,0.0,-0.0,-0.0,0.0,False
510300,A股核心宽基,S6_IVTiming_OTM5_Monthly,2026-05-29,2026-06-03,4.923,4.965,5.117,0.0243,0.5,1,0,selected,normal_iv_sell,0.1732718714237213,0.6825396825396826,normal_iv,valid,1144.0,0.15276449576061607,0.020507375663105232,1.0,,close,10010321.SH,0.20440151752683877,0.1644863224983215,26.0,0.03940686573227703,0.008531383302864069,0.0024680073126142595,0.0,1.2340036563071296e-06,0.010998156611822022,0.002466773308957953,0,0.0024680073126142595,-0.0,-1.2340036563071296e-06,0.0024667733089579523,False
510050,大盘蓝筹/金融权重,S0_BuyHold,2021-01-29,2021-02-26,3.704,3.743,,0.0,0.0,0,0,buy_hold,not_used,0.22248286609649656,,warmup_invalid,warmup,19.0,0.2332334850670202,-0.010750618970523651,0.0,,none,,,,,,0.010529157667386529,0.0,0.0,0.0,0.010529157667386529,0.0,0,0.0,-0.0,-0.0,0.0,False
510050,大盘蓝筹/金融权重,S0_BuyHold,2021-02-26,2021-03-31,3.743,3.527,,0.0,0.0,0,0,buy_hold,not_used,0.24173954958915714,,warmup_invalid,warmup,33.0,0.2500211319087956,-0.008281582319638464,0.0,,none,,,,,,-0.05770772107934805,0.0,0.0,0.0,-0.05770772107934805,0.0,0,0.0,-0.0,-0.0,0.0,False
510050,大盘蓝筹/金融权重,S0_BuyHold,2021-03-31,2021-04-30,3.527,3.482,,0.0,0.0,0,0,buy_hold,not_used,0.17938718566894532,,warmup_invalid,warmup,50.0,0.24053123006390326,-0.061144044394957936,0.0,,none,,,,,,-0.012758718457612681,0.0,0.0,0.0,-0.012758718457612681,0.0,0,0.0,-0.0,-0.0,0.0,False
510050,大盘蓝筹/金融权重,S0_BuyHold,2021-04-30,2021-05-31,3.482,3.639,,0.0,0.0,0,0,buy_hold,not_used,0.17242550239562987,,warmup_invalid,warmup,70.0,0.15128196613995787,0.021143536255672002,0.0,,none,,,,,,0.04508902929350936,0.0,0.0,0.0,0.04508902929350936,0.0,0,0.0,-0.0,-0.0,0.0,False
510050,大盘蓝筹/金融权重,S0_BuyHold,2021-05-31,2021-06-30,3.639,3.515,,0.0,0.0,0,0,buy_hold,not_used,0.21529945797920227,,warmup_invalid,warmup,87.0,0.21257657792561604,0.0027228800535862296,0.0,,none,,,,,,-0.03407529541082706,0.0,0.0,0.0,-0.03407529541082706,0.0,0,0.0,-0.0,-0.0,0.0,False
510050,大盘蓝筹/金融权重,S0_BuyHold,2021-06-30,2021-07-30,3.515,3.163,,0.0,0.0,0,0,buy_hold,not_used,0.16354458794593812,,warmup_invalid,warmup,102.0,0.11822929669668861,0.04531529124924952,0.0,,none,,,,,,-0.10014224751066865,0.0,0.0,0.0,-0.10014224751066865,0.0,0,0.0,-0.0,-0.0,0.0,False
510050,大盘蓝筹/金融权重,S0_BuyHold,2021-07-30,2021-08-31,3.163,3.138,,0.0,0.0,0,0,buy_hold,not_used,0.18831816701889037,,warmup_invalid,warmup,123.0,0.22475373594455714,-0.03643556892566677,0.0,,none,,,,,,-0.00790388871324689,0.0,0.0,0.0,-0.00790388871324689,0.0,0,0.0,-0.0,-0.0,0.0,False
510050,大盘蓝筹/金融权重,S0_BuyHold,2021-08-31,2021-09-30,3.138,3.231,,0.0,0.0,0,0,buy_hold,not_used,0.1938255260467529,,warmup_invalid,warmup,144.0,0.19902519014959427,-0.005199664102841367,0.0,,none,,,,,,0.02963671128107074,0.0,0.0,0.0,0.02963671128107074,0.0,0,0.0,-0.0,-0.0,0.0,False
510050,大盘蓝筹/金融权重,S0_BuyHold,2021-09-30,2021-10-29,3.231,3.304,,0.0,0.0,0,0,buy_hold,not_used,0.2002317051410675,,warmup_invalid,warmup,158.0,0.1731821697846142,0.027049535356453297,0.0,,none,,,,,,0.022593624264933443,0.0,0.0,0.0,0.022593624264933443,0.0,0,0.0,-0.0,-0.0,0.0,False
510050,大盘蓝筹/金融权重,S0_BuyHold,2021-10-29,2021-11-30,3.304,3.164,,0.0,0.0,0,0,buy_hold,not_used,0.1743566542625427,,warmup_invalid,warmup,173.0,0.1538994570068667,0.02045719725567602,0.0,,none,,,,,,-0.04237288135593211,0.0,0.0,0.0,-0.04237288135593211,0.0,0,0.0,-0.0,-0.0,0.0,False
510050,大盘蓝筹/金融权重,S0_BuyHold,2021-11-30,2021-12-31,3.164,3.256,,0.0,0.0,0,0,buy_hold,not_used,0.1645816880226135,,warmup_invalid,warmup,194.0,0.1307042002679788,0.0338774877546347,0.0,,none,,,,,,0.029077117572692678,0.0,0.0,0.0,0.029077117572692678,0.0,0,0.0,-0.0,-0.0,0.0,False
510050,大盘蓝筹/金融权重,S0_BuyHold,2021-12-31,2022-01-28,3.256,3.036,,0.0,0.0,0,0,buy_hold,not_used,0.15782504062652586,,warmup_invalid,warmup,211.0,0.1417255794419797,0.016099461184546165,0.0,,none,,,,,,-0.0675675675675675,0.0,0.0,0.0,-0.0675675675675675,0.0,0,0.0,-0.0,-0.0,0.0,False
510050,大盘蓝筹/金融权重,S0_BuyHold,2022-01-28,2022-02-28,3.036,3.061,,0.0,0.0,0,0,buy_hold,not_used,0.2287269237995148,,warmup_invalid,warmup,229.0,0.16786023315613388,0.060866690643380905,0.0,,none,,,,,,0.008234519104084292,0.0,0.0,0.0,0.008234519104084292,0.0,0,0.0,-0.0,-0.0,0.0,False
510050,大盘蓝筹/金融权重,S0_BuyHold,2022-02-28,2022-03-31,3.061,2.881,,0.0,0.0,0,0,buy_hold,not_used,0.17262100172042844,,warmup_invalid,warmup,245.0,0.17678704209516952,-0.004166040374741081,0.0,,none,,,,,,-0.058804312316236576,0.0,0.0,0.0,-0.058804312316236576,0.0,0,0.0,-0.0,-0.0,0.0,False
510050,大盘蓝筹/金融权重,S0_BuyHold,2022-03-31,2022-04-29,2.881,2.793,,0.0,0.0,0,0,buy_hold,not_used,0.1878270345687866,0.6349206349206349,normal_iv,valid,262.0,0.33343822887758573,-0.14561119430879912,1.0,,none,,,,,,-0.03054494967025326,0.0,0.0,0.0,-0.03054494967025326,0.0,0,0.0,-0.0,-0.0,0.0,False
510050,大盘蓝筹/金融权重,S0_BuyHold,2022-04-29,2022-05-31,2.793,2.792,,0.0,0.0,0,0,buy_hold,not_used,0.20684530425071715,0.8412698412698413,high_iv,valid,280.0,0.2627041648176504,-0.05585886056693326,1.0,,none,,,,,,-0.000358037952023034,0.0,0.0,0.0,-0.000358037952023034,0.0,0,0.0,-0.0,-0.0,0.0,False
510050,大盘蓝筹/金融权重,S0_BuyHold,2022-05-31,2022-06-30,2.792,3.069,,0.0,0.0,0,0,buy_hold,not_used,0.19702980766296388,0.7658730158730159,high_iv,valid,298.0,0.196213506403297,0.0008163012596668906,1.0,,none,,,,,,0.0992120343839542,0.0,0.0,0.0,0.0992120343839542,0.0,0,0.0,-0.0,-0.0,0.0,False
510050,大盘蓝筹/金融权重,S0_BuyHold,2022-06-30,2022-07-29,3.069,2.828,,0.0,0.0,0,0,buy_hold,not_used,0.21420513858795168,0.8968253968253969,high_iv,valid,314.0,0.16578521621918438,0.0484199223687673,1.0,,none,,,,,,-0.07852720755946566,0.0,0.0,0.0,-0.07852720755946566,0.0,0,0.0,-0.0,-0.0,0.0,False
510050,大盘蓝筹/金融权重,S0_BuyHold,2022-07-29,2022-08-31,2.828,2.801,,0.0,0.0,0,0,buy_hold,not_used,0.19389466605186464,0.6190476190476191,normal_iv,valid,334.0,0.12485131112202899,0.06904335492983565,1.0,,none,,,,,,-0.009547383309759438,0.0,0.0,0.0,-0.009547383309759438,0.0,0,0.0,-0.0,-0.0,0.0,False
510050,大盘蓝筹/金融权重,S0_BuyHold,2022-08-31,2022-09-30,2.801,2.65,,0.0,0.0,0,0,buy_hold,not_used,0.16335385689735413,0.15476190476190477,low_iv,valid,351.0,0.1503886756532389,0.01296518124411522,1.0,,none,,,,,,-0.053909318100678415,0.0,0.0,0.0,-0.053909318100678415,0.0,0,0.0,-0.0,-0.0,0.0,False
510050,大盘蓝筹/金融权重,S0_BuyHold,2022-09-30,2022-10-31,2.65,2.333,,0.0,0.0,0,0,buy_hold,not_used,0.16750464134216306,0.21825396825396826,low_iv,valid,371.0,0.13469155734673083,0.03281308399543223,1.0,,none,,,,,,-0.11962264150943386,0.0,0.0,0.0,-0.11962264150943386,0.0,0,0.0,-0.0,-0.0,0.0,False
510050,大盘蓝筹/金融权重,S0_BuyHold,2022-10-31,2022-11-30,2.333,2.645,,0.0,0.0,0,0,buy_hold,not_used,0.2534623566627503,0.9761904761904762,high_iv,valid,387.0,0.20679345630262672,0.04666890036012358,1.0,,none,,,,,,0.1337333904843548,0.0,0.0,0.0,0.1337333904843548,0.0,0,0.0,-0.0,-0.0,0.0,False
510050,大盘蓝筹/金融权重,S0_BuyHold,2022-11-30,2022-12-30,2.645,2.649,,0.0,0.0,0,0,buy_hold,not_used,0.23845659141540523,0.9563492063492064,high_iv,valid,403.0,0.25548531692402526,-0.01702872550862003,1.0,,none,,,,,,0.0015122873345935742,0.0,0.0,0.0,0.0015122873345935742,0.0,0,0.0,-0.0,-0.0,0.0,False
510050,大盘蓝筹/金融权重,S0_BuyHold,2022-12-30,2023-01-31,2.649,2.819,,0.0,0.0,0,0,buy_hold,not_used,0.16094110913276674,0.11507936507936507,low_iv,valid,420.0,0.1531339152213846,0.007807193911382154,1.0,,none,,,,,,0.06417516043790107,0.0,0.0,0.0,0.06417516043790107,0.0,0,0.0,-0.0,-0.0,0.0,False
510050,大盘蓝筹/金融权重,S0_BuyHold,2023-01-31,2023-02-28,2.819,2.746,,0.0,0.0,0,0,buy_hold,not_used,0.17979725742340089,0.376984126984127,normal_iv,valid,436.0,0.12518078477850866,0.05461647264489222,1.0,,none,,,,,,-0.025895707697765148,0.0,0.0,0.0,-0.025895707697765148,0.0,0,0.0,-0.0,-0.0,0.0,False
510050,大盘蓝筹/金融权重,S0_BuyHold,2023-02-28,2023-03-31,2.746,2.669,,0.0,0.0,0,0,buy_hold,not_used,0.1741826121807098,0.2777777777777778,low_iv,valid,455.0,0.16589150077790427,0.008291111402805529,1.0,,none,,,,,,-0.028040786598688985,0.0,0.0,0.0,-0.028040786598688985,0.0,0,0.0,-0.0,-0.0,0.0,False
510050,大盘蓝筹/金融权重,S0_BuyHold,2023-03-31,2023-04-28,2.669,2.68,,0.0,0.0,0,0,buy_hold,not_used,0.15699536056518554,0.03968253968253968,low_iv,valid,472.0,0.12206600901186267,0.03492935155332287,1.0,,none,,,,,,0.004121393780442158,0.0,0.0,0.0,0.004121393780442158,0.0,0,0.0,-0.0,-0.0,0.0,False
510050,大盘蓝筹/金融权重,S0_BuyHold,2023-04-28,2023-05-31,2.68,2.5,,0.0,0.0,0,0,buy_hold,not_used,0.1381034502029419,0.003968253968253968,low_iv,valid,490.0,0.13857090481168818,-0.00046745460874628164,1.0,,none,,,,,,-0.06716417910447767,0.0,0.0,0.0,-0.06716417910447767,0.0,0,0.0,-0.0,-0.0,0.0,False
510050,大盘蓝筹/金融权重,S0_BuyHold,2023-05-31,2023-06-30,2.5,2.542,,0.0,0.0,0,0,buy_hold,not_used,0.16802438344955442,0.23809523809523808,low_iv,valid,504.0,0.1513635774575887,0.016660805991965733,1.0,,none,,,,,,0.016799999999999926,0.0,0.0,0.0,0.016799999999999926,0.0,0,0.0,-0.0,-0.0,0.0,False
510050,大盘蓝筹/金融权重,S0_BuyHold,2023-06-30,2023-07-31,2.542,2.731,,0.0,0.0,0,0,buy_hold,not_used,0.14494115829467774,0.01984126984126984,low_iv,valid,523.0,0.1288815341669179,0.016059624127759853,1.0,,none,,,,,,0.0743509047993706,0.0,0.0,0.0,0.0743509047993706,0.0,0,0.0,-0.0,-0.0,0.0,False
510050,大盘蓝筹/金融权重,S0_BuyHold,2023-07-31,2023-08-31,2.731,2.59,,0.0,0.0,0,0,buy_hold,not_used,0.1770459620475769,0.49603174603174605,normal_iv,valid,543.0,0.17231121638800082,0.004734745659576073,1.0,,none,,,,,,-0.051629439765653616,0.0,0.0,0.0,-0.051629439765653616,0.0,0,0.0,-0.0,-0.0,0.0,False
510050,大盘蓝筹/金融权重,S0_BuyHold,2023-08-31,2023-09-28,2.59,2.583,,0.0,0.0,0,0,buy_hold,not_used,0.17430658736228943,0.49206349206349204,normal_iv,valid,560.0,0.13394606830404995,0.04036051905823948,1.0,,none,,,,,,-0.0027027027027025767,0.0,0.0,0.0,-0.0027027027027025767,0.0,0,0.0,-0.0,-0.0,0.0,False
510050,大盘蓝筹/金融权重,S0_BuyHold,2023-09-28,2023-10-31,2.583,2.488,,0.0,0.0,0,0,buy_hold,not_used,0.15566501150131223,0.21428571428571427,low_iv,valid,579.0,0.14555069599504122,0.01011431550627101,1.0,,none,,,,,,-0.03677893921796368,0.0,0.0,0.0,-0.03677893921796368,0.0,0,0.0,-0.0,-0.0,0.0,False
510050,大盘蓝筹/金融权重,S0_BuyHold,2023-10-31,2023-11-30,2.488,2.401,,0.0,0.0,0,0,buy_hold,not_used,0.14776874608993532,0.09523809523809523,low_iv,valid,596.0,0.13345872558902658,0.014310020500908738,1.0,,none,,,,,,-0.03496784565916406,0.0,0.0,0.0,-0.03496784565916406,0.0,0,0.0,-0.0,-0.0,0.0,False
510050,大盘蓝筹/金融权重,S0_BuyHold,2023-11-30,2023-12-29,2.401,2.355,,0.0,0.0,0,0,buy_hold,not_used,0.14584236249923704,0.09523809523809523,low_iv,valid,612.0,0.12185948871989757,0.02398287377933947,1.0,,none,,,,,,-0.019158683881715877,0.0,0.0,0.0,-0.019158683881715877,0.0,0,0.0,-0.0,-0.0,0.0,False
510050,大盘蓝筹/金融权重,S0_BuyHold,2023-12-29,2024-01-31,2.355,2.292,,0.0,0.0,0,0,buy_hold,not_used,0.1502387131690979,0.1984126984126984,low_iv,valid,632.0,0.1481907172204882,0.0020479959486096877,1.0,,none,,,,,,-0.02675159235668797,0.0,0.0,0.0,-0.02675159235668797,0.0,0,0.0,-0.0,-0.0,0.0,False
510050,大盘蓝筹/金融权重,S0_BuyHold,2024-01-31,2024-02-29,2.292,2.444,,0.0,0.0,0,0,buy_hold,not_used,0.19180377693176268,0.9206349206349206,high_iv,valid,648.0,0.17114050151196503,0.02066327541979765,1.0,,none,,,,,,0.06631762652705067,0.0,0.0,0.0,0.06631762652705067,0.0,0,0.0,-0.0,-0.0,0.0,False
510050,大盘蓝筹/金融权重,S0_BuyHold,2024-02-29,2024-03-29,2.444,2.449,,0.0,0.0,0,0,buy_hold,not_used,0.18165688514709472,0.8293650793650794,high_iv,valid,663.0,0.18113605186882079,0.00052083327827393,1.0,,none,,,,,,0.0020458265139115766,0.0,0.0,0.0,0.0020458265139115766,0.0,0,0.0,-0.0,-0.0,0.0,False
510050,大盘蓝筹/金融权重,S0_BuyHold,2024-03-29,2024-04-30,2.449,2.5,,0.0,0.0,0,0,buy_hold,not_used,0.1367421073436737,0.015873015873015872,low_iv,valid,683.0,0.084829907090563,0.051912200253110705,1.0,,none,,,,,,0.020824826459779566,0.0,0.0,0.0,0.020824826459779566,0.0,0,0.0,-0.0,-0.0,0.0,False
510050,大盘蓝筹/金融权重,S0_BuyHold,2024-04-30,2024-05-31,2.5,2.499,,0.0,0.0,0,0,buy_hold,not_used,0.13292987051010136,0.011904761904761904,low_iv,valid,703.0,0.1211434827772391,0.011786387732862252,1.0,,none,,,,,,-0.00039999999999995595,0.0,0.0,0.0,-0.00039999999999995595,0.0,0,0.0,-0.0,-0.0,0.0,False
510050,大盘蓝筹/金融权重,S0_BuyHold,2024-05-31,2024-06-28,2.499,2.441,,0.0,0.0,0,0,buy_hold,not_used,0.12609931483268738,0.003968253968253968,low_iv,valid,718.0,0.111132076842584,0.014967237990103383,1.0,,none,,,,,,-0.023209283713485504,0.0,0.0,0.0,-0.023209283713485504,0.0,0,0.0,-0.0,-0.0,0.0,False
510050,大盘蓝筹/金融权重,S0_BuyHold,2024-06-28,2024-07-31,2.441,2.463,,0.0,0.0,0,0,buy_hold,not_used,0.11672488379478455,0.003968253968253968,low_iv,valid,736.0,0.0674691629417337,0.04925572085305084,1.0,,none,,,,,,0.009012699713232382,0.0,0.0,0.0,0.009012699713232382,0.0,0,0.0,-0.0,-0.0,0.0,False
510050,大盘蓝筹/金融权重,S0_BuyHold,2024-07-31,2024-08-30,2.463,2.429,,0.0,0.0,0,0,buy_hold,not_used,0.1270362811088562,0.07539682539682539,low_iv,valid,753.0,0.1231614251937387,0.003874855915117506,1.0,,none,,,,,,-0.013804303694681386,0.0,0.0,0.0,-0.013804303694681386,0.0,0,0.0,-0.0,-0.0,0.0,False
510050,大盘蓝筹/金融权重,S0_BuyHold,2024-08-30,2024-09-30,2.429,2.909,,0.0,0.0,0,0,buy_hold,not_used,0.11415478291511534,0.015873015873015872,low_iv,valid,774.0,0.09118114782631939,0.02297363508879595,1.0,,none,,,,,,0.19761218608480857,0.0,0.0,0.0,0.19761218608480857,0.0,0,0.0,-0.0,-0.0,0.0,False
510050,大盘蓝筹/金融权重,S0_BuyHold,2024-09-30,2024-10-31,2.909,2.741,,0.0,0.0,0,0,buy_hold,not_used,0.436084951543808,1.0,high_iv,valid,792.0,0.3820969618621534,0.05398798968165458,1.0,,none,,,,,,-0.05775180474389815,0.0,0.0,0.0,-0.05775180474389815,0.0,0,0.0,-0.0,-0.0,0.0,False
510050,大盘蓝筹/金融权重,S0_BuyHold,2024-10-31,2024-11-29,2.741,2.732,,0.0,0.0,0,0,buy_hold,not_used,0.2771320797920227,0.9841269841269841,high_iv,valid,806.0,0.45477551150434675,-0.17764343171232405,1.0,,none,,,,,,-0.003283473184968952,0.0,0.0,0.0,-0.003283473184968952,0.0,0,0.0,-0.0,-0.0,0.0,False
510050,大盘蓝筹/金融权重,S0_BuyHold,2024-11-29,2024-12-31,2.732,2.738,,0.0,0.0,0,0,buy_hold,not_used,0.22541535596847534,0.8888888888888888,high_iv,valid,826.0,0.2271097786701619,-0.001694422701686571,1.0,,none,,,,,,0.0021961932650072413,0.0,0.0,0.0,0.0021961932650072413,0.0,0,0.0,-0.0,-0.0,0.0,False
510050,大盘蓝筹/金融权重,S0_BuyHold,2024-12-31,2025-01-27,2.738,2.643,,0.0,0.0,0,0,buy_hold,not_used,0.16805776138305661,0.6428571428571429,normal_iv,valid,847.0,0.1407591805560349,0.027298580827021718,1.0,,none,,,,,,-0.03469685902118342,0.0,0.0,0.0,-0.03469685902118342,0.0,0,0.0,-0.0,-0.0,0.0,False
510050,大盘蓝筹/金融权重,S0_BuyHold,2025-01-27,2025-02-28,2.643,2.705,,0.0,0.0,0,0,buy_hold,not_used,0.1666248943805695,0.5833333333333334,normal_iv,valid,859.0,0.14608263802497937,0.02054225635559012,1.0,,none,,,,,,0.023458191449110967,0.0,0.0,0.0,0.023458191449110967,0.0,0,0.0,-0.0,-0.0,0.0,False
510050,大盘蓝筹/金融权重,S0_BuyHold,2025-02-28,2025-03-31,2.705,2.725,,0.0,0.0,0,0,buy_hold,not_used,0.15672356882095337,0.5158730158730159,normal_iv,valid,876.0,0.117211556255189,0.039512012565764365,1.0,,none,,,,,,0.0073937153419593405,0.0,0.0,0.0,0.0073937153419593405,0.0,0,0.0,-0.0,-0.0,0.0,False
510050,大盘蓝筹/金融权重,S0_BuyHold,2025-03-31,2025-04-30,2.725,2.693,,0.0,0.0,0,0,buy_hold,not_used,0.14142217044830324,0.38095238095238093,normal_iv,valid,896.0,0.15261693061895631,-0.011194760170653073,1.0,,none,,,,,,-0.011743119266055056,0.0,0.0,0.0,-0.011743119266055056,0.0,0,0.0,-0.0,-0.0,0.0,False
510050,大盘蓝筹/金融权重,S0_BuyHold,2025-04-30,2025-05-30,2.693,2.749,,0.0,0.0,0,0,buy_hold,not_used,0.1442211485862732,0.4523809523809524,normal_iv,valid,912.0,0.22428793489307208,-0.08006678630679889,1.0,,none,,,,,,0.020794652803564816,0.0,0.0,0.0,0.020794652803564816,0.0,0,0.0,-0.0,-0.0,0.0,False
510050,大盘蓝筹/金融权重,S0_BuyHold,2025-05-30,2025-06-30,2.749,2.807,,0.0,0.0,0,0,buy_hold,not_used,0.12624713139533997,0.15079365079365079,low_iv,valid,930.0,0.09959633337441175,0.02665079802092822,1.0,,none,,,,,,0.02109858130229168,0.0,0.0,0.0,0.02109858130229168,0.0,0,0.0,-0.0,-0.0,0.0,False
510050,大盘蓝筹/金融权重,S0_BuyHold,2025-06-30,2025-07-31,2.807,2.899,,0.0,0.0,0,0,buy_hold,not_used,0.12258509526252748,0.0992063492063492,low_iv,valid,949.0,0.09349368839779677,0.029091406864730704,1.0,,none,,,,,,0.03277520484503031,0.0,0.0,0.0,0.03277520484503031,0.0,0,0.0,-0.0,-0.0,0.0,False
510050,大盘蓝筹/金融权重,S0_BuyHold,2025-07-31,2025-08-29,2.899,3.112,,0.0,0.0,0,0,buy_hold,not_used,0.14834093923568725,0.5753968253968254,normal_iv,valid,966.0,0.088445308202697,0.059895631032990254,1.0,,none,,,,,,0.07347361159020355,0.0,0.0,0.0,0.07347361159020355,0.0,0,0.0,-0.0,-0.0,0.0,False
510050,大盘蓝筹/金融权重,S0_BuyHold,2025-08-29,2025-09-30,3.112,3.126,,0.0,0.0,0,0,buy_hold,not_used,0.22094509701728823,0.8452380952380952,high_iv,valid,986.0,0.15268669301267807,0.06825840400461017,1.0,,none,,,,,,0.004498714652956231,0.0,0.0,0.0,0.004498714652956231,0.0,0,0.0,-0.0,-0.0,0.0,False
510050,大盘蓝筹/金融权重,S0_BuyHold,2025-09-30,2025-10-31,3.126,3.16,,0.0,0.0,0,0,buy_hold,not_used,0.1500479821205139,0.45634920634920634,normal_iv,valid,1007.0,0.13460411049047669,0.015443871630037215,1.0,,none,,,,,,0.01087651951375568,0.0,0.0,0.0,0.01087651951375568,0.0,0,0.0,-0.0,-0.0,0.0,False
510050,大盘蓝筹/金融权重,S0_BuyHold,2025-10-31,2025-11-28,3.16,3.113,,0.0,0.0,0,0,buy_hold,not_used,0.1527468264579773,0.4365079365079365,normal_iv,valid,1022.0,0.136055525000346,0.016691301457631286,1.0,,none,,,,,,-0.014873417721519035,0.0,0.0,0.0,-0.014873417721519035,0.0,0,0.0,-0.0,-0.0,0.0,False
510050,大盘蓝筹/金融权重,S0_BuyHold,2025-11-28,2025-12-31,3.113,3.105,,0.0,0.0,0,0,buy_hold,not_used,0.16688714957237247,0.5396825396825397,normal_iv,valid,1041.0,0.10811104298457064,0.05877610658780183,1.0,,none,,,,,,-0.002569868294249922,0.0,0.0,0.0,-0.002569868294249922,0.0,0,0.0,-0.0,-0.0,0.0,False
510050,大盘蓝筹/金融权重,S0_BuyHold,2025-12-31,2026-01-30,3.105,3.147,,0.0,0.0,0,0,buy_hold,not_used,0.12618991208076474,0.09523809523809523,low_iv,valid,1058.0,0.09009711214650622,0.036092799934258527,1.0,,none,,,,,,0.013526570048309119,0.0,0.0,0.0,0.013526570048309119,0.0,0,0.0,-0.0,-0.0,0.0,False
510050,大盘蓝筹/金融权重,S0_BuyHold,2026-01-30,2026-02-27,3.147,3.123,,0.0,0.0,0,0,buy_hold,not_used,0.15795378408432004,0.5555555555555556,normal_iv,valid,1077.0,0.15391437483117013,0.0040394092531499115,1.0,,none,,,,,,-0.007626310772163832,0.0,0.0,0.0,-0.007626310772163832,0.0,0,0.0,-0.0,-0.0,0.0,False
510050,大盘蓝筹/金融权重,S0_BuyHold,2026-02-27,2026-03-31,3.123,2.902,,0.0,0.0,0,0,buy_hold,not_used,0.12165766553878785,0.03968253968253968,low_iv,valid,1090.0,0.1619538190124928,-0.040296153473704965,1.0,,none,,,,,,-0.07076528978546272,0.0,0.0,0.0,-0.07076528978546272,0.0,0,0.0,-0.0,-0.0,0.0,False
510050,大盘蓝筹/金融权重,S0_BuyHold,2026-03-31,2026-04-30,2.902,3.062,,0.0,0.0,0,0,buy_hold,not_used,0.16358273415565489,0.7182539682539683,high_iv,valid,1111.0,0.1558062747095585,0.007776459446096395,1.0,,none,,,,,,0.055134390075809676,0.0,0.0,0.0,0.055134390075809676,0.0,0,0.0,-0.0,-0.0,0.0,False
510050,大盘蓝筹/金融权重,S0_BuyHold,2026-04-30,2026-05-29,3.062,2.997,,0.0,0.0,0,0,buy_hold,not_used,0.12588951067924503,0.09523809523809523,low_iv,valid,1127.0,0.12957288383826854,-0.0036833731590235064,1.0,,none,,,,,,-0.021227955584585224,0.0,0.0,0.0,-0.021227955584585224,0.0,0,0.0,-0.0,-0.0,0.0,False
510050,大盘蓝筹/金融权重,S0_BuyHold,2026-05-29,2026-06-03,2.997,2.996,,0.0,0.0,0,0,buy_hold,not_used,0.16189714851379394,0.7222222222222222,high_iv,valid,1144.0,0.14570994030060017,0.016187208213193777,1.0,,none,,,,,,-0.00033366700033363026,0.0,0.0,0.0,-0.00033366700033363026,0.0,0,0.0,-0.0,-0.0,0.0,False
510050,大盘蓝筹/金融权重,S1_ATM_100_Monthly,2021-01-29,2021-02-24,3.704,3.788,3.7,0.0958,1.0,1,0,selected,not_used,0.22248286609649656,,warmup_invalid,warmup,19.0,0.2332334850670202,-0.010750618970523651,0.0,,close,10003051.SH,0.5284790920891367,0.23129464054107662,26.0,-0.001079913606911398,0.022678185745140286,0.025863930885529154,0.023758099352051736,1.2931965442764577e-05,0.024771085313174943,0.0020928995680346563,1,0.025863930885529154,-0.023758099352051736,-1.2931965442764577e-05,0.002092899568034653,False
510050,大盘蓝筹/金融权重,S1_ATM_100_Monthly,2021-02-26,2021-03-24,3.743,3.454,3.746,0.0994,1.0,1,0,selected,not_used,0.24173954958915714,,warmup_invalid,warmup,33.0,0.2500211319087956,-0.008281582319638464,0.0,,close,10002767.SH,0.5169024472613319,0.24659603891372683,26.0,0.0008014961261020304,-0.07721079348116476,0.02655623831151483,0.0,1.3278119155757415e-05,-0.05066783328880569,0.02654296019235907,0,0.02655623831151483,-0.0,-1.3278119155757415e-05,0.026542960192359074,False
510050,大盘蓝筹/金融权重,S1_ATM_100_Monthly,2021-03-31,2021-04-28,3.527,3.467,3.5,0.0772,1.0,1,0,selected,not_used,0.17938718566894532,,warmup_invalid,warmup,50.0,0.24053123006390326,-0.061144044394957936,0.0,,close,10003264.SH,0.5939912972681514,0.15371478652954101,28.0,-0.00765523107456767,-0.017011624610150284,0.021888290331726682,0.0,1.0944145165863341e-05,0.004865721576410535,0.021877346186560818,0,0.021888290331726682,-0.0,-1.0944145165863341e-05,0.021877346186560818,False
510050,大盘蓝筹/金融权重,S1_ATM_100_Monthly,2021-04-30,2021-05-26,3.482,3.648,3.5,0.0558,1.0,1,0,selected,not_used,0.17242550239562987,,warmup_invalid,warmup,70.0,0.15128196613995787,0.021143536255672002,0.0,,close,10003329.SH,0.4755526973242783,0.16718039855957031,26.0,0.005169442848937278,0.04767375071797815,0.016025272831705916,0.04250430786904082,8.012636415852959e-06,0.0211867030442274,-0.02648704767375075,1,0.016025272831705916,-0.04250430786904082,-8.012636415852959e-06,-0.026487047673750753,False
510050,大盘蓝筹/金融权重,S1_ATM_100_Monthly,2021-05-31,2021-06-23,3.639,3.469,3.647,0.082,1.0,1,0,selected,not_used,0.21529945797920227,,warmup_invalid,warmup,87.0,0.21257657792561604,0.0027228800535862296,0.0,,close,10002866.SH,0.5050178647698869,0.22957806110382079,23.0,0.002198406155537347,-0.04671613080516624,0.022533663094256667,0.0,1.1266831547128334e-05,-0.024193734542456703,0.022522396262709538,0,0.022533663094256667,-0.0,-1.1266831547128334e-05,0.022522396262709538,False
510050,大盘蓝筹/金融权重,S1_ATM_100_Monthly,2021-06-30,2021-07-28,3.515,3.183,3.5,0.0754,1.0,1,0,selected,not_used,0.16354458794593812,,warmup_invalid,warmup,102.0,0.11822929669668861,0.04531529124924952,0.0,,close,10003418.SH,0.5591014000000601,0.1671041061401367,28.0,-0.004267425320056972,-0.09445234708392611,0.021450924608819342,0.0,1.072546230440967e-05,-0.07301214793741118,0.021440199146514932,0,0.021450924608819342,-0.0,-1.072546230440967e-05,0.021440199146514932,False
510050,大盘蓝筹/金融权重,S1_ATM_100_Monthly,2021-07-30,2021-08-25,3.163,3.197,3.2,0.0485,1.0,1,0,selected,not_used,0.18831816701889037,,warmup_invalid,warmup,123.0,0.22475373594455714,-0.03643556892566677,0.0,,close,10003462.SH,0.4289238572739241,0.18733113384246824,26.0,0.011697755295605461,0.010749288650015888,0.015333544103699021,0.0,7.66677205184951e-06,0.02607516598166306,0.015325877331647173,0,0.015333544103699021,-0.0,-7.66677205184951e-06,0.015325877331647171,False
510050,大盘蓝筹/金融权重,S1_ATM_100_Monthly,2021-08-31,2021-09-22,3.138,3.158,3.1,0.08,1.0,1,0,selected,not_used,0.1938255260467529,,warmup_invalid,warmup,144.0,0.19902519014959427,-0.005199664102841367,0.0,,close,10003317.SH,0.6241466758785637,0.18575760269165037,22.0,-0.01210962396430837,0.006373486297004467,0.02549394518801785,0.018483110261312885,1.2746972594008924e-05,0.01337157425111542,0.0069980879541109535,1,0.02549394518801785,-0.018483110261312885,-1.2746972594008924e-05,0.006998087954110954,False
510050,大盘蓝筹/金融权重,S1_ATM_100_Monthly,2021-09-30,2021-10-27,3.231,3.287,3.2,0.0882,1.0,1,0,selected,not_used,0.2002317051410675,,warmup_invalid,warmup,158.0,0.1731821697846142,0.027049535356453297,0.0,,close,10003585.SH,0.5924431013252351,0.19754954977035522,27.0,-0.009594552770040177,0.017332095326524313,0.02729805013927577,0.026926648096564452,1.3649025069637885e-05,0.017689848344165992,0.00035775301764167863,1,0.02729805013927577,-0.026926648096564452,-1.3649025069637885e-05,0.00035775301764167907,False
510050,大盘蓝筹/金融权重,S1_ATM_100_Monthly,2021-10-29,2021-11-24,3.304,3.273,3.3,0.0666,1.0,1,0,selected,not_used,0.1743566542625427,,warmup_invalid,warmup,173.0,0.1538994570068667,0.02045719725567602,0.0,,close,10003628.SH,0.5316563562376039,0.1769267551422119,26.0,-0.001210653753026647,-0.009382566585956325,0.020157384987893465,0.0,1.0078692493946733e-05,0.010764739709443194,0.02014730629539952,0,0.020157384987893465,-0.0,-1.0078692493946733e-05,0.020147306295399518,False
510050,大盘蓝筹/金融权重,S1_ATM_100_Monthly,2021-11-30,2021-12-22,3.164,3.244,3.159,0.059,1.0,1,0,selected,not_used,0.1645816880226135,,warmup_invalid,warmup,194.0,0.1307042002679788,0.0338774877546347,0.0,,close,10003374.SH,0.5343013536919694,0.17607323369979855,22.0,-0.001580278128950785,0.025284450063211148,0.018647281921618204,0.026864728192161947,9.323640960809102e-06,0.017057680151706594,-0.008226769911504554,1,0.018647281921618204,-0.026864728192161947,-9.323640960809102e-06,-0.008226769911504552,False
510050,大盘蓝筹/金融权重,S1_ATM_100_Monthly,2021-12-31,2022-01-26,3.256,3.144,3.258,0.0615,1.0,1,0,selected,not_used,0.15782504062652586,,warmup_invalid,warmup,211.0,0.1417255794419797,0.016099461184546165,0.0,,close,10003713.SH,0.5162177192029617,0.17364618110656735,26.0,0.0006142506142505777,-0.034398034398034294,0.01888820638820639,0.0,9.444103194103195e-06,-0.015519272113022009,0.018878762285012285,0,0.01888820638820639,-0.0,-9.444103194103195e-06,0.018878762285012285,False
510050,大盘蓝筹/金融权重,S1_ATM_100_Monthly,2022-01-28,2022-02-23,3.036,3.1,3.0,0.0888,1.0,1,0,selected,not_used,0.2287269237995148,,warmup_invalid,warmup,229.0,0.16786023315613388,0.060866690643380905,0.0,,close,10003843.SH,0.6058156500056502,0.2078680994987488,26.0,-0.011857707509881465,0.02108036890645588,0.02924901185770751,0.032938076416337315,1.4624505928853756e-05,0.017376679841897225,-0.0037036890645586566,1,0.02924901185770751,-0.032938076416337315,-1.4624505928853756e-05,-0.0037036890645586584,False
510050,大盘蓝筹/金融权重,S1_ATM_100_Monthly,2022-02-28,2022-03-23,3.061,2.899,3.061,0.0556,1.0,1,0,selected,not_used,0.17262100172042844,,warmup_invalid,warmup,245.0,0.17678704209516952,-0.004166040374741081,0.0,,close,10003534.SH,0.5201969244279367,0.17514341983795162,23.0,0.0,-0.05292388108461285,0.018163998693237503,0.0,9.081999346618751e-06,-0.03476896439072197,0.018154916693890882,0,0.018163998693237503,-0.0,-9.081999346618751e-06,0.018154916693890882,False
510050,大盘蓝筹/金融权重,S1_ATM_100_Monthly,2022-03-31,2022-04-27,2.881,2.714,2.9,0.0518,1.0,1,0,selected,not_used,0.1878270345687866,0.6349206349206349,normal_iv,valid,262.0,0.33343822887758573,-0.14561119430879912,1.0,,close,10004036.SH,0.4704425130181785,0.187846107673645,27.0,0.006594932315168389,-0.057965984033321705,0.0179798681013537,0.0,8.98993405067685e-06,-0.03999510586601868,0.01797087816730302,0,0.0179798681013537,-0.0,-8.98993405067685e-06,0.01797087816730302,False
510050,大盘蓝筹/金融权重,S1_ATM_100_Monthly,2022-04-29,2022-05-25,2.793,2.725,2.8,0.0581,1.0,1,0,selected,not_used,0.20684530425071715,0.8412698412698413,high_iv,valid,280.0,0.2627041648176504,-0.05585886056693326,1.0,,close,10004165.SH,0.5026163012377495,0.20031038169860838,26.0,0.0025062656641603454,-0.0243465807375582,0.020802005012531325,0.0,1.0401002506265665e-05,-0.0035549767275331423,0.02079160401002506,0,0.020802005012531325,-0.0,-1.0401002506265665e-05,0.02079160401002506,False
510050,大盘蓝筹/金融权重,S1_ATM_100_Monthly,2022-05-31,2022-06-22,2.792,2.898,2.8,0.0508,1.0,1,0,selected,not_used,0.19702980766296388,0.7658730158730159,high_iv,valid,298.0,0.196213506403297,0.0008163012596668906,1.0,,close,10004023.SH,0.4956280054483875,0.19396857433319092,22.0,0.002865329512893977,0.03796561604584539,0.018194842406876792,0.0351002865329514,9.097421203438396e-06,0.021051074498567343,-0.016914541547278047,1,0.018194842406876792,-0.0351002865329514,-9.097421203438396e-06,-0.016914541547278047,False
510050,大盘蓝筹/金融权重,S1_ATM_100_Monthly,2022-06-30,2022-07-27,3.069,2.867,3.1,0.0581,1.0,1,0,selected,not_used,0.21420513858795168,0.8968253968253969,high_iv,valid,314.0,0.16578521621918438,0.0484199223687673,1.0,,close,10004325.SH,0.4519497395184374,0.21090549144744875,27.0,0.010101010101010166,-0.06581948517432387,0.018931247963506027,0.0,9.465623981753015e-06,-0.046897702834799604,0.018921782339524268,0,0.018931247963506027,-0.0,-9.465623981753015e-06,0.018921782339524275,False
510050,大盘蓝筹/金融权重,S1_ATM_100_Monthly,2022-07-29,2022-08-24,2.828,2.746,2.85,0.0501,1.0,1,0,selected,not_used,0.19389466605186464,0.6190476190476191,normal_iv,valid,334.0,0.12485131112202899,0.06904335492983565,1.0,,close,10004344.SH,0.46169649796753187,0.19413069572448732,26.0,0.007779349363507881,-0.028995756718528946,0.017715700141442716,0.0,8.857850070721358e-06,-0.011288914427156951,0.017706842291371996,0,0.017715700141442716,-0.0,-8.857850070721358e-06,0.017706842291371996,False
510050,大盘蓝筹/金融权重,S1_ATM_100_Monthly,2022-08-31,2022-09-28,2.801,2.651,2.8,0.0545,1.0,1,0,selected,not_used,0.16335385689735413,0.15476190476190477,low_iv,valid,351.0,0.1503886756532389,0.01296518124411522,1.0,,close,10004025.SH,0.5254974496223166,0.16757616548538207,28.0,-0.00035701535166021703,-0.05355230274901833,0.019457336665476613,0.0,9.728668332738307e-06,-0.034104694751874456,0.019447607997143873,0,0.019457336665476613,-0.0,-9.728668332738307e-06,0.019447607997143877,False
510050,大盘蓝筹/金融权重,S1_ATM_100_Monthly,2022-09-30,2022-10-26,2.65,2.439,2.65,0.0503,1.0,1,0,selected,not_used,0.16750464134216306,0.21825396825396826,low_iv,valid,371.0,0.13469155734673083,0.03281308399543223,1.0,,close,10004459.SH,0.5215342449988527,0.1716339685440063,26.0,0.0,-0.0796226415094339,0.018981132075471696,0.0,9.490566037735849e-06,-0.06065099999999995,0.018971641509433958,0,0.018981132075471696,-0.0,-9.490566037735849e-06,0.01897164150943396,False
510050,大盘蓝筹/金融权重,S1_ATM_100_Monthly,2022-10-31,2022-11-23,2.333,2.575,2.35,0.052,1.0,1,0,selected,not_used,0.2534623566627503,0.9761904761904762,high_iv,valid,387.0,0.20679345630262672,0.04666890036012358,1.0,,close,10004649.SH,0.4745463523729749,0.2507587440490723,23.0,0.0072867552507500655,0.10372910415773681,0.02228889841405915,0.09644234890698675,1.1144449207029574e-05,0.029564509215602185,-0.07416459494213462,1,0.02228889841405915,-0.09644234890698675,-1.1144449207029574e-05,-0.07416459494213462,False
510050,大盘蓝筹/金融权重,S1_ATM_100_Monthly,2022-11-30,2022-12-28,2.645,2.649,2.662,0.045,1.0,1,0,selected,not_used,0.23845659141540523,0.9563492063492064,high_iv,valid,403.0,0.25548531692402526,-0.01702872550862003,1.0,,close,10004241.SH,0.46953207668088975,0.17478103084564206,28.0,0.006427221172022657,0.0015122873345935742,0.017013232514177693,0.0,8.506616257088846e-06,0.018517013232514177,0.017004725897920604,0,0.017013232514177693,-0.0,-8.506616257088846e-06,0.017004725897920604,False
510050,大盘蓝筹/金融权重,S1_ATM_100_Monthly,2022-12-30,2023-01-30,2.649,2.849,2.65,0.0545,1.0,1,0,selected,not_used,0.16094110913276674,0.11507936507936507,low_iv,valid,420.0,0.1531339152213846,0.007807193911382154,1.0,,close,10004864.SH,0.5205069173223962,0.17134787197113038,31.0,0.0003775009437523291,0.07550018875047194,0.020573801434503585,0.07512268780671963,1.0286900717251794e-05,0.02094101547753865,-0.05455917327293329,1,0.020573801434503585,-0.07512268780671963,-1.0286900717251794e-05,-0.05455917327293329,False
510050,大盘蓝筹/金融权重,S1_ATM_100_Monthly,2023-01-31,2023-02-22,2.819,2.775,2.8,0.0653,1.0,1,0,selected,not_used,0.17979725742340089,0.376984126984127,normal_iv,valid,436.0,0.12518078477850866,0.05461647264489222,1.0,,close,10004946.SH,0.5757581702304172,0.19408301296234132,22.0,-0.006739978715856743,-0.015608371763036552,0.02316424263923377,0.0,1.1582121319616886e-05,0.007544288754877603,0.023152660517914155,0,0.02316424263923377,-0.0,-1.1582121319616886e-05,0.023152660517914155,False
510050,大盘蓝筹/金融权重,S1_ATM_100_Monthly,2023-02-28,2023-03-22,2.746,2.656,2.75,0.0492,1.0,1,0,selected,not_used,0.1741826121807098,0.2777777777777778,low_iv,valid,455.0,0.16589150077790427,0.008291111402805529,1.0,,close,10004884.SH,0.5068136095377666,0.18419837636947628,22.0,0.0014566642388929019,-0.03277494537509099,0.017916970138383104,0.0,8.958485069191551e-06,-0.01486693372177708,0.01790801165331391,0,0.017916970138383104,-0.0,-8.958485069191551e-06,0.01790801165331391,False
510050,大盘蓝筹/金融权重,S1_ATM_100_Monthly,2023-03-31,2023-04-26,2.669,2.619,2.65,0.0591,1.0,1,0,selected,not_used,0.15699536056518554,0.03968253968253968,low_iv,valid,472.0,0.12206600901186267,0.03492935155332287,1.0,,close,10005184.SH,0.5855243945545727,0.16553057498931883,26.0,-0.007118771075309116,-0.01873360809291863,0.0221431247658299,0.0,1.1071562382914949e-05,0.0033984451105283546,0.022132053203446984,0,0.0221431247658299,-0.0,-1.1071562382914949e-05,0.022132053203446984,False
510050,大盘蓝筹/金融权重,S1_ATM_100_Monthly,2023-04-28,2023-05-24,2.68,2.577,2.7,0.0331,1.0,1,0,selected,not_used,0.1381034502029419,0.003968253968253968,low_iv,valid,490.0,0.13857090481168818,-0.00046745460874628164,1.0,,close,10005266.SH,0.44452200529377456,0.14209926567077638,26.0,0.00746268656716409,-0.03843283582089559,0.012350746268656714,0.0,6.175373134328358e-06,-0.02608826492537321,0.012344570895522385,0,0.012350746268656714,-0.0,-6.175373134328358e-06,0.012344570895522386,False
510050,大盘蓝筹/金融权重,S1_ATM_100_Monthly,2023-05-31,2023-06-28,2.5,2.55,2.5,0.052,1.0,1,0,selected,not_used,0.16802438344955442,0.23809523809523808,low_iv,valid,504.0,0.1513635774575887,0.016660805991965733,1.0,,close,10004897.SH,0.5221931425993646,0.18138032512664792,28.0,0.0,0.019999999999999928,0.0208,0.019999999999999928,1.0399999999999999e-05,0.0207896,0.0007896000000000708,1,0.0208,-0.019999999999999928,-1.0399999999999999e-05,0.0007896000000000715,False
510050,大盘蓝筹/金融权重,S1_ATM_100_Monthly,2023-06-30,2023-07-26,2.542,2.652,2.55,0.0395,1.0,1,0,selected,not_used,0.14494115829467774,0.01984126984126984,low_iv,valid,523.0,0.1288815341669179,0.016059624127759853,1.0,,close,10005402.SH,0.4914886557593905,0.1537529327392578,26.0,0.0031471282454760274,0.04327301337529517,0.015538945712037767,0.04012588512981917,7.769472856018883e-06,0.018678304484657748,-0.02459470889063742,1,0.015538945712037767,-0.04012588512981917,-7.769472856018883e-06,-0.02459470889063742,False
510050,大盘蓝筹/金融权重,S1_ATM_100_Monthly,2023-07-31,2023-08-23,2.731,2.535,2.75,0.0431,1.0,1,0,selected,not_used,0.1770459620475769,0.49603174603174605,normal_iv,valid,543.0,0.17231121638800082,0.004734745659576073,1.0,,close,10005651.SH,0.460312790374758,0.1840982425689697,23.0,0.00695715854998169,-0.07176858293665314,0.01578176492127426,0.0,7.890882460637128e-06,-0.05599470889783952,0.01577387403881362,0,0.01578176492127426,-0.0,-7.890882460637128e-06,0.015773874038813623,False
510050,大盘蓝筹/金融权重,S1_ATM_100_Monthly,2023-08-31,2023-09-27,2.59,2.604,2.6,0.0467,1.0,1,0,selected,not_used,0.17430658736228943,0.49206349206349204,normal_iv,valid,560.0,0.13394606830404995,0.04036051905823948,1.0,,close,10005159.SH,0.48988311363009746,0.17672171926498415,27.0,0.0038610038610038533,0.005405405405405496,0.01803088803088803,0.001544401544401546,9.015444015444015e-06,0.021882876447876537,0.01647747104247104,1,0.01803088803088803,-0.001544401544401546,-9.015444015444015e-06,0.01647747104247104,False
510050,大盘蓝筹/金融权重,S1_ATM_100_Monthly,2023-09-28,2023-10-25,2.583,2.461,2.6,0.0393,1.0,1,0,selected,not_used,0.15566501150131223,0.21428571428571427,low_iv,valid,579.0,0.14555069599504122,0.01011431550627101,1.0,,close,10005918.SH,0.46291649546439184,0.16222139129638669,27.0,0.006581494386372455,-0.0472319008904376,0.015214866434378629,0.0,7.607433217189314e-06,-0.03202464188927616,0.01520725900116144,0,0.015214866434378629,-0.0,-7.607433217189314e-06,0.01520725900116144,False
510050,大盘蓝筹/金融权重,S1_ATM_100_Monthly,2023-10-31,2023-11-22,2.488,2.471,2.5,0.0337,1.0,1,0,selected,not_used,0.14776874608993532,0.09523809523809523,low_iv,valid,596.0,0.13345872558902658,0.014310020500908738,1.0,,close,10006027.SH,0.470039835249188,0.15577468185424803,22.0,0.004823151125401992,-0.006832797427652694,0.013545016077170418,0.0,6.772508038585209e-06,0.006705446141479138,0.013538243569131832,0,0.013545016077170418,-0.0,-6.772508038585209e-06,0.013538243569131832,False
510050,大盘蓝筹/金融权重,S1_ATM_100_Monthly,2023-11-30,2023-12-27,2.401,2.302,2.4,0.0421,1.0,1,0,selected,not_used,0.14584236249923704,0.09523809523809523,low_iv,valid,612.0,0.12185948871989757,0.02398287377933947,1.0,,close,10006368.SH,0.5264670456065399,0.15286603336334226,27.0,-0.0004164931278632933,-0.041232819658475535,0.01753436068304873,0.0,8.767180341524365e-06,-0.023707226155768327,0.017525593502707208,0,0.01753436068304873,-0.0,-8.767180341524365e-06,0.017525593502707208,False
510050,大盘蓝筹/金融权重,S1_ATM_100_Monthly,2023-12-29,2024-01-24,2.355,2.295,2.35,0.0434,1.0,1,0,selected,not_used,0.1502387131690979,0.1984126984126984,low_iv,valid,632.0,0.1481907172204882,0.0020479959486096877,1.0,,close,10006385.SH,0.542214530811805,0.15616568050384522,26.0,-0.002123142250530785,-0.02547770700636945,0.01842887473460722,0.0,9.21443736730361e-06,-0.007058046709129532,0.018419660297239918,0,0.01842887473460722,-0.0,-9.21443736730361e-06,0.018419660297239918,False
510050,大盘蓝筹/金融权重,S1_ATM_100_Monthly,2024-01-31,2024-02-28,2.292,2.424,2.3,0.0453,1.0,1,0,selected,not_used,0.19180377693176268,0.9206349206349206,high_iv,valid,648.0,0.17114050151196503,0.02066327541979765,1.0,,close,10006505.SH,0.49536593538480866,0.18740742626190182,28.0,0.003490401396160525,0.05759162303664927,0.019764397905759165,0.05410122164048871,9.882198952879583e-06,0.023244917102966837,-0.03434670593368243,1,0.019764397905759165,-0.05410122164048871,-9.882198952879583e-06,-0.03434670593368242,False
510050,大盘蓝筹/金融权重,S1_ATM_100_Monthly,2024-02-29,2024-03-27,2.444,2.433,2.45,0.0474,1.0,1,0,selected,not_used,0.18165688514709472,0.8293650793650794,high_iv,valid,663.0,0.18113605186882079,0.00052083327827393,1.0,,close,10006405.SH,0.5021450560836823,0.1831255142211914,27.0,0.002454991816694063,-0.004500818330605614,0.01939443535188216,0.0,9.69721767594108e-06,0.014883919803600605,0.01938473813420622,0,0.01939443535188216,-0.0,-9.69721767594108e-06,0.019384738134206218,False
510050,大盘蓝筹/金融权重,S1_ATM_100_Monthly,2024-03-29,2024-04-24,2.449,2.457,2.45,0.0357,1.0,1,0,selected,not_used,0.1367421073436737,0.015873015873015872,low_iv,valid,683.0,0.084829907090563,0.051912200253110705,1.0,,close,10006920.SH,0.5185251340512517,0.13215740976333618,26.0,0.00040832993058415035,0.0032666394446712976,0.014577378521845654,0.002858309514087249,7.288689260922826e-06,0.01497841976316878,0.011711780318497482,1,0.014577378521845654,-0.002858309514087249,-7.288689260922826e-06,0.011711780318497482,False
510050,大盘蓝筹/金融权重,S1_ATM_100_Monthly,2024-04-30,2024-05-22,2.5,2.563,2.5,0.0351,1.0,1,0,selected,not_used,0.13292987051010136,0.011904761904761904,low_iv,valid,703.0,0.1211434827772391,0.011786387732862252,1.0,,close,10007040.SH,0.5209868207553832,0.13719747772216798,22.0,0.0,0.025200000000000066,0.01404,0.025200000000000066,7.02e-06,0.01403298,-0.011167020000000066,1,0.01404,-0.025200000000000066,-7.02e-06,-0.011167020000000066,False
510050,大盘蓝筹/金融权重,S1_ATM_100_Monthly,2024-05-31,2024-06-26,2.499,2.441,2.5,0.0363,1.0,1,0,selected,not_used,0.12609931483268738,0.003968253968253968,low_iv,valid,718.0,0.111132076842584,0.014967237990103383,1.0,,close,10006424.SH,0.5186356330781772,0.13163289937973022,26.0,0.0004001600640255454,-0.023209283713485504,0.01452581032412965,0.0,7.262905162064826e-06,-0.008690736294517918,0.014518547418967586,0,0.01452581032412965,-0.0,-7.262905162064826e-06,0.014518547418967586,False
510050,大盘蓝筹/金融权重,S1_ATM_100_Monthly,2024-06-28,2024-07-24,2.441,2.474,2.45,0.0287,1.0,1,0,selected,not_used,0.11672488379478455,0.003968253968253968,low_iv,valid,736.0,0.0674691629417337,0.04925572085305084,1.0,,close,10007335.SH,0.47847572636659774,0.12060387649536133,26.0,0.0036870135190496534,0.013519049569848573,0.011757476444080296,0.009832036050798862,5.878738222040148e-06,0.015438611224907967,0.001919561655059394,1,0.011757476444080296,-0.009832036050798862,-5.878738222040148e-06,0.0019195616550593938,False
510050,大盘蓝筹/金融权重,S1_ATM_100_Monthly,2024-07-31,2024-08-28,2.463,2.427,2.45,0.0442,1.0,1,0,selected,not_used,0.1270362811088562,0.07539682539682539,low_iv,valid,753.0,0.1231614251937387,0.003874855915117506,1.0,,close,10007455.SH,0.582355455303824,0.12974943027496338,28.0,-0.005278116118554554,-0.014616321559074313,0.01794559480308567,0.0,8.972797401542835e-06,0.0033203004466098142,0.017936622005684126,0,0.01794559480308567,-0.0,-8.972797401542835e-06,0.017936622005684126,False
510050,大盘蓝筹/金融权重,S1_ATM_100_Monthly,2024-08-30,2024-09-25,2.429,2.48,2.45,0.0208,1.0,1,0,selected,not_used,0.11415478291511534,0.015873015873015872,low_iv,valid,774.0,0.09118114782631939,0.02297363508879595,1.0,,close,10006736.SH,0.4096016260465064,0.11061433782577512,26.0,0.008645533141210526,0.020996294771510975,0.008563194730341705,0.012350761630300456,4.281597365170853e-06,0.017204446274187053,-0.003791848497323922,1,0.008563194730341705,-0.012350761630300456,-4.281597365170853e-06,-0.0037918484973239216,False
510050,大盘蓝筹/金融权重,S1_ATM_100_Monthly,2024-09-30,2024-10-23,2.909,2.817,2.9,0.1492,1.0,1,0,selected,not_used,0.436084951543808,1.0,high_iv,valid,792.0,0.3820969618621534,0.05398798968165458,1.0,,close,10007982.SH,0.5386445271658875,0.49150901012420656,23.0,-0.003093846682708845,-0.03162598831213463,0.05128910278446202,0.0,2.5644551392231008e-05,0.019637469920935156,0.051263458233069784,0,0.05128910278446202,-0.0,-2.5644551392231008e-05,0.05126345823306979,False
510050,大盘蓝筹/金融权重,S1_ATM_100_Monthly,2024-10-31,2024-11-27,2.741,2.729,2.75,0.082,1.0,1,0,selected,not_used,0.2771320797920227,0.9841269841269841,high_iv,valid,806.0,0.45477551150434675,-0.17764343171232405,1.0,,close,10007955.SH,0.5060955118218128,0.28374567890167235,27.0,0.0032834731849689103,-0.004377964246625323,0.02991608901860635,0.0,1.4958044509303174e-05,0.02552316672747172,0.029901130974097044,0,0.02991608901860635,-0.0,-1.4958044509303174e-05,0.029901130974097044,False
510050,大盘蓝筹/金融权重,S1_ATM_100_Monthly,2024-11-29,2024-12-25,2.732,2.764,2.744,0.034,1.0,1,0,selected,not_used,0.22541535596847534,0.8888888888888888,high_iv,valid,826.0,0.2271097786701619,-0.001694422701686571,1.0,,close,10007959.SH,0.47297162438925006,0.13013566064834597,26.0,0.004392386530014614,0.011713030746705558,0.012445095168374817,0.007320644216690912,6.222547584187409e-06,0.016831259150805276,0.005118228404099718,1,0.012445095168374817,-0.007320644216690912,-6.222547584187409e-06,0.005118228404099718,False
510050,大盘蓝筹/金融权重,S1_ATM_100_Monthly,2024-12-31,2025-01-22,2.738,2.607,2.744,0.0425,1.0,1,0,selected,not_used,0.16805776138305661,0.6428571428571429,normal_iv,valid,847.0,0.1407591805560349,0.027298580827021718,1.0,,close,10008396.SH,0.4982196495342641,0.163384850692749,22.0,0.002191380569759094,-0.047845142439736955,0.015522279035792551,0.0,7.761139517896275e-06,-0.032330624543462305,0.01551451789627465,0,0.015522279035792551,-0.0,-7.761139517896275e-06,0.015514517896274655,False
510050,大盘蓝筹/金融权重,S1_ATM_100_Monthly,2025-01-27,2025-02-26,2.643,2.726,2.65,0.0417,1.0,1,0,selected,not_used,0.1666248943805695,0.5833333333333334,normal_iv,valid,859.0,0.14608263802497937,0.02054225635559012,1.0,,close,10008575.SH,0.49833763329544833,0.142223240852356,30.0,0.0026485054861900004,0.03140370790768074,0.015777525539160047,0.02875520242149076,7.888762769580023e-06,0.01841814226258045,-0.01298556564510029,1,0.015777525539160047,-0.02875520242149076,-7.888762769580023e-06,-0.012985565645100292,False
510050,大盘蓝筹/金融权重,S1_ATM_100_Monthly,2025-02-28,2025-03-26,2.705,2.736,2.7,0.0479,1.0,1,0,selected,not_used,0.15672356882095337,0.5158730158730159,normal_iv,valid,876.0,0.117211556255189,0.039512012565764365,1.0,,close,10008527.SH,0.5404328117619471,0.15071554079055788,26.0,-0.001848428835489746,0.01146025878003702,0.017707948243992605,0.013308687615526813,8.853974121996303e-06,0.015850665434380816,0.004390406654343796,1,0.017707948243992605,-0.013308687615526813,-8.853974121996303e-06,0.004390406654343796,False
510050,大盘蓝筹/金融权重,S1_ATM_100_Monthly,2025-03-31,2025-04-23,2.725,2.708,2.7,0.0548,1.0,1,0,selected,not_used,0.14142217044830324,0.38095238095238093,normal_iv,valid,896.0,0.15261693061895631,-0.011194760170653073,1.0,,close,10008934.SH,0.6212568563651204,0.14353928508758546,23.0,-0.00917431192660545,-0.006238532110091708,0.020110091743119268,0.002935779816513764,1.0055045871559634e-05,0.010925724770642235,0.017164256880733943,1,0.020110091743119268,-0.002935779816513764,-1.0055045871559634e-05,0.017164256880733947,False
510050,大盘蓝筹/金融权重,S1_ATM_100_Monthly,2025-04-30,2025-05-28,2.693,2.747,2.7,0.0383,1.0,1,0,selected,not_used,0.1442211485862732,0.4523809523809524,normal_iv,valid,912.0,0.22428793489307208,-0.08006678630679889,1.0,,close,10009054.SH,0.4959065605004643,0.13340192985534666,28.0,0.0025993316004455647,0.020051986632008845,0.01422205718529521,0.017452655031563204,7.1110285926476055e-06,0.016814277757148204,-0.003237708874860641,1,0.01422205718529521,-0.017452655031563204,-7.1110285926476055e-06,-0.0032377088748606424,False
510050,大盘蓝筹/金融权重,S1_ATM_100_Monthly,2025-05-30,2025-06-25,2.749,2.832,2.75,0.0359,1.0,1,0,selected,not_used,0.12624713139533997,0.15079365079365079,low_iv,valid,930.0,0.09959633337441175,0.02665079802092822,1.0,,close,10008546.SH,0.5197335985700099,0.11767138662338256,26.0,0.00036376864314302537,0.030192797380865673,0.013059294288832303,0.02982902873772275,6.529647144416152e-06,0.01341653328483081,-0.016776264096034863,1,0.013059294288832303,-0.02982902873772275,-6.529647144416152e-06,-0.016776264096034863,False
510050,大盘蓝筹/金融权重,S1_ATM_100_Monthly,2025-06-30,2025-07-23,2.807,2.921,2.8,0.0389,1.0,1,0,selected,not_used,0.12258509526252748,0.0992063492063492,low_iv,valid,949.0,0.09349368839779677,0.029091406864730704,1.0,,close,10009328.SH,0.5559713268083919,0.11894451637268066,23.0,-0.0024937655860349794,0.04061275382971139,0.013858211613822585,0.04310651941574635,6.929105806911293e-06,0.011357516921980716,-0.029255236907730676,1,0.013858211613822585,-0.04310651941574635,-6.929105806911293e-06,-0.029255236907730676,False
510050,大盘蓝筹/金融权重,S1_ATM_100_Monthly,2025-07-31,2025-08-27,2.899,3.051,2.9,0.0476,1.0,1,0,selected,not_used,0.14834093923568725,0.5753968253968254,normal_iv,valid,966.0,0.088445308202697,0.059895631032990254,1.0,,close,10009514.SH,0.5193086692502074,0.14613322734832762,27.0,0.0003449465332872048,0.052431873059675796,0.016419454984477406,0.052086926526388494,8.209727492238704e-06,0.016756191790272466,-0.035675681269403334,1,0.016419454984477406,-0.052086926526388494,-8.209727492238704e-06,-0.035675681269403334,False
510050,大盘蓝筹/金融权重,S1_ATM_100_Monthly,2025-08-29,2025-09-24,3.112,3.072,3.1,0.0828,1.0,1,0,selected,not_used,0.22094509701728823,0.8452380952380952,high_iv,valid,986.0,0.15268669301267807,0.06825840400461017,1.0,,close,10009495.SH,0.5470129412178888,0.2248765407562256,26.0,-0.003856041131105381,-0.012853470437018006,0.02660668380462725,0.0,1.3303341902313625e-05,0.01373991002570693,0.026593380462724935,0,0.02660668380462725,-0.0,-1.3303341902313625e-05,0.026593380462724935,False
510050,大盘蓝筹/金融权重,S1_ATM_100_Monthly,2025-09-30,2025-10-22,3.126,3.148,3.1,0.0613,1.0,1,0,selected,not_used,0.1500479821205139,0.45634920634920634,normal_iv,valid,1007.0,0.13460411049047669,0.015443871630037215,1.0,,close,10009893.SH,0.611188229164702,0.14727284536361696,22.0,-0.008317338451695355,0.0070377479206654645,0.01960972488803583,0.015355086372360858,9.804862444017914e-06,0.01128258157389642,0.004244833653230955,1,0.01960972488803583,-0.015355086372360858,-9.804862444017914e-06,0.004244833653230955,False
510050,大盘蓝筹/金融权重,S1_ATM_100_Monthly,2025-10-31,2025-11-26,3.16,3.114,3.2,0.0362,1.0,1,0,selected,not_used,0.1527468264579773,0.4365079365079365,normal_iv,valid,1022.0,0.136055525000346,0.016691301457631286,1.0,,close,10010070.SH,0.4007785841686536,0.1537338596343994,26.0,0.012658227848101333,-0.014556962025316538,0.011455696202531646,0.0,5.727848101265824e-06,-0.003106993670886159,0.011449968354430379,0,0.011455696202531646,-0.0,-5.727848101265824e-06,0.01144996835443038,False
510050,大盘蓝筹/金融权重,S1_ATM_100_Monthly,2025-11-28,2025-12-24,3.113,3.099,3.117,0.0121,1.0,1,0,selected,not_used,0.16688714957237247,0.5396825396825397,normal_iv,valid,1041.0,0.10811104298457064,0.05877610658780183,1.0,,close,10009623.SH,0.5077689697450587,0.03584299850463866,26.0,0.0012849341471250497,-0.004497269514937292,0.0038869257950530033,0.0,1.943462897526502e-06,-0.0006122871827818156,0.0038849823321554767,0,0.0038869257950530033,-0.0,-1.943462897526502e-06,0.0038849823321554767,False
510050,大盘蓝筹/金融权重,S1_ATM_100_Monthly,2025-12-31,2026-01-28,3.105,3.138,3.1,0.0452,1.0,1,0,selected,not_used,0.12618991208076474,0.09523809523809523,low_iv,valid,1058.0,0.09009711214650622,0.036092799934258527,1.0,,close,10010566.SH,0.545049205985267,0.1171707176208496,28.0,-0.0016103059581320522,0.01062801932367147,0.014557165861513687,0.012238325281803483,7.278582930756844e-06,0.012939581320450918,0.0023115619967794473,1,0.014557165861513687,-0.012238325281803483,-7.278582930756844e-06,0.0023115619967794473,False
510050,大盘蓝筹/金融权重,S1_ATM_100_Monthly,2026-01-30,2026-02-25,3.147,3.134,3.1,0.0836,1.0,1,0,selected,not_used,0.15795378408432004,0.5555555555555556,normal_iv,valid,1077.0,0.15391437483117013,0.0040394092531499115,1.0,,close,10010631.SH,0.6558549429723927,0.16264099960327144,26.0,-0.01493485859548771,-0.004130918334922117,0.026564982523037812,0.010803940260565558,1.3282491261518907e-05,0.011616841436288616,0.015747759771210734,1,0.026564982523037812,-0.010803940260565558,-1.3282491261518907e-05,0.015747759771210738,False
510050,大盘蓝筹/金融权重,S1_ATM_100_Monthly,2026-02-27,2026-03-25,3.123,2.93,3.117,0.0456,1.0,1,0,selected,not_used,0.12165766553878785,0.03968253968253968,low_iv,valid,1090.0,0.1619538190124928,-0.040296153473704965,1.0,,close,10009641.SH,0.5476848538720591,0.1209948751449585,26.0,-0.0019212295869357465,-0.061799551713096396,0.014601344860710854,0.0,7.300672430355427e-06,-0.0472055075248159,0.014594044188280496,0,0.014601344860710854,-0.0,-7.300672430355427e-06,0.014594044188280498,False
510050,大盘蓝筹/金融权重,S1_ATM_100_Monthly,2026-03-31,2026-04-22,2.902,3.005,2.9,0.0471,1.0,1,0,selected,not_used,0.16358273415565489,0.7182539682539683,high_iv,valid,1111.0,0.1558062747095585,0.007776459446096395,1.0,,close,10011104.SH,0.5273552310760742,0.156013095664978,22.0,-0.000689179875947743,0.035492763611302464,0.016230186078566505,0.036181943487250165,8.115093039283254e-06,0.015532891109579523,-0.01995987250172294,1,0.016230186078566505,-0.036181943487250165,-8.115093039283254e-06,-0.019959872501722944,False
510050,大盘蓝筹/金融权重,S1_ATM_100_Monthly,2026-04-30,2026-05-27,3.062,3.008,3.1,0.026,1.0,1,0,selected,not_used,0.12588951067924503,0.09523809523809523,low_iv,valid,1127.0,0.12957288383826854,-0.0036833731590235064,1.0,,close,10011297.SH,0.37738187022254854,0.12135249586105348,27.0,0.012410189418680773,-0.017635532331809218,0.008491182233834096,0.0,4.245591116917048e-06,-0.00914859568909204,0.008486936642717179,0,0.008491182233834096,-0.0,-4.245591116917048e-06,0.008486936642717179,False
510050,大盘蓝筹/金融权重,S1_ATM_100_Monthly,2026-05-29,2026-06-03,2.997,2.996,3.0,0.0498,1.0,1,0,selected,not_used,0.16189714851379394,0.7222222222222222,high_iv,valid,1144.0,0.14570994030060017,0.016187208213193777,1.0,,close,10010601.SH,0.5123164271005729,0.15410578517913814,26.0,0.0010010010010010895,-0.00033366700033363026,0.016616616616616616,0.0,8.308308308308309e-06,0.016274641307974676,0.016608308308308308,0,0.016616616616616616,-0.0,-8.308308308308309e-06,0.016608308308308308,False
510050,大盘蓝筹/金融权重,S4_OTM5_100_Monthly,2021-01-29,2021-02-24,3.704,3.788,3.9,0.0293,1.0,1,0,selected,not_used,0.22248286609649656,,warmup_invalid,warmup,19.0,0.2332334850670202,-0.010750618970523651,0.0,,close,10003053.SH,0.22351106389224856,0.2371834616661072,26.0,0.05291576673866083,0.022678185745140286,0.00791036717062635,0.0,3.955183585313175e-06,0.03058459773218132,0.007906411987041034,0,0.00791036717062635,-0.0,-3.955183585313175e-06,0.007906411987041036,False
510050,大盘蓝筹/金融权重,S4_OTM5_100_Monthly,2021-02-26,2021-03-24,3.743,3.454,3.9,0.0433,1.0,1,0,selected,not_used,0.24173954958915714,,warmup_invalid,warmup,33.0,0.2500211319087956,-0.008281582319638464,0.0,,close,10002993.SH,0.2872520890827535,0.24986707639694217,26.0,0.04194496393267433,-0.07721079348116476,0.011568260753406358,0.0,5.78413037670318e-06,-0.0656483168581351,0.011562476623029658,0,0.011568260753406358,-0.0,-5.78413037670318e-06,0.011562476623029656,False
510050,大盘蓝筹/金融权重,S4_OTM5_100_Monthly,2021-03-31,2021-04-28,3.527,3.467,3.7,0.0153,1.0,1,0,selected,not_used,0.17938718566894532,,warmup_invalid,warmup,50.0,0.24053123006390326,-0.061144044394957936,0.0,,close,10003266.SH,0.1725853395379186,0.17289279346466063,28.0,0.049050184292599885,-0.017011624610150284,0.004337964275588318,0.0,2.1689821377941593e-06,-0.01267582931669976,0.004335795293450524,0,0.004337964275588318,-0.0,-2.1689821377941593e-06,0.004335795293450524,False
510050,大盘蓝筹/金融权重,S4_OTM5_100_Monthly,2021-04-30,2021-05-26,3.482,3.648,3.7,0.009,1.0,1,0,selected,not_used,0.17242550239562987,,warmup_invalid,warmup,70.0,0.15128196613995787,0.021143536255672002,0.0,,close,10003331.SH,0.11304010928519947,0.17997845191955564,26.0,0.06260769672601962,0.04767375071797815,0.0025847214244686958,0.0,1.292360712234348e-06,0.05025717978173461,0.0025834290637564566,0,0.0025847214244686958,-0.0,-1.292360712234348e-06,0.0025834290637564614,False
510050,大盘蓝筹/金融权重,S4_OTM5_100_Monthly,2021-05-31,2021-06-23,3.639,3.469,3.8,0.0324,1.0,1,0,selected,not_used,0.21529945797920227,,warmup_invalid,warmup,87.0,0.21257657792561604,0.0027228800535862296,0.0,,close,10003010.SH,0.25317943366844475,0.24100285091400148,23.0,0.04424292388018691,-0.04671613080516624,0.008903544929925804,0.0,4.451772464962902e-06,-0.0378170376477054,0.00889909315746084,0,0.008903544929925804,-0.0,-4.451772464962902e-06,0.008899093157460842,False
510050,大盘蓝筹/金融权重,S4_OTM5_100_Monthly,2021-06-30,2021-07-28,3.515,3.183,3.7,0.0184,1.0,1,0,selected,not_used,0.16354458794593812,,warmup_invalid,warmup,102.0,0.11822929669668861,0.04531529124924952,0.0,,close,10003420.SH,0.1836097522135633,0.19349174671173097,28.0,0.05263157894736836,-0.09445234708392611,0.005234708392603129,0.0,2.6173541963015645e-06,-0.08922025604551928,0.0052320910384068275,0,0.005234708392603129,-0.0,-2.6173541963015645e-06,0.0052320910384068275,False
510050,大盘蓝筹/金融权重,S4_OTM5_100_Monthly,2021-07-30,2021-08-25,3.163,3.197,3.3,0.0192,1.0,1,0,selected,not_used,0.18831816701889037,,warmup_invalid,warmup,123.0,0.22475373594455714,-0.03643556892566677,0.0,,close,10003463.SH,0.21586649732555846,0.1892002981185913,26.0,0.04331331014859319,0.010749288650015888,0.006070186531773632,0.0,3.0350932658868164e-06,0.016816440088523635,0.006067151438507747,0,0.006070186531773632,-0.0,-3.0350932658868164e-06,0.0060671514385077455,False
510050,大盘蓝筹/金融权重,S4_OTM5_100_Monthly,2021-08-31,2021-09-22,3.138,3.158,3.3,0.0136,1.0,1,0,selected,not_used,0.1938255260467529,,warmup_invalid,warmup,144.0,0.19902519014959427,-0.005199664102841367,0.0,,close,10003241.SH,0.16754738506321454,0.20239888668060302,22.0,0.05162523900573612,0.006373486297004467,0.004333970681963033,0.0,2.166985340981517e-06,0.01070528999362652,0.004331803696622052,0,0.004333970681963033,-0.0,-2.166985340981517e-06,0.004331803696622052,False
510050,大盘蓝筹/金融权重,S4_OTM5_100_Monthly,2021-09-30,2021-10-27,3.231,3.287,3.4,0.0168,1.0,1,0,selected,not_used,0.2002317051410675,,warmup_invalid,warmup,158.0,0.1731821697846142,0.027049535356453297,0.0,,close,10003587.SH,0.1834432761576804,0.19593310413360598,27.0,0.05230578768183225,0.017332095326524313,0.005199628597957288,0.0,2.599814298978644e-06,0.022529124110182625,0.005197028783658311,0,0.005199628597957288,-0.0,-2.599814298978644e-06,0.0051970287836583095,False
510050,大盘蓝筹/金融权重,S4_OTM5_100_Monthly,2021-10-29,2021-11-24,3.304,3.273,3.5,0.0094,1.0,1,0,selected,not_used,0.1743566542625427,,warmup_invalid,warmup,173.0,0.1538994570068667,0.02045719725567602,0.0,,close,10003630.SH,0.12336719826363562,0.1781474338531494,26.0,0.05932203389830515,-0.009382566585956325,0.002845036319612591,0.0,1.4225181598062954e-06,-0.00653895278450354,0.0028436138014527853,0,0.002845036319612591,-0.0,-1.4225181598062954e-06,0.002843613801452785,False
510050,大盘蓝筹/金融权重,S4_OTM5_100_Monthly,2021-11-30,2021-12-22,3.164,3.244,3.3,0.0116,1.0,1,0,selected,not_used,0.1645816880226135,,warmup_invalid,warmup,194.0,0.1307042002679788,0.0338774877546347,0.0,,close,10003752.SH,0.16831521786275744,0.16962175598144533,22.0,0.04298356510745882,0.025284450063211148,0.003666245259165613,0.0,1.8331226295828064e-06,0.02894886219974718,0.0036644121365360313,0,0.003666245259165613,-0.0,-1.8331226295828064e-06,0.00366441213653603,False
510050,大盘蓝筹/金融权重,S4_OTM5_100_Monthly,2021-12-31,2022-01-26,3.256,3.144,3.4,0.0183,1.0,1,0,selected,not_used,0.15782504062652586,,warmup_invalid,warmup,211.0,0.1417255794419797,0.016099461184546165,0.0,,close,10003771.SH,0.2062059642396401,0.18569561510086058,26.0,0.04422604422604426,-0.034398034398034294,0.005620393120393121,0.0,2.8101965601965604e-06,-0.02878045147420137,0.005617582923832923,0,0.005620393120393121,-0.0,-2.8101965601965604e-06,0.0056175829238329245,False
510050,大盘蓝筹/金融权重,S4_OTM5_100_Monthly,2022-01-28,2022-02-23,3.036,3.1,3.2,0.0189,1.0,1,0,selected,not_used,0.2287269237995148,,warmup_invalid,warmup,229.0,0.16786023315613388,0.060866690643380905,0.0,,close,10003845.SH,0.19757478558608926,0.21807697887420657,26.0,0.05401844532279321,0.02108036890645588,0.006225296442687747,0.0,3.1126482213438737e-06,0.027302552700922283,0.006222183794466402,0,0.006225296442687747,-0.0,-3.1126482213438737e-06,0.0062221837944664024,False
510050,大盘蓝筹/金融权重,S4_OTM5_100_Monthly,2022-02-28,2022-03-23,3.061,2.899,3.2,0.0115,1.0,1,0,selected,not_used,0.17262100172042844,,warmup_invalid,warmup,245.0,0.17678704209516952,-0.004166040374741081,0.0,,close,10003787.SH,0.16591518881411854,0.173245645904541,23.0,0.04540999673309387,-0.05292388108461285,0.003756942175759556,0.0,1.878471087879778e-06,-0.04916881737994117,0.003755063704671678,0,0.003756942175759556,-0.0,-1.878471087879778e-06,0.003755063704671676,False
510050,大盘蓝筹/金融权重,S4_OTM5_100_Monthly,2022-03-31,2022-04-27,2.881,2.714,3.0,0.019,1.0,1,0,selected,not_used,0.1878270345687866,0.6349206349206349,normal_iv,valid,262.0,0.33343822887758573,-0.14561119430879912,1.0,,close,10004038.SH,0.2290720282922888,0.1868543062210083,27.0,0.041305102395001736,-0.057965984033321705,0.006594932315168345,0.0,3.2974661575841725e-06,-0.05137434918431094,0.0065916348490107635,0,0.006594932315168345,-0.0,-3.2974661575841725e-06,0.006591634849010761,False
510050,大盘蓝筹/金融权重,S4_OTM5_100_Monthly,2022-04-29,2022-05-25,2.793,2.725,2.95,0.0117,1.0,1,0,selected,not_used,0.20684530425071715,0.8412698412698413,high_iv,valid,280.0,0.2627041648176504,-0.05585886056693326,1.0,,close,10004168.SH,0.15790693282160245,0.19394950122833254,26.0,0.05621195846759752,-0.0243465807375582,0.0041890440386680985,0.0,2.0945220193340494e-06,-0.020159631220909437,0.004186949516648764,0,0.0041890440386680985,-0.0,-2.0945220193340494e-06,0.004186949516648764,False
510050,大盘蓝筹/金融权重,S4_OTM5_100_Monthly,2022-05-31,2022-06-22,2.792,2.898,2.95,0.0084,1.0,1,0,selected,not_used,0.19702980766296388,0.7658730158730159,high_iv,valid,298.0,0.196213506403297,0.0008163012596668906,1.0,,close,10003802.SH,0.1305105263304066,0.19112668170928954,22.0,0.056590257879656214,0.03796561604584539,0.003008595988538682,0.0,1.5042979942693409e-06,0.04097270773638981,0.0030070916905444167,0,0.003008595988538682,-0.0,-1.5042979942693409e-06,0.003007091690544413,False
510050,大盘蓝筹/金融权重,S4_OTM5_100_Monthly,2022-06-30,2022-07-27,3.069,2.867,3.2,0.0297,1.0,1,0,selected,not_used,0.21420513858795168,0.8968253968253969,high_iv,valid,314.0,0.16578521621918438,0.0484199223687673,1.0,,close,10004329.SH,0.2662575694661295,0.22634516983032227,27.0,0.0426849136526557,-0.06581948517432387,0.00967741935483871,0.0,4.838709677419355e-06,-0.056146904529162586,0.009672580645161286,0,0.00967741935483871,-0.0,-4.838709677419355e-06,0.00967258064516129,False
510050,大盘蓝筹/金融权重,S4_OTM5_100_Monthly,2022-07-29,2022-08-24,2.828,2.746,2.95,0.0183,1.0,1,0,selected,not_used,0.19389466605186464,0.6190476190476191,normal_iv,valid,334.0,0.12485131112202899,0.06904335492983565,1.0,,close,10004346.SH,0.2227325223686898,0.19383506259918215,26.0,0.04314002828854324,-0.028995756718528946,0.006471004243281471,0.0,3.2355021216407357e-06,-0.022527987977369116,0.00646776874115983,0,0.006471004243281471,-0.0,-3.2355021216407357e-06,0.00646776874115983,False
510050,大盘蓝筹/金融权重,S4_OTM5_100_Monthly,2022-08-31,2022-09-28,2.801,2.651,2.95,0.0096,1.0,1,0,selected,not_used,0.16335385689735413,0.15476190476190477,low_iv,valid,351.0,0.1503886756532389,0.01296518124411522,1.0,,close,10003977.SH,0.14577292941494197,0.1684392234802246,28.0,0.053195287397358015,-0.05355230274901833,0.003427347375937165,0.0,1.7136736879685825e-06,-0.05012666904676913,0.0034256337022492006,0,0.003427347375937165,-0.0,-1.7136736879685825e-06,0.0034256337022491963,False
510050,大盘蓝筹/金融权重,S4_OTM5_100_Monthly,2022-09-30,2022-10-26,2.65,2.439,2.8,0.0079,1.0,1,0,selected,not_used,0.16750464134216306,0.21825396825396826,low_iv,valid,371.0,0.13469155734673083,0.03281308399543223,1.0,,close,10004462.SH,0.13010815082562255,0.17486685981750485,26.0,0.05660377358490565,-0.0796226415094339,0.0029811320754716984,0.0,1.4905660377358492e-06,-0.07664299999999995,0.0029796415094339584,0,0.0029811320754716984,-0.0,-1.4905660377358492e-06,0.0029796415094339623,False
510050,大盘蓝筹/金融权重,S4_OTM5_100_Monthly,2022-10-31,2022-11-23,2.333,2.575,2.45,0.0196,1.0,1,0,selected,not_used,0.2534623566627503,0.9761904761904762,high_iv,valid,387.0,0.20679345630262672,0.04666890036012358,1.0,,close,10004595.SH,0.23463640526055796,0.251464448928833,23.0,0.05015002143163305,0.10372910415773681,0.008401200171453065,0.053579082726103726,4.200600085726532e-06,0.05854702100300043,-0.04518208315473638,1,0.008401200171453065,-0.053579082726103726,-4.200600085726532e-06,-0.04518208315473639,False
510050,大盘蓝筹/金融权重,S4_OTM5_100_Monthly,2022-11-30,2022-12-28,2.645,2.649,2.761,0.0194,1.0,1,0,selected,not_used,0.23845659141540523,0.9563492063492064,high_iv,valid,403.0,0.25548531692402526,-0.01702872550862003,1.0,,close,10004243.SH,0.2342679202417211,0.19861287536621092,28.0,0.04385633270321354,0.0015122873345935742,0.007334593572778828,0.0,3.667296786389414e-06,0.008843213610586013,0.007330926275992439,0,0.007334593572778828,-0.0,-3.667296786389414e-06,0.007330926275992439,False
510050,大盘蓝筹/金融权重,S4_OTM5_100_Monthly,2022-12-30,2023-01-30,2.649,2.849,2.8,0.0088,1.0,1,0,selected,not_used,0.16094110913276674,0.11507936507936507,low_iv,valid,420.0,0.1531339152213846,0.007807193911382154,1.0,,close,10004867.SH,0.1382505684384197,0.1657689888000488,31.0,0.05700264250660614,0.07550018875047194,0.0033220083050207625,0.01849754624386575,1.6610041525103813e-06,0.06032298980747444,-0.015177198942997502,1,0.0033220083050207625,-0.01849754624386575,-1.6610041525103813e-06,-0.015177198942997497,False
510050,大盘蓝筹/金融权重,S4_OTM5_100_Monthly,2023-01-31,2023-02-22,2.819,2.775,2.95,0.0145,1.0,1,0,selected,not_used,0.17979725742340089,0.376984126984127,normal_iv,valid,436.0,0.12518078477850866,0.05461647264489222,1.0,,close,10004999.SH,0.19253185252987343,0.20160735282897949,22.0,0.04647037956722255,-0.015608371763036552,0.005143667967364314,0.0,2.5718339836821574e-06,-0.010467275629655921,0.005141096133380631,0,0.005143667967364314,-0.0,-2.5718339836821574e-06,0.005141096133380632,False
510050,大盘蓝筹/金融权重,S4_OTM5_100_Monthly,2023-02-28,2023-03-22,2.746,2.656,2.9,0.0091,1.0,1,0,selected,not_used,0.1741826121807098,0.2777777777777778,low_iv,valid,455.0,0.16589150077790427,0.008291111402805529,1.0,,close,10004929.SH,0.13857948750152443,0.19567561721801757,22.0,0.056081573197378054,-0.03277494537509099,0.003313911143481428,0.0,1.6569555717407139e-06,-0.029462691187181308,0.003312254187909685,0,0.003313911143481428,-0.0,-1.6569555717407139e-06,0.003312254187909687,False
510050,大盘蓝筹/金融权重,S4_OTM5_100_Monthly,2023-03-31,2023-04-26,2.669,2.619,2.8,0.0083,1.0,1,0,selected,not_used,0.15699536056518554,0.03968253968253968,low_iv,valid,472.0,0.12206600901186267,0.03492935155332287,1.0,,close,10005187.SH,0.144024646355762,0.16071461601257322,26.0,0.04908205320344683,-0.01873360809291863,0.0031097789434245036,0.0,1.5548894717122518e-06,-0.015625384038965837,0.0031082240539527933,0,0.0031097789434245036,-0.0,-1.5548894717122518e-06,0.003108224053952791,False
510050,大盘蓝筹/金融权重,S4_OTM5_100_Monthly,2023-04-28,2023-05-24,2.68,2.577,2.8,0.0073,1.0,1,0,selected,not_used,0.1381034502029419,0.003968253968253968,low_iv,valid,490.0,0.13857090481168818,-0.00046745460874628164,1.0,,close,10005268.SH,0.14060254001245415,0.14475042724609374,26.0,0.04477611940298498,-0.03843283582089559,0.002723880597014925,0.0,1.3619402985074626e-06,-0.03571031716417917,0.0027225186567164245,0,0.002723880597014925,-0.0,-1.3619402985074626e-06,0.0027225186567164175,False
510050,大盘蓝筹/金融权重,S4_OTM5_100_Monthly,2023-05-31,2023-06-28,2.5,2.55,2.613,0.0147,1.0,1,0,selected,not_used,0.16802438344955442,0.23809523809523808,low_iv,valid,504.0,0.1513635774575887,0.016660805991965733,1.0,,close,10004687.SH,0.20884420091831862,0.18430804672241208,28.0,0.04519999999999991,0.019999999999999928,0.00588,0.0,2.94e-06,0.025877059999999927,0.00587706,0,0.00588,-0.0,-2.94e-06,0.00587706,False
510050,大盘蓝筹/金融权重,S4_OTM5_100_Monthly,2023-06-30,2023-07-26,2.542,2.652,2.65,0.0103,1.0,1,0,selected,not_used,0.14494115829467774,0.01984126984126984,low_iv,valid,523.0,0.1288815341669179,0.016059624127759853,1.0,,close,10005404.SH,0.178786592936519,0.15994215526580813,26.0,0.04248623131392604,0.04327301337529517,0.004051927616050354,0.0007867820613690889,2.025963808025177e-06,0.04653613296616841,0.003263119590873241,1,0.004051927616050354,-0.0007867820613690889,-2.025963808025177e-06,0.00326311959087324,False
510050,大盘蓝筹/金融权重,S4_OTM5_100_Monthly,2023-07-31,2023-08-23,2.731,2.535,2.85,0.0158,1.0,1,0,selected,not_used,0.1770459620475769,0.49603174603174605,normal_iv,valid,543.0,0.17231121638800082,0.004734745659576073,1.0,,close,10005763.SH,0.21010796066640336,0.19843168087005614,23.0,0.043573782497253744,-0.07176858293665314,0.005785426583668986,0.0,2.8927132918344934e-06,-0.06598604906627599,0.005782533870377152,0,0.005785426583668986,-0.0,-2.8927132918344934e-06,0.005782533870377152,False
510050,大盘蓝筹/金融权重,S4_OTM5_100_Monthly,2023-08-31,2023-09-27,2.59,2.604,2.7,0.0165,1.0,1,0,selected,not_used,0.17430658736228943,0.49206349206349204,normal_iv,valid,560.0,0.13394606830404995,0.04036051905823948,1.0,,close,10005106.SH,0.22278981350241178,0.18711179313659665,27.0,0.04247104247104261,0.005405405405405496,0.006370656370656372,0.0,3.1853281853281858e-06,0.01177287644787654,0.006367471042471044,0,0.006370656370656372,-0.0,-3.1853281853281858e-06,0.006367471042471044,False
510050,大盘蓝筹/金融权重,S4_OTM5_100_Monthly,2023-09-28,2023-10-25,2.583,2.461,2.7,0.012,1.0,1,0,selected,not_used,0.15566501150131223,0.21428571428571427,low_iv,valid,579.0,0.14555069599504122,0.01011431550627101,1.0,,close,10005920.SH,0.1858088530519823,0.17172933406829832,27.0,0.04529616724738683,-0.0472319008904376,0.004645760743321719,0.0,2.322880371660859e-06,-0.04258846302748755,0.004643437862950052,0,0.004645760743321719,-0.0,-2.322880371660859e-06,0.004643437862950058,False
510050,大盘蓝筹/金融权重,S4_OTM5_100_Monthly,2023-10-31,2023-11-22,2.488,2.471,2.6,0.0083,1.0,1,0,selected,not_used,0.14776874608993532,0.09523809523809523,low_iv,valid,596.0,0.13345872558902658,0.014310020500908738,1.0,,close,10006029.SH,0.15631406956611799,0.16927844009399415,22.0,0.045016077170418,-0.006832797427652694,0.0033360128617363344,0.0,1.6680064308681673e-06,-0.003498452572347228,0.003334344855305466,0,0.0033360128617363344,-0.0,-1.6680064308681673e-06,0.003334344855305466,False
510050,大盘蓝筹/金融权重,S4_OTM5_100_Monthly,2023-11-30,2023-12-27,2.401,2.302,2.51,0.0094,1.0,1,0,selected,not_used,0.14584236249923704,0.09523809523809523,low_iv,valid,612.0,0.12185948871989757,0.02398287377933947,1.0,,close,10005332.SH,0.16999163602935174,0.16164919815063478,27.0,0.045397750937109516,-0.041232819658475535,0.0039150354019158685,0.0,1.9575177009579343e-06,-0.037319741774260624,0.0039130778842149105,0,0.0039150354019158685,-0.0,-1.9575177009579343e-06,0.0039130778842149105,False
510050,大盘蓝筹/金融权重,S4_OTM5_100_Monthly,2023-12-29,2024-01-24,2.355,2.295,2.46,0.0084,1.0,1,0,selected,not_used,0.1502387131690979,0.1984126984126984,low_iv,valid,632.0,0.1481907172204882,0.0020479959486096877,1.0,,close,10006278.SH,0.16325378147776076,0.15774874820709228,26.0,0.04458598726114649,-0.02547770700636945,0.0035668789808917197,0.0,1.7834394904458598e-06,-0.021912611464968174,0.0035650955414012753,0,0.0035668789808917197,-0.0,-1.7834394904458598e-06,0.003565095541401274,False
510050,大盘蓝筹/金融权重,S4_OTM5_100_Monthly,2024-01-31,2024-02-28,2.292,2.424,2.4,0.0137,1.0,1,0,selected,not_used,0.19180377693176268,0.9206349206349206,high_iv,valid,648.0,0.17114050151196503,0.02066327541979765,1.0,,close,10006507.SH,0.20651740851633538,0.19020163612365723,28.0,0.04712041884816753,0.05759162303664927,0.005977312390924957,0.010471204188481685,2.9886561954624786e-06,0.05309474258289707,-0.004496880453752197,1,0.005977312390924957,-0.010471204188481685,-2.9886561954624786e-06,-0.00449688045375219,False
510050,大盘蓝筹/金融权重,S4_OTM5_100_Monthly,2024-02-29,2024-03-27,2.444,2.433,2.559,0.0144,1.0,1,0,selected,not_used,0.18165688514709472,0.8293650793650794,high_iv,valid,663.0,0.18113605186882079,0.00052083327827393,1.0,,close,10005768.SH,0.20512710506656245,0.19257623767852783,27.0,0.047054009819967435,-0.004500818330605614,0.005891980360065467,0.0,2.945990180032733e-06,0.00138821603927982,0.005889034369885434,0,0.005891980360065467,-0.0,-2.945990180032733e-06,0.005889034369885434,False
510050,大盘蓝筹/金融权重,S4_OTM5_100_Monthly,2024-03-29,2024-04-24,2.449,2.457,2.55,0.0072,1.0,1,0,selected,not_used,0.1367421073436737,0.015873015873015872,low_iv,valid,683.0,0.084829907090563,0.051912200253110705,1.0,,close,10006922.SH,0.1533007825164765,0.14031593036651613,26.0,0.04124132298897498,0.0032666394446712976,0.002939975500204165,0.0,1.4699877501020824e-06,0.006205144957125361,0.0029385055124540632,0,0.002939975500204165,-0.0,-1.4699877501020824e-06,0.002938505512454063,False
510050,大盘蓝筹/金融权重,S4_OTM5_100_Monthly,2024-04-30,2024-05-22,2.5,2.563,2.6,0.007,1.0,1,0,selected,not_used,0.13292987051010136,0.011904761904761904,low_iv,valid,703.0,0.1211434827772391,0.011786387732862252,1.0,,close,10007042.SH,0.15128382604171609,0.14760185642242435,22.0,0.040000000000000036,0.025200000000000066,0.0028,0.0,1.4e-06,0.027998600000000068,0.0027986000000000018,0,0.0028,-0.0,-1.4e-06,0.0027986,False
510050,大盘蓝筹/金融权重,S4_OTM5_100_Monthly,2024-05-31,2024-06-26,2.499,2.441,2.608,0.0059,1.0,1,0,selected,not_used,0.12609931483268738,0.003968253968253968,low_iv,valid,718.0,0.111132076842584,0.014967237990103383,1.0,,close,10006175.SH,0.13157244095655246,0.13597679901123047,26.0,0.04361744697879155,-0.023209283713485504,0.0023609443777511,0.0,1.1804721888755503e-06,-0.020849519807923277,0.0023597639055622267,0,0.0023609443777511,-0.0,-1.1804721888755503e-06,0.0023597639055622246,False
510050,大盘蓝筹/金融权重,S4_OTM5_100_Monthly,2024-06-28,2024-07-24,2.441,2.474,2.55,0.0046,1.0,1,0,selected,not_used,0.11672488379478455,0.003968253968253968,low_iv,valid,736.0,0.0674691629417337,0.04925572085305084,1.0,,close,10007337.SH,0.11382494905041629,0.12939657783508304,26.0,0.044653830397378025,0.013519049569848573,0.0018844735764031136,0.0,9.422367882015568e-07,0.015402580909463484,0.0018835313396149116,0,0.0018844735764031136,-0.0,-9.422367882015568e-07,0.001883531339614912,False
510050,大盘蓝筹/金融权重,S4_OTM5_100_Monthly,2024-07-31,2024-08-28,2.463,2.427,2.6,0.0041,1.0,1,0,selected,not_used,0.1270362811088562,0.07539682539682539,low_iv,valid,753.0,0.1231614251937387,0.003874855915117506,1.0,,close,10007458.SH,0.09268326446040204,0.14129819526672363,28.0,0.05562322371092154,-0.014616321559074313,0.0016646366220056843,0.0,8.323183110028421e-07,-0.012952517255379633,0.0016638043036946801,0,0.0016646366220056843,-0.0,-8.323183110028421e-07,0.0016638043036946814,False
510050,大盘蓝筹/金融权重,S4_OTM5_100_Monthly,2024-08-30,2024-09-25,2.429,2.48,2.55,0.0028,1.0,1,0,selected,not_used,0.11415478291511534,0.015873015873015872,low_iv,valid,774.0,0.09118114782631939,0.02297363508879595,1.0,,close,10006819.SH,0.07848315407940343,0.12348391532897948,26.0,0.049814738575545414,0.020996294771510975,0.0011527377521613833,0.0,5.763688760806916e-07,0.022148456154796277,0.0011521613832853016,0,0.0011527377521613833,-0.0,-5.763688760806916e-07,0.0011521613832853027,False
510050,大盘蓝筹/金融权重,S4_OTM5_100_Monthly,2024-09-30,2024-10-23,2.909,2.817,2.9,0.1492,1.0,1,0,selected,not_used,0.436084951543808,1.0,high_iv,valid,792.0,0.3820969618621534,0.05398798968165458,1.0,,close,10007982.SH,0.5386445271658875,0.49150901012420656,23.0,-0.003093846682708845,-0.03162598831213463,0.05128910278446202,0.0,2.5644551392231008e-05,0.019637469920935156,0.051263458233069784,0,0.05128910278446202,-0.0,-2.5644551392231008e-05,0.05126345823306979,False
510050,大盘蓝筹/金融权重,S4_OTM5_100_Monthly,2024-10-31,2024-11-27,2.741,2.729,2.9,0.0408,1.0,1,0,selected,not_used,0.2771320797920227,0.9841269841269841,high_iv,valid,806.0,0.45477551150434675,-0.17764343171232405,1.0,,close,10007986.SH,0.2826455867956038,0.32597353305816645,27.0,0.05800802626778534,-0.004377964246625323,0.014885078438526086,0.0,7.442539219263043e-06,0.010499671652681501,0.014877635899306824,0,0.014885078438526086,-0.0,-7.442539219263043e-06,0.014877635899306824,False
510050,大盘蓝筹/金融权重,S4_OTM5_100_Monthly,2024-11-29,2024-12-25,2.732,2.764,2.891,0.011,1.0,1,0,selected,not_used,0.22541535596847534,0.8888888888888888,high_iv,valid,826.0,0.2271097786701619,-0.001694422701686571,1.0,,close,10008055.SH,0.15177907824032782,0.19584727516174316,26.0,0.05819912152269402,0.011713030746705558,0.004026354319180087,0.0,2.013177159590044e-06,0.015737371888726055,0.004024341142020497,0,0.004026354319180087,-0.0,-2.013177159590044e-06,0.004024341142020497,False
510050,大盘蓝筹/金融权重,S4_OTM5_100_Monthly,2024-12-31,2025-01-22,2.738,2.607,2.891,0.0099,1.0,1,0,selected,not_used,0.16805776138305661,0.6428571428571429,normal_iv,valid,847.0,0.1407591805560349,0.027298580827021718,1.0,,close,10008399.SH,0.1458087685390589,0.20067277069091796,22.0,0.05588020452885312,-0.047845142439736955,0.003615777940102265,0.0,1.8078889700511325e-06,-0.04423117238860474,0.0036139700511322176,0,0.003615777940102265,-0.0,-1.8078889700511325e-06,0.0036139700511322137,False
510050,大盘蓝筹/金融权重,S4_OTM5_100_Monthly,2025-01-27,2025-02-26,2.643,2.726,2.8,0.0099,1.0,1,0,selected,not_used,0.1666248943805695,0.5833333333333334,normal_iv,valid,859.0,0.14608263802497937,0.02054225635559012,1.0,,close,10008578.SH,0.14456254043261518,0.18008335399627684,30.0,0.05940219447597439,0.03140370790768074,0.0037457434733257668,0.0,1.8728717366628836e-06,0.03514757850926984,0.0037438706015891013,0,0.0037457434733257668,-0.0,-1.8728717366628836e-06,0.003743870601589104,False
510050,大盘蓝筹/金融权重,S4_OTM5_100_Monthly,2025-02-28,2025-03-26,2.705,2.736,2.842,0.0094,1.0,1,0,selected,not_used,0.15672356882095337,0.5158730158730159,normal_iv,valid,876.0,0.117211556255189,0.039512012565764365,1.0,,close,10007994.SH,0.15060679873288657,0.17015580291748045,26.0,0.05064695009242137,0.01146025878003702,0.0034750462107208872,0.0,1.7375231053604436e-06,0.014933567467652547,0.0034733086876155266,0,0.0034750462107208872,-0.0,-1.7375231053604436e-06,0.0034733086876155266,False
510050,大盘蓝筹/金融权重,S4_OTM5_100_Monthly,2025-03-31,2025-04-23,2.725,2.708,2.85,0.0088,1.0,1,0,selected,not_used,0.14142217044830324,0.38095238095238093,normal_iv,valid,896.0,0.15261693061895631,-0.011194760170653073,1.0,,close,10008937.SH,0.15215798875138686,0.16569269638061523,23.0,0.04587155963302747,-0.006238532110091708,0.0032293577981651377,0.0,1.6146788990825688e-06,-0.0030107889908256528,0.0032277431192660553,0,0.0032293577981651377,-0.0,-1.6146788990825688e-06,0.0032277431192660553,False
510050,大盘蓝筹/金融权重,S4_OTM5_100_Monthly,2025-04-30,2025-05-28,2.693,2.747,2.85,0.0055,1.0,1,0,selected,not_used,0.1442211485862732,0.4523809523809524,normal_iv,valid,912.0,0.22428793489307208,-0.08006678630679889,1.0,,close,10009057.SH,0.10227104159858919,0.15428697967529295,28.0,0.058299294467137,0.020051986632008845,0.0020423319717786854,0.0,1.0211659858893427e-06,0.022093297437801643,0.002041310805792798,0,0.0020423319717786854,-0.0,-1.0211659858893427e-06,0.002041310805792796,False
510050,大盘蓝筹/金融权重,S4_OTM5_100_Monthly,2025-05-30,2025-06-25,2.749,2.832,2.891,0.005,1.0,1,0,selected,not_used,0.12624713139533997,0.15079365079365079,low_iv,valid,930.0,0.09959633337441175,0.02665079802092822,1.0,,close,10008268.SH,0.10224830820666814,0.14238536224365234,26.0,0.0516551473263005,0.030192797380865673,0.0018188432157148053,0.0,9.094216078574027e-07,0.03201073117497262,0.0018179337941069476,0,0.0018188432157148053,-0.0,-9.094216078574027e-07,0.0018179337941069478,False
510050,大盘蓝筹/金融权重,S4_OTM5_100_Monthly,2025-06-30,2025-07-23,2.807,2.921,2.95,0.0061,1.0,1,0,selected,not_used,0.12258509526252748,0.0992063492063492,low_iv,valid,949.0,0.09349368839779677,0.029091406864730704,1.0,,close,10009331.SH,0.11452636285823903,0.1577964309692383,23.0,0.050944068400427645,0.04061275382971139,0.0021731385821161385,0.0,1.0865692910580694e-06,0.04278480584253647,0.002172052012825082,0,0.0021731385821161385,-0.0,-1.0865692910580694e-06,0.0021720520128250802,False
510050,大盘蓝筹/金融权重,S4_OTM5_100_Monthly,2025-07-31,2025-08-27,2.899,3.051,3.0,0.0162,1.0,1,0,selected,not_used,0.14834093923568725,0.5753968253968254,normal_iv,valid,966.0,0.088445308202697,0.059895631032990254,1.0,,close,10009516.SH,0.22900515039625596,0.15777735786437988,27.0,0.03483959986202145,0.052431873059675796,0.005588133839254915,0.017592273197654416,2.794066919627458e-06,0.040424939634356664,-0.012006933425319131,1,0.005588133839254915,-0.017592273197654416,-2.794066919627458e-06,-0.01200693342531913,False
510050,大盘蓝筹/金融权重,S4_OTM5_100_Monthly,2025-08-29,2025-09-24,3.112,3.072,3.3,0.0296,1.0,1,0,selected,not_used,0.22094509701728823,0.8452380952380952,high_iv,valid,986.0,0.15268669301267807,0.06825840400461017,1.0,,close,10009725.SH,0.22991518721688575,0.2763357776641846,26.0,0.06041131105398456,-0.012853470437018006,0.009511568123393316,0.0,4.755784061696658e-06,-0.003346658097686386,0.00950681233933162,0,0.009511568123393316,-0.0,-4.755784061696658e-06,0.00950681233933162,False
510050,大盘蓝筹/金融权重,S4_OTM5_100_Monthly,2025-09-30,2025-10-22,3.126,3.148,3.3,0.0101,1.0,1,0,selected,not_used,0.1500479821205139,0.45634920634920634,normal_iv,valid,1007.0,0.13460411049047669,0.015443871630037215,1.0,,close,10009895.SH,0.13716737482644492,0.19315796737670898,22.0,0.05566218809980805,0.0070377479206654645,0.0032309660908509275,0.0,1.6154830454254638e-06,0.010267098528470967,0.0032293506078055027,0,0.0032309660908509275,-0.0,-1.6154830454254638e-06,0.003229350607805502,False
510050,大盘蓝筹/金融权重,S4_OTM5_100_Monthly,2025-10-31,2025-11-26,3.16,3.114,3.3,0.013,1.0,1,0,selected,not_used,0.1527468264579773,0.4365079365079365,normal_iv,valid,1022.0,0.136055525000346,0.016691301457631286,1.0,,close,10010071.SH,0.17646504439027816,0.16518725910186766,26.0,0.04430379746835422,-0.014556962025316538,0.004113924050632911,0.0,2.0569620253164555e-06,-0.010445094936708943,0.004111867088607595,0,0.004113924050632911,-0.0,-2.0569620253164555e-06,0.004111867088607594,False
510050,大盘蓝筹/金融权重,S4_OTM5_100_Monthly,2025-11-28,2025-12-24,3.113,3.099,3.312,0.0016,1.0,1,0,selected,not_used,0.16688714957237247,0.5396825396825397,normal_iv,valid,1041.0,0.10811104298457064,0.05877610658780183,1.0,,close,10009789.SH,0.03831431862984053,0.12689800109863283,26.0,0.06392547381946678,-0.004497269514937292,0.0005139736588499839,0.0,2.56986829424992e-07,-0.003983552842916733,0.000513716672020559,0,0.0005139736588499839,-0.0,-2.56986829424992e-07,0.000513716672020559,False
510050,大盘蓝筹/金融权重,S4_OTM5_100_Monthly,2025-12-31,2026-01-28,3.105,3.138,3.3,0.0039,1.0,1,0,selected,not_used,0.12618991208076474,0.09523809523809523,low_iv,valid,1058.0,0.09009711214650622,0.036092799934258527,1.0,,close,10010568.SH,0.07173255643829923,0.14455015964508056,28.0,0.06280193236714982,0.01062801932367147,0.001256038647342995,0.0,6.280193236714976e-07,0.011883429951690793,0.0012554106280193225,0,0.001256038647342995,-0.0,-6.280193236714976e-07,0.0012554106280193236,False
510050,大盘蓝筹/金融权重,S4_OTM5_100_Monthly,2026-01-30,2026-02-25,3.147,3.134,3.3,0.0174,1.0,1,0,selected,not_used,0.15795378408432004,0.5555555555555556,normal_iv,valid,1077.0,0.15391437483117013,0.0040394092531499115,1.0,,close,10010633.SH,0.19577390553060942,0.19541813030242922,26.0,0.04861773117254531,-0.004130918334922117,0.005529075309818875,0.0,2.7645376549094376e-06,0.0013953924372418487,0.005526310772163966,0,0.005529075309818875,-0.0,-2.7645376549094376e-06,0.005526310772163966,False
510050,大盘蓝筹/金融权重,S4_OTM5_100_Monthly,2026-02-27,2026-03-25,3.123,2.93,3.3,0.0058,1.0,1,0,selected,not_used,0.12165766553878785,0.03968253968253968,low_iv,valid,1090.0,0.1619538190124928,-0.040296153473704965,1.0,,close,10010586.SH,0.09797974248724267,0.15318073959350584,26.0,0.0566762728146013,-0.061799551713096396,0.0018571886007044507,0.0,9.285943003522253e-07,-0.05994329170669229,0.0018562600064041049,0,0.0018571886007044507,-0.0,-9.285943003522253e-07,0.0018562600064040984,False
510050,大盘蓝筹/金融权重,S4_OTM5_100_Monthly,2026-03-31,2026-04-22,2.902,3.005,3.0,0.012,1.0,1,0,selected,not_used,0.16358273415565489,0.7182539682539683,high_iv,valid,1111.0,0.1558062747095585,0.007776459446096395,1.0,,close,10011106.SH,0.20126135200610196,0.1523319864273071,22.0,0.03376981392143352,0.035492763611302464,0.004135079255685734,0.001722949689869019,2.0675396278428668e-06,0.03790282563749134,0.002410062026188875,1,0.004135079255685734,-0.001722949689869019,-2.0675396278428668e-06,0.0024100620261888715,False
510050,大盘蓝筹/金融权重,S4_OTM5_100_Monthly,2026-04-30,2026-05-27,3.062,3.008,3.2,0.006,1.0,1,0,selected,not_used,0.12588951067924503,0.09523809523809523,low_iv,valid,1127.0,0.12957288383826854,-0.0036833731590235064,1.0,,close,10011298.SH,0.11594733007581837,0.12912955436706547,27.0,0.045068582625734877,-0.017635532331809218,0.001959503592423253,0.0,9.797517962116265e-07,-0.015677008491182174,0.001958523840627044,0,0.001959503592423253,-0.0,-9.797517962116265e-07,0.0019585238406270413,False
510050,大盘蓝筹/金融权重,S4_OTM5_100_Monthly,2026-05-29,2026-06-03,2.997,2.996,3.117,0.0141,1.0,1,0,selected,not_used,0.16189714851379394,0.7222222222222222,high_iv,valid,1144.0,0.14570994030060017,0.016187208213193777,1.0,,close,10010300.SH,0.19824345158091,0.16300338859558103,26.0,0.040040040040040026,-0.00033366700033363026,0.004704704704704705,0.0,2.3523523523523527e-06,0.004368685352018722,0.004702352352352352,0,0.004704704704704705,-0.0,-2.3523523523523527e-06,0.004702352352352352,False
510050,大盘蓝筹/金融权重,S5_IVTiming_ATM_Monthly,2021-01-29,2021-02-26,3.704,3.743,,0.0,0.0,0,0,warmup_invalid_skip,warmup_invalid_skip,0.22248286609649656,,warmup_invalid,warmup,19.0,0.2332334850670202,-0.010750618970523651,0.0,,none,,,,,,0.010529157667386529,0.0,0.0,0.0,0.010529157667386529,0.0,0,0.0,-0.0,-0.0,0.0,False
510050,大盘蓝筹/金融权重,S5_IVTiming_ATM_Monthly,2021-02-26,2021-03-31,3.743,3.527,,0.0,0.0,0,0,warmup_invalid_skip,warmup_invalid_skip,0.24173954958915714,,warmup_invalid,warmup,33.0,0.2500211319087956,-0.008281582319638464,0.0,,none,,,,,,-0.05770772107934805,0.0,0.0,0.0,-0.05770772107934805,0.0,0,0.0,-0.0,-0.0,0.0,False
510050,大盘蓝筹/金融权重,S5_IVTiming_ATM_Monthly,2021-03-31,2021-04-30,3.527,3.482,,0.0,0.0,0,0,warmup_invalid_skip,warmup_invalid_skip,0.17938718566894532,,warmup_invalid,warmup,50.0,0.24053123006390326,-0.061144044394957936,0.0,,none,,,,,,-0.012758718457612681,0.0,0.0,0.0,-0.012758718457612681,0.0,0,0.0,-0.0,-0.0,0.0,False
510050,大盘蓝筹/金融权重,S5_IVTiming_ATM_Monthly,2021-04-30,2021-05-31,3.482,3.639,,0.0,0.0,0,0,warmup_invalid_skip,warmup_invalid_skip,0.17242550239562987,,warmup_invalid,warmup,70.0,0.15128196613995787,0.021143536255672002,0.0,,none,,,,,,0.04508902929350936,0.0,0.0,0.0,0.04508902929350936,0.0,0,0.0,-0.0,-0.0,0.0,False
510050,大盘蓝筹/金融权重,S5_IVTiming_ATM_Monthly,2021-05-31,2021-06-30,3.639,3.515,,0.0,0.0,0,0,warmup_invalid_skip,warmup_invalid_skip,0.21529945797920227,,warmup_invalid,warmup,87.0,0.21257657792561604,0.0027228800535862296,0.0,,none,,,,,,-0.03407529541082706,0.0,0.0,0.0,-0.03407529541082706,0.0,0,0.0,-0.0,-0.0,0.0,False
510050,大盘蓝筹/金融权重,S5_IVTiming_ATM_Monthly,2021-06-30,2021-07-30,3.515,3.163,,0.0,0.0,0,0,warmup_invalid_skip,warmup_invalid_skip,0.16354458794593812,,warmup_invalid,warmup,102.0,0.11822929669668861,0.04531529124924952,0.0,,none,,,,,,-0.10014224751066865,0.0,0.0,0.0,-0.10014224751066865,0.0,0,0.0,-0.0,-0.0,0.0,False
510050,大盘蓝筹/金融权重,S5_IVTiming_ATM_Monthly,2021-07-30,2021-08-31,3.163,3.138,,0.0,0.0,0,0,warmup_invalid_skip,warmup_invalid_skip,0.18831816701889037,,warmup_invalid,warmup,123.0,0.22475373594455714,-0.03643556892566677,0.0,,none,,,,,,-0.00790388871324689,0.0,0.0,0.0,-0.00790388871324689,0.0,0,0.0,-0.0,-0.0,0.0,False
510050,大盘蓝筹/金融权重,S5_IVTiming_ATM_Monthly,2021-08-31,2021-09-30,3.138,3.231,,0.0,0.0,0,0,warmup_invalid_skip,warmup_invalid_skip,0.1938255260467529,,warmup_invalid,warmup,144.0,0.19902519014959427,-0.005199664102841367,0.0,,none,,,,,,0.02963671128107074,0.0,0.0,0.0,0.02963671128107074,0.0,0,0.0,-0.0,-0.0,0.0,False
510050,大盘蓝筹/金融权重,S5_IVTiming_ATM_Monthly,2021-09-30,2021-10-29,3.231,3.304,,0.0,0.0,0,0,warmup_invalid_skip,warmup_invalid_skip,0.2002317051410675,,warmup_invalid,warmup,158.0,0.1731821697846142,0.027049535356453297,0.0,,none,,,,,,0.022593624264933443,0.0,0.0,0.0,0.022593624264933443,0.0,0,0.0,-0.0,-0.0,0.0,False
510050,大盘蓝筹/金融权重,S5_IVTiming_ATM_Monthly,2021-10-29,2021-11-30,3.304,3.164,,0.0,0.0,0,0,warmup_invalid_skip,warmup_invalid_skip,0.1743566542625427,,warmup_invalid,warmup,173.0,0.1538994570068667,0.02045719725567602,0.0,,none,,,,,,-0.04237288135593211,0.0,0.0,0.0,-0.04237288135593211,0.0,0,0.0,-0.0,-0.0,0.0,False
510050,大盘蓝筹/金融权重,S5_IVTiming_ATM_Monthly,2021-11-30,2021-12-31,3.164,3.256,,0.0,0.0,0,0,warmup_invalid_skip,warmup_invalid_skip,0.1645816880226135,,warmup_invalid,warmup,194.0,0.1307042002679788,0.0338774877546347,0.0,,none,,,,,,0.029077117572692678,0.0,0.0,0.0,0.029077117572692678,0.0,0,0.0,-0.0,-0.0,0.0,False
510050,大盘蓝筹/金融权重,S5_IVTiming_ATM_Monthly,2021-12-31,2022-01-28,3.256,3.036,,0.0,0.0,0,0,warmup_invalid_skip,warmup_invalid_skip,0.15782504062652586,,warmup_invalid,warmup,211.0,0.1417255794419797,0.016099461184546165,0.0,,none,,,,,,-0.0675675675675675,0.0,0.0,0.0,-0.0675675675675675,0.0,0,0.0,-0.0,-0.0,0.0,False
510050,大盘蓝筹/金融权重,S5_IVTiming_ATM_Monthly,2022-01-28,2022-02-28,3.036,3.061,,0.0,0.0,0,0,warmup_invalid_skip,warmup_invalid_skip,0.2287269237995148,,warmup_invalid,warmup,229.0,0.16786023315613388,0.060866690643380905,0.0,,none,,,,,,0.008234519104084292,0.0,0.0,0.0,0.008234519104084292,0.0,0,0.0,-0.0,-0.0,0.0,False
510050,大盘蓝筹/金融权重,S5_IVTiming_ATM_Monthly,2022-02-28,2022-03-31,3.061,2.881,,0.0,0.0,0,0,warmup_invalid_skip,warmup_invalid_skip,0.17262100172042844,,warmup_invalid,warmup,245.0,0.17678704209516952,-0.004166040374741081,0.0,,none,,,,,,-0.058804312316236576,0.0,0.0,0.0,-0.058804312316236576,0.0,0,0.0,-0.0,-0.0,0.0,False
510050,大盘蓝筹/金融权重,S5_IVTiming_ATM_Monthly,2022-03-31,2022-04-27,2.881,2.714,2.9,0.0518,0.5,1,0,selected,normal_iv_sell,0.1878270345687866,0.6349206349206349,normal_iv,valid,262.0,0.33343822887758573,-0.14561119430879912,1.0,,close,10004036.SH,0.4704425130181785,0.187846107673645,27.0,0.006594932315168389,-0.057965984033321705,0.00898993405067685,0.0,4.494967025338425e-06,-0.04898054494967019,0.008985439083651514,0,0.00898993405067685,-0.0,-4.494967025338425e-06,0.00898543908365151,False
510050,大盘蓝筹/金融权重,S5_IVTiming_ATM_Monthly,2022-04-29,2022-05-25,2.793,2.725,2.8,0.0581,1.0,1,0,selected,high_iv_sell,0.20684530425071715,0.8412698412698413,high_iv,valid,280.0,0.2627041648176504,-0.05585886056693326,1.0,,close,10004165.SH,0.5026163012377495,0.20031038169860838,26.0,0.0025062656641603454,-0.0243465807375582,0.020802005012531325,0.0,1.0401002506265665e-05,-0.0035549767275331423,0.02079160401002506,0,0.020802005012531325,-0.0,-1.0401002506265665e-05,0.02079160401002506,False
510050,大盘蓝筹/金融权重,S5_IVTiming_ATM_Monthly,2022-05-31,2022-06-22,2.792,2.898,2.8,0.0508,1.0,1,0,selected,high_iv_sell,0.19702980766296388,0.7658730158730159,high_iv,valid,298.0,0.196213506403297,0.0008163012596668906,1.0,,close,10004023.SH,0.4956280054483875,0.19396857433319092,22.0,0.002865329512893977,0.03796561604584539,0.018194842406876792,0.0351002865329514,9.097421203438396e-06,0.021051074498567343,-0.016914541547278047,1,0.018194842406876792,-0.0351002865329514,-9.097421203438396e-06,-0.016914541547278047,False
510050,大盘蓝筹/金融权重,S5_IVTiming_ATM_Monthly,2022-06-30,2022-07-27,3.069,2.867,3.1,0.0581,1.0,1,0,selected,high_iv_sell,0.21420513858795168,0.8968253968253969,high_iv,valid,314.0,0.16578521621918438,0.0484199223687673,1.0,,close,10004325.SH,0.4519497395184374,0.21090549144744875,27.0,0.010101010101010166,-0.06581948517432387,0.018931247963506027,0.0,9.465623981753015e-06,-0.046897702834799604,0.018921782339524268,0,0.018931247963506027,-0.0,-9.465623981753015e-06,0.018921782339524275,False
510050,大盘蓝筹/金融权重,S5_IVTiming_ATM_Monthly,2022-07-29,2022-08-24,2.828,2.746,2.85,0.0501,0.5,1,0,selected,normal_iv_sell,0.19389466605186464,0.6190476190476191,normal_iv,valid,334.0,0.12485131112202899,0.06904335492983565,1.0,,close,10004344.SH,0.46169649796753187,0.19413069572448732,26.0,0.007779349363507881,-0.028995756718528946,0.008857850070721358,0.0,4.428925035360679e-06,-0.02014233557284295,0.008853421145685995,0,0.008857850070721358,-0.0,-4.428925035360679e-06,0.008853421145685998,False
510050,大盘蓝筹/金融权重,S5_IVTiming_ATM_Monthly,2022-08-31,2022-09-30,2.801,2.65,,0.0,0.0,0,0,low_iv_skip,low_iv_skip,0.16335385689735413,0.15476190476190477,low_iv,valid,351.0,0.1503886756532389,0.01296518124411522,1.0,,none,,,,,,-0.053909318100678415,0.0,0.0,0.0,-0.053909318100678415,0.0,0,0.0,-0.0,-0.0,0.0,False
510050,大盘蓝筹/金融权重,S5_IVTiming_ATM_Monthly,2022-09-30,2022-10-31,2.65,2.333,,0.0,0.0,0,0,low_iv_skip,low_iv_skip,0.16750464134216306,0.21825396825396826,low_iv,valid,371.0,0.13469155734673083,0.03281308399543223,1.0,,none,,,,,,-0.11962264150943386,0.0,0.0,0.0,-0.11962264150943386,0.0,0,0.0,-0.0,-0.0,0.0,False
510050,大盘蓝筹/金融权重,S5_IVTiming_ATM_Monthly,2022-10-31,2022-11-23,2.333,2.575,2.35,0.052,1.0,1,0,selected,high_iv_sell,0.2534623566627503,0.9761904761904762,high_iv,valid,387.0,0.20679345630262672,0.04666890036012358,1.0,,close,10004649.SH,0.4745463523729749,0.2507587440490723,23.0,0.0072867552507500655,0.10372910415773681,0.02228889841405915,0.09644234890698675,1.1144449207029574e-05,0.029564509215602185,-0.07416459494213462,1,0.02228889841405915,-0.09644234890698675,-1.1144449207029574e-05,-0.07416459494213462,False
510050,大盘蓝筹/金融权重,S5_IVTiming_ATM_Monthly,2022-11-30,2022-12-28,2.645,2.649,2.662,0.045,1.0,1,0,selected,high_iv_sell,0.23845659141540523,0.9563492063492064,high_iv,valid,403.0,0.25548531692402526,-0.01702872550862003,1.0,,close,10004241.SH,0.46953207668088975,0.17478103084564206,28.0,0.006427221172022657,0.0015122873345935742,0.017013232514177693,0.0,8.506616257088846e-06,0.018517013232514177,0.017004725897920604,0,0.017013232514177693,-0.0,-8.506616257088846e-06,0.017004725897920604,False
510050,大盘蓝筹/金融权重,S5_IVTiming_ATM_Monthly,2022-12-30,2023-01-31,2.649,2.819,,0.0,0.0,0,0,low_iv_skip,low_iv_skip,0.16094110913276674,0.11507936507936507,low_iv,valid,420.0,0.1531339152213846,0.007807193911382154,1.0,,none,,,,,,0.06417516043790107,0.0,0.0,0.0,0.06417516043790107,0.0,0,0.0,-0.0,-0.0,0.0,False
510050,大盘蓝筹/金融权重,S5_IVTiming_ATM_Monthly,2023-01-31,2023-02-22,2.819,2.775,2.8,0.0653,0.5,1,0,selected,normal_iv_sell,0.17979725742340089,0.376984126984127,normal_iv,valid,436.0,0.12518078477850866,0.05461647264489222,1.0,,close,10004946.SH,0.5757581702304172,0.19408301296234132,22.0,-0.006739978715856743,-0.015608371763036552,0.011582121319616886,0.0,5.791060659808443e-06,-0.0040320415040794744,0.011576330258957077,0,0.011582121319616886,-0.0,-5.791060659808443e-06,0.011576330258957077,False
510050,大盘蓝筹/金融权重,S5_IVTiming_ATM_Monthly,2023-02-28,2023-03-31,2.746,2.669,,0.0,0.0,0,0,low_iv_skip,low_iv_skip,0.1741826121807098,0.2777777777777778,low_iv,valid,455.0,0.16589150077790427,0.008291111402805529,1.0,,none,,,,,,-0.028040786598688985,0.0,0.0,0.0,-0.028040786598688985,0.0,0,0.0,-0.0,-0.0,0.0,False
510050,大盘蓝筹/金融权重,S5_IVTiming_ATM_Monthly,2023-03-31,2023-04-28,2.669,2.68,,0.0,0.0,0,0,low_iv_skip,low_iv_skip,0.15699536056518554,0.03968253968253968,low_iv,valid,472.0,0.12206600901186267,0.03492935155332287,1.0,,none,,,,,,0.004121393780442158,0.0,0.0,0.0,0.004121393780442158,0.0,0,0.0,-0.0,-0.0,0.0,False
510050,大盘蓝筹/金融权重,S5_IVTiming_ATM_Monthly,2023-04-28,2023-05-31,2.68,2.5,,0.0,0.0,0,0,low_iv_skip,low_iv_skip,0.1381034502029419,0.003968253968253968,low_iv,valid,490.0,0.13857090481168818,-0.00046745460874628164,1.0,,none,,,,,,-0.06716417910447767,0.0,0.0,0.0,-0.06716417910447767,0.0,0,0.0,-0.0,-0.0,0.0,False
510050,大盘蓝筹/金融权重,S5_IVTiming_ATM_Monthly,2023-05-31,2023-06-30,2.5,2.542,,0.0,0.0,0,0,low_iv_skip,low_iv_skip,0.16802438344955442,0.23809523809523808,low_iv,valid,504.0,0.1513635774575887,0.016660805991965733,1.0,,none,,,,,,0.016799999999999926,0.0,0.0,0.0,0.016799999999999926,0.0,0,0.0,-0.0,-0.0,0.0,False
510050,大盘蓝筹/金融权重,S5_IVTiming_ATM_Monthly,2023-06-30,2023-07-31,2.542,2.731,,0.0,0.0,0,0,low_iv_skip,low_iv_skip,0.14494115829467774,0.01984126984126984,low_iv,valid,523.0,0.1288815341669179,0.016059624127759853,1.0,,none,,,,,,0.0743509047993706,0.0,0.0,0.0,0.0743509047993706,0.0,0,0.0,-0.0,-0.0,0.0,False
510050,大盘蓝筹/金融权重,S5_IVTiming_ATM_Monthly,2023-07-31,2023-08-23,2.731,2.535,2.75,0.0431,0.5,1,0,selected,normal_iv_sell,0.1770459620475769,0.49603174603174605,normal_iv,valid,543.0,0.17231121638800082,0.004734745659576073,1.0,,close,10005651.SH,0.460312790374758,0.1840982425689697,23.0,0.00695715854998169,-0.07176858293665314,0.00789088246063713,0.0,3.945441230318564e-06,-0.06388164591724634,0.007886937019406806,0,0.00789088246063713,-0.0,-3.945441230318564e-06,0.007886937019406811,False
510050,大盘蓝筹/金融权重,S5_IVTiming_ATM_Monthly,2023-08-31,2023-09-27,2.59,2.604,2.6,0.0467,0.5,1,0,selected,normal_iv_sell,0.17430658736228943,0.49206349206349204,normal_iv,valid,560.0,0.13394606830404995,0.04036051905823948,1.0,,close,10005159.SH,0.48988311363009746,0.17672171926498415,27.0,0.0038610038610038533,0.005405405405405496,0.009015444015444015,0.000772200772200773,4.5077220077220074e-06,0.013644140926641016,0.00823873552123552,1,0.009015444015444015,-0.000772200772200773,-4.5077220077220074e-06,0.00823873552123552,False
510050,大盘蓝筹/金融权重,S5_IVTiming_ATM_Monthly,2023-09-28,2023-10-31,2.583,2.488,,0.0,0.0,0,0,low_iv_skip,low_iv_skip,0.15566501150131223,0.21428571428571427,low_iv,valid,579.0,0.14555069599504122,0.01011431550627101,1.0,,none,,,,,,-0.03677893921796368,0.0,0.0,0.0,-0.03677893921796368,0.0,0,0.0,-0.0,-0.0,0.0,False
510050,大盘蓝筹/金融权重,S5_IVTiming_ATM_Monthly,2023-10-31,2023-11-30,2.488,2.401,,0.0,0.0,0,0,low_iv_skip,low_iv_skip,0.14776874608993532,0.09523809523809523,low_iv,valid,596.0,0.13345872558902658,0.014310020500908738,1.0,,none,,,,,,-0.03496784565916406,0.0,0.0,0.0,-0.03496784565916406,0.0,0,0.0,-0.0,-0.0,0.0,False
510050,大盘蓝筹/金融权重,S5_IVTiming_ATM_Monthly,2023-11-30,2023-12-29,2.401,2.355,,0.0,0.0,0,0,low_iv_skip,low_iv_skip,0.14584236249923704,0.09523809523809523,low_iv,valid,612.0,0.12185948871989757,0.02398287377933947,1.0,,none,,,,,,-0.019158683881715877,0.0,0.0,0.0,-0.019158683881715877,0.0,0,0.0,-0.0,-0.0,0.0,False
510050,大盘蓝筹/金融权重,S5_IVTiming_ATM_Monthly,2023-12-29,2024-01-31,2.355,2.292,,0.0,0.0,0,0,low_iv_skip,low_iv_skip,0.1502387131690979,0.1984126984126984,low_iv,valid,632.0,0.1481907172204882,0.0020479959486096877,1.0,,none,,,,,,-0.02675159235668797,0.0,0.0,0.0,-0.02675159235668797,0.0,0,0.0,-0.0,-0.0,0.0,False
510050,大盘蓝筹/金融权重,S5_IVTiming_ATM_Monthly,2024-01-31,2024-02-28,2.292,2.424,2.3,0.0453,1.0,1,0,selected,high_iv_sell,0.19180377693176268,0.9206349206349206,high_iv,valid,648.0,0.17114050151196503,0.02066327541979765,1.0,,close,10006505.SH,0.49536593538480866,0.18740742626190182,28.0,0.003490401396160525,0.05759162303664927,0.019764397905759165,0.05410122164048871,9.882198952879583e-06,0.023244917102966837,-0.03434670593368243,1,0.019764397905759165,-0.05410122164048871,-9.882198952879583e-06,-0.03434670593368242,False
510050,大盘蓝筹/金融权重,S5_IVTiming_ATM_Monthly,2024-02-29,2024-03-27,2.444,2.433,2.45,0.0474,1.0,1,0,selected,high_iv_sell,0.18165688514709472,0.8293650793650794,high_iv,valid,663.0,0.18113605186882079,0.00052083327827393,1.0,,close,10006405.SH,0.5021450560836823,0.1831255142211914,27.0,0.002454991816694063,-0.004500818330605614,0.01939443535188216,0.0,9.69721767594108e-06,0.014883919803600605,0.01938473813420622,0,0.01939443535188216,-0.0,-9.69721767594108e-06,0.019384738134206218,False
510050,大盘蓝筹/金融权重,S5_IVTiming_ATM_Monthly,2024-03-29,2024-04-30,2.449,2.5,,0.0,0.0,0,0,low_iv_skip,low_iv_skip,0.1367421073436737,0.015873015873015872,low_iv,valid,683.0,0.084829907090563,0.051912200253110705,1.0,,none,,,,,,0.020824826459779566,0.0,0.0,0.0,0.020824826459779566,0.0,0,0.0,-0.0,-0.0,0.0,False
510050,大盘蓝筹/金融权重,S5_IVTiming_ATM_Monthly,2024-04-30,2024-05-31,2.5,2.499,,0.0,0.0,0,0,low_iv_skip,low_iv_skip,0.13292987051010136,0.011904761904761904,low_iv,valid,703.0,0.1211434827772391,0.011786387732862252,1.0,,none,,,,,,-0.00039999999999995595,0.0,0.0,0.0,-0.00039999999999995595,0.0,0,0.0,-0.0,-0.0,0.0,False
510050,大盘蓝筹/金融权重,S5_IVTiming_ATM_Monthly,2024-05-31,2024-06-28,2.499,2.441,,0.0,0.0,0,0,low_iv_skip,low_iv_skip,0.12609931483268738,0.003968253968253968,low_iv,valid,718.0,0.111132076842584,0.014967237990103383,1.0,,none,,,,,,-0.023209283713485504,0.0,0.0,0.0,-0.023209283713485504,0.0,0,0.0,-0.0,-0.0,0.0,False
510050,大盘蓝筹/金融权重,S5_IVTiming_ATM_Monthly,2024-06-28,2024-07-31,2.441,2.463,,0.0,0.0,0,0,low_iv_skip,low_iv_skip,0.11672488379478455,0.003968253968253968,low_iv,valid,736.0,0.0674691629417337,0.04925572085305084,1.0,,none,,,,,,0.009012699713232382,0.0,0.0,0.0,0.009012699713232382,0.0,0,0.0,-0.0,-0.0,0.0,False
510050,大盘蓝筹/金融权重,S5_IVTiming_ATM_Monthly,2024-07-31,2024-08-30,2.463,2.429,,0.0,0.0,0,0,low_iv_skip,low_iv_skip,0.1270362811088562,0.07539682539682539,low_iv,valid,753.0,0.1231614251937387,0.003874855915117506,1.0,,none,,,,,,-0.013804303694681386,0.0,0.0,0.0,-0.013804303694681386,0.0,0,0.0,-0.0,-0.0,0.0,False
510050,大盘蓝筹/金融权重,S5_IVTiming_ATM_Monthly,2024-08-30,2024-09-30,2.429,2.909,,0.0,0.0,0,0,low_iv_skip,low_iv_skip,0.11415478291511534,0.015873015873015872,low_iv,valid,774.0,0.09118114782631939,0.02297363508879595,1.0,,none,,,,,,0.19761218608480857,0.0,0.0,0.0,0.19761218608480857,0.0,0,0.0,-0.0,-0.0,0.0,False
510050,大盘蓝筹/金融权重,S5_IVTiming_ATM_Monthly,2024-09-30,2024-10-23,2.909,2.817,2.9,0.1492,1.0,1,0,selected,high_iv_sell,0.436084951543808,1.0,high_iv,valid,792.0,0.3820969618621534,0.05398798968165458,1.0,,close,10007982.SH,0.5386445271658875,0.49150901012420656,23.0,-0.003093846682708845,-0.03162598831213463,0.05128910278446202,0.0,2.5644551392231008e-05,0.019637469920935156,0.051263458233069784,0,0.05128910278446202,-0.0,-2.5644551392231008e-05,0.05126345823306979,False
510050,大盘蓝筹/金融权重,S5_IVTiming_ATM_Monthly,2024-10-31,2024-11-27,2.741,2.729,2.75,0.082,1.0,1,0,selected,high_iv_sell,0.2771320797920227,0.9841269841269841,high_iv,valid,806.0,0.45477551150434675,-0.17764343171232405,1.0,,close,10007955.SH,0.5060955118218128,0.28374567890167235,27.0,0.0032834731849689103,-0.004377964246625323,0.02991608901860635,0.0,1.4958044509303174e-05,0.02552316672747172,0.029901130974097044,0,0.02991608901860635,-0.0,-1.4958044509303174e-05,0.029901130974097044,False
510050,大盘蓝筹/金融权重,S5_IVTiming_ATM_Monthly,2024-11-29,2024-12-25,2.732,2.764,2.744,0.034,1.0,1,0,selected,high_iv_sell,0.22541535596847534,0.8888888888888888,high_iv,valid,826.0,0.2271097786701619,-0.001694422701686571,1.0,,close,10007959.SH,0.47297162438925006,0.13013566064834597,26.0,0.004392386530014614,0.011713030746705558,0.012445095168374817,0.007320644216690912,6.222547584187409e-06,0.016831259150805276,0.005118228404099718,1,0.012445095168374817,-0.007320644216690912,-6.222547584187409e-06,0.005118228404099718,False
510050,大盘蓝筹/金融权重,S5_IVTiming_ATM_Monthly,2024-12-31,2025-01-22,2.738,2.607,2.744,0.0425,0.5,1,0,selected,normal_iv_sell,0.16805776138305661,0.6428571428571429,normal_iv,valid,847.0,0.1407591805560349,0.027298580827021718,1.0,,close,10008396.SH,0.4982196495342641,0.163384850692749,22.0,0.002191380569759094,-0.047845142439736955,0.007761139517896276,0.0,3.880569758948138e-06,-0.04008788349159963,0.007757258948137329,0,0.007761139517896276,-0.0,-3.880569758948138e-06,0.007757258948137328,False
510050,大盘蓝筹/金融权重,S5_IVTiming_ATM_Monthly,2025-01-27,2025-02-26,2.643,2.726,2.65,0.0417,0.5,1,0,selected,normal_iv_sell,0.1666248943805695,0.5833333333333334,normal_iv,valid,859.0,0.14608263802497937,0.02054225635559012,1.0,,close,10008575.SH,0.49833763329544833,0.142223240852356,30.0,0.0026485054861900004,0.03140370790768074,0.007888762769580024,0.01437760121074538,3.944381384790012e-06,0.024910925085130594,-0.006492782822550145,1,0.007888762769580024,-0.01437760121074538,-3.944381384790012e-06,-0.006492782822550146,False
510050,大盘蓝筹/金融权重,S5_IVTiming_ATM_Monthly,2025-02-28,2025-03-26,2.705,2.736,2.7,0.0479,0.5,1,0,selected,normal_iv_sell,0.15672356882095337,0.5158730158730159,normal_iv,valid,876.0,0.117211556255189,0.039512012565764365,1.0,,close,10008527.SH,0.5404328117619471,0.15071554079055788,26.0,-0.001848428835489746,0.01146025878003702,0.008853974121996303,0.006654343807763407,4.4269870609981515e-06,0.013655462107208919,0.0021952033271718987,1,0.008853974121996303,-0.006654343807763407,-4.4269870609981515e-06,0.002195203327171898,False
510050,大盘蓝筹/金融权重,S5_IVTiming_ATM_Monthly,2025-03-31,2025-04-23,2.725,2.708,2.7,0.0548,0.5,1,0,selected,normal_iv_sell,0.14142217044830324,0.38095238095238093,normal_iv,valid,896.0,0.15261693061895631,-0.011194760170653073,1.0,,close,10008934.SH,0.6212568563651204,0.14353928508758546,23.0,-0.00917431192660545,-0.006238532110091708,0.010055045871559634,0.001467889908256882,5.027522935779817e-06,0.002343596330275264,0.008582128440366972,1,0.010055045871559634,-0.001467889908256882,-5.027522935779817e-06,0.008582128440366973,False
510050,大盘蓝筹/金融权重,S5_IVTiming_ATM_Monthly,2025-04-30,2025-05-28,2.693,2.747,2.7,0.0383,0.5,1,0,selected,normal_iv_sell,0.1442211485862732,0.4523809523809524,normal_iv,valid,912.0,0.22428793489307208,-0.08006678630679889,1.0,,close,10009054.SH,0.4959065605004643,0.13340192985534666,28.0,0.0025993316004455647,0.020051986632008845,0.007111028592647605,0.008726327515781602,3.5555142963238028e-06,0.018433132194578525,-0.0016188544374303206,1,0.007111028592647605,-0.008726327515781602,-3.5555142963238028e-06,-0.0016188544374303212,False
510050,大盘蓝筹/金融权重,S5_IVTiming_ATM_Monthly,2025-05-30,2025-06-30,2.749,2.807,,0.0,0.0,0,0,low_iv_skip,low_iv_skip,0.12624713139533997,0.15079365079365079,low_iv,valid,930.0,0.09959633337441175,0.02665079802092822,1.0,,none,,,,,,0.02109858130229168,0.0,0.0,0.0,0.02109858130229168,0.0,0,0.0,-0.0,-0.0,0.0,False
510050,大盘蓝筹/金融权重,S5_IVTiming_ATM_Monthly,2025-06-30,2025-07-31,2.807,2.899,,0.0,0.0,0,0,low_iv_skip,low_iv_skip,0.12258509526252748,0.0992063492063492,low_iv,valid,949.0,0.09349368839779677,0.029091406864730704,1.0,,none,,,,,,0.03277520484503031,0.0,0.0,0.0,0.03277520484503031,0.0,0,0.0,-0.0,-0.0,0.0,False
510050,大盘蓝筹/金融权重,S5_IVTiming_ATM_Monthly,2025-07-31,2025-08-27,2.899,3.051,2.9,0.0476,0.5,1,0,selected,normal_iv_sell,0.14834093923568725,0.5753968253968254,normal_iv,valid,966.0,0.088445308202697,0.059895631032990254,1.0,,close,10009514.SH,0.5193086692502074,0.14613322734832762,27.0,0.0003449465332872048,0.052431873059675796,0.008209727492238703,0.026043463263194247,4.104863746119352e-06,0.03459403242497413,-0.017837840634701667,1,0.008209727492238703,-0.026043463263194247,-4.104863746119352e-06,-0.017837840634701667,False
510050,大盘蓝筹/金融权重,S5_IVTiming_ATM_Monthly,2025-08-29,2025-09-24,3.112,3.072,3.1,0.0828,1.0,1,0,selected,high_iv_sell,0.22094509701728823,0.8452380952380952,high_iv,valid,986.0,0.15268669301267807,0.06825840400461017,1.0,,close,10009495.SH,0.5470129412178888,0.2248765407562256,26.0,-0.003856041131105381,-0.012853470437018006,0.02660668380462725,0.0,1.3303341902313625e-05,0.01373991002570693,0.026593380462724935,0,0.02660668380462725,-0.0,-1.3303341902313625e-05,0.026593380462724935,False
510050,大盘蓝筹/金融权重,S5_IVTiming_ATM_Monthly,2025-09-30,2025-10-22,3.126,3.148,3.1,0.0613,0.5,1,0,selected,normal_iv_sell,0.1500479821205139,0.45634920634920634,normal_iv,valid,1007.0,0.13460411049047669,0.015443871630037215,1.0,,close,10009893.SH,0.611188229164702,0.14727284536361696,22.0,-0.008317338451695355,0.0070377479206654645,0.009804862444017915,0.007677543186180429,4.902431222008957e-06,0.009160164747280944,0.0021224168266154794,1,0.009804862444017915,-0.007677543186180429,-4.902431222008957e-06,0.0021224168266154777,False
510050,大盘蓝筹/金融权重,S5_IVTiming_ATM_Monthly,2025-10-31,2025-11-26,3.16,3.114,3.2,0.0362,0.5,1,0,selected,normal_iv_sell,0.1527468264579773,0.4365079365079365,normal_iv,valid,1022.0,0.136055525000346,0.016691301457631286,1.0,,close,10010070.SH,0.4007785841686536,0.1537338596343994,26.0,0.012658227848101333,-0.014556962025316538,0.005727848101265823,0.0,2.863924050632912e-06,-0.008831977848101349,0.005724984177215189,0,0.005727848101265823,-0.0,-2.863924050632912e-06,0.00572498417721519,False
510050,大盘蓝筹/金融权重,S5_IVTiming_ATM_Monthly,2025-11-28,2025-12-24,3.113,3.099,3.117,0.0121,0.5,1,0,selected,normal_iv_sell,0.16688714957237247,0.5396825396825397,normal_iv,valid,1041.0,0.10811104298457064,0.05877610658780183,1.0,,close,10009623.SH,0.5077689697450587,0.03584299850463866,26.0,0.0012849341471250497,-0.004497269514937292,0.0019434628975265017,0.0,9.71731448763251e-07,-0.002554778348859554,0.0019424911660777385,0,0.0019434628975265017,-0.0,-9.71731448763251e-07,0.0019424911660777383,False
510050,大盘蓝筹/金融权重,S5_IVTiming_ATM_Monthly,2025-12-31,2026-01-30,3.105,3.147,,0.0,0.0,0,0,low_iv_skip,low_iv_skip,0.12618991208076474,0.09523809523809523,low_iv,valid,1058.0,0.09009711214650622,0.036092799934258527,1.0,,none,,,,,,0.013526570048309119,0.0,0.0,0.0,0.013526570048309119,0.0,0,0.0,-0.0,-0.0,0.0,False
510050,大盘蓝筹/金融权重,S5_IVTiming_ATM_Monthly,2026-01-30,2026-02-25,3.147,3.134,3.1,0.0836,0.5,1,0,selected,normal_iv_sell,0.15795378408432004,0.5555555555555556,normal_iv,valid,1077.0,0.15391437483117013,0.0040394092531499115,1.0,,close,10010631.SH,0.6558549429723927,0.16264099960327144,26.0,-0.01493485859548771,-0.004130918334922117,0.013282491261518906,0.005401970130282779,6.641245630759454e-06,0.0037429615506832502,0.007873879885605367,1,0.013282491261518906,-0.005401970130282779,-6.641245630759454e-06,0.007873879885605369,False
510050,大盘蓝筹/金融权重,S5_IVTiming_ATM_Monthly,2026-02-27,2026-03-31,3.123,2.902,,0.0,0.0,0,0,low_iv_skip,low_iv_skip,0.12165766553878785,0.03968253968253968,low_iv,valid,1090.0,0.1619538190124928,-0.040296153473704965,1.0,,none,,,,,,-0.07076528978546272,0.0,0.0,0.0,-0.07076528978546272,0.0,0,0.0,-0.0,-0.0,0.0,False
510050,大盘蓝筹/金融权重,S5_IVTiming_ATM_Monthly,2026-03-31,2026-04-22,2.902,3.005,2.9,0.0471,1.0,1,0,selected,high_iv_sell,0.16358273415565489,0.7182539682539683,high_iv,valid,1111.0,0.1558062747095585,0.007776459446096395,1.0,,close,10011104.SH,0.5273552310760742,0.156013095664978,22.0,-0.000689179875947743,0.035492763611302464,0.016230186078566505,0.036181943487250165,8.115093039283254e-06,0.015532891109579523,-0.01995987250172294,1,0.016230186078566505,-0.036181943487250165,-8.115093039283254e-06,-0.019959872501722944,False
510050,大盘蓝筹/金融权重,S5_IVTiming_ATM_Monthly,2026-04-30,2026-05-29,3.062,2.997,,0.0,0.0,0,0,low_iv_skip,low_iv_skip,0.12588951067924503,0.09523809523809523,low_iv,valid,1127.0,0.12957288383826854,-0.0036833731590235064,1.0,,none,,,,,,-0.021227955584585224,0.0,0.0,0.0,-0.021227955584585224,0.0,0,0.0,-0.0,-0.0,0.0,False
510050,大盘蓝筹/金融权重,S5_IVTiming_ATM_Monthly,2026-05-29,2026-06-03,2.997,2.996,3.0,0.0498,1.0,1,0,selected,high_iv_sell,0.16189714851379394,0.7222222222222222,high_iv,valid,1144.0,0.14570994030060017,0.016187208213193777,1.0,,close,10010601.SH,0.5123164271005729,0.15410578517913814,26.0,0.0010010010010010895,-0.00033366700033363026,0.016616616616616616,0.0,8.308308308308309e-06,0.016274641307974676,0.016608308308308308,0,0.016616616616616616,-0.0,-8.308308308308309e-06,0.016608308308308308,False
510050,大盘蓝筹/金融权重,S6_IVTiming_OTM5_Monthly,2021-01-29,2021-02-26,3.704,3.743,,0.0,0.0,0,0,warmup_invalid_skip,warmup_invalid_skip,0.22248286609649656,,warmup_invalid,warmup,19.0,0.2332334850670202,-0.010750618970523651,0.0,,none,,,,,,0.010529157667386529,0.0,0.0,0.0,0.010529157667386529,0.0,0,0.0,-0.0,-0.0,0.0,False
510050,大盘蓝筹/金融权重,S6_IVTiming_OTM5_Monthly,2021-02-26,2021-03-31,3.743,3.527,,0.0,0.0,0,0,warmup_invalid_skip,warmup_invalid_skip,0.24173954958915714,,warmup_invalid,warmup,33.0,0.2500211319087956,-0.008281582319638464,0.0,,none,,,,,,-0.05770772107934805,0.0,0.0,0.0,-0.05770772107934805,0.0,0,0.0,-0.0,-0.0,0.0,False
510050,大盘蓝筹/金融权重,S6_IVTiming_OTM5_Monthly,2021-03-31,2021-04-30,3.527,3.482,,0.0,0.0,0,0,warmup_invalid_skip,warmup_invalid_skip,0.17938718566894532,,warmup_invalid,warmup,50.0,0.24053123006390326,-0.061144044394957936,0.0,,none,,,,,,-0.012758718457612681,0.0,0.0,0.0,-0.012758718457612681,0.0,0,0.0,-0.0,-0.0,0.0,False
510050,大盘蓝筹/金融权重,S6_IVTiming_OTM5_Monthly,2021-04-30,2021-05-31,3.482,3.639,,0.0,0.0,0,0,warmup_invalid_skip,warmup_invalid_skip,0.17242550239562987,,warmup_invalid,warmup,70.0,0.15128196613995787,0.021143536255672002,0.0,,none,,,,,,0.04508902929350936,0.0,0.0,0.0,0.04508902929350936,0.0,0,0.0,-0.0,-0.0,0.0,False
510050,大盘蓝筹/金融权重,S6_IVTiming_OTM5_Monthly,2021-05-31,2021-06-30,3.639,3.515,,0.0,0.0,0,0,warmup_invalid_skip,warmup_invalid_skip,0.21529945797920227,,warmup_invalid,warmup,87.0,0.21257657792561604,0.0027228800535862296,0.0,,none,,,,,,-0.03407529541082706,0.0,0.0,0.0,-0.03407529541082706,0.0,0,0.0,-0.0,-0.0,0.0,False
510050,大盘蓝筹/金融权重,S6_IVTiming_OTM5_Monthly,2021-06-30,2021-07-30,3.515,3.163,,0.0,0.0,0,0,warmup_invalid_skip,warmup_invalid_skip,0.16354458794593812,,warmup_invalid,warmup,102.0,0.11822929669668861,0.04531529124924952,0.0,,none,,,,,,-0.10014224751066865,0.0,0.0,0.0,-0.10014224751066865,0.0,0,0.0,-0.0,-0.0,0.0,False
510050,大盘蓝筹/金融权重,S6_IVTiming_OTM5_Monthly,2021-07-30,2021-08-31,3.163,3.138,,0.0,0.0,0,0,warmup_invalid_skip,warmup_invalid_skip,0.18831816701889037,,warmup_invalid,warmup,123.0,0.22475373594455714,-0.03643556892566677,0.0,,none,,,,,,-0.00790388871324689,0.0,0.0,0.0,-0.00790388871324689,0.0,0,0.0,-0.0,-0.0,0.0,False
510050,大盘蓝筹/金融权重,S6_IVTiming_OTM5_Monthly,2021-08-31,2021-09-30,3.138,3.231,,0.0,0.0,0,0,warmup_invalid_skip,warmup_invalid_skip,0.1938255260467529,,warmup_invalid,warmup,144.0,0.19902519014959427,-0.005199664102841367,0.0,,none,,,,,,0.02963671128107074,0.0,0.0,0.0,0.02963671128107074,0.0,0,0.0,-0.0,-0.0,0.0,False
510050,大盘蓝筹/金融权重,S6_IVTiming_OTM5_Monthly,2021-09-30,2021-10-29,3.231,3.304,,0.0,0.0,0,0,warmup_invalid_skip,warmup_invalid_skip,0.2002317051410675,,warmup_invalid,warmup,158.0,0.1731821697846142,0.027049535356453297,0.0,,none,,,,,,0.022593624264933443,0.0,0.0,0.0,0.022593624264933443,0.0,0,0.0,-0.0,-0.0,0.0,False
510050,大盘蓝筹/金融权重,S6_IVTiming_OTM5_Monthly,2021-10-29,2021-11-30,3.304,3.164,,0.0,0.0,0,0,warmup_invalid_skip,warmup_invalid_skip,0.1743566542625427,,warmup_invalid,warmup,173.0,0.1538994570068667,0.02045719725567602,0.0,,none,,,,,,-0.04237288135593211,0.0,0.0,0.0,-0.04237288135593211,0.0,0,0.0,-0.0,-0.0,0.0,False
510050,大盘蓝筹/金融权重,S6_IVTiming_OTM5_Monthly,2021-11-30,2021-12-31,3.164,3.256,,0.0,0.0,0,0,warmup_invalid_skip,warmup_invalid_skip,0.1645816880226135,,warmup_invalid,warmup,194.0,0.1307042002679788,0.0338774877546347,0.0,,none,,,,,,0.029077117572692678,0.0,0.0,0.0,0.029077117572692678,0.0,0,0.0,-0.0,-0.0,0.0,False
510050,大盘蓝筹/金融权重,S6_IVTiming_OTM5_Monthly,2021-12-31,2022-01-28,3.256,3.036,,0.0,0.0,0,0,warmup_invalid_skip,warmup_invalid_skip,0.15782504062652586,,warmup_invalid,warmup,211.0,0.1417255794419797,0.016099461184546165,0.0,,none,,,,,,-0.0675675675675675,0.0,0.0,0.0,-0.0675675675675675,0.0,0,0.0,-0.0,-0.0,0.0,False
510050,大盘蓝筹/金融权重,S6_IVTiming_OTM5_Monthly,2022-01-28,2022-02-28,3.036,3.061,,0.0,0.0,0,0,warmup_invalid_skip,warmup_invalid_skip,0.2287269237995148,,warmup_invalid,warmup,229.0,0.16786023315613388,0.060866690643380905,0.0,,none,,,,,,0.008234519104084292,0.0,0.0,0.0,0.008234519104084292,0.0,0,0.0,-0.0,-0.0,0.0,False
510050,大盘蓝筹/金融权重,S6_IVTiming_OTM5_Monthly,2022-02-28,2022-03-31,3.061,2.881,,0.0,0.0,0,0,warmup_invalid_skip,warmup_invalid_skip,0.17262100172042844,,warmup_invalid,warmup,245.0,0.17678704209516952,-0.004166040374741081,0.0,,none,,,,,,-0.058804312316236576,0.0,0.0,0.0,-0.058804312316236576,0.0,0,0.0,-0.0,-0.0,0.0,False
510050,大盘蓝筹/金融权重,S6_IVTiming_OTM5_Monthly,2022-03-31,2022-04-27,2.881,2.714,3.0,0.019,0.5,1,0,selected,normal_iv_sell,0.1878270345687866,0.6349206349206349,normal_iv,valid,262.0,0.33343822887758573,-0.14561119430879912,1.0,,close,10004038.SH,0.2290720282922888,0.1868543062210083,27.0,0.041305102395001736,-0.057965984033321705,0.0032974661575841725,0.0,1.6487330787920863e-06,-0.05467016660881632,0.0032958174245053817,0,0.0032974661575841725,-0.0,-1.6487330787920863e-06,0.0032958174245053804,False
510050,大盘蓝筹/金融权重,S6_IVTiming_OTM5_Monthly,2022-04-29,2022-05-25,2.793,2.725,2.95,0.0117,1.0,1,0,selected,high_iv_sell,0.20684530425071715,0.8412698412698413,high_iv,valid,280.0,0.2627041648176504,-0.05585886056693326,1.0,,close,10004168.SH,0.15790693282160245,0.19394950122833254,26.0,0.05621195846759752,-0.0243465807375582,0.0041890440386680985,0.0,2.0945220193340494e-06,-0.020159631220909437,0.004186949516648764,0,0.0041890440386680985,-0.0,-2.0945220193340494e-06,0.004186949516648764,False
510050,大盘蓝筹/金融权重,S6_IVTiming_OTM5_Monthly,2022-05-31,2022-06-22,2.792,2.898,2.95,0.0084,1.0,1,0,selected,high_iv_sell,0.19702980766296388,0.7658730158730159,high_iv,valid,298.0,0.196213506403297,0.0008163012596668906,1.0,,close,10003802.SH,0.1305105263304066,0.19112668170928954,22.0,0.056590257879656214,0.03796561604584539,0.003008595988538682,0.0,1.5042979942693409e-06,0.04097270773638981,0.0030070916905444167,0,0.003008595988538682,-0.0,-1.5042979942693409e-06,0.003007091690544413,False
510050,大盘蓝筹/金融权重,S6_IVTiming_OTM5_Monthly,2022-06-30,2022-07-27,3.069,2.867,3.2,0.0297,1.0,1,0,selected,high_iv_sell,0.21420513858795168,0.8968253968253969,high_iv,valid,314.0,0.16578521621918438,0.0484199223687673,1.0,,close,10004329.SH,0.2662575694661295,0.22634516983032227,27.0,0.0426849136526557,-0.06581948517432387,0.00967741935483871,0.0,4.838709677419355e-06,-0.056146904529162586,0.009672580645161286,0,0.00967741935483871,-0.0,-4.838709677419355e-06,0.00967258064516129,False
510050,大盘蓝筹/金融权重,S6_IVTiming_OTM5_Monthly,2022-07-29,2022-08-24,2.828,2.746,2.95,0.0183,0.5,1,0,selected,normal_iv_sell,0.19389466605186464,0.6190476190476191,normal_iv,valid,334.0,0.12485131112202899,0.06904335492983565,1.0,,close,10004346.SH,0.2227325223686898,0.19383506259918215,26.0,0.04314002828854324,-0.028995756718528946,0.0032355021216407356,0.0,1.6177510608203678e-06,-0.02576187234794903,0.003233884370579917,0,0.0032355021216407356,-0.0,-1.6177510608203678e-06,0.003233884370579915,False
510050,大盘蓝筹/金融权重,S6_IVTiming_OTM5_Monthly,2022-08-31,2022-09-30,2.801,2.65,,0.0,0.0,0,0,low_iv_skip,low_iv_skip,0.16335385689735413,0.15476190476190477,low_iv,valid,351.0,0.1503886756532389,0.01296518124411522,1.0,,none,,,,,,-0.053909318100678415,0.0,0.0,0.0,-0.053909318100678415,0.0,0,0.0,-0.0,-0.0,0.0,False
510050,大盘蓝筹/金融权重,S6_IVTiming_OTM5_Monthly,2022-09-30,2022-10-31,2.65,2.333,,0.0,0.0,0,0,low_iv_skip,low_iv_skip,0.16750464134216306,0.21825396825396826,low_iv,valid,371.0,0.13469155734673083,0.03281308399543223,1.0,,none,,,,,,-0.11962264150943386,0.0,0.0,0.0,-0.11962264150943386,0.0,0,0.0,-0.0,-0.0,0.0,False
510050,大盘蓝筹/金融权重,S6_IVTiming_OTM5_Monthly,2022-10-31,2022-11-23,2.333,2.575,2.45,0.0196,1.0,1,0,selected,high_iv_sell,0.2534623566627503,0.9761904761904762,high_iv,valid,387.0,0.20679345630262672,0.04666890036012358,1.0,,close,10004595.SH,0.23463640526055796,0.251464448928833,23.0,0.05015002143163305,0.10372910415773681,0.008401200171453065,0.053579082726103726,4.200600085726532e-06,0.05854702100300043,-0.04518208315473638,1,0.008401200171453065,-0.053579082726103726,-4.200600085726532e-06,-0.04518208315473639,False
510050,大盘蓝筹/金融权重,S6_IVTiming_OTM5_Monthly,2022-11-30,2022-12-28,2.645,2.649,2.761,0.0194,1.0,1,0,selected,high_iv_sell,0.23845659141540523,0.9563492063492064,high_iv,valid,403.0,0.25548531692402526,-0.01702872550862003,1.0,,close,10004243.SH,0.2342679202417211,0.19861287536621092,28.0,0.04385633270321354,0.0015122873345935742,0.007334593572778828,0.0,3.667296786389414e-06,0.008843213610586013,0.007330926275992439,0,0.007334593572778828,-0.0,-3.667296786389414e-06,0.007330926275992439,False
510050,大盘蓝筹/金融权重,S6_IVTiming_OTM5_Monthly,2022-12-30,2023-01-31,2.649,2.819,,0.0,0.0,0,0,low_iv_skip,low_iv_skip,0.16094110913276674,0.11507936507936507,low_iv,valid,420.0,0.1531339152213846,0.007807193911382154,1.0,,none,,,,,,0.06417516043790107,0.0,0.0,0.0,0.06417516043790107,0.0,0,0.0,-0.0,-0.0,0.0,False
510050,大盘蓝筹/金融权重,S6_IVTiming_OTM5_Monthly,2023-01-31,2023-02-22,2.819,2.775,2.95,0.0145,0.5,1,0,selected,normal_iv_sell,0.17979725742340089,0.376984126984127,normal_iv,valid,436.0,0.12518078477850866,0.05461647264489222,1.0,,close,10004999.SH,0.19253185252987343,0.20160735282897949,22.0,0.04647037956722255,-0.015608371763036552,0.002571833983682157,0.0,1.2859169918410787e-06,-0.013037823696346235,0.002570548066690317,0,0.002571833983682157,-0.0,-1.2859169918410787e-06,0.002570548066690316,False
510050,大盘蓝筹/金融权重,S6_IVTiming_OTM5_Monthly,2023-02-28,2023-03-31,2.746,2.669,,0.0,0.0,0,0,low_iv_skip,low_iv_skip,0.1741826121807098,0.2777777777777778,low_iv,valid,455.0,0.16589150077790427,0.008291111402805529,1.0,,none,,,,,,-0.028040786598688985,0.0,0.0,0.0,-0.028040786598688985,0.0,0,0.0,-0.0,-0.0,0.0,False
510050,大盘蓝筹/金融权重,S6_IVTiming_OTM5_Monthly,2023-03-31,2023-04-28,2.669,2.68,,0.0,0.0,0,0,low_iv_skip,low_iv_skip,0.15699536056518554,0.03968253968253968,low_iv,valid,472.0,0.12206600901186267,0.03492935155332287,1.0,,none,,,,,,0.004121393780442158,0.0,0.0,0.0,0.004121393780442158,0.0,0,0.0,-0.0,-0.0,0.0,False
510050,大盘蓝筹/金融权重,S6_IVTiming_OTM5_Monthly,2023-04-28,2023-05-31,2.68,2.5,,0.0,0.0,0,0,low_iv_skip,low_iv_skip,0.1381034502029419,0.003968253968253968,low_iv,valid,490.0,0.13857090481168818,-0.00046745460874628164,1.0,,none,,,,,,-0.06716417910447767,0.0,0.0,0.0,-0.06716417910447767,0.0,0,0.0,-0.0,-0.0,0.0,False
510050,大盘蓝筹/金融权重,S6_IVTiming_OTM5_Monthly,2023-05-31,2023-06-30,2.5,2.542,,0.0,0.0,0,0,low_iv_skip,low_iv_skip,0.16802438344955442,0.23809523809523808,low_iv,valid,504.0,0.1513635774575887,0.016660805991965733,1.0,,none,,,,,,0.016799999999999926,0.0,0.0,0.0,0.016799999999999926,0.0,0,0.0,-0.0,-0.0,0.0,False
510050,大盘蓝筹/金融权重,S6_IVTiming_OTM5_Monthly,2023-06-30,2023-07-31,2.542,2.731,,0.0,0.0,0,0,low_iv_skip,low_iv_skip,0.14494115829467774,0.01984126984126984,low_iv,valid,523.0,0.1288815341669179,0.016059624127759853,1.0,,none,,,,,,0.0743509047993706,0.0,0.0,0.0,0.0743509047993706,0.0,0,0.0,-0.0,-0.0,0.0,False
510050,大盘蓝筹/金融权重,S6_IVTiming_OTM5_Monthly,2023-07-31,2023-08-23,2.731,2.535,2.85,0.0158,0.5,1,0,selected,normal_iv_sell,0.1770459620475769,0.49603174603174605,normal_iv,valid,543.0,0.17231121638800082,0.004734745659576073,1.0,,close,10005763.SH,0.21010796066640336,0.19843168087005614,23.0,0.043573782497253744,-0.07176858293665314,0.002892713291834493,0.0,1.4463566459172467e-06,-0.06887731600146457,0.002891266935188569,0,0.002892713291834493,-0.0,-1.4463566459172467e-06,0.002891266935188576,False
510050,大盘蓝筹/金融权重,S6_IVTiming_OTM5_Monthly,2023-08-31,2023-09-27,2.59,2.604,2.7,0.0165,0.5,1,0,selected,normal_iv_sell,0.17430658736228943,0.49206349206349204,normal_iv,valid,560.0,0.13394606830404995,0.04036051905823948,1.0,,close,10005106.SH,0.22278981350241178,0.18711179313659665,27.0,0.04247104247104261,0.005405405405405496,0.003185328185328186,0.0,1.5926640926640929e-06,0.008589140926641018,0.003183735521235522,0,0.003185328185328186,-0.0,-1.5926640926640929e-06,0.003183735521235522,False
510050,大盘蓝筹/金融权重,S6_IVTiming_OTM5_Monthly,2023-09-28,2023-10-31,2.583,2.488,,0.0,0.0,0,0,low_iv_skip,low_iv_skip,0.15566501150131223,0.21428571428571427,low_iv,valid,579.0,0.14555069599504122,0.01011431550627101,1.0,,none,,,,,,-0.03677893921796368,0.0,0.0,0.0,-0.03677893921796368,0.0,0,0.0,-0.0,-0.0,0.0,False
510050,大盘蓝筹/金融权重,S6_IVTiming_OTM5_Monthly,2023-10-31,2023-11-30,2.488,2.401,,0.0,0.0,0,0,low_iv_skip,low_iv_skip,0.14776874608993532,0.09523809523809523,low_iv,valid,596.0,0.13345872558902658,0.014310020500908738,1.0,,none,,,,,,-0.03496784565916406,0.0,0.0,0.0,-0.03496784565916406,0.0,0,0.0,-0.0,-0.0,0.0,False
510050,大盘蓝筹/金融权重,S6_IVTiming_OTM5_Monthly,2023-11-30,2023-12-29,2.401,2.355,,0.0,0.0,0,0,low_iv_skip,low_iv_skip,0.14584236249923704,0.09523809523809523,low_iv,valid,612.0,0.12185948871989757,0.02398287377933947,1.0,,none,,,,,,-0.019158683881715877,0.0,0.0,0.0,-0.019158683881715877,0.0,0,0.0,-0.0,-0.0,0.0,False
510050,大盘蓝筹/金融权重,S6_IVTiming_OTM5_Monthly,2023-12-29,2024-01-31,2.355,2.292,,0.0,0.0,0,0,low_iv_skip,low_iv_skip,0.1502387131690979,0.1984126984126984,low_iv,valid,632.0,0.1481907172204882,0.0020479959486096877,1.0,,none,,,,,,-0.02675159235668797,0.0,0.0,0.0,-0.02675159235668797,0.0,0,0.0,-0.0,-0.0,0.0,False
510050,大盘蓝筹/金融权重,S6_IVTiming_OTM5_Monthly,2024-01-31,2024-02-28,2.292,2.424,2.4,0.0137,1.0,1,0,selected,high_iv_sell,0.19180377693176268,0.9206349206349206,high_iv,valid,648.0,0.17114050151196503,0.02066327541979765,1.0,,close,10006507.SH,0.20651740851633538,0.19020163612365723,28.0,0.04712041884816753,0.05759162303664927,0.005977312390924957,0.010471204188481685,2.9886561954624786e-06,0.05309474258289707,-0.004496880453752197,1,0.005977312390924957,-0.010471204188481685,-2.9886561954624786e-06,-0.00449688045375219,False
510050,大盘蓝筹/金融权重,S6_IVTiming_OTM5_Monthly,2024-02-29,2024-03-27,2.444,2.433,2.559,0.0144,1.0,1,0,selected,high_iv_sell,0.18165688514709472,0.8293650793650794,high_iv,valid,663.0,0.18113605186882079,0.00052083327827393,1.0,,close,10005768.SH,0.20512710506656245,0.19257623767852783,27.0,0.047054009819967435,-0.004500818330605614,0.005891980360065467,0.0,2.945990180032733e-06,0.00138821603927982,0.005889034369885434,0,0.005891980360065467,-0.0,-2.945990180032733e-06,0.005889034369885434,False
510050,大盘蓝筹/金融权重,S6_IVTiming_OTM5_Monthly,2024-03-29,2024-04-30,2.449,2.5,,0.0,0.0,0,0,low_iv_skip,low_iv_skip,0.1367421073436737,0.015873015873015872,low_iv,valid,683.0,0.084829907090563,0.051912200253110705,1.0,,none,,,,,,0.020824826459779566,0.0,0.0,0.0,0.020824826459779566,0.0,0,0.0,-0.0,-0.0,0.0,False
510050,大盘蓝筹/金融权重,S6_IVTiming_OTM5_Monthly,2024-04-30,2024-05-31,2.5,2.499,,0.0,0.0,0,0,low_iv_skip,low_iv_skip,0.13292987051010136,0.011904761904761904,low_iv,valid,703.0,0.1211434827772391,0.011786387732862252,1.0,,none,,,,,,-0.00039999999999995595,0.0,0.0,0.0,-0.00039999999999995595,0.0,0,0.0,-0.0,-0.0,0.0,False
510050,大盘蓝筹/金融权重,S6_IVTiming_OTM5_Monthly,2024-05-31,2024-06-28,2.499,2.441,,0.0,0.0,0,0,low_iv_skip,low_iv_skip,0.12609931483268738,0.003968253968253968,low_iv,valid,718.0,0.111132076842584,0.014967237990103383,1.0,,none,,,,,,-0.023209283713485504,0.0,0.0,0.0,-0.023209283713485504,0.0,0,0.0,-0.0,-0.0,0.0,False
510050,大盘蓝筹/金融权重,S6_IVTiming_OTM5_Monthly,2024-06-28,2024-07-31,2.441,2.463,,0.0,0.0,0,0,low_iv_skip,low_iv_skip,0.11672488379478455,0.003968253968253968,low_iv,valid,736.0,0.0674691629417337,0.04925572085305084,1.0,,none,,,,,,0.009012699713232382,0.0,0.0,0.0,0.009012699713232382,0.0,0,0.0,-0.0,-0.0,0.0,False
510050,大盘蓝筹/金融权重,S6_IVTiming_OTM5_Monthly,2024-07-31,2024-08-30,2.463,2.429,,0.0,0.0,0,0,low_iv_skip,low_iv_skip,0.1270362811088562,0.07539682539682539,low_iv,valid,753.0,0.1231614251937387,0.003874855915117506,1.0,,none,,,,,,-0.013804303694681386,0.0,0.0,0.0,-0.013804303694681386,0.0,0,0.0,-0.0,-0.0,0.0,False
510050,大盘蓝筹/金融权重,S6_IVTiming_OTM5_Monthly,2024-08-30,2024-09-30,2.429,2.909,,0.0,0.0,0,0,low_iv_skip,low_iv_skip,0.11415478291511534,0.015873015873015872,low_iv,valid,774.0,0.09118114782631939,0.02297363508879595,1.0,,none,,,,,,0.19761218608480857,0.0,0.0,0.0,0.19761218608480857,0.0,0,0.0,-0.0,-0.0,0.0,False
510050,大盘蓝筹/金融权重,S6_IVTiming_OTM5_Monthly,2024-09-30,2024-10-23,2.909,2.817,2.9,0.1492,1.0,1,0,selected,high_iv_sell,0.436084951543808,1.0,high_iv,valid,792.0,0.3820969618621534,0.05398798968165458,1.0,,close,10007982.SH,0.5386445271658875,0.49150901012420656,23.0,-0.003093846682708845,-0.03162598831213463,0.05128910278446202,0.0,2.5644551392231008e-05,0.019637469920935156,0.051263458233069784,0,0.05128910278446202,-0.0,-2.5644551392231008e-05,0.05126345823306979,False
510050,大盘蓝筹/金融权重,S6_IVTiming_OTM5_Monthly,2024-10-31,2024-11-27,2.741,2.729,2.9,0.0408,1.0,1,0,selected,high_iv_sell,0.2771320797920227,0.9841269841269841,high_iv,valid,806.0,0.45477551150434675,-0.17764343171232405,1.0,,close,10007986.SH,0.2826455867956038,0.32597353305816645,27.0,0.05800802626778534,-0.004377964246625323,0.014885078438526086,0.0,7.442539219263043e-06,0.010499671652681501,0.014877635899306824,0,0.014885078438526086,-0.0,-7.442539219263043e-06,0.014877635899306824,False
510050,大盘蓝筹/金融权重,S6_IVTiming_OTM5_Monthly,2024-11-29,2024-12-25,2.732,2.764,2.891,0.011,1.0,1,0,selected,high_iv_sell,0.22541535596847534,0.8888888888888888,high_iv,valid,826.0,0.2271097786701619,-0.001694422701686571,1.0,,close,10008055.SH,0.15177907824032782,0.19584727516174316,26.0,0.05819912152269402,0.011713030746705558,0.004026354319180087,0.0,2.013177159590044e-06,0.015737371888726055,0.004024341142020497,0,0.004026354319180087,-0.0,-2.013177159590044e-06,0.004024341142020497,False
510050,大盘蓝筹/金融权重,S6_IVTiming_OTM5_Monthly,2024-12-31,2025-01-22,2.738,2.607,2.891,0.0099,0.5,1,0,selected,normal_iv_sell,0.16805776138305661,0.6428571428571429,normal_iv,valid,847.0,0.1407591805560349,0.027298580827021718,1.0,,close,10008399.SH,0.1458087685390589,0.20067277069091796,22.0,0.05588020452885312,-0.047845142439736955,0.0018078889700511324,0.0,9.039444850255663e-07,-0.046038157414170854,0.0018069850255661019,0,0.0018078889700511324,-0.0,-9.039444850255663e-07,0.0018069850255661068,False
510050,大盘蓝筹/金融权重,S6_IVTiming_OTM5_Monthly,2025-01-27,2025-02-26,2.643,2.726,2.8,0.0099,0.5,1,0,selected,normal_iv_sell,0.1666248943805695,0.5833333333333334,normal_iv,valid,859.0,0.14608263802497937,0.02054225635559012,1.0,,close,10008578.SH,0.14456254043261518,0.18008335399627684,30.0,0.05940219447597439,0.03140370790768074,0.0018728717366628834,0.0,9.364358683314418e-07,0.033275643208475286,0.0018719353007945472,0,0.0018728717366628834,-0.0,-9.364358683314418e-07,0.001871935300794552,False
510050,大盘蓝筹/金融权重,S6_IVTiming_OTM5_Monthly,2025-02-28,2025-03-26,2.705,2.736,2.842,0.0094,0.5,1,0,selected,normal_iv_sell,0.15672356882095337,0.5158730158730159,normal_iv,valid,876.0,0.117211556255189,0.039512012565764365,1.0,,close,10007994.SH,0.15060679873288657,0.17015580291748045,26.0,0.05064695009242137,0.01146025878003702,0.0017375231053604436,0.0,8.687615526802218e-07,0.013196913123844784,0.0017366543438077642,0,0.0017375231053604436,-0.0,-8.687615526802218e-07,0.0017366543438077633,False
510050,大盘蓝筹/金融权重,S6_IVTiming_OTM5_Monthly,2025-03-31,2025-04-23,2.725,2.708,2.85,0.0088,0.5,1,0,selected,normal_iv_sell,0.14142217044830324,0.38095238095238093,normal_iv,valid,896.0,0.15261693061895631,-0.011194760170653073,1.0,,close,10008937.SH,0.15215798875138686,0.16569269638061523,23.0,0.04587155963302747,-0.006238532110091708,0.0016146788990825688,0.0,8.073394495412844e-07,-0.004624660550458681,0.0016138715596330268,0,0.0016146788990825688,-0.0,-8.073394495412844e-07,0.0016138715596330276,False
510050,大盘蓝筹/金融权重,S6_IVTiming_OTM5_Monthly,2025-04-30,2025-05-28,2.693,2.747,2.85,0.0055,0.5,1,0,selected,normal_iv_sell,0.1442211485862732,0.4523809523809524,normal_iv,valid,912.0,0.22428793489307208,-0.08006678630679889,1.0,,close,10009057.SH,0.10227104159858919,0.15428697967529295,28.0,0.058299294467137,0.020051986632008845,0.0010211659858893427,0.0,5.105829929446713e-07,0.021072642034905244,0.001020655402896399,0,0.0010211659858893427,-0.0,-5.105829929446713e-07,0.001020655402896398,False
510050,大盘蓝筹/金融权重,S6_IVTiming_OTM5_Monthly,2025-05-30,2025-06-30,2.749,2.807,,0.0,0.0,0,0,low_iv_skip,low_iv_skip,0.12624713139533997,0.15079365079365079,low_iv,valid,930.0,0.09959633337441175,0.02665079802092822,1.0,,none,,,,,,0.02109858130229168,0.0,0.0,0.0,0.02109858130229168,0.0,0,0.0,-0.0,-0.0,0.0,False
510050,大盘蓝筹/金融权重,S6_IVTiming_OTM5_Monthly,2025-06-30,2025-07-31,2.807,2.899,,0.0,0.0,0,0,low_iv_skip,low_iv_skip,0.12258509526252748,0.0992063492063492,low_iv,valid,949.0,0.09349368839779677,0.029091406864730704,1.0,,none,,,,,,0.03277520484503031,0.0,0.0,0.0,0.03277520484503031,0.0,0,0.0,-0.0,-0.0,0.0,False
510050,大盘蓝筹/金融权重,S6_IVTiming_OTM5_Monthly,2025-07-31,2025-08-27,2.899,3.051,3.0,0.0162,0.5,1,0,selected,normal_iv_sell,0.14834093923568725,0.5753968253968254,normal_iv,valid,966.0,0.088445308202697,0.059895631032990254,1.0,,close,10009516.SH,0.22900515039625596,0.15777735786437988,27.0,0.03483959986202145,0.052431873059675796,0.0027940669196274575,0.008796136598827208,1.397033459813729e-06,0.046428406347016234,-0.006003466712659562,1,0.0027940669196274575,-0.008796136598827208,-1.397033459813729e-06,-0.006003466712659565,False
510050,大盘蓝筹/金融权重,S6_IVTiming_OTM5_Monthly,2025-08-29,2025-09-24,3.112,3.072,3.3,0.0296,1.0,1,0,selected,high_iv_sell,0.22094509701728823,0.8452380952380952,high_iv,valid,986.0,0.15268669301267807,0.06825840400461017,1.0,,close,10009725.SH,0.22991518721688575,0.2763357776641846,26.0,0.06041131105398456,-0.012853470437018006,0.009511568123393316,0.0,4.755784061696658e-06,-0.003346658097686386,0.00950681233933162,0,0.009511568123393316,-0.0,-4.755784061696658e-06,0.00950681233933162,False
510050,大盘蓝筹/金融权重,S6_IVTiming_OTM5_Monthly,2025-09-30,2025-10-22,3.126,3.148,3.3,0.0101,0.5,1,0,selected,normal_iv_sell,0.1500479821205139,0.45634920634920634,normal_iv,valid,1007.0,0.13460411049047669,0.015443871630037215,1.0,,close,10009895.SH,0.13716737482644492,0.19315796737670898,22.0,0.05566218809980805,0.0070377479206654645,0.0016154830454254638,0.0,8.077415227127319e-07,0.008652423224568214,0.0016146753039027496,0,0.0016154830454254638,-0.0,-8.077415227127319e-07,0.001614675303902751,False
510050,大盘蓝筹/金融权重,S6_IVTiming_OTM5_Monthly,2025-10-31,2025-11-26,3.16,3.114,3.3,0.013,0.5,1,0,selected,normal_iv_sell,0.1527468264579773,0.4365079365079365,normal_iv,valid,1022.0,0.136055525000346,0.016691301457631286,1.0,,close,10010071.SH,0.17646504439027816,0.16518725910186766,26.0,0.04430379746835422,-0.014556962025316538,0.0020569620253164554,0.0,1.0284810126582277e-06,-0.012501028481012743,0.002055933544303796,0,0.0020569620253164554,-0.0,-1.0284810126582277e-06,0.002055933544303797,False
510050,大盘蓝筹/金融权重,S6_IVTiming_OTM5_Monthly,2025-11-28,2025-12-24,3.113,3.099,3.312,0.0016,0.5,1,0,selected,normal_iv_sell,0.16688714957237247,0.5396825396825397,normal_iv,valid,1041.0,0.10811104298457064,0.05877610658780183,1.0,,close,10009789.SH,0.03831431862984053,0.12689800109863283,26.0,0.06392547381946678,-0.004497269514937292,0.00025698682942499197,0.0,1.28493414712496e-07,-0.0042404111789270124,0.00025685833601027993,0,0.00025698682942499197,-0.0,-1.28493414712496e-07,0.0002568583360102795,False
510050,大盘蓝筹/金融权重,S6_IVTiming_OTM5_Monthly,2025-12-31,2026-01-30,3.105,3.147,,0.0,0.0,0,0,low_iv_skip,low_iv_skip,0.12618991208076474,0.09523809523809523,low_iv,valid,1058.0,0.09009711214650622,0.036092799934258527,1.0,,none,,,,,,0.013526570048309119,0.0,0.0,0.0,0.013526570048309119,0.0,0,0.0,-0.0,-0.0,0.0,False
510050,大盘蓝筹/金融权重,S6_IVTiming_OTM5_Monthly,2026-01-30,2026-02-25,3.147,3.134,3.3,0.0174,0.5,1,0,selected,normal_iv_sell,0.15795378408432004,0.5555555555555556,normal_iv,valid,1077.0,0.15391437483117013,0.0040394092531499115,1.0,,close,10010633.SH,0.19577390553060942,0.19541813030242922,26.0,0.04861773117254531,-0.004130918334922117,0.0027645376549094375,0.0,1.3822688274547188e-06,-0.001367762948840134,0.002763155386081983,0,0.0027645376549094375,-0.0,-1.3822688274547188e-06,0.002763155386081983,False
510050,大盘蓝筹/金融权重,S6_IVTiming_OTM5_Monthly,2026-02-27,2026-03-31,3.123,2.902,,0.0,0.0,0,0,low_iv_skip,low_iv_skip,0.12165766553878785,0.03968253968253968,low_iv,valid,1090.0,0.1619538190124928,-0.040296153473704965,1.0,,none,,,,,,-0.07076528978546272,0.0,0.0,0.0,-0.07076528978546272,0.0,0,0.0,-0.0,-0.0,0.0,False
510050,大盘蓝筹/金融权重,S6_IVTiming_OTM5_Monthly,2026-03-31,2026-04-22,2.902,3.005,3.0,0.012,1.0,1,0,selected,high_iv_sell,0.16358273415565489,0.7182539682539683,high_iv,valid,1111.0,0.1558062747095585,0.007776459446096395,1.0,,close,10011106.SH,0.20126135200610196,0.1523319864273071,22.0,0.03376981392143352,0.035492763611302464,0.004135079255685734,0.001722949689869019,2.0675396278428668e-06,0.03790282563749134,0.002410062026188875,1,0.004135079255685734,-0.001722949689869019,-2.0675396278428668e-06,0.0024100620261888715,False
510050,大盘蓝筹/金融权重,S6_IVTiming_OTM5_Monthly,2026-04-30,2026-05-29,3.062,2.997,,0.0,0.0,0,0,low_iv_skip,low_iv_skip,0.12588951067924503,0.09523809523809523,low_iv,valid,1127.0,0.12957288383826854,-0.0036833731590235064,1.0,,none,,,,,,-0.021227955584585224,0.0,0.0,0.0,-0.021227955584585224,0.0,0,0.0,-0.0,-0.0,0.0,False
510050,大盘蓝筹/金融权重,S6_IVTiming_OTM5_Monthly,2026-05-29,2026-06-03,2.997,2.996,3.117,0.0141,1.0,1,0,selected,high_iv_sell,0.16189714851379394,0.7222222222222222,high_iv,valid,1144.0,0.14570994030060017,0.016187208213193777,1.0,,close,10010300.SH,0.19824345158091,0.16300338859558103,26.0,0.040040040040040026,-0.00033366700033363026,0.004704704704704705,0.0,2.3523523523523527e-06,0.004368685352018722,0.004702352352352352,0,0.004704704704704705,-0.0,-2.3523523523523527e-06,0.004702352352352352,False
588000,科创/硬科技,S0_BuyHold,2021-01-29,2021-02-26,1.467,1.368,,0.0,0.0,0,0,buy_hold,not_used,,,not_used,,,,,,,none,,,,,,-0.0674846625766871,0.0,0.0,0.0,-0.0674846625766871,0.0,0,0.0,-0.0,-0.0,0.0,False
588000,科创/硬科技,S0_BuyHold,2021-02-26,2021-03-31,1.368,1.284,,0.0,0.0,0,0,buy_hold,not_used,,,not_used,,,,,,,none,,,,,,-0.06140350877192988,0.0,0.0,0.0,-0.06140350877192988,0.0,0,0.0,-0.0,-0.0,0.0,False
588000,科创/硬科技,S0_BuyHold,2021-03-31,2021-04-30,1.284,1.364,,0.0,0.0,0,0,buy_hold,not_used,,,not_used,,,,,,,none,,,,,,0.06230529595015582,0.0,0.0,0.0,0.06230529595015582,0.0,0,0.0,-0.0,-0.0,0.0,False
588000,科创/硬科技,S0_BuyHold,2021-04-30,2021-05-31,1.364,1.484,,0.0,0.0,0,0,buy_hold,not_used,,,not_used,,,,,,,none,,,,,,0.08797653958944272,0.0,0.0,0.0,0.08797653958944272,0.0,0,0.0,-0.0,-0.0,0.0,False
588000,科创/硬科技,S0_BuyHold,2021-05-31,2021-06-30,1.484,1.648,,0.0,0.0,0,0,buy_hold,not_used,,,not_used,,,,,,,none,,,,,,0.11051212938005386,0.0,0.0,0.0,0.11051212938005386,0.0,0,0.0,-0.0,-0.0,0.0,False
588000,科创/硬科技,S0_BuyHold,2021-06-30,2021-07-30,1.648,1.651,,0.0,0.0,0,0,buy_hold,not_used,,,not_used,,,,,,,none,,,,,,0.0018203883495146321,0.0,0.0,0.0,0.0018203883495146321,0.0,0,0.0,-0.0,-0.0,0.0,False
588000,科创/硬科技,S0_BuyHold,2021-07-30,2021-08-31,1.651,1.491,,0.0,0.0,0,0,buy_hold,not_used,,,not_used,,,,,,,none,,,,,,-0.09691096305269528,0.0,0.0,0.0,-0.09691096305269528,0.0,0,0.0,-0.0,-0.0,0.0,False
588000,科创/硬科技,S0_BuyHold,2021-08-31,2021-09-30,1.491,1.423,,0.0,0.0,0,0,buy_hold,not_used,,,not_used,,,,,,,none,,,,,,-0.04560697518444001,0.0,0.0,0.0,-0.04560697518444001,0.0,0,0.0,-0.0,-0.0,0.0,False
588000,科创/硬科技,S0_BuyHold,2021-09-30,2021-10-29,1.423,1.45,,0.0,0.0,0,0,buy_hold,not_used,,,not_used,,,,,,,none,,,,,,0.01897399859451856,0.0,0.0,0.0,0.01897399859451856,0.0,0,0.0,-0.0,-0.0,0.0,False
588000,科创/硬科技,S0_BuyHold,2021-10-29,2021-11-30,1.45,1.53,,0.0,0.0,0,0,buy_hold,not_used,,,not_used,,,,,,,none,,,,,,0.055172413793103496,0.0,0.0,0.0,0.055172413793103496,0.0,0,0.0,-0.0,-0.0,0.0,False
588000,科创/硬科技,S0_BuyHold,2021-11-30,2021-12-31,1.53,1.452,,0.0,0.0,0,0,buy_hold,not_used,,,not_used,,,,,,,none,,,,,,-0.050980392156862786,0.0,0.0,0.0,-0.050980392156862786,0.0,0,0.0,-0.0,-0.0,0.0,False
588000,科创/硬科技,S0_BuyHold,2021-12-31,2022-01-28,1.452,1.283,,0.0,0.0,0,0,buy_hold,not_used,,,not_used,,,,,,,none,,,,,,-0.11639118457300278,0.0,0.0,0.0,-0.11639118457300278,0.0,0,0.0,-0.0,-0.0,0.0,False
588000,科创/硬科技,S0_BuyHold,2022-01-28,2022-02-28,1.283,1.297,,0.0,0.0,0,0,buy_hold,not_used,,,not_used,,,,,,,none,,,,,,0.010911925175370237,0.0,0.0,0.0,0.010911925175370237,0.0,0,0.0,-0.0,-0.0,0.0,False
588000,科创/硬科技,S0_BuyHold,2022-02-28,2022-03-31,1.297,1.137,,0.0,0.0,0,0,buy_hold,not_used,,,not_used,,,,,,,none,,,,,,-0.12336160370084806,0.0,0.0,0.0,-0.12336160370084806,0.0,0,0.0,-0.0,-0.0,0.0,False
588000,科创/硬科技,S0_BuyHold,2022-03-31,2022-04-29,1.137,0.986,,0.0,0.0,0,0,buy_hold,not_used,,,not_used,,,,,,,none,,,,,,-0.13280562884784522,0.0,0.0,0.0,-0.13280562884784522,0.0,0,0.0,-0.0,-0.0,0.0,False
588000,科创/硬科技,S0_BuyHold,2022-04-29,2022-05-31,0.986,1.078,,0.0,0.0,0,0,buy_hold,not_used,,,not_used,,,,,,,none,,,,,,0.09330628803245444,0.0,0.0,0.0,0.09330628803245444,0.0,0,0.0,-0.0,-0.0,0.0,False
588000,科创/硬科技,S0_BuyHold,2022-05-31,2022-06-30,1.078,1.155,,0.0,0.0,0,0,buy_hold,not_used,,,not_used,,,,,,,none,,,,,,0.07142857142857138,0.0,0.0,0.0,0.07142857142857138,0.0,0,0.0,-0.0,-0.0,0.0,False
588000,科创/硬科技,S0_BuyHold,2022-06-30,2022-07-29,1.155,1.139,,0.0,0.0,0,0,buy_hold,not_used,,,not_used,,,,,,,none,,,,,,-0.013852813852813865,0.0,0.0,0.0,-0.013852813852813865,0.0,0,0.0,-0.0,-0.0,0.0,False
588000,科创/硬科技,S0_BuyHold,2022-07-29,2022-08-31,1.139,1.077,,0.0,0.0,0,0,buy_hold,not_used,,,not_used,,,,,,,none,,,,,,-0.05443371378402112,0.0,0.0,0.0,-0.05443371378402112,0.0,0,0.0,-0.0,-0.0,0.0,False
588000,科创/硬科技,S0_BuyHold,2022-08-31,2022-09-30,1.077,0.981,,0.0,0.0,0,0,buy_hold,not_used,,,not_used,,,,,,,none,,,,,,-0.08913649025069637,0.0,0.0,0.0,-0.08913649025069637,0.0,0,0.0,-0.0,-0.0,0.0,False
588000,科创/硬科技,S0_BuyHold,2022-09-30,2022-10-31,0.981,1.06,,0.0,0.0,0,0,buy_hold,not_used,,,not_used,,,,,,,none,,,,,,0.0805300713557595,0.0,0.0,0.0,0.0805300713557595,0.0,0,0.0,-0.0,-0.0,0.0,False
588000,科创/硬科技,S0_BuyHold,2022-10-31,2022-11-30,1.06,1.041,,0.0,0.0,0,0,buy_hold,not_used,,,not_used,,,,,,,none,,,,,,-0.017924528301886913,0.0,0.0,0.0,-0.017924528301886913,0.0,0,0.0,-0.0,-0.0,0.0,False
588000,科创/硬科技,S0_BuyHold,2022-11-30,2022-12-30,1.041,1.003,,0.0,0.0,0,0,buy_hold,not_used,,,not_used,,,,,,,none,,,,,,-0.03650336215177717,0.0,0.0,0.0,-0.03650336215177717,0.0,0,0.0,-0.0,-0.0,0.0,False
588000,科创/硬科技,S0_BuyHold,2022-12-30,2023-01-31,1.003,1.058,,0.0,0.0,0,0,buy_hold,not_used,,,not_used,,,,,,,none,,,,,,0.05483549351944184,0.0,0.0,0.0,0.05483549351944184,0.0,0,0.0,-0.0,-0.0,0.0,False
588000,科创/硬科技,S0_BuyHold,2023-01-31,2023-02-28,1.058,1.033,,0.0,0.0,0,0,buy_hold,not_used,,,not_used,,,,,,,none,,,,,,-0.0236294896030247,0.0,0.0,0.0,-0.0236294896030247,0.0,0,0.0,-0.0,-0.0,0.0,False
588000,科创/硬科技,S0_BuyHold,2023-02-28,2023-03-31,1.033,1.124,,0.0,0.0,0,0,buy_hold,not_used,,,not_used,,,,,,,none,,,,,,0.08809293320425964,0.0,0.0,0.0,0.08809293320425964,0.0,0,0.0,-0.0,-0.0,0.0,False
588000,科创/硬科技,S0_BuyHold,2023-03-31,2023-04-28,1.124,1.133,,0.0,0.0,0,0,buy_hold,not_used,,,not_used,,,,,,,none,,,,,,0.008007117437722328,0.0,0.0,0.0,0.008007117437722328,0.0,0,0.0,-0.0,-0.0,0.0,False
588000,科创/硬科技,S0_BuyHold,2023-04-28,2023-05-31,1.133,1.097,,0.0,0.0,0,0,buy_hold,not_used,,,not_used,,,,,,,none,,,,,,-0.031774051191526945,0.0,0.0,0.0,-0.031774051191526945,0.0,0,0.0,-0.0,-0.0,0.0,False
588000,科创/硬科技,S0_BuyHold,2023-05-31,2023-06-30,1.097,1.052,,0.0,0.0,0,0,buy_hold,not_used,,,not_used,,,,,,,none,,,,,,-0.04102096627164989,0.0,0.0,0.0,-0.04102096627164989,0.0,0,0.0,-0.0,-0.0,0.0,False
588000,科创/硬科技,S0_BuyHold,2023-06-30,2023-07-31,1.052,1.015,,0.0,0.0,0,0,buy_hold,not_used,0.21069568729400634,,warmup_invalid,warmup,17.0,0.19799502088270396,0.01270066641130238,0.0,,none,,,,,,-0.03517110266159709,0.0,0.0,0.0,-0.03517110266159709,0.0,0,0.0,-0.0,-0.0,0.0,False
588000,科创/硬科技,S0_BuyHold,2023-07-31,2023-08-31,1.015,0.987,,0.0,0.0,0,0,buy_hold,not_used,0.19844121742248538,,warmup_invalid,warmup,37.0,0.13131849075276922,0.06712272666971617,0.0,,none,,,,,,-0.02758620689655164,0.0,0.0,0.0,-0.02758620689655164,0.0,0,0.0,-0.0,-0.0,0.0,False
588000,科创/硬科技,S0_BuyHold,2023-08-31,2023-09-28,0.987,0.932,,0.0,0.0,0,0,buy_hold,not_used,0.27338898296356207,,warmup_invalid,warmup,54.0,0.27707861161518715,-0.0036896286516250876,0.0,,none,,,,,,-0.05572441742654503,0.0,0.0,0.0,-0.05572441742654503,0.0,0,0.0,-0.0,-0.0,0.0,False
588000,科创/硬科技,S0_BuyHold,2023-09-28,2023-10-31,0.932,0.917,,0.0,0.0,0,0,buy_hold,not_used,0.23876176109313965,,warmup_invalid,warmup,73.0,0.1994059078730275,0.03935585322011215,0.0,,none,,,,,,-0.016094420600858382,0.0,0.0,0.0,-0.016094420600858382,0.0,0,0.0,-0.0,-0.0,0.0,False
588000,科创/硬科技,S0_BuyHold,2023-10-31,2023-11-30,0.917,0.907,,0.0,0.0,0,0,buy_hold,not_used,0.18489931297302248,,warmup_invalid,warmup,90.0,0.1741772105070081,0.010722102466014377,0.0,,none,,,,,,-0.010905125408942212,0.0,0.0,0.0,-0.010905125408942212,0.0,0,0.0,-0.0,-0.0,0.0,False
588000,科创/硬科技,S0_BuyHold,2023-11-30,2023-12-29,0.907,0.897,,0.0,0.0,0,0,buy_hold,not_used,0.18266775970458982,,warmup_invalid,warmup,106.0,0.15039380755278783,0.03227395215180198,0.0,,none,,,,,,-0.011025358324145544,0.0,0.0,0.0,-0.011025358324145544,0.0,0,0.0,-0.0,-0.0,0.0,False
588000,科创/硬科技,S0_BuyHold,2023-12-29,2024-01-31,0.897,0.722,,0.0,0.0,0,0,buy_hold,not_used,0.2064900676727295,,warmup_invalid,warmup,126.0,0.18919837355912913,0.017291694113600375,0.0,,none,,,,,,-0.19509476031215167,0.0,0.0,0.0,-0.19509476031215167,0.0,0,0.0,-0.0,-0.0,0.0,False
588000,科创/硬科技,S0_BuyHold,2024-01-31,2024-02-29,0.722,0.847,,0.0,0.0,0,0,buy_hold,not_used,0.32255944728851316,,warmup_invalid,warmup,142.0,0.27562981579046875,0.04692963149804441,0.0,,none,,,,,,0.1731301939058172,0.0,0.0,0.0,0.1731301939058172,0.0,0,0.0,-0.0,-0.0,0.0,False
588000,科创/硬科技,S0_BuyHold,2024-02-29,2024-03-29,0.847,0.8,,0.0,0.0,0,0,buy_hold,not_used,0.33862853813171384,,warmup_invalid,warmup,157.0,0.43978441314808064,-0.1011558750163668,0.0,,none,,,,,,-0.055489964580873595,0.0,0.0,0.0,-0.055489964580873595,0.0,0,0.0,-0.0,-0.0,0.0,False
588000,科创/硬科技,S0_BuyHold,2024-03-29,2024-04-30,0.8,0.804,,0.0,0.0,0,0,buy_hold,not_used,0.2461049064636231,,warmup_invalid,warmup,177.0,0.20459608665455176,0.04150881980907134,0.0,,none,,,,,,0.0050000000000000044,0.0,0.0,0.0,0.0050000000000000044,0.0,0,0.0,-0.0,-0.0,0.0,False
588000,科创/硬科技,S0_BuyHold,2024-04-30,2024-05-31,0.804,0.778,,0.0,0.0,0,0,buy_hold,not_used,0.21830585613250733,,warmup_invalid,warmup,197.0,0.25429569583527617,-0.03598983970276884,0.0,,none,,,,,,-0.03233830845771147,0.0,0.0,0.0,-0.03233830845771147,0.0,0,0.0,-0.0,-0.0,0.0,False
588000,科创/硬科技,S0_BuyHold,2024-05-31,2024-06-28,0.778,0.745,,0.0,0.0,0,0,buy_hold,not_used,0.2224256467819214,,warmup_invalid,warmup,212.0,0.18247712501381186,0.039948521768109535,0.0,,none,,,,,,-0.04241645244215942,0.0,0.0,0.0,-0.04241645244215942,0.0,0,0.0,-0.0,-0.0,0.0,False
588000,科创/硬科技,S0_BuyHold,2024-06-28,2024-07-31,0.745,0.778,,0.0,0.0,0,0,buy_hold,not_used,0.23812281208038333,,warmup_invalid,warmup,230.0,0.20749136593182935,0.03063144614855398,0.0,,none,,,,,,0.04429530201342286,0.0,0.0,0.0,0.04429530201342286,0.0,0,0.0,-0.0,-0.0,0.0,False
588000,科创/硬科技,S0_BuyHold,2024-07-31,2024-08-30,0.778,0.728,,0.0,0.0,0,0,buy_hold,not_used,0.2563757734298706,,warmup_invalid,warmup,247.0,0.28841638495911315,-0.032040611529242535,0.0,,none,,,,,,-0.06426735218509003,0.0,0.0,0.0,-0.06426735218509003,0.0,0,0.0,-0.0,-0.0,0.0,False
588000,科创/硬科技,S0_BuyHold,2024-08-30,2024-09-30,0.728,0.95,,0.0,0.0,0,0,buy_hold,not_used,0.23085595912933352,0.5238095238095238,normal_iv,valid,268.0,0.18562073359724837,0.045235225532085144,1.0,,none,,,,,,0.3049450549450549,0.0,0.0,0.0,0.3049450549450549,0.0,0,0.0,-0.0,-0.0,0.0,False
588000,科创/硬科技,S0_BuyHold,2024-09-30,2024-10-31,0.95,1.02,,0.0,0.0,0,0,buy_hold,not_used,1.0130344528198243,1.0,high_iv,valid,286.0,0.7988447715414135,0.21418968127841076,1.0,,none,,,,,,0.07368421052631585,0.0,0.0,0.0,0.07368421052631585,0.0,0,0.0,-0.0,-0.0,0.0,False
588000,科创/硬科技,S0_BuyHold,2024-10-31,2024-11-29,1.02,1.06,,0.0,0.0,0,0,buy_hold,not_used,0.5825449396133422,0.9722222222222222,high_iv,valid,300.0,1.2046429925445479,-0.6220980529312057,1.0,,none,,,,,,0.03921568627450984,0.0,0.0,0.0,0.03921568627450984,0.0,0,0.0,-0.0,-0.0,0.0,False
588000,科创/硬科技,S0_BuyHold,2024-11-29,2024-12-31,1.06,1.045,,0.0,0.0,0,0,buy_hold,not_used,0.3877703927993774,0.8611111111111112,high_iv,valid,320.0,0.42013128746142575,-0.032360894662048334,1.0,,none,,,,,,-0.014150943396226532,0.0,0.0,0.0,-0.014150943396226532,0.0,0,0.0,-0.0,-0.0,0.0,False
588000,科创/硬科技,S0_BuyHold,2024-12-31,2025-01-27,1.045,1.009,,0.0,0.0,0,0,buy_hold,not_used,0.3103621967315674,0.7341269841269841,high_iv,valid,341.0,0.20843262418538708,0.10192957254618032,1.0,,none,,,,,,-0.03444976076555027,0.0,0.0,0.0,-0.03444976076555027,0.0,0,0.0,-0.0,-0.0,0.0,False
588000,科创/硬科技,S0_BuyHold,2025-01-27,2025-02-28,1.009,1.133,,0.0,0.0,0,0,buy_hold,not_used,0.29921396694183344,0.6666666666666666,normal_iv,valid,353.0,0.26371983642662106,0.035494130515212385,1.0,,none,,,,,,0.12289395441030736,0.0,0.0,0.0,0.12289395441030736,0.0,0,0.0,-0.0,-0.0,0.0,False
588000,科创/硬科技,S0_BuyHold,2025-02-28,2025-03-31,1.133,1.074,,0.0,0.0,0,0,buy_hold,not_used,0.36926471281051637,0.8095238095238095,high_iv,valid,370.0,0.3692041946793003,6.051813121604743e-05,1.0,,none,,,,,,-0.05207413945278018,0.0,0.0,0.0,-0.05207413945278018,0.0,0,0.0,-0.0,-0.0,0.0,False
588000,科创/硬科技,S0_BuyHold,2025-03-31,2025-04-30,1.074,1.062,,0.0,0.0,0,0,buy_hold,not_used,0.24169901924133302,0.3253968253968254,normal_iv,valid,390.0,0.22248801136943958,0.01921100787189345,1.0,,none,,,,,,-0.011173184357541908,0.0,0.0,0.0,-0.011173184357541908,0.0,0,0.0,-0.0,-0.0,0.0,False
588000,科创/硬科技,S0_BuyHold,2025-04-30,2025-05-30,1.062,1.03,,0.0,0.0,0,0,buy_hold,not_used,0.25257068901062013,0.4444444444444444,normal_iv,valid,406.0,0.392031388270133,-0.13946069925951288,1.0,,none,,,,,,-0.03013182674199626,0.0,0.0,0.0,-0.03013182674199626,0.0,0,0.0,-0.0,-0.0,0.0,False
588000,科创/硬科技,S0_BuyHold,2025-05-30,2025-06-30,1.03,1.056,,0.0,0.0,0,0,buy_hold,not_used,0.2240277875900269,0.14682539682539683,low_iv,valid,424.0,0.14435356534581045,0.07967422224421644,1.0,,none,,,,,,0.025242718446601965,0.0,0.0,0.0,0.025242718446601965,0.0,0,0.0,-0.0,-0.0,0.0,False
588000,科创/硬科技,S0_BuyHold,2025-06-30,2025-07-31,1.056,1.101,,0.0,0.0,0,0,buy_hold,not_used,0.19972865200042722,0.01984126984126984,low_iv,valid,443.0,0.1504547621550865,0.04927388984534073,1.0,,none,,,,,,0.04261363636363629,0.0,0.0,0.0,0.04261363636363629,0.0,0,0.0,-0.0,-0.0,0.0,False
588000,科创/硬科技,S0_BuyHold,2025-07-31,2025-08-29,1.101,1.412,,0.0,0.0,0,0,buy_hold,not_used,0.24754492588043214,0.46825396825396826,normal_iv,valid,460.0,0.13854351084396427,0.10900141503646787,1.0,,none,,,,,,0.2824704813805631,0.0,0.0,0.0,0.2824704813805631,0.0,0,0.0,-0.0,-0.0,0.0,False
588000,科创/硬科技,S0_BuyHold,2025-08-29,2025-09-30,1.412,1.57,,0.0,0.0,0,0,buy_hold,not_used,0.5809427988052369,0.9444444444444444,high_iv,valid,480.0,0.4381391064262431,0.14280369237899382,1.0,,none,,,,,,0.11189801699716724,0.0,0.0,0.0,0.11189801699716724,0.0,0,0.0,-0.0,-0.0,0.0,False
588000,科创/硬科技,S0_BuyHold,2025-09-30,2025-10-31,1.57,1.488,,0.0,0.0,0,0,buy_hold,not_used,0.4071105211257935,0.7738095238095238,high_iv,valid,501.0,0.39526075353364615,0.011849767592147342,1.0,,none,,,,,,-0.05222929936305737,0.0,0.0,0.0,-0.05222929936305737,0.0,0,0.0,-0.0,-0.0,0.0,False
588000,科创/硬科技,S0_BuyHold,2025-10-31,2025-11-28,1.488,1.393,,0.0,0.0,0,0,buy_hold,not_used,0.36069612045288085,0.6626984126984127,normal_iv,valid,516.0,0.40710488340968437,-0.04640876295680352,1.0,,none,,,,,,-0.06384408602150536,0.0,0.0,0.0,-0.06384408602150536,0.0,0,0.0,-0.0,-0.0,0.0,False
588000,科创/硬科技,S0_BuyHold,2025-11-28,2025-12-31,1.393,1.417,,0.0,0.0,0,0,buy_hold,not_used,0.27026576204299924,0.32142857142857145,normal_iv,valid,535.0,0.2344462332295704,0.03581952881342884,1.0,,none,,,,,,0.017229002153625283,0.0,0.0,0.0,0.017229002153625283,0.0,0,0.0,-0.0,-0.0,0.0,False
588000,科创/硬科技,S0_BuyHold,2025-12-31,2026-01-30,1.417,1.588,,0.0,0.0,0,0,buy_hold,not_used,0.2580732797622681,0.31746031746031744,normal_iv,valid,552.0,0.215581576767207,0.04249170299506114,1.0,,none,,,,,,0.12067748764996473,0.0,0.0,0.0,0.12067748764996473,0.0,0,0.0,-0.0,-0.0,0.0,False
588000,科创/硬科技,S0_BuyHold,2026-01-30,2026-02-27,1.588,1.566,,0.0,0.0,0,0,buy_hold,not_used,0.3129322976112366,0.5357142857142857,normal_iv,valid,571.0,0.2995426784234957,0.013389619187740898,1.0,,none,,,,,,-0.013853904282115881,0.0,0.0,0.0,-0.013853904282115881,0.0,0,0.0,-0.0,-0.0,0.0,False
588000,科创/硬科技,S0_BuyHold,2026-02-27,2026-03-31,1.566,1.324,,0.0,0.0,0,0,buy_hold,not_used,0.23637762298583986,0.1746031746031746,low_iv,valid,584.0,0.2420498141479272,-0.005672191162087337,1.0,,none,,,,,,-0.15453384418901658,0.0,0.0,0.0,-0.15453384418901658,0.0,0,0.0,-0.0,-0.0,0.0,False
588000,科创/硬科技,S0_BuyHold,2026-03-31,2026-04-30,1.324,1.654,,0.0,0.0,0,0,buy_hold,not_used,0.3485084064483643,0.7619047619047619,high_iv,valid,605.0,0.2876490744629956,0.06085933198536869,1.0,,none,,,,,,0.24924471299093642,0.0,0.0,0.0,0.24924471299093642,0.0,0,0.0,-0.0,-0.0,0.0,False
588000,科创/硬科技,S0_BuyHold,2026-04-30,2026-05-29,1.654,1.844,,0.0,0.0,0,0,buy_hold,not_used,0.30598015089035036,0.6111111111111112,normal_iv,valid,621.0,0.353666956069768,-0.047686805179417646,1.0,,none,,,,,,0.11487303506650555,0.0,0.0,0.0,0.11487303506650555,0.0,0,0.0,-0.0,-0.0,0.0,False
588000,科创/硬科技,S0_BuyHold,2026-05-29,2026-06-03,1.844,1.823,,0.0,0.0,0,0,buy_hold,not_used,0.4656125020027161,0.9484126984126984,high_iv,valid,638.0,0.5183459645925268,-0.05273346258981071,1.0,,none,,,,,,-0.01138828633405647,0.0,0.0,0.0,-0.01138828633405647,0.0,0,0.0,-0.0,-0.0,0.0,False
588000,科创/硬科技,S1_ATM_100_Monthly,2021-01-29,2021-02-26,1.467,1.368,,0.0,0.0,0,1,no_chain_on_trade_date,not_used,,,not_used,,,,,,,none,,,,,,-0.0674846625766871,0.0,0.0,0.0,-0.0674846625766871,0.0,0,0.0,-0.0,-0.0,0.0,False
588000,科创/硬科技,S1_ATM_100_Monthly,2021-02-26,2021-03-31,1.368,1.284,,0.0,0.0,0,1,no_chain_on_trade_date,not_used,,,not_used,,,,,,,none,,,,,,-0.06140350877192988,0.0,0.0,0.0,-0.06140350877192988,0.0,0,0.0,-0.0,-0.0,0.0,False
588000,科创/硬科技,S1_ATM_100_Monthly,2021-03-31,2021-04-30,1.284,1.364,,0.0,0.0,0,1,no_chain_on_trade_date,not_used,,,not_used,,,,,,,none,,,,,,0.06230529595015582,0.0,0.0,0.0,0.06230529595015582,0.0,0,0.0,-0.0,-0.0,0.0,False
588000,科创/硬科技,S1_ATM_100_Monthly,2021-04-30,2021-05-31,1.364,1.484,,0.0,0.0,0,1,no_chain_on_trade_date,not_used,,,not_used,,,,,,,none,,,,,,0.08797653958944272,0.0,0.0,0.0,0.08797653958944272,0.0,0,0.0,-0.0,-0.0,0.0,False
588000,科创/硬科技,S1_ATM_100_Monthly,2021-05-31,2021-06-30,1.484,1.648,,0.0,0.0,0,1,no_chain_on_trade_date,not_used,,,not_used,,,,,,,none,,,,,,0.11051212938005386,0.0,0.0,0.0,0.11051212938005386,0.0,0,0.0,-0.0,-0.0,0.0,False
588000,科创/硬科技,S1_ATM_100_Monthly,2021-06-30,2021-07-30,1.648,1.651,,0.0,0.0,0,1,no_chain_on_trade_date,not_used,,,not_used,,,,,,,none,,,,,,0.0018203883495146321,0.0,0.0,0.0,0.0018203883495146321,0.0,0,0.0,-0.0,-0.0,0.0,False
588000,科创/硬科技,S1_ATM_100_Monthly,2021-07-30,2021-08-31,1.651,1.491,,0.0,0.0,0,1,no_chain_on_trade_date,not_used,,,not_used,,,,,,,none,,,,,,-0.09691096305269528,0.0,0.0,0.0,-0.09691096305269528,0.0,0,0.0,-0.0,-0.0,0.0,False
588000,科创/硬科技,S1_ATM_100_Monthly,2021-08-31,2021-09-30,1.491,1.423,,0.0,0.0,0,1,no_chain_on_trade_date,not_used,,,not_used,,,,,,,none,,,,,,-0.04560697518444001,0.0,0.0,0.0,-0.04560697518444001,0.0,0,0.0,-0.0,-0.0,0.0,False
588000,科创/硬科技,S1_ATM_100_Monthly,2021-09-30,2021-10-29,1.423,1.45,,0.0,0.0,0,1,no_chain_on_trade_date,not_used,,,not_used,,,,,,,none,,,,,,0.01897399859451856,0.0,0.0,0.0,0.01897399859451856,0.0,0,0.0,-0.0,-0.0,0.0,False
588000,科创/硬科技,S1_ATM_100_Monthly,2021-10-29,2021-11-30,1.45,1.53,,0.0,0.0,0,1,no_chain_on_trade_date,not_used,,,not_used,,,,,,,none,,,,,,0.055172413793103496,0.0,0.0,0.0,0.055172413793103496,0.0,0,0.0,-0.0,-0.0,0.0,False
588000,科创/硬科技,S1_ATM_100_Monthly,2021-11-30,2021-12-31,1.53,1.452,,0.0,0.0,0,1,no_chain_on_trade_date,not_used,,,not_used,,,,,,,none,,,,,,-0.050980392156862786,0.0,0.0,0.0,-0.050980392156862786,0.0,0,0.0,-0.0,-0.0,0.0,False
588000,科创/硬科技,S1_ATM_100_Monthly,2021-12-31,2022-01-28,1.452,1.283,,0.0,0.0,0,1,no_chain_on_trade_date,not_used,,,not_used,,,,,,,none,,,,,,-0.11639118457300278,0.0,0.0,0.0,-0.11639118457300278,0.0,0,0.0,-0.0,-0.0,0.0,False
588000,科创/硬科技,S1_ATM_100_Monthly,2022-01-28,2022-02-28,1.283,1.297,,0.0,0.0,0,1,no_chain_on_trade_date,not_used,,,not_used,,,,,,,none,,,,,,0.010911925175370237,0.0,0.0,0.0,0.010911925175370237,0.0,0,0.0,-0.0,-0.0,0.0,False
588000,科创/硬科技,S1_ATM_100_Monthly,2022-02-28,2022-03-31,1.297,1.137,,0.0,0.0,0,1,no_chain_on_trade_date,not_used,,,not_used,,,,,,,none,,,,,,-0.12336160370084806,0.0,0.0,0.0,-0.12336160370084806,0.0,0,0.0,-0.0,-0.0,0.0,False
588000,科创/硬科技,S1_ATM_100_Monthly,2022-03-31,2022-04-29,1.137,0.986,,0.0,0.0,0,1,no_chain_on_trade_date,not_used,,,not_used,,,,,,,none,,,,,,-0.13280562884784522,0.0,0.0,0.0,-0.13280562884784522,0.0,0,0.0,-0.0,-0.0,0.0,False
588000,科创/硬科技,S1_ATM_100_Monthly,2022-04-29,2022-05-31,0.986,1.078,,0.0,0.0,0,1,no_chain_on_trade_date,not_used,,,not_used,,,,,,,none,,,,,,0.09330628803245444,0.0,0.0,0.0,0.09330628803245444,0.0,0,0.0,-0.0,-0.0,0.0,False
588000,科创/硬科技,S1_ATM_100_Monthly,2022-05-31,2022-06-30,1.078,1.155,,0.0,0.0,0,1,no_chain_on_trade_date,not_used,,,not_used,,,,,,,none,,,,,,0.07142857142857138,0.0,0.0,0.0,0.07142857142857138,0.0,0,0.0,-0.0,-0.0,0.0,False
588000,科创/硬科技,S1_ATM_100_Monthly,2022-06-30,2022-07-29,1.155,1.139,,0.0,0.0,0,1,no_chain_on_trade_date,not_used,,,not_used,,,,,,,none,,,,,,-0.013852813852813865,0.0,0.0,0.0,-0.013852813852813865,0.0,0,0.0,-0.0,-0.0,0.0,False
588000,科创/硬科技,S1_ATM_100_Monthly,2022-07-29,2022-08-31,1.139,1.077,,0.0,0.0,0,1,no_chain_on_trade_date,not_used,,,not_used,,,,,,,none,,,,,,-0.05443371378402112,0.0,0.0,0.0,-0.05443371378402112,0.0,0,0.0,-0.0,-0.0,0.0,False
588000,科创/硬科技,S1_ATM_100_Monthly,2022-08-31,2022-09-30,1.077,0.981,,0.0,0.0,0,1,no_chain_on_trade_date,not_used,,,not_used,,,,,,,none,,,,,,-0.08913649025069637,0.0,0.0,0.0,-0.08913649025069637,0.0,0,0.0,-0.0,-0.0,0.0,False
588000,科创/硬科技,S1_ATM_100_Monthly,2022-09-30,2022-10-31,0.981,1.06,,0.0,0.0,0,1,no_chain_on_trade_date,not_used,,,not_used,,,,,,,none,,,,,,0.0805300713557595,0.0,0.0,0.0,0.0805300713557595,0.0,0,0.0,-0.0,-0.0,0.0,False
588000,科创/硬科技,S1_ATM_100_Monthly,2022-10-31,2022-11-30,1.06,1.041,,0.0,0.0,0,1,no_chain_on_trade_date,not_used,,,not_used,,,,,,,none,,,,,,-0.017924528301886913,0.0,0.0,0.0,-0.017924528301886913,0.0,0,0.0,-0.0,-0.0,0.0,False
588000,科创/硬科技,S1_ATM_100_Monthly,2022-11-30,2022-12-30,1.041,1.003,,0.0,0.0,0,1,no_chain_on_trade_date,not_used,,,not_used,,,,,,,none,,,,,,-0.03650336215177717,0.0,0.0,0.0,-0.03650336215177717,0.0,0,0.0,-0.0,-0.0,0.0,False
588000,科创/硬科技,S1_ATM_100_Monthly,2022-12-30,2023-01-31,1.003,1.058,,0.0,0.0,0,1,no_chain_on_trade_date,not_used,,,not_used,,,,,,,none,,,,,,0.05483549351944184,0.0,0.0,0.0,0.05483549351944184,0.0,0,0.0,-0.0,-0.0,0.0,False
588000,科创/硬科技,S1_ATM_100_Monthly,2023-01-31,2023-02-28,1.058,1.033,,0.0,0.0,0,1,no_chain_on_trade_date,not_used,,,not_used,,,,,,,none,,,,,,-0.0236294896030247,0.0,0.0,0.0,-0.0236294896030247,0.0,0,0.0,-0.0,-0.0,0.0,False
588000,科创/硬科技,S1_ATM_100_Monthly,2023-02-28,2023-03-31,1.033,1.124,,0.0,0.0,0,1,no_chain_on_trade_date,not_used,,,not_used,,,,,,,none,,,,,,0.08809293320425964,0.0,0.0,0.0,0.08809293320425964,0.0,0,0.0,-0.0,-0.0,0.0,False
588000,科创/硬科技,S1_ATM_100_Monthly,2023-03-31,2023-04-28,1.124,1.133,,0.0,0.0,0,1,no_chain_on_trade_date,not_used,,,not_used,,,,,,,none,,,,,,0.008007117437722328,0.0,0.0,0.0,0.008007117437722328,0.0,0,0.0,-0.0,-0.0,0.0,False
588000,科创/硬科技,S1_ATM_100_Monthly,2023-04-28,2023-05-31,1.133,1.097,,0.0,0.0,0,1,no_chain_on_trade_date,not_used,,,not_used,,,,,,,none,,,,,,-0.031774051191526945,0.0,0.0,0.0,-0.031774051191526945,0.0,0,0.0,-0.0,-0.0,0.0,False
588000,科创/硬科技,S1_ATM_100_Monthly,2023-05-31,2023-06-30,1.097,1.052,,0.0,0.0,0,1,no_chain_on_trade_date,not_used,,,not_used,,,,,,,none,,,,,,-0.04102096627164989,0.0,0.0,0.0,-0.04102096627164989,0.0,0,0.0,-0.0,-0.0,0.0,False
588000,科创/硬科技,S1_ATM_100_Monthly,2023-06-30,2023-07-26,1.052,1.006,1.05,0.0265,1.0,1,0,selected,not_used,0.21069568729400634,,warmup_invalid,warmup,17.0,0.19799502088270396,0.01270066641130238,0.0,,close,10005498.SH,0.5342288882770838,0.2210237735748291,26.0,-0.0019011406844106071,-0.0437262357414449,0.02519011406844106,0.0,1.2595057034220532e-05,-0.01854871673003806,0.02517751901140684,0,0.02519011406844106,-0.0,-1.2595057034220532e-05,0.02517751901140684,False
588000,科创/硬科技,S1_ATM_100_Monthly,2023-07-31,2023-08-23,1.015,0.922,1.0,0.0299,1.0,1,0,selected,not_used,0.19844121742248538,,warmup_invalid,warmup,37.0,0.13131849075276922,0.06712272666971617,0.0,,close,10005700.SH,0.6323862625833314,0.20597509384155277,23.0,-0.01477832512315258,-0.09162561576354666,0.029458128078817737,0.0,1.472906403940887e-05,-0.06218221674876834,0.029443399014778326,0,0.029458128078817737,-0.0,-1.472906403940887e-05,0.02944339901477833,False
588000,科创/硬科技,S1_ATM_100_Monthly,2023-08-31,2023-09-27,0.987,0.925,1.0,0.025,1.0,1,0,selected,not_used,0.27338898296356207,,warmup_invalid,warmup,54.0,0.27707861161518715,-0.0036896286516250876,0.0,,close,10005515.SH,0.45513953083580766,0.2824200981140137,27.0,0.01317122593718345,-0.06281661600810531,0.025329280648429587,0.0,1.2664640324214793e-05,-0.03749999999999994,0.02531661600810537,0,0.025329280648429587,-0.0,-1.2664640324214793e-05,0.02531661600810537,False
588000,科创/硬科技,S1_ATM_100_Monthly,2023-09-28,2023-10-25,0.932,0.891,0.95,0.0175,1.0,1,0,selected,not_used,0.23876176109313965,,warmup_invalid,warmup,73.0,0.1994059078730275,0.03935585322011215,0.0,,close,10005972.SH,0.4081250263185489,0.244331107711792,27.0,0.019313304721029878,-0.04399141630901291,0.018776824034334765,0.0,9.388412017167382e-06,-0.025223980686695312,0.0187674356223176,0,0.018776824034334765,-0.0,-9.388412017167382e-06,0.0187674356223176,False
588000,科创/硬科技,S1_ATM_100_Monthly,2023-10-31,2023-11-22,0.917,0.913,0.9,0.0275,1.0,1,0,selected,not_used,0.18489931297302248,,warmup_invalid,warmup,90.0,0.1741772105070081,0.010722102466014377,0.0,,close,10006082.SH,0.6733317882056735,0.1905640251159668,22.0,-0.018538713195201728,-0.004362050163576885,0.029989094874591057,0.014176663031624875,1.4994547437295528e-05,0.011435387131952001,0.015797437295528887,1,0.029989094874591057,-0.014176663031624875,-1.4994547437295528e-05,0.015797437295528887,False
588000,科创/硬科技,S1_ATM_100_Monthly,2023-11-30,2023-12-27,0.907,0.873,0.9,0.0224,1.0,1,0,selected,not_used,0.18266775970458982,,warmup_invalid,warmup,106.0,0.15039380755278783,0.03227395215180198,0.0,,close,10005531.SH,0.5832626189948763,0.18303014869689938,27.0,-0.007717750826901848,-0.03748621830209485,0.024696802646085998,0.0,1.2348401323042997e-05,-0.012801764057331896,0.024684454244762954,0,0.024696802646085998,-0.0,-1.2348401323042997e-05,0.024684454244762954,False
588000,科创/硬科技,S1_ATM_100_Monthly,2023-12-29,2024-01-24,0.897,0.788,0.9,0.019,1.0,1,0,selected,not_used,0.2064900676727295,,warmup_invalid,warmup,126.0,0.18919837355912913,0.017291694113600375,0.0,,close,10006331.SH,0.49727344367399723,0.2076344539642334,26.0,0.0033444816053511683,-0.12151616499442584,0.021181716833890744,0.0,1.0590858416945374e-05,-0.10034503901895205,0.021171125975473798,0,0.021181716833890744,-0.0,-1.0590858416945374e-05,0.021171125975473798,False
588000,科创/硬科技,S1_ATM_100_Monthly,2024-01-31,2024-02-28,0.722,0.808,0.7,0.0351,1.0,1,0,selected,not_used,0.32255944728851316,,warmup_invalid,warmup,142.0,0.27562981579046875,0.04692963149804441,0.0,,close,10006556.SH,0.678519469073837,0.2756682189941407,28.0,-0.030470914127423865,0.11911357340720233,0.048614958448753465,0.14958448753462616,2.430747922437673e-05,0.01811973684210525,-0.10099383656509708,1,0.048614958448753465,-0.14958448753462616,-2.430747922437673e-05,-0.10099383656509708,False
588000,科创/硬科技,S1_ATM_100_Monthly,2024-02-29,2024-03-27,0.847,0.789,0.85,0.028,1.0,1,0,selected,not_used,0.33862853813171384,,warmup_invalid,warmup,157.0,0.43978441314808064,-0.1011558750163668,0.0,,close,10005820.SH,0.5074152636048795,0.31383350181579595,27.0,0.0035419126328217754,-0.0684769775678866,0.03305785123966942,0.0,1.652892561983471e-05,-0.035435655253837,0.03304132231404959,0,0.03305785123966942,-0.0,-1.652892561983471e-05,0.03304132231404959,False
588000,科创/硬科技,S1_ATM_100_Monthly,2024-03-29,2024-04-24,0.8,0.773,0.8,0.0209,1.0,1,0,selected,not_used,0.2461049064636231,,warmup_invalid,warmup,177.0,0.20459608665455176,0.04150881980907134,0.0,,close,10006973.SH,0.521620459109448,0.23881898040771488,26.0,0.0,-0.03375000000000003,0.026124999999999995,0.0,1.3062499999999999e-05,-0.007638062500000035,0.026111937499999995,0,0.026124999999999995,-0.0,-1.3062499999999999e-05,0.026111937499999995,False
588000,科创/硬科技,S1_ATM_100_Monthly,2024-04-30,2024-05-22,0.804,0.789,0.8,0.02,1.0,1,0,selected,not_used,0.21830585613250733,,warmup_invalid,warmup,197.0,0.25429569583527617,-0.03598983970276884,0.0,,close,10007093.SH,0.5560559991933987,0.22174855155944823,22.0,-0.00497512437810943,-0.018656716417910463,0.02487562189054726,0.0,1.2437810945273631e-05,0.006206467661691525,0.024863184079601988,0,0.02487562189054726,-0.0,-1.2437810945273631e-05,0.024863184079601988,False
588000,科创/硬科技,S1_ATM_100_Monthly,2024-05-31,2024-06-26,0.778,0.764,0.8,0.009,1.0,1,0,selected,not_used,0.2224256467819214,,warmup_invalid,warmup,212.0,0.18247712501381186,0.039948521768109535,0.0,,close,10006223.SH,0.32705331784477665,0.20834015884399418,26.0,0.028277634961439535,-0.017994858611825208,0.011568123393316193,0.0,5.784061696658097e-06,-0.006432519280205672,0.011562339331619535,0,0.011568123393316193,-0.0,-5.784061696658097e-06,0.011562339331619535,False
588000,科创/硬科技,S1_ATM_100_Monthly,2024-06-28,2024-07-24,0.745,0.746,0.75,0.017,1.0,1,0,selected,not_used,0.23812281208038333,,warmup_invalid,warmup,230.0,0.20749136593182935,0.03063144614855398,0.0,,close,10007390.SH,0.4795581120693117,0.23769366722106935,26.0,0.006711409395973256,0.001342281879194632,0.022818791946308727,0.0,1.1409395973154365e-05,0.024149664429530204,0.022807382550335573,0,0.022818791946308727,-0.0,-1.1409395973154365e-05,0.022807382550335573,False
588000,科创/硬科技,S1_ATM_100_Monthly,2024-07-31,2024-08-28,0.778,0.704,0.8,0.0127,1.0,1,0,selected,not_used,0.2563757734298706,,warmup_invalid,warmup,247.0,0.28841638495911315,-0.032040611529242535,0.0,,close,10007510.SH,0.3627915124180311,0.24698226928710937,28.0,0.028277634961439535,-0.09511568123393324,0.016323907455012852,0.0,8.161953727506426e-06,-0.07879993573264789,0.016315745501285353,0,0.016323907455012852,-0.0,-8.161953727506426e-06,0.016315745501285346,False
588000,科创/硬科技,S1_ATM_100_Monthly,2024-08-30,2024-09-25,0.728,0.7,0.75,0.0081,1.0,1,0,selected,not_used,0.23085595912933352,0.5238095238095238,normal_iv,valid,268.0,0.18562073359724837,0.045235225532085144,1.0,,close,10006786.SH,0.3162760238486277,0.20984693412780764,26.0,0.030219780219780334,-0.0384615384615385,0.011126373626373627,0.0,5.563186813186814e-06,-0.027340728021978056,0.011120810439560442,0,0.011126373626373627,-0.0,-5.563186813186814e-06,0.01112081043956044,False
588000,科创/硬科技,S1_ATM_100_Monthly,2024-09-30,2024-10-23,0.95,1.032,0.95,0.1231,1.0,1,0,selected,not_used,1.0130344528198243,1.0,high_iv,valid,286.0,0.7988447715414135,0.21418968127841076,1.0,,close,10007809.SH,0.5660415060071072,1.2940957260131838,23.0,0.0,0.08631578947368429,0.12957894736842107,0.08631578947368429,6.478947368421054e-05,0.12951415789473686,0.04319836842105257,1,0.12957894736842107,-0.08631578947368429,-6.478947368421054e-05,0.04319836842105257,False
588000,科创/硬科技,S1_ATM_100_Monthly,2024-10-31,2024-11-27,1.02,1.038,1.0,0.0744,1.0,1,0,selected,not_used,0.5825449396133422,0.9722222222222222,high_iv,valid,300.0,1.2046429925445479,-0.6220980529312057,1.0,,close,10008033.SH,0.5847712883911437,0.5766418136596679,27.0,-0.019607843137254943,0.017647058823529425,0.07294117647058823,0.03725490196078435,3.6470588235294114e-05,0.05329686274509802,0.03564980392156859,1,0.07294117647058823,-0.03725490196078435,-3.6470588235294114e-05,0.035649803921568586,False
588000,科创/硬科技,S1_ATM_100_Monthly,2024-11-29,2024-12-25,1.06,1.072,1.05,0.0479,1.0,1,0,selected,not_used,0.3877703927993774,0.8611111111111112,high_iv,valid,320.0,0.42013128746142575,-0.032360894662048334,1.0,,close,10008123.SH,0.5632565469242519,0.373436954498291,26.0,-0.009433962264150941,0.011320754716981142,0.04518867924528301,0.02075471698113209,2.2594339622641507e-05,0.03573212264150942,0.024411367924528277,1,0.04518867924528301,-0.02075471698113209,-2.2594339622641507e-05,0.02441136792452828,False
588000,科创/硬科技,S1_ATM_100_Monthly,2024-12-31,2025-01-22,1.045,1.029,1.05,0.0279,1.0,1,0,selected,not_used,0.3103621967315674,0.7341269841269841,high_iv,valid,341.0,0.20843262418538708,0.10192957254618032,1.0,,close,10008449.SH,0.49421170829485406,0.2900111938476563,22.0,0.004784688995215447,-0.01531100478468901,0.026698564593301437,0.0,1.3349282296650718e-05,0.011374210526315777,0.026685215311004786,0,0.026698564593301437,-0.0,-1.3349282296650718e-05,0.026685215311004786,False
588000,科创/硬科技,S1_ATM_100_Monthly,2025-01-27,2025-02-26,1.009,1.186,1.0,0.0385,1.0,1,0,selected,not_used,0.29921396694183344,0.6666666666666666,normal_iv,valid,353.0,0.26371983642662106,0.035494130515212385,1.0,,close,10008630.SH,0.5675318772659288,0.2867306198120117,30.0,-0.008919722497522153,0.17542120911793863,0.038156590683845394,0.1843409316154608,1.9078295341922697e-05,0.029217789890981283,-0.14620341922695734,1,0.038156590683845394,-0.1843409316154608,-1.9078295341922697e-05,-0.14620341922695734,False
588000,科创/硬科技,S1_ATM_100_Monthly,2025-02-28,2025-03-26,1.133,1.081,1.15,0.0351,1.0,1,0,selected,not_used,0.36926471281051637,0.8095238095238095,high_iv,valid,370.0,0.3692041946793003,6.051813121604743e-05,1.0,,close,10008131.SH,0.4608969577312197,0.34871821060180663,26.0,0.015004413062665423,-0.04589585172109448,0.030979699911738746,0.0,1.5489849955869372e-05,-0.0149316416593116,0.030964210061782876,0,0.030979699911738746,-0.0,-1.5489849955869372e-05,0.030964210061782876,False
588000,科创/硬科技,S1_ATM_100_Monthly,2025-03-31,2025-04-23,1.074,1.063,1.05,0.0391,1.0,1,0,selected,not_used,0.24169901924133302,0.3253968253968254,normal_iv,valid,390.0,0.22248801136943958,0.01921100787189345,1.0,,close,10008986.SH,0.6711801746037903,0.22937779350280763,23.0,-0.022346368715083775,-0.010242085661080187,0.03640595903165736,0.012104283054003632,1.8202979515828676e-05,0.01404138733705771,0.0242834729981379,1,0.03640595903165736,-0.012104283054003632,-1.8202979515828676e-05,0.0242834729981379,False
588000,科创/硬科技,S1_ATM_100_Monthly,2025-04-30,2025-05-28,1.062,1.023,1.05,0.0328,1.0,1,0,selected,not_used,0.25257068901062013,0.4444444444444444,normal_iv,valid,406.0,0.392031388270133,-0.13946069925951288,1.0,,close,10009108.SH,0.5962997519322064,0.21802929611206057,28.0,-0.011299435028248594,-0.03672316384180804,0.03088512241054614,0.0,1.544256120527307e-05,-0.005853483992467177,0.030869679849340866,0,0.03088512241054614,-0.0,-1.544256120527307e-05,0.030869679849340866,False
588000,科创/硬科技,S1_ATM_100_Monthly,2025-05-30,2025-06-25,1.03,1.048,1.05,0.0131,1.0,1,0,selected,not_used,0.2240277875900269,0.14682539682539683,low_iv,valid,424.0,0.14435356534581045,0.07967422224421644,1.0,,close,10008319.SH,0.3726412350726248,0.1904686595916748,26.0,0.01941747572815533,0.01747572815533982,0.012718446601941748,0.0,6.3592233009708745e-06,0.030187815533980596,0.012712087378640775,0,0.012718446601941748,-0.0,-6.3592233009708745e-06,0.012712087378640777,False
588000,科创/硬科技,S1_ATM_100_Monthly,2025-06-30,2025-07-23,1.056,1.074,1.05,0.0232,1.0,1,0,selected,not_used,0.19972865200042722,0.01984126984126984,low_iv,valid,443.0,0.1504547621550865,0.04927388984534073,1.0,,close,10009382.SH,0.5691484208939017,0.18333531837463374,23.0,-0.005681818181818232,0.017045454545454558,0.021969696969696965,0.022727272727272745,1.0984848484848483e-05,0.01627689393939393,-0.0007685606060606268,1,0.021969696969696965,-0.022727272727272745,-1.0984848484848483e-05,-0.0007685606060606283,False
588000,科创/硬科技,S1_ATM_100_Monthly,2025-07-31,2025-08-27,1.101,1.337,1.1,0.0314,1.0,1,0,selected,not_used,0.24754492588043214,0.46825396825396826,normal_iv,valid,460.0,0.13854351084396427,0.10900141503646787,1.0,,close,10009568.SH,0.5275500641938472,0.25205571517944336,27.0,-0.0009082652134422275,0.21435059037238874,0.028519527702089008,0.21525885558583097,1.4259763851044504e-05,0.027597002724795743,-0.186753587647593,1,0.028519527702089008,-0.21525885558583097,-1.4259763851044504e-05,-0.186753587647593,False
588000,科创/硬科技,S1_ATM_100_Monthly,2025-08-29,2025-09-24,1.412,1.53,1.4,0.0906,1.0,1,0,selected,not_used,0.5809427988052369,0.9444444444444444,high_iv,valid,480.0,0.4381391064262431,0.14280369237899382,1.0,,close,10008929.SH,0.5561995717306168,0.5581218288421632,26.0,-0.008498583569405138,0.08356940509915022,0.0641643059490085,0.09206798866855533,3.2082152974504255e-05,0.05563364022662889,-0.027935764872521328,1,0.0641643059490085,-0.09206798866855533,-3.2082152974504255e-05,-0.027935764872521328,False
588000,科创/硬科技,S1_ATM_100_Monthly,2025-09-30,2025-10-22,1.57,1.476,1.55,0.0723,1.0,1,0,selected,not_used,0.4071105211257935,0.7738095238095238,high_iv,valid,501.0,0.39526075353364615,0.011849767592147342,1.0,,close,10009951.SH,0.5762913772080643,0.397945894241333,22.0,-0.01273885350318471,-0.0598726114649682,0.04605095541401274,0.0,2.3025477707006372e-05,-0.01384468152866247,0.04602792993630573,0,0.04605095541401274,-0.0,-2.3025477707006372e-05,0.04602792993630573,False
588000,科创/硬科技,S1_ATM_100_Monthly,2025-10-31,2025-11-26,1.488,1.382,1.5,0.0504,1.0,1,0,selected,not_used,0.36069612045288085,0.6626984126984127,normal_iv,valid,516.0,0.40710488340968437,-0.04640876295680352,1.0,,close,10010122.SH,0.4900557548704651,0.34732587394714354,26.0,0.008064516129032251,-0.07123655913978501,0.03387096774193549,0.0,1.693548387096774e-05,-0.03738252688172049,0.03385403225806452,0,0.03387096774193549,-0.0,-1.693548387096774e-05,0.03385403225806452,False
588000,科创/硬科技,S1_ATM_100_Monthly,2025-11-28,2025-12-24,1.393,1.423,1.4,0.0318,1.0,1,0,selected,not_used,0.27026576204299924,0.32142857142857145,normal_iv,valid,535.0,0.2344462332295704,0.03581952881342884,1.0,,close,10009781.SH,0.4890063539494383,0.23050310668945312,26.0,0.005025125628140614,0.021536252692031604,0.022828427853553483,0.016511127063890976,1.1414213926776741e-05,0.027842139267767334,0.00630588657573573,1,0.022828427853553483,-0.016511127063890976,-1.1414213926776741e-05,0.00630588657573573,False
588000,科创/硬科技,S1_ATM_100_Monthly,2025-12-31,2026-01-28,1.417,1.635,1.4,0.0498,1.0,1,0,selected,not_used,0.2580732797622681,0.31746031746031744,normal_iv,valid,552.0,0.215581576767207,0.04249170299506114,1.0,,close,10010499.SH,0.5903925863604258,0.25399163532257085,28.0,-0.01199717713479187,0.15384615384615383,0.03514467184191954,0.16584333098094572,1.7572335920959774e-05,0.023129922371206695,-0.13071623147494713,1,0.03514467184191954,-0.16584333098094572,-1.7572335920959774e-05,-0.13071623147494713,False
588000,科创/硬科技,S1_ATM_100_Monthly,2026-01-30,2026-02-25,1.588,1.552,1.6,0.05,1.0,1,0,selected,not_used,0.3129322976112366,0.5357142857142857,normal_iv,valid,571.0,0.2995426784234957,0.013389619187740898,1.0,,close,10010689.SH,0.48891761538245165,0.3227597148895264,26.0,0.007556675062972307,-0.022670025188916896,0.031486146095717885,0.0,1.574307304785894e-05,0.008800377833753129,0.03147040302267003,0,0.031486146095717885,-0.0,-1.574307304785894e-05,0.03147040302267003,False
588000,科创/硬科技,S1_ATM_100_Monthly,2026-02-27,2026-03-25,1.566,1.385,1.55,0.0485,1.0,1,0,selected,not_used,0.23637762298583986,0.1746031746031746,low_iv,valid,584.0,0.2420498141479272,-0.005672191162087337,1.0,,close,10009879.SH,0.586576614841503,0.23359294967651367,26.0,-0.010217113665389577,-0.11558109833971905,0.030970625798212005,0.0,1.5485312899106e-05,-0.08462595785440616,0.030955140485312893,0,0.030970625798212005,-0.0,-1.5485312899106e-05,0.0309551404853129,False
588000,科创/硬科技,S1_ATM_100_Monthly,2026-03-31,2026-04-22,1.324,1.529,1.3,0.0574,1.0,1,0,selected,not_used,0.3485084064483643,0.7619047619047619,high_iv,valid,605.0,0.2876490744629956,0.06085933198536869,1.0,,close,10011198.SH,0.6088509380412221,0.33824707603454596,22.0,-0.01812688821752262,0.15483383685800592,0.04335347432024169,0.1729607250755286,2.1676737160120845e-05,0.025204909365558904,-0.129628927492447,1,0.04335347432024169,-0.1729607250755286,-2.1676737160120845e-05,-0.129628927492447,False
588000,科创/硬科技,S1_ATM_100_Monthly,2026-04-30,2026-05-27,1.654,1.911,1.65,0.0552,1.0,1,0,selected,not_used,0.30598015089035036,0.6111111111111112,normal_iv,valid,621.0,0.353666956069768,-0.047686805179417646,1.0,,close,10011405.SH,0.5354173961564849,0.28992536487579346,27.0,-0.00241837968561065,0.15538089480048375,0.03337363966142685,0.1577992744860944,1.6686819830713424e-05,0.03093857315598548,-0.12444232164449828,1,0.03337363966142685,-0.1577992744860944,-1.6686819830713424e-05,-0.12444232164449828,False
588000,科创/硬科技,S1_ATM_100_Monthly,2026-05-29,2026-06-03,1.844,1.823,1.85,0.0768,1.0,1,0,selected,not_used,0.4656125020027161,0.9484126984126984,high_iv,valid,638.0,0.5183459645925268,-0.05273346258981071,1.0,,close,10010961.SH,0.5144406373528015,0.3994908157348633,26.0,0.0032537960954446277,-0.01138828633405647,0.04164859002169197,0.0,2.0824295010845985e-05,0.030239479392624655,0.04162776572668112,0,0.04164859002169197,-0.0,-2.0824295010845985e-05,0.04162776572668112,False
588000,科创/硬科技,S4_OTM5_100_Monthly,2021-01-29,2021-02-26,1.467,1.368,,0.0,0.0,0,1,no_chain_on_trade_date,not_used,,,not_used,,,,,,,none,,,,,,-0.0674846625766871,0.0,0.0,0.0,-0.0674846625766871,0.0,0,0.0,-0.0,-0.0,0.0,False
588000,科创/硬科技,S4_OTM5_100_Monthly,2021-02-26,2021-03-31,1.368,1.284,,0.0,0.0,0,1,no_chain_on_trade_date,not_used,,,not_used,,,,,,,none,,,,,,-0.06140350877192988,0.0,0.0,0.0,-0.06140350877192988,0.0,0,0.0,-0.0,-0.0,0.0,False
588000,科创/硬科技,S4_OTM5_100_Monthly,2021-03-31,2021-04-30,1.284,1.364,,0.0,0.0,0,1,no_chain_on_trade_date,not_used,,,not_used,,,,,,,none,,,,,,0.06230529595015582,0.0,0.0,0.0,0.06230529595015582,0.0,0,0.0,-0.0,-0.0,0.0,False
588000,科创/硬科技,S4_OTM5_100_Monthly,2021-04-30,2021-05-31,1.364,1.484,,0.0,0.0,0,1,no_chain_on_trade_date,not_used,,,not_used,,,,,,,none,,,,,,0.08797653958944272,0.0,0.0,0.0,0.08797653958944272,0.0,0,0.0,-0.0,-0.0,0.0,False
588000,科创/硬科技,S4_OTM5_100_Monthly,2021-05-31,2021-06-30,1.484,1.648,,0.0,0.0,0,1,no_chain_on_trade_date,not_used,,,not_used,,,,,,,none,,,,,,0.11051212938005386,0.0,0.0,0.0,0.11051212938005386,0.0,0,0.0,-0.0,-0.0,0.0,False
588000,科创/硬科技,S4_OTM5_100_Monthly,2021-06-30,2021-07-30,1.648,1.651,,0.0,0.0,0,1,no_chain_on_trade_date,not_used,,,not_used,,,,,,,none,,,,,,0.0018203883495146321,0.0,0.0,0.0,0.0018203883495146321,0.0,0,0.0,-0.0,-0.0,0.0,False
588000,科创/硬科技,S4_OTM5_100_Monthly,2021-07-30,2021-08-31,1.651,1.491,,0.0,0.0,0,1,no_chain_on_trade_date,not_used,,,not_used,,,,,,,none,,,,,,-0.09691096305269528,0.0,0.0,0.0,-0.09691096305269528,0.0,0,0.0,-0.0,-0.0,0.0,False
588000,科创/硬科技,S4_OTM5_100_Monthly,2021-08-31,2021-09-30,1.491,1.423,,0.0,0.0,0,1,no_chain_on_trade_date,not_used,,,not_used,,,,,,,none,,,,,,-0.04560697518444001,0.0,0.0,0.0,-0.04560697518444001,0.0,0,0.0,-0.0,-0.0,0.0,False
588000,科创/硬科技,S4_OTM5_100_Monthly,2021-09-30,2021-10-29,1.423,1.45,,0.0,0.0,0,1,no_chain_on_trade_date,not_used,,,not_used,,,,,,,none,,,,,,0.01897399859451856,0.0,0.0,0.0,0.01897399859451856,0.0,0,0.0,-0.0,-0.0,0.0,False
588000,科创/硬科技,S4_OTM5_100_Monthly,2021-10-29,2021-11-30,1.45,1.53,,0.0,0.0,0,1,no_chain_on_trade_date,not_used,,,not_used,,,,,,,none,,,,,,0.055172413793103496,0.0,0.0,0.0,0.055172413793103496,0.0,0,0.0,-0.0,-0.0,0.0,False
588000,科创/硬科技,S4_OTM5_100_Monthly,2021-11-30,2021-12-31,1.53,1.452,,0.0,0.0,0,1,no_chain_on_trade_date,not_used,,,not_used,,,,,,,none,,,,,,-0.050980392156862786,0.0,0.0,0.0,-0.050980392156862786,0.0,0,0.0,-0.0,-0.0,0.0,False
588000,科创/硬科技,S4_OTM5_100_Monthly,2021-12-31,2022-01-28,1.452,1.283,,0.0,0.0,0,1,no_chain_on_trade_date,not_used,,,not_used,,,,,,,none,,,,,,-0.11639118457300278,0.0,0.0,0.0,-0.11639118457300278,0.0,0,0.0,-0.0,-0.0,0.0,False
588000,科创/硬科技,S4_OTM5_100_Monthly,2022-01-28,2022-02-28,1.283,1.297,,0.0,0.0,0,1,no_chain_on_trade_date,not_used,,,not_used,,,,,,,none,,,,,,0.010911925175370237,0.0,0.0,0.0,0.010911925175370237,0.0,0,0.0,-0.0,-0.0,0.0,False
588000,科创/硬科技,S4_OTM5_100_Monthly,2022-02-28,2022-03-31,1.297,1.137,,0.0,0.0,0,1,no_chain_on_trade_date,not_used,,,not_used,,,,,,,none,,,,,,-0.12336160370084806,0.0,0.0,0.0,-0.12336160370084806,0.0,0,0.0,-0.0,-0.0,0.0,False
588000,科创/硬科技,S4_OTM5_100_Monthly,2022-03-31,2022-04-29,1.137,0.986,,0.0,0.0,0,1,no_chain_on_trade_date,not_used,,,not_used,,,,,,,none,,,,,,-0.13280562884784522,0.0,0.0,0.0,-0.13280562884784522,0.0,0,0.0,-0.0,-0.0,0.0,False
588000,科创/硬科技,S4_OTM5_100_Monthly,2022-04-29,2022-05-31,0.986,1.078,,0.0,0.0,0,1,no_chain_on_trade_date,not_used,,,not_used,,,,,,,none,,,,,,0.09330628803245444,0.0,0.0,0.0,0.09330628803245444,0.0,0,0.0,-0.0,-0.0,0.0,False
588000,科创/硬科技,S4_OTM5_100_Monthly,2022-05-31,2022-06-30,1.078,1.155,,0.0,0.0,0,1,no_chain_on_trade_date,not_used,,,not_used,,,,,,,none,,,,,,0.07142857142857138,0.0,0.0,0.0,0.07142857142857138,0.0,0,0.0,-0.0,-0.0,0.0,False
588000,科创/硬科技,S4_OTM5_100_Monthly,2022-06-30,2022-07-29,1.155,1.139,,0.0,0.0,0,1,no_chain_on_trade_date,not_used,,,not_used,,,,,,,none,,,,,,-0.013852813852813865,0.0,0.0,0.0,-0.013852813852813865,0.0,0,0.0,-0.0,-0.0,0.0,False
588000,科创/硬科技,S4_OTM5_100_Monthly,2022-07-29,2022-08-31,1.139,1.077,,0.0,0.0,0,1,no_chain_on_trade_date,not_used,,,not_used,,,,,,,none,,,,,,-0.05443371378402112,0.0,0.0,0.0,-0.05443371378402112,0.0,0,0.0,-0.0,-0.0,0.0,False
588000,科创/硬科技,S4_OTM5_100_Monthly,2022-08-31,2022-09-30,1.077,0.981,,0.0,0.0,0,1,no_chain_on_trade_date,not_used,,,not_used,,,,,,,none,,,,,,-0.08913649025069637,0.0,0.0,0.0,-0.08913649025069637,0.0,0,0.0,-0.0,-0.0,0.0,False
588000,科创/硬科技,S4_OTM5_100_Monthly,2022-09-30,2022-10-31,0.981,1.06,,0.0,0.0,0,1,no_chain_on_trade_date,not_used,,,not_used,,,,,,,none,,,,,,0.0805300713557595,0.0,0.0,0.0,0.0805300713557595,0.0,0,0.0,-0.0,-0.0,0.0,False
588000,科创/硬科技,S4_OTM5_100_Monthly,2022-10-31,2022-11-30,1.06,1.041,,0.0,0.0,0,1,no_chain_on_trade_date,not_used,,,not_used,,,,,,,none,,,,,,-0.017924528301886913,0.0,0.0,0.0,-0.017924528301886913,0.0,0,0.0,-0.0,-0.0,0.0,False
588000,科创/硬科技,S4_OTM5_100_Monthly,2022-11-30,2022-12-30,1.041,1.003,,0.0,0.0,0,1,no_chain_on_trade_date,not_used,,,not_used,,,,,,,none,,,,,,-0.03650336215177717,0.0,0.0,0.0,-0.03650336215177717,0.0,0,0.0,-0.0,-0.0,0.0,False
588000,科创/硬科技,S4_OTM5_100_Monthly,2022-12-30,2023-01-31,1.003,1.058,,0.0,0.0,0,1,no_chain_on_trade_date,not_used,,,not_used,,,,,,,none,,,,,,0.05483549351944184,0.0,0.0,0.0,0.05483549351944184,0.0,0,0.0,-0.0,-0.0,0.0,False
588000,科创/硬科技,S4_OTM5_100_Monthly,2023-01-31,2023-02-28,1.058,1.033,,0.0,0.0,0,1,no_chain_on_trade_date,not_used,,,not_used,,,,,,,none,,,,,,-0.0236294896030247,0.0,0.0,0.0,-0.0236294896030247,0.0,0,0.0,-0.0,-0.0,0.0,False
588000,科创/硬科技,S4_OTM5_100_Monthly,2023-02-28,2023-03-31,1.033,1.124,,0.0,0.0,0,1,no_chain_on_trade_date,not_used,,,not_used,,,,,,,none,,,,,,0.08809293320425964,0.0,0.0,0.0,0.08809293320425964,0.0,0,0.0,-0.0,-0.0,0.0,False
588000,科创/硬科技,S4_OTM5_100_Monthly,2023-03-31,2023-04-28,1.124,1.133,,0.0,0.0,0,1,no_chain_on_trade_date,not_used,,,not_used,,,,,,,none,,,,,,0.008007117437722328,0.0,0.0,0.0,0.008007117437722328,0.0,0,0.0,-0.0,-0.0,0.0,False
588000,科创/硬科技,S4_OTM5_100_Monthly,2023-04-28,2023-05-31,1.133,1.097,,0.0,0.0,0,1,no_chain_on_trade_date,not_used,,,not_used,,,,,,,none,,,,,,-0.031774051191526945,0.0,0.0,0.0,-0.031774051191526945,0.0,0,0.0,-0.0,-0.0,0.0,False
588000,科创/硬科技,S4_OTM5_100_Monthly,2023-05-31,2023-06-30,1.097,1.052,,0.0,0.0,0,1,no_chain_on_trade_date,not_used,,,not_used,,,,,,,none,,,,,,-0.04102096627164989,0.0,0.0,0.0,-0.04102096627164989,0.0,0,0.0,-0.0,-0.0,0.0,False
588000,科创/硬科技,S4_OTM5_100_Monthly,2023-06-30,2023-07-26,1.052,1.006,1.1,0.0092,1.0,1,0,selected,not_used,0.21069568729400634,,warmup_invalid,warmup,17.0,0.19799502088270396,0.01270066641130238,0.0,,close,10005499.SH,0.24857465187384725,0.22811896858215336,26.0,0.04562737642585546,-0.0437262357414449,0.008745247148288973,0.0,4.3726235741444865e-06,-0.03498536121673008,0.008740874524714823,0,0.008745247148288973,-0.0,-4.3726235741444865e-06,0.008740874524714828,False
588000,科创/硬科技,S4_OTM5_100_Monthly,2023-07-31,2023-08-23,1.015,0.922,1.05,0.01,1.0,1,0,selected,not_used,0.19844121742248538,,warmup_invalid,warmup,37.0,0.13131849075276922,0.06712272666971617,0.0,,close,10005701.SH,0.28930830262005214,0.22289293785095216,23.0,0.034482758620689724,-0.09162561576354666,0.009852216748768475,0.0,4.926108374384237e-06,-0.08177832512315257,0.009847290640394094,0,0.009852216748768475,-0.0,-4.926108374384237e-06,0.00984729064039409,False
588000,科创/硬科技,S4_OTM5_100_Monthly,2023-08-31,2023-09-27,0.987,0.925,1.05,0.0115,1.0,1,0,selected,not_used,0.27338898296356207,,warmup_invalid,warmup,54.0,0.27707861161518715,-0.0036896286516250876,0.0,,close,10005516.SH,0.24627812125990017,0.3051361660003662,27.0,0.06382978723404253,-0.06281661600810531,0.01165146909827761,0.0,5.825734549138805e-06,-0.051170972644376846,0.011645643363728468,0,0.01165146909827761,-0.0,-5.825734549138805e-06,0.01164564336372847,False
588000,科创/硬科技,S4_OTM5_100_Monthly,2023-09-28,2023-10-25,0.932,0.891,1.0,0.0064,1.0,1,0,selected,not_used,0.23876176109313965,,warmup_invalid,warmup,73.0,0.1994059078730275,0.03935585322011215,0.0,,close,10005973.SH,0.18033155831222897,0.2667229328155517,27.0,0.07296137339055786,-0.04399141630901291,0.0068669527896995704,0.0,3.4334763948497853e-06,-0.03712789699570819,0.006863519313304721,0,0.0068669527896995704,-0.0,-3.4334763948497853e-06,0.006863519313304721,False
588000,科创/硬科技,S4_OTM5_100_Monthly,2023-10-31,2023-11-22,0.917,0.913,0.95,0.0083,1.0,1,0,selected,not_used,0.18489931297302248,,warmup_invalid,warmup,90.0,0.1741772105070081,0.010722102466014377,0.0,,close,10006083.SH,0.27567459732573335,0.22321718063354493,22.0,0.03598691384950925,-0.004362050163576885,0.009051254089422029,0.0,4.5256270447110145e-06,0.004684678298800433,0.009046728462377317,0,0.009051254089422029,-0.0,-4.5256270447110145e-06,0.009046728462377317,False
588000,科创/硬科技,S4_OTM5_100_Monthly,2023-11-30,2023-12-27,0.907,0.873,0.95,0.0063,1.0,1,0,selected,not_used,0.18266775970458982,,warmup_invalid,warmup,106.0,0.15039380755278783,0.03227395215180198,0.0,,close,10005532.SH,0.22091089775030487,0.2067952373504639,27.0,0.047409040793825685,-0.03748621830209485,0.006945975744211687,0.0,3.472987872105843e-06,-0.03054371554575527,0.006942502756339581,0,0.006945975744211687,-0.0,-3.472987872105843e-06,0.006942502756339581,False
588000,科创/硬科技,S4_OTM5_100_Monthly,2023-12-29,2024-01-24,0.897,0.788,0.95,0.006,1.0,1,0,selected,not_used,0.2064900676727295,,warmup_invalid,warmup,126.0,0.18919837355912913,0.017291694113600375,0.0,,close,10006332.SH,0.19637892402673524,0.23668279266357423,26.0,0.05908584169453723,-0.12151616499442584,0.006688963210702341,0.0,3.3444816053511705e-06,-0.11483054626532886,0.0066856187290969815,0,0.006688963210702341,-0.0,-3.3444816053511705e-06,0.00668561872909699,False
588000,科创/硬科技,S4_OTM5_100_Monthly,2024-01-31,2024-02-28,0.722,0.808,0.75,0.0127,1.0,1,0,selected,not_used,0.32255944728851316,,warmup_invalid,warmup,142.0,0.27562981579046875,0.04692963149804441,0.0,,close,10006557.SH,0.3407516021264413,0.29237625885009766,28.0,0.03878116343490312,0.11911357340720233,0.017590027700831026,0.08033240997229925,8.795013850415513e-06,0.05636239612188371,-0.06275117728531862,1,0.017590027700831026,-0.08033240997229925,-8.795013850415513e-06,-0.06275117728531864,False
588000,科创/硬科技,S4_OTM5_100_Monthly,2024-02-29,2024-03-27,0.847,0.789,0.9,0.0141,1.0,1,0,selected,not_used,0.33862853813171384,,warmup_invalid,warmup,157.0,0.43978441314808064,-0.1011558750163668,0.0,,close,10005821.SH,0.28767543862297884,0.3576062774658203,27.0,0.06257378984651707,-0.0684769775678866,0.0166469893742621,0.0,8.323494687131051e-06,-0.05183831168831162,0.016638665879574972,0,0.0166469893742621,-0.0,-8.323494687131051e-06,0.01663866587957497,False
588000,科创/硬科技,S4_OTM5_100_Monthly,2024-03-29,2024-04-24,0.8,0.773,0.85,0.0064,1.0,1,0,selected,not_used,0.2461049064636231,,warmup_invalid,warmup,177.0,0.20459608665455176,0.04150881980907134,0.0,,close,10006974.SH,0.20891536699286134,0.26243148422241214,26.0,0.0625,-0.03375000000000003,0.008,0.0,4e-06,-0.02575400000000003,0.007996,0,0.008,-0.0,-4e-06,0.007996,False
588000,科创/硬科技,S4_OTM5_100_Monthly,2024-04-30,2024-05-22,0.804,0.789,0.85,0.0056,1.0,1,0,selected,not_used,0.21830585613250733,,warmup_invalid,warmup,197.0,0.25429569583527617,-0.03598983970276884,0.0,,close,10007094.SH,0.20292455695464856,0.2569765762329102,22.0,0.05721393034825861,-0.018656716417910463,0.006965174129353233,0.0,3.4825870646766167e-06,-0.011695024875621907,0.006961691542288557,0,0.006965174129353233,-0.0,-3.4825870646766167e-06,0.006961691542288557,False
588000,科创/硬科技,S4_OTM5_100_Monthly,2024-05-31,2024-06-26,0.778,0.764,0.8,0.009,1.0,1,0,selected,not_used,0.2224256467819214,,warmup_invalid,warmup,212.0,0.18247712501381186,0.039948521768109535,0.0,,close,10006223.SH,0.32705331784477665,0.20834015884399418,26.0,0.028277634961439535,-0.017994858611825208,0.011568123393316193,0.0,5.784061696658097e-06,-0.006432519280205672,0.011562339331619535,0,0.011568123393316193,-0.0,-5.784061696658097e-06,0.011562339331619535,False
588000,科创/硬科技,S4_OTM5_100_Monthly,2024-06-28,2024-07-24,0.745,0.746,0.8,0.0047,1.0,1,0,selected,not_used,0.23812281208038333,,warmup_invalid,warmup,230.0,0.20749136593182935,0.03063144614855398,0.0,,close,10007391.SH,0.17146567850793548,0.26582649688720705,26.0,0.0738255033557047,0.001342281879194632,0.006308724832214766,0.0,3.1543624161073825e-06,0.00764785234899329,0.006305570469798658,0,0.006308724832214766,-0.0,-3.1543624161073825e-06,0.006305570469798658,False
588000,科创/硬科技,S4_OTM5_100_Monthly,2024-07-31,2024-08-28,0.778,0.704,0.8,0.0127,1.0,1,0,selected,not_used,0.2563757734298706,,warmup_invalid,warmup,247.0,0.28841638495911315,-0.032040611529242535,0.0,,close,10007510.SH,0.3627915124180311,0.24698226928710937,28.0,0.028277634961439535,-0.09511568123393324,0.016323907455012852,0.0,8.161953727506426e-06,-0.07879993573264789,0.016315745501285353,0,0.016323907455012852,-0.0,-8.161953727506426e-06,0.016315745501285346,False
588000,科创/硬科技,S4_OTM5_100_Monthly,2024-08-30,2024-09-25,0.728,0.7,0.75,0.0081,1.0,1,0,selected,not_used,0.23085595912933352,0.5238095238095238,normal_iv,valid,268.0,0.18562073359724837,0.045235225532085144,1.0,,close,10006786.SH,0.3162760238486277,0.20984693412780764,26.0,0.030219780219780334,-0.0384615384615385,0.011126373626373627,0.0,5.563186813186814e-06,-0.027340728021978056,0.011120810439560442,0,0.011126373626373627,-0.0,-5.563186813186814e-06,0.01112081043956044,False
588000,科创/硬科技,S4_OTM5_100_Monthly,2024-09-30,2024-10-23,0.95,1.032,1.0,0.1202,1.0,1,0,selected,not_used,1.0130344528198243,1.0,high_iv,valid,286.0,0.7988447715414135,0.21418968127841076,1.0,,close,10008031.SH,0.5200952124231769,1.4767969974517823,23.0,0.05263157894736836,0.08631578947368429,0.12652631578947368,0.03368421052631582,6.326315789473684e-05,0.17909463157894742,0.09277884210526313,1,0.12652631578947368,-0.03368421052631582,-6.326315789473684e-05,0.09277884210526313,False
588000,科创/硬科技,S4_OTM5_100_Monthly,2024-10-31,2024-11-27,1.02,1.038,1.05,0.0561,1.0,1,0,selected,not_used,0.5825449396133422,0.9722222222222222,high_iv,valid,300.0,1.2046429925445479,-0.6220980529312057,1.0,,close,10008117.SH,0.4684613299472265,0.619193910598755,27.0,0.02941176470588247,0.017647058823529425,0.05499999999999999,0.0,2.75e-05,0.07261955882352943,0.0549725,0,0.05499999999999999,-0.0,-2.75e-05,0.054972499999999994,False
588000,科创/硬科技,S4_OTM5_100_Monthly,2024-11-29,2024-12-25,1.06,1.072,1.1,0.0299,1.0,1,0,selected,not_used,0.3877703927993774,0.8611111111111112,high_iv,valid,320.0,0.42013128746142575,-0.032360894662048334,1.0,,close,10008124.SH,0.39182363123560227,0.405937525177002,26.0,0.037735849056603765,0.011320754716981142,0.028207547169811317,0.0,1.410377358490566e-05,0.039514198113207555,0.02819344339622641,0,0.028207547169811317,-0.0,-1.410377358490566e-05,0.02819344339622641,False
588000,科创/硬科技,S4_OTM5_100_Monthly,2024-12-31,2025-01-22,1.045,1.029,1.1,0.0139,1.0,1,0,selected,not_used,0.3103621967315674,0.7341269841269841,high_iv,valid,341.0,0.20843262418538708,0.10192957254618032,1.0,,close,10008450.SH,0.2793063872585677,0.3264408241271972,22.0,0.052631578947368585,-0.01531100478468901,0.013301435406698564,0.0,6.650717703349283e-06,-0.002016220095693795,0.013294784688995216,0,0.013301435406698564,-0.0,-6.650717703349283e-06,0.013294784688995216,False
588000,科创/硬科技,S4_OTM5_100_Monthly,2025-01-27,2025-02-26,1.009,1.186,1.05,0.0181,1.0,1,0,selected,not_used,0.29921396694183344,0.6666666666666666,normal_iv,valid,353.0,0.26371983642662106,0.035494130515212385,1.0,,close,10008631.SH,0.33864317029027924,0.29090762977600093,30.0,0.04063429137760166,0.17542120911793863,0.01793855302279485,0.13478691774033688,8.969276511397426e-06,0.058563875123885195,-0.11685733399405343,1,0.01793855302279485,-0.13478691774033688,-8.969276511397426e-06,-0.11685733399405343,False
588000,科创/硬科技,S4_OTM5_100_Monthly,2025-02-28,2025-03-26,1.133,1.081,1.2,0.022,1.0,1,0,selected,not_used,0.36926471281051637,0.8095238095238095,high_iv,valid,370.0,0.3692041946793003,6.051813121604743e-05,1.0,,close,10008221.SH,0.3105039465239513,0.38465194015502935,26.0,0.05913503971756384,-0.04589585172109448,0.019417475728155338,0.0,9.70873786407767e-06,-0.026488084730803215,0.019407766990291262,0,0.019417475728155338,-0.0,-9.70873786407767e-06,0.019407766990291262,False
588000,科创/硬科技,S4_OTM5_100_Monthly,2025-03-31,2025-04-23,1.074,1.063,1.15,0.0077,1.0,1,0,selected,not_used,0.24169901924133302,0.3253968253968254,normal_iv,valid,390.0,0.22248801136943958,0.01921100787189345,1.0,,close,10008988.SH,0.1867617061467714,0.2886760765075683,23.0,0.07076350093109851,-0.010242085661080187,0.0071694599627560515,0.0,3.584729981378026e-06,-0.0030762104283055132,0.007165875232774673,0,0.0071694599627560515,-0.0,-3.584729981378026e-06,0.007165875232774673,False
588000,科创/硬科技,S4_OTM5_100_Monthly,2025-04-30,2025-05-28,1.062,1.023,1.1,0.0141,1.0,1,0,selected,not_used,0.25257068901062013,0.4444444444444444,normal_iv,valid,406.0,0.392031388270133,-0.13946069925951288,1.0,,close,10009109.SH,0.3185073544660405,0.24030668258666996,28.0,0.03578154425612046,-0.03672316384180804,0.01327683615819209,0.0,6.638418079096045e-06,-0.023452966101695047,0.013270197740112996,0,0.01327683615819209,-0.0,-6.638418079096045e-06,0.013270197740112994,False
588000,科创/硬科技,S4_OTM5_100_Monthly,2025-05-30,2025-06-25,1.03,1.048,1.1,0.0051,1.0,1,0,selected,not_used,0.2240277875900269,0.14682539682539683,low_iv,valid,424.0,0.14435356534581045,0.07967422224421644,1.0,,close,10008320.SH,0.15690634589700697,0.23214339370727538,26.0,0.06796116504854366,0.01747572815533982,0.004951456310679612,0.0,2.475728155339806e-06,0.022424708737864094,0.004948980582524274,0,0.004951456310679612,-0.0,-2.475728155339806e-06,0.004948980582524272,False
588000,科创/硬科技,S4_OTM5_100_Monthly,2025-06-30,2025-07-23,1.056,1.074,1.1,0.0095,1.0,1,0,selected,not_used,0.19972865200042722,0.01984126984126984,low_iv,valid,443.0,0.1504547621550865,0.04927388984534073,1.0,,close,10009383.SH,0.2603118298207408,0.2345847511291504,23.0,0.04166666666666674,0.017045454545454558,0.00899621212121212,0.0,4.49810606060606e-06,0.02603716856060607,0.008991714015151513,0,0.00899621212121212,-0.0,-4.49810606060606e-06,0.008991714015151513,False
588000,科创/硬科技,S4_OTM5_100_Monthly,2025-07-31,2025-08-27,1.101,1.337,1.15,0.0157,1.0,1,0,selected,not_used,0.24754492588043214,0.46825396825396826,normal_iv,valid,460.0,0.13854351084396427,0.10900141503646787,1.0,,close,10009569.SH,0.30431433725006973,0.28106590766906747,27.0,0.04450499545867381,0.21435059037238874,0.014259763851044504,0.16984559491371487,7.129881925522252e-06,0.05875762942779284,-0.1555929609445959,1,0.014259763851044504,-0.16984559491371487,-7.129881925522252e-06,-0.1555929609445959,False
588000,科创/硬科技,S4_OTM5_100_Monthly,2025-08-29,2025-09-24,1.412,1.53,1.5,0.06,1.0,1,0,selected,not_used,0.5809427988052369,0.9444444444444444,high_iv,valid,480.0,0.4381391064262431,0.14280369237899382,1.0,,close,10009838.SH,0.3938445215402753,0.6266896408081055,26.0,0.062322946175637384,0.08356940509915022,0.042492917847025496,0.02124645892351277,2.124645892351275e-05,0.10479461756373942,0.021225212464589208,1,0.042492917847025496,-0.02124645892351277,-2.124645892351275e-05,0.021225212464589215,False
588000,科创/硬科技,S4_OTM5_100_Monthly,2025-09-30,2025-10-22,1.57,1.476,1.65,0.0339,1.0,1,0,selected,not_used,0.4071105211257935,0.7738095238095238,high_iv,valid,501.0,0.39526075353364615,0.011849767592147342,1.0,,close,10009986.SH,0.3363053055370509,0.416942706680298,22.0,0.05095541401273884,-0.0598726114649682,0.02159235668789809,0.0,1.0796178343949043e-05,-0.03829105095541407,0.021581560509554135,0,0.02159235668789809,-0.0,-1.0796178343949043e-05,0.02158156050955414,False
588000,科创/硬科技,S4_OTM5_100_Monthly,2025-10-31,2025-11-26,1.488,1.382,1.55,0.0332,1.0,1,0,selected,not_used,0.36069612045288085,0.6626984126984127,normal_iv,valid,516.0,0.40710488340968437,-0.04640876295680352,1.0,,close,10010123.SH,0.35905730757552323,0.360801022529602,26.0,0.04166666666666674,-0.07123655913978501,0.022311827956989248,0.0,1.1155913978494624e-05,-0.04893588709677426,0.02230067204301075,0,0.022311827956989248,-0.0,-1.1155913978494624e-05,0.022300672043010752,False
588000,科创/硬科技,S4_OTM5_100_Monthly,2025-11-28,2025-12-24,1.393,1.423,1.45,0.0152,1.0,1,0,selected,not_used,0.27026576204299924,0.32142857142857145,normal_iv,valid,535.0,0.2344462332295704,0.03581952881342884,1.0,,close,10009841.SH,0.2834067964195738,0.2396486604690552,26.0,0.04091888011485989,0.021536252692031604,0.01091170136396267,0.0,5.455850681981335e-06,0.03244249820531229,0.010906245513280684,0,0.01091170136396267,-0.0,-5.455850681981335e-06,0.010906245513280689,False
588000,科创/硬科技,S4_OTM5_100_Monthly,2025-12-31,2026-01-28,1.417,1.635,1.5,0.0149,1.0,1,0,selected,not_used,0.2580732797622681,0.31746031746031744,normal_iv,valid,552.0,0.215581576767207,0.04249170299506114,1.0,,close,10010501.SH,0.24372940497434797,0.2731314960479737,28.0,0.05857445306986597,0.15384615384615383,0.010515172900494002,0.09527170077628794,5.257586450247001e-06,0.06908436838390965,-0.08476178546224418,1,0.010515172900494002,-0.09527170077628794,-5.257586450247001e-06,-0.08476178546224418,False
588000,科创/硬科技,S4_OTM5_100_Monthly,2026-01-30,2026-02-25,1.588,1.552,1.65,0.0333,1.0,1,0,selected,not_used,0.3129322976112366,0.5357142857142857,normal_iv,valid,571.0,0.2995426784234957,0.013389619187740898,1.0,,close,10010721.SH,0.35846444584120574,0.3388192691802979,26.0,0.03904282115869018,-0.022670025188916896,0.020969773299748112,0.0,1.0484886649874055e-05,-0.0017107367758186576,0.02095928841309824,0,0.020969773299748112,-0.0,-1.0484886649874055e-05,0.02095928841309824,False
588000,科创/硬科技,S4_OTM5_100_Monthly,2026-02-27,2026-03-25,1.566,1.385,1.65,0.0138,1.0,1,0,selected,not_used,0.23637762298583986,0.1746031746031746,low_iv,valid,584.0,0.2420498141479272,-0.005672191162087337,1.0,,close,10009994.SH,0.23341003658842074,0.25022469711303713,26.0,0.05363984674329503,-0.11558109833971905,0.008812260536398466,0.0,4.406130268199233e-06,-0.10677324393358878,0.008807854406130272,0,0.008812260536398466,-0.0,-4.406130268199233e-06,0.008807854406130267,False
588000,科创/硬科技,S4_OTM5_100_Monthly,2026-03-31,2026-04-22,1.324,1.529,1.4,0.0137,1.0,1,0,selected,not_used,0.3485084064483643,0.7619047619047619,high_iv,valid,605.0,0.2876490744629956,0.06085933198536869,1.0,,close,10011158.SH,0.24339924426313825,0.30359124450683594,22.0,0.05740181268882161,0.15483383685800592,0.010347432024169184,0.09743202416918428,5.1737160120845925e-06,0.06774407099697874,-0.08708976586102718,1,0.010347432024169184,-0.09743202416918428,-5.1737160120845925e-06,-0.08708976586102718,False
588000,科创/硬科技,S4_OTM5_100_Monthly,2026-04-30,2026-05-27,1.654,1.911,1.75,0.025,1.0,1,0,selected,not_used,0.30598015089035036,0.6111111111111112,normal_iv,valid,621.0,0.353666956069768,-0.047686805179417646,1.0,,close,10011419.SH,0.28429575005718843,0.32855793876647943,27.0,0.058041112454655375,0.15538089480048375,0.015114873035066508,0.09733978234582832,7.557436517533254e-06,0.0731484280532044,-0.08223246674727935,1,0.015114873035066508,-0.09733978234582832,-7.557436517533254e-06,-0.08223246674727935,False
588000,科创/硬科技,S4_OTM5_100_Monthly,2026-05-29,2026-06-03,1.844,1.823,1.95,0.0451,1.0,1,0,selected,not_used,0.4656125020027161,0.9484126984126984,high_iv,valid,638.0,0.5183459645925268,-0.05273346258981071,1.0,,close,10011558.SH,0.3392422708388749,0.4321821174621583,26.0,0.057483731019522644,-0.01138828633405647,0.02445770065075922,0.0,1.222885032537961e-05,0.013057185466377371,0.02444547180043384,0,0.02445770065075922,-0.0,-1.222885032537961e-05,0.02444547180043384,False
588000,科创/硬科技,S5_IVTiming_ATM_Monthly,2021-01-29,2021-02-26,1.467,1.368,,0.0,0.0,0,0,data_invalid_skip,data_invalid_skip,,,data_invalid,,,,,0.0,,none,,,,,,-0.0674846625766871,0.0,0.0,0.0,-0.0674846625766871,0.0,0,0.0,-0.0,-0.0,0.0,False
588000,科创/硬科技,S5_IVTiming_ATM_Monthly,2021-02-26,2021-03-31,1.368,1.284,,0.0,0.0,0,0,data_invalid_skip,data_invalid_skip,,,data_invalid,,,,,0.0,,none,,,,,,-0.06140350877192988,0.0,0.0,0.0,-0.06140350877192988,0.0,0,0.0,-0.0,-0.0,0.0,False
588000,科创/硬科技,S5_IVTiming_ATM_Monthly,2021-03-31,2021-04-30,1.284,1.364,,0.0,0.0,0,0,data_invalid_skip,data_invalid_skip,,,data_invalid,,,,,0.0,,none,,,,,,0.06230529595015582,0.0,0.0,0.0,0.06230529595015582,0.0,0,0.0,-0.0,-0.0,0.0,False
588000,科创/硬科技,S5_IVTiming_ATM_Monthly,2021-04-30,2021-05-31,1.364,1.484,,0.0,0.0,0,0,data_invalid_skip,data_invalid_skip,,,data_invalid,,,,,0.0,,none,,,,,,0.08797653958944272,0.0,0.0,0.0,0.08797653958944272,0.0,0,0.0,-0.0,-0.0,0.0,False
588000,科创/硬科技,S5_IVTiming_ATM_Monthly,2021-05-31,2021-06-30,1.484,1.648,,0.0,0.0,0,0,data_invalid_skip,data_invalid_skip,,,data_invalid,,,,,0.0,,none,,,,,,0.11051212938005386,0.0,0.0,0.0,0.11051212938005386,0.0,0,0.0,-0.0,-0.0,0.0,False
588000,科创/硬科技,S5_IVTiming_ATM_Monthly,2021-06-30,2021-07-30,1.648,1.651,,0.0,0.0,0,0,data_invalid_skip,data_invalid_skip,,,data_invalid,,,,,0.0,,none,,,,,,0.0018203883495146321,0.0,0.0,0.0,0.0018203883495146321,0.0,0,0.0,-0.0,-0.0,0.0,False
588000,科创/硬科技,S5_IVTiming_ATM_Monthly,2021-07-30,2021-08-31,1.651,1.491,,0.0,0.0,0,0,data_invalid_skip,data_invalid_skip,,,data_invalid,,,,,0.0,,none,,,,,,-0.09691096305269528,0.0,0.0,0.0,-0.09691096305269528,0.0,0,0.0,-0.0,-0.0,0.0,False
588000,科创/硬科技,S5_IVTiming_ATM_Monthly,2021-08-31,2021-09-30,1.491,1.423,,0.0,0.0,0,0,data_invalid_skip,data_invalid_skip,,,data_invalid,,,,,0.0,,none,,,,,,-0.04560697518444001,0.0,0.0,0.0,-0.04560697518444001,0.0,0,0.0,-0.0,-0.0,0.0,False
588000,科创/硬科技,S5_IVTiming_ATM_Monthly,2021-09-30,2021-10-29,1.423,1.45,,0.0,0.0,0,0,data_invalid_skip,data_invalid_skip,,,data_invalid,,,,,0.0,,none,,,,,,0.01897399859451856,0.0,0.0,0.0,0.01897399859451856,0.0,0,0.0,-0.0,-0.0,0.0,False
588000,科创/硬科技,S5_IVTiming_ATM_Monthly,2021-10-29,2021-11-30,1.45,1.53,,0.0,0.0,0,0,data_invalid_skip,data_invalid_skip,,,data_invalid,,,,,0.0,,none,,,,,,0.055172413793103496,0.0,0.0,0.0,0.055172413793103496,0.0,0,0.0,-0.0,-0.0,0.0,False
588000,科创/硬科技,S5_IVTiming_ATM_Monthly,2021-11-30,2021-12-31,1.53,1.452,,0.0,0.0,0,0,data_invalid_skip,data_invalid_skip,,,data_invalid,,,,,0.0,,none,,,,,,-0.050980392156862786,0.0,0.0,0.0,-0.050980392156862786,0.0,0,0.0,-0.0,-0.0,0.0,False
588000,科创/硬科技,S5_IVTiming_ATM_Monthly,2021-12-31,2022-01-28,1.452,1.283,,0.0,0.0,0,0,data_invalid_skip,data_invalid_skip,,,data_invalid,,,,,0.0,,none,,,,,,-0.11639118457300278,0.0,0.0,0.0,-0.11639118457300278,0.0,0,0.0,-0.0,-0.0,0.0,False
588000,科创/硬科技,S5_IVTiming_ATM_Monthly,2022-01-28,2022-02-28,1.283,1.297,,0.0,0.0,0,0,data_invalid_skip,data_invalid_skip,,,data_invalid,,,,,0.0,,none,,,,,,0.010911925175370237,0.0,0.0,0.0,0.010911925175370237,0.0,0,0.0,-0.0,-0.0,0.0,False
588000,科创/硬科技,S5_IVTiming_ATM_Monthly,2022-02-28,2022-03-31,1.297,1.137,,0.0,0.0,0,0,data_invalid_skip,data_invalid_skip,,,data_invalid,,,,,0.0,,none,,,,,,-0.12336160370084806,0.0,0.0,0.0,-0.12336160370084806,0.0,0,0.0,-0.0,-0.0,0.0,False
588000,科创/硬科技,S5_IVTiming_ATM_Monthly,2022-03-31,2022-04-29,1.137,0.986,,0.0,0.0,0,0,data_invalid_skip,data_invalid_skip,,,data_invalid,,,,,0.0,,none,,,,,,-0.13280562884784522,0.0,0.0,0.0,-0.13280562884784522,0.0,0,0.0,-0.0,-0.0,0.0,False
588000,科创/硬科技,S5_IVTiming_ATM_Monthly,2022-04-29,2022-05-31,0.986,1.078,,0.0,0.0,0,0,data_invalid_skip,data_invalid_skip,,,data_invalid,,,,,0.0,,none,,,,,,0.09330628803245444,0.0,0.0,0.0,0.09330628803245444,0.0,0,0.0,-0.0,-0.0,0.0,False
588000,科创/硬科技,S5_IVTiming_ATM_Monthly,2022-05-31,2022-06-30,1.078,1.155,,0.0,0.0,0,0,data_invalid_skip,data_invalid_skip,,,data_invalid,,,,,0.0,,none,,,,,,0.07142857142857138,0.0,0.0,0.0,0.07142857142857138,0.0,0,0.0,-0.0,-0.0,0.0,False
588000,科创/硬科技,S5_IVTiming_ATM_Monthly,2022-06-30,2022-07-29,1.155,1.139,,0.0,0.0,0,0,data_invalid_skip,data_invalid_skip,,,data_invalid,,,,,0.0,,none,,,,,,-0.013852813852813865,0.0,0.0,0.0,-0.013852813852813865,0.0,0,0.0,-0.0,-0.0,0.0,False
588000,科创/硬科技,S5_IVTiming_ATM_Monthly,2022-07-29,2022-08-31,1.139,1.077,,0.0,0.0,0,0,data_invalid_skip,data_invalid_skip,,,data_invalid,,,,,0.0,,none,,,,,,-0.05443371378402112,0.0,0.0,0.0,-0.05443371378402112,0.0,0,0.0,-0.0,-0.0,0.0,False
588000,科创/硬科技,S5_IVTiming_ATM_Monthly,2022-08-31,2022-09-30,1.077,0.981,,0.0,0.0,0,0,data_invalid_skip,data_invalid_skip,,,data_invalid,,,,,0.0,,none,,,,,,-0.08913649025069637,0.0,0.0,0.0,-0.08913649025069637,0.0,0,0.0,-0.0,-0.0,0.0,False
588000,科创/硬科技,S5_IVTiming_ATM_Monthly,2022-09-30,2022-10-31,0.981,1.06,,0.0,0.0,0,0,data_invalid_skip,data_invalid_skip,,,data_invalid,,,,,0.0,,none,,,,,,0.0805300713557595,0.0,0.0,0.0,0.0805300713557595,0.0,0,0.0,-0.0,-0.0,0.0,False
588000,科创/硬科技,S5_IVTiming_ATM_Monthly,2022-10-31,2022-11-30,1.06,1.041,,0.0,0.0,0,0,data_invalid_skip,data_invalid_skip,,,data_invalid,,,,,0.0,,none,,,,,,-0.017924528301886913,0.0,0.0,0.0,-0.017924528301886913,0.0,0,0.0,-0.0,-0.0,0.0,False
588000,科创/硬科技,S5_IVTiming_ATM_Monthly,2022-11-30,2022-12-30,1.041,1.003,,0.0,0.0,0,0,data_invalid_skip,data_invalid_skip,,,data_invalid,,,,,0.0,,none,,,,,,-0.03650336215177717,0.0,0.0,0.0,-0.03650336215177717,0.0,0,0.0,-0.0,-0.0,0.0,False
588000,科创/硬科技,S5_IVTiming_ATM_Monthly,2022-12-30,2023-01-31,1.003,1.058,,0.0,0.0,0,0,data_invalid_skip,data_invalid_skip,,,data_invalid,,,,,0.0,,none,,,,,,0.05483549351944184,0.0,0.0,0.0,0.05483549351944184,0.0,0,0.0,-0.0,-0.0,0.0,False
588000,科创/硬科技,S5_IVTiming_ATM_Monthly,2023-01-31,2023-02-28,1.058,1.033,,0.0,0.0,0,0,data_invalid_skip,data_invalid_skip,,,data_invalid,,,,,0.0,,none,,,,,,-0.0236294896030247,0.0,0.0,0.0,-0.0236294896030247,0.0,0,0.0,-0.0,-0.0,0.0,False
588000,科创/硬科技,S5_IVTiming_ATM_Monthly,2023-02-28,2023-03-31,1.033,1.124,,0.0,0.0,0,0,data_invalid_skip,data_invalid_skip,,,data_invalid,,,,,0.0,,none,,,,,,0.08809293320425964,0.0,0.0,0.0,0.08809293320425964,0.0,0,0.0,-0.0,-0.0,0.0,False
588000,科创/硬科技,S5_IVTiming_ATM_Monthly,2023-03-31,2023-04-28,1.124,1.133,,0.0,0.0,0,0,data_invalid_skip,data_invalid_skip,,,data_invalid,,,,,0.0,,none,,,,,,0.008007117437722328,0.0,0.0,0.0,0.008007117437722328,0.0,0,0.0,-0.0,-0.0,0.0,False
588000,科创/硬科技,S5_IVTiming_ATM_Monthly,2023-04-28,2023-05-31,1.133,1.097,,0.0,0.0,0,0,data_invalid_skip,data_invalid_skip,,,data_invalid,,,,,0.0,,none,,,,,,-0.031774051191526945,0.0,0.0,0.0,-0.031774051191526945,0.0,0,0.0,-0.0,-0.0,0.0,False
588000,科创/硬科技,S5_IVTiming_ATM_Monthly,2023-05-31,2023-06-30,1.097,1.052,,0.0,0.0,0,0,data_invalid_skip,data_invalid_skip,,,data_invalid,,,,,0.0,,none,,,,,,-0.04102096627164989,0.0,0.0,0.0,-0.04102096627164989,0.0,0,0.0,-0.0,-0.0,0.0,False
588000,科创/硬科技,S5_IVTiming_ATM_Monthly,2023-06-30,2023-07-31,1.052,1.015,,0.0,0.0,0,0,warmup_invalid_skip,warmup_invalid_skip,0.21069568729400634,,warmup_invalid,warmup,17.0,0.19799502088270396,0.01270066641130238,0.0,,none,,,,,,-0.03517110266159709,0.0,0.0,0.0,-0.03517110266159709,0.0,0,0.0,-0.0,-0.0,0.0,False
588000,科创/硬科技,S5_IVTiming_ATM_Monthly,2023-07-31,2023-08-31,1.015,0.987,,0.0,0.0,0,0,warmup_invalid_skip,warmup_invalid_skip,0.19844121742248538,,warmup_invalid,warmup,37.0,0.13131849075276922,0.06712272666971617,0.0,,none,,,,,,-0.02758620689655164,0.0,0.0,0.0,-0.02758620689655164,0.0,0,0.0,-0.0,-0.0,0.0,False
588000,科创/硬科技,S5_IVTiming_ATM_Monthly,2023-08-31,2023-09-28,0.987,0.932,,0.0,0.0,0,0,warmup_invalid_skip,warmup_invalid_skip,0.27338898296356207,,warmup_invalid,warmup,54.0,0.27707861161518715,-0.0036896286516250876,0.0,,none,,,,,,-0.05572441742654503,0.0,0.0,0.0,-0.05572441742654503,0.0,0,0.0,-0.0,-0.0,0.0,False
588000,科创/硬科技,S5_IVTiming_ATM_Monthly,2023-09-28,2023-10-31,0.932,0.917,,0.0,0.0,0,0,warmup_invalid_skip,warmup_invalid_skip,0.23876176109313965,,warmup_invalid,warmup,73.0,0.1994059078730275,0.03935585322011215,0.0,,none,,,,,,-0.016094420600858382,0.0,0.0,0.0,-0.016094420600858382,0.0,0,0.0,-0.0,-0.0,0.0,False
588000,科创/硬科技,S5_IVTiming_ATM_Monthly,2023-10-31,2023-11-30,0.917,0.907,,0.0,0.0,0,0,warmup_invalid_skip,warmup_invalid_skip,0.18489931297302248,,warmup_invalid,warmup,90.0,0.1741772105070081,0.010722102466014377,0.0,,none,,,,,,-0.010905125408942212,0.0,0.0,0.0,-0.010905125408942212,0.0,0,0.0,-0.0,-0.0,0.0,False
588000,科创/硬科技,S5_IVTiming_ATM_Monthly,2023-11-30,2023-12-29,0.907,0.897,,0.0,0.0,0,0,warmup_invalid_skip,warmup_invalid_skip,0.18266775970458982,,warmup_invalid,warmup,106.0,0.15039380755278783,0.03227395215180198,0.0,,none,,,,,,-0.011025358324145544,0.0,0.0,0.0,-0.011025358324145544,0.0,0,0.0,-0.0,-0.0,0.0,False
588000,科创/硬科技,S5_IVTiming_ATM_Monthly,2023-12-29,2024-01-31,0.897,0.722,,0.0,0.0,0,0,warmup_invalid_skip,warmup_invalid_skip,0.2064900676727295,,warmup_invalid,warmup,126.0,0.18919837355912913,0.017291694113600375,0.0,,none,,,,,,-0.19509476031215167,0.0,0.0,0.0,-0.19509476031215167,0.0,0,0.0,-0.0,-0.0,0.0,False
588000,科创/硬科技,S5_IVTiming_ATM_Monthly,2024-01-31,2024-02-29,0.722,0.847,,0.0,0.0,0,0,warmup_invalid_skip,warmup_invalid_skip,0.32255944728851316,,warmup_invalid,warmup,142.0,0.27562981579046875,0.04692963149804441,0.0,,none,,,,,,0.1731301939058172,0.0,0.0,0.0,0.1731301939058172,0.0,0,0.0,-0.0,-0.0,0.0,False
588000,科创/硬科技,S5_IVTiming_ATM_Monthly,2024-02-29,2024-03-29,0.847,0.8,,0.0,0.0,0,0,warmup_invalid_skip,warmup_invalid_skip,0.33862853813171384,,warmup_invalid,warmup,157.0,0.43978441314808064,-0.1011558750163668,0.0,,none,,,,,,-0.055489964580873595,0.0,0.0,0.0,-0.055489964580873595,0.0,0,0.0,-0.0,-0.0,0.0,False
588000,科创/硬科技,S5_IVTiming_ATM_Monthly,2024-03-29,2024-04-30,0.8,0.804,,0.0,0.0,0,0,warmup_invalid_skip,warmup_invalid_skip,0.2461049064636231,,warmup_invalid,warmup,177.0,0.20459608665455176,0.04150881980907134,0.0,,none,,,,,,0.0050000000000000044,0.0,0.0,0.0,0.0050000000000000044,0.0,0,0.0,-0.0,-0.0,0.0,False
588000,科创/硬科技,S5_IVTiming_ATM_Monthly,2024-04-30,2024-05-31,0.804,0.778,,0.0,0.0,0,0,warmup_invalid_skip,warmup_invalid_skip,0.21830585613250733,,warmup_invalid,warmup,197.0,0.25429569583527617,-0.03598983970276884,0.0,,none,,,,,,-0.03233830845771147,0.0,0.0,0.0,-0.03233830845771147,0.0,0,0.0,-0.0,-0.0,0.0,False
588000,科创/硬科技,S5_IVTiming_ATM_Monthly,2024-05-31,2024-06-28,0.778,0.745,,0.0,0.0,0,0,warmup_invalid_skip,warmup_invalid_skip,0.2224256467819214,,warmup_invalid,warmup,212.0,0.18247712501381186,0.039948521768109535,0.0,,none,,,,,,-0.04241645244215942,0.0,0.0,0.0,-0.04241645244215942,0.0,0,0.0,-0.0,-0.0,0.0,False
588000,科创/硬科技,S5_IVTiming_ATM_Monthly,2024-06-28,2024-07-31,0.745,0.778,,0.0,0.0,0,0,warmup_invalid_skip,warmup_invalid_skip,0.23812281208038333,,warmup_invalid,warmup,230.0,0.20749136593182935,0.03063144614855398,0.0,,none,,,,,,0.04429530201342286,0.0,0.0,0.0,0.04429530201342286,0.0,0,0.0,-0.0,-0.0,0.0,False
588000,科创/硬科技,S5_IVTiming_ATM_Monthly,2024-07-31,2024-08-30,0.778,0.728,,0.0,0.0,0,0,warmup_invalid_skip,warmup_invalid_skip,0.2563757734298706,,warmup_invalid,warmup,247.0,0.28841638495911315,-0.032040611529242535,0.0,,none,,,,,,-0.06426735218509003,0.0,0.0,0.0,-0.06426735218509003,0.0,0,0.0,-0.0,-0.0,0.0,False
588000,科创/硬科技,S5_IVTiming_ATM_Monthly,2024-08-30,2024-09-25,0.728,0.7,0.75,0.0081,0.5,1,0,selected,normal_iv_sell,0.23085595912933352,0.5238095238095238,normal_iv,valid,268.0,0.18562073359724837,0.045235225532085144,1.0,,close,10006786.SH,0.3162760238486277,0.20984693412780764,26.0,0.030219780219780334,-0.0384615384615385,0.005563186813186813,0.0,2.781593406593407e-06,-0.03290113324175828,0.005560405219780219,0,0.005563186813186813,-0.0,-2.781593406593407e-06,0.00556040521978022,False
588000,科创/硬科技,S5_IVTiming_ATM_Monthly,2024-09-30,2024-10-23,0.95,1.032,0.95,0.1231,1.0,1,0,selected,high_iv_sell,1.0130344528198243,1.0,high_iv,valid,286.0,0.7988447715414135,0.21418968127841076,1.0,,close,10007809.SH,0.5660415060071072,1.2940957260131838,23.0,0.0,0.08631578947368429,0.12957894736842107,0.08631578947368429,6.478947368421054e-05,0.12951415789473686,0.04319836842105257,1,0.12957894736842107,-0.08631578947368429,-6.478947368421054e-05,0.04319836842105257,False
588000,科创/硬科技,S5_IVTiming_ATM_Monthly,2024-10-31,2024-11-27,1.02,1.038,1.0,0.0744,1.0,1,0,selected,high_iv_sell,0.5825449396133422,0.9722222222222222,high_iv,valid,300.0,1.2046429925445479,-0.6220980529312057,1.0,,close,10008033.SH,0.5847712883911437,0.5766418136596679,27.0,-0.019607843137254943,0.017647058823529425,0.07294117647058823,0.03725490196078435,3.6470588235294114e-05,0.05329686274509802,0.03564980392156859,1,0.07294117647058823,-0.03725490196078435,-3.6470588235294114e-05,0.035649803921568586,False
588000,科创/硬科技,S5_IVTiming_ATM_Monthly,2024-11-29,2024-12-25,1.06,1.072,1.05,0.0479,1.0,1,0,selected,high_iv_sell,0.3877703927993774,0.8611111111111112,high_iv,valid,320.0,0.42013128746142575,-0.032360894662048334,1.0,,close,10008123.SH,0.5632565469242519,0.373436954498291,26.0,-0.009433962264150941,0.011320754716981142,0.04518867924528301,0.02075471698113209,2.2594339622641507e-05,0.03573212264150942,0.024411367924528277,1,0.04518867924528301,-0.02075471698113209,-2.2594339622641507e-05,0.02441136792452828,False
588000,科创/硬科技,S5_IVTiming_ATM_Monthly,2024-12-31,2025-01-22,1.045,1.029,1.05,0.0279,1.0,1,0,selected,high_iv_sell,0.3103621967315674,0.7341269841269841,high_iv,valid,341.0,0.20843262418538708,0.10192957254618032,1.0,,close,10008449.SH,0.49421170829485406,0.2900111938476563,22.0,0.004784688995215447,-0.01531100478468901,0.026698564593301437,0.0,1.3349282296650718e-05,0.011374210526315777,0.026685215311004786,0,0.026698564593301437,-0.0,-1.3349282296650718e-05,0.026685215311004786,False
588000,科创/硬科技,S5_IVTiming_ATM_Monthly,2025-01-27,2025-02-26,1.009,1.186,1.0,0.0385,0.5,1,0,selected,normal_iv_sell,0.29921396694183344,0.6666666666666666,normal_iv,valid,353.0,0.26371983642662106,0.035494130515212385,1.0,,close,10008630.SH,0.5675318772659288,0.2867306198120117,30.0,-0.008919722497522153,0.17542120911793863,0.019078295341922697,0.0921704658077304,9.539147670961349e-06,0.10231949950445997,-0.07310170961347866,1,0.019078295341922697,-0.0921704658077304,-9.539147670961349e-06,-0.07310170961347867,False
588000,科创/硬科技,S5_IVTiming_ATM_Monthly,2025-02-28,2025-03-26,1.133,1.081,1.15,0.0351,1.0,1,0,selected,high_iv_sell,0.36926471281051637,0.8095238095238095,high_iv,valid,370.0,0.3692041946793003,6.051813121604743e-05,1.0,,close,10008131.SH,0.4608969577312197,0.34871821060180663,26.0,0.015004413062665423,-0.04589585172109448,0.030979699911738746,0.0,1.5489849955869372e-05,-0.0149316416593116,0.030964210061782876,0,0.030979699911738746,-0.0,-1.5489849955869372e-05,0.030964210061782876,False
588000,科创/硬科技,S5_IVTiming_ATM_Monthly,2025-03-31,2025-04-23,1.074,1.063,1.05,0.0391,0.5,1,0,selected,normal_iv_sell,0.24169901924133302,0.3253968253968254,normal_iv,valid,390.0,0.22248801136943958,0.01921100787189345,1.0,,close,10008986.SH,0.6711801746037903,0.22937779350280763,23.0,-0.022346368715083775,-0.010242085661080187,0.01820297951582868,0.006052141527001816,9.101489757914338e-06,0.0018996508379887623,0.01214173649906895,1,0.01820297951582868,-0.006052141527001816,-9.101489757914338e-06,0.01214173649906895,False
588000,科创/硬科技,S5_IVTiming_ATM_Monthly,2025-04-30,2025-05-28,1.062,1.023,1.05,0.0328,0.5,1,0,selected,normal_iv_sell,0.25257068901062013,0.4444444444444444,normal_iv,valid,406.0,0.392031388270133,-0.13946069925951288,1.0,,close,10009108.SH,0.5962997519322064,0.21802929611206057,28.0,-0.011299435028248594,-0.03672316384180804,0.01544256120527307,0.0,7.721280602636536e-06,-0.02128832391713761,0.015434839924670433,0,0.01544256120527307,-0.0,-7.721280602636536e-06,0.015434839924670433,False
588000,科创/硬科技,S5_IVTiming_ATM_Monthly,2025-05-30,2025-06-30,1.03,1.056,,0.0,0.0,0,0,low_iv_skip,low_iv_skip,0.2240277875900269,0.14682539682539683,low_iv,valid,424.0,0.14435356534581045,0.07967422224421644,1.0,,none,,,,,,0.025242718446601965,0.0,0.0,0.0,0.025242718446601965,0.0,0,0.0,-0.0,-0.0,0.0,False
588000,科创/硬科技,S5_IVTiming_ATM_Monthly,2025-06-30,2025-07-31,1.056,1.101,,0.0,0.0,0,0,low_iv_skip,low_iv_skip,0.19972865200042722,0.01984126984126984,low_iv,valid,443.0,0.1504547621550865,0.04927388984534073,1.0,,none,,,,,,0.04261363636363629,0.0,0.0,0.0,0.04261363636363629,0.0,0,0.0,-0.0,-0.0,0.0,False
588000,科创/硬科技,S5_IVTiming_ATM_Monthly,2025-07-31,2025-08-27,1.101,1.337,1.1,0.0314,0.5,1,0,selected,normal_iv_sell,0.24754492588043214,0.46825396825396826,normal_iv,valid,460.0,0.13854351084396427,0.10900141503646787,1.0,,close,10009568.SH,0.5275500641938472,0.25205571517944336,27.0,-0.0009082652134422275,0.21435059037238874,0.014259763851044504,0.10762942779291548,7.129881925522252e-06,0.12097379654859222,-0.09337679382379652,1,0.014259763851044504,-0.10762942779291548,-7.129881925522252e-06,-0.0933767938237965,False
588000,科创/硬科技,S5_IVTiming_ATM_Monthly,2025-08-29,2025-09-24,1.412,1.53,1.4,0.0906,1.0,1,0,selected,high_iv_sell,0.5809427988052369,0.9444444444444444,high_iv,valid,480.0,0.4381391064262431,0.14280369237899382,1.0,,close,10008929.SH,0.5561995717306168,0.5581218288421632,26.0,-0.008498583569405138,0.08356940509915022,0.0641643059490085,0.09206798866855533,3.2082152974504255e-05,0.05563364022662889,-0.027935764872521328,1,0.0641643059490085,-0.09206798866855533,-3.2082152974504255e-05,-0.027935764872521328,False
588000,科创/硬科技,S5_IVTiming_ATM_Monthly,2025-09-30,2025-10-22,1.57,1.476,1.55,0.0723,1.0,1,0,selected,high_iv_sell,0.4071105211257935,0.7738095238095238,high_iv,valid,501.0,0.39526075353364615,0.011849767592147342,1.0,,close,10009951.SH,0.5762913772080643,0.397945894241333,22.0,-0.01273885350318471,-0.0598726114649682,0.04605095541401274,0.0,2.3025477707006372e-05,-0.01384468152866247,0.04602792993630573,0,0.04605095541401274,-0.0,-2.3025477707006372e-05,0.04602792993630573,False
588000,科创/硬科技,S5_IVTiming_ATM_Monthly,2025-10-31,2025-11-26,1.488,1.382,1.5,0.0504,0.5,1,0,selected,normal_iv_sell,0.36069612045288085,0.6626984126984127,normal_iv,valid,516.0,0.40710488340968437,-0.04640876295680352,1.0,,close,10010122.SH,0.4900557548704651,0.34732587394714354,26.0,0.008064516129032251,-0.07123655913978501,0.016935483870967744,0.0,8.46774193548387e-06,-0.05430954301075275,0.01692701612903226,0,0.016935483870967744,-0.0,-8.46774193548387e-06,0.01692701612903226,False
588000,科创/硬科技,S5_IVTiming_ATM_Monthly,2025-11-28,2025-12-24,1.393,1.423,1.4,0.0318,0.5,1,0,selected,normal_iv_sell,0.27026576204299924,0.32142857142857145,normal_iv,valid,535.0,0.2344462332295704,0.03581952881342884,1.0,,close,10009781.SH,0.4890063539494383,0.23050310668945312,26.0,0.005025125628140614,0.021536252692031604,0.011414213926776742,0.008255563531945488,5.7071069633883704e-06,0.024689195979899475,0.0031529432878678702,1,0.011414213926776742,-0.008255563531945488,-5.7071069633883704e-06,0.003152943287867865,False
588000,科创/硬科技,S5_IVTiming_ATM_Monthly,2025-12-31,2026-01-28,1.417,1.635,1.4,0.0498,0.5,1,0,selected,normal_iv_sell,0.2580732797622681,0.31746031746031744,normal_iv,valid,552.0,0.215581576767207,0.04249170299506114,1.0,,close,10010499.SH,0.5903925863604258,0.25399163532257085,28.0,-0.01199717713479187,0.15384615384615383,0.01757233592095977,0.08292166549047286,8.786167960479887e-06,0.08848803810868026,-0.06535811573747356,1,0.01757233592095977,-0.08292166549047286,-8.786167960479887e-06,-0.06535811573747356,False
588000,科创/硬科技,S5_IVTiming_ATM_Monthly,2026-01-30,2026-02-25,1.588,1.552,1.6,0.05,0.5,1,0,selected,normal_iv_sell,0.3129322976112366,0.5357142857142857,normal_iv,valid,571.0,0.2995426784234957,0.013389619187740898,1.0,,close,10010689.SH,0.48891761538245165,0.3227597148895264,26.0,0.007556675062972307,-0.022670025188916896,0.015743073047858942,0.0,7.87153652392947e-06,-0.0069348236775818835,0.015735201511335013,0,0.015743073047858942,-0.0,-7.87153652392947e-06,0.015735201511335013,False
588000,科创/硬科技,S5_IVTiming_ATM_Monthly,2026-02-27,2026-03-31,1.566,1.324,,0.0,0.0,0,0,low_iv_skip,low_iv_skip,0.23637762298583986,0.1746031746031746,low_iv,valid,584.0,0.2420498141479272,-0.005672191162087337,1.0,,none,,,,,,-0.15453384418901658,0.0,0.0,0.0,-0.15453384418901658,0.0,0,0.0,-0.0,-0.0,0.0,False
588000,科创/硬科技,S5_IVTiming_ATM_Monthly,2026-03-31,2026-04-22,1.324,1.529,1.3,0.0574,1.0,1,0,selected,high_iv_sell,0.3485084064483643,0.7619047619047619,high_iv,valid,605.0,0.2876490744629956,0.06085933198536869,1.0,,close,10011198.SH,0.6088509380412221,0.33824707603454596,22.0,-0.01812688821752262,0.15483383685800592,0.04335347432024169,0.1729607250755286,2.1676737160120845e-05,0.025204909365558904,-0.129628927492447,1,0.04335347432024169,-0.1729607250755286,-2.1676737160120845e-05,-0.129628927492447,False
588000,科创/硬科技,S5_IVTiming_ATM_Monthly,2026-04-30,2026-05-27,1.654,1.911,1.65,0.0552,0.5,1,0,selected,normal_iv_sell,0.30598015089035036,0.6111111111111112,normal_iv,valid,621.0,0.353666956069768,-0.047686805179417646,1.0,,close,10011405.SH,0.5354173961564849,0.28992536487579346,27.0,-0.00241837968561065,0.15538089480048375,0.016686819830713424,0.0788996372430472,8.343409915356712e-06,0.09315973397823463,-0.06222116082224913,1,0.016686819830713424,-0.0788996372430472,-8.343409915356712e-06,-0.06222116082224914,False
588000,科创/硬科技,S5_IVTiming_ATM_Monthly,2026-05-29,2026-06-03,1.844,1.823,1.85,0.0768,1.0,1,0,selected,high_iv_sell,0.4656125020027161,0.9484126984126984,high_iv,valid,638.0,0.5183459645925268,-0.05273346258981071,1.0,,close,10010961.SH,0.5144406373528015,0.3994908157348633,26.0,0.0032537960954446277,-0.01138828633405647,0.04164859002169197,0.0,2.0824295010845985e-05,0.030239479392624655,0.04162776572668112,0,0.04164859002169197,-0.0,-2.0824295010845985e-05,0.04162776572668112,False
588000,科创/硬科技,S6_IVTiming_OTM5_Monthly,2021-01-29,2021-02-26,1.467,1.368,,0.0,0.0,0,0,data_invalid_skip,data_invalid_skip,,,data_invalid,,,,,0.0,,none,,,,,,-0.0674846625766871,0.0,0.0,0.0,-0.0674846625766871,0.0,0,0.0,-0.0,-0.0,0.0,False
588000,科创/硬科技,S6_IVTiming_OTM5_Monthly,2021-02-26,2021-03-31,1.368,1.284,,0.0,0.0,0,0,data_invalid_skip,data_invalid_skip,,,data_invalid,,,,,0.0,,none,,,,,,-0.06140350877192988,0.0,0.0,0.0,-0.06140350877192988,0.0,0,0.0,-0.0,-0.0,0.0,False
588000,科创/硬科技,S6_IVTiming_OTM5_Monthly,2021-03-31,2021-04-30,1.284,1.364,,0.0,0.0,0,0,data_invalid_skip,data_invalid_skip,,,data_invalid,,,,,0.0,,none,,,,,,0.06230529595015582,0.0,0.0,0.0,0.06230529595015582,0.0,0,0.0,-0.0,-0.0,0.0,False
588000,科创/硬科技,S6_IVTiming_OTM5_Monthly,2021-04-30,2021-05-31,1.364,1.484,,0.0,0.0,0,0,data_invalid_skip,data_invalid_skip,,,data_invalid,,,,,0.0,,none,,,,,,0.08797653958944272,0.0,0.0,0.0,0.08797653958944272,0.0,0,0.0,-0.0,-0.0,0.0,False
588000,科创/硬科技,S6_IVTiming_OTM5_Monthly,2021-05-31,2021-06-30,1.484,1.648,,0.0,0.0,0,0,data_invalid_skip,data_invalid_skip,,,data_invalid,,,,,0.0,,none,,,,,,0.11051212938005386,0.0,0.0,0.0,0.11051212938005386,0.0,0,0.0,-0.0,-0.0,0.0,False
588000,科创/硬科技,S6_IVTiming_OTM5_Monthly,2021-06-30,2021-07-30,1.648,1.651,,0.0,0.0,0,0,data_invalid_skip,data_invalid_skip,,,data_invalid,,,,,0.0,,none,,,,,,0.0018203883495146321,0.0,0.0,0.0,0.0018203883495146321,0.0,0,0.0,-0.0,-0.0,0.0,False
588000,科创/硬科技,S6_IVTiming_OTM5_Monthly,2021-07-30,2021-08-31,1.651,1.491,,0.0,0.0,0,0,data_invalid_skip,data_invalid_skip,,,data_invalid,,,,,0.0,,none,,,,,,-0.09691096305269528,0.0,0.0,0.0,-0.09691096305269528,0.0,0,0.0,-0.0,-0.0,0.0,False
588000,科创/硬科技,S6_IVTiming_OTM5_Monthly,2021-08-31,2021-09-30,1.491,1.423,,0.0,0.0,0,0,data_invalid_skip,data_invalid_skip,,,data_invalid,,,,,0.0,,none,,,,,,-0.04560697518444001,0.0,0.0,0.0,-0.04560697518444001,0.0,0,0.0,-0.0,-0.0,0.0,False
588000,科创/硬科技,S6_IVTiming_OTM5_Monthly,2021-09-30,2021-10-29,1.423,1.45,,0.0,0.0,0,0,data_invalid_skip,data_invalid_skip,,,data_invalid,,,,,0.0,,none,,,,,,0.01897399859451856,0.0,0.0,0.0,0.01897399859451856,0.0,0,0.0,-0.0,-0.0,0.0,False
588000,科创/硬科技,S6_IVTiming_OTM5_Monthly,2021-10-29,2021-11-30,1.45,1.53,,0.0,0.0,0,0,data_invalid_skip,data_invalid_skip,,,data_invalid,,,,,0.0,,none,,,,,,0.055172413793103496,0.0,0.0,0.0,0.055172413793103496,0.0,0,0.0,-0.0,-0.0,0.0,False
588000,科创/硬科技,S6_IVTiming_OTM5_Monthly,2021-11-30,2021-12-31,1.53,1.452,,0.0,0.0,0,0,data_invalid_skip,data_invalid_skip,,,data_invalid,,,,,0.0,,none,,,,,,-0.050980392156862786,0.0,0.0,0.0,-0.050980392156862786,0.0,0,0.0,-0.0,-0.0,0.0,False
588000,科创/硬科技,S6_IVTiming_OTM5_Monthly,2021-12-31,2022-01-28,1.452,1.283,,0.0,0.0,0,0,data_invalid_skip,data_invalid_skip,,,data_invalid,,,,,0.0,,none,,,,,,-0.11639118457300278,0.0,0.0,0.0,-0.11639118457300278,0.0,0,0.0,-0.0,-0.0,0.0,False
588000,科创/硬科技,S6_IVTiming_OTM5_Monthly,2022-01-28,2022-02-28,1.283,1.297,,0.0,0.0,0,0,data_invalid_skip,data_invalid_skip,,,data_invalid,,,,,0.0,,none,,,,,,0.010911925175370237,0.0,0.0,0.0,0.010911925175370237,0.0,0,0.0,-0.0,-0.0,0.0,False
588000,科创/硬科技,S6_IVTiming_OTM5_Monthly,2022-02-28,2022-03-31,1.297,1.137,,0.0,0.0,0,0,data_invalid_skip,data_invalid_skip,,,data_invalid,,,,,0.0,,none,,,,,,-0.12336160370084806,0.0,0.0,0.0,-0.12336160370084806,0.0,0,0.0,-0.0,-0.0,0.0,False
588000,科创/硬科技,S6_IVTiming_OTM5_Monthly,2022-03-31,2022-04-29,1.137,0.986,,0.0,0.0,0,0,data_invalid_skip,data_invalid_skip,,,data_invalid,,,,,0.0,,none,,,,,,-0.13280562884784522,0.0,0.0,0.0,-0.13280562884784522,0.0,0,0.0,-0.0,-0.0,0.0,False
588000,科创/硬科技,S6_IVTiming_OTM5_Monthly,2022-04-29,2022-05-31,0.986,1.078,,0.0,0.0,0,0,data_invalid_skip,data_invalid_skip,,,data_invalid,,,,,0.0,,none,,,,,,0.09330628803245444,0.0,0.0,0.0,0.09330628803245444,0.0,0,0.0,-0.0,-0.0,0.0,False
588000,科创/硬科技,S6_IVTiming_OTM5_Monthly,2022-05-31,2022-06-30,1.078,1.155,,0.0,0.0,0,0,data_invalid_skip,data_invalid_skip,,,data_invalid,,,,,0.0,,none,,,,,,0.07142857142857138,0.0,0.0,0.0,0.07142857142857138,0.0,0,0.0,-0.0,-0.0,0.0,False
588000,科创/硬科技,S6_IVTiming_OTM5_Monthly,2022-06-30,2022-07-29,1.155,1.139,,0.0,0.0,0,0,data_invalid_skip,data_invalid_skip,,,data_invalid,,,,,0.0,,none,,,,,,-0.013852813852813865,0.0,0.0,0.0,-0.013852813852813865,0.0,0,0.0,-0.0,-0.0,0.0,False
588000,科创/硬科技,S6_IVTiming_OTM5_Monthly,2022-07-29,2022-08-31,1.139,1.077,,0.0,0.0,0,0,data_invalid_skip,data_invalid_skip,,,data_invalid,,,,,0.0,,none,,,,,,-0.05443371378402112,0.0,0.0,0.0,-0.05443371378402112,0.0,0,0.0,-0.0,-0.0,0.0,False
588000,科创/硬科技,S6_IVTiming_OTM5_Monthly,2022-08-31,2022-09-30,1.077,0.981,,0.0,0.0,0,0,data_invalid_skip,data_invalid_skip,,,data_invalid,,,,,0.0,,none,,,,,,-0.08913649025069637,0.0,0.0,0.0,-0.08913649025069637,0.0,0,0.0,-0.0,-0.0,0.0,False
588000,科创/硬科技,S6_IVTiming_OTM5_Monthly,2022-09-30,2022-10-31,0.981,1.06,,0.0,0.0,0,0,data_invalid_skip,data_invalid_skip,,,data_invalid,,,,,0.0,,none,,,,,,0.0805300713557595,0.0,0.0,0.0,0.0805300713557595,0.0,0,0.0,-0.0,-0.0,0.0,False
588000,科创/硬科技,S6_IVTiming_OTM5_Monthly,2022-10-31,2022-11-30,1.06,1.041,,0.0,0.0,0,0,data_invalid_skip,data_invalid_skip,,,data_invalid,,,,,0.0,,none,,,,,,-0.017924528301886913,0.0,0.0,0.0,-0.017924528301886913,0.0,0,0.0,-0.0,-0.0,0.0,False
588000,科创/硬科技,S6_IVTiming_OTM5_Monthly,2022-11-30,2022-12-30,1.041,1.003,,0.0,0.0,0,0,data_invalid_skip,data_invalid_skip,,,data_invalid,,,,,0.0,,none,,,,,,-0.03650336215177717,0.0,0.0,0.0,-0.03650336215177717,0.0,0,0.0,-0.0,-0.0,0.0,False
588000,科创/硬科技,S6_IVTiming_OTM5_Monthly,2022-12-30,2023-01-31,1.003,1.058,,0.0,0.0,0,0,data_invalid_skip,data_invalid_skip,,,data_invalid,,,,,0.0,,none,,,,,,0.05483549351944184,0.0,0.0,0.0,0.05483549351944184,0.0,0,0.0,-0.0,-0.0,0.0,False
588000,科创/硬科技,S6_IVTiming_OTM5_Monthly,2023-01-31,2023-02-28,1.058,1.033,,0.0,0.0,0,0,data_invalid_skip,data_invalid_skip,,,data_invalid,,,,,0.0,,none,,,,,,-0.0236294896030247,0.0,0.0,0.0,-0.0236294896030247,0.0,0,0.0,-0.0,-0.0,0.0,False
588000,科创/硬科技,S6_IVTiming_OTM5_Monthly,2023-02-28,2023-03-31,1.033,1.124,,0.0,0.0,0,0,data_invalid_skip,data_invalid_skip,,,data_invalid,,,,,0.0,,none,,,,,,0.08809293320425964,0.0,0.0,0.0,0.08809293320425964,0.0,0,0.0,-0.0,-0.0,0.0,False
588000,科创/硬科技,S6_IVTiming_OTM5_Monthly,2023-03-31,2023-04-28,1.124,1.133,,0.0,0.0,0,0,data_invalid_skip,data_invalid_skip,,,data_invalid,,,,,0.0,,none,,,,,,0.008007117437722328,0.0,0.0,0.0,0.008007117437722328,0.0,0,0.0,-0.0,-0.0,0.0,False
588000,科创/硬科技,S6_IVTiming_OTM5_Monthly,2023-04-28,2023-05-31,1.133,1.097,,0.0,0.0,0,0,data_invalid_skip,data_invalid_skip,,,data_invalid,,,,,0.0,,none,,,,,,-0.031774051191526945,0.0,0.0,0.0,-0.031774051191526945,0.0,0,0.0,-0.0,-0.0,0.0,False
588000,科创/硬科技,S6_IVTiming_OTM5_Monthly,2023-05-31,2023-06-30,1.097,1.052,,0.0,0.0,0,0,data_invalid_skip,data_invalid_skip,,,data_invalid,,,,,0.0,,none,,,,,,-0.04102096627164989,0.0,0.0,0.0,-0.04102096627164989,0.0,0,0.0,-0.0,-0.0,0.0,False
588000,科创/硬科技,S6_IVTiming_OTM5_Monthly,2023-06-30,2023-07-31,1.052,1.015,,0.0,0.0,0,0,warmup_invalid_skip,warmup_invalid_skip,0.21069568729400634,,warmup_invalid,warmup,17.0,0.19799502088270396,0.01270066641130238,0.0,,none,,,,,,-0.03517110266159709,0.0,0.0,0.0,-0.03517110266159709,0.0,0,0.0,-0.0,-0.0,0.0,False
588000,科创/硬科技,S6_IVTiming_OTM5_Monthly,2023-07-31,2023-08-31,1.015,0.987,,0.0,0.0,0,0,warmup_invalid_skip,warmup_invalid_skip,0.19844121742248538,,warmup_invalid,warmup,37.0,0.13131849075276922,0.06712272666971617,0.0,,none,,,,,,-0.02758620689655164,0.0,0.0,0.0,-0.02758620689655164,0.0,0,0.0,-0.0,-0.0,0.0,False
588000,科创/硬科技,S6_IVTiming_OTM5_Monthly,2023-08-31,2023-09-28,0.987,0.932,,0.0,0.0,0,0,warmup_invalid_skip,warmup_invalid_skip,0.27338898296356207,,warmup_invalid,warmup,54.0,0.27707861161518715,-0.0036896286516250876,0.0,,none,,,,,,-0.05572441742654503,0.0,0.0,0.0,-0.05572441742654503,0.0,0,0.0,-0.0,-0.0,0.0,False
588000,科创/硬科技,S6_IVTiming_OTM5_Monthly,2023-09-28,2023-10-31,0.932,0.917,,0.0,0.0,0,0,warmup_invalid_skip,warmup_invalid_skip,0.23876176109313965,,warmup_invalid,warmup,73.0,0.1994059078730275,0.03935585322011215,0.0,,none,,,,,,-0.016094420600858382,0.0,0.0,0.0,-0.016094420600858382,0.0,0,0.0,-0.0,-0.0,0.0,False
588000,科创/硬科技,S6_IVTiming_OTM5_Monthly,2023-10-31,2023-11-30,0.917,0.907,,0.0,0.0,0,0,warmup_invalid_skip,warmup_invalid_skip,0.18489931297302248,,warmup_invalid,warmup,90.0,0.1741772105070081,0.010722102466014377,0.0,,none,,,,,,-0.010905125408942212,0.0,0.0,0.0,-0.010905125408942212,0.0,0,0.0,-0.0,-0.0,0.0,False
588000,科创/硬科技,S6_IVTiming_OTM5_Monthly,2023-11-30,2023-12-29,0.907,0.897,,0.0,0.0,0,0,warmup_invalid_skip,warmup_invalid_skip,0.18266775970458982,,warmup_invalid,warmup,106.0,0.15039380755278783,0.03227395215180198,0.0,,none,,,,,,-0.011025358324145544,0.0,0.0,0.0,-0.011025358324145544,0.0,0,0.0,-0.0,-0.0,0.0,False
588000,科创/硬科技,S6_IVTiming_OTM5_Monthly,2023-12-29,2024-01-31,0.897,0.722,,0.0,0.0,0,0,warmup_invalid_skip,warmup_invalid_skip,0.2064900676727295,,warmup_invalid,warmup,126.0,0.18919837355912913,0.017291694113600375,0.0,,none,,,,,,-0.19509476031215167,0.0,0.0,0.0,-0.19509476031215167,0.0,0,0.0,-0.0,-0.0,0.0,False
588000,科创/硬科技,S6_IVTiming_OTM5_Monthly,2024-01-31,2024-02-29,0.722,0.847,,0.0,0.0,0,0,warmup_invalid_skip,warmup_invalid_skip,0.32255944728851316,,warmup_invalid,warmup,142.0,0.27562981579046875,0.04692963149804441,0.0,,none,,,,,,0.1731301939058172,0.0,0.0,0.0,0.1731301939058172,0.0,0,0.0,-0.0,-0.0,0.0,False
588000,科创/硬科技,S6_IVTiming_OTM5_Monthly,2024-02-29,2024-03-29,0.847,0.8,,0.0,0.0,0,0,warmup_invalid_skip,warmup_invalid_skip,0.33862853813171384,,warmup_invalid,warmup,157.0,0.43978441314808064,-0.1011558750163668,0.0,,none,,,,,,-0.055489964580873595,0.0,0.0,0.0,-0.055489964580873595,0.0,0,0.0,-0.0,-0.0,0.0,False
588000,科创/硬科技,S6_IVTiming_OTM5_Monthly,2024-03-29,2024-04-30,0.8,0.804,,0.0,0.0,0,0,warmup_invalid_skip,warmup_invalid_skip,0.2461049064636231,,warmup_invalid,warmup,177.0,0.20459608665455176,0.04150881980907134,0.0,,none,,,,,,0.0050000000000000044,0.0,0.0,0.0,0.0050000000000000044,0.0,0,0.0,-0.0,-0.0,0.0,False
588000,科创/硬科技,S6_IVTiming_OTM5_Monthly,2024-04-30,2024-05-31,0.804,0.778,,0.0,0.0,0,0,warmup_invalid_skip,warmup_invalid_skip,0.21830585613250733,,warmup_invalid,warmup,197.0,0.25429569583527617,-0.03598983970276884,0.0,,none,,,,,,-0.03233830845771147,0.0,0.0,0.0,-0.03233830845771147,0.0,0,0.0,-0.0,-0.0,0.0,False
588000,科创/硬科技,S6_IVTiming_OTM5_Monthly,2024-05-31,2024-06-28,0.778,0.745,,0.0,0.0,0,0,warmup_invalid_skip,warmup_invalid_skip,0.2224256467819214,,warmup_invalid,warmup,212.0,0.18247712501381186,0.039948521768109535,0.0,,none,,,,,,-0.04241645244215942,0.0,0.0,0.0,-0.04241645244215942,0.0,0,0.0,-0.0,-0.0,0.0,False
588000,科创/硬科技,S6_IVTiming_OTM5_Monthly,2024-06-28,2024-07-31,0.745,0.778,,0.0,0.0,0,0,warmup_invalid_skip,warmup_invalid_skip,0.23812281208038333,,warmup_invalid,warmup,230.0,0.20749136593182935,0.03063144614855398,0.0,,none,,,,,,0.04429530201342286,0.0,0.0,0.0,0.04429530201342286,0.0,0,0.0,-0.0,-0.0,0.0,False
588000,科创/硬科技,S6_IVTiming_OTM5_Monthly,2024-07-31,2024-08-30,0.778,0.728,,0.0,0.0,0,0,warmup_invalid_skip,warmup_invalid_skip,0.2563757734298706,,warmup_invalid,warmup,247.0,0.28841638495911315,-0.032040611529242535,0.0,,none,,,,,,-0.06426735218509003,0.0,0.0,0.0,-0.06426735218509003,0.0,0,0.0,-0.0,-0.0,0.0,False
588000,科创/硬科技,S6_IVTiming_OTM5_Monthly,2024-08-30,2024-09-25,0.728,0.7,0.75,0.0081,0.5,1,0,selected,normal_iv_sell,0.23085595912933352,0.5238095238095238,normal_iv,valid,268.0,0.18562073359724837,0.045235225532085144,1.0,,close,10006786.SH,0.3162760238486277,0.20984693412780764,26.0,0.030219780219780334,-0.0384615384615385,0.005563186813186813,0.0,2.781593406593407e-06,-0.03290113324175828,0.005560405219780219,0,0.005563186813186813,-0.0,-2.781593406593407e-06,0.00556040521978022,False
588000,科创/硬科技,S6_IVTiming_OTM5_Monthly,2024-09-30,2024-10-23,0.95,1.032,1.0,0.1202,1.0,1,0,selected,high_iv_sell,1.0130344528198243,1.0,high_iv,valid,286.0,0.7988447715414135,0.21418968127841076,1.0,,close,10008031.SH,0.5200952124231769,1.4767969974517823,23.0,0.05263157894736836,0.08631578947368429,0.12652631578947368,0.03368421052631582,6.326315789473684e-05,0.17909463157894742,0.09277884210526313,1,0.12652631578947368,-0.03368421052631582,-6.326315789473684e-05,0.09277884210526313,False
588000,科创/硬科技,S6_IVTiming_OTM5_Monthly,2024-10-31,2024-11-27,1.02,1.038,1.05,0.0561,1.0,1,0,selected,high_iv_sell,0.5825449396133422,0.9722222222222222,high_iv,valid,300.0,1.2046429925445479,-0.6220980529312057,1.0,,close,10008117.SH,0.4684613299472265,0.619193910598755,27.0,0.02941176470588247,0.017647058823529425,0.05499999999999999,0.0,2.75e-05,0.07261955882352943,0.0549725,0,0.05499999999999999,-0.0,-2.75e-05,0.054972499999999994,False
588000,科创/硬科技,S6_IVTiming_OTM5_Monthly,2024-11-29,2024-12-25,1.06,1.072,1.1,0.0299,1.0,1,0,selected,high_iv_sell,0.3877703927993774,0.8611111111111112,high_iv,valid,320.0,0.42013128746142575,-0.032360894662048334,1.0,,close,10008124.SH,0.39182363123560227,0.405937525177002,26.0,0.037735849056603765,0.011320754716981142,0.028207547169811317,0.0,1.410377358490566e-05,0.039514198113207555,0.02819344339622641,0,0.028207547169811317,-0.0,-1.410377358490566e-05,0.02819344339622641,False
588000,科创/硬科技,S6_IVTiming_OTM5_Monthly,2024-12-31,2025-01-22,1.045,1.029,1.1,0.0139,1.0,1,0,selected,high_iv_sell,0.3103621967315674,0.7341269841269841,high_iv,valid,341.0,0.20843262418538708,0.10192957254618032,1.0,,close,10008450.SH,0.2793063872585677,0.3264408241271972,22.0,0.052631578947368585,-0.01531100478468901,0.013301435406698564,0.0,6.650717703349283e-06,-0.002016220095693795,0.013294784688995216,0,0.013301435406698564,-0.0,-6.650717703349283e-06,0.013294784688995216,False
588000,科创/硬科技,S6_IVTiming_OTM5_Monthly,2025-01-27,2025-02-26,1.009,1.186,1.05,0.0181,0.5,1,0,selected,normal_iv_sell,0.29921396694183344,0.6666666666666666,normal_iv,valid,353.0,0.26371983642662106,0.035494130515212385,1.0,,close,10008631.SH,0.33864317029027924,0.29090762977600093,30.0,0.04063429137760166,0.17542120911793863,0.008969276511397424,0.06739345887016844,4.484638255698713e-06,0.11699254212091191,-0.058428666997026715,1,0.008969276511397424,-0.06739345887016844,-4.484638255698713e-06,-0.058428666997026715,False
588000,科创/硬科技,S6_IVTiming_OTM5_Monthly,2025-02-28,2025-03-26,1.133,1.081,1.2,0.022,1.0,1,0,selected,high_iv_sell,0.36926471281051637,0.8095238095238095,high_iv,valid,370.0,0.3692041946793003,6.051813121604743e-05,1.0,,close,10008221.SH,0.3105039465239513,0.38465194015502935,26.0,0.05913503971756384,-0.04589585172109448,0.019417475728155338,0.0,9.70873786407767e-06,-0.026488084730803215,0.019407766990291262,0,0.019417475728155338,-0.0,-9.70873786407767e-06,0.019407766990291262,False
588000,科创/硬科技,S6_IVTiming_OTM5_Monthly,2025-03-31,2025-04-23,1.074,1.063,1.15,0.0077,0.5,1,0,selected,normal_iv_sell,0.24169901924133302,0.3253968253968254,normal_iv,valid,390.0,0.22248801136943958,0.01921100787189345,1.0,,close,10008988.SH,0.1867617061467714,0.2886760765075683,23.0,0.07076350093109851,-0.010242085661080187,0.0035847299813780258,0.0,1.792364990689013e-06,-0.00665914804469285,0.0035829376163873366,0,0.0035847299813780258,-0.0,-1.792364990689013e-06,0.0035829376163873366,False
588000,科创/硬科技,S6_IVTiming_OTM5_Monthly,2025-04-30,2025-05-28,1.062,1.023,1.1,0.0141,0.5,1,0,selected,normal_iv_sell,0.25257068901062013,0.4444444444444444,normal_iv,valid,406.0,0.392031388270133,-0.13946069925951288,1.0,,close,10009109.SH,0.3185073544660405,0.24030668258666996,28.0,0.03578154425612046,-0.03672316384180804,0.006638418079096045,0.0,3.3192090395480225e-06,-0.030088064971751545,0.006635098870056498,0,0.006638418079096045,-0.0,-3.3192090395480225e-06,0.006635098870056497,False
588000,科创/硬科技,S6_IVTiming_OTM5_Monthly,2025-05-30,2025-06-30,1.03,1.056,,0.0,0.0,0,0,low_iv_skip,low_iv_skip,0.2240277875900269,0.14682539682539683,low_iv,valid,424.0,0.14435356534581045,0.07967422224421644,1.0,,none,,,,,,0.025242718446601965,0.0,0.0,0.0,0.025242718446601965,0.0,0,0.0,-0.0,-0.0,0.0,False
588000,科创/硬科技,S6_IVTiming_OTM5_Monthly,2025-06-30,2025-07-31,1.056,1.101,,0.0,0.0,0,0,low_iv_skip,low_iv_skip,0.19972865200042722,0.01984126984126984,low_iv,valid,443.0,0.1504547621550865,0.04927388984534073,1.0,,none,,,,,,0.04261363636363629,0.0,0.0,0.0,0.04261363636363629,0.0,0,0.0,-0.0,-0.0,0.0,False
588000,科创/硬科技,S6_IVTiming_OTM5_Monthly,2025-07-31,2025-08-27,1.101,1.337,1.15,0.0157,0.5,1,0,selected,normal_iv_sell,0.24754492588043214,0.46825396825396826,normal_iv,valid,460.0,0.13854351084396427,0.10900141503646787,1.0,,close,10009569.SH,0.30431433725006973,0.28106590766906747,27.0,0.04450499545867381,0.21435059037238874,0.007129881925522252,0.08492279745685744,3.564940962761126e-06,0.1365541099000908,-0.07779648047229795,1,0.007129881925522252,-0.08492279745685744,-3.564940962761126e-06,-0.07779648047229795,False
588000,科创/硬科技,S6_IVTiming_OTM5_Monthly,2025-08-29,2025-09-24,1.412,1.53,1.5,0.06,1.0,1,0,selected,high_iv_sell,0.5809427988052369,0.9444444444444444,high_iv,valid,480.0,0.4381391064262431,0.14280369237899382,1.0,,close,10009838.SH,0.3938445215402753,0.6266896408081055,26.0,0.062322946175637384,0.08356940509915022,0.042492917847025496,0.02124645892351277,2.124645892351275e-05,0.10479461756373942,0.021225212464589208,1,0.042492917847025496,-0.02124645892351277,-2.124645892351275e-05,0.021225212464589215,False
588000,科创/硬科技,S6_IVTiming_OTM5_Monthly,2025-09-30,2025-10-22,1.57,1.476,1.65,0.0339,1.0,1,0,selected,high_iv_sell,0.4071105211257935,0.7738095238095238,high_iv,valid,501.0,0.39526075353364615,0.011849767592147342,1.0,,close,10009986.SH,0.3363053055370509,0.416942706680298,22.0,0.05095541401273884,-0.0598726114649682,0.02159235668789809,0.0,1.0796178343949043e-05,-0.03829105095541407,0.021581560509554135,0,0.02159235668789809,-0.0,-1.0796178343949043e-05,0.02158156050955414,False
588000,科创/硬科技,S6_IVTiming_OTM5_Monthly,2025-10-31,2025-11-26,1.488,1.382,1.55,0.0332,0.5,1,0,selected,normal_iv_sell,0.36069612045288085,0.6626984126984127,normal_iv,valid,516.0,0.40710488340968437,-0.04640876295680352,1.0,,close,10010123.SH,0.35905730757552323,0.360801022529602,26.0,0.04166666666666674,-0.07123655913978501,0.011155913978494624,0.0,5.577956989247312e-06,-0.06008622311827963,0.011150336021505378,0,0.011155913978494624,-0.0,-5.577956989247312e-06,0.011150336021505376,False
588000,科创/硬科技,S6_IVTiming_OTM5_Monthly,2025-11-28,2025-12-24,1.393,1.423,1.45,0.0152,0.5,1,0,selected,normal_iv_sell,0.27026576204299924,0.32142857142857145,normal_iv,valid,535.0,0.2344462332295704,0.03581952881342884,1.0,,close,10009841.SH,0.2834067964195738,0.2396486604690552,26.0,0.04091888011485989,0.021536252692031604,0.005455850681981335,0.0,2.7279253409906675e-06,0.026989375448671946,0.005453122756640342,0,0.005455850681981335,-0.0,-2.7279253409906675e-06,0.0054531227566403445,False
588000,科创/硬科技,S6_IVTiming_OTM5_Monthly,2025-12-31,2026-01-28,1.417,1.635,1.5,0.0149,0.5,1,0,selected,normal_iv_sell,0.2580732797622681,0.31746031746031744,normal_iv,valid,552.0,0.215581576767207,0.04249170299506114,1.0,,close,10010501.SH,0.24372940497434797,0.2731314960479737,28.0,0.05857445306986597,0.15384615384615383,0.005257586450247001,0.04763585038814397,2.6287932251235004e-06,0.11146526111503174,-0.04238089273112208,1,0.005257586450247001,-0.04763585038814397,-2.6287932251235004e-06,-0.04238089273112209,False
588000,科创/硬科技,S6_IVTiming_OTM5_Monthly,2026-01-30,2026-02-25,1.588,1.552,1.65,0.0333,0.5,1,0,selected,normal_iv_sell,0.3129322976112366,0.5357142857142857,normal_iv,valid,571.0,0.2995426784234957,0.013389619187740898,1.0,,close,10010721.SH,0.35846444584120574,0.3388192691802979,26.0,0.03904282115869018,-0.022670025188916896,0.010484886649874056,0.0,5.242443324937028e-06,-0.012190380982367776,0.01047964420654912,0,0.010484886649874056,-0.0,-5.242443324937028e-06,0.01047964420654912,False
588000,科创/硬科技,S6_IVTiming_OTM5_Monthly,2026-02-27,2026-03-31,1.566,1.324,,0.0,0.0,0,0,low_iv_skip,low_iv_skip,0.23637762298583986,0.1746031746031746,low_iv,valid,584.0,0.2420498141479272,-0.005672191162087337,1.0,,none,,,,,,-0.15453384418901658,0.0,0.0,0.0,-0.15453384418901658,0.0,0,0.0,-0.0,-0.0,0.0,False
588000,科创/硬科技,S6_IVTiming_OTM5_Monthly,2026-03-31,2026-04-22,1.324,1.529,1.4,0.0137,1.0,1,0,selected,high_iv_sell,0.3485084064483643,0.7619047619047619,high_iv,valid,605.0,0.2876490744629956,0.06085933198536869,1.0,,close,10011158.SH,0.24339924426313825,0.30359124450683594,22.0,0.05740181268882161,0.15483383685800592,0.010347432024169184,0.09743202416918428,5.1737160120845925e-06,0.06774407099697874,-0.08708976586102718,1,0.010347432024169184,-0.09743202416918428,-5.1737160120845925e-06,-0.08708976586102718,False
588000,科创/硬科技,S6_IVTiming_OTM5_Monthly,2026-04-30,2026-05-27,1.654,1.911,1.75,0.025,0.5,1,0,selected,normal_iv_sell,0.30598015089035036,0.6111111111111112,normal_iv,valid,621.0,0.353666956069768,-0.047686805179417646,1.0,,close,10011419.SH,0.28429575005718843,0.32855793876647943,27.0,0.058041112454655375,0.15538089480048375,0.007557436517533254,0.04866989117291416,3.778718258766627e-06,0.11426466142684409,-0.04111623337363966,1,0.007557436517533254,-0.04866989117291416,-3.778718258766627e-06,-0.04111623337363968,False
588000,科创/硬科技,S6_IVTiming_OTM5_Monthly,2026-05-29,2026-06-03,1.844,1.823,1.95,0.0451,1.0,1,0,selected,high_iv_sell,0.4656125020027161,0.9484126984126984,high_iv,valid,638.0,0.5183459645925268,-0.05273346258981071,1.0,,close,10011558.SH,0.3392422708388749,0.4321821174621583,26.0,0.057483731019522644,-0.01138828633405647,0.02445770065075922,0.0,1.222885032537961e-05,0.013057185466377371,0.02444547180043384,0,0.02445770065075922,-0.0,-1.222885032537961e-05,0.02444547180043384,False
159915,成长/科技/医药权重,S0_BuyHold,2021-01-29,2021-02-26,3.029,2.814,,0.0,0.0,0,0,buy_hold,not_used,,,not_used,,,,,,,none,,,,,,-0.07098052162429841,0.0,0.0,0.0,-0.07098052162429841,0.0,0,0.0,-0.0,-0.0,0.0,False
159915,成长/科技/医药权重,S0_BuyHold,2021-02-26,2021-03-31,2.814,2.665,,0.0,0.0,0,0,buy_hold,not_used,,,not_used,,,,,,,none,,,,,,-0.0529495380241649,0.0,0.0,0.0,-0.0529495380241649,0.0,0,0.0,-0.0,-0.0,0.0,False
159915,成长/科技/医药权重,S0_BuyHold,2021-03-31,2021-04-30,2.665,2.989,,0.0,0.0,0,0,buy_hold,not_used,,,not_used,,,,,,,none,,,,,,0.12157598499061907,0.0,0.0,0.0,0.12157598499061907,0.0,0,0.0,-0.0,-0.0,0.0,False
159915,成长/科技/医药权重,S0_BuyHold,2021-04-30,2021-05-31,2.989,3.195,,0.0,0.0,0,0,buy_hold,not_used,,,not_used,,,,,,,none,,,,,,0.06891937102709936,0.0,0.0,0.0,0.06891937102709936,0.0,0,0.0,-0.0,-0.0,0.0,False
159915,成长/科技/医药权重,S0_BuyHold,2021-05-31,2021-06-30,3.195,3.373,,0.0,0.0,0,0,buy_hold,not_used,,,not_used,,,,,,,none,,,,,,0.05571205007824738,0.0,0.0,0.0,0.05571205007824738,0.0,0,0.0,-0.0,-0.0,0.0,False
159915,成长/科技/医药权重,S0_BuyHold,2021-06-30,2021-07-30,3.373,3.328,,0.0,0.0,0,0,buy_hold,not_used,,,not_used,,,,,,,none,,,,,,-0.013341239252890711,0.0,0.0,0.0,-0.013341239252890711,0.0,0,0.0,-0.0,-0.0,0.0,False
159915,成长/科技/医药权重,S0_BuyHold,2021-07-30,2021-08-31,3.328,3.106,,0.0,0.0,0,0,buy_hold,not_used,,,not_used,,,,,,,none,,,,,,-0.06670673076923077,0.0,0.0,0.0,-0.06670673076923077,0.0,0,0.0,-0.0,-0.0,0.0,False
159915,成长/科技/医药权重,S0_BuyHold,2021-08-31,2021-09-30,3.106,3.148,,0.0,0.0,0,0,buy_hold,not_used,,,not_used,,,,,,,none,,,,,,0.013522215067611159,0.0,0.0,0.0,0.013522215067611159,0.0,0,0.0,-0.0,-0.0,0.0,False
159915,成长/科技/医药权重,S0_BuyHold,2021-09-30,2021-10-29,3.148,3.249,,0.0,0.0,0,0,buy_hold,not_used,,,not_used,,,,,,,none,,,,,,0.0320838627700127,0.0,0.0,0.0,0.0320838627700127,0.0,0,0.0,-0.0,-0.0,0.0,False
159915,成长/科技/医药权重,S0_BuyHold,2021-10-29,2021-11-30,3.249,3.386,,0.0,0.0,0,0,buy_hold,not_used,,,not_used,,,,,,,none,,,,,,0.04216682056017236,0.0,0.0,0.0,0.04216682056017236,0.0,0,0.0,-0.0,-0.0,0.0,False
159915,成长/科技/医药权重,S0_BuyHold,2021-11-30,2021-12-31,3.386,3.218,,0.0,0.0,0,0,buy_hold,not_used,,,not_used,,,,,,,none,,,,,,-0.04961606615475492,0.0,0.0,0.0,-0.04961606615475492,0.0,0,0.0,-0.0,-0.0,0.0,False
159915,成长/科技/医药权重,S0_BuyHold,2021-12-31,2022-01-28,3.218,2.819,,0.0,0.0,0,0,buy_hold,not_used,,,not_used,,,,,,,none,,,,,,-0.1239900559353636,0.0,0.0,0.0,-0.1239900559353636,0.0,0,0.0,-0.0,-0.0,0.0,False
159915,成长/科技/医药权重,S0_BuyHold,2022-01-28,2022-02-28,2.819,2.786,,0.0,0.0,0,0,buy_hold,not_used,,,not_used,,,,,,,none,,,,,,-0.011706278822277375,0.0,0.0,0.0,-0.011706278822277375,0.0,0,0.0,-0.0,-0.0,0.0,False
159915,成长/科技/医药权重,S0_BuyHold,2022-02-28,2022-03-31,2.786,2.574,,0.0,0.0,0,0,buy_hold,not_used,,,not_used,,,,,,,none,,,,,,-0.07609475951184501,0.0,0.0,0.0,-0.07609475951184501,0.0,0,0.0,-0.0,-0.0,0.0,False
159915,成长/科技/医药权重,S0_BuyHold,2022-03-31,2022-04-29,2.574,2.244,,0.0,0.0,0,0,buy_hold,not_used,,,not_used,,,,,,,none,,,,,,-0.12820512820512805,0.0,0.0,0.0,-0.12820512820512805,0.0,0,0.0,-0.0,-0.0,0.0,False
159915,成长/科技/医药权重,S0_BuyHold,2022-04-29,2022-05-31,2.244,2.334,,0.0,0.0,0,0,buy_hold,not_used,,,not_used,,,,,,,none,,,,,,0.040106951871657685,0.0,0.0,0.0,0.040106951871657685,0.0,0,0.0,-0.0,-0.0,0.0,False
159915,成长/科技/医药权重,S0_BuyHold,2022-05-31,2022-06-30,2.334,2.73,,0.0,0.0,0,0,buy_hold,not_used,,,not_used,,,,,,,none,,,,,,0.1696658097686375,0.0,0.0,0.0,0.1696658097686375,0.0,0,0.0,-0.0,-0.0,0.0,False
159915,成长/科技/医药权重,S0_BuyHold,2022-06-30,2022-07-29,2.73,2.594,,0.0,0.0,0,0,buy_hold,not_used,,,not_used,,,,,,,none,,,,,,-0.04981684981684986,0.0,0.0,0.0,-0.04981684981684986,0.0,0,0.0,-0.0,-0.0,0.0,False
159915,成长/科技/医药权重,S0_BuyHold,2022-07-29,2022-08-31,2.594,2.491,,0.0,0.0,0,0,buy_hold,not_used,,,not_used,,,,,,,none,,,,,,-0.03970701619121039,0.0,0.0,0.0,-0.03970701619121039,0.0,0,0.0,-0.0,-0.0,0.0,False
159915,成长/科技/医药权重,S0_BuyHold,2022-08-31,2022-09-30,2.491,2.221,,0.0,0.0,0,0,buy_hold,not_used,,,not_used,,,,,,,none,,,,,,-0.1083902047370534,0.0,0.0,0.0,-0.1083902047370534,0.0,0,0.0,-0.0,-0.0,0.0,False
159915,成长/科技/医药权重,S0_BuyHold,2022-09-30,2022-10-31,2.221,2.202,,0.0,0.0,0,0,buy_hold,not_used,0.26475840301513676,,warmup_invalid,warmup,10.0,0.2301303873116643,0.03462801570347246,0.0,,none,,,,,,-0.008554705087798346,0.0,0.0,0.0,-0.008554705087798346,0.0,0,0.0,-0.0,-0.0,0.0,False
159915,成长/科技/医药权重,S0_BuyHold,2022-10-31,2022-11-30,2.202,2.265,,0.0,0.0,0,0,buy_hold,not_used,0.33524544615745533,,warmup_invalid,warmup,26.0,0.33010863784395195,0.005136808313503383,0.0,,none,,,,,,0.028610354223433318,0.0,0.0,0.0,0.028610354223433318,0.0,0,0.0,-0.0,-0.0,0.0,False
159915,成长/科技/医药权重,S0_BuyHold,2022-11-30,2022-12-30,2.265,2.279,,0.0,0.0,0,0,buy_hold,not_used,0.26582172861099246,,warmup_invalid,warmup,42.0,0.22114527444320753,0.04467645416778493,0.0,,none,,,,,,0.0061810154525385385,0.0,0.0,0.0,0.0061810154525385385,0.0,0,0.0,-0.0,-0.0,0.0,False
159915,成长/科技/医药权重,S0_BuyHold,2022-12-30,2023-01-31,2.279,2.507,,0.0,0.0,0,0,buy_hold,not_used,0.18018348779678345,,warmup_invalid,warmup,59.0,0.1455525981730418,0.03463088962374164,0.0,,none,,,,,,0.10004387889425195,0.0,0.0,0.0,0.10004387889425195,0.0,0,0.0,-0.0,-0.0,0.0,False
159915,成长/科技/医药权重,S0_BuyHold,2023-01-31,2023-02-28,2.507,2.359,,0.0,0.0,0,0,buy_hold,not_used,0.22100946874618532,,warmup_invalid,warmup,75.0,0.1667704595458969,0.05423900920028843,0.0,,none,,,,,,-0.059034702832070254,0.0,0.0,0.0,-0.059034702832070254,0.0,0,0.0,-0.0,-0.0,0.0,False
159915,成长/科技/医药权重,S0_BuyHold,2023-02-28,2023-03-31,2.359,2.327,,0.0,0.0,0,0,buy_hold,not_used,0.21404301719665528,,warmup_invalid,warmup,94.0,0.16988566546482348,0.0441573517318318,0.0,,none,,,,,,-0.013565069944891915,0.0,0.0,0.0,-0.013565069944891915,0.0,0,0.0,-0.0,-0.0,0.0,False
159915,成长/科技/医药权重,S0_BuyHold,2023-03-31,2023-04-28,2.327,2.255,,0.0,0.0,0,0,buy_hold,not_used,0.1793156615257263,,warmup_invalid,warmup,111.0,0.1401375198256347,0.03917814170009162,0.0,,none,,,,,,-0.03094112591319298,0.0,0.0,0.0,-0.03094112591319298,0.0,0,0.0,-0.0,-0.0,0.0,False
159915,成长/科技/医药权重,S0_BuyHold,2023-04-28,2023-05-31,2.255,2.131,,0.0,0.0,0,0,buy_hold,not_used,0.17388697905540465,,warmup_invalid,warmup,129.0,0.16393405483030007,0.009952924225104576,0.0,,none,,,,,,-0.05498891352549894,0.0,0.0,0.0,-0.05498891352549894,0.0,0,0.0,-0.0,-0.0,0.0,False
159915,成长/科技/医药权重,S0_BuyHold,2023-05-31,2023-06-30,2.131,2.164,,0.0,0.0,0,0,buy_hold,not_used,0.1894196388244629,,warmup_invalid,warmup,143.0,0.14828861261891327,0.04113102620554962,0.0,,none,,,,,,0.015485687470671219,0.0,0.0,0.0,0.015485687470671219,0.0,0,0.0,-0.0,-0.0,0.0,False
159915,成长/科技/医药权重,S0_BuyHold,2023-06-30,2023-07-31,2.164,2.182,,0.0,0.0,0,0,buy_hold,not_used,0.1735174376487732,,warmup_invalid,warmup,162.0,0.21476979937000695,-0.041252361721233755,0.0,,none,,,,,,0.008317929759704155,0.0,0.0,0.0,0.008317929759704155,0.0,0,0.0,-0.0,-0.0,0.0,False
159915,成长/科技/医药权重,S0_BuyHold,2023-07-31,2023-08-31,2.182,2.052,,0.0,0.0,0,0,buy_hold,not_used,0.19183715486526487,,warmup_invalid,warmup,182.0,0.17048303762142178,0.02135411724384309,0.0,,none,,,,,,-0.05957836846929418,0.0,0.0,0.0,-0.05957836846929418,0.0,0,0.0,-0.0,-0.0,0.0,False
159915,成长/科技/医药权重,S0_BuyHold,2023-08-31,2023-09-28,2.052,1.953,,0.0,0.0,0,0,buy_hold,not_used,0.20826386642456057,,warmup_invalid,warmup,199.0,0.20275590057439452,0.005507965850166052,0.0,,none,,,,,,-0.04824561403508771,0.0,0.0,0.0,-0.04824561403508771,0.0,0,0.0,-0.0,-0.0,0.0,False
159915,成长/科技/医药权重,S0_BuyHold,2023-09-28,2023-10-31,1.953,1.916,,0.0,0.0,0,0,buy_hold,not_used,0.1939495012283325,,warmup_invalid,warmup,218.0,0.1570549319102224,0.03689456931811008,0.0,,none,,,,,,-0.018945212493599664,0.0,0.0,0.0,-0.018945212493599664,0.0,0,0.0,-0.0,-0.0,0.0,False
159915,成长/科技/医药权重,S0_BuyHold,2023-10-31,2023-11-30,1.916,1.874,,0.0,0.0,0,0,buy_hold,not_used,0.1851854095458984,,warmup_invalid,warmup,235.0,0.2058917012230066,-0.02070629167710819,0.0,,none,,,,,,-0.02192066805845502,0.0,0.0,0.0,-0.02192066805845502,0.0,0,0.0,-0.0,-0.0,0.0,False
159915,成长/科技/医药权重,S0_BuyHold,2023-11-30,2023-12-29,1.874,1.842,,0.0,0.0,0,0,buy_hold,not_used,0.18031223125457763,,warmup_invalid,warmup,251.0,0.18435578268992817,-0.00404355143535054,0.0,,none,,,,,,-0.01707577374599788,0.0,0.0,0.0,-0.01707577374599788,0.0,0,0.0,-0.0,-0.0,0.0,False
159915,成长/科技/医药权重,S0_BuyHold,2023-12-29,2024-01-31,1.842,1.533,,0.0,0.0,0,0,buy_hold,not_used,0.20542197380065919,0.5952380952380952,normal_iv,valid,271.0,0.22471590425287716,-0.019293930452217972,1.0,,none,,,,,,-0.16775244299674275,0.0,0.0,0.0,-0.16775244299674275,0.0,0,0.0,-0.0,-0.0,0.0,False
159915,成长/科技/医药权重,S0_BuyHold,2024-01-31,2024-02-29,1.533,1.761,,0.0,0.0,0,0,buy_hold,not_used,0.2882946144104004,0.996031746031746,high_iv,valid,287.0,0.2599181186653152,0.028376495745085162,1.0,,none,,,,,,0.1487279843444227,0.0,0.0,0.0,0.1487279843444227,0.0,0,0.0,-0.0,-0.0,0.0,False
159915,成长/科技/医药权重,S0_BuyHold,2024-02-29,2024-03-29,1.761,1.768,,0.0,0.0,0,0,buy_hold,not_used,0.2918422119140625,0.9801587301587301,high_iv,valid,302.0,0.372875545759296,-0.08103333384523348,1.0,,none,,,,,,0.0039750141964793395,0.0,0.0,0.0,0.0039750141964793395,0.0,0,0.0,-0.0,-0.0,0.0,False
159915,成长/科技/医药权重,S0_BuyHold,2024-03-29,2024-04-30,1.768,1.816,,0.0,0.0,0,0,buy_hold,not_used,0.23943408803939822,0.8293650793650794,high_iv,valid,322.0,0.2635565876824634,-0.02412249964306515,1.0,,none,,,,,,0.02714932126696835,0.0,0.0,0.0,0.02714932126696835,0.0,0,0.0,-0.0,-0.0,0.0,False
159915,成长/科技/医药权重,S0_BuyHold,2024-04-30,2024-05-31,1.816,1.772,,0.0,0.0,0,0,buy_hold,not_used,0.2211334439277649,0.6944444444444444,normal_iv,valid,342.0,0.2864420422644163,-0.06530859833665137,1.0,,none,,,,,,-0.024229074889867863,0.0,0.0,0.0,-0.024229074889867863,0.0,0,0.0,-0.0,-0.0,0.0,False
159915,成长/科技/医药权重,S0_BuyHold,2024-05-31,2024-06-28,1.772,1.652,,0.0,0.0,0,0,buy_hold,not_used,0.20283279981613161,0.5198412698412699,normal_iv,valid,357.0,0.17891503199108405,0.023917767825047564,1.0,,none,,,,,,-0.06772009029345379,0.0,0.0,0.0,-0.06772009029345379,0.0,0,0.0,-0.0,-0.0,0.0,False
159915,成长/科技/医药权重,S0_BuyHold,2024-06-28,2024-07-31,1.652,1.658,,0.0,0.0,0,0,buy_hold,not_used,0.21327532472610478,0.623015873015873,normal_iv,valid,375.0,0.17707102991123813,0.036204294814866644,1.0,,none,,,,,,0.0036319612590799064,0.0,0.0,0.0,0.0036319612590799064,0.0,0,0.0,-0.0,-0.0,0.0,False
159915,成长/科技/医药权重,S0_BuyHold,2024-07-31,2024-08-30,1.658,1.552,,0.0,0.0,0,0,buy_hold,not_used,0.20517879171371461,0.49603174603174605,normal_iv,valid,392.0,0.23693660761154345,-0.031757815897828834,1.0,,none,,,,,,-0.06393244873341368,0.0,0.0,0.0,-0.06393244873341368,0.0,0,0.0,-0.0,-0.0,0.0,False
159915,成长/科技/医药权重,S0_BuyHold,2024-08-30,2024-09-30,1.552,2.232,,0.0,0.0,0,0,buy_hold,not_used,0.19244749422073362,0.21825396825396826,low_iv,valid,413.0,0.16885387830578766,0.023593615914945965,1.0,,none,,,,,,0.4381443298969073,0.0,0.0,0.0,0.4381443298969073,0.0,0,0.0,-0.0,-0.0,0.0,False
159915,成长/科技/医药权重,S0_BuyHold,2024-09-30,2024-10-31,2.232,2.122,,0.0,0.0,0,0,buy_hold,not_used,0.8435174651145936,1.0,high_iv,valid,431.0,0.8159340603859246,0.027583404728668937,1.0,,none,,,,,,-0.04928315412186394,0.0,0.0,0.0,-0.04928315412186394,0.0,0,0.0,-0.0,-0.0,0.0,False
159915,成长/科技/医药权重,S0_BuyHold,2024-10-31,2024-11-29,2.122,2.179,,0.0,0.0,0,0,buy_hold,not_used,0.45695331239700315,0.9841269841269841,high_iv,valid,445.0,1.2992461764841436,-0.8422928640871405,1.0,,none,,,,,,0.026861451460885928,0.0,0.0,0.0,0.026861451460885928,0.0,0,0.0,-0.0,-0.0,0.0,False
159915,成长/科技/医药权重,S0_BuyHold,2024-11-29,2024-12-31,2.179,2.102,,0.0,0.0,0,0,buy_hold,not_used,0.32532504749298097,0.8571428571428571,high_iv,valid,465.0,0.4170550035940782,-0.09172995610109724,1.0,,none,,,,,,-0.035337310692978414,0.0,0.0,0.0,-0.035337310692978414,0.0,0,0.0,-0.0,-0.0,0.0,False
159915,成长/科技/医药权重,S0_BuyHold,2024-12-31,2025-01-27,2.102,2.028,,0.0,0.0,0,0,buy_hold,not_used,0.2571196245193482,0.6746031746031746,normal_iv,valid,486.0,0.1948757957881161,0.06224382873123213,1.0,,none,,,,,,-0.035204567078972335,0.0,0.0,0.0,-0.035204567078972335,0.0,0,0.0,-0.0,-0.0,0.0,False
159915,成长/科技/医药权重,S0_BuyHold,2025-01-27,2025-02-28,2.028,2.128,,0.0,0.0,0,0,buy_hold,not_used,0.27956151652336125,0.6984126984126984,normal_iv,valid,498.0,0.3089714235913424,-0.029409907067981134,1.0,,none,,,,,,0.04930966469428012,0.0,0.0,0.0,0.04930966469428012,0.0,0,0.0,-0.0,-0.0,0.0,False
159915,成长/科技/医药权重,S0_BuyHold,2025-02-28,2025-03-31,2.128,2.064,,0.0,0.0,0,0,buy_hold,not_used,0.28948191518783567,0.7222222222222222,high_iv,valid,515.0,0.2914617885108183,-0.001979873322982606,1.0,,none,,,,,,-0.030075187969924838,0.0,0.0,0.0,-0.030075187969924838,0.0,0,0.0,-0.0,-0.0,0.0,False
159915,成长/科技/医药权重,S0_BuyHold,2025-03-31,2025-04-30,2.064,1.921,,0.0,0.0,0,0,buy_hold,not_used,0.21451030826568607,0.2896825396825397,low_iv,valid,535.0,0.17473231229940597,0.039777995966280094,1.0,,none,,,,,,-0.06928294573643412,0.0,0.0,0.0,-0.06928294573643412,0.0,0,0.0,-0.0,-0.0,0.0,False
159915,成长/科技/医药权重,S0_BuyHold,2025-04-30,2025-05-30,1.921,1.972,,0.0,0.0,0,0,buy_hold,not_used,0.23428434972763063,0.44841269841269843,normal_iv,valid,551.0,0.4813859728945959,-0.24710162316696527,1.0,,none,,,,,,0.026548672566371646,0.0,0.0,0.0,0.026548672566371646,0.0,0,0.0,-0.0,-0.0,0.0,False
159915,成长/科技/医药权重,S0_BuyHold,2025-05-30,2025-06-30,1.972,2.133,,0.0,0.0,0,0,buy_hold,not_used,0.19843644914627076,0.05952380952380952,low_iv,valid,569.0,0.1936222503766472,0.004814198769623551,1.0,,none,,,,,,0.08164300202839758,0.0,0.0,0.0,0.08164300202839758,0.0,0,0.0,-0.0,-0.0,0.0,False
159915,成长/科技/医药权重,S0_BuyHold,2025-06-30,2025-07-31,2.133,2.301,,0.0,0.0,0,0,buy_hold,not_used,0.22424712829589846,0.4642857142857143,normal_iv,valid,588.0,0.18784079800364964,0.03640633029224882,1.0,,none,,,,,,0.07876230661040795,0.0,0.0,0.0,0.07876230661040795,0.0,0,0.0,-0.0,-0.0,0.0,False
159915,成长/科技/医药权重,S0_BuyHold,2025-07-31,2025-08-29,2.301,2.865,,0.0,0.0,0,0,buy_hold,not_used,0.24149159922599794,0.5555555555555556,normal_iv,valid,605.0,0.18364909888001438,0.057842500345983566,1.0,,none,,,,,,0.24511082138200782,0.0,0.0,0.0,0.24511082138200782,0.0,0,0.0,-0.0,-0.0,0.0,False
159915,成长/科技/医药权重,S0_BuyHold,2025-08-29,2025-09-30,2.865,3.217,,0.0,0.0,0,0,buy_hold,not_used,0.4292210179328919,0.9325396825396826,high_iv,valid,625.0,0.2697010709509985,0.15951994698189342,1.0,,none,,,,,,0.1228621291448516,0.0,0.0,0.0,0.1228621291448516,0.0,0,0.0,-0.0,-0.0,0.0,False
159915,成长/科技/医药权重,S0_BuyHold,2025-09-30,2025-10-31,3.217,3.166,,0.0,0.0,0,0,buy_hold,not_used,0.34759289741516114,0.7380952380952381,high_iv,valid,646.0,0.40719644869066896,-0.059603551275507816,1.0,,none,,,,,,-0.01585327945290648,0.0,0.0,0.0,-0.01585327945290648,0.0,0,0.0,-0.0,-0.0,0.0,False
159915,成长/科技/医药权重,S0_BuyHold,2025-10-31,2025-11-28,3.166,3.035,,0.0,0.0,0,0,buy_hold,not_used,0.32467179365158083,0.6666666666666666,normal_iv,valid,661.0,0.3889950515259249,-0.06432325787434406,1.0,,none,,,,,,-0.041377132027795256,0.0,0.0,0.0,-0.041377132027795256,0.0,0,0.0,-0.0,-0.0,0.0,False
159915,成长/科技/医药权重,S0_BuyHold,2025-11-28,2025-12-31,3.035,3.186,,0.0,0.0,0,0,buy_hold,not_used,0.25406315946578983,0.3531746031746032,normal_iv,valid,680.0,0.26271421619249213,-0.0086510567267023,1.0,,none,,,,,,0.04975288303130142,0.0,0.0,0.0,0.04975288303130142,0.0,0,0.0,-0.0,-0.0,0.0,False
159915,成长/科技/医药权重,S0_BuyHold,2025-12-31,2026-01-30,3.186,3.335,,0.0,0.0,0,0,buy_hold,not_used,0.2599639012813568,0.4166666666666667,normal_iv,valid,697.0,0.2398024849824407,0.02016141629891613,1.0,,none,,,,,,0.04676710608914,0.0,0.0,0.0,0.04676710608914,0.0,0,0.0,-0.0,-0.0,0.0,False
159915,成长/科技/医药权重,S0_BuyHold,2026-01-30,2026-02-27,3.335,3.301,,0.0,0.0,0,0,buy_hold,not_used,0.2381871838092804,0.27380952380952384,low_iv,valid,716.0,0.1859916097482782,0.0521955740610022,1.0,,none,,,,,,-0.01019490254872558,0.0,0.0,0.0,-0.01019490254872558,0.0,0,0.0,-0.0,-0.0,0.0,False
159915,成长/科技/医药权重,S0_BuyHold,2026-02-27,2026-03-31,3.301,3.182,,0.0,0.0,0,0,buy_hold,not_used,0.2043801054477692,0.05952380952380952,low_iv,valid,729.0,0.21747849356295534,-0.013098388115186155,1.0,,none,,,,,,-0.036049681914571405,0.0,0.0,0.0,-0.036049681914571405,0.0,0,0.0,-0.0,-0.0,0.0,False
159915,成长/科技/医药权重,S0_BuyHold,2026-03-31,2026-04-30,3.182,3.689,,0.0,0.0,0,0,buy_hold,not_used,0.3035173362255097,0.7738095238095238,high_iv,valid,750.0,0.2741950911741079,0.029322245051401796,1.0,,none,,,,,,0.15933375235700822,0.0,0.0,0.0,0.15933375235700822,0.0,0,0.0,-0.0,-0.0,0.0,False
159915,成长/科技/医药权重,S0_BuyHold,2026-04-30,2026-05-29,3.689,4.053,,0.0,0.0,0,0,buy_hold,not_used,0.2563757734298706,0.5119047619047619,normal_iv,valid,766.0,0.3300335377849407,-0.0736577643550701,1.0,,none,,,,,,0.09867172675521818,0.0,0.0,0.0,0.09867172675521818,0.0,0,0.0,-0.0,-0.0,0.0,False
159915,成长/科技/医药权重,S0_BuyHold,2026-05-29,2026-06-03,4.053,4.145,,0.0,0.0,0,0,buy_hold,not_used,0.3252869012832642,0.7896825396825397,high_iv,valid,783.0,0.2868710188130153,0.03841588247024891,1.0,,none,,,,,,0.022699235134468206,0.0,0.0,0.0,0.022699235134468206,0.0,0,0.0,-0.0,-0.0,0.0,False
159915,成长/科技/医药权重,S1_ATM_100_Monthly,2021-01-29,2021-02-26,3.029,2.814,,0.0,0.0,0,1,no_chain_on_trade_date,not_used,,,not_used,,,,,,,none,,,,,,-0.07098052162429841,0.0,0.0,0.0,-0.07098052162429841,0.0,0,0.0,-0.0,-0.0,0.0,False
159915,成长/科技/医药权重,S1_ATM_100_Monthly,2021-02-26,2021-03-31,2.814,2.665,,0.0,0.0,0,1,no_chain_on_trade_date,not_used,,,not_used,,,,,,,none,,,,,,-0.0529495380241649,0.0,0.0,0.0,-0.0529495380241649,0.0,0,0.0,-0.0,-0.0,0.0,False
159915,成长/科技/医药权重,S1_ATM_100_Monthly,2021-03-31,2021-04-30,2.665,2.989,,0.0,0.0,0,1,no_chain_on_trade_date,not_used,,,not_used,,,,,,,none,,,,,,0.12157598499061907,0.0,0.0,0.0,0.12157598499061907,0.0,0,0.0,-0.0,-0.0,0.0,False
159915,成长/科技/医药权重,S1_ATM_100_Monthly,2021-04-30,2021-05-31,2.989,3.195,,0.0,0.0,0,1,no_chain_on_trade_date,not_used,,,not_used,,,,,,,none,,,,,,0.06891937102709936,0.0,0.0,0.0,0.06891937102709936,0.0,0,0.0,-0.0,-0.0,0.0,False
159915,成长/科技/医药权重,S1_ATM_100_Monthly,2021-05-31,2021-06-30,3.195,3.373,,0.0,0.0,0,1,no_chain_on_trade_date,not_used,,,not_used,,,,,,,none,,,,,,0.05571205007824738,0.0,0.0,0.0,0.05571205007824738,0.0,0,0.0,-0.0,-0.0,0.0,False
159915,成长/科技/医药权重,S1_ATM_100_Monthly,2021-06-30,2021-07-30,3.373,3.328,,0.0,0.0,0,1,no_chain_on_trade_date,not_used,,,not_used,,,,,,,none,,,,,,-0.013341239252890711,0.0,0.0,0.0,-0.013341239252890711,0.0,0,0.0,-0.0,-0.0,0.0,False
159915,成长/科技/医药权重,S1_ATM_100_Monthly,2021-07-30,2021-08-31,3.328,3.106,,0.0,0.0,0,1,no_chain_on_trade_date,not_used,,,not_used,,,,,,,none,,,,,,-0.06670673076923077,0.0,0.0,0.0,-0.06670673076923077,0.0,0,0.0,-0.0,-0.0,0.0,False
159915,成长/科技/医药权重,S1_ATM_100_Monthly,2021-08-31,2021-09-30,3.106,3.148,,0.0,0.0,0,1,no_chain_on_trade_date,not_used,,,not_used,,,,,,,none,,,,,,0.013522215067611159,0.0,0.0,0.0,0.013522215067611159,0.0,0,0.0,-0.0,-0.0,0.0,False
159915,成长/科技/医药权重,S1_ATM_100_Monthly,2021-09-30,2021-10-29,3.148,3.249,,0.0,0.0,0,1,no_chain_on_trade_date,not_used,,,not_used,,,,,,,none,,,,,,0.0320838627700127,0.0,0.0,0.0,0.0320838627700127,0.0,0,0.0,-0.0,-0.0,0.0,False
159915,成长/科技/医药权重,S1_ATM_100_Monthly,2021-10-29,2021-11-30,3.249,3.386,,0.0,0.0,0,1,no_chain_on_trade_date,not_used,,,not_used,,,,,,,none,,,,,,0.04216682056017236,0.0,0.0,0.0,0.04216682056017236,0.0,0,0.0,-0.0,-0.0,0.0,False
159915,成长/科技/医药权重,S1_ATM_100_Monthly,2021-11-30,2021-12-31,3.386,3.218,,0.0,0.0,0,1,no_chain_on_trade_date,not_used,,,not_used,,,,,,,none,,,,,,-0.04961606615475492,0.0,0.0,0.0,-0.04961606615475492,0.0,0,0.0,-0.0,-0.0,0.0,False
159915,成长/科技/医药权重,S1_ATM_100_Monthly,2021-12-31,2022-01-28,3.218,2.819,,0.0,0.0,0,1,no_chain_on_trade_date,not_used,,,not_used,,,,,,,none,,,,,,-0.1239900559353636,0.0,0.0,0.0,-0.1239900559353636,0.0,0,0.0,-0.0,-0.0,0.0,False
159915,成长/科技/医药权重,S1_ATM_100_Monthly,2022-01-28,2022-02-28,2.819,2.786,,0.0,0.0,0,1,no_chain_on_trade_date,not_used,,,not_used,,,,,,,none,,,,,,-0.011706278822277375,0.0,0.0,0.0,-0.011706278822277375,0.0,0,0.0,-0.0,-0.0,0.0,False
159915,成长/科技/医药权重,S1_ATM_100_Monthly,2022-02-28,2022-03-31,2.786,2.574,,0.0,0.0,0,1,no_chain_on_trade_date,not_used,,,not_used,,,,,,,none,,,,,,-0.07609475951184501,0.0,0.0,0.0,-0.07609475951184501,0.0,0,0.0,-0.0,-0.0,0.0,False
159915,成长/科技/医药权重,S1_ATM_100_Monthly,2022-03-31,2022-04-29,2.574,2.244,,0.0,0.0,0,1,no_chain_on_trade_date,not_used,,,not_used,,,,,,,none,,,,,,-0.12820512820512805,0.0,0.0,0.0,-0.12820512820512805,0.0,0,0.0,-0.0,-0.0,0.0,False
159915,成长/科技/医药权重,S1_ATM_100_Monthly,2022-04-29,2022-05-31,2.244,2.334,,0.0,0.0,0,1,no_chain_on_trade_date,not_used,,,not_used,,,,,,,none,,,,,,0.040106951871657685,0.0,0.0,0.0,0.040106951871657685,0.0,0,0.0,-0.0,-0.0,0.0,False
159915,成长/科技/医药权重,S1_ATM_100_Monthly,2022-05-31,2022-06-30,2.334,2.73,,0.0,0.0,0,1,no_chain_on_trade_date,not_used,,,not_used,,,,,,,none,,,,,,0.1696658097686375,0.0,0.0,0.0,0.1696658097686375,0.0,0,0.0,-0.0,-0.0,0.0,False
159915,成长/科技/医药权重,S1_ATM_100_Monthly,2022-06-30,2022-07-29,2.73,2.594,,0.0,0.0,0,1,no_chain_on_trade_date,not_used,,,not_used,,,,,,,none,,,,,,-0.04981684981684986,0.0,0.0,0.0,-0.04981684981684986,0.0,0,0.0,-0.0,-0.0,0.0,False
159915,成长/科技/医药权重,S1_ATM_100_Monthly,2022-07-29,2022-08-31,2.594,2.491,,0.0,0.0,0,1,no_chain_on_trade_date,not_used,,,not_used,,,,,,,none,,,,,,-0.03970701619121039,0.0,0.0,0.0,-0.03970701619121039,0.0,0,0.0,-0.0,-0.0,0.0,False
159915,成长/科技/医药权重,S1_ATM_100_Monthly,2022-08-31,2022-09-30,2.491,2.221,,0.0,0.0,0,1,no_chain_on_trade_date,not_used,,,not_used,,,,,,,none,,,,,,-0.1083902047370534,0.0,0.0,0.0,-0.1083902047370534,0.0,0,0.0,-0.0,-0.0,0.0,False
159915,成长/科技/医药权重,S1_ATM_100_Monthly,2022-09-30,2022-10-26,2.221,2.302,2.2,0.075,1.0,1,0,selected,not_used,0.26475840301513676,,warmup_invalid,warmup,10.0,0.2301303873116643,0.03462801570347246,0.0,,close,90001221.SZ,0.575371286767165,0.26447230644226083,26.0,-0.00945520036019809,0.036470058532192685,0.03376857271499324,0.045925258892390755,1.688428635749662e-05,0.024296488068437684,-0.012173570463755001,1,0.03376857271499324,-0.045925258892390755,-1.688428635749662e-05,-0.01217357046375501,False
159915,成长/科技/医药权重,S1_ATM_100_Monthly,2022-10-31,2022-11-23,2.202,2.269,2.2,0.074,1.0,1,0,selected,not_used,0.33524544615745533,,warmup_invalid,warmup,26.0,0.33010863784395195,0.005136808313503383,0.0,,close,90001239.SZ,0.5268608659172942,0.3250866336822509,23.0,-0.0009082652134422275,0.03042688465031797,0.03360581289736603,0.031335149863760195,1.6802906448683016e-05,0.03268074477747512,0.002253860127157146,1,0.03360581289736603,-0.031335149863760195,-1.6802906448683016e-05,0.0022538601271571497,False
159915,成长/科技/医药权重,S1_ATM_100_Monthly,2022-11-30,2022-12-28,2.265,2.267,2.25,0.0767,1.0,1,0,selected,not_used,0.26582172861099246,,warmup_invalid,warmup,42.0,0.22114527444320753,0.04467645416778493,0.0,,close,90001258.SZ,0.5584284435436244,0.2691547536849975,28.0,-0.0066225165562914245,0.0008830022075054215,0.03386313465783664,0.007505518763796867,1.693156732891832e-05,0.02722368653421628,0.02634068432671086,1,0.03386313465783664,-0.007505518763796867,-1.693156732891832e-05,0.026340684326710856,False
159915,成长/科技/医药权重,S1_ATM_100_Monthly,2022-12-30,2023-01-30,2.279,2.533,2.3,0.039,1.0,1,0,selected,not_used,0.18018348779678345,,warmup_invalid,warmup,59.0,0.1455525981730418,0.03463088962374164,0.0,,close,90001540.SZ,0.45257903947621336,0.1769458282470703,31.0,0.009214567792891648,0.11145239139973673,0.017112768758227294,0.10223782360684515,8.556384379113646e-06,0.02631878016673975,-0.08513361123299698,1,0.017112768758227294,-0.10223782360684515,-8.556384379113646e-06,-0.08513361123299697,False
159915,成长/科技/医药权重,S1_ATM_100_Monthly,2023-01-31,2023-02-22,2.507,2.377,2.5,0.0606,1.0,1,0,selected,not_used,0.22100946874618532,,warmup_invalid,warmup,75.0,0.1667704595458969,0.05423900920028843,0.0,,close,90001749.SZ,0.5397493860019262,0.22630702362060548,22.0,-0.002792181890706069,-0.05185480654168342,0.024172317510969286,0.0,1.2086158755484643e-05,-0.027694575189469616,0.0241602313522138,0,0.024172317510969286,-0.0,-1.2086158755484643e-05,0.0241602313522138,False
159915,成长/科技/医药权重,S1_ATM_100_Monthly,2023-02-28,2023-03-22,2.359,2.27,2.35,0.0575,1.0,1,0,selected,not_used,0.21404301719665528,,warmup_invalid,warmup,94.0,0.16988566546482348,0.0441573517318318,0.0,,close,90001278.SZ,0.5474563276485815,0.22291201095581054,22.0,-0.0038151759220007575,-0.03772785078423059,0.02437473505722764,0.0,1.218736752861382e-05,-0.013365303094531563,0.024362547689699025,0,0.02437473505722764,-0.0,-1.218736752861382e-05,0.024362547689699025,False
159915,成长/科技/医药权重,S1_ATM_100_Monthly,2023-03-31,2023-04-26,2.327,2.226,2.35,0.035,1.0,1,0,selected,not_used,0.1793156615257263,,warmup_invalid,warmup,111.0,0.1401375198256347,0.03917814170009162,0.0,,close,90001928.SZ,0.4388108552358099,0.17738450965881347,26.0,0.009883970777825546,-0.043403523850451216,0.01504082509669102,0.0,7.52041254834551e-06,-0.028370219166308542,0.015033304684142674,0,0.01504082509669102,-0.0,-7.52041254834551e-06,0.015033304684142676,False
159915,成长/科技/医药权重,S1_ATM_100_Monthly,2023-04-28,2023-05-24,2.255,2.183,2.25,0.0473,1.0,1,0,selected,not_used,0.17388697905540465,,warmup_invalid,warmup,129.0,0.16393405483030007,0.009952924225104576,0.0,,close,90002033.SZ,0.5398103485323453,0.17974003810882566,26.0,-0.0022172949002217113,-0.03192904656319293,0.020975609756097562,0.0,1.0487804878048782e-05,-0.01096392461197342,0.020965121951219513,0,0.020975609756097562,-0.0,-1.0487804878048782e-05,0.020965121951219513,False
159915,成长/科技/医药权重,S1_ATM_100_Monthly,2023-05-31,2023-06-28,2.131,2.126,2.15,0.0403,1.0,1,0,selected,not_used,0.1894196388244629,,warmup_invalid,warmup,143.0,0.14828861261891327,0.04113102620554962,0.0,,close,90001454.SZ,0.45888989977318184,0.20203649768829346,28.0,0.008916001877053104,-0.002346316283434957,0.018911309244486158,0.0,9.45565462224308e-06,0.016555537306428957,0.018901853589863914,0,0.018911309244486158,-0.0,-9.45565462224308e-06,0.018901853589863914,False
159915,成长/科技/医药权重,S1_ATM_100_Monthly,2023-06-30,2023-07-26,2.164,2.135,2.15,0.0498,1.0,1,0,selected,not_used,0.1735174376487732,,warmup_invalid,warmup,162.0,0.21476979937000695,-0.041252361721233755,0.0,,close,90002214.SZ,0.5756881475005416,0.17736543655395506,26.0,-0.0064695009242145,-0.013401109057301458,0.023012939001848427,0.0,1.1506469500924214e-05,0.009600323475046045,0.0230014325323475,0,0.023012939001848427,-0.0,-1.1506469500924214e-05,0.0230014325323475,False
159915,成长/科技/医药权重,S1_ATM_100_Monthly,2023-07-31,2023-08-23,2.182,1.987,2.2,0.0362,1.0,1,0,selected,not_used,0.19183715486526487,,warmup_invalid,warmup,182.0,0.17048303762142178,0.02135411724384309,0.0,,close,90002344.SZ,0.4541556247641009,0.197897633934021,23.0,0.008249312557286892,-0.08936755270394127,0.016590284142988087,0.0,8.295142071494044e-06,-0.07278556370302468,0.01658198900091659,0,0.016590284142988087,-0.0,-8.295142071494044e-06,0.01658198900091659,False
159915,成长/科技/医药权重,S1_ATM_100_Monthly,2023-08-31,2023-09-27,2.052,1.956,2.05,0.0501,1.0,1,0,selected,not_used,0.20826386642456057,,warmup_invalid,warmup,199.0,0.20275590057439452,0.005507965850166052,0.0,,close,90002005.SZ,0.5284145450519426,0.2138236764907837,27.0,-0.0009746588693958502,-0.04678362573099419,0.02441520467836257,0.0,1.2207602339181286e-05,-0.022380628654970803,0.024402997076023388,0,0.02441520467836257,-0.0,-1.2207602339181286e-05,0.024402997076023388,False
159915,成长/科技/医药权重,S1_ATM_100_Monthly,2023-09-28,2023-10-25,1.953,1.815,1.95,0.0452,1.0,1,0,selected,not_used,0.1939495012283325,,warmup_invalid,warmup,218.0,0.1570549319102224,0.03689456931811008,0.0,,close,90002540.SZ,0.5329698118487917,0.19943301887512205,27.0,-0.001536098310291889,-0.07066052227342556,0.023143881208397336,0.0,1.1571940604198669e-05,-0.04752821300563243,0.02313230926779313,0,0.023143881208397336,-0.0,-1.1571940604198669e-05,0.02313230926779314,False
159915,成长/科技/医药权重,S1_ATM_100_Monthly,2023-10-31,2023-11-22,1.916,1.899,1.9,0.0444,1.0,1,0,selected,not_used,0.1851854095458984,,warmup_invalid,warmup,235.0,0.2058917012230066,-0.02070629167710819,0.0,,close,90002674.SZ,0.5925926922175679,0.18467043571472164,22.0,-0.008350730688935326,-0.008872651356993687,0.02317327766179541,0.0,1.1586638830897704e-05,0.014289039665970825,0.02316169102296451,0,0.02317327766179541,-0.0,-1.1586638830897704e-05,0.02316169102296451,False
159915,成长/科技/医药权重,S1_ATM_100_Monthly,2023-11-30,2023-12-27,1.874,1.763,1.85,0.0516,1.0,1,0,selected,not_used,0.18031223125457763,,warmup_invalid,warmup,251.0,0.18435578268992817,-0.00404355143535054,0.0,,close,90002307.SZ,0.623758053913241,0.18177132377624508,27.0,-0.012806830309498363,-0.059231590181430205,0.027534685165421558,0.0,1.376734258271078e-05,-0.03171067235859136,0.027520917822838845,0,0.027534685165421558,-0.0,-1.376734258271078e-05,0.027520917822838848,False
159915,成长/科技/医药权重,S1_ATM_100_Monthly,2023-12-29,2024-01-24,1.842,1.65,1.85,0.0394,1.0,1,0,selected,not_used,0.20542197380065919,0.5952380952380952,normal_iv,valid,271.0,0.22471590425287716,-0.019293930452217972,1.0,,close,90002912.SZ,0.4910751754229217,0.2140048709869385,26.0,0.004343105320304019,-0.1042345276872965,0.021389793702497283,0.0,1.0694896851248641e-05,-0.08285542888165047,0.021379098805646035,0,0.021389793702497283,-0.0,-1.0694896851248641e-05,0.021379098805646035,False
159915,成长/科技/医药权重,S1_ATM_100_Monthly,2024-01-31,2024-02-28,1.533,1.701,1.55,0.0425,1.0,1,0,selected,not_used,0.2882946144104004,0.996031746031746,high_iv,valid,287.0,0.2599181186653152,0.028376495745085162,1.0,,close,90003035.SZ,0.4690573720124288,0.2907359718322754,28.0,0.01108936725375087,0.10958904109589052,0.02772341813437704,0.09849967384213962,1.3861709067188521e-05,0.038798923679060744,-0.07079011741682978,1,0.02772341813437704,-0.09849967384213962,-1.3861709067188521e-05,-0.07079011741682976,False
159915,成长/科技/医药权重,S1_ATM_100_Monthly,2024-02-29,2024-03-27,1.761,1.742,1.75,0.0587,1.0,1,0,selected,not_used,0.2918422119140625,0.9801587301587301,high_iv,valid,302.0,0.372875545759296,-0.08103333384523348,1.0,,close,90002635.SZ,0.5564089286060337,0.27127186832427974,27.0,-0.006246450880181609,-0.010789324247586546,0.03333333333333334,0.0,1.6666666666666667e-05,0.022527342419080127,0.033316666666666675,0,0.03333333333333334,-0.0,-1.6666666666666667e-05,0.033316666666666675,False
159915,成长/科技/医药权重,S1_ATM_100_Monthly,2024-03-29,2024-04-24,1.768,1.719,1.75,0.0536,1.0,1,0,selected,not_used,0.23943408803939822,0.8293650793650794,high_iv,valid,322.0,0.2635565876824634,-0.02412249964306515,1.0,,close,90003342.SZ,0.5879822894156189,0.2274990926742554,26.0,-0.010180995475113086,-0.027714932126696793,0.030316742081447964,0.0,1.5158371040723981e-05,0.0025866515837104464,0.03030158371040724,0,0.030316742081447964,-0.0,-1.5158371040723981e-05,0.03030158371040724,False
159915,成长/科技/医药权重,S1_ATM_100_Monthly,2024-04-30,2024-05-22,1.816,1.839,1.8,0.0496,1.0,1,0,selected,not_used,0.2211334439277649,0.6944444444444444,normal_iv,valid,342.0,0.2864420422644163,-0.06530859833665137,1.0,,close,90003450.SZ,0.5829622663509494,0.22524846630096435,22.0,-0.008810572687224627,0.012665198237885412,0.027312775330396475,0.02147577092511009,1.3656387665198238e-05,0.018488546255506597,0.005823348017621185,1,0.027312775330396475,-0.02147577092511009,-1.3656387665198238e-05,0.005823348017621186,False
159915,成长/科技/医药权重,S1_ATM_100_Monthly,2024-05-31,2024-06-26,1.772,1.699,1.75,0.0522,1.0,1,0,selected,not_used,0.20283279981613161,0.5198412698412699,normal_iv,valid,357.0,0.17891503199108405,0.023917767825047564,1.0,,close,90002816.SZ,0.6102020447704335,0.2067189449310303,26.0,-0.01241534988713322,-0.04119638826185099,0.02945823927765237,0.0,1.4729119638826185e-05,-0.011752878103837449,0.029443510158013546,0,0.02945823927765237,-0.0,-1.4729119638826185e-05,0.029443510158013546,False
159915,成长/科技/医药权重,S1_ATM_100_Monthly,2024-06-28,2024-07-24,1.652,1.619,1.65,0.0392,1.0,1,0,selected,not_used,0.21327532472610478,0.623015873015873,normal_iv,valid,375.0,0.17707102991123813,0.036204294814866644,1.0,,close,90003629.SZ,0.5298944498080296,0.21057171211242678,26.0,-0.001210653753026647,-0.01997578692493942,0.023728813559322035,0.0,1.1864406779661016e-05,0.0037411622276029544,0.023716949152542372,0,0.023728813559322035,-0.0,-1.1864406779661016e-05,0.023716949152542372,False
159915,成长/科技/医药权重,S1_ATM_100_Monthly,2024-07-31,2024-08-28,1.658,1.501,1.65,0.043,1.0,1,0,selected,not_used,0.20517879171371461,0.49603174603174605,normal_iv,valid,392.0,0.23693660761154345,-0.031757815897828834,1.0,,close,90003736.SZ,0.5558455350412225,0.20537429103851318,28.0,-0.004825090470446325,-0.09469240048250907,0.025934861278648975,0.0,1.2967430639324486e-05,-0.06877050663449942,0.02592189384800965,0,0.025934861278648975,-0.0,-1.2967430639324486e-05,0.02592189384800965,False
159915,成长/科技/医药权重,S1_ATM_100_Monthly,2024-08-30,2024-09-25,1.552,1.61,1.55,0.0329,1.0,1,0,selected,not_used,0.19244749422073362,0.21825396825396826,low_iv,valid,413.0,0.16885387830578766,0.023593615914945965,1.0,,close,90003195.SZ,0.5316578165683552,0.1863584054946899,26.0,-0.0012886597938144284,0.03737113402061859,0.02119845360824742,0.038659793814433026,1.0599226804123711e-05,0.019899194587628857,-0.017471939432989733,1,0.02119845360824742,-0.038659793814433026,-1.0599226804123711e-05,-0.01747193943298973,False
159915,成长/科技/医药权重,S1_ATM_100_Monthly,2024-09-30,2024-10-23,2.232,2.162,2.05,0.309,1.0,1,0,selected,not_used,0.8435174651145936,1.0,high_iv,valid,431.0,0.8159340603859246,0.027583404728668937,1.0,,close,90004259.SZ,0.6845686237267231,0.9526966856002809,23.0,-0.08154121863799302,-0.031362007168458904,0.13844086021505375,0.050179211469534094,6.922043010752688e-05,0.05683042114695322,0.08819242831541213,1,0.13844086021505375,-0.050179211469534094,-6.922043010752688e-05,0.08819242831541213,False
159915,成长/科技/医药权重,S1_ATM_100_Monthly,2024-10-31,2024-11-27,2.122,2.165,2.1,0.1165,1.0,1,0,selected,not_used,0.45695331239700315,0.9841269841269841,high_iv,valid,445.0,1.2992461764841436,-0.8422928640871405,1.0,,close,90004375.SZ,0.5628704361684597,0.452323316192627,27.0,-0.010367577756833057,0.020263901979264917,0.05490103675777569,0.030631479736097998,2.7450518378887846e-05,0.044506008482563725,0.024242106503298808,1,0.05490103675777569,-0.030631479736097998,-2.7450518378887846e-05,0.024242106503298805,False
159915,成长/科技/医药权重,S1_ATM_100_Monthly,2024-11-29,2024-12-25,2.179,2.156,2.2,0.0624,1.0,1,0,selected,not_used,0.32532504749298097,0.8571428571428571,high_iv,valid,465.0,0.4170550035940782,-0.09172995610109724,1.0,,close,90004393.SZ,0.47618304868024386,0.30475470390319825,26.0,0.009637448370812374,-0.010555300596603805,0.028636989444699404,0.0,1.4318494722349703e-05,0.01806737035337325,0.028622670949977055,0,0.028636989444699404,-0.0,-1.4318494722349703e-05,0.028622670949977055,False
159915,成长/科技/医药权重,S1_ATM_100_Monthly,2024-12-31,2025-01-22,2.102,2.059,2.1,0.0518,1.0,1,0,selected,not_used,0.2571196245193482,0.6746031746031746,normal_iv,valid,486.0,0.1948757957881161,0.06224382873123213,1.0,,close,90004732.SZ,0.5263326074851292,0.24073582744598393,22.0,-0.0009514747859180606,-0.020456707897240585,0.024643196955280687,0.0,1.2321598477640343e-05,0.004174167459562461,0.024630875356803045,0,0.024643196955280687,-0.0,-1.2321598477640343e-05,0.024630875356803045,False
159915,成长/科技/医药权重,S1_ATM_100_Monthly,2025-01-27,2025-02-26,2.028,2.223,2.05,0.0515,1.0,1,0,selected,not_used,0.27956151652336125,0.6984126984126984,normal_iv,valid,498.0,0.3089714235913424,-0.029409907067981134,1.0,,close,90004903.SZ,0.46573943096892395,0.25909845914840707,30.0,0.010848126232741562,0.09615384615384608,0.02539447731755424,0.08530571992110456,1.269723865877712e-05,0.036229906311636986,-0.05992393984220909,1,0.02539447731755424,-0.08530571992110456,-1.269723865877712e-05,-0.0599239398422091,False
159915,成长/科技/医药权重,S1_ATM_100_Monthly,2025-02-28,2025-03-26,2.128,2.098,2.15,0.054,1.0,1,0,selected,not_used,0.28948191518783567,0.7222222222222222,high_iv,valid,515.0,0.2914617885108183,-0.001979873322982606,1.0,,close,90004408.SZ,0.4669608563602179,0.2769556535720825,26.0,0.010338345864661536,-0.014097744360902371,0.02537593984962406,0.0,1.2687969924812029e-05,0.011265507518796876,0.025363251879699247,0,0.02537593984962406,-0.0,-1.2687969924812029e-05,0.025363251879699247,False
159915,成长/科技/医药权重,S1_ATM_100_Monthly,2025-03-31,2025-04-23,2.064,1.919,2.05,0.0518,1.0,1,0,selected,not_used,0.21451030826568607,0.2896825396825397,low_iv,valid,535.0,0.17473231229940597,0.039777995966280094,1.0,,close,90005166.SZ,0.571439578574481,0.20890281543731692,23.0,-0.006782945736434232,-0.07025193798449612,0.0250968992248062,0.0,1.25484496124031e-05,-0.04516758720930233,0.025084350775193796,0,0.0250968992248062,-0.0,-1.25484496124031e-05,0.025084350775193796,False
159915,成长/科技/医药权重,S1_ATM_100_Monthly,2025-04-30,2025-05-28,1.921,1.959,1.9,0.0548,1.0,1,0,selected,not_used,0.23428434972763063,0.44841269841269843,normal_iv,valid,551.0,0.4813859728945959,-0.24710162316696527,1.0,,close,90005253.SZ,0.6009633196075161,0.19799299945831295,28.0,-0.010931806350858997,0.01978136387298284,0.028526808953669963,0.030713170223841832,1.4263404476834982e-05,0.017580739198334132,-0.0022006246746487067,1,0.028526808953669963,-0.030713170223841832,-1.4263404476834982e-05,-0.0022006246746487036,False
159915,成长/科技/医药权重,S1_ATM_100_Monthly,2025-05-30,2025-06-25,1.972,2.109,1.95,0.0449,1.0,1,0,selected,not_used,0.19843644914627076,0.05952380952380952,low_iv,valid,569.0,0.1936222503766472,0.004814198769623551,1.0,,close,90004617.SZ,0.6327610511304189,0.14832663440704347,26.0,-0.011156186612576113,0.06947261663286004,0.02276876267748479,0.08062880324543613,1.1384381338742394e-05,0.011601191683569961,-0.05787142494929008,1,0.02276876267748479,-0.08062880324543613,-1.1384381338742394e-05,-0.05787142494929008,False
159915,成长/科技/医药权重,S1_ATM_100_Monthly,2025-06-30,2025-07-23,2.133,2.287,2.15,0.0344,1.0,1,0,selected,not_used,0.22424712829589846,0.4642857142857143,normal_iv,valid,588.0,0.18784079800364964,0.03640633029224882,1.0,,close,90005635.SZ,0.45444394349660766,0.1920231176376343,23.0,0.007969995311767342,0.07219878105954051,0.01612751992498828,0.06422878574777309,8.06375996249414e-06,0.024089451476793203,-0.048109329582747315,1,0.01612751992498828,-0.06422878574777309,-8.06375996249414e-06,-0.0481093295827473,False
159915,成长/科技/医药权重,S1_ATM_100_Monthly,2025-07-31,2025-08-27,2.301,2.696,2.3,0.0615,1.0,1,0,selected,not_used,0.24149159922599794,0.5555555555555556,normal_iv,valid,605.0,0.18364909888001438,0.057842500345983566,1.0,,close,90005721.SZ,0.5246916977263998,0.23767936239242554,27.0,-0.0004345936549328133,0.171664493698392,0.026727509778357233,0.17209908735332477,1.3363754889178618e-05,0.026279552368535287,-0.14538494132985672,1,0.026727509778357233,-0.17209908735332477,-1.3363754889178618e-05,-0.14538494132985672,False
159915,成长/科技/医药权重,S1_ATM_100_Monthly,2025-08-29,2025-09-24,2.865,3.16,2.85,0.1369,1.0,1,0,selected,not_used,0.4292210179328919,0.9325396825396826,high_iv,valid,625.0,0.2697010709509985,0.15951994698189342,1.0,,close,90006069.SZ,0.5460154266103566,0.4184017992019654,26.0,-0.005235602094240899,0.10296684118673645,0.04778359511343804,0.10820244328097732,2.389179755671902e-05,0.042524101221640444,-0.060442739965096005,1,0.04778359511343804,-0.10820244328097732,-2.389179755671902e-05,-0.060442739965096,False
159915,成长/科技/医药权重,S1_ATM_100_Monthly,2025-09-30,2025-10-22,3.217,3.039,3.2,0.1175,1.0,1,0,selected,not_used,0.34759289741516114,0.7380952380952381,high_iv,valid,646.0,0.40719644869066896,-0.059603551275507816,1.0,,close,90006237.SZ,0.5476213529138309,0.3399922651290894,22.0,-0.005284426484302163,-0.05533105377681067,0.03652471246502953,0.0,1.8262356232514765e-05,-0.018824603668013654,0.036506450108797016,0,0.03652471246502953,-0.0,-1.8262356232514765e-05,0.036506450108797016,False
159915,成长/科技/医药权重,S1_ATM_100_Monthly,2025-10-31,2025-11-26,3.166,3.027,3.2,0.0912,1.0,1,0,selected,not_used,0.32467179365158083,0.6666666666666666,normal_iv,valid,661.0,0.3889950515259249,-0.06432325787434406,1.0,,close,90006323.SZ,0.47207050257430894,0.3109153167724609,26.0,0.010739102969046233,-0.04390397978521787,0.028806064434617817,0.0,1.4403032217308908e-05,-0.015112318382817364,0.02879166140240051,0,0.028806064434617817,-0.0,-1.4403032217308908e-05,0.02879166140240051,False
159915,成长/科技/医药权重,S1_ATM_100_Monthly,2025-11-28,2025-12-24,3.035,3.212,3.0,0.0885,1.0,1,0,selected,not_used,0.25406315946578983,0.3531746031746032,normal_iv,valid,680.0,0.26271421619249213,-0.0086510567267023,1.0,,close,90006203.SZ,0.6031554765297067,0.20884559612274173,26.0,-0.011532125205930832,0.058319604612850094,0.029159802306425037,0.06985172981878095,1.4579901153212519e-05,0.01761309719934098,-0.04070650741350912,1,0.029159802306425037,-0.06985172981878095,-1.4579901153212519e-05,-0.040706507413509126,False
159915,成长/科技/医药权重,S1_ATM_100_Monthly,2025-12-31,2026-01-28,3.186,3.307,3.2,0.0788,1.0,1,0,selected,not_used,0.2599639012813568,0.4166666666666667,normal_iv,valid,697.0,0.2398024849824407,0.02016141629891613,1.0,,close,90006659.SZ,0.4956721472936129,0.23623457469940184,28.0,0.00439422473320783,0.03797865662272442,0.02473320778405524,0.03358443188951656,1.236660389202762e-05,0.02911506591337107,-0.008863590709353351,1,0.02473320778405524,-0.03358443188951656,-1.236660389202762e-05,-0.00886359070935335,False
159915,成长/科技/医药权重,S1_ATM_100_Monthly,2026-01-30,2026-02-25,3.335,3.344,3.3,0.1081,1.0,1,0,selected,not_used,0.2381871838092804,0.27380952380952384,low_iv,valid,716.0,0.1859916097482782,0.0521955740610022,1.0,,close,90006912.SZ,0.5852049476823168,0.24598093128204346,26.0,-0.010494752623688153,0.0026986506746626377,0.032413793103448274,0.013193403298350836,1.6206896551724137e-05,0.02190283358320835,0.01920418290854571,1,0.032413793103448274,-0.013193403298350836,-1.6206896551724137e-05,0.019204182908545715,False
159915,成长/科技/医药权重,S1_ATM_100_Monthly,2026-02-27,2026-03-25,3.301,3.307,3.3,0.0737,1.0,1,0,selected,not_used,0.2043801054477692,0.05952380952380952,low_iv,valid,729.0,0.21747849356295534,-0.013098388115186155,1.0,,close,90006246.SZ,0.5235278538129293,0.2016741086959839,26.0,-0.00030293850348384055,0.001817631020902691,0.022326567706755528,0.002120569524386585,1.1163283853377765e-05,0.022012465919418255,0.020194834898515566,1,0.022326567706755528,-0.002120569524386585,-1.1163283853377765e-05,0.020194834898515566,False
159915,成长/科技/医药权重,S1_ATM_100_Monthly,2026-03-31,2026-04-22,3.182,3.758,3.2,0.08,1.0,1,0,selected,not_used,0.3035173362255097,0.7738095238095238,high_iv,valid,750.0,0.2741950911741079,0.029322245051401796,1.0,,close,90007160.SZ,0.4877234027972867,0.27823355159759533,22.0,0.0056568196103079504,0.18101822752985547,0.0251414204902577,0.1753614079195474,1.257071024512885e-05,0.030785669390320625,-0.15023255813953484,1,0.0251414204902577,-0.1753614079195474,-1.257071024512885e-05,-0.15023255813953484,False
159915,成长/科技/医药权重,S1_ATM_100_Monthly,2026-04-30,2026-05-27,3.689,4.056,3.7,0.0952,1.0,1,0,selected,not_used,0.2563757734298706,0.5119047619047619,normal_iv,valid,766.0,0.3300335377849407,-0.0736577643550701,1.0,,close,90007269.SZ,0.5042821361058799,0.244545680141449,27.0,0.0029818378964490133,0.09948495527243155,0.025806451612903226,0.09650311737598262,1.2903225806451614e-05,0.0287753862835457,-0.07070956898888585,1,0.025806451612903226,-0.09650311737598262,-1.2903225806451614e-05,-0.07070956898888585,False
159915,成长/科技/医药权重,S1_ATM_100_Monthly,2026-05-29,2026-06-03,4.053,4.145,4.1,0.1155,1.0,1,0,selected,not_used,0.3252869012832642,0.7896825396825397,high_iv,valid,783.0,0.2868710188130153,0.03841588247024891,1.0,,close,90007385.SZ,0.4681354983797541,0.3115351926803589,26.0,0.011596348383912991,0.022699235134468206,0.02849740932642487,0.011102886750555128,1.4248704663212436e-05,0.04007950900567474,0.017380273871206532,1,0.02849740932642487,-0.011102886750555128,-1.4248704663212436e-05,0.017380273871206532,False
159915,成长/科技/医药权重,S4_OTM5_100_Monthly,2021-01-29,2021-02-26,3.029,2.814,,0.0,0.0,0,1,no_chain_on_trade_date,not_used,,,not_used,,,,,,,none,,,,,,-0.07098052162429841,0.0,0.0,0.0,-0.07098052162429841,0.0,0,0.0,-0.0,-0.0,0.0,False
159915,成长/科技/医药权重,S4_OTM5_100_Monthly,2021-02-26,2021-03-31,2.814,2.665,,0.0,0.0,0,1,no_chain_on_trade_date,not_used,,,not_used,,,,,,,none,,,,,,-0.0529495380241649,0.0,0.0,0.0,-0.0529495380241649,0.0,0,0.0,-0.0,-0.0,0.0,False
159915,成长/科技/医药权重,S4_OTM5_100_Monthly,2021-03-31,2021-04-30,2.665,2.989,,0.0,0.0,0,1,no_chain_on_trade_date,not_used,,,not_used,,,,,,,none,,,,,,0.12157598499061907,0.0,0.0,0.0,0.12157598499061907,0.0,0,0.0,-0.0,-0.0,0.0,False
159915,成长/科技/医药权重,S4_OTM5_100_Monthly,2021-04-30,2021-05-31,2.989,3.195,,0.0,0.0,0,1,no_chain_on_trade_date,not_used,,,not_used,,,,,,,none,,,,,,0.06891937102709936,0.0,0.0,0.0,0.06891937102709936,0.0,0,0.0,-0.0,-0.0,0.0,False
159915,成长/科技/医药权重,S4_OTM5_100_Monthly,2021-05-31,2021-06-30,3.195,3.373,,0.0,0.0,0,1,no_chain_on_trade_date,not_used,,,not_used,,,,,,,none,,,,,,0.05571205007824738,0.0,0.0,0.0,0.05571205007824738,0.0,0,0.0,-0.0,-0.0,0.0,False
159915,成长/科技/医药权重,S4_OTM5_100_Monthly,2021-06-30,2021-07-30,3.373,3.328,,0.0,0.0,0,1,no_chain_on_trade_date,not_used,,,not_used,,,,,,,none,,,,,,-0.013341239252890711,0.0,0.0,0.0,-0.013341239252890711,0.0,0,0.0,-0.0,-0.0,0.0,False
159915,成长/科技/医药权重,S4_OTM5_100_Monthly,2021-07-30,2021-08-31,3.328,3.106,,0.0,0.0,0,1,no_chain_on_trade_date,not_used,,,not_used,,,,,,,none,,,,,,-0.06670673076923077,0.0,0.0,0.0,-0.06670673076923077,0.0,0,0.0,-0.0,-0.0,0.0,False
159915,成长/科技/医药权重,S4_OTM5_100_Monthly,2021-08-31,2021-09-30,3.106,3.148,,0.0,0.0,0,1,no_chain_on_trade_date,not_used,,,not_used,,,,,,,none,,,,,,0.013522215067611159,0.0,0.0,0.0,0.013522215067611159,0.0,0,0.0,-0.0,-0.0,0.0,False
159915,成长/科技/医药权重,S4_OTM5_100_Monthly,2021-09-30,2021-10-29,3.148,3.249,,0.0,0.0,0,1,no_chain_on_trade_date,not_used,,,not_used,,,,,,,none,,,,,,0.0320838627700127,0.0,0.0,0.0,0.0320838627700127,0.0,0,0.0,-0.0,-0.0,0.0,False
159915,成长/科技/医药权重,S4_OTM5_100_Monthly,2021-10-29,2021-11-30,3.249,3.386,,0.0,0.0,0,1,no_chain_on_trade_date,not_used,,,not_used,,,,,,,none,,,,,,0.04216682056017236,0.0,0.0,0.0,0.04216682056017236,0.0,0,0.0,-0.0,-0.0,0.0,False
159915,成长/科技/医药权重,S4_OTM5_100_Monthly,2021-11-30,2021-12-31,3.386,3.218,,0.0,0.0,0,1,no_chain_on_trade_date,not_used,,,not_used,,,,,,,none,,,,,,-0.04961606615475492,0.0,0.0,0.0,-0.04961606615475492,0.0,0,0.0,-0.0,-0.0,0.0,False
159915,成长/科技/医药权重,S4_OTM5_100_Monthly,2021-12-31,2022-01-28,3.218,2.819,,0.0,0.0,0,1,no_chain_on_trade_date,not_used,,,not_used,,,,,,,none,,,,,,-0.1239900559353636,0.0,0.0,0.0,-0.1239900559353636,0.0,0,0.0,-0.0,-0.0,0.0,False
159915,成长/科技/医药权重,S4_OTM5_100_Monthly,2022-01-28,2022-02-28,2.819,2.786,,0.0,0.0,0,1,no_chain_on_trade_date,not_used,,,not_used,,,,,,,none,,,,,,-0.011706278822277375,0.0,0.0,0.0,-0.011706278822277375,0.0,0,0.0,-0.0,-0.0,0.0,False
159915,成长/科技/医药权重,S4_OTM5_100_Monthly,2022-02-28,2022-03-31,2.786,2.574,,0.0,0.0,0,1,no_chain_on_trade_date,not_used,,,not_used,,,,,,,none,,,,,,-0.07609475951184501,0.0,0.0,0.0,-0.07609475951184501,0.0,0,0.0,-0.0,-0.0,0.0,False
159915,成长/科技/医药权重,S4_OTM5_100_Monthly,2022-03-31,2022-04-29,2.574,2.244,,0.0,0.0,0,1,no_chain_on_trade_date,not_used,,,not_used,,,,,,,none,,,,,,-0.12820512820512805,0.0,0.0,0.0,-0.12820512820512805,0.0,0,0.0,-0.0,-0.0,0.0,False
159915,成长/科技/医药权重,S4_OTM5_100_Monthly,2022-04-29,2022-05-31,2.244,2.334,,0.0,0.0,0,1,no_chain_on_trade_date,not_used,,,not_used,,,,,,,none,,,,,,0.040106951871657685,0.0,0.0,0.0,0.040106951871657685,0.0,0,0.0,-0.0,-0.0,0.0,False
159915,成长/科技/医药权重,S4_OTM5_100_Monthly,2022-05-31,2022-06-30,2.334,2.73,,0.0,0.0,0,1,no_chain_on_trade_date,not_used,,,not_used,,,,,,,none,,,,,,0.1696658097686375,0.0,0.0,0.0,0.1696658097686375,0.0,0,0.0,-0.0,-0.0,0.0,False
159915,成长/科技/医药权重,S4_OTM5_100_Monthly,2022-06-30,2022-07-29,2.73,2.594,,0.0,0.0,0,1,no_chain_on_trade_date,not_used,,,not_used,,,,,,,none,,,,,,-0.04981684981684986,0.0,0.0,0.0,-0.04981684981684986,0.0,0,0.0,-0.0,-0.0,0.0,False
159915,成长/科技/医药权重,S4_OTM5_100_Monthly,2022-07-29,2022-08-31,2.594,2.491,,0.0,0.0,0,1,no_chain_on_trade_date,not_used,,,not_used,,,,,,,none,,,,,,-0.03970701619121039,0.0,0.0,0.0,-0.03970701619121039,0.0,0,0.0,-0.0,-0.0,0.0,False
159915,成长/科技/医药权重,S4_OTM5_100_Monthly,2022-08-31,2022-09-30,2.491,2.221,,0.0,0.0,0,1,no_chain_on_trade_date,not_used,,,not_used,,,,,,,none,,,,,,-0.1083902047370534,0.0,0.0,0.0,-0.1083902047370534,0.0,0,0.0,-0.0,-0.0,0.0,False
159915,成长/科技/医药权重,S4_OTM5_100_Monthly,2022-09-30,2022-10-26,2.221,2.302,2.35,0.0166,1.0,1,0,selected,not_used,0.26475840301513676,,warmup_invalid,warmup,10.0,0.2301303873116643,0.03462801570347246,0.0,,close,90001224.SZ,0.20891416909173421,0.24464581394195561,26.0,0.058081945069788476,0.036470058532192685,0.007474110760918505,0.0,3.7370553804592525e-06,0.04394043223773073,0.007470373705538047,0,0.007474110760918505,-0.0,-3.7370553804592525e-06,0.007470373705538046,False
159915,成长/科技/医药权重,S4_OTM5_100_Monthly,2022-10-31,2022-11-23,2.202,2.269,2.3,0.0345,1.0,1,0,selected,not_used,0.33524544615745533,,warmup_invalid,warmup,26.0,0.33010863784395195,0.005136808313503383,0.0,,close,90001241.SZ,0.31413864456343044,0.32116711063385006,23.0,0.04450499545867381,0.03042688465031797,0.01566757493188011,0.0,7.833787465940055e-06,0.04608662579473215,0.015659741144414176,0,0.01566757493188011,-0.0,-7.833787465940055e-06,0.015659741144414173,False
159915,成长/科技/医药权重,S4_OTM5_100_Monthly,2022-11-30,2022-12-28,2.265,2.267,2.4,0.0227,1.0,1,0,selected,not_used,0.26582172861099246,,warmup_invalid,warmup,42.0,0.22114527444320753,0.04467645416778493,0.0,,close,90001261.SZ,0.2369173354067331,0.27000350685119634,28.0,0.05960264900662238,0.0008830022075054215,0.010022075055187638,0.0,5.0110375275938195e-06,0.010900066225165466,0.010017064017660044,0,0.010022075055187638,-0.0,-5.0110375275938195e-06,0.010017064017660044,False
159915,成长/科技/医药权重,S4_OTM5_100_Monthly,2022-12-30,2023-01-30,2.279,2.533,2.4,0.0111,1.0,1,0,selected,not_used,0.18018348779678345,,warmup_invalid,warmup,59.0,0.1455525981730418,0.03463088962374164,0.0,,close,90001542.SZ,0.1764770805398322,0.1797591112136841,31.0,0.05309346204475651,0.11145239139973673,0.004870557261956999,0.05835892935498026,2.4352786309784996e-06,0.057961584028082484,-0.05349080737165424,1,0.004870557261956999,-0.05835892935498026,-2.4352786309784996e-06,-0.05349080737165424,False
159915,成长/科技/医药权重,S4_OTM5_100_Monthly,2023-01-31,2023-02-22,2.507,2.377,2.65,0.013,1.0,1,0,selected,not_used,0.22100946874618532,,warmup_invalid,warmup,75.0,0.1667704595458969,0.05423900920028843,0.0,,close,90001781.SZ,0.17516871459984829,0.22974018249511718,22.0,0.057040287195851525,-0.05185480654168342,0.005185480654168328,0.0,2.592740327084164e-06,-0.046671918627842174,0.005182887913841243,0,0.005185480654168328,-0.0,-2.592740327084164e-06,0.005182887913841244,False
159915,成长/科技/医药权重,S4_OTM5_100_Monthly,2023-02-28,2023-03-22,2.359,2.27,2.5,0.0108,1.0,1,0,selected,not_used,0.21404301719665528,,warmup_invalid,warmup,94.0,0.16988566546482348,0.0441573517318318,0.0,,close,90001281.SZ,0.1602142129504538,0.22669802227020264,22.0,0.059771089444679903,-0.03772785078423059,0.004578211106401018,0.0,2.289105553200509e-06,-0.03315192878338277,0.004575922000847818,0,0.004578211106401018,-0.0,-2.289105553200509e-06,0.004575922000847817,False
159915,成长/科技/医药权重,S4_OTM5_100_Monthly,2023-03-31,2023-04-26,2.327,2.226,2.45,0.0088,1.0,1,0,selected,not_used,0.1793156615257263,,warmup_invalid,warmup,111.0,0.1401375198256347,0.03917814170009162,0.0,,close,90001930.SZ,0.15421833988146705,0.17999752502441405,26.0,0.052857756768371456,-0.043403523850451216,0.0037816931671680277,0.0,1.8908465835840138e-06,-0.039623721529866776,0.0037798023205844397,0,0.0037816931671680277,-0.0,-1.8908465835840138e-06,0.0037798023205844436,False
159915,成长/科技/医药权重,S4_OTM5_100_Monthly,2023-04-28,2023-05-24,2.255,2.183,2.35,0.0123,1.0,1,0,selected,not_used,0.17388697905540465,,warmup_invalid,warmup,129.0,0.16393405483030007,0.009952924225104576,0.0,,close,90002035.SZ,0.2078571917096621,0.1782046531677246,26.0,0.04212860310421296,-0.03192904656319293,0.005454545454545455,0.0,2.7272727272727276e-06,-0.02647722838137475,0.005451818181818183,0,0.005454545454545455,-0.0,-2.7272727272727276e-06,0.005451818181818183,False
159915,成长/科技/医药权重,S4_OTM5_100_Monthly,2023-05-31,2023-06-28,2.131,2.126,2.25,0.0116,1.0,1,0,selected,not_used,0.1894196388244629,,warmup_invalid,warmup,143.0,0.14828861261891327,0.04113102620554962,0.0,,close,90001456.SZ,0.1820168738145142,0.20370539436340335,28.0,0.055842327545753356,-0.002346316283434957,0.0054434537775692165,0.0,2.721726888784608e-06,0.0030944157672454747,0.005440732050680432,0,0.0054434537775692165,-0.0,-2.721726888784608e-06,0.005440732050680432,False
159915,成长/科技/医药权重,S4_OTM5_100_Monthly,2023-06-30,2023-07-26,2.164,2.135,2.25,0.0137,1.0,1,0,selected,not_used,0.1735174376487732,,warmup_invalid,warmup,162.0,0.21476979937000695,-0.041252361721233755,0.0,,close,90002216.SZ,0.22855251154241485,0.18316366043090818,26.0,0.03974121996303137,-0.013401109057301458,0.00633086876155268,0.0,3.16543438077634e-06,-0.0070734057301295545,0.006327703327171904,0,0.00633086876155268,-0.0,-3.16543438077634e-06,0.006327703327171904,False
159915,成长/科技/医药权重,S4_OTM5_100_Monthly,2023-07-31,2023-08-23,2.182,1.987,2.3,0.0108,1.0,1,0,selected,not_used,0.19183715486526487,,warmup_invalid,warmup,182.0,0.17048303762142178,0.02135411724384309,0.0,,close,90002346.SZ,0.1755990686318184,0.21352804336547854,23.0,0.054078826764436316,-0.08936755270394127,0.004949587534372136,0.0,2.474793767186068e-06,-0.08442043996333631,0.004947112740604956,0,0.004949587534372136,-0.0,-2.474793767186068e-06,0.00494711274060495,False
159915,成长/科技/医药权重,S4_OTM5_100_Monthly,2023-08-31,2023-09-27,2.052,1.956,2.15,0.0174,1.0,1,0,selected,not_used,0.20826386642456057,,warmup_invalid,warmup,199.0,0.20275590057439452,0.005507965850166052,0.0,,close,90001981.SZ,0.24088176647225878,0.2262116580963135,27.0,0.04775828460038989,-0.04678362573099419,0.00847953216374269,0.0,4.239766081871345e-06,-0.038308333333333375,0.008475292397660816,0,0.00847953216374269,-0.0,-4.239766081871345e-06,0.008475292397660818,False
159915,成长/科技/医药权重,S4_OTM5_100_Monthly,2023-09-28,2023-10-25,1.953,1.815,2.05,0.0138,1.0,1,0,selected,not_used,0.1939495012283325,,warmup_invalid,warmup,218.0,0.1570549319102224,0.03689456931811008,0.0,,close,90002542.SZ,0.21816839732211585,0.21397626132965086,27.0,0.04966717869943671,-0.07066052227342556,0.00706605222734255,0.0,3.533026113671275e-06,-0.06359800307219668,0.007062519201228884,0,0.00706605222734255,-0.0,-3.533026113671275e-06,0.007062519201228879,False
159915,成长/科技/医药权重,S4_OTM5_100_Monthly,2023-10-31,2023-11-22,1.916,1.899,2.0,0.0092,1.0,1,0,selected,not_used,0.1851854095458984,,warmup_invalid,warmup,235.0,0.2058917012230066,-0.02070629167710819,0.0,,close,90002676.SZ,0.19129911712307845,0.18949593124389646,22.0,0.04384133611691032,-0.008872651356993687,0.004801670146137787,0.0,2.4008350730688934e-06,-0.0040733820459289685,0.004799269311064718,0,0.004801670146137787,-0.0,-2.4008350730688934e-06,0.004799269311064718,False
159915,成长/科技/医药权重,S4_OTM5_100_Monthly,2023-11-30,2023-12-27,1.874,1.763,1.95,0.0133,1.0,1,0,selected,not_used,0.18031223125457763,,warmup_invalid,warmup,251.0,0.18435578268992817,-0.00404355143535054,0.0,,close,90002283.SZ,0.23849640788552212,0.1909168775558472,27.0,0.04055496264674474,-0.059231590181430205,0.0070971184631803625,0.0,3.548559231590181e-06,-0.052138020277481434,0.007093569903948771,0,0.0070971184631803625,-0.0,-3.548559231590181e-06,0.007093569903948773,False
159915,成长/科技/医药权重,S4_OTM5_100_Monthly,2023-12-29,2024-01-24,1.842,1.65,1.95,0.0117,1.0,1,0,selected,not_used,0.20542197380065919,0.5952380952380952,normal_iv,valid,271.0,0.22471590425287716,-0.019293930452217972,1.0,,close,90002914.SZ,0.19208536263351172,0.23099900741577145,26.0,0.05863192182410426,-0.1042345276872965,0.006351791530944625,0.0,3.1758957654723125e-06,-0.09788591205211734,0.006348615635179161,0,0.006351791530944625,-0.0,-3.1758957654723125e-06,0.0063486156351791525,False
159915,成长/科技/医药权重,S4_OTM5_100_Monthly,2024-01-31,2024-02-28,1.533,1.701,1.6,0.0251,1.0,1,0,selected,not_used,0.2882946144104004,0.996031746031746,high_iv,valid,287.0,0.2599181186653152,0.028376495745085162,1.0,,close,90003036.SZ,0.32138450308638544,0.29504649353027346,28.0,0.043705153294194554,0.10958904109589052,0.016373124592302675,0.06588388780169602,8.186562296151338e-06,0.06007009132420101,-0.049518949771689504,1,0.016373124592302675,-0.06588388780169602,-8.186562296151338e-06,-0.0495189497716895,False
159915,成长/科技/医药权重,S4_OTM5_100_Monthly,2024-02-29,2024-03-27,1.761,1.742,1.85,0.0235,1.0,1,0,selected,not_used,0.2918422119140625,0.9801587301587301,high_iv,valid,302.0,0.372875545759296,-0.08103333384523348,1.0,,close,90002507.SZ,0.2842762579408902,0.28853302822113036,27.0,0.05053946621237948,-0.010789324247586546,0.013344690516751846,0.0,6.6723452583759235e-06,0.0025486939239069235,0.013338018171493469,0,0.013344690516751846,-0.0,-6.6723452583759235e-06,0.013338018171493469,False
159915,成长/科技/医药权重,S4_OTM5_100_Monthly,2024-03-29,2024-04-24,1.768,1.719,1.85,0.0162,1.0,1,0,selected,not_used,0.23943408803939822,0.8293650793650794,high_iv,valid,322.0,0.2635565876824634,-0.02412249964306515,1.0,,close,90003344.SZ,0.2519029641106625,0.23508065185546875,26.0,0.046380090497737614,-0.027714932126696793,0.009162895927601809,0.0,4.5814479638009056e-06,-0.018556617647058786,0.009158314479638007,0,0.009162895927601809,-0.0,-4.5814479638009056e-06,0.009158314479638007,False
159915,成长/科技/医药权重,S4_OTM5_100_Monthly,2024-04-30,2024-05-22,1.816,1.839,1.9,0.0145,1.0,1,0,selected,not_used,0.2211334439277649,0.6944444444444444,normal_iv,valid,342.0,0.2864420422644163,-0.06530859833665137,1.0,,close,90003452.SZ,0.2371241333037608,0.2405927791595459,22.0,0.04625550660792954,0.012665198237885412,0.007984581497797356,0.0,3.992290748898679e-06,0.02064578744493387,0.007980589207048458,0,0.007984581497797356,-0.0,-3.992290748898679e-06,0.007980589207048458,False
159915,成长/科技/医药权重,S4_OTM5_100_Monthly,2024-05-31,2024-06-26,1.772,1.699,1.85,0.0132,1.0,1,0,selected,not_used,0.20283279981613161,0.5198412698412699,normal_iv,valid,357.0,0.17891503199108405,0.023917767825047564,1.0,,close,90002818.SZ,0.23526222047943313,0.2082447933197022,26.0,0.04401805869074504,-0.04119638826185099,0.0074492099322799096,0.0,3.724604966139955e-06,-0.033750902934537225,0.007445485327313768,0,0.0074492099322799096,-0.0,-3.724604966139955e-06,0.00744548532731377,False
159915,成长/科技/医药权重,S4_OTM5_100_Monthly,2024-06-28,2024-07-24,1.652,1.619,1.75,0.0089,1.0,1,0,selected,not_used,0.21327532472610478,0.623015873015873,normal_iv,valid,375.0,0.17707102991123813,0.036204294814866644,1.0,,close,90003631.SZ,0.17562293346395363,0.21904017066955567,26.0,0.05932203389830515,-0.01997578692493942,0.005387409200968523,0.0,2.6937046004842613e-06,-0.01459107142857138,0.005384715496368039,0,0.005387409200968523,-0.0,-2.6937046004842613e-06,0.005384715496368039,False
159915,成长/科技/医药权重,S4_OTM5_100_Monthly,2024-07-31,2024-08-28,1.658,1.501,1.75,0.0098,1.0,1,0,selected,not_used,0.20517879171371461,0.49603174603174605,normal_iv,valid,392.0,0.23693660761154345,-0.031757815897828834,1.0,,close,90003738.SZ,0.1903326005137732,0.2091793754577637,28.0,0.05548854041013285,-0.09469240048250907,0.005910735826296743,0.0,2.9553679131483715e-06,-0.08878462002412547,0.005907780458383596,0,0.005910735826296743,-0.0,-2.9553679131483715e-06,0.005907780458383595,False
159915,成长/科技/医药权重,S4_OTM5_100_Monthly,2024-08-30,2024-09-25,1.552,1.61,1.65,0.0059,1.0,1,0,selected,not_used,0.19244749422073362,0.21825396825396826,low_iv,valid,413.0,0.16885387830578766,0.023593615914945965,1.0,,close,90003197.SZ,0.14081710613286108,0.203018762588501,26.0,0.06314432989690721,0.03737113402061859,0.0038015463917525773,0.0,1.9007731958762888e-06,0.041170779639175294,0.003799645618556703,0,0.0038015463917525773,-0.0,-1.9007731958762888e-06,0.003799645618556701,False
159915,成长/科技/医药权重,S4_OTM5_100_Monthly,2024-09-30,2024-10-23,2.232,2.162,2.05,0.309,1.0,1,0,selected,not_used,0.8435174651145936,1.0,high_iv,valid,431.0,0.8159340603859246,0.027583404728668937,1.0,,close,90004259.SZ,0.6845686237267231,0.9526966856002809,23.0,-0.08154121863799302,-0.031362007168458904,0.13844086021505375,0.050179211469534094,6.922043010752688e-05,0.05683042114695322,0.08819242831541213,1,0.13844086021505375,-0.050179211469534094,-6.922043010752688e-05,0.08819242831541213,False
159915,成长/科技/医药权重,S4_OTM5_100_Monthly,2024-10-31,2024-11-27,2.122,2.165,2.25,0.0698,1.0,1,0,selected,not_used,0.45695331239700315,0.9841269841269841,high_iv,valid,445.0,1.2992461764841436,-0.8422928640871405,1.0,,close,90004378.SZ,0.36817199424474206,0.515932120895386,27.0,0.06032045240339312,0.020263901979264917,0.03289349670122526,0.0,1.644674835061263e-05,0.05314095193213956,0.032877049952874646,0,0.03289349670122526,-0.0,-1.644674835061263e-05,0.032877049952874646,False
159915,成长/科技/医药权重,S4_OTM5_100_Monthly,2024-11-29,2024-12-25,2.179,2.156,2.3,0.036,1.0,1,0,selected,not_used,0.32532504749298097,0.8571428571428571,high_iv,valid,465.0,0.4170550035940782,-0.09172995610109724,1.0,,close,90004395.SZ,0.2985166343524899,0.34318701019287107,26.0,0.055530059660394704,-0.010555300596603805,0.016521340064249657,0.0,8.260670032124829e-06,0.005957778797613727,0.016513079394217534,0,0.016521340064249657,-0.0,-8.260670032124829e-06,0.01651307939421753,False
159915,成长/科技/医药权重,S4_OTM5_100_Monthly,2024-12-31,2025-01-22,2.102,2.059,2.2,0.0236,1.0,1,0,selected,not_used,0.2571196245193482,0.6746031746031746,normal_iv,valid,486.0,0.1948757957881161,0.06224382873123213,1.0,,close,90004734.SZ,0.2728268861965681,0.28278248710632325,22.0,0.04662226450999074,-0.020456707897240585,0.011227402473834443,0.0,5.613701236917222e-06,-0.00923491912464306,0.011221788772597526,0,0.011227402473834443,-0.0,-5.613701236917222e-06,0.011221788772597526,False
159915,成长/科技/医药权重,S4_OTM5_100_Monthly,2025-01-27,2025-02-26,2.028,2.223,2.15,0.0254,1.0,1,0,selected,not_used,0.27956151652336125,0.6984126984126984,normal_iv,valid,498.0,0.3089714235913424,-0.029409907067981134,1.0,,close,90004905.SZ,0.2602398847349128,0.2894771469116211,30.0,0.06015779092702167,0.09615384615384608,0.012524654832347139,0.03599605522682443,6.26232741617357e-06,0.07267618343195262,-0.023477662721893458,1,0.012524654832347139,-0.03599605522682443,-6.26232741617357e-06,-0.02347766272189347,False
159915,成长/科技/医药权重,S4_OTM5_100_Monthly,2025-02-28,2025-03-26,2.128,2.098,2.25,0.0259,1.0,1,0,selected,not_used,0.28948191518783567,0.7222222222222222,high_iv,valid,515.0,0.2914617885108183,-0.001979873322982606,1.0,,close,90004410.SZ,0.26147724871160105,0.29984337940216066,26.0,0.05733082706766912,-0.014097744360902371,0.012171052631578947,0.0,6.085526315789473e-06,-0.0019327772556392135,0.012164967105263158,0,0.012171052631578947,-0.0,-6.085526315789473e-06,0.012164967105263158,False
159915,成长/科技/医药权重,S4_OTM5_100_Monthly,2025-03-31,2025-04-23,2.064,1.919,2.15,0.0168,1.0,1,0,selected,not_used,0.21451030826568607,0.2896825396825397,low_iv,valid,535.0,0.17473231229940597,0.039777995966280094,1.0,,close,90005168.SZ,0.2496417789196259,0.22395149517059326,23.0,0.04166666666666652,-0.07025193798449612,0.00813953488372093,0.0,4.069767441860465e-06,-0.06211647286821705,0.008135465116279071,0,0.00813953488372093,-0.0,-4.069767441860465e-06,0.00813546511627907,False
159915,成长/科技/医药权重,S4_OTM5_100_Monthly,2025-04-30,2025-05-28,1.921,1.959,2.0,0.02,1.0,1,0,selected,not_used,0.23428434972763063,0.44841269841269843,normal_iv,valid,551.0,0.4813859728945959,-0.24710162316696527,1.0,,close,90005255.SZ,0.27808208013466457,0.2258206594467163,28.0,0.041124414367516904,0.01978136387298284,0.010411244143675169,0.0,5.205622071837585e-06,0.03018740239458617,0.010406038521603333,0,0.010411244143675169,-0.0,-5.205622071837585e-06,0.010406038521603331,False
159915,成长/科技/医药权重,S4_OTM5_100_Monthly,2025-05-30,2025-06-25,1.972,2.109,2.05,0.0133,1.0,1,0,selected,not_used,0.19843644914627076,0.05952380952380952,low_iv,valid,569.0,0.1936222503766472,0.004814198769623551,1.0,,close,90004619.SZ,0.2355514744378454,0.1877412055969238,26.0,0.03955375253549698,0.06947261663286004,0.006744421906693712,0.029918864097363166,3.372210953346856e-06,0.04629480223123724,-0.023177814401622802,1,0.006744421906693712,-0.029918864097363166,-3.372210953346856e-06,-0.023177814401622802,False
159915,成长/科技/医药权重,S4_OTM5_100_Monthly,2025-06-30,2025-07-23,2.133,2.287,2.25,0.0145,1.0,1,0,selected,not_used,0.22424712829589846,0.4642857142857143,normal_iv,valid,588.0,0.18784079800364964,0.03640633029224882,1.0,,close,90005687.SZ,0.20450236878902678,0.24262406482696536,23.0,0.05485232067510548,0.07219878105954051,0.006797937177684014,0.01734646038443503,3.398968588842007e-06,0.06164685888420065,-0.010551922175339866,1,0.006797937177684014,-0.01734646038443503,-3.398968588842007e-06,-0.010551922175339859,False
159915,成长/科技/医药权重,S4_OTM5_100_Monthly,2025-07-31,2025-08-27,2.301,2.696,2.4,0.0273,1.0,1,0,selected,not_used,0.24149159922599794,0.5555555555555556,normal_iv,valid,605.0,0.18364909888001438,0.057842500345983566,1.0,,close,90005803.SZ,0.2875769218322859,0.25131186408996586,27.0,0.04302477183833098,0.171664493698392,0.011864406779661017,0.12863972186006095,5.932203389830509e-06,0.05488324641460225,-0.11678124728378976,1,0.011864406779661017,-0.12863972186006095,-5.932203389830509e-06,-0.11678124728378976,False
159915,成长/科技/医药权重,S4_OTM5_100_Monthly,2025-08-29,2025-09-24,2.865,3.16,3.0,0.0847,1.0,1,0,selected,not_used,0.4292210179328919,0.9325396825396826,high_iv,valid,625.0,0.2697010709509985,0.15951994698189342,1.0,,close,90006197.SZ,0.3779557906307325,0.4506305781364441,26.0,0.04712041884816753,0.10296684118673645,0.029563699825479926,0.05584642233856898,1.4781849912739963e-05,0.07666933682373464,-0.02629750436300181,1,0.029563699825479926,-0.05584642233856898,-1.4781849912739963e-05,-0.02629750436300179,False
159915,成长/科技/医药权重,S4_OTM5_100_Monthly,2025-09-30,2025-10-22,3.217,3.039,3.4,0.0483,1.0,1,0,selected,not_used,0.34759289741516114,0.7380952380952381,high_iv,valid,646.0,0.40719644869066896,-0.059603551275507816,1.0,,close,90006279.SZ,0.2850421020697803,0.3601239273071289,22.0,0.05688529686042898,-0.05533105377681067,0.015013988187752564,0.0,7.506994093876283e-06,-0.04032457258315198,0.015006481193658688,0,0.015013988187752564,-0.0,-7.506994093876283e-06,0.015006481193658688,False
159915,成长/科技/医药权重,S4_OTM5_100_Monthly,2025-10-31,2025-11-26,3.166,3.027,3.3,0.0563,1.0,1,0,selected,not_used,0.32467179365158083,0.6666666666666666,normal_iv,valid,661.0,0.3889950515259249,-0.06432325787434406,1.0,,close,90006324.SZ,0.33324314487518636,0.31690427169799806,26.0,0.04232469993682875,-0.04390397978521787,0.017782691092861656,0.0,8.89134554643083e-06,-0.02613018003790265,0.017773799747315223,0,0.017782691092861656,-0.0,-8.89134554643083e-06,0.017773799747315223,False
159915,成长/科技/医药权重,S4_OTM5_100_Monthly,2025-11-28,2025-12-24,3.035,3.212,3.2,0.0226,1.0,1,0,selected,not_used,0.25406315946578983,0.3531746031746032,normal_iv,valid,680.0,0.26271421619249213,-0.0086510567267023,1.0,,close,90006241.SZ,0.21475904674729557,0.23499005460739136,26.0,0.054365733113673764,0.058319604612850094,0.0074464579901153205,0.0039538714991762805,3.7232289950576605e-06,0.061808467874794076,0.003488863261943982,1,0.0074464579901153205,-0.0039538714991762805,-3.7232289950576605e-06,0.0034888632619439826,False
159915,成长/科技/医药权重,S4_OTM5_100_Monthly,2025-12-31,2026-01-28,3.186,3.307,3.3,0.0452,1.0,1,0,selected,not_used,0.2599639012813568,0.4166666666666667,normal_iv,valid,697.0,0.2398024849824407,0.02016141629891613,1.0,,close,90006660.SZ,0.32561642140771907,0.2494713094711304,28.0,0.03578154425612046,0.03797865662272442,0.01418706842435656,0.002197112366603929,7.09353421217828e-06,0.04996151914626487,0.011982862523540451,1,0.01418706842435656,-0.002197112366603929,-7.09353421217828e-06,0.011982862523540453,False
159915,成长/科技/医药权重,S4_OTM5_100_Monthly,2026-01-30,2026-02-25,3.335,3.344,3.5,0.0376,1.0,1,0,selected,not_used,0.2381871838092804,0.27380952380952384,low_iv,valid,716.0,0.1859916097482782,0.0521955740610022,1.0,,close,90006914.SZ,0.26780440877828726,0.2679912942886352,26.0,0.0494752623688155,0.0026986506746626377,0.011274362818590705,0.0,5.6371814092953526e-06,0.013967376311844049,0.011268725637181412,0,0.011274362818590705,-0.0,-5.6371814092953526e-06,0.01126872563718141,False
159915,成长/科技/医药权重,S4_OTM5_100_Monthly,2026-02-27,2026-03-25,3.301,3.307,3.5,0.0166,1.0,1,0,selected,not_used,0.2043801054477692,0.05952380952380952,low_iv,valid,729.0,0.21747849356295534,-0.013098388115186155,1.0,,close,90006291.SZ,0.16805504751027167,0.21599801044464112,26.0,0.06028476219327472,0.001817631020902691,0.00502877915783096,0.0,2.51438957891548e-06,0.0068438957891547355,0.005026264768252044,0,0.00502877915783096,-0.0,-2.51438957891548e-06,0.005026264768252044,False
159915,成长/科技/医药权重,S4_OTM5_100_Monthly,2026-03-31,2026-04-22,3.182,3.758,3.3,0.0417,1.0,1,0,selected,not_used,0.3035173362255097,0.7738095238095238,high_iv,valid,750.0,0.2741950911741079,0.029322245051401796,1.0,,close,90007161.SZ,0.3126062587447298,0.2746239665031433,22.0,0.037083595223130095,0.18101822752985547,0.013104965430546827,0.1439346323067254,6.552482715273413e-06,0.05018200817096161,-0.13083621935889386,1,0.013104965430546827,-0.1439346323067254,-6.552482715273413e-06,-0.13083621935889386,False
159915,成长/科技/医药权重,S4_OTM5_100_Monthly,2026-04-30,2026-05-27,3.689,4.056,3.9,0.0338,1.0,1,0,selected,not_used,0.2563757734298706,0.5119047619047619,normal_iv,valid,766.0,0.3300335377849407,-0.0736577643550701,1.0,,close,90007347.SZ,0.23136621731762713,0.25868361911773685,27.0,0.057197072377338065,0.09948495527243155,0.009162374627270263,0.04228788289509356,4.581187313635131e-06,0.0663548658172946,-0.033130089455136943,1,0.009162374627270263,-0.04228788289509356,-4.581187313635131e-06,-0.03313008945513693,False
159915,成长/科技/医药权重,S4_OTM5_100_Monthly,2026-05-29,2026-06-03,4.053,4.145,4.3,0.0505,1.0,1,0,selected,not_used,0.3252869012832642,0.7896825396825397,high_iv,valid,783.0,0.2868710188130153,0.03841588247024891,1.0,,close,90007501.SZ,0.2580116389150706,0.3129322976112366,26.0,0.060942511719713766,0.022699235134468206,0.012459906242289664,0.0,6.229953121144831e-06,0.03515291142363672,0.012453676289168512,0,0.012459906242289664,-0.0,-6.229953121144831e-06,0.01245367628916852,False
159915,成长/科技/医药权重,S5_IVTiming_ATM_Monthly,2021-01-29,2021-02-26,3.029,2.814,,0.0,0.0,0,0,data_invalid_skip,data_invalid_skip,,,data_invalid,,,,,0.0,,none,,,,,,-0.07098052162429841,0.0,0.0,0.0,-0.07098052162429841,0.0,0,0.0,-0.0,-0.0,0.0,False
159915,成长/科技/医药权重,S5_IVTiming_ATM_Monthly,2021-02-26,2021-03-31,2.814,2.665,,0.0,0.0,0,0,data_invalid_skip,data_invalid_skip,,,data_invalid,,,,,0.0,,none,,,,,,-0.0529495380241649,0.0,0.0,0.0,-0.0529495380241649,0.0,0,0.0,-0.0,-0.0,0.0,False
159915,成长/科技/医药权重,S5_IVTiming_ATM_Monthly,2021-03-31,2021-04-30,2.665,2.989,,0.0,0.0,0,0,data_invalid_skip,data_invalid_skip,,,data_invalid,,,,,0.0,,none,,,,,,0.12157598499061907,0.0,0.0,0.0,0.12157598499061907,0.0,0,0.0,-0.0,-0.0,0.0,False
159915,成长/科技/医药权重,S5_IVTiming_ATM_Monthly,2021-04-30,2021-05-31,2.989,3.195,,0.0,0.0,0,0,data_invalid_skip,data_invalid_skip,,,data_invalid,,,,,0.0,,none,,,,,,0.06891937102709936,0.0,0.0,0.0,0.06891937102709936,0.0,0,0.0,-0.0,-0.0,0.0,False
159915,成长/科技/医药权重,S5_IVTiming_ATM_Monthly,2021-05-31,2021-06-30,3.195,3.373,,0.0,0.0,0,0,data_invalid_skip,data_invalid_skip,,,data_invalid,,,,,0.0,,none,,,,,,0.05571205007824738,0.0,0.0,0.0,0.05571205007824738,0.0,0,0.0,-0.0,-0.0,0.0,False
159915,成长/科技/医药权重,S5_IVTiming_ATM_Monthly,2021-06-30,2021-07-30,3.373,3.328,,0.0,0.0,0,0,data_invalid_skip,data_invalid_skip,,,data_invalid,,,,,0.0,,none,,,,,,-0.013341239252890711,0.0,0.0,0.0,-0.013341239252890711,0.0,0,0.0,-0.0,-0.0,0.0,False
159915,成长/科技/医药权重,S5_IVTiming_ATM_Monthly,2021-07-30,2021-08-31,3.328,3.106,,0.0,0.0,0,0,data_invalid_skip,data_invalid_skip,,,data_invalid,,,,,0.0,,none,,,,,,-0.06670673076923077,0.0,0.0,0.0,-0.06670673076923077,0.0,0,0.0,-0.0,-0.0,0.0,False
159915,成长/科技/医药权重,S5_IVTiming_ATM_Monthly,2021-08-31,2021-09-30,3.106,3.148,,0.0,0.0,0,0,data_invalid_skip,data_invalid_skip,,,data_invalid,,,,,0.0,,none,,,,,,0.013522215067611159,0.0,0.0,0.0,0.013522215067611159,0.0,0,0.0,-0.0,-0.0,0.0,False
159915,成长/科技/医药权重,S5_IVTiming_ATM_Monthly,2021-09-30,2021-10-29,3.148,3.249,,0.0,0.0,0,0,data_invalid_skip,data_invalid_skip,,,data_invalid,,,,,0.0,,none,,,,,,0.0320838627700127,0.0,0.0,0.0,0.0320838627700127,0.0,0,0.0,-0.0,-0.0,0.0,False
159915,成长/科技/医药权重,S5_IVTiming_ATM_Monthly,2021-10-29,2021-11-30,3.249,3.386,,0.0,0.0,0,0,data_invalid_skip,data_invalid_skip,,,data_invalid,,,,,0.0,,none,,,,,,0.04216682056017236,0.0,0.0,0.0,0.04216682056017236,0.0,0,0.0,-0.0,-0.0,0.0,False
159915,成长/科技/医药权重,S5_IVTiming_ATM_Monthly,2021-11-30,2021-12-31,3.386,3.218,,0.0,0.0,0,0,data_invalid_skip,data_invalid_skip,,,data_invalid,,,,,0.0,,none,,,,,,-0.04961606615475492,0.0,0.0,0.0,-0.04961606615475492,0.0,0,0.0,-0.0,-0.0,0.0,False
159915,成长/科技/医药权重,S5_IVTiming_ATM_Monthly,2021-12-31,2022-01-28,3.218,2.819,,0.0,0.0,0,0,data_invalid_skip,data_invalid_skip,,,data_invalid,,,,,0.0,,none,,,,,,-0.1239900559353636,0.0,0.0,0.0,-0.1239900559353636,0.0,0,0.0,-0.0,-0.0,0.0,False
159915,成长/科技/医药权重,S5_IVTiming_ATM_Monthly,2022-01-28,2022-02-28,2.819,2.786,,0.0,0.0,0,0,data_invalid_skip,data_invalid_skip,,,data_invalid,,,,,0.0,,none,,,,,,-0.011706278822277375,0.0,0.0,0.0,-0.011706278822277375,0.0,0,0.0,-0.0,-0.0,0.0,False
159915,成长/科技/医药权重,S5_IVTiming_ATM_Monthly,2022-02-28,2022-03-31,2.786,2.574,,0.0,0.0,0,0,data_invalid_skip,data_invalid_skip,,,data_invalid,,,,,0.0,,none,,,,,,-0.07609475951184501,0.0,0.0,0.0,-0.07609475951184501,0.0,0,0.0,-0.0,-0.0,0.0,False
159915,成长/科技/医药权重,S5_IVTiming_ATM_Monthly,2022-03-31,2022-04-29,2.574,2.244,,0.0,0.0,0,0,data_invalid_skip,data_invalid_skip,,,data_invalid,,,,,0.0,,none,,,,,,-0.12820512820512805,0.0,0.0,0.0,-0.12820512820512805,0.0,0,0.0,-0.0,-0.0,0.0,False
159915,成长/科技/医药权重,S5_IVTiming_ATM_Monthly,2022-04-29,2022-05-31,2.244,2.334,,0.0,0.0,0,0,data_invalid_skip,data_invalid_skip,,,data_invalid,,,,,0.0,,none,,,,,,0.040106951871657685,0.0,0.0,0.0,0.040106951871657685,0.0,0,0.0,-0.0,-0.0,0.0,False
159915,成长/科技/医药权重,S5_IVTiming_ATM_Monthly,2022-05-31,2022-06-30,2.334,2.73,,0.0,0.0,0,0,data_invalid_skip,data_invalid_skip,,,data_invalid,,,,,0.0,,none,,,,,,0.1696658097686375,0.0,0.0,0.0,0.1696658097686375,0.0,0,0.0,-0.0,-0.0,0.0,False
159915,成长/科技/医药权重,S5_IVTiming_ATM_Monthly,2022-06-30,2022-07-29,2.73,2.594,,0.0,0.0,0,0,data_invalid_skip,data_invalid_skip,,,data_invalid,,,,,0.0,,none,,,,,,-0.04981684981684986,0.0,0.0,0.0,-0.04981684981684986,0.0,0,0.0,-0.0,-0.0,0.0,False
159915,成长/科技/医药权重,S5_IVTiming_ATM_Monthly,2022-07-29,2022-08-31,2.594,2.491,,0.0,0.0,0,0,data_invalid_skip,data_invalid_skip,,,data_invalid,,,,,0.0,,none,,,,,,-0.03970701619121039,0.0,0.0,0.0,-0.03970701619121039,0.0,0,0.0,-0.0,-0.0,0.0,False
159915,成长/科技/医药权重,S5_IVTiming_ATM_Monthly,2022-08-31,2022-09-30,2.491,2.221,,0.0,0.0,0,0,data_invalid_skip,data_invalid_skip,,,data_invalid,,,,,0.0,,none,,,,,,-0.1083902047370534,0.0,0.0,0.0,-0.1083902047370534,0.0,0,0.0,-0.0,-0.0,0.0,False
159915,成长/科技/医药权重,S5_IVTiming_ATM_Monthly,2022-09-30,2022-10-31,2.221,2.202,,0.0,0.0,0,0,warmup_invalid_skip,warmup_invalid_skip,0.26475840301513676,,warmup_invalid,warmup,10.0,0.2301303873116643,0.03462801570347246,0.0,,none,,,,,,-0.008554705087798346,0.0,0.0,0.0,-0.008554705087798346,0.0,0,0.0,-0.0,-0.0,0.0,False
159915,成长/科技/医药权重,S5_IVTiming_ATM_Monthly,2022-10-31,2022-11-30,2.202,2.265,,0.0,0.0,0,0,warmup_invalid_skip,warmup_invalid_skip,0.33524544615745533,,warmup_invalid,warmup,26.0,0.33010863784395195,0.005136808313503383,0.0,,none,,,,,,0.028610354223433318,0.0,0.0,0.0,0.028610354223433318,0.0,0,0.0,-0.0,-0.0,0.0,False
159915,成长/科技/医药权重,S5_IVTiming_ATM_Monthly,2022-11-30,2022-12-30,2.265,2.279,,0.0,0.0,0,0,warmup_invalid_skip,warmup_invalid_skip,0.26582172861099246,,warmup_invalid,warmup,42.0,0.22114527444320753,0.04467645416778493,0.0,,none,,,,,,0.0061810154525385385,0.0,0.0,0.0,0.0061810154525385385,0.0,0,0.0,-0.0,-0.0,0.0,False
159915,成长/科技/医药权重,S5_IVTiming_ATM_Monthly,2022-12-30,2023-01-31,2.279,2.507,,0.0,0.0,0,0,warmup_invalid_skip,warmup_invalid_skip,0.18018348779678345,,warmup_invalid,warmup,59.0,0.1455525981730418,0.03463088962374164,0.0,,none,,,,,,0.10004387889425195,0.0,0.0,0.0,0.10004387889425195,0.0,0,0.0,-0.0,-0.0,0.0,False
159915,成长/科技/医药权重,S5_IVTiming_ATM_Monthly,2023-01-31,2023-02-28,2.507,2.359,,0.0,0.0,0,0,warmup_invalid_skip,warmup_invalid_skip,0.22100946874618532,,warmup_invalid,warmup,75.0,0.1667704595458969,0.05423900920028843,0.0,,none,,,,,,-0.059034702832070254,0.0,0.0,0.0,-0.059034702832070254,0.0,0,0.0,-0.0,-0.0,0.0,False
159915,成长/科技/医药权重,S5_IVTiming_ATM_Monthly,2023-02-28,2023-03-31,2.359,2.327,,0.0,0.0,0,0,warmup_invalid_skip,warmup_invalid_skip,0.21404301719665528,,warmup_invalid,warmup,94.0,0.16988566546482348,0.0441573517318318,0.0,,none,,,,,,-0.013565069944891915,0.0,0.0,0.0,-0.013565069944891915,0.0,0,0.0,-0.0,-0.0,0.0,False
159915,成长/科技/医药权重,S5_IVTiming_ATM_Monthly,2023-03-31,2023-04-28,2.327,2.255,,0.0,0.0,0,0,warmup_invalid_skip,warmup_invalid_skip,0.1793156615257263,,warmup_invalid,warmup,111.0,0.1401375198256347,0.03917814170009162,0.0,,none,,,,,,-0.03094112591319298,0.0,0.0,0.0,-0.03094112591319298,0.0,0,0.0,-0.0,-0.0,0.0,False
159915,成长/科技/医药权重,S5_IVTiming_ATM_Monthly,2023-04-28,2023-05-31,2.255,2.131,,0.0,0.0,0,0,warmup_invalid_skip,warmup_invalid_skip,0.17388697905540465,,warmup_invalid,warmup,129.0,0.16393405483030007,0.009952924225104576,0.0,,none,,,,,,-0.05498891352549894,0.0,0.0,0.0,-0.05498891352549894,0.0,0,0.0,-0.0,-0.0,0.0,False
159915,成长/科技/医药权重,S5_IVTiming_ATM_Monthly,2023-05-31,2023-06-30,2.131,2.164,,0.0,0.0,0,0,warmup_invalid_skip,warmup_invalid_skip,0.1894196388244629,,warmup_invalid,warmup,143.0,0.14828861261891327,0.04113102620554962,0.0,,none,,,,,,0.015485687470671219,0.0,0.0,0.0,0.015485687470671219,0.0,0,0.0,-0.0,-0.0,0.0,False
159915,成长/科技/医药权重,S5_IVTiming_ATM_Monthly,2023-06-30,2023-07-31,2.164,2.182,,0.0,0.0,0,0,warmup_invalid_skip,warmup_invalid_skip,0.1735174376487732,,warmup_invalid,warmup,162.0,0.21476979937000695,-0.041252361721233755,0.0,,none,,,,,,0.008317929759704155,0.0,0.0,0.0,0.008317929759704155,0.0,0,0.0,-0.0,-0.0,0.0,False
159915,成长/科技/医药权重,S5_IVTiming_ATM_Monthly,2023-07-31,2023-08-31,2.182,2.052,,0.0,0.0,0,0,warmup_invalid_skip,warmup_invalid_skip,0.19183715486526487,,warmup_invalid,warmup,182.0,0.17048303762142178,0.02135411724384309,0.0,,none,,,,,,-0.05957836846929418,0.0,0.0,0.0,-0.05957836846929418,0.0,0,0.0,-0.0,-0.0,0.0,False
159915,成长/科技/医药权重,S5_IVTiming_ATM_Monthly,2023-08-31,2023-09-28,2.052,1.953,,0.0,0.0,0,0,warmup_invalid_skip,warmup_invalid_skip,0.20826386642456057,,warmup_invalid,warmup,199.0,0.20275590057439452,0.005507965850166052,0.0,,none,,,,,,-0.04824561403508771,0.0,0.0,0.0,-0.04824561403508771,0.0,0,0.0,-0.0,-0.0,0.0,False
159915,成长/科技/医药权重,S5_IVTiming_ATM_Monthly,2023-09-28,2023-10-31,1.953,1.916,,0.0,0.0,0,0,warmup_invalid_skip,warmup_invalid_skip,0.1939495012283325,,warmup_invalid,warmup,218.0,0.1570549319102224,0.03689456931811008,0.0,,none,,,,,,-0.018945212493599664,0.0,0.0,0.0,-0.018945212493599664,0.0,0,0.0,-0.0,-0.0,0.0,False
159915,成长/科技/医药权重,S5_IVTiming_ATM_Monthly,2023-10-31,2023-11-30,1.916,1.874,,0.0,0.0,0,0,warmup_invalid_skip,warmup_invalid_skip,0.1851854095458984,,warmup_invalid,warmup,235.0,0.2058917012230066,-0.02070629167710819,0.0,,none,,,,,,-0.02192066805845502,0.0,0.0,0.0,-0.02192066805845502,0.0,0,0.0,-0.0,-0.0,0.0,False
159915,成长/科技/医药权重,S5_IVTiming_ATM_Monthly,2023-11-30,2023-12-29,1.874,1.842,,0.0,0.0,0,0,warmup_invalid_skip,warmup_invalid_skip,0.18031223125457763,,warmup_invalid,warmup,251.0,0.18435578268992817,-0.00404355143535054,0.0,,none,,,,,,-0.01707577374599788,0.0,0.0,0.0,-0.01707577374599788,0.0,0,0.0,-0.0,-0.0,0.0,False
159915,成长/科技/医药权重,S5_IVTiming_ATM_Monthly,2023-12-29,2024-01-24,1.842,1.65,1.85,0.0394,0.5,1,0,selected,normal_iv_sell,0.20542197380065919,0.5952380952380952,normal_iv,valid,271.0,0.22471590425287716,-0.019293930452217972,1.0,,close,90002912.SZ,0.4910751754229217,0.2140048709869385,26.0,0.004343105320304019,-0.1042345276872965,0.010694896851248642,0.0,5.3474484256243205e-06,-0.09354497828447349,0.010689549402823018,0,0.010694896851248642,-0.0,-5.3474484256243205e-06,0.010689549402823018,False
159915,成长/科技/医药权重,S5_IVTiming_ATM_Monthly,2024-01-31,2024-02-28,1.533,1.701,1.55,0.0425,1.0,1,0,selected,high_iv_sell,0.2882946144104004,0.996031746031746,high_iv,valid,287.0,0.2599181186653152,0.028376495745085162,1.0,,close,90003035.SZ,0.4690573720124288,0.2907359718322754,28.0,0.01108936725375087,0.10958904109589052,0.02772341813437704,0.09849967384213962,1.3861709067188521e-05,0.038798923679060744,-0.07079011741682978,1,0.02772341813437704,-0.09849967384213962,-1.3861709067188521e-05,-0.07079011741682976,False
159915,成长/科技/医药权重,S5_IVTiming_ATM_Monthly,2024-02-29,2024-03-27,1.761,1.742,1.75,0.0587,1.0,1,0,selected,high_iv_sell,0.2918422119140625,0.9801587301587301,high_iv,valid,302.0,0.372875545759296,-0.08103333384523348,1.0,,close,90002635.SZ,0.5564089286060337,0.27127186832427974,27.0,-0.006246450880181609,-0.010789324247586546,0.03333333333333334,0.0,1.6666666666666667e-05,0.022527342419080127,0.033316666666666675,0,0.03333333333333334,-0.0,-1.6666666666666667e-05,0.033316666666666675,False
159915,成长/科技/医药权重,S5_IVTiming_ATM_Monthly,2024-03-29,2024-04-24,1.768,1.719,1.75,0.0536,1.0,1,0,selected,high_iv_sell,0.23943408803939822,0.8293650793650794,high_iv,valid,322.0,0.2635565876824634,-0.02412249964306515,1.0,,close,90003342.SZ,0.5879822894156189,0.2274990926742554,26.0,-0.010180995475113086,-0.027714932126696793,0.030316742081447964,0.0,1.5158371040723981e-05,0.0025866515837104464,0.03030158371040724,0,0.030316742081447964,-0.0,-1.5158371040723981e-05,0.03030158371040724,False
159915,成长/科技/医药权重,S5_IVTiming_ATM_Monthly,2024-04-30,2024-05-22,1.816,1.839,1.8,0.0496,0.5,1,0,selected,normal_iv_sell,0.2211334439277649,0.6944444444444444,normal_iv,valid,342.0,0.2864420422644163,-0.06530859833665137,1.0,,close,90003450.SZ,0.5829622663509494,0.22524846630096435,22.0,-0.008810572687224627,0.012665198237885412,0.013656387665198238,0.010737885462555045,6.828193832599119e-06,0.015576872246696006,0.002911674008810594,1,0.013656387665198238,-0.010737885462555045,-6.828193832599119e-06,0.002911674008810593,False
159915,成长/科技/医药权重,S5_IVTiming_ATM_Monthly,2024-05-31,2024-06-26,1.772,1.699,1.75,0.0522,0.5,1,0,selected,normal_iv_sell,0.20283279981613161,0.5198412698412699,normal_iv,valid,357.0,0.17891503199108405,0.023917767825047564,1.0,,close,90002816.SZ,0.6102020447704335,0.2067189449310303,26.0,-0.01241534988713322,-0.04119638826185099,0.014729119638826185,0.0,7.364559819413093e-06,-0.02647463318284422,0.014721755079006773,0,0.014729119638826185,-0.0,-7.364559819413093e-06,0.014721755079006773,False
159915,成长/科技/医药权重,S5_IVTiming_ATM_Monthly,2024-06-28,2024-07-24,1.652,1.619,1.65,0.0392,0.5,1,0,selected,normal_iv_sell,0.21327532472610478,0.623015873015873,normal_iv,valid,375.0,0.17707102991123813,0.036204294814866644,1.0,,close,90003629.SZ,0.5298944498080296,0.21057171211242678,26.0,-0.001210653753026647,-0.01997578692493942,0.011864406779661017,0.0,5.932203389830508e-06,-0.008117312348668233,0.011858474576271186,0,0.011864406779661017,-0.0,-5.932203389830508e-06,0.011858474576271186,False
159915,成长/科技/医药权重,S5_IVTiming_ATM_Monthly,2024-07-31,2024-08-28,1.658,1.501,1.65,0.043,0.5,1,0,selected,normal_iv_sell,0.20517879171371461,0.49603174603174605,normal_iv,valid,392.0,0.23693660761154345,-0.031757815897828834,1.0,,close,90003736.SZ,0.5558455350412225,0.20537429103851318,28.0,-0.004825090470446325,-0.09469240048250907,0.012967430639324488,0.0,6.483715319662243e-06,-0.08173145355850425,0.012960946924004818,0,0.012967430639324488,-0.0,-6.483715319662243e-06,0.012960946924004825,False
159915,成长/科技/医药权重,S5_IVTiming_ATM_Monthly,2024-08-30,2024-09-30,1.552,2.232,,0.0,0.0,0,0,low_iv_skip,low_iv_skip,0.19244749422073362,0.21825396825396826,low_iv,valid,413.0,0.16885387830578766,0.023593615914945965,1.0,,none,,,,,,0.4381443298969073,0.0,0.0,0.0,0.4381443298969073,0.0,0,0.0,-0.0,-0.0,0.0,False
159915,成长/科技/医药权重,S5_IVTiming_ATM_Monthly,2024-09-30,2024-10-23,2.232,2.162,2.05,0.309,1.0,1,0,selected,high_iv_sell,0.8435174651145936,1.0,high_iv,valid,431.0,0.8159340603859246,0.027583404728668937,1.0,,close,90004259.SZ,0.6845686237267231,0.9526966856002809,23.0,-0.08154121863799302,-0.031362007168458904,0.13844086021505375,0.050179211469534094,6.922043010752688e-05,0.05683042114695322,0.08819242831541213,1,0.13844086021505375,-0.050179211469534094,-6.922043010752688e-05,0.08819242831541213,False
159915,成长/科技/医药权重,S5_IVTiming_ATM_Monthly,2024-10-31,2024-11-27,2.122,2.165,2.1,0.1165,1.0,1,0,selected,high_iv_sell,0.45695331239700315,0.9841269841269841,high_iv,valid,445.0,1.2992461764841436,-0.8422928640871405,1.0,,close,90004375.SZ,0.5628704361684597,0.452323316192627,27.0,-0.010367577756833057,0.020263901979264917,0.05490103675777569,0.030631479736097998,2.7450518378887846e-05,0.044506008482563725,0.024242106503298808,1,0.05490103675777569,-0.030631479736097998,-2.7450518378887846e-05,0.024242106503298805,False
159915,成长/科技/医药权重,S5_IVTiming_ATM_Monthly,2024-11-29,2024-12-25,2.179,2.156,2.2,0.0624,1.0,1,0,selected,high_iv_sell,0.32532504749298097,0.8571428571428571,high_iv,valid,465.0,0.4170550035940782,-0.09172995610109724,1.0,,close,90004393.SZ,0.47618304868024386,0.30475470390319825,26.0,0.009637448370812374,-0.010555300596603805,0.028636989444699404,0.0,1.4318494722349703e-05,0.01806737035337325,0.028622670949977055,0,0.028636989444699404,-0.0,-1.4318494722349703e-05,0.028622670949977055,False
159915,成长/科技/医药权重,S5_IVTiming_ATM_Monthly,2024-12-31,2025-01-22,2.102,2.059,2.1,0.0518,0.5,1,0,selected,normal_iv_sell,0.2571196245193482,0.6746031746031746,normal_iv,valid,486.0,0.1948757957881161,0.06224382873123213,1.0,,close,90004732.SZ,0.5263326074851292,0.24073582744598393,22.0,-0.0009514747859180606,-0.020456707897240585,0.012321598477640344,0.0,6.160799238820171e-06,-0.008141270218839062,0.012315437678401523,0,0.012321598477640344,-0.0,-6.160799238820171e-06,0.012315437678401523,False
159915,成长/科技/医药权重,S5_IVTiming_ATM_Monthly,2025-01-27,2025-02-26,2.028,2.223,2.05,0.0515,0.5,1,0,selected,normal_iv_sell,0.27956151652336125,0.6984126984126984,normal_iv,valid,498.0,0.3089714235913424,-0.029409907067981134,1.0,,close,90004903.SZ,0.46573943096892395,0.25909845914840707,30.0,0.010848126232741562,0.09615384615384608,0.01269723865877712,0.04265285996055228,6.34861932938856e-06,0.06619187623274153,-0.029961969921104545,1,0.01269723865877712,-0.04265285996055228,-6.34861932938856e-06,-0.02996196992110455,False
159915,成长/科技/医药权重,S5_IVTiming_ATM_Monthly,2025-02-28,2025-03-26,2.128,2.098,2.15,0.054,1.0,1,0,selected,high_iv_sell,0.28948191518783567,0.7222222222222222,high_iv,valid,515.0,0.2914617885108183,-0.001979873322982606,1.0,,close,90004408.SZ,0.4669608563602179,0.2769556535720825,26.0,0.010338345864661536,-0.014097744360902371,0.02537593984962406,0.0,1.2687969924812029e-05,0.011265507518796876,0.025363251879699247,0,0.02537593984962406,-0.0,-1.2687969924812029e-05,0.025363251879699247,False
159915,成长/科技/医药权重,S5_IVTiming_ATM_Monthly,2025-03-31,2025-04-30,2.064,1.921,,0.0,0.0,0,0,low_iv_skip,low_iv_skip,0.21451030826568607,0.2896825396825397,low_iv,valid,535.0,0.17473231229940597,0.039777995966280094,1.0,,none,,,,,,-0.06928294573643412,0.0,0.0,0.0,-0.06928294573643412,0.0,0,0.0,-0.0,-0.0,0.0,False
159915,成长/科技/医药权重,S5_IVTiming_ATM_Monthly,2025-04-30,2025-05-28,1.921,1.959,1.9,0.0548,0.5,1,0,selected,normal_iv_sell,0.23428434972763063,0.44841269841269843,normal_iv,valid,551.0,0.4813859728945959,-0.24710162316696527,1.0,,close,90005253.SZ,0.6009633196075161,0.19799299945831295,28.0,-0.010931806350858997,0.01978136387298284,0.014263404476834982,0.015356585111920916,7.131702238417491e-06,0.018681051535658483,-0.001100312337324355,1,0.014263404476834982,-0.015356585111920916,-7.131702238417491e-06,-0.0011003123373243518,False
159915,成长/科技/医药权重,S5_IVTiming_ATM_Monthly,2025-05-30,2025-06-30,1.972,2.133,,0.0,0.0,0,0,low_iv_skip,low_iv_skip,0.19843644914627076,0.05952380952380952,low_iv,valid,569.0,0.1936222503766472,0.004814198769623551,1.0,,none,,,,,,0.08164300202839758,0.0,0.0,0.0,0.08164300202839758,0.0,0,0.0,-0.0,-0.0,0.0,False
159915,成长/科技/医药权重,S5_IVTiming_ATM_Monthly,2025-06-30,2025-07-23,2.133,2.287,2.15,0.0344,0.5,1,0,selected,normal_iv_sell,0.22424712829589846,0.4642857142857143,normal_iv,valid,588.0,0.18784079800364964,0.03640633029224882,1.0,,close,90005635.SZ,0.45444394349660766,0.1920231176376343,23.0,0.007969995311767342,0.07219878105954051,0.00806375996249414,0.032114392873886545,4.03187998124707e-06,0.048144116268166864,-0.02405466479137365,1,0.00806375996249414,-0.032114392873886545,-4.03187998124707e-06,-0.02405466479137365,False
159915,成长/科技/医药权重,S5_IVTiming_ATM_Monthly,2025-07-31,2025-08-27,2.301,2.696,2.3,0.0615,0.5,1,0,selected,normal_iv_sell,0.24149159922599794,0.5555555555555556,normal_iv,valid,605.0,0.18364909888001438,0.057842500345983566,1.0,,close,90005721.SZ,0.5246916977263998,0.23767936239242554,27.0,-0.0004345936549328133,0.171664493698392,0.013363754889178616,0.08604954367666239,6.681877444589309e-06,0.09897202303346367,-0.07269247066492834,1,0.013363754889178616,-0.08604954367666239,-6.681877444589309e-06,-0.07269247066492836,False
159915,成长/科技/医药权重,S5_IVTiming_ATM_Monthly,2025-08-29,2025-09-24,2.865,3.16,2.85,0.1369,1.0,1,0,selected,high_iv_sell,0.4292210179328919,0.9325396825396826,high_iv,valid,625.0,0.2697010709509985,0.15951994698189342,1.0,,close,90006069.SZ,0.5460154266103566,0.4184017992019654,26.0,-0.005235602094240899,0.10296684118673645,0.04778359511343804,0.10820244328097732,2.389179755671902e-05,0.042524101221640444,-0.060442739965096005,1,0.04778359511343804,-0.10820244328097732,-2.389179755671902e-05,-0.060442739965096,False
159915,成长/科技/医药权重,S5_IVTiming_ATM_Monthly,2025-09-30,2025-10-22,3.217,3.039,3.2,0.1175,1.0,1,0,selected,high_iv_sell,0.34759289741516114,0.7380952380952381,high_iv,valid,646.0,0.40719644869066896,-0.059603551275507816,1.0,,close,90006237.SZ,0.5476213529138309,0.3399922651290894,22.0,-0.005284426484302163,-0.05533105377681067,0.03652471246502953,0.0,1.8262356232514765e-05,-0.018824603668013654,0.036506450108797016,0,0.03652471246502953,-0.0,-1.8262356232514765e-05,0.036506450108797016,False
159915,成长/科技/医药权重,S5_IVTiming_ATM_Monthly,2025-10-31,2025-11-26,3.166,3.027,3.2,0.0912,0.5,1,0,selected,normal_iv_sell,0.32467179365158083,0.6666666666666666,normal_iv,valid,661.0,0.3889950515259249,-0.06432325787434406,1.0,,close,90006323.SZ,0.47207050257430894,0.3109153167724609,26.0,0.010739102969046233,-0.04390397978521787,0.014403032217308908,0.0,7.201516108654454e-06,-0.029508149084017617,0.014395830701200256,0,0.014403032217308908,-0.0,-7.201516108654454e-06,0.014395830701200254,False
159915,成长/科技/医药权重,S5_IVTiming_ATM_Monthly,2025-11-28,2025-12-24,3.035,3.212,3.0,0.0885,0.5,1,0,selected,normal_iv_sell,0.25406315946578983,0.3531746031746032,normal_iv,valid,680.0,0.26271421619249213,-0.0086510567267023,1.0,,close,90006203.SZ,0.6031554765297067,0.20884559612274173,26.0,-0.011532125205930832,0.058319604612850094,0.014579901153212518,0.034925864909390474,7.2899505766062595e-06,0.03796635090609553,-0.020353253706754566,1,0.014579901153212518,-0.034925864909390474,-7.2899505766062595e-06,-0.020353253706754563,False
159915,成长/科技/医药权重,S5_IVTiming_ATM_Monthly,2025-12-31,2026-01-28,3.186,3.307,3.2,0.0788,0.5,1,0,selected,normal_iv_sell,0.2599639012813568,0.4166666666666667,normal_iv,valid,697.0,0.2398024849824407,0.02016141629891613,1.0,,close,90006659.SZ,0.4956721472936129,0.23623457469940184,28.0,0.00439422473320783,0.03797865662272442,0.01236660389202762,0.01679221594475828,6.18330194601381e-06,0.03354686126804775,-0.004431795354676672,1,0.01236660389202762,-0.01679221594475828,-6.18330194601381e-06,-0.004431795354676675,False
159915,成长/科技/医药权重,S5_IVTiming_ATM_Monthly,2026-01-30,2026-02-27,3.335,3.301,,0.0,0.0,0,0,low_iv_skip,low_iv_skip,0.2381871838092804,0.27380952380952384,low_iv,valid,716.0,0.1859916097482782,0.0521955740610022,1.0,,none,,,,,,-0.01019490254872558,0.0,0.0,0.0,-0.01019490254872558,0.0,0,0.0,-0.0,-0.0,0.0,False
159915,成长/科技/医药权重,S5_IVTiming_ATM_Monthly,2026-02-27,2026-03-31,3.301,3.182,,0.0,0.0,0,0,low_iv_skip,low_iv_skip,0.2043801054477692,0.05952380952380952,low_iv,valid,729.0,0.21747849356295534,-0.013098388115186155,1.0,,none,,,,,,-0.036049681914571405,0.0,0.0,0.0,-0.036049681914571405,0.0,0,0.0,-0.0,-0.0,0.0,False
159915,成长/科技/医药权重,S5_IVTiming_ATM_Monthly,2026-03-31,2026-04-22,3.182,3.758,3.2,0.08,1.0,1,0,selected,high_iv_sell,0.3035173362255097,0.7738095238095238,high_iv,valid,750.0,0.2741950911741079,0.029322245051401796,1.0,,close,90007160.SZ,0.4877234027972867,0.27823355159759533,22.0,0.0056568196103079504,0.18101822752985547,0.0251414204902577,0.1753614079195474,1.257071024512885e-05,0.030785669390320625,-0.15023255813953484,1,0.0251414204902577,-0.1753614079195474,-1.257071024512885e-05,-0.15023255813953484,False
159915,成长/科技/医药权重,S5_IVTiming_ATM_Monthly,2026-04-30,2026-05-27,3.689,4.056,3.7,0.0952,0.5,1,0,selected,normal_iv_sell,0.2563757734298706,0.5119047619047619,normal_iv,valid,766.0,0.3300335377849407,-0.0736577643550701,1.0,,close,90007269.SZ,0.5042821361058799,0.244545680141449,27.0,0.0029818378964490133,0.09948495527243155,0.012903225806451613,0.04825155868799131,6.451612903225807e-06,0.06413017077798862,-0.03535478449444293,1,0.012903225806451613,-0.04825155868799131,-6.451612903225807e-06,-0.035354784494442924,False
159915,成长/科技/医药权重,S5_IVTiming_ATM_Monthly,2026-05-29,2026-06-03,4.053,4.145,4.1,0.1155,1.0,1,0,selected,high_iv_sell,0.3252869012832642,0.7896825396825397,high_iv,valid,783.0,0.2868710188130153,0.03841588247024891,1.0,,close,90007385.SZ,0.4681354983797541,0.3115351926803589,26.0,0.011596348383912991,0.022699235134468206,0.02849740932642487,0.011102886750555128,1.4248704663212436e-05,0.04007950900567474,0.017380273871206532,1,0.02849740932642487,-0.011102886750555128,-1.4248704663212436e-05,0.017380273871206532,False
159915,成长/科技/医药权重,S6_IVTiming_OTM5_Monthly,2021-01-29,2021-02-26,3.029,2.814,,0.0,0.0,0,0,data_invalid_skip,data_invalid_skip,,,data_invalid,,,,,0.0,,none,,,,,,-0.07098052162429841,0.0,0.0,0.0,-0.07098052162429841,0.0,0,0.0,-0.0,-0.0,0.0,False
159915,成长/科技/医药权重,S6_IVTiming_OTM5_Monthly,2021-02-26,2021-03-31,2.814,2.665,,0.0,0.0,0,0,data_invalid_skip,data_invalid_skip,,,data_invalid,,,,,0.0,,none,,,,,,-0.0529495380241649,0.0,0.0,0.0,-0.0529495380241649,0.0,0,0.0,-0.0,-0.0,0.0,False
159915,成长/科技/医药权重,S6_IVTiming_OTM5_Monthly,2021-03-31,2021-04-30,2.665,2.989,,0.0,0.0,0,0,data_invalid_skip,data_invalid_skip,,,data_invalid,,,,,0.0,,none,,,,,,0.12157598499061907,0.0,0.0,0.0,0.12157598499061907,0.0,0,0.0,-0.0,-0.0,0.0,False
159915,成长/科技/医药权重,S6_IVTiming_OTM5_Monthly,2021-04-30,2021-05-31,2.989,3.195,,0.0,0.0,0,0,data_invalid_skip,data_invalid_skip,,,data_invalid,,,,,0.0,,none,,,,,,0.06891937102709936,0.0,0.0,0.0,0.06891937102709936,0.0,0,0.0,-0.0,-0.0,0.0,False
159915,成长/科技/医药权重,S6_IVTiming_OTM5_Monthly,2021-05-31,2021-06-30,3.195,3.373,,0.0,0.0,0,0,data_invalid_skip,data_invalid_skip,,,data_invalid,,,,,0.0,,none,,,,,,0.05571205007824738,0.0,0.0,0.0,0.05571205007824738,0.0,0,0.0,-0.0,-0.0,0.0,False
159915,成长/科技/医药权重,S6_IVTiming_OTM5_Monthly,2021-06-30,2021-07-30,3.373,3.328,,0.0,0.0,0,0,data_invalid_skip,data_invalid_skip,,,data_invalid,,,,,0.0,,none,,,,,,-0.013341239252890711,0.0,0.0,0.0,-0.013341239252890711,0.0,0,0.0,-0.0,-0.0,0.0,False
159915,成长/科技/医药权重,S6_IVTiming_OTM5_Monthly,2021-07-30,2021-08-31,3.328,3.106,,0.0,0.0,0,0,data_invalid_skip,data_invalid_skip,,,data_invalid,,,,,0.0,,none,,,,,,-0.06670673076923077,0.0,0.0,0.0,-0.06670673076923077,0.0,0,0.0,-0.0,-0.0,0.0,False
159915,成长/科技/医药权重,S6_IVTiming_OTM5_Monthly,2021-08-31,2021-09-30,3.106,3.148,,0.0,0.0,0,0,data_invalid_skip,data_invalid_skip,,,data_invalid,,,,,0.0,,none,,,,,,0.013522215067611159,0.0,0.0,0.0,0.013522215067611159,0.0,0,0.0,-0.0,-0.0,0.0,False
159915,成长/科技/医药权重,S6_IVTiming_OTM5_Monthly,2021-09-30,2021-10-29,3.148,3.249,,0.0,0.0,0,0,data_invalid_skip,data_invalid_skip,,,data_invalid,,,,,0.0,,none,,,,,,0.0320838627700127,0.0,0.0,0.0,0.0320838627700127,0.0,0,0.0,-0.0,-0.0,0.0,False
159915,成长/科技/医药权重,S6_IVTiming_OTM5_Monthly,2021-10-29,2021-11-30,3.249,3.386,,0.0,0.0,0,0,data_invalid_skip,data_invalid_skip,,,data_invalid,,,,,0.0,,none,,,,,,0.04216682056017236,0.0,0.0,0.0,0.04216682056017236,0.0,0,0.0,-0.0,-0.0,0.0,False
159915,成长/科技/医药权重,S6_IVTiming_OTM5_Monthly,2021-11-30,2021-12-31,3.386,3.218,,0.0,0.0,0,0,data_invalid_skip,data_invalid_skip,,,data_invalid,,,,,0.0,,none,,,,,,-0.04961606615475492,0.0,0.0,0.0,-0.04961606615475492,0.0,0,0.0,-0.0,-0.0,0.0,False
159915,成长/科技/医药权重,S6_IVTiming_OTM5_Monthly,2021-12-31,2022-01-28,3.218,2.819,,0.0,0.0,0,0,data_invalid_skip,data_invalid_skip,,,data_invalid,,,,,0.0,,none,,,,,,-0.1239900559353636,0.0,0.0,0.0,-0.1239900559353636,0.0,0,0.0,-0.0,-0.0,0.0,False
159915,成长/科技/医药权重,S6_IVTiming_OTM5_Monthly,2022-01-28,2022-02-28,2.819,2.786,,0.0,0.0,0,0,data_invalid_skip,data_invalid_skip,,,data_invalid,,,,,0.0,,none,,,,,,-0.011706278822277375,0.0,0.0,0.0,-0.011706278822277375,0.0,0,0.0,-0.0,-0.0,0.0,False
159915,成长/科技/医药权重,S6_IVTiming_OTM5_Monthly,2022-02-28,2022-03-31,2.786,2.574,,0.0,0.0,0,0,data_invalid_skip,data_invalid_skip,,,data_invalid,,,,,0.0,,none,,,,,,-0.07609475951184501,0.0,0.0,0.0,-0.07609475951184501,0.0,0,0.0,-0.0,-0.0,0.0,False
159915,成长/科技/医药权重,S6_IVTiming_OTM5_Monthly,2022-03-31,2022-04-29,2.574,2.244,,0.0,0.0,0,0,data_invalid_skip,data_invalid_skip,,,data_invalid,,,,,0.0,,none,,,,,,-0.12820512820512805,0.0,0.0,0.0,-0.12820512820512805,0.0,0,0.0,-0.0,-0.0,0.0,False
159915,成长/科技/医药权重,S6_IVTiming_OTM5_Monthly,2022-04-29,2022-05-31,2.244,2.334,,0.0,0.0,0,0,data_invalid_skip,data_invalid_skip,,,data_invalid,,,,,0.0,,none,,,,,,0.040106951871657685,0.0,0.0,0.0,0.040106951871657685,0.0,0,0.0,-0.0,-0.0,0.0,False
159915,成长/科技/医药权重,S6_IVTiming_OTM5_Monthly,2022-05-31,2022-06-30,2.334,2.73,,0.0,0.0,0,0,data_invalid_skip,data_invalid_skip,,,data_invalid,,,,,0.0,,none,,,,,,0.1696658097686375,0.0,0.0,0.0,0.1696658097686375,0.0,0,0.0,-0.0,-0.0,0.0,False
159915,成长/科技/医药权重,S6_IVTiming_OTM5_Monthly,2022-06-30,2022-07-29,2.73,2.594,,0.0,0.0,0,0,data_invalid_skip,data_invalid_skip,,,data_invalid,,,,,0.0,,none,,,,,,-0.04981684981684986,0.0,0.0,0.0,-0.04981684981684986,0.0,0,0.0,-0.0,-0.0,0.0,False
159915,成长/科技/医药权重,S6_IVTiming_OTM5_Monthly,2022-07-29,2022-08-31,2.594,2.491,,0.0,0.0,0,0,data_invalid_skip,data_invalid_skip,,,data_invalid,,,,,0.0,,none,,,,,,-0.03970701619121039,0.0,0.0,0.0,-0.03970701619121039,0.0,0,0.0,-0.0,-0.0,0.0,False
159915,成长/科技/医药权重,S6_IVTiming_OTM5_Monthly,2022-08-31,2022-09-30,2.491,2.221,,0.0,0.0,0,0,data_invalid_skip,data_invalid_skip,,,data_invalid,,,,,0.0,,none,,,,,,-0.1083902047370534,0.0,0.0,0.0,-0.1083902047370534,0.0,0,0.0,-0.0,-0.0,0.0,False
159915,成长/科技/医药权重,S6_IVTiming_OTM5_Monthly,2022-09-30,2022-10-31,2.221,2.202,,0.0,0.0,0,0,warmup_invalid_skip,warmup_invalid_skip,0.26475840301513676,,warmup_invalid,warmup,10.0,0.2301303873116643,0.03462801570347246,0.0,,none,,,,,,-0.008554705087798346,0.0,0.0,0.0,-0.008554705087798346,0.0,0,0.0,-0.0,-0.0,0.0,False
159915,成长/科技/医药权重,S6_IVTiming_OTM5_Monthly,2022-10-31,2022-11-30,2.202,2.265,,0.0,0.0,0,0,warmup_invalid_skip,warmup_invalid_skip,0.33524544615745533,,warmup_invalid,warmup,26.0,0.33010863784395195,0.005136808313503383,0.0,,none,,,,,,0.028610354223433318,0.0,0.0,0.0,0.028610354223433318,0.0,0,0.0,-0.0,-0.0,0.0,False
159915,成长/科技/医药权重,S6_IVTiming_OTM5_Monthly,2022-11-30,2022-12-30,2.265,2.279,,0.0,0.0,0,0,warmup_invalid_skip,warmup_invalid_skip,0.26582172861099246,,warmup_invalid,warmup,42.0,0.22114527444320753,0.04467645416778493,0.0,,none,,,,,,0.0061810154525385385,0.0,0.0,0.0,0.0061810154525385385,0.0,0,0.0,-0.0,-0.0,0.0,False
159915,成长/科技/医药权重,S6_IVTiming_OTM5_Monthly,2022-12-30,2023-01-31,2.279,2.507,,0.0,0.0,0,0,warmup_invalid_skip,warmup_invalid_skip,0.18018348779678345,,warmup_invalid,warmup,59.0,0.1455525981730418,0.03463088962374164,0.0,,none,,,,,,0.10004387889425195,0.0,0.0,0.0,0.10004387889425195,0.0,0,0.0,-0.0,-0.0,0.0,False
159915,成长/科技/医药权重,S6_IVTiming_OTM5_Monthly,2023-01-31,2023-02-28,2.507,2.359,,0.0,0.0,0,0,warmup_invalid_skip,warmup_invalid_skip,0.22100946874618532,,warmup_invalid,warmup,75.0,0.1667704595458969,0.05423900920028843,0.0,,none,,,,,,-0.059034702832070254,0.0,0.0,0.0,-0.059034702832070254,0.0,0,0.0,-0.0,-0.0,0.0,False
159915,成长/科技/医药权重,S6_IVTiming_OTM5_Monthly,2023-02-28,2023-03-31,2.359,2.327,,0.0,0.0,0,0,warmup_invalid_skip,warmup_invalid_skip,0.21404301719665528,,warmup_invalid,warmup,94.0,0.16988566546482348,0.0441573517318318,0.0,,none,,,,,,-0.013565069944891915,0.0,0.0,0.0,-0.013565069944891915,0.0,0,0.0,-0.0,-0.0,0.0,False
159915,成长/科技/医药权重,S6_IVTiming_OTM5_Monthly,2023-03-31,2023-04-28,2.327,2.255,,0.0,0.0,0,0,warmup_invalid_skip,warmup_invalid_skip,0.1793156615257263,,warmup_invalid,warmup,111.0,0.1401375198256347,0.03917814170009162,0.0,,none,,,,,,-0.03094112591319298,0.0,0.0,0.0,-0.03094112591319298,0.0,0,0.0,-0.0,-0.0,0.0,False
159915,成长/科技/医药权重,S6_IVTiming_OTM5_Monthly,2023-04-28,2023-05-31,2.255,2.131,,0.0,0.0,0,0,warmup_invalid_skip,warmup_invalid_skip,0.17388697905540465,,warmup_invalid,warmup,129.0,0.16393405483030007,0.009952924225104576,0.0,,none,,,,,,-0.05498891352549894,0.0,0.0,0.0,-0.05498891352549894,0.0,0,0.0,-0.0,-0.0,0.0,False
159915,成长/科技/医药权重,S6_IVTiming_OTM5_Monthly,2023-05-31,2023-06-30,2.131,2.164,,0.0,0.0,0,0,warmup_invalid_skip,warmup_invalid_skip,0.1894196388244629,,warmup_invalid,warmup,143.0,0.14828861261891327,0.04113102620554962,0.0,,none,,,,,,0.015485687470671219,0.0,0.0,0.0,0.015485687470671219,0.0,0,0.0,-0.0,-0.0,0.0,False
159915,成长/科技/医药权重,S6_IVTiming_OTM5_Monthly,2023-06-30,2023-07-31,2.164,2.182,,0.0,0.0,0,0,warmup_invalid_skip,warmup_invalid_skip,0.1735174376487732,,warmup_invalid,warmup,162.0,0.21476979937000695,-0.041252361721233755,0.0,,none,,,,,,0.008317929759704155,0.0,0.0,0.0,0.008317929759704155,0.0,0,0.0,-0.0,-0.0,0.0,False
159915,成长/科技/医药权重,S6_IVTiming_OTM5_Monthly,2023-07-31,2023-08-31,2.182,2.052,,0.0,0.0,0,0,warmup_invalid_skip,warmup_invalid_skip,0.19183715486526487,,warmup_invalid,warmup,182.0,0.17048303762142178,0.02135411724384309,0.0,,none,,,,,,-0.05957836846929418,0.0,0.0,0.0,-0.05957836846929418,0.0,0,0.0,-0.0,-0.0,0.0,False
159915,成长/科技/医药权重,S6_IVTiming_OTM5_Monthly,2023-08-31,2023-09-28,2.052,1.953,,0.0,0.0,0,0,warmup_invalid_skip,warmup_invalid_skip,0.20826386642456057,,warmup_invalid,warmup,199.0,0.20275590057439452,0.005507965850166052,0.0,,none,,,,,,-0.04824561403508771,0.0,0.0,0.0,-0.04824561403508771,0.0,0,0.0,-0.0,-0.0,0.0,False
159915,成长/科技/医药权重,S6_IVTiming_OTM5_Monthly,2023-09-28,2023-10-31,1.953,1.916,,0.0,0.0,0,0,warmup_invalid_skip,warmup_invalid_skip,0.1939495012283325,,warmup_invalid,warmup,218.0,0.1570549319102224,0.03689456931811008,0.0,,none,,,,,,-0.018945212493599664,0.0,0.0,0.0,-0.018945212493599664,0.0,0,0.0,-0.0,-0.0,0.0,False
159915,成长/科技/医药权重,S6_IVTiming_OTM5_Monthly,2023-10-31,2023-11-30,1.916,1.874,,0.0,0.0,0,0,warmup_invalid_skip,warmup_invalid_skip,0.1851854095458984,,warmup_invalid,warmup,235.0,0.2058917012230066,-0.02070629167710819,0.0,,none,,,,,,-0.02192066805845502,0.0,0.0,0.0,-0.02192066805845502,0.0,0,0.0,-0.0,-0.0,0.0,False
159915,成长/科技/医药权重,S6_IVTiming_OTM5_Monthly,2023-11-30,2023-12-29,1.874,1.842,,0.0,0.0,0,0,warmup_invalid_skip,warmup_invalid_skip,0.18031223125457763,,warmup_invalid,warmup,251.0,0.18435578268992817,-0.00404355143535054,0.0,,none,,,,,,-0.01707577374599788,0.0,0.0,0.0,-0.01707577374599788,0.0,0,0.0,-0.0,-0.0,0.0,False
159915,成长/科技/医药权重,S6_IVTiming_OTM5_Monthly,2023-12-29,2024-01-24,1.842,1.65,1.95,0.0117,0.5,1,0,selected,normal_iv_sell,0.20542197380065919,0.5952380952380952,normal_iv,valid,271.0,0.22471590425287716,-0.019293930452217972,1.0,,close,90002914.SZ,0.19208536263351172,0.23099900741577145,26.0,0.05863192182410426,-0.1042345276872965,0.0031758957654723125,0.0,1.5879478827361562e-06,-0.10106021986970694,0.0031743078175895667,0,0.0031758957654723125,-0.0,-1.5879478827361562e-06,0.0031743078175895762,False
159915,成长/科技/医药权重,S6_IVTiming_OTM5_Monthly,2024-01-31,2024-02-28,1.533,1.701,1.6,0.0251,1.0,1,0,selected,high_iv_sell,0.2882946144104004,0.996031746031746,high_iv,valid,287.0,0.2599181186653152,0.028376495745085162,1.0,,close,90003036.SZ,0.32138450308638544,0.29504649353027346,28.0,0.043705153294194554,0.10958904109589052,0.016373124592302675,0.06588388780169602,8.186562296151338e-06,0.06007009132420101,-0.049518949771689504,1,0.016373124592302675,-0.06588388780169602,-8.186562296151338e-06,-0.0495189497716895,False
159915,成长/科技/医药权重,S6_IVTiming_OTM5_Monthly,2024-02-29,2024-03-27,1.761,1.742,1.85,0.0235,1.0,1,0,selected,high_iv_sell,0.2918422119140625,0.9801587301587301,high_iv,valid,302.0,0.372875545759296,-0.08103333384523348,1.0,,close,90002507.SZ,0.2842762579408902,0.28853302822113036,27.0,0.05053946621237948,-0.010789324247586546,0.013344690516751846,0.0,6.6723452583759235e-06,0.0025486939239069235,0.013338018171493469,0,0.013344690516751846,-0.0,-6.6723452583759235e-06,0.013338018171493469,False
159915,成长/科技/医药权重,S6_IVTiming_OTM5_Monthly,2024-03-29,2024-04-24,1.768,1.719,1.85,0.0162,1.0,1,0,selected,high_iv_sell,0.23943408803939822,0.8293650793650794,high_iv,valid,322.0,0.2635565876824634,-0.02412249964306515,1.0,,close,90003344.SZ,0.2519029641106625,0.23508065185546875,26.0,0.046380090497737614,-0.027714932126696793,0.009162895927601809,0.0,4.5814479638009056e-06,-0.018556617647058786,0.009158314479638007,0,0.009162895927601809,-0.0,-4.5814479638009056e-06,0.009158314479638007,False
159915,成长/科技/医药权重,S6_IVTiming_OTM5_Monthly,2024-04-30,2024-05-22,1.816,1.839,1.9,0.0145,0.5,1,0,selected,normal_iv_sell,0.2211334439277649,0.6944444444444444,normal_iv,valid,342.0,0.2864420422644163,-0.06530859833665137,1.0,,close,90003452.SZ,0.2371241333037608,0.2405927791595459,22.0,0.04625550660792954,0.012665198237885412,0.003992290748898678,0.0,1.9961453744493394e-06,0.01665549284140964,0.003990294603524229,0,0.003992290748898678,-0.0,-1.9961453744493394e-06,0.003990294603524229,False
159915,成长/科技/医药权重,S6_IVTiming_OTM5_Monthly,2024-05-31,2024-06-26,1.772,1.699,1.85,0.0132,0.5,1,0,selected,normal_iv_sell,0.20283279981613161,0.5198412698412699,normal_iv,valid,357.0,0.17891503199108405,0.023917767825047564,1.0,,close,90002818.SZ,0.23526222047943313,0.2082447933197022,26.0,0.04401805869074504,-0.04119638826185099,0.0037246049661399548,0.0,1.8623024830699776e-06,-0.03747364559819411,0.0037227426636568806,0,0.0037246049661399548,-0.0,-1.8623024830699776e-06,0.003722742663656885,False
159915,成长/科技/医药权重,S6_IVTiming_OTM5_Monthly,2024-06-28,2024-07-24,1.652,1.619,1.75,0.0089,0.5,1,0,selected,normal_iv_sell,0.21327532472610478,0.623015873015873,normal_iv,valid,375.0,0.17707102991123813,0.036204294814866644,1.0,,close,90003631.SZ,0.17562293346395363,0.21904017066955567,26.0,0.05932203389830515,-0.01997578692493942,0.0026937046004842616,0.0,1.3468523002421307e-06,-0.0172834291767554,0.0026923577481840176,0,0.0026937046004842616,-0.0,-1.3468523002421307e-06,0.0026923577481840193,False
159915,成长/科技/医药权重,S6_IVTiming_OTM5_Monthly,2024-07-31,2024-08-28,1.658,1.501,1.75,0.0098,0.5,1,0,selected,normal_iv_sell,0.20517879171371461,0.49603174603174605,normal_iv,valid,392.0,0.23693660761154345,-0.031757815897828834,1.0,,close,90003738.SZ,0.1903326005137732,0.2091793754577637,28.0,0.05548854041013285,-0.09469240048250907,0.0029553679131483716,0.0,1.4776839565741857e-06,-0.09173851025331727,0.002953890229191805,0,0.0029553679131483716,-0.0,-1.4776839565741857e-06,0.0029538902291917973,False
159915,成长/科技/医药权重,S6_IVTiming_OTM5_Monthly,2024-08-30,2024-09-30,1.552,2.232,,0.0,0.0,0,0,low_iv_skip,low_iv_skip,0.19244749422073362,0.21825396825396826,low_iv,valid,413.0,0.16885387830578766,0.023593615914945965,1.0,,none,,,,,,0.4381443298969073,0.0,0.0,0.0,0.4381443298969073,0.0,0,0.0,-0.0,-0.0,0.0,False
159915,成长/科技/医药权重,S6_IVTiming_OTM5_Monthly,2024-09-30,2024-10-23,2.232,2.162,2.05,0.309,1.0,1,0,selected,high_iv_sell,0.8435174651145936,1.0,high_iv,valid,431.0,0.8159340603859246,0.027583404728668937,1.0,,close,90004259.SZ,0.6845686237267231,0.9526966856002809,23.0,-0.08154121863799302,-0.031362007168458904,0.13844086021505375,0.050179211469534094,6.922043010752688e-05,0.05683042114695322,0.08819242831541213,1,0.13844086021505375,-0.050179211469534094,-6.922043010752688e-05,0.08819242831541213,False
159915,成长/科技/医药权重,S6_IVTiming_OTM5_Monthly,2024-10-31,2024-11-27,2.122,2.165,2.25,0.0698,1.0,1,0,selected,high_iv_sell,0.45695331239700315,0.9841269841269841,high_iv,valid,445.0,1.2992461764841436,-0.8422928640871405,1.0,,close,90004378.SZ,0.36817199424474206,0.515932120895386,27.0,0.06032045240339312,0.020263901979264917,0.03289349670122526,0.0,1.644674835061263e-05,0.05314095193213956,0.032877049952874646,0,0.03289349670122526,-0.0,-1.644674835061263e-05,0.032877049952874646,False
159915,成长/科技/医药权重,S6_IVTiming_OTM5_Monthly,2024-11-29,2024-12-25,2.179,2.156,2.3,0.036,1.0,1,0,selected,high_iv_sell,0.32532504749298097,0.8571428571428571,high_iv,valid,465.0,0.4170550035940782,-0.09172995610109724,1.0,,close,90004395.SZ,0.2985166343524899,0.34318701019287107,26.0,0.055530059660394704,-0.010555300596603805,0.016521340064249657,0.0,8.260670032124829e-06,0.005957778797613727,0.016513079394217534,0,0.016521340064249657,-0.0,-8.260670032124829e-06,0.01651307939421753,False
159915,成长/科技/医药权重,S6_IVTiming_OTM5_Monthly,2024-12-31,2025-01-22,2.102,2.059,2.2,0.0236,0.5,1,0,selected,normal_iv_sell,0.2571196245193482,0.6746031746031746,normal_iv,valid,486.0,0.1948757957881161,0.06224382873123213,1.0,,close,90004734.SZ,0.2728268861965681,0.28278248710632325,22.0,0.04662226450999074,-0.020456707897240585,0.0056137012369172215,0.0,2.806850618458611e-06,-0.014845813510941823,0.005610894386298762,0,0.0056137012369172215,-0.0,-2.806850618458611e-06,0.005610894386298763,False
159915,成长/科技/医药权重,S6_IVTiming_OTM5_Monthly,2025-01-27,2025-02-26,2.028,2.223,2.15,0.0254,0.5,1,0,selected,normal_iv_sell,0.27956151652336125,0.6984126984126984,normal_iv,valid,498.0,0.3089714235913424,-0.029409907067981134,1.0,,close,90004905.SZ,0.2602398847349128,0.2894771469116211,30.0,0.06015779092702167,0.09615384615384608,0.006262327416173569,0.017998027613412217,3.131163708086785e-06,0.08441501479289934,-0.011738831360946736,1,0.006262327416173569,-0.017998027613412217,-3.131163708086785e-06,-0.011738831360946734,False
159915,成长/科技/医药权重,S6_IVTiming_OTM5_Monthly,2025-02-28,2025-03-26,2.128,2.098,2.25,0.0259,1.0,1,0,selected,high_iv_sell,0.28948191518783567,0.7222222222222222,high_iv,valid,515.0,0.2914617885108183,-0.001979873322982606,1.0,,close,90004410.SZ,0.26147724871160105,0.29984337940216066,26.0,0.05733082706766912,-0.014097744360902371,0.012171052631578947,0.0,6.085526315789473e-06,-0.0019327772556392135,0.012164967105263158,0,0.012171052631578947,-0.0,-6.085526315789473e-06,0.012164967105263158,False
159915,成长/科技/医药权重,S6_IVTiming_OTM5_Monthly,2025-03-31,2025-04-30,2.064,1.921,,0.0,0.0,0,0,low_iv_skip,low_iv_skip,0.21451030826568607,0.2896825396825397,low_iv,valid,535.0,0.17473231229940597,0.039777995966280094,1.0,,none,,,,,,-0.06928294573643412,0.0,0.0,0.0,-0.06928294573643412,0.0,0,0.0,-0.0,-0.0,0.0,False
159915,成长/科技/医药权重,S6_IVTiming_OTM5_Monthly,2025-04-30,2025-05-28,1.921,1.959,2.0,0.02,0.5,1,0,selected,normal_iv_sell,0.23428434972763063,0.44841269841269843,normal_iv,valid,551.0,0.4813859728945959,-0.24710162316696527,1.0,,close,90005255.SZ,0.27808208013466457,0.2258206594467163,28.0,0.041124414367516904,0.01978136387298284,0.0052056220718375845,0.0,2.6028110359187925e-06,0.024984383133784503,0.005203019260801665,0,0.0052056220718375845,-0.0,-2.6028110359187925e-06,0.0052030192608016656,False
159915,成长/科技/医药权重,S6_IVTiming_OTM5_Monthly,2025-05-30,2025-06-30,1.972,2.133,,0.0,0.0,0,0,low_iv_skip,low_iv_skip,0.19843644914627076,0.05952380952380952,low_iv,valid,569.0,0.1936222503766472,0.004814198769623551,1.0,,none,,,,,,0.08164300202839758,0.0,0.0,0.0,0.08164300202839758,0.0,0,0.0,-0.0,-0.0,0.0,False
159915,成长/科技/医药权重,S6_IVTiming_OTM5_Monthly,2025-06-30,2025-07-23,2.133,2.287,2.25,0.0145,0.5,1,0,selected,normal_iv_sell,0.22424712829589846,0.4642857142857143,normal_iv,valid,588.0,0.18784079800364964,0.03640633029224882,1.0,,close,90005687.SZ,0.20450236878902678,0.24262406482696536,23.0,0.05485232067510548,0.07219878105954051,0.003398968588842007,0.008673230192217515,1.6994842944210035e-06,0.06692281997187059,-0.0052759610876699226,1,0.003398968588842007,-0.008673230192217515,-1.6994842944210035e-06,-0.0052759610876699295,False
159915,成长/科技/医药权重,S6_IVTiming_OTM5_Monthly,2025-07-31,2025-08-27,2.301,2.696,2.4,0.0273,0.5,1,0,selected,normal_iv_sell,0.24149159922599794,0.5555555555555556,normal_iv,valid,605.0,0.18364909888001438,0.057842500345983566,1.0,,close,90005803.SZ,0.2875769218322859,0.25131186408996586,27.0,0.04302477183833098,0.171664493698392,0.005932203389830509,0.06431986093003048,2.9661016949152545e-06,0.11327387005649713,-0.05839062364189489,1,0.005932203389830509,-0.06431986093003048,-2.9661016949152545e-06,-0.05839062364189488,False
159915,成长/科技/医药权重,S6_IVTiming_OTM5_Monthly,2025-08-29,2025-09-24,2.865,3.16,3.0,0.0847,1.0,1,0,selected,high_iv_sell,0.4292210179328919,0.9325396825396826,high_iv,valid,625.0,0.2697010709509985,0.15951994698189342,1.0,,close,90006197.SZ,0.3779557906307325,0.4506305781364441,26.0,0.04712041884816753,0.10296684118673645,0.029563699825479926,0.05584642233856898,1.4781849912739963e-05,0.07666933682373464,-0.02629750436300181,1,0.029563699825479926,-0.05584642233856898,-1.4781849912739963e-05,-0.02629750436300179,False
159915,成长/科技/医药权重,S6_IVTiming_OTM5_Monthly,2025-09-30,2025-10-22,3.217,3.039,3.4,0.0483,1.0,1,0,selected,high_iv_sell,0.34759289741516114,0.7380952380952381,high_iv,valid,646.0,0.40719644869066896,-0.059603551275507816,1.0,,close,90006279.SZ,0.2850421020697803,0.3601239273071289,22.0,0.05688529686042898,-0.05533105377681067,0.015013988187752564,0.0,7.506994093876283e-06,-0.04032457258315198,0.015006481193658688,0,0.015013988187752564,-0.0,-7.506994093876283e-06,0.015006481193658688,False
159915,成长/科技/医药权重,S6_IVTiming_OTM5_Monthly,2025-10-31,2025-11-26,3.166,3.027,3.3,0.0563,0.5,1,0,selected,normal_iv_sell,0.32467179365158083,0.6666666666666666,normal_iv,valid,661.0,0.3889950515259249,-0.06432325787434406,1.0,,close,90006324.SZ,0.33324314487518636,0.31690427169799806,26.0,0.04232469993682875,-0.04390397978521787,0.008891345546430828,0.0,4.445672773215415e-06,-0.035017079911560264,0.008886899873657608,0,0.008891345546430828,-0.0,-4.445672773215415e-06,0.008886899873657612,False
159915,成长/科技/医药权重,S6_IVTiming_OTM5_Monthly,2025-11-28,2025-12-24,3.035,3.212,3.2,0.0226,0.5,1,0,selected,normal_iv_sell,0.25406315946578983,0.3531746031746032,normal_iv,valid,680.0,0.26271421619249213,-0.0086510567267023,1.0,,close,90006241.SZ,0.21475904674729557,0.23499005460739136,26.0,0.054365733113673764,0.058319604612850094,0.0037232289950576603,0.0019769357495881402,1.8616144975288303e-06,0.06006403624382209,0.0017444316309719946,1,0.0037232289950576603,-0.0019769357495881402,-1.8616144975288303e-06,0.0017444316309719913,False
159915,成长/科技/医药权重,S6_IVTiming_OTM5_Monthly,2025-12-31,2026-01-28,3.186,3.307,3.3,0.0452,0.5,1,0,selected,normal_iv_sell,0.2599639012813568,0.4166666666666667,normal_iv,valid,697.0,0.2398024849824407,0.02016141629891613,1.0,,close,90006660.SZ,0.32561642140771907,0.2494713094711304,28.0,0.03578154425612046,0.03797865662272442,0.00709353421217828,0.0010985561833019644,3.54676710608914e-06,0.04397008788449465,0.005991431261770229,1,0.00709353421217828,-0.0010985561833019644,-3.54676710608914e-06,0.005991431261770226,False
159915,成长/科技/医药权重,S6_IVTiming_OTM5_Monthly,2026-01-30,2026-02-27,3.335,3.301,,0.0,0.0,0,0,low_iv_skip,low_iv_skip,0.2381871838092804,0.27380952380952384,low_iv,valid,716.0,0.1859916097482782,0.0521955740610022,1.0,,none,,,,,,-0.01019490254872558,0.0,0.0,0.0,-0.01019490254872558,0.0,0,0.0,-0.0,-0.0,0.0,False
159915,成长/科技/医药权重,S6_IVTiming_OTM5_Monthly,2026-02-27,2026-03-31,3.301,3.182,,0.0,0.0,0,0,low_iv_skip,low_iv_skip,0.2043801054477692,0.05952380952380952,low_iv,valid,729.0,0.21747849356295534,-0.013098388115186155,1.0,,none,,,,,,-0.036049681914571405,0.0,0.0,0.0,-0.036049681914571405,0.0,0,0.0,-0.0,-0.0,0.0,False
159915,成长/科技/医药权重,S6_IVTiming_OTM5_Monthly,2026-03-31,2026-04-22,3.182,3.758,3.3,0.0417,1.0,1,0,selected,high_iv_sell,0.3035173362255097,0.7738095238095238,high_iv,valid,750.0,0.2741950911741079,0.029322245051401796,1.0,,close,90007161.SZ,0.3126062587447298,0.2746239665031433,22.0,0.037083595223130095,0.18101822752985547,0.013104965430546827,0.1439346323067254,6.552482715273413e-06,0.05018200817096161,-0.13083621935889386,1,0.013104965430546827,-0.1439346323067254,-6.552482715273413e-06,-0.13083621935889386,False
159915,成长/科技/医药权重,S6_IVTiming_OTM5_Monthly,2026-04-30,2026-05-27,3.689,4.056,3.9,0.0338,0.5,1,0,selected,normal_iv_sell,0.2563757734298706,0.5119047619047619,normal_iv,valid,766.0,0.3300335377849407,-0.0736577643550701,1.0,,close,90007347.SZ,0.23136621731762713,0.25868361911773685,27.0,0.057197072377338065,0.09948495527243155,0.004581187313635131,0.02114394144754678,2.2905936568175655e-06,0.08291991054486308,-0.016565044727568465,1,0.004581187313635131,-0.02114394144754678,-2.2905936568175655e-06,-0.016565044727568465,False
159915,成长/科技/医药权重,S6_IVTiming_OTM5_Monthly,2026-05-29,2026-06-03,4.053,4.145,4.3,0.0505,1.0,1,0,selected,high_iv_sell,0.3252869012832642,0.7896825396825397,high_iv,valid,783.0,0.2868710188130153,0.03841588247024891,1.0,,close,90007501.SZ,0.2580116389150706,0.3129322976112366,26.0,0.060942511719713766,0.022699235134468206,0.012459906242289664,0.0,6.229953121144831e-06,0.03515291142363672,0.012453676289168512,0,0.012459906242289664,-0.0,-6.229953121144831e-06,0.01245367628916852,False
510500,中盘成长/均衡,S0_BuyHold,2021-01-29,2021-02-26,7.024,7.056,,0.0,0.0,0,0,buy_hold,not_used,,,not_used,,,,,,,none,,,,,,0.004555808656036451,0.0,0.0,0.0,0.004555808656036451,0.0,0,0.0,-0.0,-0.0,0.0,False
510500,中盘成长/均衡,S0_BuyHold,2021-02-26,2021-03-31,7.056,6.943,,0.0,0.0,0,0,buy_hold,not_used,,,not_used,,,,,,,none,,,,,,-0.016014739229025004,0.0,0.0,0.0,-0.016014739229025004,0.0,0,0.0,-0.0,-0.0,0.0,False
510500,中盘成长/均衡,S0_BuyHold,2021-03-31,2021-04-30,6.943,7.211,,0.0,0.0,0,0,buy_hold,not_used,,,not_used,,,,,,,none,,,,,,0.03860002880599175,0.0,0.0,0.0,0.03860002880599175,0.0,0,0.0,-0.0,-0.0,0.0,False
510500,中盘成长/均衡,S0_BuyHold,2021-04-30,2021-05-31,7.211,7.479,,0.0,0.0,0,0,buy_hold,not_used,,,not_used,,,,,,,none,,,,,,0.03716544168631255,0.0,0.0,0.0,0.03716544168631255,0.0,0,0.0,-0.0,-0.0,0.0,False
510500,中盘成长/均衡,S0_BuyHold,2021-05-31,2021-06-30,7.479,7.598,,0.0,0.0,0,0,buy_hold,not_used,,,not_used,,,,,,,none,,,,,,0.01591121807728303,0.0,0.0,0.0,0.01591121807728303,0.0,0,0.0,-0.0,-0.0,0.0,False
510500,中盘成长/均衡,S0_BuyHold,2021-06-30,2021-07-30,7.598,7.601,,0.0,0.0,0,0,buy_hold,not_used,,,not_used,,,,,,,none,,,,,,0.00039484074756516367,0.0,0.0,0.0,0.00039484074756516367,0.0,0,0.0,-0.0,-0.0,0.0,False
510500,中盘成长/均衡,S0_BuyHold,2021-07-30,2021-08-31,7.601,8.142,,0.0,0.0,0,0,buy_hold,not_used,,,not_used,,,,,,,none,,,,,,0.07117484541507689,0.0,0.0,0.0,0.07117484541507689,0.0,0,0.0,-0.0,-0.0,0.0,False
510500,中盘成长/均衡,S0_BuyHold,2021-08-31,2021-09-30,8.142,7.969,,0.0,0.0,0,0,buy_hold,not_used,,,not_used,,,,,,,none,,,,,,-0.021247850650945612,0.0,0.0,0.0,-0.021247850650945612,0.0,0,0.0,-0.0,-0.0,0.0,False
510500,中盘成长/均衡,S0_BuyHold,2021-09-30,2021-10-29,7.969,7.895,,0.0,0.0,0,0,buy_hold,not_used,,,not_used,,,,,,,none,,,,,,-0.009285983184841352,0.0,0.0,0.0,-0.009285983184841352,0.0,0,0.0,-0.0,-0.0,0.0,False
510500,中盘成长/均衡,S0_BuyHold,2021-10-29,2021-11-30,7.895,8.143,,0.0,0.0,0,0,buy_hold,not_used,,,not_used,,,,,,,none,,,,,,0.0314122862571249,0.0,0.0,0.0,0.0314122862571249,0.0,0,0.0,-0.0,-0.0,0.0,False
510500,中盘成长/均衡,S0_BuyHold,2021-11-30,2021-12-31,8.143,8.258,,0.0,0.0,0,0,buy_hold,not_used,,,not_used,,,,,,,none,,,,,,0.01412255925334624,0.0,0.0,0.0,0.01412255925334624,0.0,0,0.0,-0.0,-0.0,0.0,False
510500,中盘成长/均衡,S0_BuyHold,2021-12-31,2022-01-28,8.258,7.381,,0.0,0.0,0,0,buy_hold,not_used,,,not_used,,,,,,,none,,,,,,-0.1062000484378783,0.0,0.0,0.0,-0.1062000484378783,0.0,0,0.0,-0.0,-0.0,0.0,False
510500,中盘成长/均衡,S0_BuyHold,2022-01-28,2022-02-28,7.381,7.695,,0.0,0.0,0,0,buy_hold,not_used,,,not_used,,,,,,,none,,,,,,0.042541661021541805,0.0,0.0,0.0,0.042541661021541805,0.0,0,0.0,-0.0,-0.0,0.0,False
510500,中盘成长/均衡,S0_BuyHold,2022-02-28,2022-03-31,7.695,7.111,,0.0,0.0,0,0,buy_hold,not_used,,,not_used,,,,,,,none,,,,,,-0.07589343729694613,0.0,0.0,0.0,-0.07589343729694613,0.0,0,0.0,-0.0,-0.0,0.0,False
510500,中盘成长/均衡,S0_BuyHold,2022-03-31,2022-04-29,7.111,6.347,,0.0,0.0,0,0,buy_hold,not_used,,,not_used,,,,,,,none,,,,,,-0.10743917873716768,0.0,0.0,0.0,-0.10743917873716768,0.0,0,0.0,-0.0,-0.0,0.0,False
510500,中盘成长/均衡,S0_BuyHold,2022-04-29,2022-05-31,6.347,6.807,,0.0,0.0,0,0,buy_hold,not_used,,,not_used,,,,,,,none,,,,,,0.07247518512683156,0.0,0.0,0.0,0.07247518512683156,0.0,0,0.0,-0.0,-0.0,0.0,False
510500,中盘成长/均衡,S0_BuyHold,2022-05-31,2022-06-30,6.807,7.346,,0.0,0.0,0,0,buy_hold,not_used,,,not_used,,,,,,,none,,,,,,0.07918319377111792,0.0,0.0,0.0,0.07918319377111792,0.0,0,0.0,-0.0,-0.0,0.0,False
510500,中盘成长/均衡,S0_BuyHold,2022-06-30,2022-07-29,7.346,7.194,,0.0,0.0,0,0,buy_hold,not_used,,,not_used,,,,,,,none,,,,,,-0.0206915328069698,0.0,0.0,0.0,-0.0206915328069698,0.0,0,0.0,-0.0,-0.0,0.0,False
510500,中盘成长/均衡,S0_BuyHold,2022-07-29,2022-08-31,7.194,6.157,,0.0,0.0,0,0,buy_hold,not_used,,,not_used,,,,,,,none,,,,,,-0.14414790102863495,0.0,0.0,0.0,-0.14414790102863495,0.0,0,0.0,-0.0,-0.0,0.0,False
510500,中盘成长/均衡,S0_BuyHold,2022-08-31,2022-09-30,6.157,5.713,,0.0,0.0,0,0,buy_hold,not_used,,,not_used,,,,,,,none,,,,,,-0.0721130420659412,0.0,0.0,0.0,-0.0721130420659412,0.0,0,0.0,-0.0,-0.0,0.0,False
510500,中盘成长/均衡,S0_BuyHold,2022-09-30,2022-10-31,5.713,5.814,,0.0,0.0,0,0,buy_hold,not_used,0.20742584187984467,,warmup_invalid,warmup,10.0,0.19671641472558613,0.010709427154258544,0.0,,none,,,,,,0.017678977769998244,0.0,0.0,0.0,0.017678977769998244,0.0,0,0.0,-0.0,-0.0,0.0,False
510500,中盘成长/均衡,S0_BuyHold,2022-10-31,2022-11-30,5.814,6.157,,0.0,0.0,0,0,buy_hold,not_used,0.2611368972301483,,warmup_invalid,warmup,26.0,0.23689824538561569,0.024238651844532638,0.0,,none,,,,,,0.05899552803577571,0.0,0.0,0.0,0.05899552803577571,0.0,0,0.0,-0.0,-0.0,0.0,False
510500,中盘成长/均衡,S0_BuyHold,2022-11-30,2022-12-30,6.157,5.887,,0.0,0.0,0,0,buy_hold,not_used,0.18878784222602846,,warmup_invalid,warmup,42.0,0.13820738590713486,0.0505804563188936,0.0,,none,,,,,,-0.04385252558064,0.0,0.0,0.0,-0.04385252558064,0.0,0,0.0,-0.0,-0.0,0.0,False
510500,中盘成长/均衡,S0_BuyHold,2022-12-30,2023-01-31,5.887,6.303,,0.0,0.0,0,0,buy_hold,not_used,0.14548831799030304,,warmup_invalid,warmup,59.0,0.11130644512770146,0.034181872862601576,0.0,,none,,,,,,0.07066417530151187,0.0,0.0,0.0,0.07066417530151187,0.0,0,0.0,-0.0,-0.0,0.0,False
510500,中盘成长/均衡,S0_BuyHold,2023-01-31,2023-02-28,6.303,6.372,,0.0,0.0,0,0,buy_hold,not_used,0.15738635921478272,,warmup_invalid,warmup,75.0,0.07745572276597447,0.07993063644880825,0.0,,none,,,,,,0.010947168015230834,0.0,0.0,0.0,0.010947168015230834,0.0,0,0.0,-0.0,-0.0,0.0,False
510500,中盘成长/均衡,S0_BuyHold,2023-02-28,2023-03-31,6.372,6.359,,0.0,0.0,0,0,buy_hold,not_used,0.15860703792572017,,warmup_invalid,warmup,94.0,0.12030767571706182,0.03829936220865836,0.0,,none,,,,,,-0.0020401757689893127,0.0,0.0,0.0,-0.0020401757689893127,0.0,0,0.0,-0.0,-0.0,0.0,False
510500,中盘成长/均衡,S0_BuyHold,2023-03-31,2023-04-28,6.359,6.277,,0.0,0.0,0,0,buy_hold,not_used,0.1317997890472412,,warmup_invalid,warmup,111.0,0.11554247501062795,0.016257314036613263,0.0,,none,,,,,,-0.012895109293914114,0.0,0.0,0.0,-0.012895109293914114,0.0,0,0.0,-0.0,-0.0,0.0,False
510500,中盘成长/均衡,S0_BuyHold,2023-04-28,2023-05-31,6.277,6.092,,0.0,0.0,0,0,buy_hold,not_used,0.12967552199363713,,warmup_invalid,warmup,129.0,0.13834894282779922,-0.008673420834162088,0.0,,none,,,,,,-0.029472678030906564,0.0,0.0,0.0,-0.029472678030906564,0.0,0,0.0,-0.0,-0.0,0.0,False
510500,中盘成长/均衡,S0_BuyHold,2023-05-31,2023-06-30,6.092,6.095,,0.0,0.0,0,0,buy_hold,not_used,0.13763258292675018,,warmup_invalid,warmup,143.0,0.09812399663636037,0.03950858629038981,0.0,,none,,,,,,0.0004924491135916143,0.0,0.0,0.0,0.0004924491135916143,0.0,0,0.0,-0.0,-0.0,0.0,False
510500,中盘成长/均衡,S0_BuyHold,2023-06-30,2023-07-31,6.095,6.196,,0.0,0.0,0,0,buy_hold,not_used,0.12816040222644806,,warmup_invalid,warmup,162.0,0.14307254054244076,-0.014912138315992696,0.0,,none,,,,,,0.016570959803117305,0.0,0.0,0.0,0.016570959803117305,0.0,0,0.0,-0.0,-0.0,0.0,False
510500,中盘成长/均衡,S0_BuyHold,2023-07-31,2023-08-31,6.196,5.846,,0.0,0.0,0,0,buy_hold,not_used,0.14431055376529695,,warmup_invalid,warmup,182.0,0.12431790158557499,0.01999265217972196,0.0,,none,,,,,,-0.05648805681084565,0.0,0.0,0.0,-0.05648805681084565,0.0,0,0.0,-0.0,-0.0,0.0,False
510500,中盘成长/均衡,S0_BuyHold,2023-08-31,2023-09-28,5.846,5.792,,0.0,0.0,0,0,buy_hold,not_used,0.1701903729200363,,warmup_invalid,warmup,199.0,0.16212997071510413,0.008060402204932177,0.0,,none,,,,,,-0.009237085186452321,0.0,0.0,0.0,-0.009237085186452321,0.0,0,0.0,-0.0,-0.0,0.0,False
510500,中盘成长/均衡,S0_BuyHold,2023-09-28,2023-10-31,5.792,5.627,,0.0,0.0,0,0,buy_hold,not_used,0.1413113080263138,,warmup_invalid,warmup,218.0,0.12505591696838622,0.016255391057927587,0.0,,none,,,,,,-0.028487569060773488,0.0,0.0,0.0,-0.028487569060773488,0.0,0,0.0,-0.0,-0.0,0.0,False
510500,中盘成长/均衡,S0_BuyHold,2023-10-31,2023-11-30,5.627,5.637,,0.0,0.0,0,0,buy_hold,not_used,0.1542273762226105,,warmup_invalid,warmup,235.0,0.15812807956242023,-0.0039007033398097135,0.0,,none,,,,,,0.0017771459036786542,0.0,0.0,0.0,0.0017771459036786542,0.0,0,0.0,-0.0,-0.0,0.0,False
510500,中盘成长/均衡,S0_BuyHold,2023-11-30,2023-12-29,5.637,5.519,,0.0,0.0,0,0,buy_hold,not_used,0.14589481353759765,,warmup_invalid,warmup,251.0,0.11316584876222921,0.032728964775368435,0.0,,none,,,,,,-0.020933120454142175,0.0,0.0,0.0,-0.020933120454142175,0.0,0,0.0,-0.0,-0.0,0.0,False
510500,中盘成长/均衡,S0_BuyHold,2023-12-29,2024-01-31,5.519,4.783,,0.0,0.0,0,0,buy_hold,not_used,0.14169992253780367,0.3333333333333333,normal_iv,valid,271.0,0.13198323197143783,0.009716690566365843,1.0,,none,,,,,,-0.13335749229932956,0.0,0.0,0.0,-0.13335749229932956,0.0,0,0.0,-0.0,-0.0,0.0,False
510500,中盘成长/均衡,S0_BuyHold,2024-01-31,2024-02-29,4.783,5.431,,0.0,0.0,0,0,buy_hold,not_used,0.288347065448761,0.996031746031746,high_iv,valid,287.0,0.27686349896077533,0.011483566487985652,1.0,,none,,,,,,0.13547982437800535,0.0,0.0,0.0,0.13547982437800535,0.0,0,0.0,-0.0,-0.0,0.0,False
510500,中盘成长/均衡,S0_BuyHold,2024-02-29,2024-03-29,5.431,5.371,,0.0,0.0,0,0,buy_hold,not_used,0.28041503796577455,0.9682539682539683,high_iv,valid,302.0,0.4710808639034828,-0.19066582593770826,1.0,,none,,,,,,-0.011047689191677335,0.0,0.0,0.0,-0.011047689191677335,0.0,0,0.0,-0.0,-0.0,0.0,False
510500,中盘成长/均衡,S0_BuyHold,2024-03-29,2024-04-30,5.371,5.529,,0.0,0.0,0,0,buy_hold,not_used,0.21098416800498962,0.8690476190476191,high_iv,valid,322.0,0.18479207215570184,0.026192095849287778,1.0,,none,,,,,,0.02941724073729277,0.0,0.0,0.0,0.02941724073729277,0.0,0,0.0,-0.0,-0.0,0.0,False
510500,中盘成长/均衡,S0_BuyHold,2024-04-30,2024-05-31,5.529,5.335,,0.0,0.0,0,0,buy_hold,not_used,0.14629296460151675,0.42063492063492064,normal_iv,valid,342.0,0.2255458301980174,-0.07925286559650066,1.0,,none,,,,,,-0.035087719298245605,0.0,0.0,0.0,-0.035087719298245605,0.0,0,0.0,-0.0,-0.0,0.0,False
510500,中盘成长/均衡,S0_BuyHold,2024-05-31,2024-06-28,5.335,4.996,,0.0,0.0,0,0,buy_hold,not_used,0.17233371307849882,0.6428571428571429,normal_iv,valid,357.0,0.13868213752543893,0.03365157555305989,1.0,,none,,,,,,-0.06354264292408614,0.0,0.0,0.0,-0.06354264292408614,0.0,0,0.0,-0.0,-0.0,0.0,False
510500,中盘成长/均衡,S0_BuyHold,2024-06-28,2024-07-31,4.996,4.975,,0.0,0.0,0,0,buy_hold,not_used,0.1873919293642044,0.7103174603174603,high_iv,valid,375.0,0.14712701737391598,0.04026491199028842,1.0,,none,,,,,,-0.00420336269015228,0.0,0.0,0.0,-0.00420336269015228,0.0,0,0.0,-0.0,-0.0,0.0,False
510500,中盘成长/均衡,S0_BuyHold,2024-07-31,2024-08-30,4.975,4.712,,0.0,0.0,0,0,buy_hold,not_used,0.1858219744205475,0.6785714285714286,normal_iv,valid,392.0,0.24462351992912224,-0.05880154550857475,1.0,,none,,,,,,-0.052864321608040186,0.0,0.0,0.0,-0.052864321608040186,0.0,0,0.0,-0.0,-0.0,0.0,False
510500,中盘成长/均衡,S0_BuyHold,2024-08-30,2024-09-30,4.712,5.995,,0.0,0.0,0,0,buy_hold,not_used,0.16830690381526947,0.42857142857142855,normal_iv,valid,413.0,0.15684781902760062,0.011459084787668855,1.0,,none,,,,,,0.27228353140916817,0.0,0.0,0.0,0.27228353140916817,0.0,0,0.0,-0.0,-0.0,0.0,False
510500,中盘成长/均衡,S0_BuyHold,2024-09-30,2024-10-31,5.995,6.0,,0.0,0.0,0,0,buy_hold,not_used,0.553229577445984,1.0,high_iv,valid,431.0,0.4935269324311755,0.059702645014808486,1.0,,none,,,,,,0.000834028356964119,0.0,0.0,0.0,0.000834028356964119,0.0,0,0.0,-0.0,-0.0,0.0,False
510500,中盘成长/均衡,S0_BuyHold,2024-10-31,2024-11-29,6.0,5.944,,0.0,0.0,0,0,buy_hold,not_used,0.33240832180976865,0.9761904761904762,high_iv,valid,445.0,0.5785410110154781,-0.2461326892057094,1.0,,none,,,,,,-0.009333333333333341,0.0,0.0,0.0,-0.009333333333333341,0.0,0,0.0,-0.0,-0.0,0.0,False
510500,中盘成长/均衡,S0_BuyHold,2024-11-29,2024-12-31,5.944,5.811,,0.0,0.0,0,0,buy_hold,not_used,0.25218684277534487,0.7936507936507936,high_iv,valid,465.0,0.2845207435614162,-0.032333900786071346,1.0,,none,,,,,,-0.02237550471063257,0.0,0.0,0.0,-0.02237550471063257,0.0,0,0.0,-0.0,-0.0,0.0,False
510500,中盘成长/均衡,S0_BuyHold,2024-12-31,2025-01-27,5.811,5.585,,0.0,0.0,0,0,buy_hold,not_used,0.2788450830221176,0.873015873015873,high_iv,valid,486.0,0.18062039135047814,0.09822469167163944,1.0,,none,,,,,,-0.03889175701256238,0.0,0.0,0.0,-0.03889175701256238,0.0,0,0.0,-0.0,-0.0,0.0,False
510500,中盘成长/均衡,S0_BuyHold,2025-01-27,2025-02-28,5.585,5.867,,0.0,0.0,0,0,buy_hold,not_used,0.23363467209339145,0.6468253968253969,normal_iv,valid,498.0,0.23417692270881138,-0.0005422506154199314,1.0,,none,,,,,,0.05049239033124441,0.0,0.0,0.0,0.05049239033124441,0.0,0,0.0,-0.0,-0.0,0.0,False
510500,中盘成长/均衡,S0_BuyHold,2025-02-28,2025-03-31,5.867,5.854,,0.0,0.0,0,0,buy_hold,not_used,0.21568807249069216,0.5714285714285714,normal_iv,valid,515.0,0.20473672859686856,0.0109513438938236,1.0,,none,,,,,,-0.0022157831941366796,0.0,0.0,0.0,-0.0022157831941366796,0.0,0,0.0,-0.0,-0.0,0.0,False
510500,中盘成长/均衡,S0_BuyHold,2025-03-31,2025-04-30,5.854,5.626,,0.0,0.0,0,0,buy_hold,not_used,0.1745950680732727,0.05952380952380952,low_iv,valid,535.0,0.12962151764025695,0.04497355043301576,1.0,,none,,,,,,-0.03894772804919709,0.0,0.0,0.0,-0.03894772804919709,0.0,0,0.0,-0.0,-0.0,0.0,False
510500,中盘成长/均衡,S0_BuyHold,2025-04-30,2025-05-30,5.626,5.694,,0.0,0.0,0,0,buy_hold,not_used,0.20998998241424563,0.6031746031746031,normal_iv,valid,551.0,0.3758895948330453,-0.16589961241879966,1.0,,none,,,,,,0.012086740135087027,0.0,0.0,0.0,0.012086740135087027,0.0,0,0.0,-0.0,-0.0,0.0,False
510500,中盘成长/均衡,S0_BuyHold,2025-05-30,2025-06-30,5.694,5.963,,0.0,0.0,0,0,buy_hold,not_used,0.15978718628883362,0.007936507936507936,low_iv,valid,569.0,0.12716725774258528,0.032619928546248345,1.0,,none,,,,,,0.04724271162627329,0.0,0.0,0.0,0.04724271162627329,0.0,0,0.0,-0.0,-0.0,0.0,False
510500,中盘成长/均衡,S0_BuyHold,2025-06-30,2025-07-31,5.963,6.297,,0.0,0.0,0,0,buy_hold,not_used,0.1708686602115631,0.12698412698412698,low_iv,valid,588.0,0.12359197148696469,0.04727668872459842,1.0,,none,,,,,,0.056012074459164785,0.0,0.0,0.0,0.056012074459164785,0.0,0,0.0,-0.0,-0.0,0.0,False
510500,中盘成长/均衡,S0_BuyHold,2025-07-31,2025-08-29,6.297,7.141,,0.0,0.0,0,0,buy_hold,not_used,0.17108561677932743,0.15873015873015872,low_iv,valid,605.0,0.11852395227264226,0.052561664506685174,1.0,,none,,,,,,0.1340320787676672,0.0,0.0,0.0,0.1340320787676672,0.0,0,0.0,-0.0,-0.0,0.0,False
510500,中盘成长/均衡,S0_BuyHold,2025-08-29,2025-09-30,7.141,7.519,,0.0,0.0,0,0,buy_hold,not_used,0.2806057690143585,0.9166666666666666,high_iv,valid,625.0,0.16325069659521232,0.1173550724191462,1.0,,none,,,,,,0.05293376277832238,0.0,0.0,0.0,0.05293376277832238,0.0,0,0.0,-0.0,-0.0,0.0,False
510500,中盘成长/均衡,S0_BuyHold,2025-09-30,2025-10-31,7.519,7.436,,0.0,0.0,0,0,buy_hold,not_used,0.19743511114120482,0.4642857142857143,normal_iv,valid,646.0,0.23869622120799858,-0.041261110066793755,1.0,,none,,,,,,-0.011038701955047239,0.0,0.0,0.0,-0.011038701955047239,0.0,0,0.0,-0.0,-0.0,0.0,False
510500,中盘成长/均衡,S0_BuyHold,2025-10-31,2025-11-28,7.436,7.135,,0.0,0.0,0,0,buy_hold,not_used,0.20565919554233553,0.5079365079365079,normal_iv,valid,661.0,0.2456998254644229,-0.04004062992208737,1.0,,none,,,,,,-0.04047875201721358,0.0,0.0,0.0,-0.04047875201721358,0.0,0,0.0,-0.0,-0.0,0.0,False
510500,中盘成长/均衡,S0_BuyHold,2025-11-28,2025-12-31,7.135,7.588,,0.0,0.0,0,0,buy_hold,not_used,0.1892074505329132,0.2857142857142857,low_iv,valid,680.0,0.19291815684097852,-0.0037107063080653035,1.0,,none,,,,,,0.06348983882270502,0.0,0.0,0.0,0.06348983882270502,0.0,0,0.0,-0.0,-0.0,0.0,False
510500,中盘成长/均衡,S0_BuyHold,2025-12-31,2026-01-30,7.588,8.44,,0.0,0.0,0,0,buy_hold,not_used,0.19984309062957764,0.4722222222222222,normal_iv,valid,697.0,0.14077830974625338,0.05906478088332426,1.0,,none,,,,,,0.11228255139694246,0.0,0.0,0.0,0.11228255139694246,0.0,0,0.0,-0.0,-0.0,0.0,False
510500,中盘成长/均衡,S0_BuyHold,2026-01-30,2026-02-27,8.44,8.737,,0.0,0.0,0,0,buy_hold,not_used,0.23026588494777678,0.75,high_iv,valid,716.0,0.2313456859045625,-0.0010798009567857259,1.0,,none,,,,,,0.03518957345971571,0.0,0.0,0.0,0.03518957345971571,0.0,0,0.0,-0.0,-0.0,0.0,False
510500,中盘成长/均衡,S0_BuyHold,2026-02-27,2026-03-31,8.737,7.683,,0.0,0.0,0,0,buy_hold,not_used,0.20608714833259584,0.5555555555555556,normal_iv,valid,729.0,0.3106896960657871,-0.10460254773319128,1.0,,none,,,,,,-0.12063637404143301,0.0,0.0,0.0,-0.12063637404143301,0.0,0,0.0,-0.0,-0.0,0.0,False
510500,中盘成长/均衡,S0_BuyHold,2026-03-31,2026-04-30,7.683,8.43,,0.0,0.0,0,0,buy_hold,not_used,0.27971171722412114,0.9841269841269841,high_iv,valid,750.0,0.25530555058585447,0.02440616663826667,1.0,,none,,,,,,0.09722764545099569,0.0,0.0,0.0,0.09722764545099569,0.0,0,0.0,-0.0,-0.0,0.0,False
510500,中盘成长/均衡,S0_BuyHold,2026-04-30,2026-05-29,8.43,8.443,,0.0,0.0,0,0,buy_hold,not_used,0.2046983878850937,0.503968253968254,normal_iv,valid,766.0,0.243420719009505,-0.038722331124411286,1.0,,none,,,,,,0.001542111506524306,0.0,0.0,0.0,0.001542111506524306,0.0,0,0.0,-0.0,-0.0,0.0,False
510500,中盘成长/均衡,S0_BuyHold,2026-05-29,2026-06-03,8.443,8.455,,0.0,0.0,0,0,buy_hold,not_used,0.24991356709003448,0.876984126984127,high_iv,valid,783.0,0.2596232595039666,-0.009709692413932103,1.0,,none,,,,,,0.0014212957479569413,0.0,0.0,0.0,0.0014212957479569413,0.0,0,0.0,-0.0,-0.0,0.0,False
510500,中盘成长/均衡,S1_ATM_100_Monthly,2021-01-29,2021-02-26,7.024,7.056,,0.0,0.0,0,1,no_chain_on_trade_date,not_used,,,not_used,,,,,,,none,,,,,,0.004555808656036451,0.0,0.0,0.0,0.004555808656036451,0.0,0,0.0,-0.0,-0.0,0.0,False
510500,中盘成长/均衡,S1_ATM_100_Monthly,2021-02-26,2021-03-31,7.056,6.943,,0.0,0.0,0,1,no_chain_on_trade_date,not_used,,,not_used,,,,,,,none,,,,,,-0.016014739229025004,0.0,0.0,0.0,-0.016014739229025004,0.0,0,0.0,-0.0,-0.0,0.0,False
510500,中盘成长/均衡,S1_ATM_100_Monthly,2021-03-31,2021-04-30,6.943,7.211,,0.0,0.0,0,1,no_chain_on_trade_date,not_used,,,not_used,,,,,,,none,,,,,,0.03860002880599175,0.0,0.0,0.0,0.03860002880599175,0.0,0,0.0,-0.0,-0.0,0.0,False
510500,中盘成长/均衡,S1_ATM_100_Monthly,2021-04-30,2021-05-31,7.211,7.479,,0.0,0.0,0,1,no_chain_on_trade_date,not_used,,,not_used,,,,,,,none,,,,,,0.03716544168631255,0.0,0.0,0.0,0.03716544168631255,0.0,0,0.0,-0.0,-0.0,0.0,False
510500,中盘成长/均衡,S1_ATM_100_Monthly,2021-05-31,2021-06-30,7.479,7.598,,0.0,0.0,0,1,no_chain_on_trade_date,not_used,,,not_used,,,,,,,none,,,,,,0.01591121807728303,0.0,0.0,0.0,0.01591121807728303,0.0,0,0.0,-0.0,-0.0,0.0,False
510500,中盘成长/均衡,S1_ATM_100_Monthly,2021-06-30,2021-07-30,7.598,7.601,,0.0,0.0,0,1,no_chain_on_trade_date,not_used,,,not_used,,,,,,,none,,,,,,0.00039484074756516367,0.0,0.0,0.0,0.00039484074756516367,0.0,0,0.0,-0.0,-0.0,0.0,False
510500,中盘成长/均衡,S1_ATM_100_Monthly,2021-07-30,2021-08-31,7.601,8.142,,0.0,0.0,0,1,no_chain_on_trade_date,not_used,,,not_used,,,,,,,none,,,,,,0.07117484541507689,0.0,0.0,0.0,0.07117484541507689,0.0,0,0.0,-0.0,-0.0,0.0,False
510500,中盘成长/均衡,S1_ATM_100_Monthly,2021-08-31,2021-09-30,8.142,7.969,,0.0,0.0,0,1,no_chain_on_trade_date,not_used,,,not_used,,,,,,,none,,,,,,-0.021247850650945612,0.0,0.0,0.0,-0.021247850650945612,0.0,0,0.0,-0.0,-0.0,0.0,False
510500,中盘成长/均衡,S1_ATM_100_Monthly,2021-09-30,2021-10-29,7.969,7.895,,0.0,0.0,0,1,no_chain_on_trade_date,not_used,,,not_used,,,,,,,none,,,,,,-0.009285983184841352,0.0,0.0,0.0,-0.009285983184841352,0.0,0,0.0,-0.0,-0.0,0.0,False
510500,中盘成长/均衡,S1_ATM_100_Monthly,2021-10-29,2021-11-30,7.895,8.143,,0.0,0.0,0,1,no_chain_on_trade_date,not_used,,,not_used,,,,,,,none,,,,,,0.0314122862571249,0.0,0.0,0.0,0.0314122862571249,0.0,0,0.0,-0.0,-0.0,0.0,False
510500,中盘成长/均衡,S1_ATM_100_Monthly,2021-11-30,2021-12-31,8.143,8.258,,0.0,0.0,0,1,no_chain_on_trade_date,not_used,,,not_used,,,,,,,none,,,,,,0.01412255925334624,0.0,0.0,0.0,0.01412255925334624,0.0,0,0.0,-0.0,-0.0,0.0,False
510500,中盘成长/均衡,S1_ATM_100_Monthly,2021-12-31,2022-01-28,8.258,7.381,,0.0,0.0,0,1,no_chain_on_trade_date,not_used,,,not_used,,,,,,,none,,,,,,-0.1062000484378783,0.0,0.0,0.0,-0.1062000484378783,0.0,0,0.0,-0.0,-0.0,0.0,False
510500,中盘成长/均衡,S1_ATM_100_Monthly,2022-01-28,2022-02-28,7.381,7.695,,0.0,0.0,0,1,no_chain_on_trade_date,not_used,,,not_used,,,,,,,none,,,,,,0.042541661021541805,0.0,0.0,0.0,0.042541661021541805,0.0,0,0.0,-0.0,-0.0,0.0,False
510500,中盘成长/均衡,S1_ATM_100_Monthly,2022-02-28,2022-03-31,7.695,7.111,,0.0,0.0,0,1,no_chain_on_trade_date,not_used,,,not_used,,,,,,,none,,,,,,-0.07589343729694613,0.0,0.0,0.0,-0.07589343729694613,0.0,0,0.0,-0.0,-0.0,0.0,False
510500,中盘成长/均衡,S1_ATM_100_Monthly,2022-03-31,2022-04-29,7.111,6.347,,0.0,0.0,0,1,no_chain_on_trade_date,not_used,,,not_used,,,,,,,none,,,,,,-0.10743917873716768,0.0,0.0,0.0,-0.10743917873716768,0.0,0,0.0,-0.0,-0.0,0.0,False
510500,中盘成长/均衡,S1_ATM_100_Monthly,2022-04-29,2022-05-31,6.347,6.807,,0.0,0.0,0,1,no_chain_on_trade_date,not_used,,,not_used,,,,,,,none,,,,,,0.07247518512683156,0.0,0.0,0.0,0.07247518512683156,0.0,0,0.0,-0.0,-0.0,0.0,False
510500,中盘成长/均衡,S1_ATM_100_Monthly,2022-05-31,2022-06-30,6.807,7.346,,0.0,0.0,0,1,no_chain_on_trade_date,not_used,,,not_used,,,,,,,none,,,,,,0.07918319377111792,0.0,0.0,0.0,0.07918319377111792,0.0,0,0.0,-0.0,-0.0,0.0,False
510500,中盘成长/均衡,S1_ATM_100_Monthly,2022-06-30,2022-07-29,7.346,7.194,,0.0,0.0,0,1,no_chain_on_trade_date,not_used,,,not_used,,,,,,,none,,,,,,-0.0206915328069698,0.0,0.0,0.0,-0.0206915328069698,0.0,0,0.0,-0.0,-0.0,0.0,False
510500,中盘成长/均衡,S1_ATM_100_Monthly,2022-07-29,2022-08-31,7.194,6.157,,0.0,0.0,0,1,no_chain_on_trade_date,not_used,,,not_used,,,,,,,none,,,,,,-0.14414790102863495,0.0,0.0,0.0,-0.14414790102863495,0.0,0,0.0,-0.0,-0.0,0.0,False
510500,中盘成长/均衡,S1_ATM_100_Monthly,2022-08-31,2022-09-30,6.157,5.713,,0.0,0.0,0,1,no_chain_on_trade_date,not_used,,,not_used,,,,,,,none,,,,,,-0.0721130420659412,0.0,0.0,0.0,-0.0721130420659412,0.0,0,0.0,-0.0,-0.0,0.0,False
510500,中盘成长/均衡,S1_ATM_100_Monthly,2022-09-30,2022-10-26,5.713,5.987,5.75,0.1089,1.0,1,0,selected,not_used,0.20742584187984467,,warmup_invalid,warmup,10.0,0.19671641472558613,0.010709427154258544,0.0,,close,10004500.SH,0.4733896286821925,0.2013427134990692,26.0,0.0064764572028706,0.04796079117801506,0.01906178890250306,0.04148433397514442,9.530894451251531e-06,0.025528715210922447,-0.02243207596709261,1,0.01906178890250306,-0.04148433397514442,-9.530894451251531e-06,-0.02243207596709261,False
510500,中盘成长/均衡,S1_ATM_100_Monthly,2022-10-31,2022-11-23,5.814,6.129,5.75,0.1865,1.0,1,0,selected,not_used,0.2611368972301483,,warmup_invalid,warmup,26.0,0.23689824538561569,0.024238651844532638,0.0,,close,10004518.SH,0.588596263185318,0.2560849085807801,23.0,-0.011007911936704473,0.0541795665634674,0.03207774337805298,0.06518747850017192,1.6038871689026487e-05,0.02105379256965943,-0.03312577399380798,1,0.03207774337805298,-0.06518747850017192,-1.6038871689026487e-05,-0.03312577399380798,False
510500,中盘成长/均衡,S1_ATM_100_Monthly,2022-11-30,2022-12-28,6.157,5.884,6.25,0.0902,1.0,1,0,selected,not_used,0.18878784222602846,,warmup_invalid,warmup,42.0,0.13820738590713486,0.0505804563188936,0.0,,close,10004538.SH,0.4071074857676508,0.18631072273254393,28.0,0.015104758811109287,-0.0443397758648692,0.01464999187916193,0.0,7.3249959395809654e-06,-0.02969710898164685,0.014642666883222352,0,0.01464999187916193,-0.0,-7.3249959395809654e-06,0.01464266688322235,False
510500,中盘成长/均衡,S1_ATM_100_Monthly,2022-12-30,2023-01-30,5.887,6.298,6.0,0.057,1.0,1,0,selected,not_used,0.14548831799030304,,warmup_invalid,warmup,59.0,0.11130644512770146,0.034181872862601576,0.0,,close,10004818.SH,0.3488160868036467,0.1450293714046478,31.0,0.019194836079497346,0.06981484627144564,0.009682350942755224,0.050620010191948374,4.841175471377612e-06,0.028872345846781118,-0.040942500424664525,1,0.009682350942755224,-0.050620010191948374,-4.841175471377612e-06,-0.04094250042466453,False
510500,中盘成长/均衡,S1_ATM_100_Monthly,2023-01-31,2023-02-22,6.303,6.389,6.25,0.1363,1.0,1,0,selected,not_used,0.15738635921478272,,warmup_invalid,warmup,75.0,0.07745572276597447,0.07993063644880825,0.0,,close,10004980.SH,0.6004628010910505,0.16802915172576904,22.0,-0.008408694272568629,0.013644296366809503,0.021624623195303824,0.02205299063937811,1.0812311597651912e-05,0.013205116611137562,-0.0004391797556719413,1,0.021624623195303824,-0.02205299063937811,-1.0812311597651912e-05,-0.0004391797556719386,False
510500,中盘成长/均衡,S1_ATM_100_Monthly,2023-02-28,2023-03-22,6.372,6.281,6.25,0.168,1.0,1,0,selected,not_used,0.15860703792572017,,warmup_invalid,warmup,94.0,0.12030767571706182,0.03829936220865836,0.0,,close,10004556.SH,0.7260703211313535,0.14339623680114744,22.0,-0.01914626490897675,-0.01428123038292533,0.026365348399246705,0.004865034526051427,1.3182674199623354e-05,0.007205900816070325,0.021487131198995653,1,0.026365348399246705,-0.004865034526051427,-1.3182674199623354e-05,0.021487131198995656,False
510500,中盘成长/均衡,S1_ATM_100_Monthly,2023-03-31,2023-04-26,6.359,6.159,6.25,0.1535,1.0,1,0,selected,not_used,0.1317997890472412,,warmup_invalid,warmup,111.0,0.11554247501062795,0.016257314036613263,0.0,,close,10005222.SH,0.7239374666419426,0.1212285206794739,26.0,-0.01714105991508097,-0.03145148608271744,0.02413901556848561,0.0,1.2069507784242804e-05,-0.007324540022016071,0.024126946060701367,0,0.02413901556848561,-0.0,-1.2069507784242804e-05,0.024126946060701367,False
510500,中盘成长/均衡,S1_ATM_100_Monthly,2023-04-28,2023-05-24,6.277,6.038,6.25,0.1048,1.0,1,0,selected,not_used,0.12967552199363713,,warmup_invalid,warmup,129.0,0.13834894282779922,-0.008673420834162088,0.0,,close,10005301.SH,0.5731254854613873,0.1285359039783478,26.0,-0.0043014178747809995,-0.038075513780468355,0.016695873825075674,0.0,8.347936912537837e-06,-0.02138798789230522,0.016687525888163135,0,0.016695873825075674,-0.0,-8.347936912537837e-06,0.016687525888163135,False
510500,中盘成长/均衡,S1_ATM_100_Monthly,2023-05-31,2023-06-28,6.092,6.031,6.0,0.1518,1.0,1,0,selected,not_used,0.13763258292675018,,warmup_invalid,warmup,143.0,0.09812399663636037,0.03950858629038981,0.0,,close,10004719.SH,0.6756215280207596,0.13862319231033327,28.0,-0.015101772816808912,-0.010013131976362433,0.024917925147734735,0.0050886408404464374,1.2458962573867368e-05,0.009803693368351997,0.01981682534471443,1,0.024917925147734735,-0.0050886408404464374,-1.2458962573867368e-05,0.01981682534471443,False
510500,中盘成长/均衡,S1_ATM_100_Monthly,2023-06-30,2023-07-26,6.095,6.107,6.0,0.1388,1.0,1,0,selected,not_used,0.12816040222644806,,warmup_invalid,warmup,162.0,0.14307254054244076,-0.014912138315992696,0.0,,close,10005439.SH,0.7118109209930604,0.11824834804534912,26.0,-0.015586546349466768,0.0019688269073011412,0.022772764561115672,0.017555373256767877,1.1386382280557836e-05,0.007174831829368378,0.005206004922067237,1,0.022772764561115672,-0.017555373256767877,-1.1386382280557836e-05,0.005206004922067238,False
510500,中盘成长/均衡,S1_ATM_100_Monthly,2023-07-31,2023-08-23,6.196,5.738,6.25,0.0684,1.0,1,0,selected,not_used,0.14431055376529695,,warmup_invalid,warmup,182.0,0.12431790158557499,0.01999265217972196,0.0,,close,10005684.SH,0.4256872489275769,0.14384207062721252,23.0,0.008715300193673281,-0.07391865719819227,0.011039380245319561,0.0,5.519690122659781e-06,-0.06288479664299537,0.011033860555196895,0,0.011039380245319561,-0.0,-5.519690122659781e-06,0.011033860555196902,False
510500,中盘成长/均衡,S1_ATM_100_Monthly,2023-08-31,2023-09-27,5.846,5.784,5.75,0.1682,1.0,1,0,selected,not_used,0.1701903729200363,,warmup_invalid,warmup,199.0,0.16212997071510413,0.008060402204932177,0.0,,close,10005143.SH,0.658855991346062,0.17181993131637574,27.0,-0.016421484775915207,-0.010605542251111919,0.02877180978446801,0.005815942524803251,1.4385904892234005e-05,0.012335939103660607,0.022941481354772524,1,0.02877180978446801,-0.005815942524803251,-1.4385904892234005e-05,0.022941481354772527,False
510500,中盘成长/均衡,S1_ATM_100_Monthly,2023-09-28,2023-10-25,5.792,5.467,5.75,0.1162,1.0,1,0,selected,not_used,0.1413113080263138,,warmup_invalid,warmup,218.0,0.12505591696838622,0.016255391057927587,0.0,,close,10005953.SH,0.5973401947666094,0.1417201877117157,27.0,-0.007251381215469532,-0.05611187845303871,0.020062154696132598,0.0,1.0031077348066299e-05,-0.03605975483425418,0.02005212361878453,0,0.020062154696132598,-0.0,-1.0031077348066299e-05,0.020052123618784532,False
510500,中盘成长/均衡,S1_ATM_100_Monthly,2023-10-31,2023-11-22,5.627,5.668,5.75,0.0283,1.0,1,0,selected,not_used,0.1542273762226105,,warmup_invalid,warmup,235.0,0.15812807956242023,-0.0039007033398097135,0.0,,close,10006065.SH,0.26502378669828097,0.12918200540542607,22.0,0.021858894615248037,0.0072862982050827035,0.005029322907410699,0.0,2.5146614537053494e-06,0.012313106451039698,0.005026808245956994,0,0.005029322907410699,-0.0,-2.5146614537053494e-06,0.005026808245956993,False
510500,中盘成长/均衡,S1_ATM_100_Monthly,2023-11-30,2023-12-27,5.637,5.372,5.75,0.0336,1.0,1,0,selected,not_used,0.14589481353759765,,warmup_invalid,warmup,251.0,0.11316584876222921,0.032728964775368435,0.0,,close,10005367.SH,0.293450934862821,0.12065632753372194,27.0,0.02004612382472959,-0.04701082135887878,0.005960617349654071,0.0,2.9803086748270358e-06,-0.04105318431789954,0.005957637040979243,0,0.005960617349654071,-0.0,-2.9803086748270358e-06,0.005957637040979244,False
510500,中盘成长/均衡,S1_ATM_100_Monthly,2023-12-29,2024-01-24,5.519,5.018,5.5,0.0967,1.0,1,0,selected,not_used,0.14169992253780367,0.3333333333333333,normal_iv,valid,271.0,0.13198323197143783,0.009716690566365843,1.0,,close,10006312.SH,0.5589830958714611,0.14090004420280458,26.0,-0.003442652654466416,-0.09077731473092958,0.017521290088784197,0.0,8.760645044392099e-06,-0.07326478528718977,0.017512529443739808,0,0.017521290088784197,-0.0,-8.760645044392099e-06,0.017512529443739804,False
510500,中盘成长/均衡,S1_ATM_100_Monthly,2024-01-31,2024-02-28,4.783,5.259,4.8,0.1239,1.0,1,0,selected,not_used,0.288347065448761,0.996031746031746,high_iv,valid,287.0,0.27686349896077533,0.011483566487985652,1.0,,close,10006538.SH,0.5015153450799886,0.24325347728729252,28.0,0.003554254651892075,0.09951913025297929,0.02590424419820196,0.09596487560108728,1.2952122099100982e-05,0.02944554672799485,-0.07007358352498444,1,0.02590424419820196,-0.09596487560108728,-1.2952122099100982e-05,-0.07007358352498443,False
510500,中盘成长/均衡,S1_ATM_100_Monthly,2024-02-29,2024-03-27,5.431,5.236,5.5,0.1366,1.0,1,0,selected,not_used,0.28041503796577455,0.9682539682539683,high_iv,valid,302.0,0.4710808639034828,-0.19066582593770826,1.0,,close,10005803.SH,0.45661060272386905,0.27893925647735596,27.0,0.012704842570429031,-0.035904989872951626,0.025151905726385565,0.0,1.2575952863192784e-05,-0.010765660099429255,0.025139329773522373,0,0.025151905726385565,-0.0,-1.2575952863192784e-05,0.025139329773522373,False
510500,中盘成长/均衡,S1_ATM_100_Monthly,2024-03-29,2024-04-24,5.371,5.349,5.25,0.192,1.0,1,0,selected,not_used,0.21098416800498962,0.8690476190476191,high_iv,valid,322.0,0.18479207215570184,0.026192095849287778,1.0,,close,10006955.SH,0.6796633692750216,0.20654251871109008,26.0,-0.022528393222863596,-0.004096071495066141,0.03574753304784956,0.018432321727797466,1.787376652392478e-05,0.013201266058462032,0.01729733755352817,1,0.03574753304784956,-0.018432321727797466,-1.787376652392478e-05,0.01729733755352817,False
510500,中盘成长/均衡,S1_ATM_100_Monthly,2024-04-30,2024-05-22,5.529,5.478,5.413,0.1227,1.0,1,0,selected,not_used,0.14629296460151675,0.42063492063492064,normal_iv,valid,342.0,0.2255458301980174,-0.07925286559650066,1.0,,close,10007076.SH,0.990124199255555,0.039238011169433595,22.0,-0.020980285765961226,-0.00922409115572439,0.022192078133478024,0.011756194610236843,1.1096039066739014e-05,0.001200696328450052,0.010424787484174441,1,0.022192078133478024,-0.011756194610236843,-1.1096039066739014e-05,0.010424787484174441,False
510500,中盘成长/均衡,S1_ATM_100_Monthly,2024-05-31,2024-06-26,5.335,5.072,5.413,0.0632,1.0,1,0,selected,not_used,0.17233371307849882,0.6428571428571429,normal_iv,valid,357.0,0.13868213752543893,0.03365157555305989,1.0,,close,10006207.SH,0.3913987466251635,0.1647676507949829,26.0,0.014620431115276444,-0.049297094657919385,0.011846298031865043,0.0,5.923149015932522e-06,-0.03745671977507027,0.011840374882849114,0,0.011846298031865043,-0.0,-5.923149015932522e-06,0.01184037488284911,False
510500,中盘成长/均衡,S1_ATM_100_Monthly,2024-06-28,2024-07-24,4.996,4.737,5.0,0.0928,1.0,1,0,selected,not_used,0.1873919293642044,0.7103174603174603,high_iv,valid,375.0,0.14712701737391598,0.04026491199028842,1.0,,close,10007371.SH,0.5145701757968346,0.17157198095321657,26.0,0.0008006405124099114,-0.051841473178542895,0.018574859887910324,0.0,9.287429943955163e-06,-0.033275900720576526,0.01856557245796637,0,0.018574859887910324,-0.0,-9.287429943955163e-06,0.01856557245796637,False
510500,中盘成长/均衡,S1_ATM_100_Monthly,2024-07-31,2024-08-28,4.975,4.568,5.0,0.0851,1.0,1,0,selected,not_used,0.1858219744205475,0.6785714285714286,normal_iv,valid,392.0,0.24462351992912224,-0.05880154550857475,1.0,,close,10007491.SH,0.47989105396350396,0.1698315601348877,28.0,0.005025125628140836,-0.08180904522613067,0.017105527638190954,0.0,8.552763819095477e-06,-0.06471207035175881,0.017096974874371854,0,0.017105527638190954,-0.0,-8.552763819095477e-06,0.017096974874371857,False
510500,中盘成长/均衡,S1_ATM_100_Monthly,2024-08-30,2024-09-25,4.712,4.813,4.7,0.0857,1.0,1,0,selected,not_used,0.16830690381526947,0.42857142857142855,normal_iv,valid,413.0,0.15684781902760062,0.011459084787668855,1.0,,close,10007431.SH,0.5471150251321751,0.1517693298339844,26.0,-0.002546689303904781,0.021434634974533105,0.01818760611205433,0.023981324278437934,9.093803056027164e-06,0.015631823005093474,-0.005802811969439631,1,0.01818760611205433,-0.023981324278437934,-9.093803056027164e-06,-0.005802811969439632,False
510500,中盘成长/均衡,S1_ATM_100_Monthly,2024-09-30,2024-10-23,5.995,5.869,6.0,0.3587,1.0,1,0,selected,not_used,0.553229577445984,1.0,high_iv,valid,431.0,0.4935269324311755,0.059702645014808486,1.0,,close,10007972.SH,0.5309504692668239,0.5960200881958009,23.0,0.0008340283569641116,-0.021017514595496303,0.059833194328607175,0.0,2.9916597164303588e-05,0.03878576313594657,0.059803277731442867,0,0.059833194328607175,-0.0,-2.9916597164303588e-05,0.05980327773144287,False
510500,中盘成长/均衡,S1_ATM_100_Monthly,2024-10-31,2024-11-27,6.0,5.896,6.0,0.205,1.0,1,0,selected,not_used,0.33240832180976865,0.9761904761904762,high_iv,valid,445.0,0.5785410110154781,-0.2461326892057094,1.0,,close,10007976.SH,0.5237521080335613,0.3083452158927917,27.0,0.0,-0.01733333333333335,0.034166666666666665,0.0,1.7083333333333333e-05,0.01681624999999998,0.03414958333333333,0,0.034166666666666665,-0.0,-1.7083333333333333e-05,0.03414958333333333,False
510500,中盘成长/均衡,S1_ATM_100_Monthly,2024-11-29,2024-12-25,5.944,5.932,5.906,0.1611,1.0,1,0,selected,not_used,0.25218684277534487,0.7936507936507936,high_iv,valid,465.0,0.2845207435614162,-0.032333900786071346,1.0,,close,10007182.SH,0.5652929331496334,0.2167800077438355,26.0,-0.006393001345895044,-0.002018842530282565,0.027102960969044413,0.004374158815612498,1.3551480484522207e-05,0.02069640814266483,0.022715250672947395,1,0.027102960969044413,-0.004374158815612498,-1.3551480484522207e-05,0.022715250672947395,False
510500,中盘成长/均衡,S1_ATM_100_Monthly,2024-12-31,2025-01-22,5.811,5.607,5.903,0.0576,1.0,1,0,selected,not_used,0.2788450830221176,0.873015873015873,high_iv,valid,486.0,0.18062039135047814,0.09822469167163944,1.0,,close,10008431.SH,0.36689673943892215,0.16399042177200313,22.0,0.015832042677680125,-0.03510583376355184,0.00991223541559112,0.0,4.95611770779556e-06,-0.025198554465668516,0.009907279297883327,0,0.00991223541559112,-0.0,-4.95611770779556e-06,0.009907279297883325,False
510500,中盘成长/均衡,S1_ATM_100_Monthly,2025-01-27,2025-02-26,5.585,6.045,5.657,0.1055,1.0,1,0,selected,not_used,0.23363467209339145,0.6468253968253969,normal_iv,valid,498.0,0.23417692270881138,-0.0005422506154199314,1.0,,close,10008612.SH,0.4380572206681123,0.20947262444496154,30.0,0.012891674127126329,0.08236347358997313,0.018889883616830798,0.0694717994628469,9.4449418084154e-06,0.03177211280214861,-0.05059136078782452,1,0.018889883616830798,-0.0694717994628469,-9.4449418084154e-06,-0.050591360787824516,False
510500,中盘成长/均衡,S1_ATM_100_Monthly,2025-02-28,2025-03-26,5.867,5.941,5.903,0.0969,1.0,1,0,selected,not_used,0.21568807249069216,0.5714285714285714,normal_iv,valid,515.0,0.20473672859686856,0.0109513438938236,1.0,,close,10007694.SH,0.46952472877683,0.175925417137146,26.0,0.006136014999147621,0.0126129197204704,0.016516107039372764,0.0064769047213226955,8.258053519686382e-06,0.022643863985000783,0.010030944264530382,1,0.016516107039372764,-0.0064769047213226955,-8.258053519686382e-06,0.010030944264530384,False
510500,中盘成长/均衡,S1_ATM_100_Monthly,2025-03-31,2025-04-23,5.854,5.628,5.75,0.1406,1.0,1,0,selected,not_used,0.1745950680732727,0.05952380952380952,low_iv,valid,535.0,0.12962151764025695,0.04497355043301576,1.0,,close,10008970.SH,0.7372088110632466,0.1234171594619751,23.0,-0.01776563033823031,-0.03860608131192347,0.02401776563033823,0.0,1.2008882815169115e-05,-0.014600324564400406,0.02400575674752306,0,0.02401776563033823,-0.0,-1.2008882815169115e-05,0.02400575674752306,False
510500,中盘成长/均衡,S1_ATM_100_Monthly,2025-04-30,2025-05-28,5.626,5.647,5.75,0.0574,1.0,1,0,selected,not_used,0.20998998241424563,0.6031746031746031,normal_iv,valid,551.0,0.3758895948330453,-0.16589961241879966,1.0,,close,10009090.SH,0.3394409538151628,0.1673806661605835,28.0,0.02204052612868823,0.00373266974760041,0.010202630643441166,0.0,5.1013153217205825e-06,0.013930199075719855,0.010197529328119445,0,0.010202630643441166,-0.0,-5.1013153217205825e-06,0.010197529328119445,False
510500,中盘成长/均衡,S1_ATM_100_Monthly,2025-05-30,2025-06-25,5.694,5.913,5.657,0.0983,1.0,1,0,selected,not_used,0.15978718628883362,0.007936507936507936,low_iv,valid,569.0,0.12716725774258528,0.032619928546248345,1.0,,close,10008301.SH,0.6027600191228414,0.12186746969223022,26.0,-0.00649806814190379,0.03846153846153851,0.017263786441868635,0.04495960660344226,8.631893220934318e-06,0.010757086406743952,-0.027704452054794562,1,0.017263786441868635,-0.04495960660344226,-8.631893220934318e-06,-0.02770445205479456,False
510500,中盘成长/均衡,S1_ATM_100_Monthly,2025-06-30,2025-07-23,5.963,6.27,6.0,0.062,1.0,1,0,selected,not_used,0.1708686602115631,0.12698412698412698,low_iv,valid,588.0,0.12359197148696469,0.04727668872459842,1.0,,close,10009364.SH,0.4447130331075889,0.12665005073547364,23.0,0.006204930404158926,0.05148415227234605,0.010397450947509643,0.04527922186818708,5.198725473754822e-06,0.016597182626194855,-0.03488696964615119,1,0.010397450947509643,-0.04527922186818708,-5.198725473754822e-06,-0.03488696964615119,False
510500,中盘成长/均衡,S1_ATM_100_Monthly,2025-07-31,2025-08-27,6.297,6.953,6.25,0.1189,1.0,1,0,selected,not_used,0.17108561677932743,0.15873015873015872,low_iv,valid,605.0,0.11852395227264226,0.052561664506685174,1.0,,close,10009550.SH,0.6074669990793244,0.12928213920593265,27.0,-0.007463871684929235,0.10417659202794992,0.018882007305065906,0.1116404637128792,9.441003652532952e-06,0.011408694616484099,-0.09276789741146582,1,0.018882007305065906,-0.1116404637128792,-9.441003652532952e-06,-0.09276789741146582,False
510500,中盘成长/均衡,S1_ATM_100_Monthly,2025-08-29,2025-09-24,7.141,7.432,7.25,0.138,1.0,1,0,selected,not_used,0.2806057690143585,0.9166666666666666,high_iv,valid,625.0,0.16325069659521232,0.1173550724191462,1.0,,close,10009047.SH,0.4273940883157774,0.23923620457649233,26.0,0.015263968631844316,0.040750595154740284,0.01932502450637166,0.025486626522896006,9.66251225318583e-06,0.03457933062596275,-0.006171264528777531,1,0.01932502450637166,-0.025486626522896006,-9.66251225318583e-06,-0.006171264528777532,False
510500,中盘成长/均衡,S1_ATM_100_Monthly,2025-09-30,2025-10-22,7.519,7.224,7.5,0.141,1.0,1,0,selected,not_used,0.19743511114120482,0.4642857142857143,normal_iv,valid,646.0,0.23869622120799858,-0.041261110066793755,1.0,,close,10009931.SH,0.5436137225111342,0.17209172306060788,22.0,-0.0025269317728421337,-0.03923394068360153,0.018752493682670564,0.0,9.376246841335283e-06,-0.0204908232477723,0.01874311743582923,0,0.018752493682670564,-0.0,-9.376246841335283e-06,0.01874311743582923,False
510500,中盘成长/均衡,S1_ATM_100_Monthly,2025-10-31,2025-11-26,7.436,7.065,7.5,0.1165,1.0,1,0,selected,not_used,0.20565919554233553,0.5079365079365079,normal_iv,valid,661.0,0.2456998254644229,-0.04004062992208737,1.0,,close,10010105.SH,0.44967846428495467,0.17818081178665163,26.0,0.008606777837547153,-0.0498924152770306,0.0156670252824099,0.0,7.833512641204949e-06,-0.034233223507261906,0.015659191769768696,0,0.0156670252824099,-0.0,-7.833512641204949e-06,0.015659191769768693,False
510500,中盘成长/均衡,S1_ATM_100_Monthly,2025-11-28,2025-12-24,7.135,7.47,7.25,0.0659,1.0,1,0,selected,not_used,0.1892074505329132,0.2857142857142857,low_iv,valid,680.0,0.19291815684097852,-0.0037107063080653035,1.0,,close,10009615.SH,0.3598505934617955,0.14432128238677977,26.0,0.016117729502452827,0.04695164681149264,0.009236159775753329,0.03083391730903991,4.618079887876665e-06,0.02534927119831818,-0.021602375613174456,1,0.009236159775753329,-0.03083391730903991,-4.618079887876665e-06,-0.02160237561317446,False
510500,中盘成长/均衡,S1_ATM_100_Monthly,2025-12-31,2026-01-28,7.588,8.691,7.692,0.0825,1.0,1,0,selected,not_used,0.19984309062957764,0.4722222222222222,normal_iv,valid,697.0,0.14077830974625338,0.05906478088332426,1.0,,close,10010484.SH,0.3903270026257549,0.14600448389053344,28.0,0.013705851344227638,0.14536109646810763,0.010872430152872958,0.13165524512387988,5.436215076436478e-06,0.024572845282024264,-0.12078825118608337,1,0.010872430152872958,-0.13165524512387988,-5.436215076436478e-06,-0.12078825118608337,False
510500,中盘成长/均衡,S1_ATM_100_Monthly,2026-01-30,2026-02-25,8.44,8.602,8.437,0.2126,1.0,1,0,selected,not_used,0.23026588494777678,0.75,high_iv,valid,716.0,0.2313456859045625,-0.0010798009567857259,1.0,,close,10010671.SH,0.5237955685131407,0.22836453480720523,26.0,-0.00035545023696681444,0.01919431279620863,0.025189573459715644,0.019549763033175467,1.2594786729857821e-05,0.024821528436018946,0.005627215639810317,1,0.025189573459715644,-0.019549763033175467,-1.2594786729857821e-05,0.005627215639810319,False
510500,中盘成长/均衡,S1_ATM_100_Monthly,2026-02-27,2026-03-25,8.737,7.826,8.75,0.1784,1.0,1,0,selected,not_used,0.20608714833259584,0.5555555555555556,normal_iv,valid,729.0,0.3106896960657871,-0.10460254773319128,1.0,,close,10010837.SH,0.509741102319538,0.1920779528141022,26.0,0.0014879249170196562,-0.10426919995421775,0.020418908092022434,0.0,1.0209454046011216e-05,-0.08386050131624133,0.020408698637976425,0,0.020418908092022434,-0.0,-1.0209454046011216e-05,0.020408698637976425,False
510500,中盘成长/均衡,S1_ATM_100_Monthly,2026-03-31,2026-04-22,7.683,8.455,7.75,0.1575,1.0,1,0,selected,not_used,0.27971171722412114,0.9841269841269841,high_iv,valid,750.0,0.25530555058585447,0.02440616663826667,1.0,,close,10011140.SH,0.4624195129367806,0.24483654499053958,22.0,0.008720551867759996,0.10048158271508528,0.020499804763764156,0.09176103084732527,1.0249902381882077e-05,0.029210106729142288,-0.071271475985943,1,0.020499804763764156,-0.09176103084732527,-1.0249902381882077e-05,-0.071271475985943,False
510500,中盘成长/均衡,S1_ATM_100_Monthly,2026-04-30,2026-05-27,8.43,8.614,8.5,0.1485,1.0,1,0,selected,not_used,0.2046983878850937,0.503968253968254,normal_iv,valid,766.0,0.243420719009505,-0.038722331124411286,1.0,,close,10011334.SH,0.45845134428121637,0.19148430242538456,27.0,0.008303677342823335,0.02182680901542124,0.017615658362989322,0.013523131672597955,8.807829181494663e-06,0.02591052787663111,0.004083718861209871,1,0.017615658362989322,-0.013523131672597955,-8.807829181494663e-06,0.004083718861209872,False
510500,中盘成长/均衡,S1_ATM_100_Monthly,2026-05-29,2026-06-03,8.443,8.455,8.437,0.1979,1.0,1,0,selected,not_used,0.24991356709003448,0.876984126984127,high_iv,valid,783.0,0.2596232595039666,-0.009709692413932103,1.0,,close,10010403.SH,0.5263571616610354,0.21022124381065369,26.0,-0.0007106478739784539,0.0014212957479569413,0.023439535710055668,0.002131943621935412,1.1719767855027833e-05,0.02271716806822217,0.021295872320265228,1,0.023439535710055668,-0.002131943621935412,-1.1719767855027833e-05,0.021295872320265228,False
510500,中盘成长/均衡,S4_OTM5_100_Monthly,2021-01-29,2021-02-26,7.024,7.056,,0.0,0.0,0,1,no_chain_on_trade_date,not_used,,,not_used,,,,,,,none,,,,,,0.004555808656036451,0.0,0.0,0.0,0.004555808656036451,0.0,0,0.0,-0.0,-0.0,0.0,False
510500,中盘成长/均衡,S4_OTM5_100_Monthly,2021-02-26,2021-03-31,7.056,6.943,,0.0,0.0,0,1,no_chain_on_trade_date,not_used,,,not_used,,,,,,,none,,,,,,-0.016014739229025004,0.0,0.0,0.0,-0.016014739229025004,0.0,0,0.0,-0.0,-0.0,0.0,False
510500,中盘成长/均衡,S4_OTM5_100_Monthly,2021-03-31,2021-04-30,6.943,7.211,,0.0,0.0,0,1,no_chain_on_trade_date,not_used,,,not_used,,,,,,,none,,,,,,0.03860002880599175,0.0,0.0,0.0,0.03860002880599175,0.0,0,0.0,-0.0,-0.0,0.0,False
510500,中盘成长/均衡,S4_OTM5_100_Monthly,2021-04-30,2021-05-31,7.211,7.479,,0.0,0.0,0,1,no_chain_on_trade_date,not_used,,,not_used,,,,,,,none,,,,,,0.03716544168631255,0.0,0.0,0.0,0.03716544168631255,0.0,0,0.0,-0.0,-0.0,0.0,False
510500,中盘成长/均衡,S4_OTM5_100_Monthly,2021-05-31,2021-06-30,7.479,7.598,,0.0,0.0,0,1,no_chain_on_trade_date,not_used,,,not_used,,,,,,,none,,,,,,0.01591121807728303,0.0,0.0,0.0,0.01591121807728303,0.0,0,0.0,-0.0,-0.0,0.0,False
510500,中盘成长/均衡,S4_OTM5_100_Monthly,2021-06-30,2021-07-30,7.598,7.601,,0.0,0.0,0,1,no_chain_on_trade_date,not_used,,,not_used,,,,,,,none,,,,,,0.00039484074756516367,0.0,0.0,0.0,0.00039484074756516367,0.0,0,0.0,-0.0,-0.0,0.0,False
510500,中盘成长/均衡,S4_OTM5_100_Monthly,2021-07-30,2021-08-31,7.601,8.142,,0.0,0.0,0,1,no_chain_on_trade_date,not_used,,,not_used,,,,,,,none,,,,,,0.07117484541507689,0.0,0.0,0.0,0.07117484541507689,0.0,0,0.0,-0.0,-0.0,0.0,False
510500,中盘成长/均衡,S4_OTM5_100_Monthly,2021-08-31,2021-09-30,8.142,7.969,,0.0,0.0,0,1,no_chain_on_trade_date,not_used,,,not_used,,,,,,,none,,,,,,-0.021247850650945612,0.0,0.0,0.0,-0.021247850650945612,0.0,0,0.0,-0.0,-0.0,0.0,False
510500,中盘成长/均衡,S4_OTM5_100_Monthly,2021-09-30,2021-10-29,7.969,7.895,,0.0,0.0,0,1,no_chain_on_trade_date,not_used,,,not_used,,,,,,,none,,,,,,-0.009285983184841352,0.0,0.0,0.0,-0.009285983184841352,0.0,0,0.0,-0.0,-0.0,0.0,False
510500,中盘成长/均衡,S4_OTM5_100_Monthly,2021-10-29,2021-11-30,7.895,8.143,,0.0,0.0,0,1,no_chain_on_trade_date,not_used,,,not_used,,,,,,,none,,,,,,0.0314122862571249,0.0,0.0,0.0,0.0314122862571249,0.0,0,0.0,-0.0,-0.0,0.0,False
510500,中盘成长/均衡,S4_OTM5_100_Monthly,2021-11-30,2021-12-31,8.143,8.258,,0.0,0.0,0,1,no_chain_on_trade_date,not_used,,,not_used,,,,,,,none,,,,,,0.01412255925334624,0.0,0.0,0.0,0.01412255925334624,0.0,0,0.0,-0.0,-0.0,0.0,False
510500,中盘成长/均衡,S4_OTM5_100_Monthly,2021-12-31,2022-01-28,8.258,7.381,,0.0,0.0,0,1,no_chain_on_trade_date,not_used,,,not_used,,,,,,,none,,,,,,-0.1062000484378783,0.0,0.0,0.0,-0.1062000484378783,0.0,0,0.0,-0.0,-0.0,0.0,False
510500,中盘成长/均衡,S4_OTM5_100_Monthly,2022-01-28,2022-02-28,7.381,7.695,,0.0,0.0,0,1,no_chain_on_trade_date,not_used,,,not_used,,,,,,,none,,,,,,0.042541661021541805,0.0,0.0,0.0,0.042541661021541805,0.0,0,0.0,-0.0,-0.0,0.0,False
510500,中盘成长/均衡,S4_OTM5_100_Monthly,2022-02-28,2022-03-31,7.695,7.111,,0.0,0.0,0,1,no_chain_on_trade_date,not_used,,,not_used,,,,,,,none,,,,,,-0.07589343729694613,0.0,0.0,0.0,-0.07589343729694613,0.0,0,0.0,-0.0,-0.0,0.0,False
510500,中盘成长/均衡,S4_OTM5_100_Monthly,2022-03-31,2022-04-29,7.111,6.347,,0.0,0.0,0,1,no_chain_on_trade_date,not_used,,,not_used,,,,,,,none,,,,,,-0.10743917873716768,0.0,0.0,0.0,-0.10743917873716768,0.0,0,0.0,-0.0,-0.0,0.0,False
510500,中盘成长/均衡,S4_OTM5_100_Monthly,2022-04-29,2022-05-31,6.347,6.807,,0.0,0.0,0,1,no_chain_on_trade_date,not_used,,,not_used,,,,,,,none,,,,,,0.07247518512683156,0.0,0.0,0.0,0.07247518512683156,0.0,0,0.0,-0.0,-0.0,0.0,False
510500,中盘成长/均衡,S4_OTM5_100_Monthly,2022-05-31,2022-06-30,6.807,7.346,,0.0,0.0,0,1,no_chain_on_trade_date,not_used,,,not_used,,,,,,,none,,,,,,0.07918319377111792,0.0,0.0,0.0,0.07918319377111792,0.0,0,0.0,-0.0,-0.0,0.0,False
510500,中盘成长/均衡,S4_OTM5_100_Monthly,2022-06-30,2022-07-29,7.346,7.194,,0.0,0.0,0,1,no_chain_on_trade_date,not_used,,,not_used,,,,,,,none,,,,,,-0.0206915328069698,0.0,0.0,0.0,-0.0206915328069698,0.0,0,0.0,-0.0,-0.0,0.0,False
510500,中盘成长/均衡,S4_OTM5_100_Monthly,2022-07-29,2022-08-31,7.194,6.157,,0.0,0.0,0,1,no_chain_on_trade_date,not_used,,,not_used,,,,,,,none,,,,,,-0.14414790102863495,0.0,0.0,0.0,-0.14414790102863495,0.0,0,0.0,-0.0,-0.0,0.0,False
510500,中盘成长/均衡,S4_OTM5_100_Monthly,2022-08-31,2022-09-30,6.157,5.713,,0.0,0.0,0,1,no_chain_on_trade_date,not_used,,,not_used,,,,,,,none,,,,,,-0.0721130420659412,0.0,0.0,0.0,-0.0721130420659412,0.0,0,0.0,-0.0,-0.0,0.0,False
510500,中盘成长/均衡,S4_OTM5_100_Monthly,2022-09-30,2022-10-26,5.713,5.987,6.0,0.0286,1.0,1,0,selected,not_used,0.20742584187984467,,warmup_invalid,warmup,10.0,0.19671641472558613,0.010709427154258544,0.0,,close,10004501.SH,0.18339637246730228,0.19211848316192626,26.0,0.050236303168212926,0.04796079117801506,0.005006126378435148,0.0,2.503063189217574e-06,0.05296441449326099,0.005003623315245932,0,0.005006126378435148,-0.0,-2.503063189217574e-06,0.0050036233152459305,False
510500,中盘成长/均衡,S4_OTM5_100_Monthly,2022-10-31,2022-11-23,5.814,6.129,6.0,0.072,1.0,1,0,selected,not_used,0.2611368972301483,,warmup_invalid,warmup,26.0,0.23689824538561569,0.024238651844532638,0.0,,close,10004519.SH,0.32139237058606807,0.2435920248985291,23.0,0.031991744066047545,0.0541795665634674,0.012383900928792569,0.022187822497419945,6.191950464396285e-06,0.044369453044375624,-0.009810113519091779,1,0.012383900928792569,-0.022187822497419945,-6.191950464396285e-06,-0.009810113519091772,False
510500,中盘成长/均衡,S4_OTM5_100_Monthly,2022-11-30,2022-12-28,6.157,5.884,6.5,0.0266,1.0,1,0,selected,not_used,0.18878784222602846,,warmup_invalid,warmup,42.0,0.13820738590713486,0.0505804563188936,0.0,,close,10004539.SH,0.16146097690185685,0.18748848695755005,28.0,0.05570894916355362,-0.0443397758648692,0.004320285853500081,0.0,2.1601429267500404e-06,-0.04002165015429587,0.004318125710573335,0,0.004320285853500081,-0.0,-2.1601429267500404e-06,0.004318125710573331,False
510500,中盘成长/均衡,S4_OTM5_100_Monthly,2022-12-30,2023-01-30,5.887,6.298,6.25,0.0115,1.0,1,0,selected,not_used,0.14548831799030304,,warmup_invalid,warmup,59.0,0.11130644512770146,0.034181872862601576,0.0,,close,10004819.SH,0.09640445362020106,0.15063924837112425,31.0,0.061661287582809754,0.06981484627144564,0.00195345676915237,0.008153558688635985,9.767283845761848e-07,0.06361376762357746,-0.006201078647868188,1,0.00195345676915237,-0.008153558688635985,-9.767283845761848e-07,-0.006201078647868192,False
510500,中盘成长/均衡,S4_OTM5_100_Monthly,2023-01-31,2023-02-22,6.303,6.389,6.5,0.035,1.0,1,0,selected,not_used,0.15738635921478272,,warmup_invalid,warmup,75.0,0.07745572276597447,0.07993063644880825,0.0,,close,10004981.SH,0.23841731302660418,0.16463413906097413,22.0,0.03125495795652866,0.013644296366809503,0.005552911312073617,0.0,2.7764556560368083e-06,0.019194431223227084,0.005550134856417581,0,0.005552911312073617,-0.0,-2.7764556560368083e-06,0.00555013485641758,False
510500,中盘成长/均衡,S4_OTM5_100_Monthly,2023-02-28,2023-03-22,6.372,6.281,6.75,0.0077,1.0,1,0,selected,not_used,0.15860703792572017,,warmup_invalid,warmup,94.0,0.12030767571706182,0.03829936220865836,0.0,,close,10004558.SH,0.07224572757829445,0.15545997562408448,22.0,0.05932203389830515,-0.01428123038292533,0.0012084118016321406,0.0,6.042059008160704e-07,-0.013073422787194006,0.0012078075957313236,0,0.0012084118016321406,-0.0,-6.042059008160704e-07,0.0012078075957313245,False
510500,中盘成长/均衡,S4_OTM5_100_Monthly,2023-03-31,2023-04-26,6.359,6.159,6.75,0.0048,1.0,1,0,selected,not_used,0.1317997890472412,,warmup_invalid,warmup,111.0,0.11554247501062795,0.016257314036613263,0.0,,close,10005224.SH,0.0515327183283491,0.13243873805999756,26.0,0.06148765529171252,-0.03145148608271744,0.0007548356659852177,0.0,3.7741783299260887e-07,-0.030697027834565214,0.000754458248152224,0,0.0007548356659852177,-0.0,-3.7741783299260887e-07,0.0007544582481522252,False
510500,中盘成长/均衡,S4_OTM5_100_Monthly,2023-04-28,2023-05-24,6.277,6.038,6.5,0.0171,1.0,1,0,selected,not_used,0.12967552199363713,,warmup_invalid,warmup,129.0,0.13834894282779922,-0.008673420834162088,0.0,,close,10005302.SH,0.1592761189382898,0.12373663396835327,26.0,0.035526525410227716,-0.038075513780468355,0.0027242313206945995,0.0,1.3621156603473e-06,-0.035352644575434106,0.0027228692050342493,0,0.0027242313206945995,-0.0,-1.3621156603473e-06,0.0027228692050342523,False
510500,中盘成长/均衡,S4_OTM5_100_Monthly,2023-05-31,2023-06-28,6.092,6.031,6.5,0.0045,1.0,1,0,selected,not_used,0.13763258292675018,,warmup_invalid,warmup,143.0,0.09812399663636037,0.03950858629038981,0.0,,close,10004721.SH,0.04798725514461949,0.13573838520050047,28.0,0.0669730794484571,-0.010013131976362433,0.0007386736703873933,0.0,3.693368351936967e-07,-0.009274827642810233,0.0007383043335522001,0,0.0007386736703873933,-0.0,-3.693368351936967e-07,0.0007383043335521996,False
510500,中盘成长/均衡,S4_OTM5_100_Monthly,2023-06-30,2023-07-26,6.095,6.107,6.5,0.0038,1.0,1,0,selected,not_used,0.12816040222644806,,warmup_invalid,warmup,162.0,0.14307254054244076,-0.014912138315992696,0.0,,close,10005441.SH,0.042786890513572706,0.13567162933349608,26.0,0.0664479081214111,0.0019688269073011412,0.000623461853978671,0.0,3.117309269893355e-07,0.002591977030352823,0.000623150123051682,0,0.000623461853978671,-0.0,-3.117309269893355e-07,0.0006231501230516817,False
510500,中盘成长/均衡,S4_OTM5_100_Monthly,2023-07-31,2023-08-23,6.196,5.738,6.5,0.0148,1.0,1,0,selected,not_used,0.14431055376529695,,warmup_invalid,warmup,182.0,0.12431790158557499,0.01999265217972196,0.0,,close,10005685.SH,0.1237209236627349,0.15792994270324706,23.0,0.04906391220142026,-0.07391865719819227,0.0023886378308586188,0.0,1.1943189154293094e-06,-0.07153121368624908,0.0023874435119431853,0,0.0023886378308586188,-0.0,-1.1943189154293094e-06,0.0023874435119431896,False
510500,中盘成长/均衡,S4_OTM5_100_Monthly,2023-08-31,2023-09-27,5.846,5.784,6.25,0.012,1.0,1,0,selected,not_used,0.1701903729200363,,warmup_invalid,warmup,199.0,0.16212997071510413,0.008060402204932177,0.0,,close,10005145.SH,0.09267219813930455,0.17813789730072022,27.0,0.06910708176530966,-0.010605542251111919,0.0020526855969893944,0.0,1.0263427984946972e-06,-0.008553882996921018,0.0020516592541909,0,0.0020526855969893944,-0.0,-1.0263427984946972e-06,0.0020516592541908996,False
510500,中盘成长/均衡,S4_OTM5_100_Monthly,2023-09-28,2023-10-25,5.792,5.467,6.0,0.0269,1.0,1,0,selected,not_used,0.1413113080263138,,warmup_invalid,warmup,218.0,0.12505591696838622,0.016255391057927587,0.0,,close,10005954.SH,0.20747130629581806,0.14876054754257206,27.0,0.035911602209944826,-0.05611187845303871,0.004644337016574586,0.0,2.322168508287293e-06,-0.05146986360497241,0.004642014848066298,0,0.004644337016574586,-0.0,-2.322168508287293e-06,0.0046420148480662985,False
510500,中盘成长/均衡,S4_OTM5_100_Monthly,2023-10-31,2023-11-22,5.627,5.668,6.0,0.0049,1.0,1,0,selected,not_used,0.1542273762226105,,warmup_invalid,warmup,235.0,0.15812807956242023,-0.0039007033398097135,0.0,,close,10006066.SH,0.05395480327372759,0.1576629192352295,22.0,0.06628754220721533,0.0072862982050827035,0.0008708014928025591,0.0,4.3540074640127953e-07,0.008156664297138861,0.0008703660920561579,0,0.0008708014928025591,-0.0,-4.3540074640127953e-07,0.0008703660920561579,False
510500,中盘成长/均衡,S4_OTM5_100_Monthly,2023-11-30,2023-12-27,5.637,5.372,6.0,0.005,1.0,1,0,selected,not_used,0.14589481353759765,,warmup_invalid,warmup,251.0,0.11316584876222921,0.032728964775368435,0.0,,close,10005368.SH,0.05586111823718337,0.13919061717987063,27.0,0.0643959552953699,-0.04701082135887878,0.0008869966294128084,0.0,4.434983147064042e-07,-0.04612426822778068,0.0008865531310981029,0,0.0008869966294128084,-0.0,-4.434983147064042e-07,0.000886553131098102,False
510500,中盘成长/均衡,S4_OTM5_100_Monthly,2023-12-29,2024-01-24,5.519,5.018,5.75,0.0188,1.0,1,0,selected,not_used,0.14169992253780367,0.3333333333333333,normal_iv,valid,271.0,0.13198323197143783,0.009716690566365843,1.0,,close,10006313.SH,0.16460653839172806,0.14895127859115603,26.0,0.04185540858851233,-0.09077731473092958,0.0034064142054720057,0.0,1.7032071027360028e-06,-0.0873726037325603,0.0034047109983692814,0,0.0034064142054720057,-0.0,-1.7032071027360028e-06,0.0034047109983692697,False
510500,中盘成长/均衡,S4_OTM5_100_Monthly,2024-01-31,2024-02-28,4.783,5.259,5.0,0.0499,1.0,1,0,selected,not_used,0.288347065448761,0.996031746031746,high_iv,valid,287.0,0.27686349896077533,0.011483566487985652,1.0,,close,10006540.SH,0.2683399551036061,0.23766028928756716,28.0,0.04536901526238757,0.09951913025297929,0.010432782772318627,0.05415011499059175,5.216391386159314e-06,0.055796581643320006,-0.04372254860965928,1,0.010432782772318627,-0.05415011499059175,-5.216391386159314e-06,-0.04372254860965928,False
510500,中盘成长/均衡,S4_OTM5_100_Monthly,2024-02-29,2024-03-27,5.431,5.236,5.75,0.0593,1.0,1,0,selected,not_used,0.28041503796577455,0.9682539682539683,high_iv,valid,302.0,0.4710808639034828,-0.19066582593770826,1.0,,close,10005804.SH,0.24740877810567707,0.28343574094772345,27.0,0.058736880869084906,-0.035904989872951626,0.010918799484441171,0.0,5.459399742220585e-06,-0.024991649788252676,0.01091334008469895,0,0.010918799484441171,-0.0,-5.459399742220585e-06,0.01091334008469895,False
510500,中盘成长/均衡,S4_OTM5_100_Monthly,2024-03-29,2024-04-24,5.371,5.349,5.75,0.0164,1.0,1,0,selected,not_used,0.21098416800498962,0.8690476190476191,high_iv,valid,322.0,0.18479207215570184,0.026192095849287778,1.0,,close,10006957.SH,0.11668507165840108,0.2051835599899292,26.0,0.07056414075591122,-0.004096071495066141,0.0030534351145038168,0.0,1.5267175572519084e-06,-0.0010441630981195757,0.003051908396946565,0,0.0030534351145038168,-0.0,-1.5267175572519084e-06,0.003051908396946565,False
510500,中盘成长/均衡,S4_OTM5_100_Monthly,2024-04-30,2024-05-22,5.529,5.478,5.906,0.0078,1.0,1,0,selected,not_used,0.14629296460151675,0.42063492063492064,normal_iv,valid,342.0,0.2255458301980174,-0.07925286559650066,1.0,,close,10007078.SH,0.07325002609963821,0.17894850425720216,22.0,0.06818592873937424,-0.00922409115572439,0.0014107433532284319,0.0,7.05371676614216e-07,-0.007814053174172574,0.0014100379815518167,0,0.0014107433532284319,-0.0,-7.05371676614216e-07,0.0014100379815518177,False
510500,中盘成长/均衡,S4_OTM5_100_Monthly,2024-05-31,2024-06-26,5.335,5.072,5.659,0.0131,1.0,1,0,selected,not_used,0.17233371307849882,0.6428571428571429,normal_iv,valid,357.0,0.13868213752543893,0.03365157555305989,1.0,,close,10006208.SH,0.11155301988535987,0.17363664455413813,26.0,0.06073102155576371,-0.049297094657919385,0.0024554826616682286,0.0,1.2277413308341145e-06,-0.04684283973758199,0.0024542549203373926,0,0.0024554826616682286,-0.0,-1.2277413308341145e-06,0.0024542549203373943,False
510500,中盘成长/均衡,S4_OTM5_100_Monthly,2024-06-28,2024-07-24,4.996,4.737,5.25,0.0211,1.0,1,0,selected,not_used,0.1873919293642044,0.7103174603174603,high_iv,valid,375.0,0.14712701737391598,0.04026491199028842,1.0,,close,10007372.SH,0.16693870281088385,0.18217185897827143,26.0,0.050840672538030374,-0.051841473178542895,0.00422337870296237,0.0,2.111689351481185e-06,-0.047620206164932004,0.004221267013610891,0,0.00422337870296237,-0.0,-2.111689351481185e-06,0.004221267013610888,False
510500,中盘成长/均衡,S4_OTM5_100_Monthly,2024-07-31,2024-08-28,4.975,4.568,5.25,0.023,1.0,1,0,selected,not_used,0.1858219744205475,0.6785714285714286,normal_iv,valid,392.0,0.24462351992912224,-0.05880154550857475,1.0,,close,10007492.SH,0.16804927418711912,0.19094071893692016,28.0,0.05527638190954787,-0.08180904522613067,0.004623115577889448,0.0,2.3115577889447236e-06,-0.07718824120603017,0.004620804020100497,0,0.004623115577889448,-0.0,-2.3115577889447236e-06,0.004620804020100503,False
510500,中盘成长/均衡,S4_OTM5_100_Monthly,2024-08-30,2024-09-25,4.712,4.813,4.921,0.0193,1.0,1,0,selected,not_used,0.16830690381526947,0.42857142857142855,normal_iv,valid,413.0,0.15684781902760062,0.011459084787668855,1.0,,close,10006769.SH,0.17596672514932982,0.1650489790916443,26.0,0.04435483870967749,0.021434634974533105,0.004095925297113752,0.0,2.0479626485568765e-06,0.025528512308998302,0.004093877334465198,0,0.004095925297113752,-0.0,-2.0479626485568765e-06,0.004093877334465195,False
510500,中盘成长/均衡,S4_OTM5_100_Monthly,2024-09-30,2024-10-23,5.995,5.869,6.25,0.2678,1.0,1,0,selected,not_used,0.553229577445984,1.0,high_iv,valid,431.0,0.4935269324311755,0.059702645014808486,1.0,,close,10008019.SH,0.4275931041414071,0.6185835712432861,23.0,0.042535446205171024,-0.021017514595496303,0.044670558798999165,0.0,2.233527939949958e-05,0.023630708924103364,0.04464822351959967,0,0.044670558798999165,-0.0,-2.233527939949958e-05,0.04464822351959966,False
510500,中盘成长/均衡,S4_OTM5_100_Monthly,2024-10-31,2024-11-27,6.0,5.896,6.25,0.1217,1.0,1,0,selected,not_used,0.33240832180976865,0.9761904761904762,high_iv,valid,445.0,0.5785410110154781,-0.2461326892057094,1.0,,close,10008023.SH,0.3490363618923654,0.3338244998455048,27.0,0.04166666666666674,-0.01733333333333335,0.020283333333333334,0.0,1.0141666666666666e-05,0.002939858333333317,0.020273191666666666,0,0.020283333333333334,-0.0,-1.0141666666666666e-05,0.020273191666666666,False
510500,中盘成长/均衡,S4_OTM5_100_Monthly,2024-11-29,2024-12-25,5.944,5.932,6.25,0.051,1.0,1,0,selected,not_used,0.25218684277534487,0.7936507936507936,high_iv,valid,465.0,0.2845207435614162,-0.032333900786071346,1.0,,close,10007322.SH,0.23462397458675383,0.24174193372726444,26.0,0.051480484522207215,-0.002018842530282565,0.008580080753701211,0.0,4.290040376850605e-06,0.006556948183041795,0.008575790713324361,0,0.008580080753701211,-0.0,-4.290040376850605e-06,0.008575790713324361,False
510500,中盘成长/均衡,S4_OTM5_100_Monthly,2024-12-31,2025-01-22,5.811,5.607,6.149,0.021,1.0,1,0,selected,not_used,0.2788450830221176,0.873015873015873,high_iv,valid,486.0,0.18062039135047814,0.09822469167163944,1.0,,close,10008432.SH,0.14269112196941663,0.20608476419448857,22.0,0.058165548098433995,-0.03510583376355184,0.0036138358286009293,0.0,1.8069179143004648e-06,-0.031493804852865216,0.0036120289106866266,0,0.0036138358286009293,-0.0,-1.8069179143004648e-06,0.0036120289106866287,False
510500,中盘成长/均衡,S4_OTM5_100_Monthly,2025-01-27,2025-02-26,5.585,6.045,5.903,0.0423,1.0,1,0,selected,not_used,0.23363467209339145,0.6468253968253969,normal_iv,valid,498.0,0.23417692270881138,-0.0005422506154199314,1.0,,close,10008613.SH,0.2124953990744904,0.2257682084083557,30.0,0.05693822739480736,0.08236347358997313,0.00757385854968666,0.025425246195165684,3.7869292748433304e-06,0.06450829901521926,-0.01785517457475387,1,0.00757385854968666,-0.025425246195165684,-3.7869292748433304e-06,-0.017855174574753867,False
510500,中盘成长/均衡,S4_OTM5_100_Monthly,2025-02-28,2025-03-26,5.867,5.941,6.149,0.0367,1.0,1,0,selected,not_used,0.21568807249069216,0.5714285714285714,normal_iv,valid,515.0,0.20473672859686856,0.0109513438938236,1.0,,close,10008027.SH,0.20892688746574,0.20369347367286686,26.0,0.048065450826657585,0.0126129197204704,0.006255326401908983,0.0,3.1276632009544914e-06,0.018865118459178428,0.0062521987387080275,0,0.006255326401908983,-0.0,-3.1276632009544914e-06,0.006252198738708028,False
510500,中盘成长/均衡,S4_OTM5_100_Monthly,2025-03-31,2025-04-23,5.854,5.628,6.25,0.0134,1.0,1,0,selected,not_used,0.1745950680732727,0.05952380952380952,low_iv,valid,535.0,0.12962151764025695,0.04497355043301576,1.0,,close,10008972.SH,0.10023666621517396,0.19599509172439578,23.0,0.06764605398018442,-0.03860608131192347,0.0022890331397335158,0.0,1.1445165698667579e-06,-0.03631819268875981,0.0022878886231636544,0,0.0022890331397335158,-0.0,-1.1445165698667579e-06,0.0022878886231636492,False
510500,中盘成长/均衡,S4_OTM5_100_Monthly,2025-04-30,2025-05-28,5.626,5.647,6.0,0.0186,1.0,1,0,selected,not_used,0.20998998241424563,0.6031746031746031,normal_iv,valid,551.0,0.3758895948330453,-0.16589961241879966,1.0,,close,10009091.SH,0.12653297543971564,0.19391135501861573,28.0,0.06647707074297893,0.00373266974760041,0.0033060789193032347,0.0,1.6530394596516171e-06,0.007037095627443993,0.0033044258798435827,0,0.0033060789193032347,-0.0,-1.6530394596516171e-06,0.003304425879843583,False
510500,中盘成长/均衡,S4_OTM5_100_Monthly,2025-05-30,2025-06-25,5.694,5.913,6.0,0.013,1.0,1,0,selected,not_used,0.15978718628883362,0.007936507936507936,low_iv,valid,569.0,0.12716725774258528,0.032619928546248345,1.0,,close,10008773.SH,0.11458616340394534,0.15596541290283203,26.0,0.05374077976817704,0.03846153846153851,0.00228310502283105,0.0,1.1415525114155251e-06,0.04074350193185815,0.0022819634703196354,0,0.00228310502283105,-0.0,-1.1415525114155251e-06,0.0022819634703196345,False
510500,中盘成长/均衡,S4_OTM5_100_Monthly,2025-06-30,2025-07-23,5.963,6.27,6.25,0.0183,1.0,1,0,selected,not_used,0.1708686602115631,0.12698412698412698,low_iv,valid,588.0,0.12359197148696469,0.04727668872459842,1.0,,close,10009365.SH,0.144218453250553,0.16832478485107422,23.0,0.048130135837665566,0.05148415227234605,0.0030689250377326847,0.0033540164346804583,1.5344625188663424e-06,0.051197526412879404,-0.0002866258594666424,1,0.0030689250377326847,-0.0033540164346804583,-1.5344625188663424e-06,-0.00028662585946663993,False
510500,中盘成长/均衡,S4_OTM5_100_Monthly,2025-07-31,2025-08-27,6.297,6.953,6.5,0.04,1.0,1,0,selected,not_used,0.17108561677932743,0.15873015873015872,low_iv,valid,605.0,0.11852395227264226,0.052561664506685174,1.0,,close,10009551.SH,0.2501666118214667,0.15986586284637455,27.0,0.03223757344767364,0.10417659202794992,0.006352231221216453,0.07193901858027638,3.1761156106082265e-06,0.038586628553279385,-0.06558996347467053,1,0.006352231221216453,-0.07193901858027638,-3.1761156106082265e-06,-0.06558996347467054,False
510500,中盘成长/均衡,S4_OTM5_100_Monthly,2025-08-29,2025-09-24,7.141,7.432,7.5,0.08,1.0,1,0,selected,not_used,0.2806057690143585,0.9166666666666666,high_iv,valid,625.0,0.16325069659521232,0.1173550724191462,1.0,,close,10009743.SH,0.265513468234702,0.2693931674957275,26.0,0.05027307099845957,0.040750595154740284,0.011202912757316903,0.0,5.601456378658452e-06,0.05194790645567853,0.011197311300938248,0,0.011202912757316903,-0.0,-5.601456378658452e-06,0.011197311300938245,False
510500,中盘成长/均衡,S4_OTM5_100_Monthly,2025-09-30,2025-10-22,7.519,7.224,8.0,0.0248,1.0,1,0,selected,not_used,0.19743511114120482,0.4642857142857143,normal_iv,valid,646.0,0.23869622120799858,-0.041261110066793755,1.0,,close,10009933.SH,0.12867712268313947,0.21370446958541872,22.0,0.06397127277563497,-0.03923394068360153,0.0032983109456044685,0.0,1.6491554728022343e-06,-0.035937278893469864,0.0032966617901316678,0,0.0032983109456044685,-0.0,-1.6491554728022343e-06,0.003296661790131666,False
510500,中盘成长/均衡,S4_OTM5_100_Monthly,2025-10-31,2025-11-26,7.436,7.065,7.75,0.046,1.0,1,0,selected,not_used,0.20565919554233553,0.5079365079365079,normal_iv,valid,661.0,0.2456998254644229,-0.04004062992208737,1.0,,close,10010106.SH,0.22023552340847052,0.1878651807785034,26.0,0.04222700376546529,-0.0498924152770306,0.006186121570736955,0.0,3.0930607853684776e-06,-0.043709386767079014,0.006183028509951588,0,0.006186121570736955,-0.0,-3.0930607853684776e-06,0.006183028509951587,False
510500,中盘成长/均衡,S4_OTM5_100_Monthly,2025-11-28,2025-12-24,7.135,7.47,7.5,0.0191,1.0,1,0,selected,not_used,0.1892074505329132,0.2857142857142857,low_iv,valid,680.0,0.19291815684097852,-0.0037107063080653035,1.0,,close,10009745.SH,0.1293515666005,0.15783457717895508,26.0,0.051156271899089,0.04695164681149264,0.0026769446391030132,0.0,1.3384723195515068e-06,0.0496272529782761,0.002675606166783466,0,0.0026769446391030132,-0.0,-1.3384723195515068e-06,0.0026756061667834617,False
510500,中盘成长/均衡,S4_OTM5_100_Monthly,2025-12-31,2026-01-28,7.588,8.691,7.94,0.031,1.0,1,0,selected,not_used,0.19984309062957764,0.4722222222222222,normal_iv,valid,697.0,0.14077830974625338,0.05906478088332426,1.0,,close,10010485.SH,0.17203945840447976,0.1632823327541351,28.0,0.04638903531892469,0.14536109646810763,0.004085397996837111,0.09897206114918296,2.0426989984185557e-06,0.05047239061676336,-0.09488870585134426,1,0.004085397996837111,-0.09897206114918296,-2.0426989984185557e-06,-0.09488870585134426,False
510500,中盘成长/均衡,S4_OTM5_100_Monthly,2026-01-30,2026-02-25,8.44,8.602,8.933,0.0657,1.0,1,0,selected,not_used,0.23026588494777678,0.75,high_iv,valid,716.0,0.2313456859045625,-0.0010798009567857259,1.0,,close,10010751.SH,0.2124776540036284,0.24949515085220336,26.0,0.05841232227488158,0.01919431279620863,0.00778436018957346,0.0,3.89218009478673e-06,0.026974780805687302,0.0077804680094786735,0,0.00778436018957346,-0.0,-3.89218009478673e-06,0.0077804680094786735,False
510500,中盘成长/均衡,S4_OTM5_100_Monthly,2026-02-27,2026-03-25,8.737,7.826,9.181,0.0483,1.0,1,0,selected,not_used,0.20608714833259584,0.5555555555555556,normal_iv,valid,729.0,0.3106896960657871,-0.10460254773319128,1.0,,close,10010769.SH,0.19171398471384749,0.20078959345817565,26.0,0.05081835870436069,-0.10426919995421775,0.005528213345541948,0.0,2.764106672770974e-06,-0.09874375071534858,0.005525449238869176,0,0.005528213345541948,-0.0,-2.764106672770974e-06,0.005525449238869177,False
510500,中盘成长/均衡,S4_OTM5_100_Monthly,2026-03-31,2026-04-22,7.683,8.455,8.0,0.0681,1.0,1,0,selected,not_used,0.27971171722412114,0.9841269841269841,high_iv,valid,750.0,0.25530555058585447,0.02440616663826667,1.0,,close,10011141.SH,0.2595689752099024,0.2371310106277466,22.0,0.041259924508655565,0.10048158271508528,0.008863725107379929,0.05922165820642979,4.431862553689965e-06,0.05011921775348173,-0.050362364961603553,1,0.008863725107379929,-0.05922165820642979,-4.431862553689965e-06,-0.050362364961603553,False
510500,中盘成长/均衡,S4_OTM5_100_Monthly,2026-04-30,2026-05-27,8.43,8.614,8.75,0.0681,1.0,1,0,selected,not_used,0.2046983878850937,0.503968253968254,normal_iv,valid,766.0,0.243420719009505,-0.038722331124411286,1.0,,close,10011335.SH,0.25883859139543336,0.1953179965019226,27.0,0.03795966785290639,0.02182680901542124,0.008078291814946618,0.0,4.03914590747331e-06,0.029901061684460384,0.008074252669039144,0,0.008078291814946618,-0.0,-4.03914590747331e-06,0.008074252669039146,False
510500,中盘成长/均衡,S4_OTM5_100_Monthly,2026-05-29,2026-06-03,8.443,8.455,8.933,0.0564,1.0,1,0,selected,not_used,0.24991356709003448,0.876984126984127,high_iv,valid,783.0,0.2596232595039666,-0.009709692413932103,1.0,,close,10010755.SH,0.19788468051117386,0.23401732625961302,26.0,0.058036243041572844,0.0014212957479569413,0.0066800900153973705,0.0,3.3400450076986854e-06,0.008098045718346613,0.0066767499703896714,0,0.0066800900153973705,-0.0,-3.3400450076986854e-06,0.0066767499703896714,False
510500,中盘成长/均衡,S5_IVTiming_ATM_Monthly,2021-01-29,2021-02-26,7.024,7.056,,0.0,0.0,0,0,data_invalid_skip,data_invalid_skip,,,data_invalid,,,,,0.0,,none,,,,,,0.004555808656036451,0.0,0.0,0.0,0.004555808656036451,0.0,0,0.0,-0.0,-0.0,0.0,False
510500,中盘成长/均衡,S5_IVTiming_ATM_Monthly,2021-02-26,2021-03-31,7.056,6.943,,0.0,0.0,0,0,data_invalid_skip,data_invalid_skip,,,data_invalid,,,,,0.0,,none,,,,,,-0.016014739229025004,0.0,0.0,0.0,-0.016014739229025004,0.0,0,0.0,-0.0,-0.0,0.0,False
510500,中盘成长/均衡,S5_IVTiming_ATM_Monthly,2021-03-31,2021-04-30,6.943,7.211,,0.0,0.0,0,0,data_invalid_skip,data_invalid_skip,,,data_invalid,,,,,0.0,,none,,,,,,0.03860002880599175,0.0,0.0,0.0,0.03860002880599175,0.0,0,0.0,-0.0,-0.0,0.0,False
510500,中盘成长/均衡,S5_IVTiming_ATM_Monthly,2021-04-30,2021-05-31,7.211,7.479,,0.0,0.0,0,0,data_invalid_skip,data_invalid_skip,,,data_invalid,,,,,0.0,,none,,,,,,0.03716544168631255,0.0,0.0,0.0,0.03716544168631255,0.0,0,0.0,-0.0,-0.0,0.0,False
510500,中盘成长/均衡,S5_IVTiming_ATM_Monthly,2021-05-31,2021-06-30,7.479,7.598,,0.0,0.0,0,0,data_invalid_skip,data_invalid_skip,,,data_invalid,,,,,0.0,,none,,,,,,0.01591121807728303,0.0,0.0,0.0,0.01591121807728303,0.0,0,0.0,-0.0,-0.0,0.0,False
510500,中盘成长/均衡,S5_IVTiming_ATM_Monthly,2021-06-30,2021-07-30,7.598,7.601,,0.0,0.0,0,0,data_invalid_skip,data_invalid_skip,,,data_invalid,,,,,0.0,,none,,,,,,0.00039484074756516367,0.0,0.0,0.0,0.00039484074756516367,0.0,0,0.0,-0.0,-0.0,0.0,False
510500,中盘成长/均衡,S5_IVTiming_ATM_Monthly,2021-07-30,2021-08-31,7.601,8.142,,0.0,0.0,0,0,data_invalid_skip,data_invalid_skip,,,data_invalid,,,,,0.0,,none,,,,,,0.07117484541507689,0.0,0.0,0.0,0.07117484541507689,0.0,0,0.0,-0.0,-0.0,0.0,False
510500,中盘成长/均衡,S5_IVTiming_ATM_Monthly,2021-08-31,2021-09-30,8.142,7.969,,0.0,0.0,0,0,data_invalid_skip,data_invalid_skip,,,data_invalid,,,,,0.0,,none,,,,,,-0.021247850650945612,0.0,0.0,0.0,-0.021247850650945612,0.0,0,0.0,-0.0,-0.0,0.0,False
510500,中盘成长/均衡,S5_IVTiming_ATM_Monthly,2021-09-30,2021-10-29,7.969,7.895,,0.0,0.0,0,0,data_invalid_skip,data_invalid_skip,,,data_invalid,,,,,0.0,,none,,,,,,-0.009285983184841352,0.0,0.0,0.0,-0.009285983184841352,0.0,0,0.0,-0.0,-0.0,0.0,False
510500,中盘成长/均衡,S5_IVTiming_ATM_Monthly,2021-10-29,2021-11-30,7.895,8.143,,0.0,0.0,0,0,data_invalid_skip,data_invalid_skip,,,data_invalid,,,,,0.0,,none,,,,,,0.0314122862571249,0.0,0.0,0.0,0.0314122862571249,0.0,0,0.0,-0.0,-0.0,0.0,False
510500,中盘成长/均衡,S5_IVTiming_ATM_Monthly,2021-11-30,2021-12-31,8.143,8.258,,0.0,0.0,0,0,data_invalid_skip,data_invalid_skip,,,data_invalid,,,,,0.0,,none,,,,,,0.01412255925334624,0.0,0.0,0.0,0.01412255925334624,0.0,0,0.0,-0.0,-0.0,0.0,False
510500,中盘成长/均衡,S5_IVTiming_ATM_Monthly,2021-12-31,2022-01-28,8.258,7.381,,0.0,0.0,0,0,data_invalid_skip,data_invalid_skip,,,data_invalid,,,,,0.0,,none,,,,,,-0.1062000484378783,0.0,0.0,0.0,-0.1062000484378783,0.0,0,0.0,-0.0,-0.0,0.0,False
510500,中盘成长/均衡,S5_IVTiming_ATM_Monthly,2022-01-28,2022-02-28,7.381,7.695,,0.0,0.0,0,0,data_invalid_skip,data_invalid_skip,,,data_invalid,,,,,0.0,,none,,,,,,0.042541661021541805,0.0,0.0,0.0,0.042541661021541805,0.0,0,0.0,-0.0,-0.0,0.0,False
510500,中盘成长/均衡,S5_IVTiming_ATM_Monthly,2022-02-28,2022-03-31,7.695,7.111,,0.0,0.0,0,0,data_invalid_skip,data_invalid_skip,,,data_invalid,,,,,0.0,,none,,,,,,-0.07589343729694613,0.0,0.0,0.0,-0.07589343729694613,0.0,0,0.0,-0.0,-0.0,0.0,False
510500,中盘成长/均衡,S5_IVTiming_ATM_Monthly,2022-03-31,2022-04-29,7.111,6.347,,0.0,0.0,0,0,data_invalid_skip,data_invalid_skip,,,data_invalid,,,,,0.0,,none,,,,,,-0.10743917873716768,0.0,0.0,0.0,-0.10743917873716768,0.0,0,0.0,-0.0,-0.0,0.0,False
510500,中盘成长/均衡,S5_IVTiming_ATM_Monthly,2022-04-29,2022-05-31,6.347,6.807,,0.0,0.0,0,0,data_invalid_skip,data_invalid_skip,,,data_invalid,,,,,0.0,,none,,,,,,0.07247518512683156,0.0,0.0,0.0,0.07247518512683156,0.0,0,0.0,-0.0,-0.0,0.0,False
510500,中盘成长/均衡,S5_IVTiming_ATM_Monthly,2022-05-31,2022-06-30,6.807,7.346,,0.0,0.0,0,0,data_invalid_skip,data_invalid_skip,,,data_invalid,,,,,0.0,,none,,,,,,0.07918319377111792,0.0,0.0,0.0,0.07918319377111792,0.0,0,0.0,-0.0,-0.0,0.0,False
510500,中盘成长/均衡,S5_IVTiming_ATM_Monthly,2022-06-30,2022-07-29,7.346,7.194,,0.0,0.0,0,0,data_invalid_skip,data_invalid_skip,,,data_invalid,,,,,0.0,,none,,,,,,-0.0206915328069698,0.0,0.0,0.0,-0.0206915328069698,0.0,0,0.0,-0.0,-0.0,0.0,False
510500,中盘成长/均衡,S5_IVTiming_ATM_Monthly,2022-07-29,2022-08-31,7.194,6.157,,0.0,0.0,0,0,data_invalid_skip,data_invalid_skip,,,data_invalid,,,,,0.0,,none,,,,,,-0.14414790102863495,0.0,0.0,0.0,-0.14414790102863495,0.0,0,0.0,-0.0,-0.0,0.0,False
510500,中盘成长/均衡,S5_IVTiming_ATM_Monthly,2022-08-31,2022-09-30,6.157,5.713,,0.0,0.0,0,0,data_invalid_skip,data_invalid_skip,,,data_invalid,,,,,0.0,,none,,,,,,-0.0721130420659412,0.0,0.0,0.0,-0.0721130420659412,0.0,0,0.0,-0.0,-0.0,0.0,False
510500,中盘成长/均衡,S5_IVTiming_ATM_Monthly,2022-09-30,2022-10-31,5.713,5.814,,0.0,0.0,0,0,warmup_invalid_skip,warmup_invalid_skip,0.20742584187984467,,warmup_invalid,warmup,10.0,0.19671641472558613,0.010709427154258544,0.0,,none,,,,,,0.017678977769998244,0.0,0.0,0.0,0.017678977769998244,0.0,0,0.0,-0.0,-0.0,0.0,False
510500,中盘成长/均衡,S5_IVTiming_ATM_Monthly,2022-10-31,2022-11-30,5.814,6.157,,0.0,0.0,0,0,warmup_invalid_skip,warmup_invalid_skip,0.2611368972301483,,warmup_invalid,warmup,26.0,0.23689824538561569,0.024238651844532638,0.0,,none,,,,,,0.05899552803577571,0.0,0.0,0.0,0.05899552803577571,0.0,0,0.0,-0.0,-0.0,0.0,False
510500,中盘成长/均衡,S5_IVTiming_ATM_Monthly,2022-11-30,2022-12-30,6.157,5.887,,0.0,0.0,0,0,warmup_invalid_skip,warmup_invalid_skip,0.18878784222602846,,warmup_invalid,warmup,42.0,0.13820738590713486,0.0505804563188936,0.0,,none,,,,,,-0.04385252558064,0.0,0.0,0.0,-0.04385252558064,0.0,0,0.0,-0.0,-0.0,0.0,False
510500,中盘成长/均衡,S5_IVTiming_ATM_Monthly,2022-12-30,2023-01-31,5.887,6.303,,0.0,0.0,0,0,warmup_invalid_skip,warmup_invalid_skip,0.14548831799030304,,warmup_invalid,warmup,59.0,0.11130644512770146,0.034181872862601576,0.0,,none,,,,,,0.07066417530151187,0.0,0.0,0.0,0.07066417530151187,0.0,0,0.0,-0.0,-0.0,0.0,False
510500,中盘成长/均衡,S5_IVTiming_ATM_Monthly,2023-01-31,2023-02-28,6.303,6.372,,0.0,0.0,0,0,warmup_invalid_skip,warmup_invalid_skip,0.15738635921478272,,warmup_invalid,warmup,75.0,0.07745572276597447,0.07993063644880825,0.0,,none,,,,,,0.010947168015230834,0.0,0.0,0.0,0.010947168015230834,0.0,0,0.0,-0.0,-0.0,0.0,False
510500,中盘成长/均衡,S5_IVTiming_ATM_Monthly,2023-02-28,2023-03-31,6.372,6.359,,0.0,0.0,0,0,warmup_invalid_skip,warmup_invalid_skip,0.15860703792572017,,warmup_invalid,warmup,94.0,0.12030767571706182,0.03829936220865836,0.0,,none,,,,,,-0.0020401757689893127,0.0,0.0,0.0,-0.0020401757689893127,0.0,0,0.0,-0.0,-0.0,0.0,False
510500,中盘成长/均衡,S5_IVTiming_ATM_Monthly,2023-03-31,2023-04-28,6.359,6.277,,0.0,0.0,0,0,warmup_invalid_skip,warmup_invalid_skip,0.1317997890472412,,warmup_invalid,warmup,111.0,0.11554247501062795,0.016257314036613263,0.0,,none,,,,,,-0.012895109293914114,0.0,0.0,0.0,-0.012895109293914114,0.0,0,0.0,-0.0,-0.0,0.0,False
510500,中盘成长/均衡,S5_IVTiming_ATM_Monthly,2023-04-28,2023-05-31,6.277,6.092,,0.0,0.0,0,0,warmup_invalid_skip,warmup_invalid_skip,0.12967552199363713,,warmup_invalid,warmup,129.0,0.13834894282779922,-0.008673420834162088,0.0,,none,,,,,,-0.029472678030906564,0.0,0.0,0.0,-0.029472678030906564,0.0,0,0.0,-0.0,-0.0,0.0,False
510500,中盘成长/均衡,S5_IVTiming_ATM_Monthly,2023-05-31,2023-06-30,6.092,6.095,,0.0,0.0,0,0,warmup_invalid_skip,warmup_invalid_skip,0.13763258292675018,,warmup_invalid,warmup,143.0,0.09812399663636037,0.03950858629038981,0.0,,none,,,,,,0.0004924491135916143,0.0,0.0,0.0,0.0004924491135916143,0.0,0,0.0,-0.0,-0.0,0.0,False
510500,中盘成长/均衡,S5_IVTiming_ATM_Monthly,2023-06-30,2023-07-31,6.095,6.196,,0.0,0.0,0,0,warmup_invalid_skip,warmup_invalid_skip,0.12816040222644806,,warmup_invalid,warmup,162.0,0.14307254054244076,-0.014912138315992696,0.0,,none,,,,,,0.016570959803117305,0.0,0.0,0.0,0.016570959803117305,0.0,0,0.0,-0.0,-0.0,0.0,False
510500,中盘成长/均衡,S5_IVTiming_ATM_Monthly,2023-07-31,2023-08-31,6.196,5.846,,0.0,0.0,0,0,warmup_invalid_skip,warmup_invalid_skip,0.14431055376529695,,warmup_invalid,warmup,182.0,0.12431790158557499,0.01999265217972196,0.0,,none,,,,,,-0.05648805681084565,0.0,0.0,0.0,-0.05648805681084565,0.0,0,0.0,-0.0,-0.0,0.0,False
510500,中盘成长/均衡,S5_IVTiming_ATM_Monthly,2023-08-31,2023-09-28,5.846,5.792,,0.0,0.0,0,0,warmup_invalid_skip,warmup_invalid_skip,0.1701903729200363,,warmup_invalid,warmup,199.0,0.16212997071510413,0.008060402204932177,0.0,,none,,,,,,-0.009237085186452321,0.0,0.0,0.0,-0.009237085186452321,0.0,0,0.0,-0.0,-0.0,0.0,False
510500,中盘成长/均衡,S5_IVTiming_ATM_Monthly,2023-09-28,2023-10-31,5.792,5.627,,0.0,0.0,0,0,warmup_invalid_skip,warmup_invalid_skip,0.1413113080263138,,warmup_invalid,warmup,218.0,0.12505591696838622,0.016255391057927587,0.0,,none,,,,,,-0.028487569060773488,0.0,0.0,0.0,-0.028487569060773488,0.0,0,0.0,-0.0,-0.0,0.0,False
510500,中盘成长/均衡,S5_IVTiming_ATM_Monthly,2023-10-31,2023-11-30,5.627,5.637,,0.0,0.0,0,0,warmup_invalid_skip,warmup_invalid_skip,0.1542273762226105,,warmup_invalid,warmup,235.0,0.15812807956242023,-0.0039007033398097135,0.0,,none,,,,,,0.0017771459036786542,0.0,0.0,0.0,0.0017771459036786542,0.0,0,0.0,-0.0,-0.0,0.0,False
510500,中盘成长/均衡,S5_IVTiming_ATM_Monthly,2023-11-30,2023-12-29,5.637,5.519,,0.0,0.0,0,0,warmup_invalid_skip,warmup_invalid_skip,0.14589481353759765,,warmup_invalid,warmup,251.0,0.11316584876222921,0.032728964775368435,0.0,,none,,,,,,-0.020933120454142175,0.0,0.0,0.0,-0.020933120454142175,0.0,0,0.0,-0.0,-0.0,0.0,False
510500,中盘成长/均衡,S5_IVTiming_ATM_Monthly,2023-12-29,2024-01-24,5.519,5.018,5.5,0.0967,0.5,1,0,selected,normal_iv_sell,0.14169992253780367,0.3333333333333333,normal_iv,valid,271.0,0.13198323197143783,0.009716690566365843,1.0,,close,10006312.SH,0.5589830958714611,0.14090004420280458,26.0,-0.003442652654466416,-0.09077731473092958,0.008760645044392099,0.0,4.3803225221960496e-06,-0.08202105000905968,0.008756264721869897,0,0.008760645044392099,-0.0,-4.3803225221960496e-06,0.008756264721869902,False
510500,中盘成长/均衡,S5_IVTiming_ATM_Monthly,2024-01-31,2024-02-28,4.783,5.259,4.8,0.1239,1.0,1,0,selected,high_iv_sell,0.288347065448761,0.996031746031746,high_iv,valid,287.0,0.27686349896077533,0.011483566487985652,1.0,,close,10006538.SH,0.5015153450799886,0.24325347728729252,28.0,0.003554254651892075,0.09951913025297929,0.02590424419820196,0.09596487560108728,1.2952122099100982e-05,0.02944554672799485,-0.07007358352498444,1,0.02590424419820196,-0.09596487560108728,-1.2952122099100982e-05,-0.07007358352498443,False
510500,中盘成长/均衡,S5_IVTiming_ATM_Monthly,2024-02-29,2024-03-27,5.431,5.236,5.5,0.1366,1.0,1,0,selected,high_iv_sell,0.28041503796577455,0.9682539682539683,high_iv,valid,302.0,0.4710808639034828,-0.19066582593770826,1.0,,close,10005803.SH,0.45661060272386905,0.27893925647735596,27.0,0.012704842570429031,-0.035904989872951626,0.025151905726385565,0.0,1.2575952863192784e-05,-0.010765660099429255,0.025139329773522373,0,0.025151905726385565,-0.0,-1.2575952863192784e-05,0.025139329773522373,False
510500,中盘成长/均衡,S5_IVTiming_ATM_Monthly,2024-03-29,2024-04-24,5.371,5.349,5.25,0.192,1.0,1,0,selected,high_iv_sell,0.21098416800498962,0.8690476190476191,high_iv,valid,322.0,0.18479207215570184,0.026192095849287778,1.0,,close,10006955.SH,0.6796633692750216,0.20654251871109008,26.0,-0.022528393222863596,-0.004096071495066141,0.03574753304784956,0.018432321727797466,1.787376652392478e-05,0.013201266058462032,0.01729733755352817,1,0.03574753304784956,-0.018432321727797466,-1.787376652392478e-05,0.01729733755352817,False
510500,中盘成长/均衡,S5_IVTiming_ATM_Monthly,2024-04-30,2024-05-22,5.529,5.478,5.413,0.1227,0.5,1,0,selected,normal_iv_sell,0.14629296460151675,0.42063492063492064,normal_iv,valid,342.0,0.2255458301980174,-0.07925286559650066,1.0,,close,10007076.SH,0.990124199255555,0.039238011169433595,22.0,-0.020980285765961226,-0.00922409115572439,0.011096039066739012,0.0058780973051184215,5.548019533369507e-06,-0.0040116974136371695,0.005212393742087221,1,0.011096039066739012,-0.0058780973051184215,-5.548019533369507e-06,0.005212393742087221,False
510500,中盘成长/均衡,S5_IVTiming_ATM_Monthly,2024-05-31,2024-06-26,5.335,5.072,5.413,0.0632,0.5,1,0,selected,normal_iv_sell,0.17233371307849882,0.6428571428571429,normal_iv,valid,357.0,0.13868213752543893,0.03365157555305989,1.0,,close,10006207.SH,0.3913987466251635,0.1647676507949829,26.0,0.014620431115276444,-0.049297094657919385,0.005923149015932522,0.0,2.961574507966261e-06,-0.04337690721649483,0.005920187441424557,0,0.005923149015932522,-0.0,-2.961574507966261e-06,0.005920187441424555,False
510500,中盘成长/均衡,S5_IVTiming_ATM_Monthly,2024-06-28,2024-07-24,4.996,4.737,5.0,0.0928,1.0,1,0,selected,high_iv_sell,0.1873919293642044,0.7103174603174603,high_iv,valid,375.0,0.14712701737391598,0.04026491199028842,1.0,,close,10007371.SH,0.5145701757968346,0.17157198095321657,26.0,0.0008006405124099114,-0.051841473178542895,0.018574859887910324,0.0,9.287429943955163e-06,-0.033275900720576526,0.01856557245796637,0,0.018574859887910324,-0.0,-9.287429943955163e-06,0.01856557245796637,False
510500,中盘成长/均衡,S5_IVTiming_ATM_Monthly,2024-07-31,2024-08-28,4.975,4.568,5.0,0.0851,0.5,1,0,selected,normal_iv_sell,0.1858219744205475,0.6785714285714286,normal_iv,valid,392.0,0.24462351992912224,-0.05880154550857475,1.0,,close,10007491.SH,0.47989105396350396,0.1698315601348877,28.0,0.005025125628140836,-0.08180904522613067,0.008552763819095477,0.0,4.276381909547739e-06,-0.07326055778894473,0.008548487437185934,0,0.008552763819095477,-0.0,-4.276381909547739e-06,0.008548487437185929,False
510500,中盘成长/均衡,S5_IVTiming_ATM_Monthly,2024-08-30,2024-09-25,4.712,4.813,4.7,0.0857,0.5,1,0,selected,normal_iv_sell,0.16830690381526947,0.42857142857142855,normal_iv,valid,413.0,0.15684781902760062,0.011459084787668855,1.0,,close,10007431.SH,0.5471150251321751,0.1517693298339844,26.0,-0.002546689303904781,0.021434634974533105,0.009093803056027165,0.011990662139218967,4.546901528013582e-06,0.018533228989813286,-0.002901405984719819,1,0.009093803056027165,-0.011990662139218967,-4.546901528013582e-06,-0.002901405984719816,False
510500,中盘成长/均衡,S5_IVTiming_ATM_Monthly,2024-09-30,2024-10-23,5.995,5.869,6.0,0.3587,1.0,1,0,selected,high_iv_sell,0.553229577445984,1.0,high_iv,valid,431.0,0.4935269324311755,0.059702645014808486,1.0,,close,10007972.SH,0.5309504692668239,0.5960200881958009,23.0,0.0008340283569641116,-0.021017514595496303,0.059833194328607175,0.0,2.9916597164303588e-05,0.03878576313594657,0.059803277731442867,0,0.059833194328607175,-0.0,-2.9916597164303588e-05,0.05980327773144287,False
510500,中盘成长/均衡,S5_IVTiming_ATM_Monthly,2024-10-31,2024-11-27,6.0,5.896,6.0,0.205,1.0,1,0,selected,high_iv_sell,0.33240832180976865,0.9761904761904762,high_iv,valid,445.0,0.5785410110154781,-0.2461326892057094,1.0,,close,10007976.SH,0.5237521080335613,0.3083452158927917,27.0,0.0,-0.01733333333333335,0.034166666666666665,0.0,1.7083333333333333e-05,0.01681624999999998,0.03414958333333333,0,0.034166666666666665,-0.0,-1.7083333333333333e-05,0.03414958333333333,False
510500,中盘成长/均衡,S5_IVTiming_ATM_Monthly,2024-11-29,2024-12-25,5.944,5.932,5.906,0.1611,1.0,1,0,selected,high_iv_sell,0.25218684277534487,0.7936507936507936,high_iv,valid,465.0,0.2845207435614162,-0.032333900786071346,1.0,,close,10007182.SH,0.5652929331496334,0.2167800077438355,26.0,-0.006393001345895044,-0.002018842530282565,0.027102960969044413,0.004374158815612498,1.3551480484522207e-05,0.02069640814266483,0.022715250672947395,1,0.027102960969044413,-0.004374158815612498,-1.3551480484522207e-05,0.022715250672947395,False
510500,中盘成长/均衡,S5_IVTiming_ATM_Monthly,2024-12-31,2025-01-22,5.811,5.607,5.903,0.0576,1.0,1,0,selected,high_iv_sell,0.2788450830221176,0.873015873015873,high_iv,valid,486.0,0.18062039135047814,0.09822469167163944,1.0,,close,10008431.SH,0.36689673943892215,0.16399042177200313,22.0,0.015832042677680125,-0.03510583376355184,0.00991223541559112,0.0,4.95611770779556e-06,-0.025198554465668516,0.009907279297883327,0,0.00991223541559112,-0.0,-4.95611770779556e-06,0.009907279297883325,False
510500,中盘成长/均衡,S5_IVTiming_ATM_Monthly,2025-01-27,2025-02-26,5.585,6.045,5.657,0.1055,0.5,1,0,selected,normal_iv_sell,0.23363467209339145,0.6468253968253969,normal_iv,valid,498.0,0.23417692270881138,-0.0005422506154199314,1.0,,close,10008612.SH,0.4380572206681123,0.20947262444496154,30.0,0.012891674127126329,0.08236347358997313,0.009444941808415399,0.03473589973142345,4.7224709042077e-06,0.057067793196060874,-0.025295680393912258,1,0.009444941808415399,-0.03473589973142345,-4.7224709042077e-06,-0.025295680393912258,False
510500,中盘成长/均衡,S5_IVTiming_ATM_Monthly,2025-02-28,2025-03-26,5.867,5.941,5.903,0.0969,0.5,1,0,selected,normal_iv_sell,0.21568807249069216,0.5714285714285714,normal_iv,valid,515.0,0.20473672859686856,0.0109513438938236,1.0,,close,10007694.SH,0.46952472877683,0.175925417137146,26.0,0.006136014999147621,0.0126129197204704,0.008258053519686382,0.0032384523606613477,4.129026759843191e-06,0.017628391852735594,0.005015472132265194,1,0.008258053519686382,-0.0032384523606613477,-4.129026759843191e-06,0.005015472132265192,False
510500,中盘成长/均衡,S5_IVTiming_ATM_Monthly,2025-03-31,2025-04-30,5.854,5.626,,0.0,0.0,0,0,low_iv_skip,low_iv_skip,0.1745950680732727,0.05952380952380952,low_iv,valid,535.0,0.12962151764025695,0.04497355043301576,1.0,,none,,,,,,-0.03894772804919709,0.0,0.0,0.0,-0.03894772804919709,0.0,0,0.0,-0.0,-0.0,0.0,False
510500,中盘成长/均衡,S5_IVTiming_ATM_Monthly,2025-04-30,2025-05-28,5.626,5.647,5.75,0.0574,0.5,1,0,selected,normal_iv_sell,0.20998998241424563,0.6031746031746031,normal_iv,valid,551.0,0.3758895948330453,-0.16589961241879966,1.0,,close,10009090.SH,0.3394409538151628,0.1673806661605835,28.0,0.02204052612868823,0.00373266974760041,0.005101315321720583,0.0,2.5506576608602913e-06,0.008831434411660132,0.0050987646640597226,0,0.005101315321720583,-0.0,-2.5506576608602913e-06,0.0050987646640597226,False
510500,中盘成长/均衡,S5_IVTiming_ATM_Monthly,2025-05-30,2025-06-30,5.694,5.963,,0.0,0.0,0,0,low_iv_skip,low_iv_skip,0.15978718628883362,0.007936507936507936,low_iv,valid,569.0,0.12716725774258528,0.032619928546248345,1.0,,none,,,,,,0.04724271162627329,0.0,0.0,0.0,0.04724271162627329,0.0,0,0.0,-0.0,-0.0,0.0,False
510500,中盘成长/均衡,S5_IVTiming_ATM_Monthly,2025-06-30,2025-07-31,5.963,6.297,,0.0,0.0,0,0,low_iv_skip,low_iv_skip,0.1708686602115631,0.12698412698412698,low_iv,valid,588.0,0.12359197148696469,0.04727668872459842,1.0,,none,,,,,,0.056012074459164785,0.0,0.0,0.0,0.056012074459164785,0.0,0,0.0,-0.0,-0.0,0.0,False
510500,中盘成长/均衡,S5_IVTiming_ATM_Monthly,2025-07-31,2025-08-29,6.297,7.141,,0.0,0.0,0,0,low_iv_skip,low_iv_skip,0.17108561677932743,0.15873015873015872,low_iv,valid,605.0,0.11852395227264226,0.052561664506685174,1.0,,none,,,,,,0.1340320787676672,0.0,0.0,0.0,0.1340320787676672,0.0,0,0.0,-0.0,-0.0,0.0,False
510500,中盘成长/均衡,S5_IVTiming_ATM_Monthly,2025-08-29,2025-09-24,7.141,7.432,7.25,0.138,1.0,1,0,selected,high_iv_sell,0.2806057690143585,0.9166666666666666,high_iv,valid,625.0,0.16325069659521232,0.1173550724191462,1.0,,close,10009047.SH,0.4273940883157774,0.23923620457649233,26.0,0.015263968631844316,0.040750595154740284,0.01932502450637166,0.025486626522896006,9.66251225318583e-06,0.03457933062596275,-0.006171264528777531,1,0.01932502450637166,-0.025486626522896006,-9.66251225318583e-06,-0.006171264528777532,False
510500,中盘成长/均衡,S5_IVTiming_ATM_Monthly,2025-09-30,2025-10-22,7.519,7.224,7.5,0.141,0.5,1,0,selected,normal_iv_sell,0.19743511114120482,0.4642857142857143,normal_iv,valid,646.0,0.23869622120799858,-0.041261110066793755,1.0,,close,10009931.SH,0.5436137225111342,0.17209172306060788,22.0,-0.0025269317728421337,-0.03923394068360153,0.009376246841335282,0.0,4.688123420667641e-06,-0.029862381965686916,0.009371558717914615,0,0.009376246841335282,-0.0,-4.688123420667641e-06,0.009371558717914615,False
510500,中盘成长/均衡,S5_IVTiming_ATM_Monthly,2025-10-31,2025-11-26,7.436,7.065,7.5,0.1165,0.5,1,0,selected,normal_iv_sell,0.20565919554233553,0.5079365079365079,normal_iv,valid,661.0,0.2456998254644229,-0.04004062992208737,1.0,,close,10010105.SH,0.44967846428495467,0.17818081178665163,26.0,0.008606777837547153,-0.0498924152770306,0.00783351264120495,0.0,3.9167563206024745e-06,-0.042062819392146254,0.007829595884884348,0,0.00783351264120495,-0.0,-3.9167563206024745e-06,0.007829595884884346,False
510500,中盘成长/均衡,S5_IVTiming_ATM_Monthly,2025-11-28,2025-12-31,7.135,7.588,,0.0,0.0,0,0,low_iv_skip,low_iv_skip,0.1892074505329132,0.2857142857142857,low_iv,valid,680.0,0.19291815684097852,-0.0037107063080653035,1.0,,none,,,,,,0.06348983882270502,0.0,0.0,0.0,0.06348983882270502,0.0,0,0.0,-0.0,-0.0,0.0,False
510500,中盘成长/均衡,S5_IVTiming_ATM_Monthly,2025-12-31,2026-01-28,7.588,8.691,7.692,0.0825,0.5,1,0,selected,normal_iv_sell,0.19984309062957764,0.4722222222222222,normal_iv,valid,697.0,0.14077830974625338,0.05906478088332426,1.0,,close,10010484.SH,0.3903270026257549,0.14600448389053344,28.0,0.013705851344227638,0.14536109646810763,0.005436215076436479,0.06582762256193994,2.718107538218239e-06,0.08496697087506597,-0.060394125593041664,1,0.005436215076436479,-0.06582762256193994,-2.718107538218239e-06,-0.060394125593041685,False
510500,中盘成长/均衡,S5_IVTiming_ATM_Monthly,2026-01-30,2026-02-25,8.44,8.602,8.437,0.2126,1.0,1,0,selected,high_iv_sell,0.23026588494777678,0.75,high_iv,valid,716.0,0.2313456859045625,-0.0010798009567857259,1.0,,close,10010671.SH,0.5237955685131407,0.22836453480720523,26.0,-0.00035545023696681444,0.01919431279620863,0.025189573459715644,0.019549763033175467,1.2594786729857821e-05,0.024821528436018946,0.005627215639810317,1,0.025189573459715644,-0.019549763033175467,-1.2594786729857821e-05,0.005627215639810319,False
510500,中盘成长/均衡,S5_IVTiming_ATM_Monthly,2026-02-27,2026-03-25,8.737,7.826,8.75,0.1784,0.5,1,0,selected,normal_iv_sell,0.20608714833259584,0.5555555555555556,normal_iv,valid,729.0,0.3106896960657871,-0.10460254773319128,1.0,,close,10010837.SH,0.509741102319538,0.1920779528141022,26.0,0.0014879249170196562,-0.10426919995421775,0.010209454046011217,0.0,5.104727023005608e-06,-0.09406485063522954,0.010204349318988212,0,0.010209454046011217,-0.0,-5.104727023005608e-06,0.010204349318988212,False
510500,中盘成长/均衡,S5_IVTiming_ATM_Monthly,2026-03-31,2026-04-22,7.683,8.455,7.75,0.1575,1.0,1,0,selected,high_iv_sell,0.27971171722412114,0.9841269841269841,high_iv,valid,750.0,0.25530555058585447,0.02440616663826667,1.0,,close,10011140.SH,0.4624195129367806,0.24483654499053958,22.0,0.008720551867759996,0.10048158271508528,0.020499804763764156,0.09176103084732527,1.0249902381882077e-05,0.029210106729142288,-0.071271475985943,1,0.020499804763764156,-0.09176103084732527,-1.0249902381882077e-05,-0.071271475985943,False
510500,中盘成长/均衡,S5_IVTiming_ATM_Monthly,2026-04-30,2026-05-27,8.43,8.614,8.5,0.1485,0.5,1,0,selected,normal_iv_sell,0.2046983878850937,0.503968253968254,normal_iv,valid,766.0,0.243420719009505,-0.038722331124411286,1.0,,close,10011334.SH,0.45845134428121637,0.19148430242538456,27.0,0.008303677342823335,0.02182680901542124,0.008807829181494661,0.006761565836298978,4.403914590747331e-06,0.023868668446026173,0.0020418594306049337,1,0.008807829181494661,-0.006761565836298978,-4.403914590747331e-06,0.002041859430604936,False
510500,中盘成长/均衡,S5_IVTiming_ATM_Monthly,2026-05-29,2026-06-03,8.443,8.455,8.437,0.1979,1.0,1,0,selected,high_iv_sell,0.24991356709003448,0.876984126984127,high_iv,valid,783.0,0.2596232595039666,-0.009709692413932103,1.0,,close,10010403.SH,0.5263571616610354,0.21022124381065369,26.0,-0.0007106478739784539,0.0014212957479569413,0.023439535710055668,0.002131943621935412,1.1719767855027833e-05,0.02271716806822217,0.021295872320265228,1,0.023439535710055668,-0.002131943621935412,-1.1719767855027833e-05,0.021295872320265228,False
510500,中盘成长/均衡,S6_IVTiming_OTM5_Monthly,2021-01-29,2021-02-26,7.024,7.056,,0.0,0.0,0,0,data_invalid_skip,data_invalid_skip,,,data_invalid,,,,,0.0,,none,,,,,,0.004555808656036451,0.0,0.0,0.0,0.004555808656036451,0.0,0,0.0,-0.0,-0.0,0.0,False
510500,中盘成长/均衡,S6_IVTiming_OTM5_Monthly,2021-02-26,2021-03-31,7.056,6.943,,0.0,0.0,0,0,data_invalid_skip,data_invalid_skip,,,data_invalid,,,,,0.0,,none,,,,,,-0.016014739229025004,0.0,0.0,0.0,-0.016014739229025004,0.0,0,0.0,-0.0,-0.0,0.0,False
510500,中盘成长/均衡,S6_IVTiming_OTM5_Monthly,2021-03-31,2021-04-30,6.943,7.211,,0.0,0.0,0,0,data_invalid_skip,data_invalid_skip,,,data_invalid,,,,,0.0,,none,,,,,,0.03860002880599175,0.0,0.0,0.0,0.03860002880599175,0.0,0,0.0,-0.0,-0.0,0.0,False
510500,中盘成长/均衡,S6_IVTiming_OTM5_Monthly,2021-04-30,2021-05-31,7.211,7.479,,0.0,0.0,0,0,data_invalid_skip,data_invalid_skip,,,data_invalid,,,,,0.0,,none,,,,,,0.03716544168631255,0.0,0.0,0.0,0.03716544168631255,0.0,0,0.0,-0.0,-0.0,0.0,False
510500,中盘成长/均衡,S6_IVTiming_OTM5_Monthly,2021-05-31,2021-06-30,7.479,7.598,,0.0,0.0,0,0,data_invalid_skip,data_invalid_skip,,,data_invalid,,,,,0.0,,none,,,,,,0.01591121807728303,0.0,0.0,0.0,0.01591121807728303,0.0,0,0.0,-0.0,-0.0,0.0,False
510500,中盘成长/均衡,S6_IVTiming_OTM5_Monthly,2021-06-30,2021-07-30,7.598,7.601,,0.0,0.0,0,0,data_invalid_skip,data_invalid_skip,,,data_invalid,,,,,0.0,,none,,,,,,0.00039484074756516367,0.0,0.0,0.0,0.00039484074756516367,0.0,0,0.0,-0.0,-0.0,0.0,False
510500,中盘成长/均衡,S6_IVTiming_OTM5_Monthly,2021-07-30,2021-08-31,7.601,8.142,,0.0,0.0,0,0,data_invalid_skip,data_invalid_skip,,,data_invalid,,,,,0.0,,none,,,,,,0.07117484541507689,0.0,0.0,0.0,0.07117484541507689,0.0,0,0.0,-0.0,-0.0,0.0,False
510500,中盘成长/均衡,S6_IVTiming_OTM5_Monthly,2021-08-31,2021-09-30,8.142,7.969,,0.0,0.0,0,0,data_invalid_skip,data_invalid_skip,,,data_invalid,,,,,0.0,,none,,,,,,-0.021247850650945612,0.0,0.0,0.0,-0.021247850650945612,0.0,0,0.0,-0.0,-0.0,0.0,False
510500,中盘成长/均衡,S6_IVTiming_OTM5_Monthly,2021-09-30,2021-10-29,7.969,7.895,,0.0,0.0,0,0,data_invalid_skip,data_invalid_skip,,,data_invalid,,,,,0.0,,none,,,,,,-0.009285983184841352,0.0,0.0,0.0,-0.009285983184841352,0.0,0,0.0,-0.0,-0.0,0.0,False
510500,中盘成长/均衡,S6_IVTiming_OTM5_Monthly,2021-10-29,2021-11-30,7.895,8.143,,0.0,0.0,0,0,data_invalid_skip,data_invalid_skip,,,data_invalid,,,,,0.0,,none,,,,,,0.0314122862571249,0.0,0.0,0.0,0.0314122862571249,0.0,0,0.0,-0.0,-0.0,0.0,False
510500,中盘成长/均衡,S6_IVTiming_OTM5_Monthly,2021-11-30,2021-12-31,8.143,8.258,,0.0,0.0,0,0,data_invalid_skip,data_invalid_skip,,,data_invalid,,,,,0.0,,none,,,,,,0.01412255925334624,0.0,0.0,0.0,0.01412255925334624,0.0,0,0.0,-0.0,-0.0,0.0,False
510500,中盘成长/均衡,S6_IVTiming_OTM5_Monthly,2021-12-31,2022-01-28,8.258,7.381,,0.0,0.0,0,0,data_invalid_skip,data_invalid_skip,,,data_invalid,,,,,0.0,,none,,,,,,-0.1062000484378783,0.0,0.0,0.0,-0.1062000484378783,0.0,0,0.0,-0.0,-0.0,0.0,False
510500,中盘成长/均衡,S6_IVTiming_OTM5_Monthly,2022-01-28,2022-02-28,7.381,7.695,,0.0,0.0,0,0,data_invalid_skip,data_invalid_skip,,,data_invalid,,,,,0.0,,none,,,,,,0.042541661021541805,0.0,0.0,0.0,0.042541661021541805,0.0,0,0.0,-0.0,-0.0,0.0,False
510500,中盘成长/均衡,S6_IVTiming_OTM5_Monthly,2022-02-28,2022-03-31,7.695,7.111,,0.0,0.0,0,0,data_invalid_skip,data_invalid_skip,,,data_invalid,,,,,0.0,,none,,,,,,-0.07589343729694613,0.0,0.0,0.0,-0.07589343729694613,0.0,0,0.0,-0.0,-0.0,0.0,False
510500,中盘成长/均衡,S6_IVTiming_OTM5_Monthly,2022-03-31,2022-04-29,7.111,6.347,,0.0,0.0,0,0,data_invalid_skip,data_invalid_skip,,,data_invalid,,,,,0.0,,none,,,,,,-0.10743917873716768,0.0,0.0,0.0,-0.10743917873716768,0.0,0,0.0,-0.0,-0.0,0.0,False
510500,中盘成长/均衡,S6_IVTiming_OTM5_Monthly,2022-04-29,2022-05-31,6.347,6.807,,0.0,0.0,0,0,data_invalid_skip,data_invalid_skip,,,data_invalid,,,,,0.0,,none,,,,,,0.07247518512683156,0.0,0.0,0.0,0.07247518512683156,0.0,0,0.0,-0.0,-0.0,0.0,False
510500,中盘成长/均衡,S6_IVTiming_OTM5_Monthly,2022-05-31,2022-06-30,6.807,7.346,,0.0,0.0,0,0,data_invalid_skip,data_invalid_skip,,,data_invalid,,,,,0.0,,none,,,,,,0.07918319377111792,0.0,0.0,0.0,0.07918319377111792,0.0,0,0.0,-0.0,-0.0,0.0,False
510500,中盘成长/均衡,S6_IVTiming_OTM5_Monthly,2022-06-30,2022-07-29,7.346,7.194,,0.0,0.0,0,0,data_invalid_skip,data_invalid_skip,,,data_invalid,,,,,0.0,,none,,,,,,-0.0206915328069698,0.0,0.0,0.0,-0.0206915328069698,0.0,0,0.0,-0.0,-0.0,0.0,False
510500,中盘成长/均衡,S6_IVTiming_OTM5_Monthly,2022-07-29,2022-08-31,7.194,6.157,,0.0,0.0,0,0,data_invalid_skip,data_invalid_skip,,,data_invalid,,,,,0.0,,none,,,,,,-0.14414790102863495,0.0,0.0,0.0,-0.14414790102863495,0.0,0,0.0,-0.0,-0.0,0.0,False
510500,中盘成长/均衡,S6_IVTiming_OTM5_Monthly,2022-08-31,2022-09-30,6.157,5.713,,0.0,0.0,0,0,data_invalid_skip,data_invalid_skip,,,data_invalid,,,,,0.0,,none,,,,,,-0.0721130420659412,0.0,0.0,0.0,-0.0721130420659412,0.0,0,0.0,-0.0,-0.0,0.0,False
510500,中盘成长/均衡,S6_IVTiming_OTM5_Monthly,2022-09-30,2022-10-31,5.713,5.814,,0.0,0.0,0,0,warmup_invalid_skip,warmup_invalid_skip,0.20742584187984467,,warmup_invalid,warmup,10.0,0.19671641472558613,0.010709427154258544,0.0,,none,,,,,,0.017678977769998244,0.0,0.0,0.0,0.017678977769998244,0.0,0,0.0,-0.0,-0.0,0.0,False
510500,中盘成长/均衡,S6_IVTiming_OTM5_Monthly,2022-10-31,2022-11-30,5.814,6.157,,0.0,0.0,0,0,warmup_invalid_skip,warmup_invalid_skip,0.2611368972301483,,warmup_invalid,warmup,26.0,0.23689824538561569,0.024238651844532638,0.0,,none,,,,,,0.05899552803577571,0.0,0.0,0.0,0.05899552803577571,0.0,0,0.0,-0.0,-0.0,0.0,False
510500,中盘成长/均衡,S6_IVTiming_OTM5_Monthly,2022-11-30,2022-12-30,6.157,5.887,,0.0,0.0,0,0,warmup_invalid_skip,warmup_invalid_skip,0.18878784222602846,,warmup_invalid,warmup,42.0,0.13820738590713486,0.0505804563188936,0.0,,none,,,,,,-0.04385252558064,0.0,0.0,0.0,-0.04385252558064,0.0,0,0.0,-0.0,-0.0,0.0,False
510500,中盘成长/均衡,S6_IVTiming_OTM5_Monthly,2022-12-30,2023-01-31,5.887,6.303,,0.0,0.0,0,0,warmup_invalid_skip,warmup_invalid_skip,0.14548831799030304,,warmup_invalid,warmup,59.0,0.11130644512770146,0.034181872862601576,0.0,,none,,,,,,0.07066417530151187,0.0,0.0,0.0,0.07066417530151187,0.0,0,0.0,-0.0,-0.0,0.0,False
510500,中盘成长/均衡,S6_IVTiming_OTM5_Monthly,2023-01-31,2023-02-28,6.303,6.372,,0.0,0.0,0,0,warmup_invalid_skip,warmup_invalid_skip,0.15738635921478272,,warmup_invalid,warmup,75.0,0.07745572276597447,0.07993063644880825,0.0,,none,,,,,,0.010947168015230834,0.0,0.0,0.0,0.010947168015230834,0.0,0,0.0,-0.0,-0.0,0.0,False
510500,中盘成长/均衡,S6_IVTiming_OTM5_Monthly,2023-02-28,2023-03-31,6.372,6.359,,0.0,0.0,0,0,warmup_invalid_skip,warmup_invalid_skip,0.15860703792572017,,warmup_invalid,warmup,94.0,0.12030767571706182,0.03829936220865836,0.0,,none,,,,,,-0.0020401757689893127,0.0,0.0,0.0,-0.0020401757689893127,0.0,0,0.0,-0.0,-0.0,0.0,False
510500,中盘成长/均衡,S6_IVTiming_OTM5_Monthly,2023-03-31,2023-04-28,6.359,6.277,,0.0,0.0,0,0,warmup_invalid_skip,warmup_invalid_skip,0.1317997890472412,,warmup_invalid,warmup,111.0,0.11554247501062795,0.016257314036613263,0.0,,none,,,,,,-0.012895109293914114,0.0,0.0,0.0,-0.012895109293914114,0.0,0,0.0,-0.0,-0.0,0.0,False
510500,中盘成长/均衡,S6_IVTiming_OTM5_Monthly,2023-04-28,2023-05-31,6.277,6.092,,0.0,0.0,0,0,warmup_invalid_skip,warmup_invalid_skip,0.12967552199363713,,warmup_invalid,warmup,129.0,0.13834894282779922,-0.008673420834162088,0.0,,none,,,,,,-0.029472678030906564,0.0,0.0,0.0,-0.029472678030906564,0.0,0,0.0,-0.0,-0.0,0.0,False
510500,中盘成长/均衡,S6_IVTiming_OTM5_Monthly,2023-05-31,2023-06-30,6.092,6.095,,0.0,0.0,0,0,warmup_invalid_skip,warmup_invalid_skip,0.13763258292675018,,warmup_invalid,warmup,143.0,0.09812399663636037,0.03950858629038981,0.0,,none,,,,,,0.0004924491135916143,0.0,0.0,0.0,0.0004924491135916143,0.0,0,0.0,-0.0,-0.0,0.0,False
510500,中盘成长/均衡,S6_IVTiming_OTM5_Monthly,2023-06-30,2023-07-31,6.095,6.196,,0.0,0.0,0,0,warmup_invalid_skip,warmup_invalid_skip,0.12816040222644806,,warmup_invalid,warmup,162.0,0.14307254054244076,-0.014912138315992696,0.0,,none,,,,,,0.016570959803117305,0.0,0.0,0.0,0.016570959803117305,0.0,0,0.0,-0.0,-0.0,0.0,False
510500,中盘成长/均衡,S6_IVTiming_OTM5_Monthly,2023-07-31,2023-08-31,6.196,5.846,,0.0,0.0,0,0,warmup_invalid_skip,warmup_invalid_skip,0.14431055376529695,,warmup_invalid,warmup,182.0,0.12431790158557499,0.01999265217972196,0.0,,none,,,,,,-0.05648805681084565,0.0,0.0,0.0,-0.05648805681084565,0.0,0,0.0,-0.0,-0.0,0.0,False
510500,中盘成长/均衡,S6_IVTiming_OTM5_Monthly,2023-08-31,2023-09-28,5.846,5.792,,0.0,0.0,0,0,warmup_invalid_skip,warmup_invalid_skip,0.1701903729200363,,warmup_invalid,warmup,199.0,0.16212997071510413,0.008060402204932177,0.0,,none,,,,,,-0.009237085186452321,0.0,0.0,0.0,-0.009237085186452321,0.0,0,0.0,-0.0,-0.0,0.0,False
510500,中盘成长/均衡,S6_IVTiming_OTM5_Monthly,2023-09-28,2023-10-31,5.792,5.627,,0.0,0.0,0,0,warmup_invalid_skip,warmup_invalid_skip,0.1413113080263138,,warmup_invalid,warmup,218.0,0.12505591696838622,0.016255391057927587,0.0,,none,,,,,,-0.028487569060773488,0.0,0.0,0.0,-0.028487569060773488,0.0,0,0.0,-0.0,-0.0,0.0,False
510500,中盘成长/均衡,S6_IVTiming_OTM5_Monthly,2023-10-31,2023-11-30,5.627,5.637,,0.0,0.0,0,0,warmup_invalid_skip,warmup_invalid_skip,0.1542273762226105,,warmup_invalid,warmup,235.0,0.15812807956242023,-0.0039007033398097135,0.0,,none,,,,,,0.0017771459036786542,0.0,0.0,0.0,0.0017771459036786542,0.0,0,0.0,-0.0,-0.0,0.0,False
510500,中盘成长/均衡,S6_IVTiming_OTM5_Monthly,2023-11-30,2023-12-29,5.637,5.519,,0.0,0.0,0,0,warmup_invalid_skip,warmup_invalid_skip,0.14589481353759765,,warmup_invalid,warmup,251.0,0.11316584876222921,0.032728964775368435,0.0,,none,,,,,,-0.020933120454142175,0.0,0.0,0.0,-0.020933120454142175,0.0,0,0.0,-0.0,-0.0,0.0,False
510500,中盘成长/均衡,S6_IVTiming_OTM5_Monthly,2023-12-29,2024-01-24,5.519,5.018,5.75,0.0188,0.5,1,0,selected,normal_iv_sell,0.14169992253780367,0.3333333333333333,normal_iv,valid,271.0,0.13198323197143783,0.009716690566365843,1.0,,close,10006313.SH,0.16460653839172806,0.14895127859115603,26.0,0.04185540858851233,-0.09077731473092958,0.0017032071027360028,0.0,8.516035513680014e-07,-0.08907495923174495,0.0017023554991846268,0,0.0017032071027360028,-0.0,-8.516035513680014e-07,0.0017023554991846348,False
510500,中盘成长/均衡,S6_IVTiming_OTM5_Monthly,2024-01-31,2024-02-28,4.783,5.259,5.0,0.0499,1.0,1,0,selected,high_iv_sell,0.288347065448761,0.996031746031746,high_iv,valid,287.0,0.27686349896077533,0.011483566487985652,1.0,,close,10006540.SH,0.2683399551036061,0.23766028928756716,28.0,0.04536901526238757,0.09951913025297929,0.010432782772318627,0.05415011499059175,5.216391386159314e-06,0.055796581643320006,-0.04372254860965928,1,0.010432782772318627,-0.05415011499059175,-5.216391386159314e-06,-0.04372254860965928,False
510500,中盘成长/均衡,S6_IVTiming_OTM5_Monthly,2024-02-29,2024-03-27,5.431,5.236,5.75,0.0593,1.0,1,0,selected,high_iv_sell,0.28041503796577455,0.9682539682539683,high_iv,valid,302.0,0.4710808639034828,-0.19066582593770826,1.0,,close,10005804.SH,0.24740877810567707,0.28343574094772345,27.0,0.058736880869084906,-0.035904989872951626,0.010918799484441171,0.0,5.459399742220585e-06,-0.024991649788252676,0.01091334008469895,0,0.010918799484441171,-0.0,-5.459399742220585e-06,0.01091334008469895,False
510500,中盘成长/均衡,S6_IVTiming_OTM5_Monthly,2024-03-29,2024-04-24,5.371,5.349,5.75,0.0164,1.0,1,0,selected,high_iv_sell,0.21098416800498962,0.8690476190476191,high_iv,valid,322.0,0.18479207215570184,0.026192095849287778,1.0,,close,10006957.SH,0.11668507165840108,0.2051835599899292,26.0,0.07056414075591122,-0.004096071495066141,0.0030534351145038168,0.0,1.5267175572519084e-06,-0.0010441630981195757,0.003051908396946565,0,0.0030534351145038168,-0.0,-1.5267175572519084e-06,0.003051908396946565,False
510500,中盘成长/均衡,S6_IVTiming_OTM5_Monthly,2024-04-30,2024-05-22,5.529,5.478,5.906,0.0078,0.5,1,0,selected,normal_iv_sell,0.14629296460151675,0.42063492063492064,normal_iv,valid,342.0,0.2255458301980174,-0.07925286559650066,1.0,,close,10007078.SH,0.07325002609963821,0.17894850425720216,22.0,0.06818592873937424,-0.00922409115572439,0.0007053716766142159,0.0,3.52685838307108e-07,-0.008519072164948481,0.0007050189907759092,0,0.0007053716766142159,-0.0,-3.52685838307108e-07,0.0007050189907759089,False
510500,中盘成长/均衡,S6_IVTiming_OTM5_Monthly,2024-05-31,2024-06-26,5.335,5.072,5.659,0.0131,0.5,1,0,selected,normal_iv_sell,0.17233371307849882,0.6428571428571429,normal_iv,valid,357.0,0.13868213752543893,0.03365157555305989,1.0,,close,10006208.SH,0.11155301988535987,0.17363664455413813,26.0,0.06073102155576371,-0.049297094657919385,0.0012277413308341143,0.0,6.138706654170573e-07,-0.04806996719775069,0.0012271274601686963,0,0.0012277413308341143,-0.0,-6.138706654170573e-07,0.0012271274601686971,False
510500,中盘成长/均衡,S6_IVTiming_OTM5_Monthly,2024-06-28,2024-07-24,4.996,4.737,5.25,0.0211,1.0,1,0,selected,high_iv_sell,0.1873919293642044,0.7103174603174603,high_iv,valid,375.0,0.14712701737391598,0.04026491199028842,1.0,,close,10007372.SH,0.16693870281088385,0.18217185897827143,26.0,0.050840672538030374,-0.051841473178542895,0.00422337870296237,0.0,2.111689351481185e-06,-0.047620206164932004,0.004221267013610891,0,0.00422337870296237,-0.0,-2.111689351481185e-06,0.004221267013610888,False
510500,中盘成长/均衡,S6_IVTiming_OTM5_Monthly,2024-07-31,2024-08-28,4.975,4.568,5.25,0.023,0.5,1,0,selected,normal_iv_sell,0.1858219744205475,0.6785714285714286,normal_iv,valid,392.0,0.24462351992912224,-0.05880154550857475,1.0,,close,10007492.SH,0.16804927418711912,0.19094071893692016,28.0,0.05527638190954787,-0.08180904522613067,0.002311557788944724,0.0,1.1557788944723618e-06,-0.07949864321608041,0.0023104020100502554,0,0.002311557788944724,-0.0,-1.1557788944723618e-06,0.0023104020100502515,False
510500,中盘成长/均衡,S6_IVTiming_OTM5_Monthly,2024-08-30,2024-09-25,4.712,4.813,4.921,0.0193,0.5,1,0,selected,normal_iv_sell,0.16830690381526947,0.42857142857142855,normal_iv,valid,413.0,0.15684781902760062,0.011459084787668855,1.0,,close,10006769.SH,0.17596672514932982,0.1650489790916443,26.0,0.04435483870967749,0.021434634974533105,0.002047962648556876,0.0,1.0239813242784382e-06,0.0234815736417657,0.002046938667232597,0,0.002047962648556876,-0.0,-1.0239813242784382e-06,0.0020469386672325976,False
510500,中盘成长/均衡,S6_IVTiming_OTM5_Monthly,2024-09-30,2024-10-23,5.995,5.869,6.25,0.2678,1.0,1,0,selected,high_iv_sell,0.553229577445984,1.0,high_iv,valid,431.0,0.4935269324311755,0.059702645014808486,1.0,,close,10008019.SH,0.4275931041414071,0.6185835712432861,23.0,0.042535446205171024,-0.021017514595496303,0.044670558798999165,0.0,2.233527939949958e-05,0.023630708924103364,0.04464822351959967,0,0.044670558798999165,-0.0,-2.233527939949958e-05,0.04464822351959966,False
510500,中盘成长/均衡,S6_IVTiming_OTM5_Monthly,2024-10-31,2024-11-27,6.0,5.896,6.25,0.1217,1.0,1,0,selected,high_iv_sell,0.33240832180976865,0.9761904761904762,high_iv,valid,445.0,0.5785410110154781,-0.2461326892057094,1.0,,close,10008023.SH,0.3490363618923654,0.3338244998455048,27.0,0.04166666666666674,-0.01733333333333335,0.020283333333333334,0.0,1.0141666666666666e-05,0.002939858333333317,0.020273191666666666,0,0.020283333333333334,-0.0,-1.0141666666666666e-05,0.020273191666666666,False
510500,中盘成长/均衡,S6_IVTiming_OTM5_Monthly,2024-11-29,2024-12-25,5.944,5.932,6.25,0.051,1.0,1,0,selected,high_iv_sell,0.25218684277534487,0.7936507936507936,high_iv,valid,465.0,0.2845207435614162,-0.032333900786071346,1.0,,close,10007322.SH,0.23462397458675383,0.24174193372726444,26.0,0.051480484522207215,-0.002018842530282565,0.008580080753701211,0.0,4.290040376850605e-06,0.006556948183041795,0.008575790713324361,0,0.008580080753701211,-0.0,-4.290040376850605e-06,0.008575790713324361,False
510500,中盘成长/均衡,S6_IVTiming_OTM5_Monthly,2024-12-31,2025-01-22,5.811,5.607,6.149,0.021,1.0,1,0,selected,high_iv_sell,0.2788450830221176,0.873015873015873,high_iv,valid,486.0,0.18062039135047814,0.09822469167163944,1.0,,close,10008432.SH,0.14269112196941663,0.20608476419448857,22.0,0.058165548098433995,-0.03510583376355184,0.0036138358286009293,0.0,1.8069179143004648e-06,-0.031493804852865216,0.0036120289106866266,0,0.0036138358286009293,-0.0,-1.8069179143004648e-06,0.0036120289106866287,False
510500,中盘成长/均衡,S6_IVTiming_OTM5_Monthly,2025-01-27,2025-02-26,5.585,6.045,5.903,0.0423,0.5,1,0,selected,normal_iv_sell,0.23363467209339145,0.6468253968253969,normal_iv,valid,498.0,0.23417692270881138,-0.0005422506154199314,1.0,,close,10008613.SH,0.2124953990744904,0.2257682084083557,30.0,0.05693822739480736,0.08236347358997313,0.00378692927484333,0.012712623097582842,1.8934646374216652e-06,0.07343588630259619,-0.008927587287376942,1,0.00378692927484333,-0.012712623097582842,-1.8934646374216652e-06,-0.008927587287376934,False
510500,中盘成长/均衡,S6_IVTiming_OTM5_Monthly,2025-02-28,2025-03-26,5.867,5.941,6.149,0.0367,0.5,1,0,selected,normal_iv_sell,0.21568807249069216,0.5714285714285714,normal_iv,valid,515.0,0.20473672859686856,0.0109513438938236,1.0,,close,10008027.SH,0.20892688746574,0.20369347367286686,26.0,0.048065450826657585,0.0126129197204704,0.0031276632009544915,0.0,1.5638316004772457e-06,0.015739019089824415,0.0031260993693540146,0,0.0031276632009544915,-0.0,-1.5638316004772457e-06,0.003126099369354014,False
510500,中盘成长/均衡,S6_IVTiming_OTM5_Monthly,2025-03-31,2025-04-30,5.854,5.626,,0.0,0.0,0,0,low_iv_skip,low_iv_skip,0.1745950680732727,0.05952380952380952,low_iv,valid,535.0,0.12962151764025695,0.04497355043301576,1.0,,none,,,,,,-0.03894772804919709,0.0,0.0,0.0,-0.03894772804919709,0.0,0,0.0,-0.0,-0.0,0.0,False
510500,中盘成长/均衡,S6_IVTiming_OTM5_Monthly,2025-04-30,2025-05-28,5.626,5.647,6.0,0.0186,0.5,1,0,selected,normal_iv_sell,0.20998998241424563,0.6031746031746031,normal_iv,valid,551.0,0.3758895948330453,-0.16589961241879966,1.0,,close,10009091.SH,0.12653297543971564,0.19391135501861573,28.0,0.06647707074297893,0.00373266974760041,0.0016530394596516174,0.0,8.265197298258086e-07,0.005384882687522201,0.0016522129399217911,0,0.0016530394596516174,-0.0,-8.265197298258086e-07,0.0016522129399217916,False
510500,中盘成长/均衡,S6_IVTiming_OTM5_Monthly,2025-05-30,2025-06-30,5.694,5.963,,0.0,0.0,0,0,low_iv_skip,low_iv_skip,0.15978718628883362,0.007936507936507936,low_iv,valid,569.0,0.12716725774258528,0.032619928546248345,1.0,,none,,,,,,0.04724271162627329,0.0,0.0,0.0,0.04724271162627329,0.0,0,0.0,-0.0,-0.0,0.0,False
510500,中盘成长/均衡,S6_IVTiming_OTM5_Monthly,2025-06-30,2025-07-31,5.963,6.297,,0.0,0.0,0,0,low_iv_skip,low_iv_skip,0.1708686602115631,0.12698412698412698,low_iv,valid,588.0,0.12359197148696469,0.04727668872459842,1.0,,none,,,,,,0.056012074459164785,0.0,0.0,0.0,0.056012074459164785,0.0,0,0.0,-0.0,-0.0,0.0,False
510500,中盘成长/均衡,S6_IVTiming_OTM5_Monthly,2025-07-31,2025-08-29,6.297,7.141,,0.0,0.0,0,0,low_iv_skip,low_iv_skip,0.17108561677932743,0.15873015873015872,low_iv,valid,605.0,0.11852395227264226,0.052561664506685174,1.0,,none,,,,,,0.1340320787676672,0.0,0.0,0.0,0.1340320787676672,0.0,0,0.0,-0.0,-0.0,0.0,False
510500,中盘成长/均衡,S6_IVTiming_OTM5_Monthly,2025-08-29,2025-09-24,7.141,7.432,7.5,0.08,1.0,1,0,selected,high_iv_sell,0.2806057690143585,0.9166666666666666,high_iv,valid,625.0,0.16325069659521232,0.1173550724191462,1.0,,close,10009743.SH,0.265513468234702,0.2693931674957275,26.0,0.05027307099845957,0.040750595154740284,0.011202912757316903,0.0,5.601456378658452e-06,0.05194790645567853,0.011197311300938248,0,0.011202912757316903,-0.0,-5.601456378658452e-06,0.011197311300938245,False
510500,中盘成长/均衡,S6_IVTiming_OTM5_Monthly,2025-09-30,2025-10-22,7.519,7.224,8.0,0.0248,0.5,1,0,selected,normal_iv_sell,0.19743511114120482,0.4642857142857143,normal_iv,valid,646.0,0.23869622120799858,-0.041261110066793755,1.0,,close,10009933.SH,0.12867712268313947,0.21370446958541872,22.0,0.06397127277563497,-0.03923394068360153,0.0016491554728022342,0.0,8.245777364011171e-07,-0.0375856097885357,0.0016483308950658304,0,0.0016491554728022342,-0.0,-8.245777364011171e-07,0.001648330895065833,False
510500,中盘成长/均衡,S6_IVTiming_OTM5_Monthly,2025-10-31,2025-11-26,7.436,7.065,7.75,0.046,0.5,1,0,selected,normal_iv_sell,0.20565919554233553,0.5079365079365079,normal_iv,valid,661.0,0.2456998254644229,-0.04004062992208737,1.0,,close,10010106.SH,0.22023552340847052,0.1878651807785034,26.0,0.04222700376546529,-0.0498924152770306,0.0030930607853684776,0.0,1.5465303926842388e-06,-0.04680090102205481,0.003091514254975794,0,0.0030930607853684776,-0.0,-1.5465303926842388e-06,0.0030915142549757936,False
510500,中盘成长/均衡,S6_IVTiming_OTM5_Monthly,2025-11-28,2025-12-31,7.135,7.588,,0.0,0.0,0,0,low_iv_skip,low_iv_skip,0.1892074505329132,0.2857142857142857,low_iv,valid,680.0,0.19291815684097852,-0.0037107063080653035,1.0,,none,,,,,,0.06348983882270502,0.0,0.0,0.0,0.06348983882270502,0.0,0,0.0,-0.0,-0.0,0.0,False
510500,中盘成长/均衡,S6_IVTiming_OTM5_Monthly,2025-12-31,2026-01-28,7.588,8.691,7.94,0.031,0.5,1,0,selected,normal_iv_sell,0.19984309062957764,0.4722222222222222,normal_iv,valid,697.0,0.14077830974625338,0.05906478088332426,1.0,,close,10010485.SH,0.17203945840447976,0.1632823327541351,28.0,0.04638903531892469,0.14536109646810763,0.0020426989984185556,0.04948603057459148,1.0213494992092779e-06,0.0979167435424355,-0.04744435292567213,1,0.0020426989984185556,-0.04948603057459148,-1.0213494992092779e-06,-0.04744435292567213,False
510500,中盘成长/均衡,S6_IVTiming_OTM5_Monthly,2026-01-30,2026-02-25,8.44,8.602,8.933,0.0657,1.0,1,0,selected,high_iv_sell,0.23026588494777678,0.75,high_iv,valid,716.0,0.2313456859045625,-0.0010798009567857259,1.0,,close,10010751.SH,0.2124776540036284,0.24949515085220336,26.0,0.05841232227488158,0.01919431279620863,0.00778436018957346,0.0,3.89218009478673e-06,0.026974780805687302,0.0077804680094786735,0,0.00778436018957346,-0.0,-3.89218009478673e-06,0.0077804680094786735,False
510500,中盘成长/均衡,S6_IVTiming_OTM5_Monthly,2026-02-27,2026-03-25,8.737,7.826,9.181,0.0483,0.5,1,0,selected,normal_iv_sell,0.20608714833259584,0.5555555555555556,normal_iv,valid,729.0,0.3106896960657871,-0.10460254773319128,1.0,,close,10010769.SH,0.19171398471384749,0.20078959345817565,26.0,0.05081835870436069,-0.10426919995421775,0.002764106672770974,0.0,1.382053336385487e-06,-0.10150647533478316,0.002762724619434595,0,0.002764106672770974,-0.0,-1.382053336385487e-06,0.0027627246194345885,False
510500,中盘成长/均衡,S6_IVTiming_OTM5_Monthly,2026-03-31,2026-04-22,7.683,8.455,8.0,0.0681,1.0,1,0,selected,high_iv_sell,0.27971171722412114,0.9841269841269841,high_iv,valid,750.0,0.25530555058585447,0.02440616663826667,1.0,,close,10011141.SH,0.2595689752099024,0.2371310106277466,22.0,0.041259924508655565,0.10048158271508528,0.008863725107379929,0.05922165820642979,4.431862553689965e-06,0.05011921775348173,-0.050362364961603553,1,0.008863725107379929,-0.05922165820642979,-4.431862553689965e-06,-0.050362364961603553,False
510500,中盘成长/均衡,S6_IVTiming_OTM5_Monthly,2026-04-30,2026-05-27,8.43,8.614,8.75,0.0681,0.5,1,0,selected,normal_iv_sell,0.2046983878850937,0.503968253968254,normal_iv,valid,766.0,0.243420719009505,-0.038722331124411286,1.0,,close,10011335.SH,0.25883859139543336,0.1953179965019226,27.0,0.03795966785290639,0.02182680901542124,0.004039145907473309,0.0,2.019572953736655e-06,0.025863935349940814,0.004037126334519574,0,0.004039145907473309,-0.0,-2.019572953736655e-06,0.004037126334519573,False
510500,中盘成长/均衡,S6_IVTiming_OTM5_Monthly,2026-05-29,2026-06-03,8.443,8.455,8.933,0.0564,1.0,1,0,selected,high_iv_sell,0.24991356709003448,0.876984126984127,high_iv,valid,783.0,0.2596232595039666,-0.009709692413932103,1.0,,close,10010755.SH,0.19788468051117386,0.23401732625961302,26.0,0.058036243041572844,0.0014212957479569413,0.0066800900153973705,0.0,3.3400450076986854e-06,0.008098045718346613,0.0066767499703896714,0,0.0066800900153973705,-0.0,-3.3400450076986854e-06,0.0066767499703896714,False
