ETF代码,策略,建仓日,结束日,是否卖出期权,选券状态,权利金收益率,上涨截断成本,交易成本,净期权贡献,是否被行权
510300,ATM全覆盖月度备兑 (ATM 100%),2021-01-29,2021-02-24,1,selected,0.0175205684367988,0.0,8.760284218399401e-06,0.0175118081525804,0
510300,ATM全覆盖月度备兑 (ATM 100%),2021-02-26,2021-03-24,1,selected,0.0337774441733908,0.0,1.6888722086695438e-05,0.0337605554513041,0
510300,ATM全覆盖月度备兑 (ATM 100%),2021-03-31,2021-04-28,1,selected,0.0231485148514851,0.0251485148514851,1.1574257425742575e-05,-0.0020115742574256,1
510300,ATM全覆盖月度备兑 (ATM 100%),2021-04-30,2021-05-26,1,selected,0.0088728549141965,0.015210608424337,4.436427457098284e-06,-0.0063421899375975,1
510300,ATM全覆盖月度备兑 (ATM 100%),2021-05-31,2021-06-23,1,selected,0.0323529411764705,0.0,1.6176470588235293e-05,0.0323367647058823,0
510300,ATM全覆盖月度备兑 (ATM 100%),2021-06-30,2021-07-28,1,selected,0.0197869101978691,0.0,9.89345509893455e-06,0.0197770167427701,0
510300,ATM全覆盖月度备兑 (ATM 100%),2021-07-30,2021-08-25,1,selected,0.0141625615763546,0.0145730706075533,7.081280788177341e-06,-0.0004175903119868,1
510300,ATM全覆盖月度备兑 (ATM 100%),2021-08-31,2021-09-22,1,selected,0.0135683541709366,0.0,6.784177085468334e-06,0.0135615699938511,0
510300,ATM全覆盖月度备兑 (ATM 100%),2021-09-30,2021-10-27,1,selected,0.0245187436676798,0.0141843971631204,1.225937183383992e-05,0.0103220871327255,1
510300,ATM全覆盖月度备兑 (ATM 100%),2021-10-29,2021-11-24,1,selected,0.0164224051395302,0.0,8.211202569765107e-06,0.0164141939369604,0
510300,ATM全覆盖月度备兑 (ATM 100%),2021-11-30,2021-12-22,1,selected,0.0163917735695377,0.0166972103441254,8.195886784768887e-06,-0.0003136326613723,1
510300,ATM全覆盖月度备兑 (ATM 100%),2021-12-31,2022-01-26,1,selected,0.0179712460063897,0.0,8.985623003194887e-06,0.0179622603833865,0
510300,ATM全覆盖月度备兑 (ATM 100%),2022-01-28,2022-02-23,1,selected,0.0252525252525252,0.0188844971453667,1.2626262626262626e-05,0.0063554018445322,1
510300,ATM全覆盖月度备兑 (ATM 100%),2022-02-28,2022-03-23,1,selected,0.0131918617370378,0.0,6.595930868518924e-06,0.0131852658061693,0
510300,ATM全覆盖月度备兑 (ATM 100%),2022-03-31,2022-04-27,1,selected,0.0221669037458511,0.0,1.1083451872925556e-05,0.0221558202939781,0
510300,ATM全覆盖月度备兑 (ATM 100%),2022-04-29,2022-05-25,1,selected,0.0241095890410958,0.0,1.2054794520547944e-05,0.0240975342465753,0
510300,ATM全覆盖月度备兑 (ATM 100%),2022-05-31,2022-06-22,1,selected,0.0177304964539007,0.0464661286378088,8.865248226950355e-06,-0.028744497432135,1
510300,ATM全覆盖月度备兑 (ATM 100%),2022-06-30,2022-07-27,1,selected,0.0239574090505767,0.0,1.1978704525288375e-05,0.0239454303460514,0
510300,ATM全覆盖月度备兑 (ATM 100%),2022-07-29,2022-08-24,1,selected,0.0227014218009478,0.0,1.1350710900473932e-05,0.0226900710900473,0
510300,ATM全覆盖月度备兑 (ATM 100%),2022-08-31,2022-09-28,1,selected,0.0248490702728809,0.0,1.2424535136440474e-05,0.0248366457377445,0
510300,ATM全覆盖月度备兑 (ATM 100%),2022-09-30,2022-10-26,1,selected,0.014865563598759,0.0,7.432781799379525e-06,0.0148581308169596,0
510300,ATM全覆盖月度备兑 (ATM 100%),2022-10-31,2022-11-23,1,selected,0.0207573632538569,0.0656381486676016,1.037868162692847e-05,-0.0448911640953716,1
510300,ATM全覆盖月度备兑 (ATM 100%),2022-11-30,2022-12-28,1,selected,0.0259524418307338,0.0086934287905907,1.2976220915366916e-05,0.0172460368192277,1
510300,ATM全覆盖月度备兑 (ATM 100%),2022-12-30,2023-01-30,1,selected,0.0115033011681056,0.0678009141696292,5.751650584052819e-06,-0.0563033646521076,1
510300,ATM全覆盖月度备兑 (ATM 100%),2023-01-31,2023-02-22,1,selected,0.0206059148833854,0.0,1.0302957441692717e-05,0.0205956119259437,0
510300,ATM全覆盖月度备兑 (ATM 100%),2023-02-28,2023-03-22,1,selected,0.0142225497420781,0.0,7.111274871039057e-06,0.014215438467207,0
510300,ATM全覆盖月度备兑 (ATM 100%),2023-03-31,2023-04-26,1,selected,0.0237037037037037,0.0,1.1851851851851852e-05,0.0236918518518518,0
510300,ATM全覆盖月度备兑 (ATM 100%),2023-04-28,2023-05-24,1,selected,0.0184347826086956,0.0,9.217391304347825e-06,0.0184255652173913,0
510300,ATM全覆盖月度备兑 (ATM 100%),2023-05-31,2023-06-28,1,selected,0.0188847974750131,0.0202524986849026,9.442398737506575e-06,-0.001377143608627,1
510300,ATM全覆盖月度备兑 (ATM 100%),2023-06-30,2023-07-26,1,selected,0.0137300360638845,0.0195775373518804,6.865018031942298e-06,-0.0058543663060278,1
510300,ATM全覆盖月度备兑 (ATM 100%),2023-07-31,2023-08-23,1,selected,0.0159402546523016,0.0,7.970127326150835e-06,0.0159322845249755,0
510300,ATM全覆盖月度备兑 (ATM 100%),2023-08-31,2023-09-27,1,selected,0.0256577233654597,0.0,1.282886168272988e-05,0.025644894503777,0
510300,ATM全覆盖月度备兑 (ATM 100%),2023-09-28,2023-10-25,1,selected,0.0132837407013815,0.0,6.641870350690756e-06,0.0132770988310308,0
510300,ATM全覆盖月度备兑 (ATM 100%),2023-10-31,2023-11-22,1,selected,0.0224478594950603,0.0030186608122942,1.1223929747530183e-05,0.0194179747530186,1
510300,ATM全覆盖月度备兑 (ATM 100%),2023-11-30,2023-12-27,1,selected,0.0119314991577765,0.0,5.965749578888266e-06,0.0119255334081976,0
510300,ATM全覆盖月度备兑 (ATM 100%),2023-12-29,2024-01-24,1,selected,0.0062875107173478,0.0,3.1437553586739065e-06,0.0062843669619891,0
510300,ATM全覆盖月度备兑 (ATM 100%),2024-01-31,2024-02-28,1,selected,0.0190875232774674,0.0673494723774053,9.543761638733708e-06,-0.0482714928615766,1
510300,ATM全覆盖月度备兑 (ATM 100%),2024-02-29,2024-03-27,1,selected,0.0215244076505852,0.0,1.0762203825292605e-05,0.0215136454467599,0
510300,ATM全覆盖月度备兑 (ATM 100%),2024-03-29,2024-04-24,1,selected,0.0196823596142938,0.0036868973340895,9.84117980714691e-06,0.015985621100397,1
510300,ATM全覆盖月度备兑 (ATM 100%),2024-04-30,2024-05-22,1,selected,0.0145914396887159,0.0222345747637576,7.295719844357977e-06,-0.007650430794886,1
510300,ATM全覆盖月度备兑 (ATM 100%),2024-05-31,2024-06-26,1,selected,0.0129815745393634,0.0,6.490787269681742e-06,0.0129750837520938,0
510300,ATM全覆盖月度备兑 (ATM 100%),2024-06-28,2024-07-24,1,selected,0.0123315170633782,0.0,6.16575853168913e-06,0.0123253513048465,0
510300,ATM全覆盖月度备兑 (ATM 100%),2024-07-31,2024-08-28,1,selected,0.0168757126567844,0.0,8.437856328392247e-06,0.0168672748004561,0
510300,ATM全覆盖月度备兑 (ATM 100%),2024-08-30,2024-09-25,1,selected,0.0117040094339622,0.0218160377358491,5.8520047169811324e-06,-0.0101178803066038,1
510300,ATM全覆盖月度备兑 (ATM 100%),2024-09-30,2024-10-23,1,selected,0.0495629577132057,0.0,2.4781478856602884e-05,0.0495381762343491,0
510300,ATM全覆盖月度备兑 (ATM 100%),2024-10-31,2024-11-27,1,selected,0.0286325862503147,0.0,1.4316293125157391e-05,0.0286182699571896,0
510300,ATM全覆盖月度备兑 (ATM 100%),2024-11-29,2024-12-25,1,selected,0.0221944513871532,0.0179955011247188,1.1097225693576606e-05,0.0041878530367407,1
510300,ATM全覆盖月度备兑 (ATM 100%),2024-12-31,2025-01-22,1,selected,0.0181501740427647,0.0,9.075087021382396e-06,0.0181410989557434,0
510300,ATM全覆盖月度备兑 (ATM 100%),2025-01-27,2025-02-26,1,selected,0.0187100076785257,0.0394164320450474,9.35500383926286e-06,-0.0207157793703609,1
510300,ATM全覆盖月度备兑 (ATM 100%),2025-02-28,2025-03-26,1,selected,0.0160741111667501,0.0032548823234852,8.03705558337506e-06,0.0128111917876815,1
510300,ATM全覆盖月度备兑 (ATM 100%),2025-03-31,2025-04-23,1,selected,0.0122740963855421,0.0,6.137048192771085e-06,0.0122679593373493,0
510300,ATM全覆盖月度备兑 (ATM 100%),2025-04-30,2025-05-28,1,selected,0.0115106052767718,0.0108639420589757,5.755302638385928e-06,0.0006409079151577,1
510300,ATM全覆盖月度备兑 (ATM 100%),2025-05-30,2025-06-25,1,selected,0.0078807779742359,0.0224804243495833,3.940388987117959e-06,-0.0146035867643345,1
510300,ATM全覆盖月度备兑 (ATM 100%),2025-06-30,2025-07-23,1,selected,0.0105474635861376,0.0499748869914615,5.27373179306881e-06,-0.0394326971371169,1
510300,ATM全覆盖月度备兑 (ATM 100%),2025-07-31,2025-08-27,1,selected,0.0116726835138387,0.0661853188928999,5.8363417569193736e-06,-0.0545184717208181,1
510300,ATM全覆盖月度备兑 (ATM 100%),2025-08-29,2025-09-24,1,selected,0.0257987394044772,0.013692675505325,1.2899369702238644e-05,0.0120931645294499,1
510300,ATM全覆盖月度备兑 (ATM 100%),2025-09-30,2025-10-22,1,selected,0.020291077831681,0.0,1.014553891584054e-05,0.0202809322927652,0
510300,ATM全覆盖月度备兑 (ATM 100%),2025-10-31,2025-11-26,1,selected,0.0132464255677039,0.0,6.623212783851976e-06,0.0132398023549201,0
510300,ATM全覆盖月度备兑 (ATM 100%),2025-11-28,2025-12-24,1,selected,0.0174325782092772,0.0338727076591154,8.71628910463862e-06,-0.0164488457389428,1
510300,ATM全覆盖月度备兑 (ATM 100%),2025-12-31,2026-01-28,1,selected,0.0056595834209972,0.0,2.8297917104986324e-06,0.0056567536292867,0
510300,ATM全覆盖月度备兑 (ATM 100%),2026-01-30,2026-02-25,1,selected,0.0194438548078964,0.0106134578645722,9.721927403948206e-06,0.0088206750159202,1
510300,ATM全覆盖月度备兑 (ATM 100%),2026-02-27,2026-03-25,1,selected,0.0163597883597883,0.0,8.17989417989418e-06,0.0163516084656084,0
510300,ATM全覆盖月度备兑 (ATM 100%),2026-03-31,2026-04-22,1,selected,0.01165135559041,0.0696840690118754,5.825677795205018e-06,-0.0580385390992605,1
510300,ATM全覆盖月度备兑 (ATM 100%),2026-04-30,2026-05-27,1,selected,0.0169361525704809,0.0273631840796021,8.468076285240465e-06,-0.0104354995854064,1
510300,ATM全覆盖月度备兑 (ATM 100%),2026-05-29,2026-06-03,1,selected,0.0186268535445866,0.0132033313020514,9.313426772293315e-06,0.0054142088157628,1
510300,虚值5%全覆盖月度备兑 (OTM5 100%),2021-01-29,2021-02-24,1,selected,0.006357516828721,0.0,3.178758414360509e-06,0.0063543380703066,0
510300,虚值5%全覆盖月度备兑 (OTM5 100%),2021-02-26,2021-03-24,1,selected,0.0066428973541002,0.0,3.3214486770501032e-06,0.0066395759054231,0
510300,虚值5%全覆盖月度备兑 (OTM5 100%),2021-03-31,2021-04-28,1,selected,0.0057425742574257,0.0,2.871287128712872e-06,0.005739702970297,0
510300,虚值5%全覆盖月度备兑 (OTM5 100%),2021-04-30,2021-05-26,1,selected,0.0018525741029641,0.0,9.262870514820592e-07,0.0018516478159126,0
510300,虚值5%全覆盖月度备兑 (OTM5 100%),2021-05-31,2021-06-23,1,selected,0.005751217684526,0.0,2.87560884226302e-06,0.0057483420756837,0
510300,虚值5%全覆盖月度备兑 (OTM5 100%),2021-06-30,2021-07-28,1,selected,0.0055555555555555,0.0,2.777777777777778e-06,0.0055527777777777,0
510300,虚值5%全覆盖月度备兑 (OTM5 100%),2021-07-30,2021-08-25,1,selected,0.0072865353037766,0.0,3.643267651888341e-06,0.0072828920361247,0
510300,虚值5%全覆盖月度备兑 (OTM5 100%),2021-08-31,2021-09-22,1,selected,0.0066816970690715,0.0,3.3408485345357656e-06,0.0066783562205369,0
510300,虚值5%全覆盖月度备兑 (OTM5 100%),2021-09-30,2021-10-27,1,selected,0.0030395136778115,0.0,1.5197568389057753e-06,0.0030379939209726,0
510300,虚值5%全覆盖月度备兑 (OTM5 100%),2021-10-29,2021-11-24,1,selected,0.0029311383256374,0.0,1.4655691628187113e-06,0.0029296727564746,0
510300,虚值5%全覆盖月度备兑 (OTM5 100%),2021-11-30,2021-12-22,1,selected,0.0009773976786805,0.0,4.886988393402566e-07,0.0009769089798411,0
510300,虚值5%全覆盖月度备兑 (OTM5 100%),2021-12-31,2022-01-26,1,selected,0.0037140575079872,0.0,1.85702875399361e-06,0.0037122004792332,0
510300,虚值5%全覆盖月度备兑 (OTM5 100%),2022-01-28,2022-02-23,1,selected,0.0048748353096179,0.0,2.4374176548089597e-06,0.0048723978919631,0
510300,虚值5%全覆盖月度备兑 (OTM5 100%),2022-02-28,2022-03-23,1,selected,0.0020783198424852,0.0,1.0391599212426166e-06,0.0020772806825639,0
510300,虚值5%全覆盖月度备兑 (OTM5 100%),2022-03-31,2022-04-27,1,selected,0.0059269796111901,0.0,2.963489805595069e-06,0.0059240161213845,0
510300,虚值5%全覆盖月度备兑 (OTM5 100%),2022-04-29,2022-05-25,1,selected,0.0061270236612702,0.0,3.0635118306351188e-06,0.0061239601494396,0
510300,虚值5%全覆盖月度备兑 (OTM5 100%),2022-05-31,2022-06-22,1,selected,0.0033504524333577,0.0,1.6752262166788945e-06,0.0033487772071411,0
510300,虚值5%全覆盖月度备兑 (OTM5 100%),2022-06-30,2022-07-27,1,selected,0.0089174800354924,0.0,4.458740017746229e-06,0.0089130212954747,0
510300,虚值5%全覆盖月度备兑 (OTM5 100%),2022-07-29,2022-08-24,1,selected,0.0051658767772511,0.0,2.582938388625593e-06,0.0051632938388625,0
510300,虚值5%全覆盖月度备兑 (OTM5 100%),2022-08-31,2022-09-28,1,selected,0.005481767688964,0.0,2.7408838444820093e-06,0.0054790268051195,0
510300,虚值5%全覆盖月度备兑 (OTM5 100%),2022-09-30,2022-10-26,1,selected,0.0024819027921406,0.0,1.2409513960703206e-06,0.0024806618407445,0
510300,虚值5%全覆盖月度备兑 (OTM5 100%),2022-10-31,2022-11-23,1,selected,0.0107433380084151,0.0375876577840111,5.371669004207574e-06,-0.0268496914446002,1
510300,虚值5%全覆盖月度备兑 (OTM5 100%),2022-11-30,2022-12-28,1,selected,0.007721810278701,0.0,3.86090513935055e-06,0.0077179493735617,0
510300,虚值5%全覆盖月度备兑 (OTM5 100%),2022-12-30,2023-01-30,1,selected,0.0017267648552564,0.0177755205688167,8.633824276282376e-07,-0.0160496190959878,1
510300,虚值5%全覆盖月度备兑 (OTM5 100%),2023-01-31,2023-02-22,1,selected,0.0024525126232267,0.0,1.2262563116133688e-06,0.0024512863669151,0
510300,虚值5%全覆盖月度备兑 (OTM5 100%),2023-02-28,2023-03-22,1,selected,0.00253009088676,0.0,1.265045443380005e-06,0.0025288258413166,0
510300,虚值5%全覆盖月度备兑 (OTM5 100%),2023-03-31,2023-04-26,1,selected,0.0013086419753086,0.0,6.54320987654321e-07,0.0013079876543209,0
510300,虚值5%全覆盖月度备兑 (OTM5 100%),2023-04-28,2023-05-24,1,selected,0.002335403726708,0.0,1.167701863354037e-06,0.0023342360248447,0
510300,虚值5%全覆盖月度备兑 (OTM5 100%),2023-05-31,2023-06-28,1,selected,0.0030510257759074,0.0,1.5255128879537084e-06,0.0030495002630194,0
510300,虚值5%全覆盖月度备兑 (OTM5 100%),2023-06-30,2023-07-26,1,selected,0.0016486347243688,0.0,8.243173621844411e-07,0.0016478104070066,0
510300,虚值5%全覆盖月度备兑 (OTM5 100%),2023-07-31,2023-08-23,1,selected,0.0032566111655239,0.0,1.628305582761998e-06,0.0032549828599412,0
510300,虚值5%全覆盖月度备兑 (OTM5 100%),2023-08-31,2023-09-27,1,selected,0.0060171919770773,0.0,3.0085959885386818e-06,0.0060141833810888,0
510300,虚值5%全覆盖月度备兑 (OTM5 100%),2023-09-28,2023-10-25,1,selected,0.0023379383634431,0.0,1.1689691817215728e-06,0.0023367693942614,0
510300,虚值5%全覆盖月度备兑 (OTM5 100%),2023-10-31,2023-11-22,1,selected,0.0027991218441273,0.0,1.3995609220636664e-06,0.0027977222832052,0
510300,虚值5%全覆盖月度备兑 (OTM5 100%),2023-11-30,2023-12-27,1,selected,0.0043514879281302,0.0,2.175743964065132e-06,0.0043493121841661,0
510300,虚值5%全覆盖月度备兑 (OTM5 100%),2023-12-29,2024-01-24,1,selected,0.0008859674192626,0.0,4.429837096313232e-07,0.000885524435553,0
510300,虚值5%全覆盖月度备兑 (OTM5 100%),2024-01-31,2024-02-28,1,selected,0.0038175046554934,0.0148975791433892,1.908752327746741e-06,-0.0110819832402234,1
510300,虚值5%全覆盖月度备兑 (OTM5 100%),2024-02-29,2024-03-27,1,selected,0.0044247787610619,0.0,2.2123893805309734e-06,0.0044225663716814,0
510300,虚值5%全覆盖月度备兑 (OTM5 100%),2024-03-29,2024-04-24,1,selected,0.0022404991491775,0.0,1.1202495745887694e-06,0.0022393788996029,0
510300,虚值5%全覆盖月度备兑 (OTM5 100%),2024-04-30,2024-05-22,1,selected,0.0016953863257365,0.0,8.476931628682603e-07,0.0016945386325736,0
510300,虚值5%全覆盖月度备兑 (OTM5 100%),2024-05-31,2024-06-26,1,selected,0.0013121161362367,0.0,6.560580681183697e-07,0.0013114600781686,0
510300,虚值5%全覆盖月度备兑 (OTM5 100%),2024-06-28,2024-07-24,1,selected,0.0009176942930886,0.0,4.588471465443075e-07,0.000917235445942,0
510300,虚值5%全覆盖月度备兑 (OTM5 100%),2024-07-31,2024-08-28,1,selected,0.0018529076396807,0.0,9.264538198403648e-07,0.0018519811858608,0
510300,虚值5%全覆盖月度备兑 (OTM5 100%),2024-08-30,2024-09-25,1,selected,0.0008254716981132,0.0,4.127358490566038e-07,0.0008250589622641,0
510300,虚值5%全覆盖月度备兑 (OTM5 100%),2024-09-30,2024-10-23,1,selected,0.0382234821639499,0.0,1.911174108197496e-05,0.0382043704228679,0
510300,虚值5%全覆盖月度备兑 (OTM5 100%),2024-10-31,2024-11-27,1,selected,0.0150591790480987,0.0,7.529589524049358e-06,0.0150516494585746,0
510300,虚值5%全覆盖月度备兑 (OTM5 100%),2024-11-29,2024-12-25,1,selected,0.0076730817295676,0.0,3.836540864783804e-06,0.0076692451887028,0
510300,虚值5%全覆盖月度备兑 (OTM5 100%),2024-12-31,2025-01-22,1,selected,0.0047986076578816,0.0,2.3993038289408257e-06,0.0047962083540527,0
510300,虚值5%全覆盖月度备兑 (OTM5 100%),2025-01-27,2025-02-26,1,selected,0.0053749680061428,0.0,2.6874840030714106e-06,0.0053722805221397,0
510300,虚值5%全覆盖月度备兑 (OTM5 100%),2025-02-28,2025-03-26,1,selected,0.0036304456685027,0.0,1.8152228342513768e-06,0.0036286304456685,0
510300,虚值5%全覆盖月度备兑 (OTM5 100%),2025-03-31,2025-04-23,1,selected,0.0023343373493975,0.0,1.167168674698795e-06,0.0023331701807228,0
510300,虚值5%全覆盖月度备兑 (OTM5 100%),2025-04-30,2025-05-28,1,selected,0.0021469218830832,0.0,1.073460941541645e-06,0.0021458484221417,0
510300,虚值5%全覆盖月度备兑 (OTM5 100%),2025-05-30,2025-06-25,1,selected,0.0008082849204344,0.0,4.041424602172266e-07,0.0008078807779742,0
510300,虚值5%全覆盖月度备兑 (OTM5 100%),2025-06-30,2025-07-23,1,selected,0.0020090406830738,0.0,1.004520341536916e-06,0.0020080361627322,0
510300,虚值5%全覆盖月度备兑 (OTM5 100%),2025-07-31,2025-08-27,1,selected,0.002647412755716,0.0180505415162453,1.3237063778580023e-06,-0.0154044524669071,1
510300,虚值5%全覆盖月度备兑 (OTM5 100%),2025-08-29,2025-09-24,1,selected,0.0117148445990002,0.0,5.857422299500109e-06,0.0117089871767007,0
510300,虚值5%全覆盖月度备兑 (OTM5 100%),2025-09-30,2025-10-22,1,selected,0.0030162412993039,0.0,1.5081206496519723e-06,0.0030147331786542,0
510300,虚值5%全覆盖月度备兑 (OTM5 100%),2025-10-31,2025-11-26,1,selected,0.0029646761984861,0.0,1.4823380992430614e-06,0.0029631938603868,0
510300,虚值5%全覆盖月度备兑 (OTM5 100%),2025-11-28,2025-12-24,1,selected,0.0011003236245954,0.0,5.501618122977347e-07,0.0010997734627831,0
510300,虚值5%全覆盖月度备兑 (OTM5 100%),2025-12-31,2026-01-28,1,selected,0.0025457605722701,0.0,1.2728802861350723e-06,0.002544487691984,0
510300,虚值5%全覆盖月度备兑 (OTM5 100%),2026-01-30,2026-02-25,1,selected,0.005879855656973,0.0,2.9399278284865206e-06,0.0058769157291445,0
510300,虚值5%全覆盖月度备兑 (OTM5 100%),2026-02-27,2026-03-25,1,selected,0.0013968253968253,0.0,6.984126984126986e-07,0.0013961269841269,0
510300,虚值5%全覆盖月度备兑 (OTM5 100%),2026-03-31,2026-04-22,1,selected,0.0019045485099708,0.0248711628949136,9.52274254985436e-07,-0.0229675666591977,1
510300,虚值5%全覆盖月度备兑 (OTM5 100%),2026-04-30,2026-05-27,1,selected,0.0036691542288557,0.0,1.8345771144278609e-06,0.0036673196517412,0
510300,虚值5%全覆盖月度备兑 (OTM5 100%),2026-05-29,2026-06-03,1,selected,0.0049360146252285,0.0,2.468007312614259e-06,0.0049335466179159,0
510300,IV择时ATM月度备兑 (IV Timing ATM),2021-01-29,2021-02-26,0,warmup_invalid_skip,0.0,0.0,0.0,0.0,0
510300,IV择时ATM月度备兑 (IV Timing ATM),2021-02-26,2021-03-31,0,warmup_invalid_skip,0.0,0.0,0.0,0.0,0
510300,IV择时ATM月度备兑 (IV Timing ATM),2021-03-31,2021-04-30,0,warmup_invalid_skip,0.0,0.0,0.0,0.0,0
510300,IV择时ATM月度备兑 (IV Timing ATM),2021-04-30,2021-05-31,0,warmup_invalid_skip,0.0,0.0,0.0,0.0,0
510300,IV择时ATM月度备兑 (IV Timing ATM),2021-05-31,2021-06-30,0,warmup_invalid_skip,0.0,0.0,0.0,0.0,0
510300,IV择时ATM月度备兑 (IV Timing ATM),2021-06-30,2021-07-30,0,warmup_invalid_skip,0.0,0.0,0.0,0.0,0
510300,IV择时ATM月度备兑 (IV Timing ATM),2021-07-30,2021-08-31,0,warmup_invalid_skip,0.0,0.0,0.0,0.0,0
510300,IV择时ATM月度备兑 (IV Timing ATM),2021-08-31,2021-09-30,0,warmup_invalid_skip,0.0,0.0,0.0,0.0,0
510300,IV择时ATM月度备兑 (IV Timing ATM),2021-09-30,2021-10-29,0,warmup_invalid_skip,0.0,0.0,0.0,0.0,0
510300,IV择时ATM月度备兑 (IV Timing ATM),2021-10-29,2021-11-30,0,warmup_invalid_skip,0.0,0.0,0.0,0.0,0
510300,IV择时ATM月度备兑 (IV Timing ATM),2021-11-30,2021-12-31,0,warmup_invalid_skip,0.0,0.0,0.0,0.0,0
510300,IV择时ATM月度备兑 (IV Timing ATM),2021-12-31,2022-01-28,0,warmup_invalid_skip,0.0,0.0,0.0,0.0,0
510300,IV择时ATM月度备兑 (IV Timing ATM),2022-01-28,2022-02-28,0,warmup_invalid_skip,0.0,0.0,0.0,0.0,0
510300,IV择时ATM月度备兑 (IV Timing ATM),2022-02-28,2022-03-31,0,warmup_invalid_skip,0.0,0.0,0.0,0.0,0
510300,IV择时ATM月度备兑 (IV Timing ATM),2022-03-31,2022-04-27,1,selected,0.0221669037458511,0.0,1.1083451872925556e-05,0.0221558202939781,0
510300,IV择时ATM月度备兑 (IV Timing ATM),2022-04-29,2022-05-25,1,selected,0.0241095890410958,0.0,1.2054794520547944e-05,0.0240975342465753,0
510300,IV择时ATM月度备兑 (IV Timing ATM),2022-05-31,2022-06-22,1,selected,0.0177304964539007,0.0464661286378088,8.865248226950355e-06,-0.028744497432135,1
510300,IV择时ATM月度备兑 (IV Timing ATM),2022-06-30,2022-07-27,1,selected,0.0239574090505767,0.0,1.1978704525288375e-05,0.0239454303460514,0
510300,IV择时ATM月度备兑 (IV Timing ATM),2022-07-29,2022-08-24,1,selected,0.0113507109004739,0.0,5.675355450236967e-06,0.0113450355450236,0
510300,IV择时ATM月度备兑 (IV Timing ATM),2022-08-31,2022-09-28,1,selected,0.0124245351364404,0.0,6.212267568220237e-06,0.0124183228688722,0
510300,IV择时ATM月度备兑 (IV Timing ATM),2022-09-30,2022-10-26,1,selected,0.0074327817993795,0.0,3.7163908996897625e-06,0.0074290654084798,0
510300,IV择时ATM月度备兑 (IV Timing ATM),2022-10-31,2022-11-23,1,selected,0.0207573632538569,0.0656381486676016,1.037868162692847e-05,-0.0448911640953716,1
510300,IV择时ATM月度备兑 (IV Timing ATM),2022-11-30,2022-12-28,1,selected,0.0259524418307338,0.0086934287905907,1.2976220915366916e-05,0.0172460368192277,1
510300,IV择时ATM月度备兑 (IV Timing ATM),2022-12-30,2023-01-31,0,low_iv_skip,0.0,0.0,0.0,0.0,0
510300,IV择时ATM月度备兑 (IV Timing ATM),2023-01-31,2023-02-28,0,low_iv_skip,0.0,0.0,0.0,0.0,0
510300,IV择时ATM月度备兑 (IV Timing ATM),2023-02-28,2023-03-31,0,low_iv_skip,0.0,0.0,0.0,0.0,0
510300,IV择时ATM月度备兑 (IV Timing ATM),2023-03-31,2023-04-28,0,low_iv_skip,0.0,0.0,0.0,0.0,0
510300,IV择时ATM月度备兑 (IV Timing ATM),2023-04-28,2023-05-31,0,low_iv_skip,0.0,0.0,0.0,0.0,0
510300,IV择时ATM月度备兑 (IV Timing ATM),2023-05-31,2023-06-30,0,low_iv_skip,0.0,0.0,0.0,0.0,0
510300,IV择时ATM月度备兑 (IV Timing ATM),2023-06-30,2023-07-31,0,low_iv_skip,0.0,0.0,0.0,0.0,0
510300,IV择时ATM月度备兑 (IV Timing ATM),2023-07-31,2023-08-23,1,selected,0.0079701273261508,0.0,3.9850636630754175e-06,0.0079661422624877,0
510300,IV择时ATM月度备兑 (IV Timing ATM),2023-08-31,2023-09-27,1,selected,0.0128288616827298,0.0,6.414430841364939e-06,0.0128224472518885,0
510300,IV择时ATM月度备兑 (IV Timing ATM),2023-09-28,2023-10-25,1,selected,0.0066418703506907,0.0,3.3209351753453777e-06,0.0066385494155154,0
510300,IV择时ATM月度备兑 (IV Timing ATM),2023-10-31,2023-11-30,0,low_iv_skip,0.0,0.0,0.0,0.0,0
510300,IV择时ATM月度备兑 (IV Timing ATM),2023-11-30,2023-12-29,0,low_iv_skip,0.0,0.0,0.0,0.0,0
510300,IV择时ATM月度备兑 (IV Timing ATM),2023-12-29,2024-01-24,1,selected,0.0062875107173478,0.0,3.1437553586739065e-06,0.0062843669619891,0
510300,IV择时ATM月度备兑 (IV Timing ATM),2024-01-31,2024-02-28,1,selected,0.0190875232774674,0.0673494723774053,9.543761638733708e-06,-0.0482714928615766,1
510300,IV择时ATM月度备兑 (IV Timing ATM),2024-02-29,2024-03-27,1,selected,0.0215244076505852,0.0,1.0762203825292605e-05,0.0215136454467599,0
510300,IV择时ATM月度备兑 (IV Timing ATM),2024-03-29,2024-04-30,0,low_iv_skip,0.0,0.0,0.0,0.0,0
510300,IV择时ATM月度备兑 (IV Timing ATM),2024-04-30,2024-05-31,0,low_iv_skip,0.0,0.0,0.0,0.0,0
510300,IV择时ATM月度备兑 (IV Timing ATM),2024-05-31,2024-06-28,0,low_iv_skip,0.0,0.0,0.0,0.0,0
510300,IV择时ATM月度备兑 (IV Timing ATM),2024-06-28,2024-07-31,0,low_iv_skip,0.0,0.0,0.0,0.0,0
510300,IV择时ATM月度备兑 (IV Timing ATM),2024-07-31,2024-08-30,0,low_iv_skip,0.0,0.0,0.0,0.0,0
510300,IV择时ATM月度备兑 (IV Timing ATM),2024-08-30,2024-09-30,0,low_iv_skip,0.0,0.0,0.0,0.0,0
510300,IV择时ATM月度备兑 (IV Timing ATM),2024-09-30,2024-10-23,1,selected,0.0495629577132057,0.0,2.4781478856602884e-05,0.0495381762343491,0
510300,IV择时ATM月度备兑 (IV Timing ATM),2024-10-31,2024-11-27,1,selected,0.0286325862503147,0.0,1.4316293125157391e-05,0.0286182699571896,0
510300,IV择时ATM月度备兑 (IV Timing ATM),2024-11-29,2024-12-25,1,selected,0.0221944513871532,0.0179955011247188,1.1097225693576606e-05,0.0041878530367407,1
510300,IV择时ATM月度备兑 (IV Timing ATM),2024-12-31,2025-01-22,1,selected,0.0090750870213823,0.0,4.537543510691198e-06,0.0090705494778717,0
510300,IV择时ATM月度备兑 (IV Timing ATM),2025-01-27,2025-02-26,1,selected,0.0093550038392628,0.0197082160225237,4.6775019196314304e-06,-0.0103578896851804,1
510300,IV择时ATM月度备兑 (IV Timing ATM),2025-02-28,2025-03-26,1,selected,0.008037055583375,0.0016274411617426,4.01852779168753e-06,0.0064055958938407,1
510300,IV择时ATM月度备兑 (IV Timing ATM),2025-03-31,2025-04-23,1,selected,0.006137048192771,0.0,3.0685240963855424e-06,0.0061339796686746,0
510300,IV择时ATM月度备兑 (IV Timing ATM),2025-04-30,2025-05-28,1,selected,0.0057553026383859,0.0054319710294878,2.877651319192964e-06,0.0003204539575788,1
510300,IV择时ATM月度备兑 (IV Timing ATM),2025-05-30,2025-06-25,1,selected,0.0078807779742359,0.0224804243495833,3.940388987117959e-06,-0.0146035867643345,1
510300,IV择时ATM月度备兑 (IV Timing ATM),2025-06-30,2025-07-31,0,low_iv_skip,0.0,0.0,0.0,0.0,0
510300,IV择时ATM月度备兑 (IV Timing ATM),2025-07-31,2025-08-27,1,selected,0.0058363417569193,0.0330926594464499,2.9181708784596868e-06,-0.027259235860409,1
510300,IV择时ATM月度备兑 (IV Timing ATM),2025-08-29,2025-09-24,1,selected,0.0257987394044772,0.013692675505325,1.2899369702238644e-05,0.0120931645294499,1
510300,IV择时ATM月度备兑 (IV Timing ATM),2025-09-30,2025-10-22,1,selected,0.0101455389158405,0.0,5.07276945792027e-06,0.0101404661463826,0
510300,IV择时ATM月度备兑 (IV Timing ATM),2025-10-31,2025-11-26,1,selected,0.0066232127838519,0.0,3.311606391925988e-06,0.00661990117746,0
510300,IV择时ATM月度备兑 (IV Timing ATM),2025-11-28,2025-12-31,0,low_iv_skip,0.0,0.0,0.0,0.0,0
510300,IV择时ATM月度备兑 (IV Timing ATM),2025-12-31,2026-01-28,1,selected,0.0056595834209972,0.0,2.8297917104986324e-06,0.0056567536292867,0
510300,IV择时ATM月度备兑 (IV Timing ATM),2026-01-30,2026-02-25,1,selected,0.0097219274039482,0.0053067289322861,4.860963701974103e-06,0.0044103375079601,1
510300,IV择时ATM月度备兑 (IV Timing ATM),2026-02-27,2026-03-31,0,low_iv_skip,0.0,0.0,0.0,0.0,0
510300,IV择时ATM月度备兑 (IV Timing ATM),2026-03-31,2026-04-22,1,selected,0.01165135559041,0.0696840690118754,5.825677795205018e-06,-0.0580385390992605,1
510300,IV择时ATM月度备兑 (IV Timing ATM),2026-04-30,2026-05-29,0,low_iv_skip,0.0,0.0,0.0,0.0,0
510300,IV择时ATM月度备兑 (IV Timing ATM),2026-05-29,2026-06-03,1,selected,0.0093134267722933,0.0066016656510257,4.6567133861466586e-06,0.0027071044078814,1
510300,IV择时OTM5月度备兑 (IV Timing OTM5),2021-01-29,2021-02-26,0,warmup_invalid_skip,0.0,0.0,0.0,0.0,0
510300,IV择时OTM5月度备兑 (IV Timing OTM5),2021-02-26,2021-03-31,0,warmup_invalid_skip,0.0,0.0,0.0,0.0,0
510300,IV择时OTM5月度备兑 (IV Timing OTM5),2021-03-31,2021-04-30,0,warmup_invalid_skip,0.0,0.0,0.0,0.0,0
510300,IV择时OTM5月度备兑 (IV Timing OTM5),2021-04-30,2021-05-31,0,warmup_invalid_skip,0.0,0.0,0.0,0.0,0
510300,IV择时OTM5月度备兑 (IV Timing OTM5),2021-05-31,2021-06-30,0,warmup_invalid_skip,0.0,0.0,0.0,0.0,0
510300,IV择时OTM5月度备兑 (IV Timing OTM5),2021-06-30,2021-07-30,0,warmup_invalid_skip,0.0,0.0,0.0,0.0,0
510300,IV择时OTM5月度备兑 (IV Timing OTM5),2021-07-30,2021-08-31,0,warmup_invalid_skip,0.0,0.0,0.0,0.0,0
510300,IV择时OTM5月度备兑 (IV Timing OTM5),2021-08-31,2021-09-30,0,warmup_invalid_skip,0.0,0.0,0.0,0.0,0
510300,IV择时OTM5月度备兑 (IV Timing OTM5),2021-09-30,2021-10-29,0,warmup_invalid_skip,0.0,0.0,0.0,0.0,0
510300,IV择时OTM5月度备兑 (IV Timing OTM5),2021-10-29,2021-11-30,0,warmup_invalid_skip,0.0,0.0,0.0,0.0,0
510300,IV择时OTM5月度备兑 (IV Timing OTM5),2021-11-30,2021-12-31,0,warmup_invalid_skip,0.0,0.0,0.0,0.0,0
510300,IV择时OTM5月度备兑 (IV Timing OTM5),2021-12-31,2022-01-28,0,warmup_invalid_skip,0.0,0.0,0.0,0.0,0
510300,IV择时OTM5月度备兑 (IV Timing OTM5),2022-01-28,2022-02-28,0,warmup_invalid_skip,0.0,0.0,0.0,0.0,0
510300,IV择时OTM5月度备兑 (IV Timing OTM5),2022-02-28,2022-03-31,0,warmup_invalid_skip,0.0,0.0,0.0,0.0,0
510300,IV择时OTM5月度备兑 (IV Timing OTM5),2022-03-31,2022-04-27,1,selected,0.0059269796111901,0.0,2.963489805595069e-06,0.0059240161213845,0
510300,IV择时OTM5月度备兑 (IV Timing OTM5),2022-04-29,2022-05-25,1,selected,0.0061270236612702,0.0,3.0635118306351188e-06,0.0061239601494396,0
510300,IV择时OTM5月度备兑 (IV Timing OTM5),2022-05-31,2022-06-22,1,selected,0.0033504524333577,0.0,1.6752262166788945e-06,0.0033487772071411,0
510300,IV择时OTM5月度备兑 (IV Timing OTM5),2022-06-30,2022-07-27,1,selected,0.0089174800354924,0.0,4.458740017746229e-06,0.0089130212954747,0
510300,IV择时OTM5月度备兑 (IV Timing OTM5),2022-07-29,2022-08-24,1,selected,0.0025829383886255,0.0,1.2914691943127965e-06,0.0025816469194312,0
510300,IV择时OTM5月度备兑 (IV Timing OTM5),2022-08-31,2022-09-28,1,selected,0.002740883844482,0.0,1.3704419222410049e-06,0.0027395134025597,0
510300,IV择时OTM5月度备兑 (IV Timing OTM5),2022-09-30,2022-10-26,1,selected,0.0012409513960703,0.0,6.204756980351603e-07,0.0012403309203722,0
510300,IV择时OTM5月度备兑 (IV Timing OTM5),2022-10-31,2022-11-23,1,selected,0.0107433380084151,0.0375876577840111,5.371669004207574e-06,-0.0268496914446002,1
510300,IV择时OTM5月度备兑 (IV Timing OTM5),2022-11-30,2022-12-28,1,selected,0.007721810278701,0.0,3.86090513935055e-06,0.0077179493735617,0
510300,IV择时OTM5月度备兑 (IV Timing OTM5),2022-12-30,2023-01-31,0,low_iv_skip,0.0,0.0,0.0,0.0,0
510300,IV择时OTM5月度备兑 (IV Timing OTM5),2023-01-31,2023-02-28,0,low_iv_skip,0.0,0.0,0.0,0.0,0
510300,IV择时OTM5月度备兑 (IV Timing OTM5),2023-02-28,2023-03-31,0,low_iv_skip,0.0,0.0,0.0,0.0,0
510300,IV择时OTM5月度备兑 (IV Timing OTM5),2023-03-31,2023-04-28,0,low_iv_skip,0.0,0.0,0.0,0.0,0
510300,IV择时OTM5月度备兑 (IV Timing OTM5),2023-04-28,2023-05-31,0,low_iv_skip,0.0,0.0,0.0,0.0,0
510300,IV择时OTM5月度备兑 (IV Timing OTM5),2023-05-31,2023-06-30,0,low_iv_skip,0.0,0.0,0.0,0.0,0
510300,IV择时OTM5月度备兑 (IV Timing OTM5),2023-06-30,2023-07-31,0,low_iv_skip,0.0,0.0,0.0,0.0,0
510300,IV择时OTM5月度备兑 (IV Timing OTM5),2023-07-31,2023-08-23,1,selected,0.0016283055827619,0.0,8.141527913809991e-07,0.0016274914299706,0
510300,IV择时OTM5月度备兑 (IV Timing OTM5),2023-08-31,2023-09-27,1,selected,0.0030085959885386,0.0,1.5042979942693409e-06,0.0030070916905444,0
510300,IV择时OTM5月度备兑 (IV Timing OTM5),2023-09-28,2023-10-25,1,selected,0.0011689691817215,0.0,5.844845908607864e-07,0.0011683846971307,0
510300,IV择时OTM5月度备兑 (IV Timing OTM5),2023-10-31,2023-11-30,0,low_iv_skip,0.0,0.0,0.0,0.0,0
510300,IV择时OTM5月度备兑 (IV Timing OTM5),2023-11-30,2023-12-29,0,low_iv_skip,0.0,0.0,0.0,0.0,0
510300,IV择时OTM5月度备兑 (IV Timing OTM5),2023-12-29,2024-01-24,1,selected,0.0008859674192626,0.0,4.429837096313232e-07,0.000885524435553,0
510300,IV择时OTM5月度备兑 (IV Timing OTM5),2024-01-31,2024-02-28,1,selected,0.0038175046554934,0.0148975791433892,1.908752327746741e-06,-0.0110819832402234,1
510300,IV择时OTM5月度备兑 (IV Timing OTM5),2024-02-29,2024-03-27,1,selected,0.0044247787610619,0.0,2.2123893805309734e-06,0.0044225663716814,0
510300,IV择时OTM5月度备兑 (IV Timing OTM5),2024-03-29,2024-04-30,0,low_iv_skip,0.0,0.0,0.0,0.0,0
510300,IV择时OTM5月度备兑 (IV Timing OTM5),2024-04-30,2024-05-31,0,low_iv_skip,0.0,0.0,0.0,0.0,0
510300,IV择时OTM5月度备兑 (IV Timing OTM5),2024-05-31,2024-06-28,0,low_iv_skip,0.0,0.0,0.0,0.0,0
510300,IV择时OTM5月度备兑 (IV Timing OTM5),2024-06-28,2024-07-31,0,low_iv_skip,0.0,0.0,0.0,0.0,0
510300,IV择时OTM5月度备兑 (IV Timing OTM5),2024-07-31,2024-08-30,0,low_iv_skip,0.0,0.0,0.0,0.0,0
510300,IV择时OTM5月度备兑 (IV Timing OTM5),2024-08-30,2024-09-30,0,low_iv_skip,0.0,0.0,0.0,0.0,0
510300,IV择时OTM5月度备兑 (IV Timing OTM5),2024-09-30,2024-10-23,1,selected,0.0382234821639499,0.0,1.911174108197496e-05,0.0382043704228679,0
510300,IV择时OTM5月度备兑 (IV Timing OTM5),2024-10-31,2024-11-27,1,selected,0.0150591790480987,0.0,7.529589524049358e-06,0.0150516494585746,0
510300,IV择时OTM5月度备兑 (IV Timing OTM5),2024-11-29,2024-12-25,1,selected,0.0076730817295676,0.0,3.836540864783804e-06,0.0076692451887028,0
510300,IV择时OTM5月度备兑 (IV Timing OTM5),2024-12-31,2025-01-22,1,selected,0.0023993038289408,0.0,1.1996519144704129e-06,0.0023981041770263,0
510300,IV择时OTM5月度备兑 (IV Timing OTM5),2025-01-27,2025-02-26,1,selected,0.0026874840030714,0.0,1.3437420015357053e-06,0.0026861402610698,0
510300,IV择时OTM5月度备兑 (IV Timing OTM5),2025-02-28,2025-03-26,1,selected,0.0018152228342513,0.0,9.076114171256886e-07,0.0018143152228342,0
510300,IV择时OTM5月度备兑 (IV Timing OTM5),2025-03-31,2025-04-23,1,selected,0.0011671686746987,0.0,5.835843373493975e-07,0.0011665850903614,0
510300,IV择时OTM5月度备兑 (IV Timing OTM5),2025-04-30,2025-05-28,1,selected,0.0010734609415416,0.0,5.367304707708225e-07,0.0010729242110708,0
510300,IV择时OTM5月度备兑 (IV Timing OTM5),2025-05-30,2025-06-25,1,selected,0.0008082849204344,0.0,4.041424602172266e-07,0.0008078807779742,0
510300,IV择时OTM5月度备兑 (IV Timing OTM5),2025-06-30,2025-07-31,0,low_iv_skip,0.0,0.0,0.0,0.0,0
510300,IV择时OTM5月度备兑 (IV Timing OTM5),2025-07-31,2025-08-27,1,selected,0.001323706377858,0.0090252707581226,6.618531889290012e-07,-0.0077022262334535,1
510300,IV择时OTM5月度备兑 (IV Timing OTM5),2025-08-29,2025-09-24,1,selected,0.0117148445990002,0.0,5.857422299500109e-06,0.0117089871767007,0
510300,IV择时OTM5月度备兑 (IV Timing OTM5),2025-09-30,2025-10-22,1,selected,0.0015081206496519,0.0,7.540603248259862e-07,0.0015073665893271,0
510300,IV择时OTM5月度备兑 (IV Timing OTM5),2025-10-31,2025-11-26,1,selected,0.001482338099243,0.0,7.411690496215307e-07,0.0014815969301934,0
510300,IV择时OTM5月度备兑 (IV Timing OTM5),2025-11-28,2025-12-31,0,low_iv_skip,0.0,0.0,0.0,0.0,0
510300,IV择时OTM5月度备兑 (IV Timing OTM5),2025-12-31,2026-01-28,1,selected,0.0025457605722701,0.0,1.2728802861350723e-06,0.002544487691984,0
510300,IV择时OTM5月度备兑 (IV Timing OTM5),2026-01-30,2026-02-25,1,selected,0.0029399278284865,0.0,1.4699639142432603e-06,0.0029384578645722,0
510300,IV择时OTM5月度备兑 (IV Timing OTM5),2026-02-27,2026-03-31,0,low_iv_skip,0.0,0.0,0.0,0.0,0
510300,IV择时OTM5月度备兑 (IV Timing OTM5),2026-03-31,2026-04-22,1,selected,0.0019045485099708,0.0248711628949136,9.52274254985436e-07,-0.0229675666591977,1
510300,IV择时OTM5月度备兑 (IV Timing OTM5),2026-04-30,2026-05-29,0,low_iv_skip,0.0,0.0,0.0,0.0,0
510300,IV择时OTM5月度备兑 (IV Timing OTM5),2026-05-29,2026-06-03,1,selected,0.0024680073126142,0.0,1.2340036563071296e-06,0.0024667733089579,0
510050,ATM全覆盖月度备兑 (ATM 100%),2021-01-29,2021-02-24,1,selected,0.0258639308855291,0.0237580993520517,1.2931965442764576e-05,0.0020928995680346,1
510050,ATM全覆盖月度备兑 (ATM 100%),2021-02-26,2021-03-24,1,selected,0.0265562383115148,0.0,1.3278119155757415e-05,0.026542960192359,0
510050,ATM全覆盖月度备兑 (ATM 100%),2021-03-31,2021-04-28,1,selected,0.0218882903317266,0.0,1.094414516586334e-05,0.0218773461865608,0
510050,ATM全覆盖月度备兑 (ATM 100%),2021-04-30,2021-05-26,1,selected,0.0160252728317059,0.0425043078690408,8.012636415852959e-06,-0.0264870476737507,1
510050,ATM全覆盖月度备兑 (ATM 100%),2021-05-31,2021-06-23,1,selected,0.0225336630942566,0.0,1.1266831547128334e-05,0.0225223962627095,0
510050,ATM全覆盖月度备兑 (ATM 100%),2021-06-30,2021-07-28,1,selected,0.0214509246088193,0.0,1.072546230440967e-05,0.0214401991465149,0
510050,ATM全覆盖月度备兑 (ATM 100%),2021-07-30,2021-08-25,1,selected,0.015333544103699,0.0,7.66677205184951e-06,0.0153258773316471,0
510050,ATM全覆盖月度备兑 (ATM 100%),2021-08-31,2021-09-22,1,selected,0.0254939451880178,0.0184831102613128,1.2746972594008924e-05,0.0069980879541109,1
510050,ATM全覆盖月度备兑 (ATM 100%),2021-09-30,2021-10-27,1,selected,0.0272980501392757,0.0269266480965644,1.3649025069637885e-05,0.0003577530176416,1
510050,ATM全覆盖月度备兑 (ATM 100%),2021-10-29,2021-11-24,1,selected,0.0201573849878934,0.0,1.0078692493946732e-05,0.0201473062953995,0
510050,ATM全覆盖月度备兑 (ATM 100%),2021-11-30,2021-12-22,1,selected,0.0186472819216182,0.0268647281921619,9.323640960809102e-06,-0.0082267699115045,1
510050,ATM全覆盖月度备兑 (ATM 100%),2021-12-31,2022-01-26,1,selected,0.0188882063882063,0.0,9.444103194103195e-06,0.0188787622850122,0
510050,ATM全覆盖月度备兑 (ATM 100%),2022-01-28,2022-02-23,1,selected,0.0292490118577075,0.0329380764163373,1.4624505928853756e-05,-0.0037036890645586,1
510050,ATM全覆盖月度备兑 (ATM 100%),2022-02-28,2022-03-23,1,selected,0.0181639986932375,0.0,9.081999346618751e-06,0.0181549166938908,0
510050,ATM全覆盖月度备兑 (ATM 100%),2022-03-31,2022-04-27,1,selected,0.0179798681013537,0.0,8.98993405067685e-06,0.017970878167303,0
510050,ATM全覆盖月度备兑 (ATM 100%),2022-04-29,2022-05-25,1,selected,0.0208020050125313,0.0,1.0401002506265665e-05,0.020791604010025,0
510050,ATM全覆盖月度备兑 (ATM 100%),2022-05-31,2022-06-22,1,selected,0.0181948424068767,0.0351002865329514,9.097421203438396e-06,-0.016914541547278,1
510050,ATM全覆盖月度备兑 (ATM 100%),2022-06-30,2022-07-27,1,selected,0.018931247963506,0.0,9.465623981753017e-06,0.0189217823395242,0
510050,ATM全覆盖月度备兑 (ATM 100%),2022-07-29,2022-08-24,1,selected,0.0177157001414427,0.0,8.857850070721358e-06,0.0177068422913719,0
510050,ATM全覆盖月度备兑 (ATM 100%),2022-08-31,2022-09-28,1,selected,0.0194573366654766,0.0,9.728668332738307e-06,0.0194476079971438,0
510050,ATM全覆盖月度备兑 (ATM 100%),2022-09-30,2022-10-26,1,selected,0.0189811320754716,0.0,9.490566037735849e-06,0.0189716415094339,0
510050,ATM全覆盖月度备兑 (ATM 100%),2022-10-31,2022-11-23,1,selected,0.0222888984140591,0.0964423489069867,1.1144449207029574e-05,-0.0741645949421346,1
510050,ATM全覆盖月度备兑 (ATM 100%),2022-11-30,2022-12-28,1,selected,0.0170132325141776,0.0,8.506616257088846e-06,0.0170047258979206,0
510050,ATM全覆盖月度备兑 (ATM 100%),2022-12-30,2023-01-30,1,selected,0.0205738014345035,0.0751226878067196,1.0286900717251794e-05,-0.0545591732729332,1
510050,ATM全覆盖月度备兑 (ATM 100%),2023-01-31,2023-02-22,1,selected,0.0231642426392337,0.0,1.1582121319616886e-05,0.0231526605179141,0
510050,ATM全覆盖月度备兑 (ATM 100%),2023-02-28,2023-03-22,1,selected,0.0179169701383831,0.0,8.958485069191551e-06,0.0179080116533139,0
510050,ATM全覆盖月度备兑 (ATM 100%),2023-03-31,2023-04-26,1,selected,0.0221431247658299,0.0,1.1071562382914947e-05,0.0221320532034469,0
510050,ATM全覆盖月度备兑 (ATM 100%),2023-04-28,2023-05-24,1,selected,0.0123507462686567,0.0,6.175373134328358e-06,0.0123445708955223,0
510050,ATM全覆盖月度备兑 (ATM 100%),2023-05-31,2023-06-28,1,selected,0.0208,0.0199999999999999,1.04e-05,0.0007896,1
510050,ATM全覆盖月度备兑 (ATM 100%),2023-06-30,2023-07-26,1,selected,0.0155389457120377,0.0401258851298191,7.769472856018883e-06,-0.0245947088906374,1
510050,ATM全覆盖月度备兑 (ATM 100%),2023-07-31,2023-08-23,1,selected,0.0157817649212742,0.0,7.890882460637128e-06,0.0157738740388136,0
510050,ATM全覆盖月度备兑 (ATM 100%),2023-08-31,2023-09-27,1,selected,0.018030888030888,0.0015444015444015,9.015444015444017e-06,0.016477471042471,1
510050,ATM全覆盖月度备兑 (ATM 100%),2023-09-28,2023-10-25,1,selected,0.0152148664343786,0.0,7.607433217189314e-06,0.0152072590011614,0
510050,ATM全覆盖月度备兑 (ATM 100%),2023-10-31,2023-11-22,1,selected,0.0135450160771704,0.0,6.772508038585209e-06,0.0135382435691318,0
510050,ATM全覆盖月度备兑 (ATM 100%),2023-11-30,2023-12-27,1,selected,0.0175343606830487,0.0,8.767180341524365e-06,0.0175255935027072,0
510050,ATM全覆盖月度备兑 (ATM 100%),2023-12-29,2024-01-24,1,selected,0.0184288747346072,0.0,9.21443736730361e-06,0.0184196602972399,0
510050,ATM全覆盖月度备兑 (ATM 100%),2024-01-31,2024-02-28,1,selected,0.0197643979057591,0.0541012216404887,9.882198952879583e-06,-0.0343467059336824,1
510050,ATM全覆盖月度备兑 (ATM 100%),2024-02-29,2024-03-27,1,selected,0.0193944353518821,0.0,9.69721767594108e-06,0.0193847381342062,0
510050,ATM全覆盖月度备兑 (ATM 100%),2024-03-29,2024-04-24,1,selected,0.0145773785218456,0.0028583095140872,7.288689260922826e-06,0.0117117803184974,1
510050,ATM全覆盖月度备兑 (ATM 100%),2024-04-30,2024-05-22,1,selected,0.01404,0.0252,7.02e-06,-0.01116702,1
510050,ATM全覆盖月度备兑 (ATM 100%),2024-05-31,2024-06-26,1,selected,0.0145258103241296,0.0,7.262905162064826e-06,0.0145185474189675,0
510050,ATM全覆盖月度备兑 (ATM 100%),2024-06-28,2024-07-24,1,selected,0.0117574764440802,0.0098320360507988,5.878738222040148e-06,0.0019195616550593,1
510050,ATM全覆盖月度备兑 (ATM 100%),2024-07-31,2024-08-28,1,selected,0.0179455948030856,0.0,8.972797401542835e-06,0.0179366220056841,0
510050,ATM全覆盖月度备兑 (ATM 100%),2024-08-30,2024-09-25,1,selected,0.0085631947303417,0.0123507616303004,4.281597365170853e-06,-0.0037918484973239,1
510050,ATM全覆盖月度备兑 (ATM 100%),2024-09-30,2024-10-23,1,selected,0.051289102784462,0.0,2.5644551392231008e-05,0.0512634582330697,0
510050,ATM全覆盖月度备兑 (ATM 100%),2024-10-31,2024-11-27,1,selected,0.0299160890186063,0.0,1.4958044509303174e-05,0.029901130974097,0
510050,ATM全覆盖月度备兑 (ATM 100%),2024-11-29,2024-12-25,1,selected,0.0124450951683748,0.0073206442166909,6.222547584187409e-06,0.0051182284040997,1
510050,ATM全覆盖月度备兑 (ATM 100%),2024-12-31,2025-01-22,1,selected,0.0155222790357925,0.0,7.761139517896275e-06,0.0155145178962746,0
510050,ATM全覆盖月度备兑 (ATM 100%),2025-01-27,2025-02-26,1,selected,0.01577752553916,0.0287552024214907,7.888762769580023e-06,-0.0129855656451002,1
510050,ATM全覆盖月度备兑 (ATM 100%),2025-02-28,2025-03-26,1,selected,0.0177079482439926,0.0133086876155268,8.853974121996303e-06,0.0043904066543437,1
510050,ATM全覆盖月度备兑 (ATM 100%),2025-03-31,2025-04-23,1,selected,0.0201100917431192,0.0029357798165137,1.0055045871559634e-05,0.0171642568807339,1
510050,ATM全覆盖月度备兑 (ATM 100%),2025-04-30,2025-05-28,1,selected,0.0142220571852952,0.0174526550315632,7.1110285926476055e-06,-0.0032377088748606,1
510050,ATM全覆盖月度备兑 (ATM 100%),2025-05-30,2025-06-25,1,selected,0.0130592942888323,0.0298290287377227,6.529647144416152e-06,-0.0167762640960348,1
510050,ATM全覆盖月度备兑 (ATM 100%),2025-06-30,2025-07-23,1,selected,0.0138582116138225,0.0431065194157463,6.929105806911293e-06,-0.0292552369077306,1
510050,ATM全覆盖月度备兑 (ATM 100%),2025-07-31,2025-08-27,1,selected,0.0164194549844774,0.0520869265263884,8.209727492238704e-06,-0.0356756812694033,1
510050,ATM全覆盖月度备兑 (ATM 100%),2025-08-29,2025-09-24,1,selected,0.0266066838046272,0.0,1.3303341902313623e-05,0.0265933804627249,0
510050,ATM全覆盖月度备兑 (ATM 100%),2025-09-30,2025-10-22,1,selected,0.0196097248880358,0.0153550863723608,9.804862444017914e-06,0.0042448336532309,1
510050,ATM全覆盖月度备兑 (ATM 100%),2025-10-31,2025-11-26,1,selected,0.0114556962025316,0.0,5.727848101265824e-06,0.0114499683544303,0
510050,ATM全覆盖月度备兑 (ATM 100%),2025-11-28,2025-12-24,1,selected,0.003886925795053,0.0,1.943462897526502e-06,0.0038849823321554,0
510050,ATM全覆盖月度备兑 (ATM 100%),2025-12-31,2026-01-28,1,selected,0.0145571658615136,0.0122383252818034,7.278582930756844e-06,0.0023115619967794,1
510050,ATM全覆盖月度备兑 (ATM 100%),2026-01-30,2026-02-25,1,selected,0.0265649825230378,0.0108039402605655,1.3282491261518907e-05,0.0157477597712107,1
510050,ATM全覆盖月度备兑 (ATM 100%),2026-02-27,2026-03-25,1,selected,0.0146013448607108,0.0,7.300672430355427e-06,0.0145940441882804,0
510050,ATM全覆盖月度备兑 (ATM 100%),2026-03-31,2026-04-22,1,selected,0.0162301860785665,0.0361819434872501,8.115093039283254e-06,-0.0199598725017229,1
510050,ATM全覆盖月度备兑 (ATM 100%),2026-04-30,2026-05-27,1,selected,0.008491182233834,0.0,4.245591116917048e-06,0.0084869366427171,0
510050,ATM全覆盖月度备兑 (ATM 100%),2026-05-29,2026-06-03,1,selected,0.0166166166166166,0.0,8.308308308308309e-06,0.0166083083083083,0
510050,虚值5%全覆盖月度备兑 (OTM5 100%),2021-01-29,2021-02-24,1,selected,0.0079103671706263,0.0,3.955183585313175e-06,0.007906411987041,0
510050,虚值5%全覆盖月度备兑 (OTM5 100%),2021-02-26,2021-03-24,1,selected,0.0115682607534063,0.0,5.78413037670318e-06,0.0115624766230296,0
510050,虚值5%全覆盖月度备兑 (OTM5 100%),2021-03-31,2021-04-28,1,selected,0.0043379642755883,0.0,2.1689821377941597e-06,0.0043357952934505,0
510050,虚值5%全覆盖月度备兑 (OTM5 100%),2021-04-30,2021-05-26,1,selected,0.0025847214244686,0.0,1.292360712234348e-06,0.0025834290637564,0
510050,虚值5%全覆盖月度备兑 (OTM5 100%),2021-05-31,2021-06-23,1,selected,0.0089035449299258,0.0,4.451772464962902e-06,0.0088990931574608,0
510050,虚值5%全覆盖月度备兑 (OTM5 100%),2021-06-30,2021-07-28,1,selected,0.0052347083926031,0.0,2.6173541963015645e-06,0.0052320910384068,0
510050,虚值5%全覆盖月度备兑 (OTM5 100%),2021-07-30,2021-08-25,1,selected,0.0060701865317736,0.0,3.0350932658868164e-06,0.0060671514385077,0
510050,虚值5%全覆盖月度备兑 (OTM5 100%),2021-08-31,2021-09-22,1,selected,0.004333970681963,0.0,2.166985340981517e-06,0.004331803696622,0
510050,虚值5%全覆盖月度备兑 (OTM5 100%),2021-09-30,2021-10-27,1,selected,0.0051996285979572,0.0,2.599814298978644e-06,0.0051970287836583,0
510050,虚值5%全覆盖月度备兑 (OTM5 100%),2021-10-29,2021-11-24,1,selected,0.0028450363196125,0.0,1.4225181598062954e-06,0.0028436138014527,0
510050,虚值5%全覆盖月度备兑 (OTM5 100%),2021-11-30,2021-12-22,1,selected,0.0036662452591656,0.0,1.8331226295828064e-06,0.003664412136536,0
510050,虚值5%全覆盖月度备兑 (OTM5 100%),2021-12-31,2022-01-26,1,selected,0.0056203931203931,0.0,2.8101965601965604e-06,0.0056175829238329,0
510050,虚值5%全覆盖月度备兑 (OTM5 100%),2022-01-28,2022-02-23,1,selected,0.0062252964426877,0.0,3.1126482213438737e-06,0.0062221837944664,0
510050,虚值5%全覆盖月度备兑 (OTM5 100%),2022-02-28,2022-03-23,1,selected,0.0037569421757595,0.0,1.878471087879778e-06,0.0037550637046716,0
510050,虚值5%全覆盖月度备兑 (OTM5 100%),2022-03-31,2022-04-27,1,selected,0.0065949323151683,0.0,3.2974661575841725e-06,0.0065916348490107,0
510050,虚值5%全覆盖月度备兑 (OTM5 100%),2022-04-29,2022-05-25,1,selected,0.004189044038668,0.0,2.094522019334049e-06,0.0041869495166487,0
510050,虚值5%全覆盖月度备兑 (OTM5 100%),2022-05-31,2022-06-22,1,selected,0.0030085959885386,0.0,1.5042979942693409e-06,0.0030070916905444,0
510050,虚值5%全覆盖月度备兑 (OTM5 100%),2022-06-30,2022-07-27,1,selected,0.0096774193548387,0.0,4.838709677419355e-06,0.0096725806451612,0
510050,虚值5%全覆盖月度备兑 (OTM5 100%),2022-07-29,2022-08-24,1,selected,0.0064710042432814,0.0,3.235502121640736e-06,0.0064677687411598,0
510050,虚值5%全覆盖月度备兑 (OTM5 100%),2022-08-31,2022-09-28,1,selected,0.0034273473759371,0.0,1.7136736879685823e-06,0.0034256337022491,0
510050,虚值5%全覆盖月度备兑 (OTM5 100%),2022-09-30,2022-10-26,1,selected,0.0029811320754716,0.0,1.4905660377358492e-06,0.0029796415094339,0
510050,虚值5%全覆盖月度备兑 (OTM5 100%),2022-10-31,2022-11-23,1,selected,0.008401200171453,0.0535790827261037,4.200600085726532e-06,-0.0451820831547363,1
510050,虚值5%全覆盖月度备兑 (OTM5 100%),2022-11-30,2022-12-28,1,selected,0.0073345935727788,0.0,3.667296786389414e-06,0.0073309262759924,0
510050,虚值5%全覆盖月度备兑 (OTM5 100%),2022-12-30,2023-01-30,1,selected,0.0033220083050207,0.0184975462438657,1.6610041525103813e-06,-0.0151771989429974,1
510050,虚值5%全覆盖月度备兑 (OTM5 100%),2023-01-31,2023-02-22,1,selected,0.0051436679673643,0.0,2.5718339836821574e-06,0.0051410961333806,0
510050,虚值5%全覆盖月度备兑 (OTM5 100%),2023-02-28,2023-03-22,1,selected,0.0033139111434814,0.0,1.656955571740714e-06,0.0033122541879096,0
510050,虚值5%全覆盖月度备兑 (OTM5 100%),2023-03-31,2023-04-26,1,selected,0.0031097789434245,0.0,1.5548894717122518e-06,0.0031082240539527,0
510050,虚值5%全覆盖月度备兑 (OTM5 100%),2023-04-28,2023-05-24,1,selected,0.0027238805970149,0.0,1.3619402985074626e-06,0.0027225186567164,0
510050,虚值5%全覆盖月度备兑 (OTM5 100%),2023-05-31,2023-06-28,1,selected,0.00588,0.0,2.94e-06,0.00587706,0
510050,虚值5%全覆盖月度备兑 (OTM5 100%),2023-06-30,2023-07-26,1,selected,0.0040519276160503,0.000786782061369,2.025963808025177e-06,0.0032631195908732,1
510050,虚值5%全覆盖月度备兑 (OTM5 100%),2023-07-31,2023-08-23,1,selected,0.0057854265836689,0.0,2.8927132918344934e-06,0.0057825338703771,0
510050,虚值5%全覆盖月度备兑 (OTM5 100%),2023-08-31,2023-09-27,1,selected,0.0063706563706563,0.0,3.1853281853281858e-06,0.006367471042471,0
510050,虚值5%全覆盖月度备兑 (OTM5 100%),2023-09-28,2023-10-25,1,selected,0.0046457607433217,0.0,2.322880371660859e-06,0.00464343786295,0
510050,虚值5%全覆盖月度备兑 (OTM5 100%),2023-10-31,2023-11-22,1,selected,0.0033360128617363,0.0,1.6680064308681673e-06,0.0033343448553054,0
510050,虚值5%全覆盖月度备兑 (OTM5 100%),2023-11-30,2023-12-27,1,selected,0.0039150354019158,0.0,1.9575177009579343e-06,0.0039130778842149,0
510050,虚值5%全覆盖月度备兑 (OTM5 100%),2023-12-29,2024-01-24,1,selected,0.0035668789808917,0.0,1.7834394904458598e-06,0.0035650955414012,0
510050,虚值5%全覆盖月度备兑 (OTM5 100%),2024-01-31,2024-02-28,1,selected,0.0059773123909249,0.0104712041884816,2.9886561954624786e-06,-0.0044968804537521,1
510050,虚值5%全覆盖月度备兑 (OTM5 100%),2024-02-29,2024-03-27,1,selected,0.0058919803600654,0.0,2.945990180032733e-06,0.0058890343698854,0
510050,虚值5%全覆盖月度备兑 (OTM5 100%),2024-03-29,2024-04-24,1,selected,0.0029399755002041,0.0,1.4699877501020824e-06,0.002938505512454,0
510050,虚值5%全覆盖月度备兑 (OTM5 100%),2024-04-30,2024-05-22,1,selected,0.0028,0.0,1.4e-06,0.0027986,0
510050,虚值5%全覆盖月度备兑 (OTM5 100%),2024-05-31,2024-06-26,1,selected,0.0023609443777511,0.0,1.1804721888755503e-06,0.0023597639055622,0
510050,虚值5%全覆盖月度备兑 (OTM5 100%),2024-06-28,2024-07-24,1,selected,0.0018844735764031,0.0,9.422367882015568e-07,0.0018835313396149,0
510050,虚值5%全覆盖月度备兑 (OTM5 100%),2024-07-31,2024-08-28,1,selected,0.0016646366220056,0.0,8.323183110028421e-07,0.0016638043036946,0
510050,虚值5%全覆盖月度备兑 (OTM5 100%),2024-08-30,2024-09-25,1,selected,0.0011527377521613,0.0,5.763688760806916e-07,0.0011521613832853,0
510050,虚值5%全覆盖月度备兑 (OTM5 100%),2024-09-30,2024-10-23,1,selected,0.051289102784462,0.0,2.5644551392231008e-05,0.0512634582330697,0
510050,虚值5%全覆盖月度备兑 (OTM5 100%),2024-10-31,2024-11-27,1,selected,0.014885078438526,0.0,7.442539219263043e-06,0.0148776358993068,0
510050,虚值5%全覆盖月度备兑 (OTM5 100%),2024-11-29,2024-12-25,1,selected,0.00402635431918,0.0,2.013177159590044e-06,0.0040243411420204,0
510050,虚值5%全覆盖月度备兑 (OTM5 100%),2024-12-31,2025-01-22,1,selected,0.0036157779401022,0.0,1.8078889700511323e-06,0.0036139700511322,0
510050,虚值5%全覆盖月度备兑 (OTM5 100%),2025-01-27,2025-02-26,1,selected,0.0037457434733257,0.0,1.872871736662884e-06,0.0037438706015891,0
510050,虚值5%全覆盖月度备兑 (OTM5 100%),2025-02-28,2025-03-26,1,selected,0.0034750462107208,0.0,1.7375231053604436e-06,0.0034733086876155,0
510050,虚值5%全覆盖月度备兑 (OTM5 100%),2025-03-31,2025-04-23,1,selected,0.0032293577981651,0.0,1.6146788990825688e-06,0.003227743119266,0
510050,虚值5%全覆盖月度备兑 (OTM5 100%),2025-04-30,2025-05-28,1,selected,0.0020423319717786,0.0,1.021165985889343e-06,0.0020413108057927,0
510050,虚值5%全覆盖月度备兑 (OTM5 100%),2025-05-30,2025-06-25,1,selected,0.0018188432157148,0.0,9.094216078574028e-07,0.0018179337941069,0
510050,虚值5%全覆盖月度备兑 (OTM5 100%),2025-06-30,2025-07-23,1,selected,0.0021731385821161,0.0,1.0865692910580694e-06,0.002172052012825,0
510050,虚值5%全覆盖月度备兑 (OTM5 100%),2025-07-31,2025-08-27,1,selected,0.0055881338392549,0.0175922731976544,2.794066919627458e-06,-0.0120069334253191,1
510050,虚值5%全覆盖月度备兑 (OTM5 100%),2025-08-29,2025-09-24,1,selected,0.0095115681233933,0.0,4.755784061696658e-06,0.0095068123393316,0
510050,虚值5%全覆盖月度备兑 (OTM5 100%),2025-09-30,2025-10-22,1,selected,0.0032309660908509,0.0,1.6154830454254638e-06,0.0032293506078055,0
510050,虚值5%全覆盖月度备兑 (OTM5 100%),2025-10-31,2025-11-26,1,selected,0.0041139240506329,0.0,2.0569620253164555e-06,0.0041118670886075,0
510050,虚值5%全覆盖月度备兑 (OTM5 100%),2025-11-28,2025-12-24,1,selected,0.0005139736588499,0.0,2.56986829424992e-07,0.0005137166720205,0
510050,虚值5%全覆盖月度备兑 (OTM5 100%),2025-12-31,2026-01-28,1,selected,0.0012560386473429,0.0,6.280193236714976e-07,0.0012554106280193,0
510050,虚值5%全覆盖月度备兑 (OTM5 100%),2026-01-30,2026-02-25,1,selected,0.0055290753098188,0.0,2.7645376549094376e-06,0.0055263107721639,0
510050,虚值5%全覆盖月度备兑 (OTM5 100%),2026-02-27,2026-03-25,1,selected,0.0018571886007044,0.0,9.285943003522252e-07,0.001856260006404,0
510050,虚值5%全覆盖月度备兑 (OTM5 100%),2026-03-31,2026-04-22,1,selected,0.0041350792556857,0.001722949689869,2.0675396278428668e-06,0.0024100620261888,1
510050,虚值5%全覆盖月度备兑 (OTM5 100%),2026-04-30,2026-05-27,1,selected,0.0019595035924232,0.0,9.797517962116265e-07,0.001958523840627,0
510050,虚值5%全覆盖月度备兑 (OTM5 100%),2026-05-29,2026-06-03,1,selected,0.0047047047047047,0.0,2.3523523523523527e-06,0.0047023523523523,0
510050,IV择时ATM月度备兑 (IV Timing ATM),2021-01-29,2021-02-26,0,warmup_invalid_skip,0.0,0.0,0.0,0.0,0
510050,IV择时ATM月度备兑 (IV Timing ATM),2021-02-26,2021-03-31,0,warmup_invalid_skip,0.0,0.0,0.0,0.0,0
510050,IV择时ATM月度备兑 (IV Timing ATM),2021-03-31,2021-04-30,0,warmup_invalid_skip,0.0,0.0,0.0,0.0,0
510050,IV择时ATM月度备兑 (IV Timing ATM),2021-04-30,2021-05-31,0,warmup_invalid_skip,0.0,0.0,0.0,0.0,0
510050,IV择时ATM月度备兑 (IV Timing ATM),2021-05-31,2021-06-30,0,warmup_invalid_skip,0.0,0.0,0.0,0.0,0
510050,IV择时ATM月度备兑 (IV Timing ATM),2021-06-30,2021-07-30,0,warmup_invalid_skip,0.0,0.0,0.0,0.0,0
510050,IV择时ATM月度备兑 (IV Timing ATM),2021-07-30,2021-08-31,0,warmup_invalid_skip,0.0,0.0,0.0,0.0,0
510050,IV择时ATM月度备兑 (IV Timing ATM),2021-08-31,2021-09-30,0,warmup_invalid_skip,0.0,0.0,0.0,0.0,0
510050,IV择时ATM月度备兑 (IV Timing ATM),2021-09-30,2021-10-29,0,warmup_invalid_skip,0.0,0.0,0.0,0.0,0
510050,IV择时ATM月度备兑 (IV Timing ATM),2021-10-29,2021-11-30,0,warmup_invalid_skip,0.0,0.0,0.0,0.0,0
510050,IV择时ATM月度备兑 (IV Timing ATM),2021-11-30,2021-12-31,0,warmup_invalid_skip,0.0,0.0,0.0,0.0,0
510050,IV择时ATM月度备兑 (IV Timing ATM),2021-12-31,2022-01-28,0,warmup_invalid_skip,0.0,0.0,0.0,0.0,0
510050,IV择时ATM月度备兑 (IV Timing ATM),2022-01-28,2022-02-28,0,warmup_invalid_skip,0.0,0.0,0.0,0.0,0
510050,IV择时ATM月度备兑 (IV Timing ATM),2022-02-28,2022-03-31,0,warmup_invalid_skip,0.0,0.0,0.0,0.0,0
510050,IV择时ATM月度备兑 (IV Timing ATM),2022-03-31,2022-04-27,1,selected,0.0089899340506768,0.0,4.494967025338425e-06,0.0089854390836515,0
510050,IV择时ATM月度备兑 (IV Timing ATM),2022-04-29,2022-05-25,1,selected,0.0208020050125313,0.0,1.0401002506265665e-05,0.020791604010025,0
510050,IV择时ATM月度备兑 (IV Timing ATM),2022-05-31,2022-06-22,1,selected,0.0181948424068767,0.0351002865329514,9.097421203438396e-06,-0.016914541547278,1
510050,IV择时ATM月度备兑 (IV Timing ATM),2022-06-30,2022-07-27,1,selected,0.018931247963506,0.0,9.465623981753017e-06,0.0189217823395242,0
510050,IV择时ATM月度备兑 (IV Timing ATM),2022-07-29,2022-08-24,1,selected,0.0088578500707213,0.0,4.428925035360679e-06,0.0088534211456859,0
510050,IV择时ATM月度备兑 (IV Timing ATM),2022-08-31,2022-09-30,0,low_iv_skip,0.0,0.0,0.0,0.0,0
510050,IV择时ATM月度备兑 (IV Timing ATM),2022-09-30,2022-10-31,0,low_iv_skip,0.0,0.0,0.0,0.0,0
510050,IV择时ATM月度备兑 (IV Timing ATM),2022-10-31,2022-11-23,1,selected,0.0222888984140591,0.0964423489069867,1.1144449207029574e-05,-0.0741645949421346,1
510050,IV择时ATM月度备兑 (IV Timing ATM),2022-11-30,2022-12-28,1,selected,0.0170132325141776,0.0,8.506616257088846e-06,0.0170047258979206,0
510050,IV择时ATM月度备兑 (IV Timing ATM),2022-12-30,2023-01-31,0,low_iv_skip,0.0,0.0,0.0,0.0,0
510050,IV择时ATM月度备兑 (IV Timing ATM),2023-01-31,2023-02-22,1,selected,0.0115821213196168,0.0,5.791060659808443e-06,0.011576330258957,0
510050,IV择时ATM月度备兑 (IV Timing ATM),2023-02-28,2023-03-31,0,low_iv_skip,0.0,0.0,0.0,0.0,0
510050,IV择时ATM月度备兑 (IV Timing ATM),2023-03-31,2023-04-28,0,low_iv_skip,0.0,0.0,0.0,0.0,0
510050,IV择时ATM月度备兑 (IV Timing ATM),2023-04-28,2023-05-31,0,low_iv_skip,0.0,0.0,0.0,0.0,0
510050,IV择时ATM月度备兑 (IV Timing ATM),2023-05-31,2023-06-30,0,low_iv_skip,0.0,0.0,0.0,0.0,0
510050,IV择时ATM月度备兑 (IV Timing ATM),2023-06-30,2023-07-31,0,low_iv_skip,0.0,0.0,0.0,0.0,0
510050,IV择时ATM月度备兑 (IV Timing ATM),2023-07-31,2023-08-23,1,selected,0.0078908824606371,0.0,3.945441230318564e-06,0.0078869370194068,0
510050,IV择时ATM月度备兑 (IV Timing ATM),2023-08-31,2023-09-27,1,selected,0.009015444015444,0.0007722007722007,4.507722007722008e-06,0.0082387355212355,1
510050,IV择时ATM月度备兑 (IV Timing ATM),2023-09-28,2023-10-31,0,low_iv_skip,0.0,0.0,0.0,0.0,0
510050,IV择时ATM月度备兑 (IV Timing ATM),2023-10-31,2023-11-30,0,low_iv_skip,0.0,0.0,0.0,0.0,0
510050,IV择时ATM月度备兑 (IV Timing ATM),2023-11-30,2023-12-29,0,low_iv_skip,0.0,0.0,0.0,0.0,0
510050,IV择时ATM月度备兑 (IV Timing ATM),2023-12-29,2024-01-31,0,low_iv_skip,0.0,0.0,0.0,0.0,0
510050,IV择时ATM月度备兑 (IV Timing ATM),2024-01-31,2024-02-28,1,selected,0.0197643979057591,0.0541012216404887,9.882198952879583e-06,-0.0343467059336824,1
510050,IV择时ATM月度备兑 (IV Timing ATM),2024-02-29,2024-03-27,1,selected,0.0193944353518821,0.0,9.69721767594108e-06,0.0193847381342062,0
510050,IV择时ATM月度备兑 (IV Timing ATM),2024-03-29,2024-04-30,0,low_iv_skip,0.0,0.0,0.0,0.0,0
510050,IV择时ATM月度备兑 (IV Timing ATM),2024-04-30,2024-05-31,0,low_iv_skip,0.0,0.0,0.0,0.0,0
510050,IV择时ATM月度备兑 (IV Timing ATM),2024-05-31,2024-06-28,0,low_iv_skip,0.0,0.0,0.0,0.0,0
510050,IV择时ATM月度备兑 (IV Timing ATM),2024-06-28,2024-07-31,0,low_iv_skip,0.0,0.0,0.0,0.0,0
510050,IV择时ATM月度备兑 (IV Timing ATM),2024-07-31,2024-08-30,0,low_iv_skip,0.0,0.0,0.0,0.0,0
510050,IV择时ATM月度备兑 (IV Timing ATM),2024-08-30,2024-09-30,0,low_iv_skip,0.0,0.0,0.0,0.0,0
510050,IV择时ATM月度备兑 (IV Timing ATM),2024-09-30,2024-10-23,1,selected,0.051289102784462,0.0,2.5644551392231008e-05,0.0512634582330697,0
510050,IV择时ATM月度备兑 (IV Timing ATM),2024-10-31,2024-11-27,1,selected,0.0299160890186063,0.0,1.4958044509303174e-05,0.029901130974097,0
510050,IV择时ATM月度备兑 (IV Timing ATM),2024-11-29,2024-12-25,1,selected,0.0124450951683748,0.0073206442166909,6.222547584187409e-06,0.0051182284040997,1
510050,IV择时ATM月度备兑 (IV Timing ATM),2024-12-31,2025-01-22,1,selected,0.0077611395178962,0.0,3.880569758948138e-06,0.0077572589481373,0
510050,IV择时ATM月度备兑 (IV Timing ATM),2025-01-27,2025-02-26,1,selected,0.00788876276958,0.0143776012107453,3.944381384790012e-06,-0.0064927828225501,1
510050,IV择时ATM月度备兑 (IV Timing ATM),2025-02-28,2025-03-26,1,selected,0.0088539741219963,0.0066543438077634,4.426987060998152e-06,0.0021952033271718,1
510050,IV择时ATM月度备兑 (IV Timing ATM),2025-03-31,2025-04-23,1,selected,0.0100550458715596,0.0014678899082568,5.027522935779817e-06,0.0085821284403669,1
510050,IV择时ATM月度备兑 (IV Timing ATM),2025-04-30,2025-05-28,1,selected,0.0071110285926476,0.0087263275157816,3.5555142963238028e-06,-0.0016188544374303,1
510050,IV择时ATM月度备兑 (IV Timing ATM),2025-05-30,2025-06-30,0,low_iv_skip,0.0,0.0,0.0,0.0,0
510050,IV择时ATM月度备兑 (IV Timing ATM),2025-06-30,2025-07-31,0,low_iv_skip,0.0,0.0,0.0,0.0,0
510050,IV择时ATM月度备兑 (IV Timing ATM),2025-07-31,2025-08-27,1,selected,0.0082097274922387,0.0260434632631942,4.104863746119352e-06,-0.0178378406347016,1
510050,IV择时ATM月度备兑 (IV Timing ATM),2025-08-29,2025-09-24,1,selected,0.0266066838046272,0.0,1.3303341902313623e-05,0.0265933804627249,0
510050,IV择时ATM月度备兑 (IV Timing ATM),2025-09-30,2025-10-22,1,selected,0.0098048624440179,0.0076775431861804,4.902431222008957e-06,0.0021224168266154,1
510050,IV择时ATM月度备兑 (IV Timing ATM),2025-10-31,2025-11-26,1,selected,0.0057278481012658,0.0,2.863924050632912e-06,0.0057249841772151,0
510050,IV择时ATM月度备兑 (IV Timing ATM),2025-11-28,2025-12-24,1,selected,0.0019434628975265,0.0,9.71731448763251e-07,0.0019424911660777,0
510050,IV择时ATM月度备兑 (IV Timing ATM),2025-12-31,2026-01-30,0,low_iv_skip,0.0,0.0,0.0,0.0,0
510050,IV择时ATM月度备兑 (IV Timing ATM),2026-01-30,2026-02-25,1,selected,0.0132824912615189,0.0054019701302827,6.641245630759454e-06,0.0078738798856053,1
510050,IV择时ATM月度备兑 (IV Timing ATM),2026-02-27,2026-03-31,0,low_iv_skip,0.0,0.0,0.0,0.0,0
510050,IV择时ATM月度备兑 (IV Timing ATM),2026-03-31,2026-04-22,1,selected,0.0162301860785665,0.0361819434872501,8.115093039283254e-06,-0.0199598725017229,1
510050,IV择时ATM月度备兑 (IV Timing ATM),2026-04-30,2026-05-29,0,low_iv_skip,0.0,0.0,0.0,0.0,0
510050,IV择时ATM月度备兑 (IV Timing ATM),2026-05-29,2026-06-03,1,selected,0.0166166166166166,0.0,8.308308308308309e-06,0.0166083083083083,0
510050,IV择时OTM5月度备兑 (IV Timing OTM5),2021-01-29,2021-02-26,0,warmup_invalid_skip,0.0,0.0,0.0,0.0,0
510050,IV择时OTM5月度备兑 (IV Timing OTM5),2021-02-26,2021-03-31,0,warmup_invalid_skip,0.0,0.0,0.0,0.0,0
510050,IV择时OTM5月度备兑 (IV Timing OTM5),2021-03-31,2021-04-30,0,warmup_invalid_skip,0.0,0.0,0.0,0.0,0
510050,IV择时OTM5月度备兑 (IV Timing OTM5),2021-04-30,2021-05-31,0,warmup_invalid_skip,0.0,0.0,0.0,0.0,0
510050,IV择时OTM5月度备兑 (IV Timing OTM5),2021-05-31,2021-06-30,0,warmup_invalid_skip,0.0,0.0,0.0,0.0,0
510050,IV择时OTM5月度备兑 (IV Timing OTM5),2021-06-30,2021-07-30,0,warmup_invalid_skip,0.0,0.0,0.0,0.0,0
510050,IV择时OTM5月度备兑 (IV Timing OTM5),2021-07-30,2021-08-31,0,warmup_invalid_skip,0.0,0.0,0.0,0.0,0
510050,IV择时OTM5月度备兑 (IV Timing OTM5),2021-08-31,2021-09-30,0,warmup_invalid_skip,0.0,0.0,0.0,0.0,0
510050,IV择时OTM5月度备兑 (IV Timing OTM5),2021-09-30,2021-10-29,0,warmup_invalid_skip,0.0,0.0,0.0,0.0,0
510050,IV择时OTM5月度备兑 (IV Timing OTM5),2021-10-29,2021-11-30,0,warmup_invalid_skip,0.0,0.0,0.0,0.0,0
510050,IV择时OTM5月度备兑 (IV Timing OTM5),2021-11-30,2021-12-31,0,warmup_invalid_skip,0.0,0.0,0.0,0.0,0
510050,IV择时OTM5月度备兑 (IV Timing OTM5),2021-12-31,2022-01-28,0,warmup_invalid_skip,0.0,0.0,0.0,0.0,0
510050,IV择时OTM5月度备兑 (IV Timing OTM5),2022-01-28,2022-02-28,0,warmup_invalid_skip,0.0,0.0,0.0,0.0,0
510050,IV择时OTM5月度备兑 (IV Timing OTM5),2022-02-28,2022-03-31,0,warmup_invalid_skip,0.0,0.0,0.0,0.0,0
510050,IV择时OTM5月度备兑 (IV Timing OTM5),2022-03-31,2022-04-27,1,selected,0.0032974661575841,0.0,1.6487330787920865e-06,0.0032958174245053,0
510050,IV择时OTM5月度备兑 (IV Timing OTM5),2022-04-29,2022-05-25,1,selected,0.004189044038668,0.0,2.094522019334049e-06,0.0041869495166487,0
510050,IV择时OTM5月度备兑 (IV Timing OTM5),2022-05-31,2022-06-22,1,selected,0.0030085959885386,0.0,1.5042979942693409e-06,0.0030070916905444,0
510050,IV择时OTM5月度备兑 (IV Timing OTM5),2022-06-30,2022-07-27,1,selected,0.0096774193548387,0.0,4.838709677419355e-06,0.0096725806451612,0
510050,IV择时OTM5月度备兑 (IV Timing OTM5),2022-07-29,2022-08-24,1,selected,0.0032355021216407,0.0,1.6177510608203678e-06,0.0032338843705799,0
510050,IV择时OTM5月度备兑 (IV Timing OTM5),2022-08-31,2022-09-30,0,low_iv_skip,0.0,0.0,0.0,0.0,0
510050,IV择时OTM5月度备兑 (IV Timing OTM5),2022-09-30,2022-10-31,0,low_iv_skip,0.0,0.0,0.0,0.0,0
510050,IV择时OTM5月度备兑 (IV Timing OTM5),2022-10-31,2022-11-23,1,selected,0.008401200171453,0.0535790827261037,4.200600085726532e-06,-0.0451820831547363,1
510050,IV择时OTM5月度备兑 (IV Timing OTM5),2022-11-30,2022-12-28,1,selected,0.0073345935727788,0.0,3.667296786389414e-06,0.0073309262759924,0
510050,IV择时OTM5月度备兑 (IV Timing OTM5),2022-12-30,2023-01-31,0,low_iv_skip,0.0,0.0,0.0,0.0,0
510050,IV择时OTM5月度备兑 (IV Timing OTM5),2023-01-31,2023-02-22,1,selected,0.0025718339836821,0.0,1.285916991841079e-06,0.0025705480666903,0
510050,IV择时OTM5月度备兑 (IV Timing OTM5),2023-02-28,2023-03-31,0,low_iv_skip,0.0,0.0,0.0,0.0,0
510050,IV择时OTM5月度备兑 (IV Timing OTM5),2023-03-31,2023-04-28,0,low_iv_skip,0.0,0.0,0.0,0.0,0
510050,IV择时OTM5月度备兑 (IV Timing OTM5),2023-04-28,2023-05-31,0,low_iv_skip,0.0,0.0,0.0,0.0,0
510050,IV择时OTM5月度备兑 (IV Timing OTM5),2023-05-31,2023-06-30,0,low_iv_skip,0.0,0.0,0.0,0.0,0
510050,IV择时OTM5月度备兑 (IV Timing OTM5),2023-06-30,2023-07-31,0,low_iv_skip,0.0,0.0,0.0,0.0,0
510050,IV择时OTM5月度备兑 (IV Timing OTM5),2023-07-31,2023-08-23,1,selected,0.0028927132918344,0.0,1.4463566459172469e-06,0.0028912669351885,0
510050,IV择时OTM5月度备兑 (IV Timing OTM5),2023-08-31,2023-09-27,1,selected,0.0031853281853281,0.0,1.5926640926640929e-06,0.0031837355212355,0
510050,IV择时OTM5月度备兑 (IV Timing OTM5),2023-09-28,2023-10-31,0,low_iv_skip,0.0,0.0,0.0,0.0,0
510050,IV择时OTM5月度备兑 (IV Timing OTM5),2023-10-31,2023-11-30,0,low_iv_skip,0.0,0.0,0.0,0.0,0
510050,IV择时OTM5月度备兑 (IV Timing OTM5),2023-11-30,2023-12-29,0,low_iv_skip,0.0,0.0,0.0,0.0,0
510050,IV择时OTM5月度备兑 (IV Timing OTM5),2023-12-29,2024-01-31,0,low_iv_skip,0.0,0.0,0.0,0.0,0
510050,IV择时OTM5月度备兑 (IV Timing OTM5),2024-01-31,2024-02-28,1,selected,0.0059773123909249,0.0104712041884816,2.9886561954624786e-06,-0.0044968804537521,1
510050,IV择时OTM5月度备兑 (IV Timing OTM5),2024-02-29,2024-03-27,1,selected,0.0058919803600654,0.0,2.945990180032733e-06,0.0058890343698854,0
510050,IV择时OTM5月度备兑 (IV Timing OTM5),2024-03-29,2024-04-30,0,low_iv_skip,0.0,0.0,0.0,0.0,0
510050,IV择时OTM5月度备兑 (IV Timing OTM5),2024-04-30,2024-05-31,0,low_iv_skip,0.0,0.0,0.0,0.0,0
510050,IV择时OTM5月度备兑 (IV Timing OTM5),2024-05-31,2024-06-28,0,low_iv_skip,0.0,0.0,0.0,0.0,0
510050,IV择时OTM5月度备兑 (IV Timing OTM5),2024-06-28,2024-07-31,0,low_iv_skip,0.0,0.0,0.0,0.0,0
510050,IV择时OTM5月度备兑 (IV Timing OTM5),2024-07-31,2024-08-30,0,low_iv_skip,0.0,0.0,0.0,0.0,0
510050,IV择时OTM5月度备兑 (IV Timing OTM5),2024-08-30,2024-09-30,0,low_iv_skip,0.0,0.0,0.0,0.0,0
510050,IV择时OTM5月度备兑 (IV Timing OTM5),2024-09-30,2024-10-23,1,selected,0.051289102784462,0.0,2.5644551392231008e-05,0.0512634582330697,0
510050,IV择时OTM5月度备兑 (IV Timing OTM5),2024-10-31,2024-11-27,1,selected,0.014885078438526,0.0,7.442539219263043e-06,0.0148776358993068,0
510050,IV择时OTM5月度备兑 (IV Timing OTM5),2024-11-29,2024-12-25,1,selected,0.00402635431918,0.0,2.013177159590044e-06,0.0040243411420204,0
510050,IV择时OTM5月度备兑 (IV Timing OTM5),2024-12-31,2025-01-22,1,selected,0.0018078889700511,0.0,9.039444850255664e-07,0.0018069850255661,0
510050,IV择时OTM5月度备兑 (IV Timing OTM5),2025-01-27,2025-02-26,1,selected,0.0018728717366628,0.0,9.364358683314418e-07,0.0018719353007945,0
510050,IV择时OTM5月度备兑 (IV Timing OTM5),2025-02-28,2025-03-26,1,selected,0.0017375231053604,0.0,8.687615526802218e-07,0.0017366543438077,0
510050,IV择时OTM5月度备兑 (IV Timing OTM5),2025-03-31,2025-04-23,1,selected,0.0016146788990825,0.0,8.073394495412844e-07,0.001613871559633,0
510050,IV择时OTM5月度备兑 (IV Timing OTM5),2025-04-30,2025-05-28,1,selected,0.0010211659858893,0.0,5.105829929446713e-07,0.0010206554028963,0
510050,IV择时OTM5月度备兑 (IV Timing OTM5),2025-05-30,2025-06-30,0,low_iv_skip,0.0,0.0,0.0,0.0,0
510050,IV择时OTM5月度备兑 (IV Timing OTM5),2025-06-30,2025-07-31,0,low_iv_skip,0.0,0.0,0.0,0.0,0
510050,IV择时OTM5月度备兑 (IV Timing OTM5),2025-07-31,2025-08-27,1,selected,0.0027940669196274,0.0087961365988272,1.397033459813729e-06,-0.0060034667126595,1
510050,IV择时OTM5月度备兑 (IV Timing OTM5),2025-08-29,2025-09-24,1,selected,0.0095115681233933,0.0,4.755784061696658e-06,0.0095068123393316,0
510050,IV择时OTM5月度备兑 (IV Timing OTM5),2025-09-30,2025-10-22,1,selected,0.0016154830454254,0.0,8.077415227127319e-07,0.0016146753039027,0
510050,IV择时OTM5月度备兑 (IV Timing OTM5),2025-10-31,2025-11-26,1,selected,0.0020569620253164,0.0,1.0284810126582275e-06,0.0020559335443037,0
510050,IV择时OTM5月度备兑 (IV Timing OTM5),2025-11-28,2025-12-24,1,selected,0.0002569868294249,0.0,1.28493414712496e-07,0.0002568583360102,0
510050,IV择时OTM5月度备兑 (IV Timing OTM5),2025-12-31,2026-01-30,0,low_iv_skip,0.0,0.0,0.0,0.0,0
510050,IV择时OTM5月度备兑 (IV Timing OTM5),2026-01-30,2026-02-25,1,selected,0.0027645376549094,0.0,1.3822688274547188e-06,0.0027631553860819,0
510050,IV择时OTM5月度备兑 (IV Timing OTM5),2026-02-27,2026-03-31,0,low_iv_skip,0.0,0.0,0.0,0.0,0
510050,IV择时OTM5月度备兑 (IV Timing OTM5),2026-03-31,2026-04-22,1,selected,0.0041350792556857,0.001722949689869,2.0675396278428668e-06,0.0024100620261888,1
510050,IV择时OTM5月度备兑 (IV Timing OTM5),2026-04-30,2026-05-29,0,low_iv_skip,0.0,0.0,0.0,0.0,0
510050,IV择时OTM5月度备兑 (IV Timing OTM5),2026-05-29,2026-06-03,1,selected,0.0047047047047047,0.0,2.3523523523523527e-06,0.0047023523523523,0
588000,ATM全覆盖月度备兑 (ATM 100%),2021-01-29,2021-02-26,0,no_chain_on_trade_date,0.0,0.0,0.0,0.0,0
588000,ATM全覆盖月度备兑 (ATM 100%),2021-02-26,2021-03-31,0,no_chain_on_trade_date,0.0,0.0,0.0,0.0,0
588000,ATM全覆盖月度备兑 (ATM 100%),2021-03-31,2021-04-30,0,no_chain_on_trade_date,0.0,0.0,0.0,0.0,0
588000,ATM全覆盖月度备兑 (ATM 100%),2021-04-30,2021-05-31,0,no_chain_on_trade_date,0.0,0.0,0.0,0.0,0
588000,ATM全覆盖月度备兑 (ATM 100%),2021-05-31,2021-06-30,0,no_chain_on_trade_date,0.0,0.0,0.0,0.0,0
588000,ATM全覆盖月度备兑 (ATM 100%),2021-06-30,2021-07-30,0,no_chain_on_trade_date,0.0,0.0,0.0,0.0,0
588000,ATM全覆盖月度备兑 (ATM 100%),2021-07-30,2021-08-31,0,no_chain_on_trade_date,0.0,0.0,0.0,0.0,0
588000,ATM全覆盖月度备兑 (ATM 100%),2021-08-31,2021-09-30,0,no_chain_on_trade_date,0.0,0.0,0.0,0.0,0
588000,ATM全覆盖月度备兑 (ATM 100%),2021-09-30,2021-10-29,0,no_chain_on_trade_date,0.0,0.0,0.0,0.0,0
588000,ATM全覆盖月度备兑 (ATM 100%),2021-10-29,2021-11-30,0,no_chain_on_trade_date,0.0,0.0,0.0,0.0,0
588000,ATM全覆盖月度备兑 (ATM 100%),2021-11-30,2021-12-31,0,no_chain_on_trade_date,0.0,0.0,0.0,0.0,0
588000,ATM全覆盖月度备兑 (ATM 100%),2021-12-31,2022-01-28,0,no_chain_on_trade_date,0.0,0.0,0.0,0.0,0
588000,ATM全覆盖月度备兑 (ATM 100%),2022-01-28,2022-02-28,0,no_chain_on_trade_date,0.0,0.0,0.0,0.0,0
588000,ATM全覆盖月度备兑 (ATM 100%),2022-02-28,2022-03-31,0,no_chain_on_trade_date,0.0,0.0,0.0,0.0,0
588000,ATM全覆盖月度备兑 (ATM 100%),2022-03-31,2022-04-29,0,no_chain_on_trade_date,0.0,0.0,0.0,0.0,0
588000,ATM全覆盖月度备兑 (ATM 100%),2022-04-29,2022-05-31,0,no_chain_on_trade_date,0.0,0.0,0.0,0.0,0
588000,ATM全覆盖月度备兑 (ATM 100%),2022-05-31,2022-06-30,0,no_chain_on_trade_date,0.0,0.0,0.0,0.0,0
588000,ATM全覆盖月度备兑 (ATM 100%),2022-06-30,2022-07-29,0,no_chain_on_trade_date,0.0,0.0,0.0,0.0,0
588000,ATM全覆盖月度备兑 (ATM 100%),2022-07-29,2022-08-31,0,no_chain_on_trade_date,0.0,0.0,0.0,0.0,0
588000,ATM全覆盖月度备兑 (ATM 100%),2022-08-31,2022-09-30,0,no_chain_on_trade_date,0.0,0.0,0.0,0.0,0
588000,ATM全覆盖月度备兑 (ATM 100%),2022-09-30,2022-10-31,0,no_chain_on_trade_date,0.0,0.0,0.0,0.0,0
588000,ATM全覆盖月度备兑 (ATM 100%),2022-10-31,2022-11-30,0,no_chain_on_trade_date,0.0,0.0,0.0,0.0,0
588000,ATM全覆盖月度备兑 (ATM 100%),2022-11-30,2022-12-30,0,no_chain_on_trade_date,0.0,0.0,0.0,0.0,0
588000,ATM全覆盖月度备兑 (ATM 100%),2022-12-30,2023-01-31,0,no_chain_on_trade_date,0.0,0.0,0.0,0.0,0
588000,ATM全覆盖月度备兑 (ATM 100%),2023-01-31,2023-02-28,0,no_chain_on_trade_date,0.0,0.0,0.0,0.0,0
588000,ATM全覆盖月度备兑 (ATM 100%),2023-02-28,2023-03-31,0,no_chain_on_trade_date,0.0,0.0,0.0,0.0,0
588000,ATM全覆盖月度备兑 (ATM 100%),2023-03-31,2023-04-28,0,no_chain_on_trade_date,0.0,0.0,0.0,0.0,0
588000,ATM全覆盖月度备兑 (ATM 100%),2023-04-28,2023-05-31,0,no_chain_on_trade_date,0.0,0.0,0.0,0.0,0
588000,ATM全覆盖月度备兑 (ATM 100%),2023-05-31,2023-06-30,0,no_chain_on_trade_date,0.0,0.0,0.0,0.0,0
588000,ATM全覆盖月度备兑 (ATM 100%),2023-06-30,2023-07-26,1,selected,0.025190114068441,0.0,1.2595057034220532e-05,0.0251775190114068,0
588000,ATM全覆盖月度备兑 (ATM 100%),2023-07-31,2023-08-23,1,selected,0.0294581280788177,0.0,1.472906403940887e-05,0.0294433990147783,0
588000,ATM全覆盖月度备兑 (ATM 100%),2023-08-31,2023-09-27,1,selected,0.0253292806484295,0.0,1.2664640324214791e-05,0.0253166160081053,0
588000,ATM全覆盖月度备兑 (ATM 100%),2023-09-28,2023-10-25,1,selected,0.0187768240343347,0.0,9.388412017167382e-06,0.0187674356223176,0
588000,ATM全覆盖月度备兑 (ATM 100%),2023-10-31,2023-11-22,1,selected,0.029989094874591,0.0141766630316248,1.4994547437295528e-05,0.0157974372955288,1
588000,ATM全覆盖月度备兑 (ATM 100%),2023-11-30,2023-12-27,1,selected,0.0246968026460859,0.0,1.2348401323042995e-05,0.0246844542447629,0
588000,ATM全覆盖月度备兑 (ATM 100%),2023-12-29,2024-01-24,1,selected,0.0211817168338907,0.0,1.0590858416945374e-05,0.0211711259754737,0
588000,ATM全覆盖月度备兑 (ATM 100%),2024-01-31,2024-02-28,1,selected,0.0486149584487534,0.1495844875346261,2.430747922437673e-05,-0.100993836565097,1
588000,ATM全覆盖月度备兑 (ATM 100%),2024-02-29,2024-03-27,1,selected,0.0330578512396694,0.0,1.652892561983471e-05,0.0330413223140495,0
588000,ATM全覆盖月度备兑 (ATM 100%),2024-03-29,2024-04-24,1,selected,0.0261249999999999,0.0,1.30625e-05,0.0261119374999999,0
588000,ATM全覆盖月度备兑 (ATM 100%),2024-04-30,2024-05-22,1,selected,0.0248756218905472,0.0,1.2437810945273631e-05,0.0248631840796019,0
588000,ATM全覆盖月度备兑 (ATM 100%),2024-05-31,2024-06-26,1,selected,0.0115681233933161,0.0,5.784061696658097e-06,0.0115623393316195,0
588000,ATM全覆盖月度备兑 (ATM 100%),2024-06-28,2024-07-24,1,selected,0.0228187919463087,0.0,1.1409395973154363e-05,0.0228073825503355,0
588000,ATM全覆盖月度备兑 (ATM 100%),2024-07-31,2024-08-28,1,selected,0.0163239074550128,0.0,8.161953727506426e-06,0.0163157455012853,0
588000,ATM全覆盖月度备兑 (ATM 100%),2024-08-30,2024-09-25,1,selected,0.0111263736263736,0.0,5.563186813186814e-06,0.0111208104395604,0
588000,ATM全覆盖月度备兑 (ATM 100%),2024-09-30,2024-10-23,1,selected,0.129578947368421,0.0863157894736842,6.478947368421054e-05,0.0431983684210525,1
588000,ATM全覆盖月度备兑 (ATM 100%),2024-10-31,2024-11-27,1,selected,0.0729411764705882,0.0372549019607843,3.6470588235294114e-05,0.0356498039215685,1
588000,ATM全覆盖月度备兑 (ATM 100%),2024-11-29,2024-12-25,1,selected,0.045188679245283,0.020754716981132,2.2594339622641507e-05,0.0244113679245282,1
588000,ATM全覆盖月度备兑 (ATM 100%),2024-12-31,2025-01-22,1,selected,0.0266985645933014,0.0,1.3349282296650718e-05,0.0266852153110047,0
588000,ATM全覆盖月度备兑 (ATM 100%),2025-01-27,2025-02-26,1,selected,0.0381565906838453,0.1843409316154608,1.9078295341922697e-05,-0.1462034192269573,1
588000,ATM全覆盖月度备兑 (ATM 100%),2025-02-28,2025-03-26,1,selected,0.0309796999117387,0.0,1.5489849955869372e-05,0.0309642100617828,0
588000,ATM全覆盖月度备兑 (ATM 100%),2025-03-31,2025-04-23,1,selected,0.0364059590316573,0.0121042830540036,1.820297951582868e-05,0.0242834729981379,1
588000,ATM全覆盖月度备兑 (ATM 100%),2025-04-30,2025-05-28,1,selected,0.0308851224105461,0.0,1.544256120527307e-05,0.0308696798493408,0
588000,ATM全覆盖月度备兑 (ATM 100%),2025-05-30,2025-06-25,1,selected,0.0127184466019417,0.0,6.3592233009708745e-06,0.0127120873786407,0
588000,ATM全覆盖月度备兑 (ATM 100%),2025-06-30,2025-07-23,1,selected,0.0219696969696969,0.0227272727272727,1.0984848484848484e-05,-0.0007685606060606,1
588000,ATM全覆盖月度备兑 (ATM 100%),2025-07-31,2025-08-27,1,selected,0.028519527702089,0.2152588555858309,1.4259763851044504e-05,-0.186753587647593,1
588000,ATM全覆盖月度备兑 (ATM 100%),2025-08-29,2025-09-24,1,selected,0.0641643059490085,0.0920679886685553,3.2082152974504255e-05,-0.0279357648725213,1
588000,ATM全覆盖月度备兑 (ATM 100%),2025-09-30,2025-10-22,1,selected,0.0460509554140127,0.0,2.302547770700637e-05,0.0460279299363057,0
588000,ATM全覆盖月度备兑 (ATM 100%),2025-10-31,2025-11-26,1,selected,0.0338709677419354,0.0,1.693548387096774e-05,0.0338540322580645,0
588000,ATM全覆盖月度备兑 (ATM 100%),2025-11-28,2025-12-24,1,selected,0.0228284278535534,0.0165111270638909,1.141421392677674e-05,0.0063058865757357,1
588000,ATM全覆盖月度备兑 (ATM 100%),2025-12-31,2026-01-28,1,selected,0.0351446718419195,0.1658433309809457,1.7572335920959774e-05,-0.1307162314749471,1
588000,ATM全覆盖月度备兑 (ATM 100%),2026-01-30,2026-02-25,1,selected,0.0314861460957178,0.0,1.574307304785894e-05,0.03147040302267,0
588000,ATM全覆盖月度备兑 (ATM 100%),2026-02-27,2026-03-25,1,selected,0.030970625798212,0.0,1.5485312899106e-05,0.0309551404853129,0
588000,ATM全覆盖月度备兑 (ATM 100%),2026-03-31,2026-04-22,1,selected,0.0433534743202416,0.1729607250755286,2.1676737160120845e-05,-0.129628927492447,1
588000,ATM全覆盖月度备兑 (ATM 100%),2026-04-30,2026-05-27,1,selected,0.0333736396614268,0.1577992744860944,1.6686819830713424e-05,-0.1244423216444982,1
588000,ATM全覆盖月度备兑 (ATM 100%),2026-05-29,2026-06-03,1,selected,0.0416485900216919,0.0,2.0824295010845985e-05,0.0416277657266811,0
588000,虚值5%全覆盖月度备兑 (OTM5 100%),2021-01-29,2021-02-26,0,no_chain_on_trade_date,0.0,0.0,0.0,0.0,0
588000,虚值5%全覆盖月度备兑 (OTM5 100%),2021-02-26,2021-03-31,0,no_chain_on_trade_date,0.0,0.0,0.0,0.0,0
588000,虚值5%全覆盖月度备兑 (OTM5 100%),2021-03-31,2021-04-30,0,no_chain_on_trade_date,0.0,0.0,0.0,0.0,0
588000,虚值5%全覆盖月度备兑 (OTM5 100%),2021-04-30,2021-05-31,0,no_chain_on_trade_date,0.0,0.0,0.0,0.0,0
588000,虚值5%全覆盖月度备兑 (OTM5 100%),2021-05-31,2021-06-30,0,no_chain_on_trade_date,0.0,0.0,0.0,0.0,0
588000,虚值5%全覆盖月度备兑 (OTM5 100%),2021-06-30,2021-07-30,0,no_chain_on_trade_date,0.0,0.0,0.0,0.0,0
588000,虚值5%全覆盖月度备兑 (OTM5 100%),2021-07-30,2021-08-31,0,no_chain_on_trade_date,0.0,0.0,0.0,0.0,0
588000,虚值5%全覆盖月度备兑 (OTM5 100%),2021-08-31,2021-09-30,0,no_chain_on_trade_date,0.0,0.0,0.0,0.0,0
588000,虚值5%全覆盖月度备兑 (OTM5 100%),2021-09-30,2021-10-29,0,no_chain_on_trade_date,0.0,0.0,0.0,0.0,0
588000,虚值5%全覆盖月度备兑 (OTM5 100%),2021-10-29,2021-11-30,0,no_chain_on_trade_date,0.0,0.0,0.0,0.0,0
588000,虚值5%全覆盖月度备兑 (OTM5 100%),2021-11-30,2021-12-31,0,no_chain_on_trade_date,0.0,0.0,0.0,0.0,0
588000,虚值5%全覆盖月度备兑 (OTM5 100%),2021-12-31,2022-01-28,0,no_chain_on_trade_date,0.0,0.0,0.0,0.0,0
588000,虚值5%全覆盖月度备兑 (OTM5 100%),2022-01-28,2022-02-28,0,no_chain_on_trade_date,0.0,0.0,0.0,0.0,0
588000,虚值5%全覆盖月度备兑 (OTM5 100%),2022-02-28,2022-03-31,0,no_chain_on_trade_date,0.0,0.0,0.0,0.0,0
588000,虚值5%全覆盖月度备兑 (OTM5 100%),2022-03-31,2022-04-29,0,no_chain_on_trade_date,0.0,0.0,0.0,0.0,0
588000,虚值5%全覆盖月度备兑 (OTM5 100%),2022-04-29,2022-05-31,0,no_chain_on_trade_date,0.0,0.0,0.0,0.0,0
588000,虚值5%全覆盖月度备兑 (OTM5 100%),2022-05-31,2022-06-30,0,no_chain_on_trade_date,0.0,0.0,0.0,0.0,0
588000,虚值5%全覆盖月度备兑 (OTM5 100%),2022-06-30,2022-07-29,0,no_chain_on_trade_date,0.0,0.0,0.0,0.0,0
588000,虚值5%全覆盖月度备兑 (OTM5 100%),2022-07-29,2022-08-31,0,no_chain_on_trade_date,0.0,0.0,0.0,0.0,0
588000,虚值5%全覆盖月度备兑 (OTM5 100%),2022-08-31,2022-09-30,0,no_chain_on_trade_date,0.0,0.0,0.0,0.0,0
588000,虚值5%全覆盖月度备兑 (OTM5 100%),2022-09-30,2022-10-31,0,no_chain_on_trade_date,0.0,0.0,0.0,0.0,0
588000,虚值5%全覆盖月度备兑 (OTM5 100%),2022-10-31,2022-11-30,0,no_chain_on_trade_date,0.0,0.0,0.0,0.0,0
588000,虚值5%全覆盖月度备兑 (OTM5 100%),2022-11-30,2022-12-30,0,no_chain_on_trade_date,0.0,0.0,0.0,0.0,0
588000,虚值5%全覆盖月度备兑 (OTM5 100%),2022-12-30,2023-01-31,0,no_chain_on_trade_date,0.0,0.0,0.0,0.0,0
588000,虚值5%全覆盖月度备兑 (OTM5 100%),2023-01-31,2023-02-28,0,no_chain_on_trade_date,0.0,0.0,0.0,0.0,0
588000,虚值5%全覆盖月度备兑 (OTM5 100%),2023-02-28,2023-03-31,0,no_chain_on_trade_date,0.0,0.0,0.0,0.0,0
588000,虚值5%全覆盖月度备兑 (OTM5 100%),2023-03-31,2023-04-28,0,no_chain_on_trade_date,0.0,0.0,0.0,0.0,0
588000,虚值5%全覆盖月度备兑 (OTM5 100%),2023-04-28,2023-05-31,0,no_chain_on_trade_date,0.0,0.0,0.0,0.0,0
588000,虚值5%全覆盖月度备兑 (OTM5 100%),2023-05-31,2023-06-30,0,no_chain_on_trade_date,0.0,0.0,0.0,0.0,0
588000,虚值5%全覆盖月度备兑 (OTM5 100%),2023-06-30,2023-07-26,1,selected,0.0087452471482889,0.0,4.372623574144487e-06,0.0087408745247148,0
588000,虚值5%全覆盖月度备兑 (OTM5 100%),2023-07-31,2023-08-23,1,selected,0.0098522167487684,0.0,4.926108374384237e-06,0.009847290640394,0
588000,虚值5%全覆盖月度备兑 (OTM5 100%),2023-08-31,2023-09-27,1,selected,0.0116514690982776,0.0,5.825734549138805e-06,0.0116456433637284,0
588000,虚值5%全覆盖月度备兑 (OTM5 100%),2023-09-28,2023-10-25,1,selected,0.0068669527896995,0.0,3.4334763948497853e-06,0.0068635193133047,0
588000,虚值5%全覆盖月度备兑 (OTM5 100%),2023-10-31,2023-11-22,1,selected,0.009051254089422,0.0,4.525627044711015e-06,0.0090467284623773,0
588000,虚值5%全覆盖月度备兑 (OTM5 100%),2023-11-30,2023-12-27,1,selected,0.0069459757442116,0.0,3.472987872105843e-06,0.0069425027563395,0
588000,虚值5%全覆盖月度备兑 (OTM5 100%),2023-12-29,2024-01-24,1,selected,0.0066889632107023,0.0,3.3444816053511705e-06,0.0066856187290969,0
588000,虚值5%全覆盖月度备兑 (OTM5 100%),2024-01-31,2024-02-28,1,selected,0.017590027700831,0.0803324099722992,8.795013850415513e-06,-0.0627511772853186,1
588000,虚值5%全覆盖月度备兑 (OTM5 100%),2024-02-29,2024-03-27,1,selected,0.0166469893742621,0.0,8.323494687131051e-06,0.0166386658795749,0
588000,虚值5%全覆盖月度备兑 (OTM5 100%),2024-03-29,2024-04-24,1,selected,0.008,0.0,4e-06,0.007996,0
588000,虚值5%全覆盖月度备兑 (OTM5 100%),2024-04-30,2024-05-22,1,selected,0.0069651741293532,0.0,3.4825870646766167e-06,0.0069616915422885,0
588000,虚值5%全覆盖月度备兑 (OTM5 100%),2024-05-31,2024-06-26,1,selected,0.0115681233933161,0.0,5.784061696658097e-06,0.0115623393316195,0
588000,虚值5%全覆盖月度备兑 (OTM5 100%),2024-06-28,2024-07-24,1,selected,0.0063087248322147,0.0,3.1543624161073825e-06,0.0063055704697986,0
588000,虚值5%全覆盖月度备兑 (OTM5 100%),2024-07-31,2024-08-28,1,selected,0.0163239074550128,0.0,8.161953727506426e-06,0.0163157455012853,0
588000,虚值5%全覆盖月度备兑 (OTM5 100%),2024-08-30,2024-09-25,1,selected,0.0111263736263736,0.0,5.563186813186814e-06,0.0111208104395604,0
588000,虚值5%全覆盖月度备兑 (OTM5 100%),2024-09-30,2024-10-23,1,selected,0.1265263157894736,0.0336842105263158,6.326315789473684e-05,0.0927788421052631,1
588000,虚值5%全覆盖月度备兑 (OTM5 100%),2024-10-31,2024-11-27,1,selected,0.0549999999999999,0.0,2.75e-05,0.0549724999999999,0
588000,虚值5%全覆盖月度备兑 (OTM5 100%),2024-11-29,2024-12-25,1,selected,0.0282075471698113,0.0,1.410377358490566e-05,0.0281934433962264,0
588000,虚值5%全覆盖月度备兑 (OTM5 100%),2024-12-31,2025-01-22,1,selected,0.0133014354066985,0.0,6.650717703349283e-06,0.0132947846889952,0
588000,虚值5%全覆盖月度备兑 (OTM5 100%),2025-01-27,2025-02-26,1,selected,0.0179385530227948,0.1347869177403368,8.969276511397426e-06,-0.1168573339940534,1
588000,虚值5%全覆盖月度备兑 (OTM5 100%),2025-02-28,2025-03-26,1,selected,0.0194174757281553,0.0,9.70873786407767e-06,0.0194077669902912,0
588000,虚值5%全覆盖月度备兑 (OTM5 100%),2025-03-31,2025-04-23,1,selected,0.007169459962756,0.0,3.584729981378026e-06,0.0071658752327746,0
588000,虚值5%全覆盖月度备兑 (OTM5 100%),2025-04-30,2025-05-28,1,selected,0.013276836158192,0.0,6.638418079096045e-06,0.0132701977401129,0
588000,虚值5%全覆盖月度备兑 (OTM5 100%),2025-05-30,2025-06-25,1,selected,0.0049514563106796,0.0,2.475728155339806e-06,0.0049489805825242,0
588000,虚值5%全覆盖月度备兑 (OTM5 100%),2025-06-30,2025-07-23,1,selected,0.0089962121212121,0.0,4.49810606060606e-06,0.0089917140151515,0
588000,虚值5%全覆盖月度备兑 (OTM5 100%),2025-07-31,2025-08-27,1,selected,0.0142597638510445,0.1698455949137148,7.129881925522252e-06,-0.1555929609445959,1
588000,虚值5%全覆盖月度备兑 (OTM5 100%),2025-08-29,2025-09-24,1,selected,0.0424929178470254,0.0212464589235127,2.124645892351275e-05,0.0212252124645892,1
588000,虚值5%全覆盖月度备兑 (OTM5 100%),2025-09-30,2025-10-22,1,selected,0.021592356687898,0.0,1.0796178343949044e-05,0.0215815605095541,0
588000,虚值5%全覆盖月度备兑 (OTM5 100%),2025-10-31,2025-11-26,1,selected,0.0223118279569892,0.0,1.1155913978494624e-05,0.0223006720430107,0
588000,虚值5%全覆盖月度备兑 (OTM5 100%),2025-11-28,2025-12-24,1,selected,0.0109117013639626,0.0,5.455850681981335e-06,0.0109062455132806,0
588000,虚值5%全覆盖月度备兑 (OTM5 100%),2025-12-31,2026-01-28,1,selected,0.010515172900494,0.0952717007762879,5.257586450247001e-06,-0.0847617854622441,1
588000,虚值5%全覆盖月度备兑 (OTM5 100%),2026-01-30,2026-02-25,1,selected,0.0209697732997481,0.0,1.0484886649874055e-05,0.0209592884130982,0
588000,虚值5%全覆盖月度备兑 (OTM5 100%),2026-02-27,2026-03-25,1,selected,0.0088122605363984,0.0,4.406130268199233e-06,0.0088078544061302,0
588000,虚值5%全覆盖月度备兑 (OTM5 100%),2026-03-31,2026-04-22,1,selected,0.0103474320241691,0.0974320241691842,5.1737160120845925e-06,-0.0870897658610271,1
588000,虚值5%全覆盖月度备兑 (OTM5 100%),2026-04-30,2026-05-27,1,selected,0.0151148730350665,0.0973397823458283,7.557436517533254e-06,-0.0822324667472793,1
588000,虚值5%全覆盖月度备兑 (OTM5 100%),2026-05-29,2026-06-03,1,selected,0.0244577006507592,0.0,1.222885032537961e-05,0.0244454718004338,0
588000,IV择时ATM月度备兑 (IV Timing ATM),2021-01-29,2021-02-26,0,data_invalid_skip,0.0,0.0,0.0,0.0,0
588000,IV择时ATM月度备兑 (IV Timing ATM),2021-02-26,2021-03-31,0,data_invalid_skip,0.0,0.0,0.0,0.0,0
588000,IV择时ATM月度备兑 (IV Timing ATM),2021-03-31,2021-04-30,0,data_invalid_skip,0.0,0.0,0.0,0.0,0
588000,IV择时ATM月度备兑 (IV Timing ATM),2021-04-30,2021-05-31,0,data_invalid_skip,0.0,0.0,0.0,0.0,0
588000,IV择时ATM月度备兑 (IV Timing ATM),2021-05-31,2021-06-30,0,data_invalid_skip,0.0,0.0,0.0,0.0,0
588000,IV择时ATM月度备兑 (IV Timing ATM),2021-06-30,2021-07-30,0,data_invalid_skip,0.0,0.0,0.0,0.0,0
588000,IV择时ATM月度备兑 (IV Timing ATM),2021-07-30,2021-08-31,0,data_invalid_skip,0.0,0.0,0.0,0.0,0
588000,IV择时ATM月度备兑 (IV Timing ATM),2021-08-31,2021-09-30,0,data_invalid_skip,0.0,0.0,0.0,0.0,0
588000,IV择时ATM月度备兑 (IV Timing ATM),2021-09-30,2021-10-29,0,data_invalid_skip,0.0,0.0,0.0,0.0,0
588000,IV择时ATM月度备兑 (IV Timing ATM),2021-10-29,2021-11-30,0,data_invalid_skip,0.0,0.0,0.0,0.0,0
588000,IV择时ATM月度备兑 (IV Timing ATM),2021-11-30,2021-12-31,0,data_invalid_skip,0.0,0.0,0.0,0.0,0
588000,IV择时ATM月度备兑 (IV Timing ATM),2021-12-31,2022-01-28,0,data_invalid_skip,0.0,0.0,0.0,0.0,0
588000,IV择时ATM月度备兑 (IV Timing ATM),2022-01-28,2022-02-28,0,data_invalid_skip,0.0,0.0,0.0,0.0,0
588000,IV择时ATM月度备兑 (IV Timing ATM),2022-02-28,2022-03-31,0,data_invalid_skip,0.0,0.0,0.0,0.0,0
588000,IV择时ATM月度备兑 (IV Timing ATM),2022-03-31,2022-04-29,0,data_invalid_skip,0.0,0.0,0.0,0.0,0
588000,IV择时ATM月度备兑 (IV Timing ATM),2022-04-29,2022-05-31,0,data_invalid_skip,0.0,0.0,0.0,0.0,0
588000,IV择时ATM月度备兑 (IV Timing ATM),2022-05-31,2022-06-30,0,data_invalid_skip,0.0,0.0,0.0,0.0,0
588000,IV择时ATM月度备兑 (IV Timing ATM),2022-06-30,2022-07-29,0,data_invalid_skip,0.0,0.0,0.0,0.0,0
588000,IV择时ATM月度备兑 (IV Timing ATM),2022-07-29,2022-08-31,0,data_invalid_skip,0.0,0.0,0.0,0.0,0
588000,IV择时ATM月度备兑 (IV Timing ATM),2022-08-31,2022-09-30,0,data_invalid_skip,0.0,0.0,0.0,0.0,0
588000,IV择时ATM月度备兑 (IV Timing ATM),2022-09-30,2022-10-31,0,data_invalid_skip,0.0,0.0,0.0,0.0,0
588000,IV择时ATM月度备兑 (IV Timing ATM),2022-10-31,2022-11-30,0,data_invalid_skip,0.0,0.0,0.0,0.0,0
588000,IV择时ATM月度备兑 (IV Timing ATM),2022-11-30,2022-12-30,0,data_invalid_skip,0.0,0.0,0.0,0.0,0
588000,IV择时ATM月度备兑 (IV Timing ATM),2022-12-30,2023-01-31,0,data_invalid_skip,0.0,0.0,0.0,0.0,0
588000,IV择时ATM月度备兑 (IV Timing ATM),2023-01-31,2023-02-28,0,data_invalid_skip,0.0,0.0,0.0,0.0,0
588000,IV择时ATM月度备兑 (IV Timing ATM),2023-02-28,2023-03-31,0,data_invalid_skip,0.0,0.0,0.0,0.0,0
588000,IV择时ATM月度备兑 (IV Timing ATM),2023-03-31,2023-04-28,0,data_invalid_skip,0.0,0.0,0.0,0.0,0
588000,IV择时ATM月度备兑 (IV Timing ATM),2023-04-28,2023-05-31,0,data_invalid_skip,0.0,0.0,0.0,0.0,0
588000,IV择时ATM月度备兑 (IV Timing ATM),2023-05-31,2023-06-30,0,data_invalid_skip,0.0,0.0,0.0,0.0,0
588000,IV择时ATM月度备兑 (IV Timing ATM),2023-06-30,2023-07-31,0,warmup_invalid_skip,0.0,0.0,0.0,0.0,0
588000,IV择时ATM月度备兑 (IV Timing ATM),2023-07-31,2023-08-31,0,warmup_invalid_skip,0.0,0.0,0.0,0.0,0
588000,IV择时ATM月度备兑 (IV Timing ATM),2023-08-31,2023-09-28,0,warmup_invalid_skip,0.0,0.0,0.0,0.0,0
588000,IV择时ATM月度备兑 (IV Timing ATM),2023-09-28,2023-10-31,0,warmup_invalid_skip,0.0,0.0,0.0,0.0,0
588000,IV择时ATM月度备兑 (IV Timing ATM),2023-10-31,2023-11-30,0,warmup_invalid_skip,0.0,0.0,0.0,0.0,0
588000,IV择时ATM月度备兑 (IV Timing ATM),2023-11-30,2023-12-29,0,warmup_invalid_skip,0.0,0.0,0.0,0.0,0
588000,IV择时ATM月度备兑 (IV Timing ATM),2023-12-29,2024-01-31,0,warmup_invalid_skip,0.0,0.0,0.0,0.0,0
588000,IV择时ATM月度备兑 (IV Timing ATM),2024-01-31,2024-02-29,0,warmup_invalid_skip,0.0,0.0,0.0,0.0,0
588000,IV择时ATM月度备兑 (IV Timing ATM),2024-02-29,2024-03-29,0,warmup_invalid_skip,0.0,0.0,0.0,0.0,0
588000,IV择时ATM月度备兑 (IV Timing ATM),2024-03-29,2024-04-30,0,warmup_invalid_skip,0.0,0.0,0.0,0.0,0
588000,IV择时ATM月度备兑 (IV Timing ATM),2024-04-30,2024-05-31,0,warmup_invalid_skip,0.0,0.0,0.0,0.0,0
588000,IV择时ATM月度备兑 (IV Timing ATM),2024-05-31,2024-06-28,0,warmup_invalid_skip,0.0,0.0,0.0,0.0,0
588000,IV择时ATM月度备兑 (IV Timing ATM),2024-06-28,2024-07-31,0,warmup_invalid_skip,0.0,0.0,0.0,0.0,0
588000,IV择时ATM月度备兑 (IV Timing ATM),2024-07-31,2024-08-30,0,warmup_invalid_skip,0.0,0.0,0.0,0.0,0
588000,IV择时ATM月度备兑 (IV Timing ATM),2024-08-30,2024-09-25,1,selected,0.0055631868131868,0.0,2.781593406593407e-06,0.0055604052197802,0
588000,IV择时ATM月度备兑 (IV Timing ATM),2024-09-30,2024-10-23,1,selected,0.129578947368421,0.0863157894736842,6.478947368421054e-05,0.0431983684210525,1
588000,IV择时ATM月度备兑 (IV Timing ATM),2024-10-31,2024-11-27,1,selected,0.0729411764705882,0.0372549019607843,3.6470588235294114e-05,0.0356498039215685,1
588000,IV择时ATM月度备兑 (IV Timing ATM),2024-11-29,2024-12-25,1,selected,0.045188679245283,0.020754716981132,2.2594339622641507e-05,0.0244113679245282,1
588000,IV择时ATM月度备兑 (IV Timing ATM),2024-12-31,2025-01-22,1,selected,0.0266985645933014,0.0,1.3349282296650718e-05,0.0266852153110047,0
588000,IV择时ATM月度备兑 (IV Timing ATM),2025-01-27,2025-02-26,1,selected,0.0190782953419226,0.0921704658077304,9.539147670961349e-06,-0.0731017096134786,1
588000,IV择时ATM月度备兑 (IV Timing ATM),2025-02-28,2025-03-26,1,selected,0.0309796999117387,0.0,1.5489849955869372e-05,0.0309642100617828,0
588000,IV择时ATM月度备兑 (IV Timing ATM),2025-03-31,2025-04-23,1,selected,0.0182029795158286,0.0060521415270018,9.101489757914338e-06,0.0121417364990689,1
588000,IV择时ATM月度备兑 (IV Timing ATM),2025-04-30,2025-05-28,1,selected,0.015442561205273,0.0,7.721280602636536e-06,0.0154348399246704,0
588000,IV择时ATM月度备兑 (IV Timing ATM),2025-05-30,2025-06-30,0,low_iv_skip,0.0,0.0,0.0,0.0,0
588000,IV择时ATM月度备兑 (IV Timing ATM),2025-06-30,2025-07-31,0,low_iv_skip,0.0,0.0,0.0,0.0,0
588000,IV择时ATM月度备兑 (IV Timing ATM),2025-07-31,2025-08-27,1,selected,0.0142597638510445,0.1076294277929154,7.129881925522252e-06,-0.0933767938237965,1
588000,IV择时ATM月度备兑 (IV Timing ATM),2025-08-29,2025-09-24,1,selected,0.0641643059490085,0.0920679886685553,3.2082152974504255e-05,-0.0279357648725213,1
588000,IV择时ATM月度备兑 (IV Timing ATM),2025-09-30,2025-10-22,1,selected,0.0460509554140127,0.0,2.302547770700637e-05,0.0460279299363057,0
588000,IV择时ATM月度备兑 (IV Timing ATM),2025-10-31,2025-11-26,1,selected,0.0169354838709677,0.0,8.46774193548387e-06,0.0169270161290322,0
588000,IV择时ATM月度备兑 (IV Timing ATM),2025-11-28,2025-12-24,1,selected,0.0114142139267767,0.0082555635319454,5.70710696338837e-06,0.0031529432878678,1
588000,IV择时ATM月度备兑 (IV Timing ATM),2025-12-31,2026-01-28,1,selected,0.0175723359209597,0.0829216654904728,8.786167960479887e-06,-0.0653581157374735,1
588000,IV择时ATM月度备兑 (IV Timing ATM),2026-01-30,2026-02-25,1,selected,0.0157430730478589,0.0,7.87153652392947e-06,0.015735201511335,0
588000,IV择时ATM月度备兑 (IV Timing ATM),2026-02-27,2026-03-31,0,low_iv_skip,0.0,0.0,0.0,0.0,0
588000,IV择时ATM月度备兑 (IV Timing ATM),2026-03-31,2026-04-22,1,selected,0.0433534743202416,0.1729607250755286,2.1676737160120845e-05,-0.129628927492447,1
588000,IV择时ATM月度备兑 (IV Timing ATM),2026-04-30,2026-05-27,1,selected,0.0166868198307134,0.0788996372430472,8.343409915356712e-06,-0.0622211608222491,1
588000,IV择时ATM月度备兑 (IV Timing ATM),2026-05-29,2026-06-03,1,selected,0.0416485900216919,0.0,2.0824295010845985e-05,0.0416277657266811,0
588000,IV择时OTM5月度备兑 (IV Timing OTM5),2021-01-29,2021-02-26,0,data_invalid_skip,0.0,0.0,0.0,0.0,0
588000,IV择时OTM5月度备兑 (IV Timing OTM5),2021-02-26,2021-03-31,0,data_invalid_skip,0.0,0.0,0.0,0.0,0
588000,IV择时OTM5月度备兑 (IV Timing OTM5),2021-03-31,2021-04-30,0,data_invalid_skip,0.0,0.0,0.0,0.0,0
588000,IV择时OTM5月度备兑 (IV Timing OTM5),2021-04-30,2021-05-31,0,data_invalid_skip,0.0,0.0,0.0,0.0,0
588000,IV择时OTM5月度备兑 (IV Timing OTM5),2021-05-31,2021-06-30,0,data_invalid_skip,0.0,0.0,0.0,0.0,0
588000,IV择时OTM5月度备兑 (IV Timing OTM5),2021-06-30,2021-07-30,0,data_invalid_skip,0.0,0.0,0.0,0.0,0
588000,IV择时OTM5月度备兑 (IV Timing OTM5),2021-07-30,2021-08-31,0,data_invalid_skip,0.0,0.0,0.0,0.0,0
588000,IV择时OTM5月度备兑 (IV Timing OTM5),2021-08-31,2021-09-30,0,data_invalid_skip,0.0,0.0,0.0,0.0,0
588000,IV择时OTM5月度备兑 (IV Timing OTM5),2021-09-30,2021-10-29,0,data_invalid_skip,0.0,0.0,0.0,0.0,0
588000,IV择时OTM5月度备兑 (IV Timing OTM5),2021-10-29,2021-11-30,0,data_invalid_skip,0.0,0.0,0.0,0.0,0
588000,IV择时OTM5月度备兑 (IV Timing OTM5),2021-11-30,2021-12-31,0,data_invalid_skip,0.0,0.0,0.0,0.0,0
588000,IV择时OTM5月度备兑 (IV Timing OTM5),2021-12-31,2022-01-28,0,data_invalid_skip,0.0,0.0,0.0,0.0,0
588000,IV择时OTM5月度备兑 (IV Timing OTM5),2022-01-28,2022-02-28,0,data_invalid_skip,0.0,0.0,0.0,0.0,0
588000,IV择时OTM5月度备兑 (IV Timing OTM5),2022-02-28,2022-03-31,0,data_invalid_skip,0.0,0.0,0.0,0.0,0
588000,IV择时OTM5月度备兑 (IV Timing OTM5),2022-03-31,2022-04-29,0,data_invalid_skip,0.0,0.0,0.0,0.0,0
588000,IV择时OTM5月度备兑 (IV Timing OTM5),2022-04-29,2022-05-31,0,data_invalid_skip,0.0,0.0,0.0,0.0,0
588000,IV择时OTM5月度备兑 (IV Timing OTM5),2022-05-31,2022-06-30,0,data_invalid_skip,0.0,0.0,0.0,0.0,0
588000,IV择时OTM5月度备兑 (IV Timing OTM5),2022-06-30,2022-07-29,0,data_invalid_skip,0.0,0.0,0.0,0.0,0
588000,IV择时OTM5月度备兑 (IV Timing OTM5),2022-07-29,2022-08-31,0,data_invalid_skip,0.0,0.0,0.0,0.0,0
588000,IV择时OTM5月度备兑 (IV Timing OTM5),2022-08-31,2022-09-30,0,data_invalid_skip,0.0,0.0,0.0,0.0,0
588000,IV择时OTM5月度备兑 (IV Timing OTM5),2022-09-30,2022-10-31,0,data_invalid_skip,0.0,0.0,0.0,0.0,0
588000,IV择时OTM5月度备兑 (IV Timing OTM5),2022-10-31,2022-11-30,0,data_invalid_skip,0.0,0.0,0.0,0.0,0
588000,IV择时OTM5月度备兑 (IV Timing OTM5),2022-11-30,2022-12-30,0,data_invalid_skip,0.0,0.0,0.0,0.0,0
588000,IV择时OTM5月度备兑 (IV Timing OTM5),2022-12-30,2023-01-31,0,data_invalid_skip,0.0,0.0,0.0,0.0,0
588000,IV择时OTM5月度备兑 (IV Timing OTM5),2023-01-31,2023-02-28,0,data_invalid_skip,0.0,0.0,0.0,0.0,0
588000,IV择时OTM5月度备兑 (IV Timing OTM5),2023-02-28,2023-03-31,0,data_invalid_skip,0.0,0.0,0.0,0.0,0
588000,IV择时OTM5月度备兑 (IV Timing OTM5),2023-03-31,2023-04-28,0,data_invalid_skip,0.0,0.0,0.0,0.0,0
588000,IV择时OTM5月度备兑 (IV Timing OTM5),2023-04-28,2023-05-31,0,data_invalid_skip,0.0,0.0,0.0,0.0,0
588000,IV择时OTM5月度备兑 (IV Timing OTM5),2023-05-31,2023-06-30,0,data_invalid_skip,0.0,0.0,0.0,0.0,0
588000,IV择时OTM5月度备兑 (IV Timing OTM5),2023-06-30,2023-07-31,0,warmup_invalid_skip,0.0,0.0,0.0,0.0,0
588000,IV择时OTM5月度备兑 (IV Timing OTM5),2023-07-31,2023-08-31,0,warmup_invalid_skip,0.0,0.0,0.0,0.0,0
588000,IV择时OTM5月度备兑 (IV Timing OTM5),2023-08-31,2023-09-28,0,warmup_invalid_skip,0.0,0.0,0.0,0.0,0
588000,IV择时OTM5月度备兑 (IV Timing OTM5),2023-09-28,2023-10-31,0,warmup_invalid_skip,0.0,0.0,0.0,0.0,0
588000,IV择时OTM5月度备兑 (IV Timing OTM5),2023-10-31,2023-11-30,0,warmup_invalid_skip,0.0,0.0,0.0,0.0,0
588000,IV择时OTM5月度备兑 (IV Timing OTM5),2023-11-30,2023-12-29,0,warmup_invalid_skip,0.0,0.0,0.0,0.0,0
588000,IV择时OTM5月度备兑 (IV Timing OTM5),2023-12-29,2024-01-31,0,warmup_invalid_skip,0.0,0.0,0.0,0.0,0
588000,IV择时OTM5月度备兑 (IV Timing OTM5),2024-01-31,2024-02-29,0,warmup_invalid_skip,0.0,0.0,0.0,0.0,0
588000,IV择时OTM5月度备兑 (IV Timing OTM5),2024-02-29,2024-03-29,0,warmup_invalid_skip,0.0,0.0,0.0,0.0,0
588000,IV择时OTM5月度备兑 (IV Timing OTM5),2024-03-29,2024-04-30,0,warmup_invalid_skip,0.0,0.0,0.0,0.0,0
588000,IV择时OTM5月度备兑 (IV Timing OTM5),2024-04-30,2024-05-31,0,warmup_invalid_skip,0.0,0.0,0.0,0.0,0
588000,IV择时OTM5月度备兑 (IV Timing OTM5),2024-05-31,2024-06-28,0,warmup_invalid_skip,0.0,0.0,0.0,0.0,0
588000,IV择时OTM5月度备兑 (IV Timing OTM5),2024-06-28,2024-07-31,0,warmup_invalid_skip,0.0,0.0,0.0,0.0,0
588000,IV择时OTM5月度备兑 (IV Timing OTM5),2024-07-31,2024-08-30,0,warmup_invalid_skip,0.0,0.0,0.0,0.0,0
588000,IV择时OTM5月度备兑 (IV Timing OTM5),2024-08-30,2024-09-25,1,selected,0.0055631868131868,0.0,2.781593406593407e-06,0.0055604052197802,0
588000,IV择时OTM5月度备兑 (IV Timing OTM5),2024-09-30,2024-10-23,1,selected,0.1265263157894736,0.0336842105263158,6.326315789473684e-05,0.0927788421052631,1
588000,IV择时OTM5月度备兑 (IV Timing OTM5),2024-10-31,2024-11-27,1,selected,0.0549999999999999,0.0,2.75e-05,0.0549724999999999,0
588000,IV择时OTM5月度备兑 (IV Timing OTM5),2024-11-29,2024-12-25,1,selected,0.0282075471698113,0.0,1.410377358490566e-05,0.0281934433962264,0
588000,IV择时OTM5月度备兑 (IV Timing OTM5),2024-12-31,2025-01-22,1,selected,0.0133014354066985,0.0,6.650717703349283e-06,0.0132947846889952,0
588000,IV择时OTM5月度备兑 (IV Timing OTM5),2025-01-27,2025-02-26,1,selected,0.0089692765113974,0.0673934588701684,4.484638255698713e-06,-0.0584286669970267,1
588000,IV择时OTM5月度备兑 (IV Timing OTM5),2025-02-28,2025-03-26,1,selected,0.0194174757281553,0.0,9.70873786407767e-06,0.0194077669902912,0
588000,IV择时OTM5月度备兑 (IV Timing OTM5),2025-03-31,2025-04-23,1,selected,0.003584729981378,0.0,1.792364990689013e-06,0.0035829376163873,0
588000,IV择时OTM5月度备兑 (IV Timing OTM5),2025-04-30,2025-05-28,1,selected,0.006638418079096,0.0,3.3192090395480225e-06,0.0066350988700564,0
588000,IV择时OTM5月度备兑 (IV Timing OTM5),2025-05-30,2025-06-30,0,low_iv_skip,0.0,0.0,0.0,0.0,0
588000,IV择时OTM5月度备兑 (IV Timing OTM5),2025-06-30,2025-07-31,0,low_iv_skip,0.0,0.0,0.0,0.0,0
588000,IV择时OTM5月度备兑 (IV Timing OTM5),2025-07-31,2025-08-27,1,selected,0.0071298819255222,0.0849227974568574,3.564940962761126e-06,-0.0777964804722979,1
588000,IV择时OTM5月度备兑 (IV Timing OTM5),2025-08-29,2025-09-24,1,selected,0.0424929178470254,0.0212464589235127,2.124645892351275e-05,0.0212252124645892,1
588000,IV择时OTM5月度备兑 (IV Timing OTM5),2025-09-30,2025-10-22,1,selected,0.021592356687898,0.0,1.0796178343949044e-05,0.0215815605095541,0
588000,IV择时OTM5月度备兑 (IV Timing OTM5),2025-10-31,2025-11-26,1,selected,0.0111559139784946,0.0,5.577956989247312e-06,0.0111503360215053,0
588000,IV择时OTM5月度备兑 (IV Timing OTM5),2025-11-28,2025-12-24,1,selected,0.0054558506819813,0.0,2.7279253409906675e-06,0.0054531227566403,0
588000,IV择时OTM5月度备兑 (IV Timing OTM5),2025-12-31,2026-01-28,1,selected,0.005257586450247,0.0476358503881439,2.6287932251235004e-06,-0.042380892731122,1
588000,IV择时OTM5月度备兑 (IV Timing OTM5),2026-01-30,2026-02-25,1,selected,0.010484886649874,0.0,5.242443324937028e-06,0.0104796442065491,0
588000,IV择时OTM5月度备兑 (IV Timing OTM5),2026-02-27,2026-03-31,0,low_iv_skip,0.0,0.0,0.0,0.0,0
588000,IV择时OTM5月度备兑 (IV Timing OTM5),2026-03-31,2026-04-22,1,selected,0.0103474320241691,0.0974320241691842,5.1737160120845925e-06,-0.0870897658610271,1
588000,IV择时OTM5月度备兑 (IV Timing OTM5),2026-04-30,2026-05-27,1,selected,0.0075574365175332,0.0486698911729141,3.778718258766627e-06,-0.0411162333736396,1
588000,IV择时OTM5月度备兑 (IV Timing OTM5),2026-05-29,2026-06-03,1,selected,0.0244577006507592,0.0,1.222885032537961e-05,0.0244454718004338,0
159915,ATM全覆盖月度备兑 (ATM 100%),2021-01-29,2021-02-26,0,no_chain_on_trade_date,0.0,0.0,0.0,0.0,0
159915,ATM全覆盖月度备兑 (ATM 100%),2021-02-26,2021-03-31,0,no_chain_on_trade_date,0.0,0.0,0.0,0.0,0
159915,ATM全覆盖月度备兑 (ATM 100%),2021-03-31,2021-04-30,0,no_chain_on_trade_date,0.0,0.0,0.0,0.0,0
159915,ATM全覆盖月度备兑 (ATM 100%),2021-04-30,2021-05-31,0,no_chain_on_trade_date,0.0,0.0,0.0,0.0,0
159915,ATM全覆盖月度备兑 (ATM 100%),2021-05-31,2021-06-30,0,no_chain_on_trade_date,0.0,0.0,0.0,0.0,0
159915,ATM全覆盖月度备兑 (ATM 100%),2021-06-30,2021-07-30,0,no_chain_on_trade_date,0.0,0.0,0.0,0.0,0
159915,ATM全覆盖月度备兑 (ATM 100%),2021-07-30,2021-08-31,0,no_chain_on_trade_date,0.0,0.0,0.0,0.0,0
159915,ATM全覆盖月度备兑 (ATM 100%),2021-08-31,2021-09-30,0,no_chain_on_trade_date,0.0,0.0,0.0,0.0,0
159915,ATM全覆盖月度备兑 (ATM 100%),2021-09-30,2021-10-29,0,no_chain_on_trade_date,0.0,0.0,0.0,0.0,0
159915,ATM全覆盖月度备兑 (ATM 100%),2021-10-29,2021-11-30,0,no_chain_on_trade_date,0.0,0.0,0.0,0.0,0
159915,ATM全覆盖月度备兑 (ATM 100%),2021-11-30,2021-12-31,0,no_chain_on_trade_date,0.0,0.0,0.0,0.0,0
159915,ATM全覆盖月度备兑 (ATM 100%),2021-12-31,2022-01-28,0,no_chain_on_trade_date,0.0,0.0,0.0,0.0,0
159915,ATM全覆盖月度备兑 (ATM 100%),2022-01-28,2022-02-28,0,no_chain_on_trade_date,0.0,0.0,0.0,0.0,0
159915,ATM全覆盖月度备兑 (ATM 100%),2022-02-28,2022-03-31,0,no_chain_on_trade_date,0.0,0.0,0.0,0.0,0
159915,ATM全覆盖月度备兑 (ATM 100%),2022-03-31,2022-04-29,0,no_chain_on_trade_date,0.0,0.0,0.0,0.0,0
159915,ATM全覆盖月度备兑 (ATM 100%),2022-04-29,2022-05-31,0,no_chain_on_trade_date,0.0,0.0,0.0,0.0,0
159915,ATM全覆盖月度备兑 (ATM 100%),2022-05-31,2022-06-30,0,no_chain_on_trade_date,0.0,0.0,0.0,0.0,0
159915,ATM全覆盖月度备兑 (ATM 100%),2022-06-30,2022-07-29,0,no_chain_on_trade_date,0.0,0.0,0.0,0.0,0
159915,ATM全覆盖月度备兑 (ATM 100%),2022-07-29,2022-08-31,0,no_chain_on_trade_date,0.0,0.0,0.0,0.0,0
159915,ATM全覆盖月度备兑 (ATM 100%),2022-08-31,2022-09-30,0,no_chain_on_trade_date,0.0,0.0,0.0,0.0,0
159915,ATM全覆盖月度备兑 (ATM 100%),2022-09-30,2022-10-26,1,selected,0.0337685727149932,0.0459252588923907,1.688428635749662e-05,-0.012173570463755,1
159915,ATM全覆盖月度备兑 (ATM 100%),2022-10-31,2022-11-23,1,selected,0.033605812897366,0.0313351498637601,1.6802906448683016e-05,0.0022538601271571,1
159915,ATM全覆盖月度备兑 (ATM 100%),2022-11-30,2022-12-28,1,selected,0.0338631346578366,0.0075055187637968,1.693156732891832e-05,0.0263406843267108,1
159915,ATM全覆盖月度备兑 (ATM 100%),2022-12-30,2023-01-30,1,selected,0.0171127687582272,0.1022378236068451,8.556384379113646e-06,-0.0851336112329969,1
159915,ATM全覆盖月度备兑 (ATM 100%),2023-01-31,2023-02-22,1,selected,0.0241723175109692,0.0,1.2086158755484643e-05,0.0241602313522138,0
159915,ATM全覆盖月度备兑 (ATM 100%),2023-02-28,2023-03-22,1,selected,0.0243747350572276,0.0,1.218736752861382e-05,0.024362547689699,0
159915,ATM全覆盖月度备兑 (ATM 100%),2023-03-31,2023-04-26,1,selected,0.015040825096691,0.0,7.52041254834551e-06,0.0150333046841426,0
159915,ATM全覆盖月度备兑 (ATM 100%),2023-04-28,2023-05-24,1,selected,0.0209756097560975,0.0,1.0487804878048782e-05,0.0209651219512195,0
159915,ATM全覆盖月度备兑 (ATM 100%),2023-05-31,2023-06-28,1,selected,0.0189113092444861,0.0,9.45565462224308e-06,0.0189018535898639,0
159915,ATM全覆盖月度备兑 (ATM 100%),2023-06-30,2023-07-26,1,selected,0.0230129390018484,0.0,1.1506469500924214e-05,0.0230014325323475,0
159915,ATM全覆盖月度备兑 (ATM 100%),2023-07-31,2023-08-23,1,selected,0.016590284142988,0.0,8.295142071494044e-06,0.0165819890009165,0
159915,ATM全覆盖月度备兑 (ATM 100%),2023-08-31,2023-09-27,1,selected,0.0244152046783625,0.0,1.2207602339181286e-05,0.0244029970760233,0
159915,ATM全覆盖月度备兑 (ATM 100%),2023-09-28,2023-10-25,1,selected,0.0231438812083973,0.0,1.1571940604198669e-05,0.0231323092677931,0
159915,ATM全覆盖月度备兑 (ATM 100%),2023-10-31,2023-11-22,1,selected,0.0231732776617954,0.0,1.1586638830897704e-05,0.0231616910229645,0
159915,ATM全覆盖月度备兑 (ATM 100%),2023-11-30,2023-12-27,1,selected,0.0275346851654215,0.0,1.376734258271078e-05,0.0275209178228388,0
159915,ATM全覆盖月度备兑 (ATM 100%),2023-12-29,2024-01-24,1,selected,0.0213897937024972,0.0,1.069489685124864e-05,0.021379098805646,0
159915,ATM全覆盖月度备兑 (ATM 100%),2024-01-31,2024-02-28,1,selected,0.027723418134377,0.0984996738421396,1.386170906718852e-05,-0.0707901174168297,1
159915,ATM全覆盖月度备兑 (ATM 100%),2024-02-29,2024-03-27,1,selected,0.0333333333333333,0.0,1.6666666666666667e-05,0.0333166666666666,0
159915,ATM全覆盖月度备兑 (ATM 100%),2024-03-29,2024-04-24,1,selected,0.0303167420814479,0.0,1.515837104072398e-05,0.0303015837104072,0
159915,ATM全覆盖月度备兑 (ATM 100%),2024-04-30,2024-05-22,1,selected,0.0273127753303964,0.02147577092511,1.3656387665198238e-05,0.0058233480176211,1
159915,ATM全覆盖月度备兑 (ATM 100%),2024-05-31,2024-06-26,1,selected,0.0294582392776523,0.0,1.4729119638826184e-05,0.0294435101580135,0
159915,ATM全覆盖月度备兑 (ATM 100%),2024-06-28,2024-07-24,1,selected,0.023728813559322,0.0,1.1864406779661016e-05,0.0237169491525423,0
159915,ATM全覆盖月度备兑 (ATM 100%),2024-07-31,2024-08-28,1,selected,0.0259348612786489,0.0,1.2967430639324486e-05,0.0259218938480096,0
159915,ATM全覆盖月度备兑 (ATM 100%),2024-08-30,2024-09-25,1,selected,0.0211984536082474,0.038659793814433,1.0599226804123711e-05,-0.0174719394329897,1
159915,ATM全覆盖月度备兑 (ATM 100%),2024-09-30,2024-10-23,1,selected,0.1384408602150537,0.050179211469534,6.922043010752688e-05,0.0881924283154121,1
159915,ATM全覆盖月度备兑 (ATM 100%),2024-10-31,2024-11-27,1,selected,0.0549010367577756,0.0306314797360979,2.745051837888785e-05,0.0242421065032988,1
159915,ATM全覆盖月度备兑 (ATM 100%),2024-11-29,2024-12-25,1,selected,0.0286369894446994,0.0,1.4318494722349705e-05,0.028622670949977,0
159915,ATM全覆盖月度备兑 (ATM 100%),2024-12-31,2025-01-22,1,selected,0.0246431969552806,0.0,1.2321598477640344e-05,0.024630875356803,0
159915,ATM全覆盖月度备兑 (ATM 100%),2025-01-27,2025-02-26,1,selected,0.0253944773175542,0.0853057199211045,1.269723865877712e-05,-0.0599239398422091,1
159915,ATM全覆盖月度备兑 (ATM 100%),2025-02-28,2025-03-26,1,selected,0.025375939849624,0.0,1.2687969924812029e-05,0.0253632518796992,0
159915,ATM全覆盖月度备兑 (ATM 100%),2025-03-31,2025-04-23,1,selected,0.0250968992248062,0.0,1.25484496124031e-05,0.0250843507751937,0
159915,ATM全覆盖月度备兑 (ATM 100%),2025-04-30,2025-05-28,1,selected,0.0285268089536699,0.0307131702238418,1.4263404476834982e-05,-0.0022006246746487,1
159915,ATM全覆盖月度备兑 (ATM 100%),2025-05-30,2025-06-25,1,selected,0.0227687626774847,0.0806288032454361,1.1384381338742394e-05,-0.05787142494929,1
159915,ATM全覆盖月度备兑 (ATM 100%),2025-06-30,2025-07-23,1,selected,0.0161275199249882,0.064228785747773,8.06375996249414e-06,-0.0481093295827473,1
159915,ATM全覆盖月度备兑 (ATM 100%),2025-07-31,2025-08-27,1,selected,0.0267275097783572,0.1720990873533247,1.3363754889178618e-05,-0.1453849413298567,1
159915,ATM全覆盖月度备兑 (ATM 100%),2025-08-29,2025-09-24,1,selected,0.047783595113438,0.1082024432809773,2.389179755671902e-05,-0.060442739965096,1
159915,ATM全覆盖月度备兑 (ATM 100%),2025-09-30,2025-10-22,1,selected,0.0365247124650295,0.0,1.8262356232514765e-05,0.036506450108797,0
159915,ATM全覆盖月度备兑 (ATM 100%),2025-10-31,2025-11-26,1,selected,0.0288060644346178,0.0,1.4403032217308908e-05,0.0287916614024005,0
159915,ATM全覆盖月度备兑 (ATM 100%),2025-11-28,2025-12-24,1,selected,0.029159802306425,0.0698517298187809,1.457990115321252e-05,-0.0407065074135091,1
159915,ATM全覆盖月度备兑 (ATM 100%),2025-12-31,2026-01-28,1,selected,0.0247332077840552,0.0335844318895165,1.236660389202762e-05,-0.0088635907093533,1
159915,ATM全覆盖月度备兑 (ATM 100%),2026-01-30,2026-02-25,1,selected,0.0324137931034482,0.0131934032983508,1.6206896551724137e-05,0.0192041829085457,1
159915,ATM全覆盖月度备兑 (ATM 100%),2026-02-27,2026-03-25,1,selected,0.0223265677067555,0.0021205695243865,1.1163283853377763e-05,0.0201948348985155,1
159915,ATM全覆盖月度备兑 (ATM 100%),2026-03-31,2026-04-22,1,selected,0.0251414204902577,0.1753614079195474,1.257071024512885e-05,-0.1502325581395348,1
159915,ATM全覆盖月度备兑 (ATM 100%),2026-04-30,2026-05-27,1,selected,0.0258064516129032,0.0965031173759826,1.2903225806451614e-05,-0.0707095689888858,1
159915,ATM全覆盖月度备兑 (ATM 100%),2026-05-29,2026-06-03,1,selected,0.0284974093264248,0.0111028867505551,1.4248704663212436e-05,0.0173802738712065,1
159915,虚值5%全覆盖月度备兑 (OTM5 100%),2021-01-29,2021-02-26,0,no_chain_on_trade_date,0.0,0.0,0.0,0.0,0
159915,虚值5%全覆盖月度备兑 (OTM5 100%),2021-02-26,2021-03-31,0,no_chain_on_trade_date,0.0,0.0,0.0,0.0,0
159915,虚值5%全覆盖月度备兑 (OTM5 100%),2021-03-31,2021-04-30,0,no_chain_on_trade_date,0.0,0.0,0.0,0.0,0
159915,虚值5%全覆盖月度备兑 (OTM5 100%),2021-04-30,2021-05-31,0,no_chain_on_trade_date,0.0,0.0,0.0,0.0,0
159915,虚值5%全覆盖月度备兑 (OTM5 100%),2021-05-31,2021-06-30,0,no_chain_on_trade_date,0.0,0.0,0.0,0.0,0
159915,虚值5%全覆盖月度备兑 (OTM5 100%),2021-06-30,2021-07-30,0,no_chain_on_trade_date,0.0,0.0,0.0,0.0,0
159915,虚值5%全覆盖月度备兑 (OTM5 100%),2021-07-30,2021-08-31,0,no_chain_on_trade_date,0.0,0.0,0.0,0.0,0
159915,虚值5%全覆盖月度备兑 (OTM5 100%),2021-08-31,2021-09-30,0,no_chain_on_trade_date,0.0,0.0,0.0,0.0,0
159915,虚值5%全覆盖月度备兑 (OTM5 100%),2021-09-30,2021-10-29,0,no_chain_on_trade_date,0.0,0.0,0.0,0.0,0
159915,虚值5%全覆盖月度备兑 (OTM5 100%),2021-10-29,2021-11-30,0,no_chain_on_trade_date,0.0,0.0,0.0,0.0,0
159915,虚值5%全覆盖月度备兑 (OTM5 100%),2021-11-30,2021-12-31,0,no_chain_on_trade_date,0.0,0.0,0.0,0.0,0
159915,虚值5%全覆盖月度备兑 (OTM5 100%),2021-12-31,2022-01-28,0,no_chain_on_trade_date,0.0,0.0,0.0,0.0,0
159915,虚值5%全覆盖月度备兑 (OTM5 100%),2022-01-28,2022-02-28,0,no_chain_on_trade_date,0.0,0.0,0.0,0.0,0
159915,虚值5%全覆盖月度备兑 (OTM5 100%),2022-02-28,2022-03-31,0,no_chain_on_trade_date,0.0,0.0,0.0,0.0,0
159915,虚值5%全覆盖月度备兑 (OTM5 100%),2022-03-31,2022-04-29,0,no_chain_on_trade_date,0.0,0.0,0.0,0.0,0
159915,虚值5%全覆盖月度备兑 (OTM5 100%),2022-04-29,2022-05-31,0,no_chain_on_trade_date,0.0,0.0,0.0,0.0,0
159915,虚值5%全覆盖月度备兑 (OTM5 100%),2022-05-31,2022-06-30,0,no_chain_on_trade_date,0.0,0.0,0.0,0.0,0
159915,虚值5%全覆盖月度备兑 (OTM5 100%),2022-06-30,2022-07-29,0,no_chain_on_trade_date,0.0,0.0,0.0,0.0,0
159915,虚值5%全覆盖月度备兑 (OTM5 100%),2022-07-29,2022-08-31,0,no_chain_on_trade_date,0.0,0.0,0.0,0.0,0
159915,虚值5%全覆盖月度备兑 (OTM5 100%),2022-08-31,2022-09-30,0,no_chain_on_trade_date,0.0,0.0,0.0,0.0,0
159915,虚值5%全覆盖月度备兑 (OTM5 100%),2022-09-30,2022-10-26,1,selected,0.0074741107609185,0.0,3.737055380459253e-06,0.007470373705538,0
159915,虚值5%全覆盖月度备兑 (OTM5 100%),2022-10-31,2022-11-23,1,selected,0.0156675749318801,0.0,7.833787465940055e-06,0.0156597411444141,0
159915,虚值5%全覆盖月度备兑 (OTM5 100%),2022-11-30,2022-12-28,1,selected,0.0100220750551876,0.0,5.01103752759382e-06,0.01001706401766,0
159915,虚值5%全覆盖月度备兑 (OTM5 100%),2022-12-30,2023-01-30,1,selected,0.0048705572619569,0.0583589293549802,2.4352786309785e-06,-0.0534908073716542,1
159915,虚值5%全覆盖月度备兑 (OTM5 100%),2023-01-31,2023-02-22,1,selected,0.0051854806541683,0.0,2.592740327084164e-06,0.0051828879138412,0
159915,虚值5%全覆盖月度备兑 (OTM5 100%),2023-02-28,2023-03-22,1,selected,0.004578211106401,0.0,2.289105553200509e-06,0.0045759220008478,0
159915,虚值5%全覆盖月度备兑 (OTM5 100%),2023-03-31,2023-04-26,1,selected,0.003781693167168,0.0,1.8908465835840136e-06,0.0037798023205844,0
159915,虚值5%全覆盖月度备兑 (OTM5 100%),2023-04-28,2023-05-24,1,selected,0.0054545454545454,0.0,2.727272727272728e-06,0.0054518181818181,0
159915,虚值5%全覆盖月度备兑 (OTM5 100%),2023-05-31,2023-06-28,1,selected,0.0054434537775692,0.0,2.721726888784608e-06,0.0054407320506804,0
159915,虚值5%全覆盖月度备兑 (OTM5 100%),2023-06-30,2023-07-26,1,selected,0.0063308687615526,0.0,3.16543438077634e-06,0.0063277033271719,0
159915,虚值5%全覆盖月度备兑 (OTM5 100%),2023-07-31,2023-08-23,1,selected,0.0049495875343721,0.0,2.474793767186068e-06,0.0049471127406049,0
159915,虚值5%全覆盖月度备兑 (OTM5 100%),2023-08-31,2023-09-27,1,selected,0.0084795321637426,0.0,4.239766081871345e-06,0.0084752923976608,0
159915,虚值5%全覆盖月度备兑 (OTM5 100%),2023-09-28,2023-10-25,1,selected,0.0070660522273425,0.0,3.533026113671275e-06,0.0070625192012288,0
159915,虚值5%全覆盖月度备兑 (OTM5 100%),2023-10-31,2023-11-22,1,selected,0.0048016701461377,0.0,2.400835073068893e-06,0.0047992693110647,0
159915,虚值5%全覆盖月度备兑 (OTM5 100%),2023-11-30,2023-12-27,1,selected,0.0070971184631803,0.0,3.548559231590181e-06,0.0070935699039487,0
159915,虚值5%全覆盖月度备兑 (OTM5 100%),2023-12-29,2024-01-24,1,selected,0.0063517915309446,0.0,3.1758957654723125e-06,0.0063486156351791,0
159915,虚值5%全覆盖月度备兑 (OTM5 100%),2024-01-31,2024-02-28,1,selected,0.0163731245923026,0.065883887801696,8.186562296151338e-06,-0.0495189497716895,1
159915,虚值5%全覆盖月度备兑 (OTM5 100%),2024-02-29,2024-03-27,1,selected,0.0133446905167518,0.0,6.672345258375924e-06,0.0133380181714934,0
159915,虚值5%全覆盖月度备兑 (OTM5 100%),2024-03-29,2024-04-24,1,selected,0.0091628959276018,0.0,4.5814479638009056e-06,0.009158314479638,0
159915,虚值5%全覆盖月度备兑 (OTM5 100%),2024-04-30,2024-05-22,1,selected,0.0079845814977973,0.0,3.992290748898679e-06,0.0079805892070484,0
159915,虚值5%全覆盖月度备兑 (OTM5 100%),2024-05-31,2024-06-26,1,selected,0.0074492099322799,0.0,3.724604966139955e-06,0.0074454853273137,0
159915,虚值5%全覆盖月度备兑 (OTM5 100%),2024-06-28,2024-07-24,1,selected,0.0053874092009685,0.0,2.6937046004842613e-06,0.005384715496368,0
159915,虚值5%全覆盖月度备兑 (OTM5 100%),2024-07-31,2024-08-28,1,selected,0.0059107358262967,0.0,2.9553679131483715e-06,0.0059077804583835,0
159915,虚值5%全覆盖月度备兑 (OTM5 100%),2024-08-30,2024-09-25,1,selected,0.0038015463917525,0.0,1.9007731958762888e-06,0.0037996456185567,0
159915,虚值5%全覆盖月度备兑 (OTM5 100%),2024-09-30,2024-10-23,1,selected,0.1384408602150537,0.050179211469534,6.922043010752688e-05,0.0881924283154121,1
159915,虚值5%全覆盖月度备兑 (OTM5 100%),2024-10-31,2024-11-27,1,selected,0.0328934967012252,0.0,1.644674835061263e-05,0.0328770499528746,0
159915,虚值5%全覆盖月度备兑 (OTM5 100%),2024-11-29,2024-12-25,1,selected,0.0165213400642496,0.0,8.260670032124829e-06,0.0165130793942175,0
159915,虚值5%全覆盖月度备兑 (OTM5 100%),2024-12-31,2025-01-22,1,selected,0.0112274024738344,0.0,5.613701236917222e-06,0.0112217887725975,0
159915,虚值5%全覆盖月度备兑 (OTM5 100%),2025-01-27,2025-02-26,1,selected,0.0125246548323471,0.0359960552268244,6.26232741617357e-06,-0.0234776627218934,1
159915,虚值5%全覆盖月度备兑 (OTM5 100%),2025-02-28,2025-03-26,1,selected,0.0121710526315789,0.0,6.085526315789473e-06,0.0121649671052631,0
159915,虚值5%全覆盖月度备兑 (OTM5 100%),2025-03-31,2025-04-23,1,selected,0.0081395348837209,0.0,4.069767441860465e-06,0.008135465116279,0
159915,虚值5%全覆盖月度备兑 (OTM5 100%),2025-04-30,2025-05-28,1,selected,0.0104112441436751,0.0,5.205622071837585e-06,0.0104060385216033,0
159915,虚值5%全覆盖月度备兑 (OTM5 100%),2025-05-30,2025-06-25,1,selected,0.0067444219066937,0.0299188640973631,3.372210953346856e-06,-0.0231778144016228,1
159915,虚值5%全覆盖月度备兑 (OTM5 100%),2025-06-30,2025-07-23,1,selected,0.006797937177684,0.017346460384435,3.398968588842007e-06,-0.0105519221753398,1
159915,虚值5%全覆盖月度备兑 (OTM5 100%),2025-07-31,2025-08-27,1,selected,0.011864406779661,0.1286397218600609,5.932203389830509e-06,-0.1167812472837897,1
159915,虚值5%全覆盖月度备兑 (OTM5 100%),2025-08-29,2025-09-24,1,selected,0.0295636998254799,0.0558464223385689,1.4781849912739963e-05,-0.0262975043630017,1
159915,虚值5%全覆盖月度备兑 (OTM5 100%),2025-09-30,2025-10-22,1,selected,0.0150139881877525,0.0,7.506994093876283e-06,0.0150064811936586,0
159915,虚值5%全覆盖月度备兑 (OTM5 100%),2025-10-31,2025-11-26,1,selected,0.0177826910928616,0.0,8.89134554643083e-06,0.0177737997473152,0
159915,虚值5%全覆盖月度备兑 (OTM5 100%),2025-11-28,2025-12-24,1,selected,0.0074464579901153,0.0039538714991762,3.723228995057661e-06,0.0034888632619439,1
159915,虚值5%全覆盖月度备兑 (OTM5 100%),2025-12-31,2026-01-28,1,selected,0.0141870684243565,0.0021971123666039,7.09353421217828e-06,0.0119828625235404,1
159915,虚值5%全覆盖月度备兑 (OTM5 100%),2026-01-30,2026-02-25,1,selected,0.0112743628185907,0.0,5.6371814092953526e-06,0.0112687256371814,0
159915,虚值5%全覆盖月度备兑 (OTM5 100%),2026-02-27,2026-03-25,1,selected,0.0050287791578309,0.0,2.51438957891548e-06,0.005026264768252,0
159915,虚值5%全覆盖月度备兑 (OTM5 100%),2026-03-31,2026-04-22,1,selected,0.0131049654305468,0.1439346323067254,6.552482715273413e-06,-0.1308362193588938,1
159915,虚值5%全覆盖月度备兑 (OTM5 100%),2026-04-30,2026-05-27,1,selected,0.0091623746272702,0.0422878828950935,4.581187313635131e-06,-0.0331300894551369,1
159915,虚值5%全覆盖月度备兑 (OTM5 100%),2026-05-29,2026-06-03,1,selected,0.0124599062422896,0.0,6.229953121144831e-06,0.0124536762891685,0
159915,IV择时ATM月度备兑 (IV Timing ATM),2021-01-29,2021-02-26,0,data_invalid_skip,0.0,0.0,0.0,0.0,0
159915,IV择时ATM月度备兑 (IV Timing ATM),2021-02-26,2021-03-31,0,data_invalid_skip,0.0,0.0,0.0,0.0,0
159915,IV择时ATM月度备兑 (IV Timing ATM),2021-03-31,2021-04-30,0,data_invalid_skip,0.0,0.0,0.0,0.0,0
159915,IV择时ATM月度备兑 (IV Timing ATM),2021-04-30,2021-05-31,0,data_invalid_skip,0.0,0.0,0.0,0.0,0
159915,IV择时ATM月度备兑 (IV Timing ATM),2021-05-31,2021-06-30,0,data_invalid_skip,0.0,0.0,0.0,0.0,0
159915,IV择时ATM月度备兑 (IV Timing ATM),2021-06-30,2021-07-30,0,data_invalid_skip,0.0,0.0,0.0,0.0,0
159915,IV择时ATM月度备兑 (IV Timing ATM),2021-07-30,2021-08-31,0,data_invalid_skip,0.0,0.0,0.0,0.0,0
159915,IV择时ATM月度备兑 (IV Timing ATM),2021-08-31,2021-09-30,0,data_invalid_skip,0.0,0.0,0.0,0.0,0
159915,IV择时ATM月度备兑 (IV Timing ATM),2021-09-30,2021-10-29,0,data_invalid_skip,0.0,0.0,0.0,0.0,0
159915,IV择时ATM月度备兑 (IV Timing ATM),2021-10-29,2021-11-30,0,data_invalid_skip,0.0,0.0,0.0,0.0,0
159915,IV择时ATM月度备兑 (IV Timing ATM),2021-11-30,2021-12-31,0,data_invalid_skip,0.0,0.0,0.0,0.0,0
159915,IV择时ATM月度备兑 (IV Timing ATM),2021-12-31,2022-01-28,0,data_invalid_skip,0.0,0.0,0.0,0.0,0
159915,IV择时ATM月度备兑 (IV Timing ATM),2022-01-28,2022-02-28,0,data_invalid_skip,0.0,0.0,0.0,0.0,0
159915,IV择时ATM月度备兑 (IV Timing ATM),2022-02-28,2022-03-31,0,data_invalid_skip,0.0,0.0,0.0,0.0,0
159915,IV择时ATM月度备兑 (IV Timing ATM),2022-03-31,2022-04-29,0,data_invalid_skip,0.0,0.0,0.0,0.0,0
159915,IV择时ATM月度备兑 (IV Timing ATM),2022-04-29,2022-05-31,0,data_invalid_skip,0.0,0.0,0.0,0.0,0
159915,IV择时ATM月度备兑 (IV Timing ATM),2022-05-31,2022-06-30,0,data_invalid_skip,0.0,0.0,0.0,0.0,0
159915,IV择时ATM月度备兑 (IV Timing ATM),2022-06-30,2022-07-29,0,data_invalid_skip,0.0,0.0,0.0,0.0,0
159915,IV择时ATM月度备兑 (IV Timing ATM),2022-07-29,2022-08-31,0,data_invalid_skip,0.0,0.0,0.0,0.0,0
159915,IV择时ATM月度备兑 (IV Timing ATM),2022-08-31,2022-09-30,0,data_invalid_skip,0.0,0.0,0.0,0.0,0
159915,IV择时ATM月度备兑 (IV Timing ATM),2022-09-30,2022-10-31,0,warmup_invalid_skip,0.0,0.0,0.0,0.0,0
159915,IV择时ATM月度备兑 (IV Timing ATM),2022-10-31,2022-11-30,0,warmup_invalid_skip,0.0,0.0,0.0,0.0,0
159915,IV择时ATM月度备兑 (IV Timing ATM),2022-11-30,2022-12-30,0,warmup_invalid_skip,0.0,0.0,0.0,0.0,0
159915,IV择时ATM月度备兑 (IV Timing ATM),2022-12-30,2023-01-31,0,warmup_invalid_skip,0.0,0.0,0.0,0.0,0
159915,IV择时ATM月度备兑 (IV Timing ATM),2023-01-31,2023-02-28,0,warmup_invalid_skip,0.0,0.0,0.0,0.0,0
159915,IV择时ATM月度备兑 (IV Timing ATM),2023-02-28,2023-03-31,0,warmup_invalid_skip,0.0,0.0,0.0,0.0,0
159915,IV择时ATM月度备兑 (IV Timing ATM),2023-03-31,2023-04-28,0,warmup_invalid_skip,0.0,0.0,0.0,0.0,0
159915,IV择时ATM月度备兑 (IV Timing ATM),2023-04-28,2023-05-31,0,warmup_invalid_skip,0.0,0.0,0.0,0.0,0
159915,IV择时ATM月度备兑 (IV Timing ATM),2023-05-31,2023-06-30,0,warmup_invalid_skip,0.0,0.0,0.0,0.0,0
159915,IV择时ATM月度备兑 (IV Timing ATM),2023-06-30,2023-07-31,0,warmup_invalid_skip,0.0,0.0,0.0,0.0,0
159915,IV择时ATM月度备兑 (IV Timing ATM),2023-07-31,2023-08-31,0,warmup_invalid_skip,0.0,0.0,0.0,0.0,0
159915,IV择时ATM月度备兑 (IV Timing ATM),2023-08-31,2023-09-28,0,warmup_invalid_skip,0.0,0.0,0.0,0.0,0
159915,IV择时ATM月度备兑 (IV Timing ATM),2023-09-28,2023-10-31,0,warmup_invalid_skip,0.0,0.0,0.0,0.0,0
159915,IV择时ATM月度备兑 (IV Timing ATM),2023-10-31,2023-11-30,0,warmup_invalid_skip,0.0,0.0,0.0,0.0,0
159915,IV择时ATM月度备兑 (IV Timing ATM),2023-11-30,2023-12-29,0,warmup_invalid_skip,0.0,0.0,0.0,0.0,0
159915,IV择时ATM月度备兑 (IV Timing ATM),2023-12-29,2024-01-24,1,selected,0.0106948968512486,0.0,5.3474484256243205e-06,0.010689549402823,0
159915,IV择时ATM月度备兑 (IV Timing ATM),2024-01-31,2024-02-28,1,selected,0.027723418134377,0.0984996738421396,1.386170906718852e-05,-0.0707901174168297,1
159915,IV择时ATM月度备兑 (IV Timing ATM),2024-02-29,2024-03-27,1,selected,0.0333333333333333,0.0,1.6666666666666667e-05,0.0333166666666666,0
159915,IV择时ATM月度备兑 (IV Timing ATM),2024-03-29,2024-04-24,1,selected,0.0303167420814479,0.0,1.515837104072398e-05,0.0303015837104072,0
159915,IV择时ATM月度备兑 (IV Timing ATM),2024-04-30,2024-05-22,1,selected,0.0136563876651982,0.010737885462555,6.828193832599119e-06,0.0029116740088105,1
159915,IV择时ATM月度备兑 (IV Timing ATM),2024-05-31,2024-06-26,1,selected,0.0147291196388261,0.0,7.364559819413093e-06,0.0147217550790067,0
159915,IV择时ATM月度备兑 (IV Timing ATM),2024-06-28,2024-07-24,1,selected,0.011864406779661,0.0,5.932203389830508e-06,0.0118584745762711,0
159915,IV择时ATM月度备兑 (IV Timing ATM),2024-07-31,2024-08-28,1,selected,0.0129674306393244,0.0,6.483715319662243e-06,0.0129609469240048,0
159915,IV择时ATM月度备兑 (IV Timing ATM),2024-08-30,2024-09-30,0,low_iv_skip,0.0,0.0,0.0,0.0,0
159915,IV择时ATM月度备兑 (IV Timing ATM),2024-09-30,2024-10-23,1,selected,0.1384408602150537,0.050179211469534,6.922043010752688e-05,0.0881924283154121,1
159915,IV择时ATM月度备兑 (IV Timing ATM),2024-10-31,2024-11-27,1,selected,0.0549010367577756,0.0306314797360979,2.745051837888785e-05,0.0242421065032988,1
159915,IV择时ATM月度备兑 (IV Timing ATM),2024-11-29,2024-12-25,1,selected,0.0286369894446994,0.0,1.4318494722349705e-05,0.028622670949977,0
159915,IV择时ATM月度备兑 (IV Timing ATM),2024-12-31,2025-01-22,1,selected,0.0123215984776403,0.0,6.160799238820171e-06,0.0123154376784015,0
159915,IV择时ATM月度备兑 (IV Timing ATM),2025-01-27,2025-02-26,1,selected,0.0126972386587771,0.0426528599605522,6.34861932938856e-06,-0.0299619699211045,1
159915,IV择时ATM月度备兑 (IV Timing ATM),2025-02-28,2025-03-26,1,selected,0.025375939849624,0.0,1.2687969924812029e-05,0.0253632518796992,0
159915,IV择时ATM月度备兑 (IV Timing ATM),2025-03-31,2025-04-30,0,low_iv_skip,0.0,0.0,0.0,0.0,0
159915,IV择时ATM月度备兑 (IV Timing ATM),2025-04-30,2025-05-28,1,selected,0.0142634044768349,0.0153565851119209,7.131702238417491e-06,-0.0011003123373243,1
159915,IV择时ATM月度备兑 (IV Timing ATM),2025-05-30,2025-06-30,0,low_iv_skip,0.0,0.0,0.0,0.0,0
159915,IV择时ATM月度备兑 (IV Timing ATM),2025-06-30,2025-07-23,1,selected,0.0080637599624941,0.0321143928738865,4.03187998124707e-06,-0.0240546647913736,1
159915,IV择时ATM月度备兑 (IV Timing ATM),2025-07-31,2025-08-27,1,selected,0.0133637548891786,0.0860495436766623,6.681877444589309e-06,-0.0726924706649283,1
159915,IV择时ATM月度备兑 (IV Timing ATM),2025-08-29,2025-09-24,1,selected,0.047783595113438,0.1082024432809773,2.389179755671902e-05,-0.060442739965096,1
159915,IV择时ATM月度备兑 (IV Timing ATM),2025-09-30,2025-10-22,1,selected,0.0365247124650295,0.0,1.8262356232514765e-05,0.036506450108797,0
159915,IV择时ATM月度备兑 (IV Timing ATM),2025-10-31,2025-11-26,1,selected,0.0144030322173089,0.0,7.201516108654454e-06,0.0143958307012002,0
159915,IV择时ATM月度备兑 (IV Timing ATM),2025-11-28,2025-12-24,1,selected,0.0145799011532125,0.0349258649093904,7.2899505766062595e-06,-0.0203532537067545,1
159915,IV择时ATM月度备兑 (IV Timing ATM),2025-12-31,2026-01-28,1,selected,0.0123666038920276,0.0167922159447582,6.18330194601381e-06,-0.0044317953546766,1
159915,IV择时ATM月度备兑 (IV Timing ATM),2026-01-30,2026-02-27,0,low_iv_skip,0.0,0.0,0.0,0.0,0
159915,IV择时ATM月度备兑 (IV Timing ATM),2026-02-27,2026-03-31,0,low_iv_skip,0.0,0.0,0.0,0.0,0
159915,IV择时ATM月度备兑 (IV Timing ATM),2026-03-31,2026-04-22,1,selected,0.0251414204902577,0.1753614079195474,1.257071024512885e-05,-0.1502325581395348,1
159915,IV择时ATM月度备兑 (IV Timing ATM),2026-04-30,2026-05-27,1,selected,0.0129032258064516,0.0482515586879913,6.451612903225807e-06,-0.0353547844944429,1
159915,IV择时ATM月度备兑 (IV Timing ATM),2026-05-29,2026-06-03,1,selected,0.0284974093264248,0.0111028867505551,1.4248704663212436e-05,0.0173802738712065,1
159915,IV择时OTM5月度备兑 (IV Timing OTM5),2021-01-29,2021-02-26,0,data_invalid_skip,0.0,0.0,0.0,0.0,0
159915,IV择时OTM5月度备兑 (IV Timing OTM5),2021-02-26,2021-03-31,0,data_invalid_skip,0.0,0.0,0.0,0.0,0
159915,IV择时OTM5月度备兑 (IV Timing OTM5),2021-03-31,2021-04-30,0,data_invalid_skip,0.0,0.0,0.0,0.0,0
159915,IV择时OTM5月度备兑 (IV Timing OTM5),2021-04-30,2021-05-31,0,data_invalid_skip,0.0,0.0,0.0,0.0,0
159915,IV择时OTM5月度备兑 (IV Timing OTM5),2021-05-31,2021-06-30,0,data_invalid_skip,0.0,0.0,0.0,0.0,0
159915,IV择时OTM5月度备兑 (IV Timing OTM5),2021-06-30,2021-07-30,0,data_invalid_skip,0.0,0.0,0.0,0.0,0
159915,IV择时OTM5月度备兑 (IV Timing OTM5),2021-07-30,2021-08-31,0,data_invalid_skip,0.0,0.0,0.0,0.0,0
159915,IV择时OTM5月度备兑 (IV Timing OTM5),2021-08-31,2021-09-30,0,data_invalid_skip,0.0,0.0,0.0,0.0,0
159915,IV择时OTM5月度备兑 (IV Timing OTM5),2021-09-30,2021-10-29,0,data_invalid_skip,0.0,0.0,0.0,0.0,0
159915,IV择时OTM5月度备兑 (IV Timing OTM5),2021-10-29,2021-11-30,0,data_invalid_skip,0.0,0.0,0.0,0.0,0
159915,IV择时OTM5月度备兑 (IV Timing OTM5),2021-11-30,2021-12-31,0,data_invalid_skip,0.0,0.0,0.0,0.0,0
159915,IV择时OTM5月度备兑 (IV Timing OTM5),2021-12-31,2022-01-28,0,data_invalid_skip,0.0,0.0,0.0,0.0,0
159915,IV择时OTM5月度备兑 (IV Timing OTM5),2022-01-28,2022-02-28,0,data_invalid_skip,0.0,0.0,0.0,0.0,0
159915,IV择时OTM5月度备兑 (IV Timing OTM5),2022-02-28,2022-03-31,0,data_invalid_skip,0.0,0.0,0.0,0.0,0
159915,IV择时OTM5月度备兑 (IV Timing OTM5),2022-03-31,2022-04-29,0,data_invalid_skip,0.0,0.0,0.0,0.0,0
159915,IV择时OTM5月度备兑 (IV Timing OTM5),2022-04-29,2022-05-31,0,data_invalid_skip,0.0,0.0,0.0,0.0,0
159915,IV择时OTM5月度备兑 (IV Timing OTM5),2022-05-31,2022-06-30,0,data_invalid_skip,0.0,0.0,0.0,0.0,0
159915,IV择时OTM5月度备兑 (IV Timing OTM5),2022-06-30,2022-07-29,0,data_invalid_skip,0.0,0.0,0.0,0.0,0
159915,IV择时OTM5月度备兑 (IV Timing OTM5),2022-07-29,2022-08-31,0,data_invalid_skip,0.0,0.0,0.0,0.0,0
159915,IV择时OTM5月度备兑 (IV Timing OTM5),2022-08-31,2022-09-30,0,data_invalid_skip,0.0,0.0,0.0,0.0,0
159915,IV择时OTM5月度备兑 (IV Timing OTM5),2022-09-30,2022-10-31,0,warmup_invalid_skip,0.0,0.0,0.0,0.0,0
159915,IV择时OTM5月度备兑 (IV Timing OTM5),2022-10-31,2022-11-30,0,warmup_invalid_skip,0.0,0.0,0.0,0.0,0
159915,IV择时OTM5月度备兑 (IV Timing OTM5),2022-11-30,2022-12-30,0,warmup_invalid_skip,0.0,0.0,0.0,0.0,0
159915,IV择时OTM5月度备兑 (IV Timing OTM5),2022-12-30,2023-01-31,0,warmup_invalid_skip,0.0,0.0,0.0,0.0,0
159915,IV择时OTM5月度备兑 (IV Timing OTM5),2023-01-31,2023-02-28,0,warmup_invalid_skip,0.0,0.0,0.0,0.0,0
159915,IV择时OTM5月度备兑 (IV Timing OTM5),2023-02-28,2023-03-31,0,warmup_invalid_skip,0.0,0.0,0.0,0.0,0
159915,IV择时OTM5月度备兑 (IV Timing OTM5),2023-03-31,2023-04-28,0,warmup_invalid_skip,0.0,0.0,0.0,0.0,0
159915,IV择时OTM5月度备兑 (IV Timing OTM5),2023-04-28,2023-05-31,0,warmup_invalid_skip,0.0,0.0,0.0,0.0,0
159915,IV择时OTM5月度备兑 (IV Timing OTM5),2023-05-31,2023-06-30,0,warmup_invalid_skip,0.0,0.0,0.0,0.0,0
159915,IV择时OTM5月度备兑 (IV Timing OTM5),2023-06-30,2023-07-31,0,warmup_invalid_skip,0.0,0.0,0.0,0.0,0
159915,IV择时OTM5月度备兑 (IV Timing OTM5),2023-07-31,2023-08-31,0,warmup_invalid_skip,0.0,0.0,0.0,0.0,0
159915,IV择时OTM5月度备兑 (IV Timing OTM5),2023-08-31,2023-09-28,0,warmup_invalid_skip,0.0,0.0,0.0,0.0,0
159915,IV择时OTM5月度备兑 (IV Timing OTM5),2023-09-28,2023-10-31,0,warmup_invalid_skip,0.0,0.0,0.0,0.0,0
159915,IV择时OTM5月度备兑 (IV Timing OTM5),2023-10-31,2023-11-30,0,warmup_invalid_skip,0.0,0.0,0.0,0.0,0
159915,IV择时OTM5月度备兑 (IV Timing OTM5),2023-11-30,2023-12-29,0,warmup_invalid_skip,0.0,0.0,0.0,0.0,0
159915,IV择时OTM5月度备兑 (IV Timing OTM5),2023-12-29,2024-01-24,1,selected,0.0031758957654723,0.0,1.5879478827361562e-06,0.0031743078175895,0
159915,IV择时OTM5月度备兑 (IV Timing OTM5),2024-01-31,2024-02-28,1,selected,0.0163731245923026,0.065883887801696,8.186562296151338e-06,-0.0495189497716895,1
159915,IV择时OTM5月度备兑 (IV Timing OTM5),2024-02-29,2024-03-27,1,selected,0.0133446905167518,0.0,6.672345258375924e-06,0.0133380181714934,0
159915,IV择时OTM5月度备兑 (IV Timing OTM5),2024-03-29,2024-04-24,1,selected,0.0091628959276018,0.0,4.5814479638009056e-06,0.009158314479638,0
159915,IV择时OTM5月度备兑 (IV Timing OTM5),2024-04-30,2024-05-22,1,selected,0.0039922907488986,0.0,1.9961453744493394e-06,0.0039902946035242,0
159915,IV择时OTM5月度备兑 (IV Timing OTM5),2024-05-31,2024-06-26,1,selected,0.0037246049661399,0.0,1.8623024830699776e-06,0.0037227426636568,0
159915,IV择时OTM5月度备兑 (IV Timing OTM5),2024-06-28,2024-07-24,1,selected,0.0026937046004842,0.0,1.3468523002421309e-06,0.002692357748184,0
159915,IV择时OTM5月度备兑 (IV Timing OTM5),2024-07-31,2024-08-28,1,selected,0.0029553679131483,0.0,1.4776839565741855e-06,0.0029538902291917,0
159915,IV择时OTM5月度备兑 (IV Timing OTM5),2024-08-30,2024-09-30,0,low_iv_skip,0.0,0.0,0.0,0.0,0
159915,IV择时OTM5月度备兑 (IV Timing OTM5),2024-09-30,2024-10-23,1,selected,0.1384408602150537,0.050179211469534,6.922043010752688e-05,0.0881924283154121,1
159915,IV择时OTM5月度备兑 (IV Timing OTM5),2024-10-31,2024-11-27,1,selected,0.0328934967012252,0.0,1.644674835061263e-05,0.0328770499528746,0
159915,IV择时OTM5月度备兑 (IV Timing OTM5),2024-11-29,2024-12-25,1,selected,0.0165213400642496,0.0,8.260670032124829e-06,0.0165130793942175,0
159915,IV择时OTM5月度备兑 (IV Timing OTM5),2024-12-31,2025-01-22,1,selected,0.0056137012369172,0.0,2.806850618458611e-06,0.0056108943862987,0
159915,IV择时OTM5月度备兑 (IV Timing OTM5),2025-01-27,2025-02-26,1,selected,0.0062623274161735,0.0179980276134122,3.131163708086785e-06,-0.0117388313609467,1
159915,IV择时OTM5月度备兑 (IV Timing OTM5),2025-02-28,2025-03-26,1,selected,0.0121710526315789,0.0,6.085526315789473e-06,0.0121649671052631,0
159915,IV择时OTM5月度备兑 (IV Timing OTM5),2025-03-31,2025-04-30,0,low_iv_skip,0.0,0.0,0.0,0.0,0
159915,IV择时OTM5月度备兑 (IV Timing OTM5),2025-04-30,2025-05-28,1,selected,0.0052056220718375,0.0,2.6028110359187925e-06,0.0052030192608016,0
159915,IV择时OTM5月度备兑 (IV Timing OTM5),2025-05-30,2025-06-30,0,low_iv_skip,0.0,0.0,0.0,0.0,0
159915,IV择时OTM5月度备兑 (IV Timing OTM5),2025-06-30,2025-07-23,1,selected,0.003398968588842,0.0086732301922175,1.6994842944210035e-06,-0.0052759610876699,1
159915,IV择时OTM5月度备兑 (IV Timing OTM5),2025-07-31,2025-08-27,1,selected,0.0059322033898305,0.0643198609300304,2.9661016949152545e-06,-0.0583906236418948,1
159915,IV择时OTM5月度备兑 (IV Timing OTM5),2025-08-29,2025-09-24,1,selected,0.0295636998254799,0.0558464223385689,1.4781849912739963e-05,-0.0262975043630017,1
159915,IV择时OTM5月度备兑 (IV Timing OTM5),2025-09-30,2025-10-22,1,selected,0.0150139881877525,0.0,7.506994093876283e-06,0.0150064811936586,0
159915,IV择时OTM5月度备兑 (IV Timing OTM5),2025-10-31,2025-11-26,1,selected,0.0088913455464308,0.0,4.445672773215415e-06,0.0088868998736576,0
159915,IV择时OTM5月度备兑 (IV Timing OTM5),2025-11-28,2025-12-24,1,selected,0.0037232289950576,0.0019769357495881,1.8616144975288305e-06,0.0017444316309719,1
159915,IV择时OTM5月度备兑 (IV Timing OTM5),2025-12-31,2026-01-28,1,selected,0.0070935342121782,0.0010985561833019,3.54676710608914e-06,0.0059914312617702,1
159915,IV择时OTM5月度备兑 (IV Timing OTM5),2026-01-30,2026-02-27,0,low_iv_skip,0.0,0.0,0.0,0.0,0
159915,IV择时OTM5月度备兑 (IV Timing OTM5),2026-02-27,2026-03-31,0,low_iv_skip,0.0,0.0,0.0,0.0,0
159915,IV择时OTM5月度备兑 (IV Timing OTM5),2026-03-31,2026-04-22,1,selected,0.0131049654305468,0.1439346323067254,6.552482715273413e-06,-0.1308362193588938,1
159915,IV择时OTM5月度备兑 (IV Timing OTM5),2026-04-30,2026-05-27,1,selected,0.0045811873136351,0.0211439414475467,2.290593656817565e-06,-0.0165650447275684,1
159915,IV择时OTM5月度备兑 (IV Timing OTM5),2026-05-29,2026-06-03,1,selected,0.0124599062422896,0.0,6.229953121144831e-06,0.0124536762891685,0
510500,ATM全覆盖月度备兑 (ATM 100%),2021-01-29,2021-02-26,0,no_chain_on_trade_date,0.0,0.0,0.0,0.0,0
510500,ATM全覆盖月度备兑 (ATM 100%),2021-02-26,2021-03-31,0,no_chain_on_trade_date,0.0,0.0,0.0,0.0,0
510500,ATM全覆盖月度备兑 (ATM 100%),2021-03-31,2021-04-30,0,no_chain_on_trade_date,0.0,0.0,0.0,0.0,0
510500,ATM全覆盖月度备兑 (ATM 100%),2021-04-30,2021-05-31,0,no_chain_on_trade_date,0.0,0.0,0.0,0.0,0
510500,ATM全覆盖月度备兑 (ATM 100%),2021-05-31,2021-06-30,0,no_chain_on_trade_date,0.0,0.0,0.0,0.0,0
510500,ATM全覆盖月度备兑 (ATM 100%),2021-06-30,2021-07-30,0,no_chain_on_trade_date,0.0,0.0,0.0,0.0,0
510500,ATM全覆盖月度备兑 (ATM 100%),2021-07-30,2021-08-31,0,no_chain_on_trade_date,0.0,0.0,0.0,0.0,0
510500,ATM全覆盖月度备兑 (ATM 100%),2021-08-31,2021-09-30,0,no_chain_on_trade_date,0.0,0.0,0.0,0.0,0
510500,ATM全覆盖月度备兑 (ATM 100%),2021-09-30,2021-10-29,0,no_chain_on_trade_date,0.0,0.0,0.0,0.0,0
510500,ATM全覆盖月度备兑 (ATM 100%),2021-10-29,2021-11-30,0,no_chain_on_trade_date,0.0,0.0,0.0,0.0,0
510500,ATM全覆盖月度备兑 (ATM 100%),2021-11-30,2021-12-31,0,no_chain_on_trade_date,0.0,0.0,0.0,0.0,0
510500,ATM全覆盖月度备兑 (ATM 100%),2021-12-31,2022-01-28,0,no_chain_on_trade_date,0.0,0.0,0.0,0.0,0
510500,ATM全覆盖月度备兑 (ATM 100%),2022-01-28,2022-02-28,0,no_chain_on_trade_date,0.0,0.0,0.0,0.0,0
510500,ATM全覆盖月度备兑 (ATM 100%),2022-02-28,2022-03-31,0,no_chain_on_trade_date,0.0,0.0,0.0,0.0,0
510500,ATM全覆盖月度备兑 (ATM 100%),2022-03-31,2022-04-29,0,no_chain_on_trade_date,0.0,0.0,0.0,0.0,0
510500,ATM全覆盖月度备兑 (ATM 100%),2022-04-29,2022-05-31,0,no_chain_on_trade_date,0.0,0.0,0.0,0.0,0
510500,ATM全覆盖月度备兑 (ATM 100%),2022-05-31,2022-06-30,0,no_chain_on_trade_date,0.0,0.0,0.0,0.0,0
510500,ATM全覆盖月度备兑 (ATM 100%),2022-06-30,2022-07-29,0,no_chain_on_trade_date,0.0,0.0,0.0,0.0,0
510500,ATM全覆盖月度备兑 (ATM 100%),2022-07-29,2022-08-31,0,no_chain_on_trade_date,0.0,0.0,0.0,0.0,0
510500,ATM全覆盖月度备兑 (ATM 100%),2022-08-31,2022-09-30,0,no_chain_on_trade_date,0.0,0.0,0.0,0.0,0
510500,ATM全覆盖月度备兑 (ATM 100%),2022-09-30,2022-10-26,1,selected,0.019061788902503,0.0414843339751444,9.530894451251531e-06,-0.0224320759670926,1
510500,ATM全覆盖月度备兑 (ATM 100%),2022-10-31,2022-11-23,1,selected,0.0320777433780529,0.0651874785001719,1.6038871689026487e-05,-0.0331257739938079,1
510500,ATM全覆盖月度备兑 (ATM 100%),2022-11-30,2022-12-28,1,selected,0.0146499918791619,0.0,7.324995939580965e-06,0.0146426668832223,0
510500,ATM全覆盖月度备兑 (ATM 100%),2022-12-30,2023-01-30,1,selected,0.0096823509427552,0.0506200101919483,4.841175471377612e-06,-0.0409425004246645,1
510500,ATM全覆盖月度备兑 (ATM 100%),2023-01-31,2023-02-22,1,selected,0.0216246231953038,0.0220529906393781,1.0812311597651912e-05,-0.0004391797556719,1
510500,ATM全覆盖月度备兑 (ATM 100%),2023-02-28,2023-03-22,1,selected,0.0263653483992467,0.0048650345260514,1.3182674199623354e-05,0.0214871311989956,1
510500,ATM全覆盖月度备兑 (ATM 100%),2023-03-31,2023-04-26,1,selected,0.0241390155684856,0.0,1.2069507784242804e-05,0.0241269460607013,0
510500,ATM全覆盖月度备兑 (ATM 100%),2023-04-28,2023-05-24,1,selected,0.0166958738250756,0.0,8.347936912537837e-06,0.0166875258881631,0
510500,ATM全覆盖月度备兑 (ATM 100%),2023-05-31,2023-06-28,1,selected,0.0249179251477347,0.0050886408404464,1.2458962573867368e-05,0.0198168253447144,1
510500,ATM全覆盖月度备兑 (ATM 100%),2023-06-30,2023-07-26,1,selected,0.0227727645611156,0.0175553732567678,1.1386382280557836e-05,0.0052060049220672,1
510500,ATM全覆盖月度备兑 (ATM 100%),2023-07-31,2023-08-23,1,selected,0.0110393802453195,0.0,5.519690122659781e-06,0.0110338605551969,0
510500,ATM全覆盖月度备兑 (ATM 100%),2023-08-31,2023-09-27,1,selected,0.028771809784468,0.0058159425248032,1.4385904892234003e-05,0.0229414813547725,1
510500,ATM全覆盖月度备兑 (ATM 100%),2023-09-28,2023-10-25,1,selected,0.0200621546961325,0.0,1.00310773480663e-05,0.0200521236187845,0
510500,ATM全覆盖月度备兑 (ATM 100%),2023-10-31,2023-11-22,1,selected,0.0050293229074106,0.0,2.5146614537053494e-06,0.0050268082459569,0
510500,ATM全覆盖月度备兑 (ATM 100%),2023-11-30,2023-12-27,1,selected,0.005960617349654,0.0,2.980308674827036e-06,0.0059576370409792,0
510500,ATM全覆盖月度备兑 (ATM 100%),2023-12-29,2024-01-24,1,selected,0.0175212900887841,0.0,8.760645044392099e-06,0.0175125294437398,0
510500,ATM全覆盖月度备兑 (ATM 100%),2024-01-31,2024-02-28,1,selected,0.0259042441982019,0.0959648756010872,1.2952122099100982e-05,-0.0700735835249844,1
510500,ATM全覆盖月度备兑 (ATM 100%),2024-02-29,2024-03-27,1,selected,0.0251519057263855,0.0,1.2575952863192784e-05,0.0251393297735223,0
510500,ATM全覆盖月度备兑 (ATM 100%),2024-03-29,2024-04-24,1,selected,0.0357475330478495,0.0184323217277974,1.787376652392478e-05,0.0172973375535281,1
510500,ATM全覆盖月度备兑 (ATM 100%),2024-04-30,2024-05-22,1,selected,0.022192078133478,0.0117561946102368,1.1096039066739014e-05,0.0104247874841744,1
510500,ATM全覆盖月度备兑 (ATM 100%),2024-05-31,2024-06-26,1,selected,0.011846298031865,0.0,5.923149015932522e-06,0.0118403748828491,0
510500,ATM全覆盖月度备兑 (ATM 100%),2024-06-28,2024-07-24,1,selected,0.0185748598879103,0.0,9.287429943955164e-06,0.0185655724579663,0
510500,ATM全覆盖月度备兑 (ATM 100%),2024-07-31,2024-08-28,1,selected,0.0171055276381909,0.0,8.552763819095477e-06,0.0170969748743718,0
510500,ATM全覆盖月度备兑 (ATM 100%),2024-08-30,2024-09-25,1,selected,0.0181876061120543,0.0239813242784379,9.093803056027164e-06,-0.0058028119694396,1
510500,ATM全覆盖月度备兑 (ATM 100%),2024-09-30,2024-10-23,1,selected,0.0598331943286071,0.0,2.9916597164303588e-05,0.0598032777314428,0
510500,ATM全覆盖月度备兑 (ATM 100%),2024-10-31,2024-11-27,1,selected,0.0341666666666666,0.0,1.7083333333333333e-05,0.0341495833333333,0
510500,ATM全覆盖月度备兑 (ATM 100%),2024-11-29,2024-12-25,1,selected,0.0271029609690444,0.0043741588156124,1.3551480484522208e-05,0.0227152506729473,1
510500,ATM全覆盖月度备兑 (ATM 100%),2024-12-31,2025-01-22,1,selected,0.0099122354155911,0.0,4.95611770779556e-06,0.0099072792978833,0
510500,ATM全覆盖月度备兑 (ATM 100%),2025-01-27,2025-02-26,1,selected,0.0188898836168307,0.0694717994628469,9.4449418084154e-06,-0.0505913607878245,1
510500,ATM全覆盖月度备兑 (ATM 100%),2025-02-28,2025-03-26,1,selected,0.0165161070393727,0.0064769047213226,8.258053519686382e-06,0.0100309442645303,1
510500,ATM全覆盖月度备兑 (ATM 100%),2025-03-31,2025-04-23,1,selected,0.0240177656303382,0.0,1.2008882815169116e-05,0.024005756747523,0
510500,ATM全覆盖月度备兑 (ATM 100%),2025-04-30,2025-05-28,1,selected,0.0102026306434411,0.0,5.101315321720583e-06,0.0101975293281194,0
510500,ATM全覆盖月度备兑 (ATM 100%),2025-05-30,2025-06-25,1,selected,0.0172637864418686,0.0449596066034422,8.631893220934318e-06,-0.0277044520547945,1
510500,ATM全覆盖月度备兑 (ATM 100%),2025-06-30,2025-07-23,1,selected,0.0103974509475096,0.045279221868187,5.198725473754822e-06,-0.0348869696461511,1
510500,ATM全覆盖月度备兑 (ATM 100%),2025-07-31,2025-08-27,1,selected,0.0188820073050659,0.1116404637128792,9.441003652532952e-06,-0.0927678974114658,1
510500,ATM全覆盖月度备兑 (ATM 100%),2025-08-29,2025-09-24,1,selected,0.0193250245063716,0.025486626522896,9.66251225318583e-06,-0.0061712645287775,1
510500,ATM全覆盖月度备兑 (ATM 100%),2025-09-30,2025-10-22,1,selected,0.0187524936826705,0.0,9.376246841335285e-06,0.0187431174358292,0
510500,ATM全覆盖月度备兑 (ATM 100%),2025-10-31,2025-11-26,1,selected,0.0156670252824099,0.0,7.833512641204949e-06,0.0156591917697686,0
510500,ATM全覆盖月度备兑 (ATM 100%),2025-11-28,2025-12-24,1,selected,0.0092361597757533,0.0308339173090399,4.618079887876665e-06,-0.0216023756131744,1
510500,ATM全覆盖月度备兑 (ATM 100%),2025-12-31,2026-01-28,1,selected,0.0108724301528729,0.1316552451238798,5.436215076436478e-06,-0.1207882511860833,1
510500,ATM全覆盖月度备兑 (ATM 100%),2026-01-30,2026-02-25,1,selected,0.0251895734597156,0.0195497630331754,1.259478672985782e-05,0.0056272156398103,1
510500,ATM全覆盖月度备兑 (ATM 100%),2026-02-27,2026-03-25,1,selected,0.0204189080920224,0.0,1.0209454046011216e-05,0.0204086986379764,0
510500,ATM全覆盖月度备兑 (ATM 100%),2026-03-31,2026-04-22,1,selected,0.0204998047637641,0.0917610308473252,1.0249902381882076e-05,-0.071271475985943,1
510500,ATM全覆盖月度备兑 (ATM 100%),2026-04-30,2026-05-27,1,selected,0.0176156583629893,0.0135231316725979,8.807829181494663e-06,0.0040837188612098,1
510500,ATM全覆盖月度备兑 (ATM 100%),2026-05-29,2026-06-03,1,selected,0.0234395357100556,0.0021319436219354,1.1719767855027833e-05,0.0212958723202652,1
510500,虚值5%全覆盖月度备兑 (OTM5 100%),2021-01-29,2021-02-26,0,no_chain_on_trade_date,0.0,0.0,0.0,0.0,0
510500,虚值5%全覆盖月度备兑 (OTM5 100%),2021-02-26,2021-03-31,0,no_chain_on_trade_date,0.0,0.0,0.0,0.0,0
510500,虚值5%全覆盖月度备兑 (OTM5 100%),2021-03-31,2021-04-30,0,no_chain_on_trade_date,0.0,0.0,0.0,0.0,0
510500,虚值5%全覆盖月度备兑 (OTM5 100%),2021-04-30,2021-05-31,0,no_chain_on_trade_date,0.0,0.0,0.0,0.0,0
510500,虚值5%全覆盖月度备兑 (OTM5 100%),2021-05-31,2021-06-30,0,no_chain_on_trade_date,0.0,0.0,0.0,0.0,0
510500,虚值5%全覆盖月度备兑 (OTM5 100%),2021-06-30,2021-07-30,0,no_chain_on_trade_date,0.0,0.0,0.0,0.0,0
510500,虚值5%全覆盖月度备兑 (OTM5 100%),2021-07-30,2021-08-31,0,no_chain_on_trade_date,0.0,0.0,0.0,0.0,0
510500,虚值5%全覆盖月度备兑 (OTM5 100%),2021-08-31,2021-09-30,0,no_chain_on_trade_date,0.0,0.0,0.0,0.0,0
510500,虚值5%全覆盖月度备兑 (OTM5 100%),2021-09-30,2021-10-29,0,no_chain_on_trade_date,0.0,0.0,0.0,0.0,0
510500,虚值5%全覆盖月度备兑 (OTM5 100%),2021-10-29,2021-11-30,0,no_chain_on_trade_date,0.0,0.0,0.0,0.0,0
510500,虚值5%全覆盖月度备兑 (OTM5 100%),2021-11-30,2021-12-31,0,no_chain_on_trade_date,0.0,0.0,0.0,0.0,0
510500,虚值5%全覆盖月度备兑 (OTM5 100%),2021-12-31,2022-01-28,0,no_chain_on_trade_date,0.0,0.0,0.0,0.0,0
510500,虚值5%全覆盖月度备兑 (OTM5 100%),2022-01-28,2022-02-28,0,no_chain_on_trade_date,0.0,0.0,0.0,0.0,0
510500,虚值5%全覆盖月度备兑 (OTM5 100%),2022-02-28,2022-03-31,0,no_chain_on_trade_date,0.0,0.0,0.0,0.0,0
510500,虚值5%全覆盖月度备兑 (OTM5 100%),2022-03-31,2022-04-29,0,no_chain_on_trade_date,0.0,0.0,0.0,0.0,0
510500,虚值5%全覆盖月度备兑 (OTM5 100%),2022-04-29,2022-05-31,0,no_chain_on_trade_date,0.0,0.0,0.0,0.0,0
510500,虚值5%全覆盖月度备兑 (OTM5 100%),2022-05-31,2022-06-30,0,no_chain_on_trade_date,0.0,0.0,0.0,0.0,0
510500,虚值5%全覆盖月度备兑 (OTM5 100%),2022-06-30,2022-07-29,0,no_chain_on_trade_date,0.0,0.0,0.0,0.0,0
510500,虚值5%全覆盖月度备兑 (OTM5 100%),2022-07-29,2022-08-31,0,no_chain_on_trade_date,0.0,0.0,0.0,0.0,0
510500,虚值5%全覆盖月度备兑 (OTM5 100%),2022-08-31,2022-09-30,0,no_chain_on_trade_date,0.0,0.0,0.0,0.0,0
510500,虚值5%全覆盖月度备兑 (OTM5 100%),2022-09-30,2022-10-26,1,selected,0.0050061263784351,0.0,2.503063189217574e-06,0.0050036233152459,0
510500,虚值5%全覆盖月度备兑 (OTM5 100%),2022-10-31,2022-11-23,1,selected,0.0123839009287925,0.0221878224974199,6.191950464396285e-06,-0.0098101135190917,1
510500,虚值5%全覆盖月度备兑 (OTM5 100%),2022-11-30,2022-12-28,1,selected,0.0043202858535,0.0,2.1601429267500404e-06,0.0043181257105733,0
510500,虚值5%全覆盖月度备兑 (OTM5 100%),2022-12-30,2023-01-30,1,selected,0.0019534567691523,0.0081535586886359,9.767283845761848e-07,-0.0062010786478681,1
510500,虚值5%全覆盖月度备兑 (OTM5 100%),2023-01-31,2023-02-22,1,selected,0.0055529113120736,0.0,2.7764556560368083e-06,0.0055501348564175,0
510500,虚值5%全覆盖月度备兑 (OTM5 100%),2023-02-28,2023-03-22,1,selected,0.0012084118016321,0.0,6.042059008160704e-07,0.0012078075957313,0
510500,虚值5%全覆盖月度备兑 (OTM5 100%),2023-03-31,2023-04-26,1,selected,0.0007548356659852,0.0,3.774178329926089e-07,0.0007544582481522,0
510500,虚值5%全覆盖月度备兑 (OTM5 100%),2023-04-28,2023-05-24,1,selected,0.0027242313206945,0.0,1.3621156603473e-06,0.0027228692050342,0
510500,虚值5%全覆盖月度备兑 (OTM5 100%),2023-05-31,2023-06-28,1,selected,0.0007386736703873,0.0,3.693368351936967e-07,0.0007383043335521,0
510500,虚值5%全覆盖月度备兑 (OTM5 100%),2023-06-30,2023-07-26,1,selected,0.0006234618539786,0.0,3.117309269893355e-07,0.0006231501230516,0
510500,虚值5%全覆盖月度备兑 (OTM5 100%),2023-07-31,2023-08-23,1,selected,0.0023886378308586,0.0,1.1943189154293094e-06,0.0023874435119431,0
510500,虚值5%全覆盖月度备兑 (OTM5 100%),2023-08-31,2023-09-27,1,selected,0.0020526855969893,0.0,1.0263427984946972e-06,0.0020516592541908,0
510500,虚值5%全覆盖月度备兑 (OTM5 100%),2023-09-28,2023-10-25,1,selected,0.0046443370165745,0.0,2.322168508287293e-06,0.0046420148480662,0
510500,虚值5%全覆盖月度备兑 (OTM5 100%),2023-10-31,2023-11-22,1,selected,0.0008708014928025,0.0,4.3540074640127953e-07,0.0008703660920561,0
510500,虚值5%全覆盖月度备兑 (OTM5 100%),2023-11-30,2023-12-27,1,selected,0.0008869966294128,0.0,4.434983147064042e-07,0.0008865531310981,0
510500,虚值5%全覆盖月度备兑 (OTM5 100%),2023-12-29,2024-01-24,1,selected,0.003406414205472,0.0,1.7032071027360028e-06,0.0034047109983692,0
510500,虚值5%全覆盖月度备兑 (OTM5 100%),2024-01-31,2024-02-28,1,selected,0.0104327827723186,0.0541501149905917,5.216391386159314e-06,-0.0437225486096592,1
510500,虚值5%全覆盖月度备兑 (OTM5 100%),2024-02-29,2024-03-27,1,selected,0.0109187994844411,0.0,5.459399742220585e-06,0.0109133400846989,0
510500,虚值5%全覆盖月度备兑 (OTM5 100%),2024-03-29,2024-04-24,1,selected,0.0030534351145038,0.0,1.5267175572519084e-06,0.0030519083969465,0
510500,虚值5%全覆盖月度备兑 (OTM5 100%),2024-04-30,2024-05-22,1,selected,0.0014107433532284,0.0,7.05371676614216e-07,0.0014100379815518,0
510500,虚值5%全覆盖月度备兑 (OTM5 100%),2024-05-31,2024-06-26,1,selected,0.0024554826616682,0.0,1.2277413308341143e-06,0.0024542549203373,0
510500,虚值5%全覆盖月度备兑 (OTM5 100%),2024-06-28,2024-07-24,1,selected,0.0042233787029623,0.0,2.111689351481185e-06,0.0042212670136108,0
510500,虚值5%全覆盖月度备兑 (OTM5 100%),2024-07-31,2024-08-28,1,selected,0.0046231155778894,0.0,2.311557788944724e-06,0.0046208040201005,0
510500,虚值5%全覆盖月度备兑 (OTM5 100%),2024-08-30,2024-09-25,1,selected,0.0040959252971137,0.0,2.0479626485568765e-06,0.0040938773344651,0
510500,虚值5%全覆盖月度备兑 (OTM5 100%),2024-09-30,2024-10-23,1,selected,0.0446705587989991,0.0,2.233527939949958e-05,0.0446482235195996,0
510500,虚值5%全覆盖月度备兑 (OTM5 100%),2024-10-31,2024-11-27,1,selected,0.0202833333333333,0.0,1.0141666666666666e-05,0.0202731916666666,0
510500,虚值5%全覆盖月度备兑 (OTM5 100%),2024-11-29,2024-12-25,1,selected,0.0085800807537012,0.0,4.290040376850605e-06,0.0085757907133243,0
510500,虚值5%全覆盖月度备兑 (OTM5 100%),2024-12-31,2025-01-22,1,selected,0.0036138358286009,0.0,1.8069179143004648e-06,0.0036120289106866,0
510500,虚值5%全覆盖月度备兑 (OTM5 100%),2025-01-27,2025-02-26,1,selected,0.0075738585496866,0.0254252461951656,3.7869292748433295e-06,-0.0178551745747538,1
510500,虚值5%全覆盖月度备兑 (OTM5 100%),2025-02-28,2025-03-26,1,selected,0.0062553264019089,0.0,3.1276632009544914e-06,0.006252198738708,0
510500,虚值5%全覆盖月度备兑 (OTM5 100%),2025-03-31,2025-04-23,1,selected,0.0022890331397335,0.0,1.144516569866758e-06,0.0022878886231636,0
510500,虚值5%全覆盖月度备兑 (OTM5 100%),2025-04-30,2025-05-28,1,selected,0.0033060789193032,0.0,1.6530394596516171e-06,0.0033044258798435,0
510500,虚值5%全覆盖月度备兑 (OTM5 100%),2025-05-30,2025-06-25,1,selected,0.002283105022831,0.0,1.1415525114155251e-06,0.0022819634703196,0
510500,虚值5%全覆盖月度备兑 (OTM5 100%),2025-06-30,2025-07-23,1,selected,0.0030689250377326,0.0033540164346804,1.5344625188663424e-06,-0.0002866258594666,1
510500,虚值5%全覆盖月度备兑 (OTM5 100%),2025-07-31,2025-08-27,1,selected,0.0063522312212164,0.0719390185802763,3.1761156106082265e-06,-0.0655899634746705,1
510500,虚值5%全覆盖月度备兑 (OTM5 100%),2025-08-29,2025-09-24,1,selected,0.0112029127573169,0.0,5.601456378658452e-06,0.0111973113009382,0
510500,虚值5%全覆盖月度备兑 (OTM5 100%),2025-09-30,2025-10-22,1,selected,0.0032983109456044,0.0,1.6491554728022345e-06,0.0032966617901316,0
510500,虚值5%全覆盖月度备兑 (OTM5 100%),2025-10-31,2025-11-26,1,selected,0.0061861215707369,0.0,3.0930607853684776e-06,0.0061830285099515,0
510500,虚值5%全覆盖月度备兑 (OTM5 100%),2025-11-28,2025-12-24,1,selected,0.002676944639103,0.0,1.3384723195515068e-06,0.0026756061667834,0
510500,虚值5%全覆盖月度备兑 (OTM5 100%),2025-12-31,2026-01-28,1,selected,0.0040853979968371,0.0989720611491829,2.042698998418556e-06,-0.0948887058513442,1
510500,虚值5%全覆盖月度备兑 (OTM5 100%),2026-01-30,2026-02-25,1,selected,0.0077843601895734,0.0,3.89218009478673e-06,0.0077804680094786,0
510500,虚值5%全覆盖月度备兑 (OTM5 100%),2026-02-27,2026-03-25,1,selected,0.0055282133455419,0.0,2.764106672770974e-06,0.0055254492388691,0
510500,虚值5%全覆盖月度备兑 (OTM5 100%),2026-03-31,2026-04-22,1,selected,0.0088637251073799,0.0592216582064297,4.431862553689965e-06,-0.0503623649616035,1
510500,虚值5%全覆盖月度备兑 (OTM5 100%),2026-04-30,2026-05-27,1,selected,0.0080782918149466,0.0,4.03914590747331e-06,0.0080742526690391,0
510500,虚值5%全覆盖月度备兑 (OTM5 100%),2026-05-29,2026-06-03,1,selected,0.0066800900153973,0.0,3.3400450076986854e-06,0.0066767499703896,0
510500,IV择时ATM月度备兑 (IV Timing ATM),2021-01-29,2021-02-26,0,data_invalid_skip,0.0,0.0,0.0,0.0,0
510500,IV择时ATM月度备兑 (IV Timing ATM),2021-02-26,2021-03-31,0,data_invalid_skip,0.0,0.0,0.0,0.0,0
510500,IV择时ATM月度备兑 (IV Timing ATM),2021-03-31,2021-04-30,0,data_invalid_skip,0.0,0.0,0.0,0.0,0
510500,IV择时ATM月度备兑 (IV Timing ATM),2021-04-30,2021-05-31,0,data_invalid_skip,0.0,0.0,0.0,0.0,0
510500,IV择时ATM月度备兑 (IV Timing ATM),2021-05-31,2021-06-30,0,data_invalid_skip,0.0,0.0,0.0,0.0,0
510500,IV择时ATM月度备兑 (IV Timing ATM),2021-06-30,2021-07-30,0,data_invalid_skip,0.0,0.0,0.0,0.0,0
510500,IV择时ATM月度备兑 (IV Timing ATM),2021-07-30,2021-08-31,0,data_invalid_skip,0.0,0.0,0.0,0.0,0
510500,IV择时ATM月度备兑 (IV Timing ATM),2021-08-31,2021-09-30,0,data_invalid_skip,0.0,0.0,0.0,0.0,0
510500,IV择时ATM月度备兑 (IV Timing ATM),2021-09-30,2021-10-29,0,data_invalid_skip,0.0,0.0,0.0,0.0,0
510500,IV择时ATM月度备兑 (IV Timing ATM),2021-10-29,2021-11-30,0,data_invalid_skip,0.0,0.0,0.0,0.0,0
510500,IV择时ATM月度备兑 (IV Timing ATM),2021-11-30,2021-12-31,0,data_invalid_skip,0.0,0.0,0.0,0.0,0
510500,IV择时ATM月度备兑 (IV Timing ATM),2021-12-31,2022-01-28,0,data_invalid_skip,0.0,0.0,0.0,0.0,0
510500,IV择时ATM月度备兑 (IV Timing ATM),2022-01-28,2022-02-28,0,data_invalid_skip,0.0,0.0,0.0,0.0,0
510500,IV择时ATM月度备兑 (IV Timing ATM),2022-02-28,2022-03-31,0,data_invalid_skip,0.0,0.0,0.0,0.0,0
510500,IV择时ATM月度备兑 (IV Timing ATM),2022-03-31,2022-04-29,0,data_invalid_skip,0.0,0.0,0.0,0.0,0
510500,IV择时ATM月度备兑 (IV Timing ATM),2022-04-29,2022-05-31,0,data_invalid_skip,0.0,0.0,0.0,0.0,0
510500,IV择时ATM月度备兑 (IV Timing ATM),2022-05-31,2022-06-30,0,data_invalid_skip,0.0,0.0,0.0,0.0,0
510500,IV择时ATM月度备兑 (IV Timing ATM),2022-06-30,2022-07-29,0,data_invalid_skip,0.0,0.0,0.0,0.0,0
510500,IV择时ATM月度备兑 (IV Timing ATM),2022-07-29,2022-08-31,0,data_invalid_skip,0.0,0.0,0.0,0.0,0
510500,IV择时ATM月度备兑 (IV Timing ATM),2022-08-31,2022-09-30,0,data_invalid_skip,0.0,0.0,0.0,0.0,0
510500,IV择时ATM月度备兑 (IV Timing ATM),2022-09-30,2022-10-31,0,warmup_invalid_skip,0.0,0.0,0.0,0.0,0
510500,IV择时ATM月度备兑 (IV Timing ATM),2022-10-31,2022-11-30,0,warmup_invalid_skip,0.0,0.0,0.0,0.0,0
510500,IV择时ATM月度备兑 (IV Timing ATM),2022-11-30,2022-12-30,0,warmup_invalid_skip,0.0,0.0,0.0,0.0,0
510500,IV择时ATM月度备兑 (IV Timing ATM),2022-12-30,2023-01-31,0,warmup_invalid_skip,0.0,0.0,0.0,0.0,0
510500,IV择时ATM月度备兑 (IV Timing ATM),2023-01-31,2023-02-28,0,warmup_invalid_skip,0.0,0.0,0.0,0.0,0
510500,IV择时ATM月度备兑 (IV Timing ATM),2023-02-28,2023-03-31,0,warmup_invalid_skip,0.0,0.0,0.0,0.0,0
510500,IV择时ATM月度备兑 (IV Timing ATM),2023-03-31,2023-04-28,0,warmup_invalid_skip,0.0,0.0,0.0,0.0,0
510500,IV择时ATM月度备兑 (IV Timing ATM),2023-04-28,2023-05-31,0,warmup_invalid_skip,0.0,0.0,0.0,0.0,0
510500,IV择时ATM月度备兑 (IV Timing ATM),2023-05-31,2023-06-30,0,warmup_invalid_skip,0.0,0.0,0.0,0.0,0
510500,IV择时ATM月度备兑 (IV Timing ATM),2023-06-30,2023-07-31,0,warmup_invalid_skip,0.0,0.0,0.0,0.0,0
510500,IV择时ATM月度备兑 (IV Timing ATM),2023-07-31,2023-08-31,0,warmup_invalid_skip,0.0,0.0,0.0,0.0,0
510500,IV择时ATM月度备兑 (IV Timing ATM),2023-08-31,2023-09-28,0,warmup_invalid_skip,0.0,0.0,0.0,0.0,0
510500,IV择时ATM月度备兑 (IV Timing ATM),2023-09-28,2023-10-31,0,warmup_invalid_skip,0.0,0.0,0.0,0.0,0
510500,IV择时ATM月度备兑 (IV Timing ATM),2023-10-31,2023-11-30,0,warmup_invalid_skip,0.0,0.0,0.0,0.0,0
510500,IV择时ATM月度备兑 (IV Timing ATM),2023-11-30,2023-12-29,0,warmup_invalid_skip,0.0,0.0,0.0,0.0,0
510500,IV择时ATM月度备兑 (IV Timing ATM),2023-12-29,2024-01-24,1,selected,0.008760645044392,0.0,4.3803225221960496e-06,0.0087562647218699,0
510500,IV择时ATM月度备兑 (IV Timing ATM),2024-01-31,2024-02-28,1,selected,0.0259042441982019,0.0959648756010872,1.2952122099100982e-05,-0.0700735835249844,1
510500,IV择时ATM月度备兑 (IV Timing ATM),2024-02-29,2024-03-27,1,selected,0.0251519057263855,0.0,1.2575952863192784e-05,0.0251393297735223,0
510500,IV择时ATM月度备兑 (IV Timing ATM),2024-03-29,2024-04-24,1,selected,0.0357475330478495,0.0184323217277974,1.787376652392478e-05,0.0172973375535281,1
510500,IV择时ATM月度备兑 (IV Timing ATM),2024-04-30,2024-05-22,1,selected,0.011096039066739,0.0058780973051184,5.548019533369507e-06,0.0052123937420872,1
510500,IV择时ATM月度备兑 (IV Timing ATM),2024-05-31,2024-06-26,1,selected,0.0059231490159325,0.0,2.961574507966261e-06,0.0059201874414245,0
510500,IV择时ATM月度备兑 (IV Timing ATM),2024-06-28,2024-07-24,1,selected,0.0185748598879103,0.0,9.287429943955164e-06,0.0185655724579663,0
510500,IV择时ATM月度备兑 (IV Timing ATM),2024-07-31,2024-08-28,1,selected,0.0085527638190954,0.0,4.276381909547739e-06,0.0085484874371859,0
510500,IV择时ATM月度备兑 (IV Timing ATM),2024-08-30,2024-09-25,1,selected,0.0090938030560271,0.0119906621392189,4.546901528013582e-06,-0.0029014059847198,1
510500,IV择时ATM月度备兑 (IV Timing ATM),2024-09-30,2024-10-23,1,selected,0.0598331943286071,0.0,2.9916597164303588e-05,0.0598032777314428,0
510500,IV择时ATM月度备兑 (IV Timing ATM),2024-10-31,2024-11-27,1,selected,0.0341666666666666,0.0,1.7083333333333333e-05,0.0341495833333333,0
510500,IV择时ATM月度备兑 (IV Timing ATM),2024-11-29,2024-12-25,1,selected,0.0271029609690444,0.0043741588156124,1.3551480484522208e-05,0.0227152506729473,1
510500,IV择时ATM月度备兑 (IV Timing ATM),2024-12-31,2025-01-22,1,selected,0.0099122354155911,0.0,4.95611770779556e-06,0.0099072792978833,0
510500,IV择时ATM月度备兑 (IV Timing ATM),2025-01-27,2025-02-26,1,selected,0.0094449418084153,0.0347358997314234,4.7224709042077e-06,-0.0252956803939122,1
510500,IV择时ATM月度备兑 (IV Timing ATM),2025-02-28,2025-03-26,1,selected,0.0082580535196863,0.0032384523606613,4.129026759843191e-06,0.0050154721322651,1
510500,IV择时ATM月度备兑 (IV Timing ATM),2025-03-31,2025-04-30,0,low_iv_skip,0.0,0.0,0.0,0.0,0
510500,IV择时ATM月度备兑 (IV Timing ATM),2025-04-30,2025-05-28,1,selected,0.0051013153217205,0.0,2.5506576608602917e-06,0.0050987646640597,0
510500,IV择时ATM月度备兑 (IV Timing ATM),2025-05-30,2025-06-30,0,low_iv_skip,0.0,0.0,0.0,0.0,0
510500,IV择时ATM月度备兑 (IV Timing ATM),2025-06-30,2025-07-31,0,low_iv_skip,0.0,0.0,0.0,0.0,0
510500,IV择时ATM月度备兑 (IV Timing ATM),2025-07-31,2025-08-29,0,low_iv_skip,0.0,0.0,0.0,0.0,0
510500,IV择时ATM月度备兑 (IV Timing ATM),2025-08-29,2025-09-24,1,selected,0.0193250245063716,0.025486626522896,9.66251225318583e-06,-0.0061712645287775,1
510500,IV择时ATM月度备兑 (IV Timing ATM),2025-09-30,2025-10-22,1,selected,0.0093762468413352,0.0,4.688123420667641e-06,0.0093715587179146,0
510500,IV择时ATM月度备兑 (IV Timing ATM),2025-10-31,2025-11-26,1,selected,0.0078335126412049,0.0,3.9167563206024745e-06,0.0078295958848843,0
510500,IV择时ATM月度备兑 (IV Timing ATM),2025-11-28,2025-12-31,0,low_iv_skip,0.0,0.0,0.0,0.0,0
510500,IV择时ATM月度备兑 (IV Timing ATM),2025-12-31,2026-01-28,1,selected,0.0054362150764364,0.0658276225619399,2.718107538218239e-06,-0.0603941255930416,1
510500,IV择时ATM月度备兑 (IV Timing ATM),2026-01-30,2026-02-25,1,selected,0.0251895734597156,0.0195497630331754,1.259478672985782e-05,0.0056272156398103,1
510500,IV择时ATM月度备兑 (IV Timing ATM),2026-02-27,2026-03-25,1,selected,0.0102094540460112,0.0,5.104727023005608e-06,0.0102043493189882,0
510500,IV择时ATM月度备兑 (IV Timing ATM),2026-03-31,2026-04-22,1,selected,0.0204998047637641,0.0917610308473252,1.0249902381882076e-05,-0.071271475985943,1
510500,IV择时ATM月度备兑 (IV Timing ATM),2026-04-30,2026-05-27,1,selected,0.0088078291814946,0.0067615658362989,4.403914590747331e-06,0.0020418594306049,1
510500,IV择时ATM月度备兑 (IV Timing ATM),2026-05-29,2026-06-03,1,selected,0.0234395357100556,0.0021319436219354,1.1719767855027833e-05,0.0212958723202652,1
510500,IV择时OTM5月度备兑 (IV Timing OTM5),2021-01-29,2021-02-26,0,data_invalid_skip,0.0,0.0,0.0,0.0,0
510500,IV择时OTM5月度备兑 (IV Timing OTM5),2021-02-26,2021-03-31,0,data_invalid_skip,0.0,0.0,0.0,0.0,0
510500,IV择时OTM5月度备兑 (IV Timing OTM5),2021-03-31,2021-04-30,0,data_invalid_skip,0.0,0.0,0.0,0.0,0
510500,IV择时OTM5月度备兑 (IV Timing OTM5),2021-04-30,2021-05-31,0,data_invalid_skip,0.0,0.0,0.0,0.0,0
510500,IV择时OTM5月度备兑 (IV Timing OTM5),2021-05-31,2021-06-30,0,data_invalid_skip,0.0,0.0,0.0,0.0,0
510500,IV择时OTM5月度备兑 (IV Timing OTM5),2021-06-30,2021-07-30,0,data_invalid_skip,0.0,0.0,0.0,0.0,0
510500,IV择时OTM5月度备兑 (IV Timing OTM5),2021-07-30,2021-08-31,0,data_invalid_skip,0.0,0.0,0.0,0.0,0
510500,IV择时OTM5月度备兑 (IV Timing OTM5),2021-08-31,2021-09-30,0,data_invalid_skip,0.0,0.0,0.0,0.0,0
510500,IV择时OTM5月度备兑 (IV Timing OTM5),2021-09-30,2021-10-29,0,data_invalid_skip,0.0,0.0,0.0,0.0,0
510500,IV择时OTM5月度备兑 (IV Timing OTM5),2021-10-29,2021-11-30,0,data_invalid_skip,0.0,0.0,0.0,0.0,0
510500,IV择时OTM5月度备兑 (IV Timing OTM5),2021-11-30,2021-12-31,0,data_invalid_skip,0.0,0.0,0.0,0.0,0
510500,IV择时OTM5月度备兑 (IV Timing OTM5),2021-12-31,2022-01-28,0,data_invalid_skip,0.0,0.0,0.0,0.0,0
510500,IV择时OTM5月度备兑 (IV Timing OTM5),2022-01-28,2022-02-28,0,data_invalid_skip,0.0,0.0,0.0,0.0,0
510500,IV择时OTM5月度备兑 (IV Timing OTM5),2022-02-28,2022-03-31,0,data_invalid_skip,0.0,0.0,0.0,0.0,0
510500,IV择时OTM5月度备兑 (IV Timing OTM5),2022-03-31,2022-04-29,0,data_invalid_skip,0.0,0.0,0.0,0.0,0
510500,IV择时OTM5月度备兑 (IV Timing OTM5),2022-04-29,2022-05-31,0,data_invalid_skip,0.0,0.0,0.0,0.0,0
510500,IV择时OTM5月度备兑 (IV Timing OTM5),2022-05-31,2022-06-30,0,data_invalid_skip,0.0,0.0,0.0,0.0,0
510500,IV择时OTM5月度备兑 (IV Timing OTM5),2022-06-30,2022-07-29,0,data_invalid_skip,0.0,0.0,0.0,0.0,0
510500,IV择时OTM5月度备兑 (IV Timing OTM5),2022-07-29,2022-08-31,0,data_invalid_skip,0.0,0.0,0.0,0.0,0
510500,IV择时OTM5月度备兑 (IV Timing OTM5),2022-08-31,2022-09-30,0,data_invalid_skip,0.0,0.0,0.0,0.0,0
510500,IV择时OTM5月度备兑 (IV Timing OTM5),2022-09-30,2022-10-31,0,warmup_invalid_skip,0.0,0.0,0.0,0.0,0
510500,IV择时OTM5月度备兑 (IV Timing OTM5),2022-10-31,2022-11-30,0,warmup_invalid_skip,0.0,0.0,0.0,0.0,0
510500,IV择时OTM5月度备兑 (IV Timing OTM5),2022-11-30,2022-12-30,0,warmup_invalid_skip,0.0,0.0,0.0,0.0,0
510500,IV择时OTM5月度备兑 (IV Timing OTM5),2022-12-30,2023-01-31,0,warmup_invalid_skip,0.0,0.0,0.0,0.0,0
510500,IV择时OTM5月度备兑 (IV Timing OTM5),2023-01-31,2023-02-28,0,warmup_invalid_skip,0.0,0.0,0.0,0.0,0
510500,IV择时OTM5月度备兑 (IV Timing OTM5),2023-02-28,2023-03-31,0,warmup_invalid_skip,0.0,0.0,0.0,0.0,0
510500,IV择时OTM5月度备兑 (IV Timing OTM5),2023-03-31,2023-04-28,0,warmup_invalid_skip,0.0,0.0,0.0,0.0,0
510500,IV择时OTM5月度备兑 (IV Timing OTM5),2023-04-28,2023-05-31,0,warmup_invalid_skip,0.0,0.0,0.0,0.0,0
510500,IV择时OTM5月度备兑 (IV Timing OTM5),2023-05-31,2023-06-30,0,warmup_invalid_skip,0.0,0.0,0.0,0.0,0
510500,IV择时OTM5月度备兑 (IV Timing OTM5),2023-06-30,2023-07-31,0,warmup_invalid_skip,0.0,0.0,0.0,0.0,0
510500,IV择时OTM5月度备兑 (IV Timing OTM5),2023-07-31,2023-08-31,0,warmup_invalid_skip,0.0,0.0,0.0,0.0,0
510500,IV择时OTM5月度备兑 (IV Timing OTM5),2023-08-31,2023-09-28,0,warmup_invalid_skip,0.0,0.0,0.0,0.0,0
510500,IV择时OTM5月度备兑 (IV Timing OTM5),2023-09-28,2023-10-31,0,warmup_invalid_skip,0.0,0.0,0.0,0.0,0
510500,IV择时OTM5月度备兑 (IV Timing OTM5),2023-10-31,2023-11-30,0,warmup_invalid_skip,0.0,0.0,0.0,0.0,0
510500,IV择时OTM5月度备兑 (IV Timing OTM5),2023-11-30,2023-12-29,0,warmup_invalid_skip,0.0,0.0,0.0,0.0,0
510500,IV择时OTM5月度备兑 (IV Timing OTM5),2023-12-29,2024-01-24,1,selected,0.001703207102736,0.0,8.516035513680014e-07,0.0017023554991846,0
510500,IV择时OTM5月度备兑 (IV Timing OTM5),2024-01-31,2024-02-28,1,selected,0.0104327827723186,0.0541501149905917,5.216391386159314e-06,-0.0437225486096592,1
510500,IV择时OTM5月度备兑 (IV Timing OTM5),2024-02-29,2024-03-27,1,selected,0.0109187994844411,0.0,5.459399742220585e-06,0.0109133400846989,0
510500,IV择时OTM5月度备兑 (IV Timing OTM5),2024-03-29,2024-04-24,1,selected,0.0030534351145038,0.0,1.5267175572519084e-06,0.0030519083969465,0
510500,IV择时OTM5月度备兑 (IV Timing OTM5),2024-04-30,2024-05-22,1,selected,0.0007053716766142,0.0,3.52685838307108e-07,0.0007050189907759,0
510500,IV择时OTM5月度备兑 (IV Timing OTM5),2024-05-31,2024-06-26,1,selected,0.0012277413308341,0.0,6.138706654170573e-07,0.0012271274601686,0
510500,IV择时OTM5月度备兑 (IV Timing OTM5),2024-06-28,2024-07-24,1,selected,0.0042233787029623,0.0,2.111689351481185e-06,0.0042212670136108,0
510500,IV择时OTM5月度备兑 (IV Timing OTM5),2024-07-31,2024-08-28,1,selected,0.0023115577889447,0.0,1.1557788944723618e-06,0.0023104020100502,0
510500,IV择时OTM5月度备兑 (IV Timing OTM5),2024-08-30,2024-09-25,1,selected,0.0020479626485568,0.0,1.0239813242784382e-06,0.0020469386672325,0
510500,IV择时OTM5月度备兑 (IV Timing OTM5),2024-09-30,2024-10-23,1,selected,0.0446705587989991,0.0,2.233527939949958e-05,0.0446482235195996,0
510500,IV择时OTM5月度备兑 (IV Timing OTM5),2024-10-31,2024-11-27,1,selected,0.0202833333333333,0.0,1.0141666666666666e-05,0.0202731916666666,0
510500,IV择时OTM5月度备兑 (IV Timing OTM5),2024-11-29,2024-12-25,1,selected,0.0085800807537012,0.0,4.290040376850605e-06,0.0085757907133243,0
510500,IV择时OTM5月度备兑 (IV Timing OTM5),2024-12-31,2025-01-22,1,selected,0.0036138358286009,0.0,1.8069179143004648e-06,0.0036120289106866,0
510500,IV择时OTM5月度备兑 (IV Timing OTM5),2025-01-27,2025-02-26,1,selected,0.0037869292748433,0.0127126230975828,1.8934646374216648e-06,-0.0089275872873769,1
510500,IV择时OTM5月度备兑 (IV Timing OTM5),2025-02-28,2025-03-26,1,selected,0.0031276632009544,0.0,1.5638316004772455e-06,0.003126099369354,0
510500,IV择时OTM5月度备兑 (IV Timing OTM5),2025-03-31,2025-04-30,0,low_iv_skip,0.0,0.0,0.0,0.0,0
510500,IV择时OTM5月度备兑 (IV Timing OTM5),2025-04-30,2025-05-28,1,selected,0.0016530394596516,0.0,8.265197298258086e-07,0.0016522129399217,0
510500,IV择时OTM5月度备兑 (IV Timing OTM5),2025-05-30,2025-06-30,0,low_iv_skip,0.0,0.0,0.0,0.0,0
510500,IV择时OTM5月度备兑 (IV Timing OTM5),2025-06-30,2025-07-31,0,low_iv_skip,0.0,0.0,0.0,0.0,0
510500,IV择时OTM5月度备兑 (IV Timing OTM5),2025-07-31,2025-08-29,0,low_iv_skip,0.0,0.0,0.0,0.0,0
510500,IV择时OTM5月度备兑 (IV Timing OTM5),2025-08-29,2025-09-24,1,selected,0.0112029127573169,0.0,5.601456378658452e-06,0.0111973113009382,0
510500,IV择时OTM5月度备兑 (IV Timing OTM5),2025-09-30,2025-10-22,1,selected,0.0016491554728022,0.0,8.245777364011171e-07,0.0016483308950658,0
510500,IV择时OTM5月度备兑 (IV Timing OTM5),2025-10-31,2025-11-26,1,selected,0.0030930607853684,0.0,1.5465303926842388e-06,0.0030915142549757,0
510500,IV择时OTM5月度备兑 (IV Timing OTM5),2025-11-28,2025-12-31,0,low_iv_skip,0.0,0.0,0.0,0.0,0
510500,IV择时OTM5月度备兑 (IV Timing OTM5),2025-12-31,2026-01-28,1,selected,0.0020426989984185,0.0494860305745914,1.021349499209278e-06,-0.0474443529256721,1
510500,IV择时OTM5月度备兑 (IV Timing OTM5),2026-01-30,2026-02-25,1,selected,0.0077843601895734,0.0,3.89218009478673e-06,0.0077804680094786,0
510500,IV择时OTM5月度备兑 (IV Timing OTM5),2026-02-27,2026-03-25,1,selected,0.0027641066727709,0.0,1.382053336385487e-06,0.0027627246194345,0
510500,IV择时OTM5月度备兑 (IV Timing OTM5),2026-03-31,2026-04-22,1,selected,0.0088637251073799,0.0592216582064297,4.431862553689965e-06,-0.0503623649616035,1
510500,IV择时OTM5月度备兑 (IV Timing OTM5),2026-04-30,2026-05-27,1,selected,0.0040391459074733,0.0,2.019572953736655e-06,0.0040371263345195,0
510500,IV择时OTM5月度备兑 (IV Timing OTM5),2026-05-29,2026-06-03,1,selected,0.0066800900153973,0.0,3.3400450076986854e-06,0.0066767499703896,0
510300,IV风格规则v1 (IV Style Rule v1),2021-01-29,2021-02-24,1,selected,0.0175205684367988,0.0,8.760284218399401e-06,0.0175118081525804,0
510300,IV风格规则v1 (IV Style Rule v1),2021-02-26,2021-03-24,1,selected,0.0337774441733908,0.0,1.6888722086695438e-05,0.0337605554513041,0
510300,IV风格规则v1 (IV Style Rule v1),2021-03-31,2021-04-28,1,selected,0.0231485148514851,0.0251485148514851,1.1574257425742575e-05,-0.0020115742574256,1
510300,IV风格规则v1 (IV Style Rule v1),2021-04-30,2021-05-26,1,selected,0.0088728549141965,0.015210608424337,4.436427457098284e-06,-0.0063421899375975,1
510300,IV风格规则v1 (IV Style Rule v1),2021-05-31,2021-06-23,1,selected,0.0323529411764705,0.0,1.6176470588235293e-05,0.0323367647058823,0
510300,IV风格规则v1 (IV Style Rule v1),2021-06-30,2021-07-28,1,selected,0.0197869101978691,0.0,9.89345509893455e-06,0.0197770167427701,0
510300,IV风格规则v1 (IV Style Rule v1),2021-07-30,2021-08-25,1,selected,0.0141625615763546,0.0145730706075533,7.081280788177341e-06,-0.0004175903119868,1
510300,IV风格规则v1 (IV Style Rule v1),2021-08-31,2021-09-22,1,selected,0.0135683541709366,0.0,6.784177085468334e-06,0.0135615699938511,0
510300,IV风格规则v1 (IV Style Rule v1),2021-09-30,2021-10-27,1,selected,0.0245187436676798,0.0141843971631204,1.225937183383992e-05,0.0103220871327255,1
510300,IV风格规则v1 (IV Style Rule v1),2021-10-29,2021-11-24,1,selected,0.0164224051395302,0.0,8.211202569765107e-06,0.0164141939369604,0
510300,IV风格规则v1 (IV Style Rule v1),2021-11-30,2021-12-22,1,selected,0.0163917735695377,0.0166972103441254,8.195886784768887e-06,-0.0003136326613723,1
510300,IV风格规则v1 (IV Style Rule v1),2021-12-31,2022-01-26,1,selected,0.0179712460063897,0.0,8.985623003194887e-06,0.0179622603833865,0
510300,IV风格规则v1 (IV Style Rule v1),2022-01-28,2022-02-23,1,selected,0.0252525252525252,0.0188844971453667,1.2626262626262626e-05,0.0063554018445322,1
510300,IV风格规则v1 (IV Style Rule v1),2022-02-28,2022-03-23,1,selected,0.0131918617370378,0.0,6.595930868518924e-06,0.0131852658061693,0
510300,IV风格规则v1 (IV Style Rule v1),2022-03-31,2022-04-27,1,selected,0.0221669037458511,0.0,1.1083451872925556e-05,0.0221558202939781,0
510300,IV风格规则v1 (IV Style Rule v1),2022-04-29,2022-05-25,1,selected,0.0241095890410958,0.0,1.2054794520547944e-05,0.0240975342465753,0
510300,IV风格规则v1 (IV Style Rule v1),2022-05-31,2022-06-22,1,selected,0.0177304964539007,0.0464661286378088,8.865248226950355e-06,-0.028744497432135,1
510300,IV风格规则v1 (IV Style Rule v1),2022-06-30,2022-07-27,1,selected,0.0239574090505767,0.0,1.1978704525288375e-05,0.0239454303460514,0
510300,IV风格规则v1 (IV Style Rule v1),2022-07-29,2022-08-24,1,selected,0.0170260663507109,0.0,8.51303317535545e-06,0.0170175533175355,0
510300,IV风格规则v1 (IV Style Rule v1),2022-08-31,2022-09-28,1,selected,0.0186368027046607,0.0,9.318401352330356e-06,0.0186274843033083,0
510300,IV风格规则v1 (IV Style Rule v1),2022-09-30,2022-10-26,1,selected,0.0111491726990692,0.0,5.574586349534644e-06,0.0111435981127197,0
510300,IV风格规则v1 (IV Style Rule v1),2022-10-31,2022-11-23,1,selected,0.0207573632538569,0.0656381486676016,1.037868162692847e-05,-0.0448911640953716,1
510300,IV风格规则v1 (IV Style Rule v1),2022-11-30,2022-12-28,1,selected,0.0259524418307338,0.0086934287905907,1.2976220915366916e-05,0.0172460368192277,1
510300,IV风格规则v1 (IV Style Rule v1),2022-12-30,2023-01-30,1,selected,0.0057516505840528,0.0339004570848146,2.875825292026409e-06,-0.0281516823260538,1
510300,IV风格规则v1 (IV Style Rule v1),2023-01-31,2023-02-22,1,selected,0.0103029574416927,0.0,5.1514787208463575e-06,0.0102978059629718,0
510300,IV风格规则v1 (IV Style Rule v1),2023-02-28,2023-03-22,1,selected,0.007111274871039,0.0,3.5556374355195283e-06,0.0071077192336035,0
510300,IV风格规则v1 (IV Style Rule v1),2023-03-31,2023-04-26,1,selected,0.0118518518518518,0.0,5.925925925925927e-06,0.0118459259259259,0
510300,IV风格规则v1 (IV Style Rule v1),2023-04-28,2023-05-24,1,selected,0.0092173913043478,0.0,4.608695652173912e-06,0.0092127826086956,0
510300,IV风格规则v1 (IV Style Rule v1),2023-05-31,2023-06-28,1,selected,0.0094423987375065,0.0101262493424513,4.7211993687532885e-06,-0.0006885718043135,1
510300,IV风格规则v1 (IV Style Rule v1),2023-06-30,2023-07-26,1,selected,0.0068650180319422,0.0097887686759402,3.432509015971149e-06,-0.0029271831530139,1
510300,IV风格规则v1 (IV Style Rule v1),2023-07-31,2023-08-23,1,selected,0.0119551909892262,0.0,5.977595494613126e-06,0.0119492133937316,0
510300,IV风格规则v1 (IV Style Rule v1),2023-08-31,2023-09-27,1,selected,0.0192432925240948,0.0,9.62164626204741e-06,0.0192336708778327,0
510300,IV风格规则v1 (IV Style Rule v1),2023-09-28,2023-10-25,1,selected,0.0099628055260361,0.0,4.981402763018067e-06,0.0099578241232731,0
510300,IV风格规则v1 (IV Style Rule v1),2023-10-31,2023-11-22,1,selected,0.0112239297475301,0.0015093304061471,5.6119648737650924e-06,0.0097089873765093,1
510300,IV风格规则v1 (IV Style Rule v1),2023-11-30,2023-12-27,1,selected,0.0059657495788882,0.0,2.982874789444133e-06,0.0059627667040988,0
510300,IV风格规则v1 (IV Style Rule v1),2023-12-29,2024-01-24,1,selected,0.0062875107173478,0.0,3.1437553586739065e-06,0.0062843669619891,0
510300,IV风格规则v1 (IV Style Rule v1),2024-01-31,2024-02-28,1,selected,0.0190875232774674,0.0673494723774053,9.543761638733708e-06,-0.0482714928615766,1
510300,IV风格规则v1 (IV Style Rule v1),2024-02-29,2024-03-27,1,selected,0.0215244076505852,0.0,1.0762203825292605e-05,0.0215136454467599,0
510300,IV风格规则v1 (IV Style Rule v1),2024-03-29,2024-04-24,1,selected,0.0098411798071469,0.0018434486670447,4.920589903573455e-06,0.0079928105501985,1
510300,IV风格规则v1 (IV Style Rule v1),2024-04-30,2024-05-22,1,selected,0.0072957198443579,0.0111172873818788,3.647859922178989e-06,-0.003825215397443,1
510300,IV风格规则v1 (IV Style Rule v1),2024-05-31,2024-06-26,1,selected,0.0064907872696817,0.0,3.245393634840871e-06,0.0064875418760469,0
510300,IV风格规则v1 (IV Style Rule v1),2024-06-28,2024-07-24,1,selected,0.0061657585316891,0.0,3.082879265844565e-06,0.0061626756524232,0
510300,IV风格规则v1 (IV Style Rule v1),2024-07-31,2024-08-28,1,selected,0.0084378563283922,0.0,4.218928164196123e-06,0.008433637400228,0
510300,IV风格规则v1 (IV Style Rule v1),2024-08-30,2024-09-25,1,selected,0.0058520047169811,0.0109080188679245,2.9260023584905662e-06,-0.0050589401533019,1
510300,IV风格规则v1 (IV Style Rule v1),2024-09-30,2024-10-23,1,selected,0.0495629577132057,0.0,2.4781478856602884e-05,0.0495381762343491,0
510300,IV风格规则v1 (IV Style Rule v1),2024-10-31,2024-11-27,1,selected,0.0286325862503147,0.0,1.4316293125157391e-05,0.0286182699571896,0
510300,IV风格规则v1 (IV Style Rule v1),2024-11-29,2024-12-25,1,selected,0.0221944513871532,0.0179955011247188,1.1097225693576606e-05,0.0041878530367407,1
510300,IV风格规则v1 (IV Style Rule v1),2024-12-31,2025-01-22,1,selected,0.0136126305320735,0.0,6.8063152660367964e-06,0.0136058242168075,0
510300,IV风格规则v1 (IV Style Rule v1),2025-01-27,2025-02-26,1,selected,0.0140325057588942,0.0295623240337855,7.016252879447146e-06,-0.0155368345277707,1
510300,IV风格规则v1 (IV Style Rule v1),2025-02-28,2025-03-26,1,selected,0.0120555833750625,0.0024411617426139,6.0277916875312965e-06,0.0096083938407611,1
510300,IV风格规则v1 (IV Style Rule v1),2025-03-31,2025-04-23,1,selected,0.0092055722891566,0.0,4.6027861445783125e-06,0.009200969503012,0
510300,IV风格规则v1 (IV Style Rule v1),2025-04-30,2025-05-28,1,selected,0.0086329539575788,0.0081479565442318,4.316476978789446e-06,0.0004806809363682,1
510300,IV风格规则v1 (IV Style Rule v1),2025-05-30,2025-06-25,1,selected,0.0078807779742359,0.0224804243495833,3.940388987117959e-06,-0.0146035867643345,1
510300,IV风格规则v1 (IV Style Rule v1),2025-06-30,2025-07-23,1,selected,0.0052737317930688,0.0249874434957307,2.636865896534405e-06,-0.0197163485685584,1
510300,IV风格规则v1 (IV Style Rule v1),2025-07-31,2025-08-27,1,selected,0.008754512635379,0.0496389891696749,4.377256317689531e-06,-0.0408888537906136,1
510300,IV风格规则v1 (IV Style Rule v1),2025-08-29,2025-09-24,1,selected,0.0257987394044772,0.013692675505325,1.2899369702238644e-05,0.0120931645294499,1
510300,IV风格规则v1 (IV Style Rule v1),2025-09-30,2025-10-22,1,selected,0.0152183083737608,0.0,7.609154186880405e-06,0.0152106992195739,0
510300,IV风格规则v1 (IV Style Rule v1),2025-10-31,2025-11-26,1,selected,0.0099348191757779,0.0,4.967409587888983e-06,0.00992985176619,0
510300,IV风格规则v1 (IV Style Rule v1),2025-11-28,2025-12-24,1,selected,0.0087162891046386,0.0169363538295577,4.35814455231931e-06,-0.0082244228694714,1
510300,IV风格规则v1 (IV Style Rule v1),2025-12-31,2026-01-28,1,selected,0.0056595834209972,0.0,2.8297917104986324e-06,0.0056567536292867,0
510300,IV风格规则v1 (IV Style Rule v1),2026-01-30,2026-02-25,1,selected,0.0145828911059223,0.0079600933984291,7.291445552961155e-06,0.0066155062619401,1
510300,IV风格规则v1 (IV Style Rule v1),2026-02-27,2026-03-25,1,selected,0.0081798941798941,0.0,4.08994708994709e-06,0.0081758042328042,0
510300,IV风格规则v1 (IV Style Rule v1),2026-03-31,2026-04-22,1,selected,0.01165135559041,0.0696840690118754,5.825677795205018e-06,-0.0580385390992605,1
510300,IV风格规则v1 (IV Style Rule v1),2026-04-30,2026-05-27,1,selected,0.0084680762852404,0.013681592039801,4.234038142620232e-06,-0.0052177497927032,1
510300,IV风格规则v1 (IV Style Rule v1),2026-05-29,2026-06-03,1,selected,0.0139701401584399,0.0099024984765386,6.985070079219988e-06,0.0040606566118221,1
510050,IV风格规则v1 (IV Style Rule v1),2021-01-29,2021-02-24,1,selected,0.0258639308855291,0.0237580993520517,1.2931965442764576e-05,0.0020928995680346,1
510050,IV风格规则v1 (IV Style Rule v1),2021-02-26,2021-03-24,1,selected,0.0265562383115148,0.0,1.3278119155757415e-05,0.026542960192359,0
510050,IV风格规则v1 (IV Style Rule v1),2021-03-31,2021-04-28,1,selected,0.0218882903317266,0.0,1.094414516586334e-05,0.0218773461865608,0
510050,IV风格规则v1 (IV Style Rule v1),2021-04-30,2021-05-26,1,selected,0.0160252728317059,0.0425043078690408,8.012636415852959e-06,-0.0264870476737507,1
510050,IV风格规则v1 (IV Style Rule v1),2021-05-31,2021-06-23,1,selected,0.0225336630942566,0.0,1.1266831547128334e-05,0.0225223962627095,0
510050,IV风格规则v1 (IV Style Rule v1),2021-06-30,2021-07-28,1,selected,0.0214509246088193,0.0,1.072546230440967e-05,0.0214401991465149,0
510050,IV风格规则v1 (IV Style Rule v1),2021-07-30,2021-08-25,1,selected,0.015333544103699,0.0,7.66677205184951e-06,0.0153258773316471,0
510050,IV风格规则v1 (IV Style Rule v1),2021-08-31,2021-09-22,1,selected,0.0254939451880178,0.0184831102613128,1.2746972594008924e-05,0.0069980879541109,1
510050,IV风格规则v1 (IV Style Rule v1),2021-09-30,2021-10-27,1,selected,0.0272980501392757,0.0269266480965644,1.3649025069637885e-05,0.0003577530176416,1
510050,IV风格规则v1 (IV Style Rule v1),2021-10-29,2021-11-24,1,selected,0.0201573849878934,0.0,1.0078692493946732e-05,0.0201473062953995,0
510050,IV风格规则v1 (IV Style Rule v1),2021-11-30,2021-12-22,1,selected,0.0186472819216182,0.0268647281921619,9.323640960809102e-06,-0.0082267699115045,1
510050,IV风格规则v1 (IV Style Rule v1),2021-12-31,2022-01-26,1,selected,0.0188882063882063,0.0,9.444103194103195e-06,0.0188787622850122,0
510050,IV风格规则v1 (IV Style Rule v1),2022-01-28,2022-02-23,1,selected,0.0292490118577075,0.0329380764163373,1.4624505928853756e-05,-0.0037036890645586,1
510050,IV风格规则v1 (IV Style Rule v1),2022-02-28,2022-03-23,1,selected,0.0181639986932375,0.0,9.081999346618751e-06,0.0181549166938908,0
510050,IV风格规则v1 (IV Style Rule v1),2022-03-31,2022-04-27,1,selected,0.0134849010760152,0.0,6.742450538007637e-06,0.0134781586254772,0
510050,IV风格规则v1 (IV Style Rule v1),2022-04-29,2022-05-25,1,selected,0.0208020050125313,0.0,1.0401002506265665e-05,0.020791604010025,0
510050,IV风格规则v1 (IV Style Rule v1),2022-05-31,2022-06-22,1,selected,0.0181948424068767,0.0351002865329514,9.097421203438396e-06,-0.016914541547278,1
510050,IV风格规则v1 (IV Style Rule v1),2022-06-30,2022-07-27,1,selected,0.018931247963506,0.0,9.465623981753017e-06,0.0189217823395242,0
510050,IV风格规则v1 (IV Style Rule v1),2022-07-29,2022-08-24,1,selected,0.013286775106082,0.0,6.643387553041018e-06,0.0132801317185289,0
510050,IV风格规则v1 (IV Style Rule v1),2022-08-31,2022-09-28,1,selected,0.0097286683327383,0.0,4.864334166369154e-06,0.0097238039985719,0
510050,IV风格规则v1 (IV Style Rule v1),2022-09-30,2022-10-26,1,selected,0.0094905660377358,0.0,4.745283018867924e-06,0.0094858207547169,0
510050,IV风格规则v1 (IV Style Rule v1),2022-10-31,2022-11-23,1,selected,0.0222888984140591,0.0964423489069867,1.1144449207029574e-05,-0.0741645949421346,1
510050,IV风格规则v1 (IV Style Rule v1),2022-11-30,2022-12-28,1,selected,0.0170132325141776,0.0,8.506616257088846e-06,0.0170047258979206,0
510050,IV风格规则v1 (IV Style Rule v1),2022-12-30,2023-01-30,1,selected,0.0102869007172517,0.0375613439033598,5.143450358625897e-06,-0.0272795866364666,1
510050,IV风格规则v1 (IV Style Rule v1),2023-01-31,2023-02-22,1,selected,0.0173731819794253,0.0,8.686590989712664e-06,0.0173644953884356,0
510050,IV风格规则v1 (IV Style Rule v1),2023-02-28,2023-03-22,1,selected,0.0089584850691915,0.0,4.479242534595776e-06,0.0089540058266569,0
510050,IV风格规则v1 (IV Style Rule v1),2023-03-31,2023-04-26,1,selected,0.0110715623829149,0.0,5.5357811914574745e-06,0.0110660266017234,0
510050,IV风格规则v1 (IV Style Rule v1),2023-04-28,2023-05-24,1,selected,0.0061753731343283,0.0,3.087686567164179e-06,0.0061722854477611,0
510050,IV风格规则v1 (IV Style Rule v1),2023-05-31,2023-06-28,1,selected,0.0104,0.0099999999999999,5.199999999999999e-06,0.0003948,1
510050,IV风格规则v1 (IV Style Rule v1),2023-06-30,2023-07-26,1,selected,0.0077694728560188,0.0200629425649095,3.884736428009442e-06,-0.0122973544453187,1
510050,IV风格规则v1 (IV Style Rule v1),2023-07-31,2023-08-23,1,selected,0.0118363236909556,0.0,5.918161845477847e-06,0.0118304055291102,0
510050,IV风格规则v1 (IV Style Rule v1),2023-08-31,2023-09-27,1,selected,0.013523166023166,0.0011583011583011,6.761583011583011e-06,0.0123581032818532,1
510050,IV风格规则v1 (IV Style Rule v1),2023-09-28,2023-10-25,1,selected,0.0076074332171893,0.0,3.803716608594657e-06,0.0076036295005807,0
510050,IV风格规则v1 (IV Style Rule v1),2023-10-31,2023-11-22,1,selected,0.0067725080385852,0.0,3.3862540192926044e-06,0.0067691217845659,0
510050,IV风格规则v1 (IV Style Rule v1),2023-11-30,2023-12-27,1,selected,0.0087671803415243,0.0,4.383590170762183e-06,0.0087627967513536,0
510050,IV风格规则v1 (IV Style Rule v1),2023-12-29,2024-01-24,1,selected,0.0092144373673036,0.0,4.607218683651805e-06,0.0092098301486199,0
510050,IV风格规则v1 (IV Style Rule v1),2024-01-31,2024-02-28,1,selected,0.0197643979057591,0.0541012216404887,9.882198952879583e-06,-0.0343467059336824,1
510050,IV风格规则v1 (IV Style Rule v1),2024-02-29,2024-03-27,1,selected,0.0193944353518821,0.0,9.69721767594108e-06,0.0193847381342062,0
510050,IV风格规则v1 (IV Style Rule v1),2024-03-29,2024-04-24,1,selected,0.0072886892609228,0.0014291547570436,3.644344630461413e-06,0.0058558901592487,1
510050,IV风格规则v1 (IV Style Rule v1),2024-04-30,2024-05-22,1,selected,0.00702,0.0126,3.51e-06,-0.00558351,1
510050,IV风格规则v1 (IV Style Rule v1),2024-05-31,2024-06-26,1,selected,0.0072629051620648,0.0,3.631452581032413e-06,0.0072592737094837,0
510050,IV风格规则v1 (IV Style Rule v1),2024-06-28,2024-07-24,1,selected,0.0058787382220401,0.0049160180253994,2.939369111020074e-06,0.0009597808275296,1
510050,IV风格规则v1 (IV Style Rule v1),2024-07-31,2024-08-28,1,selected,0.0089727974015428,0.0,4.486398700771417e-06,0.008968311002842,0
510050,IV风格规则v1 (IV Style Rule v1),2024-08-30,2024-09-25,1,selected,0.0042815973651708,0.0061753808151502,2.1407986825854264e-06,-0.0018959242486619,1
510050,IV风格规则v1 (IV Style Rule v1),2024-09-30,2024-10-23,1,selected,0.051289102784462,0.0,2.5644551392231008e-05,0.0512634582330697,0
510050,IV风格规则v1 (IV Style Rule v1),2024-10-31,2024-11-27,1,selected,0.0299160890186063,0.0,1.4958044509303174e-05,0.029901130974097,0
510050,IV风格规则v1 (IV Style Rule v1),2024-11-29,2024-12-25,1,selected,0.0124450951683748,0.0073206442166909,6.222547584187409e-06,0.0051182284040997,1
510050,IV风格规则v1 (IV Style Rule v1),2024-12-31,2025-01-22,1,selected,0.0116417092768444,0.0,5.820854638422207e-06,0.0116358884222059,0
510050,IV风格规则v1 (IV Style Rule v1),2025-01-27,2025-02-26,1,selected,0.01183314415437,0.021566401816118,5.916572077185018e-06,-0.0097391742338252,1
510050,IV风格规则v1 (IV Style Rule v1),2025-02-28,2025-03-26,1,selected,0.0132809611829944,0.0099815157116451,6.640480591497227e-06,0.0032928049907578,1
510050,IV风格规则v1 (IV Style Rule v1),2025-03-31,2025-04-23,1,selected,0.0150825688073394,0.0022018348623853,7.541284403669725e-06,0.0128731926605504,1
510050,IV风格规则v1 (IV Style Rule v1),2025-04-30,2025-05-28,1,selected,0.0106665428889714,0.0130894912736724,5.333271444485704e-06,-0.0024282816561454,1
510050,IV风格规则v1 (IV Style Rule v1),2025-05-30,2025-06-25,1,selected,0.0065296471444161,0.0149145143688613,3.264823572208076e-06,-0.0083881320480174,1
510050,IV风格规则v1 (IV Style Rule v1),2025-06-30,2025-07-23,1,selected,0.0069291058069112,0.0215532597078731,3.4645529034556463e-06,-0.0146276184538653,1
510050,IV风格规则v1 (IV Style Rule v1),2025-07-31,2025-08-27,1,selected,0.012314591238358,0.0390651948947913,6.157295619179027e-06,-0.0267567609520524,1
510050,IV风格规则v1 (IV Style Rule v1),2025-08-29,2025-09-24,1,selected,0.0266066838046272,0.0,1.3303341902313623e-05,0.0265933804627249,0
510050,IV风格规则v1 (IV Style Rule v1),2025-09-30,2025-10-22,1,selected,0.0147072936660268,0.0115163147792706,7.353646833013436e-06,0.0031836252399232,1
510050,IV风格规则v1 (IV Style Rule v1),2025-10-31,2025-11-26,1,selected,0.0085917721518987,0.0,4.295886075949368e-06,0.0085874762658227,0
510050,IV风格规则v1 (IV Style Rule v1),2025-11-28,2025-12-24,1,selected,0.0029151943462897,0.0,1.4575971731448763e-06,0.0029137367491166,0
510050,IV风格规则v1 (IV Style Rule v1),2025-12-31,2026-01-28,1,selected,0.0072785829307568,0.0061191626409017,3.639291465378422e-06,0.0011557809983897,1
510050,IV风格规则v1 (IV Style Rule v1),2026-01-30,2026-02-25,1,selected,0.0199237368922783,0.0081029551954241,9.96186844613918e-06,0.011810819828408,1
510050,IV风格规则v1 (IV Style Rule v1),2026-02-27,2026-03-25,1,selected,0.0073006724303554,0.0,3.6503362151777136e-06,0.0072970220941402,0
510050,IV风格规则v1 (IV Style Rule v1),2026-03-31,2026-04-22,1,selected,0.0162301860785665,0.0361819434872501,8.115093039283254e-06,-0.0199598725017229,1
510050,IV风格规则v1 (IV Style Rule v1),2026-04-30,2026-05-27,1,selected,0.004245591116917,0.0,2.122795558458524e-06,0.0042434683213585,0
510050,IV风格规则v1 (IV Style Rule v1),2026-05-29,2026-06-03,1,selected,0.0166166166166166,0.0,8.308308308308309e-06,0.0166083083083083,0
588000,IV风格规则v1 (IV Style Rule v1),2021-01-29,2021-02-26,0,data_invalid_skip,0.0,0.0,0.0,0.0,0
588000,IV风格规则v1 (IV Style Rule v1),2021-02-26,2021-03-31,0,data_invalid_skip,0.0,0.0,0.0,0.0,0
588000,IV风格规则v1 (IV Style Rule v1),2021-03-31,2021-04-30,0,data_invalid_skip,0.0,0.0,0.0,0.0,0
588000,IV风格规则v1 (IV Style Rule v1),2021-04-30,2021-05-31,0,data_invalid_skip,0.0,0.0,0.0,0.0,0
588000,IV风格规则v1 (IV Style Rule v1),2021-05-31,2021-06-30,0,data_invalid_skip,0.0,0.0,0.0,0.0,0
588000,IV风格规则v1 (IV Style Rule v1),2021-06-30,2021-07-30,0,data_invalid_skip,0.0,0.0,0.0,0.0,0
588000,IV风格规则v1 (IV Style Rule v1),2021-07-30,2021-08-31,0,data_invalid_skip,0.0,0.0,0.0,0.0,0
588000,IV风格规则v1 (IV Style Rule v1),2021-08-31,2021-09-30,0,data_invalid_skip,0.0,0.0,0.0,0.0,0
588000,IV风格规则v1 (IV Style Rule v1),2021-09-30,2021-10-29,0,data_invalid_skip,0.0,0.0,0.0,0.0,0
588000,IV风格规则v1 (IV Style Rule v1),2021-10-29,2021-11-30,0,data_invalid_skip,0.0,0.0,0.0,0.0,0
588000,IV风格规则v1 (IV Style Rule v1),2021-11-30,2021-12-31,0,data_invalid_skip,0.0,0.0,0.0,0.0,0
588000,IV风格规则v1 (IV Style Rule v1),2021-12-31,2022-01-28,0,data_invalid_skip,0.0,0.0,0.0,0.0,0
588000,IV风格规则v1 (IV Style Rule v1),2022-01-28,2022-02-28,0,data_invalid_skip,0.0,0.0,0.0,0.0,0
588000,IV风格规则v1 (IV Style Rule v1),2022-02-28,2022-03-31,0,data_invalid_skip,0.0,0.0,0.0,0.0,0
588000,IV风格规则v1 (IV Style Rule v1),2022-03-31,2022-04-29,0,data_invalid_skip,0.0,0.0,0.0,0.0,0
588000,IV风格规则v1 (IV Style Rule v1),2022-04-29,2022-05-31,0,data_invalid_skip,0.0,0.0,0.0,0.0,0
588000,IV风格规则v1 (IV Style Rule v1),2022-05-31,2022-06-30,0,data_invalid_skip,0.0,0.0,0.0,0.0,0
588000,IV风格规则v1 (IV Style Rule v1),2022-06-30,2022-07-29,0,data_invalid_skip,0.0,0.0,0.0,0.0,0
588000,IV风格规则v1 (IV Style Rule v1),2022-07-29,2022-08-31,0,data_invalid_skip,0.0,0.0,0.0,0.0,0
588000,IV风格规则v1 (IV Style Rule v1),2022-08-31,2022-09-30,0,data_invalid_skip,0.0,0.0,0.0,0.0,0
588000,IV风格规则v1 (IV Style Rule v1),2022-09-30,2022-10-31,0,data_invalid_skip,0.0,0.0,0.0,0.0,0
588000,IV风格规则v1 (IV Style Rule v1),2022-10-31,2022-11-30,0,data_invalid_skip,0.0,0.0,0.0,0.0,0
588000,IV风格规则v1 (IV Style Rule v1),2022-11-30,2022-12-30,0,data_invalid_skip,0.0,0.0,0.0,0.0,0
588000,IV风格规则v1 (IV Style Rule v1),2022-12-30,2023-01-31,0,data_invalid_skip,0.0,0.0,0.0,0.0,0
588000,IV风格规则v1 (IV Style Rule v1),2023-01-31,2023-02-28,0,data_invalid_skip,0.0,0.0,0.0,0.0,0
588000,IV风格规则v1 (IV Style Rule v1),2023-02-28,2023-03-31,0,data_invalid_skip,0.0,0.0,0.0,0.0,0
588000,IV风格规则v1 (IV Style Rule v1),2023-03-31,2023-04-28,0,data_invalid_skip,0.0,0.0,0.0,0.0,0
588000,IV风格规则v1 (IV Style Rule v1),2023-04-28,2023-05-31,0,data_invalid_skip,0.0,0.0,0.0,0.0,0
588000,IV风格规则v1 (IV Style Rule v1),2023-05-31,2023-06-30,0,data_invalid_skip,0.0,0.0,0.0,0.0,0
588000,IV风格规则v1 (IV Style Rule v1),2023-06-30,2023-07-31,0,warmup_invalid_skip,0.0,0.0,0.0,0.0,0
588000,IV风格规则v1 (IV Style Rule v1),2023-07-31,2023-08-31,0,warmup_invalid_skip,0.0,0.0,0.0,0.0,0
588000,IV风格规则v1 (IV Style Rule v1),2023-08-31,2023-09-28,0,warmup_invalid_skip,0.0,0.0,0.0,0.0,0
588000,IV风格规则v1 (IV Style Rule v1),2023-09-28,2023-10-31,0,warmup_invalid_skip,0.0,0.0,0.0,0.0,0
588000,IV风格规则v1 (IV Style Rule v1),2023-10-31,2023-11-30,0,warmup_invalid_skip,0.0,0.0,0.0,0.0,0
588000,IV风格规则v1 (IV Style Rule v1),2023-11-30,2023-12-29,0,warmup_invalid_skip,0.0,0.0,0.0,0.0,0
588000,IV风格规则v1 (IV Style Rule v1),2023-12-29,2024-01-31,0,warmup_invalid_skip,0.0,0.0,0.0,0.0,0
588000,IV风格规则v1 (IV Style Rule v1),2024-01-31,2024-02-29,0,warmup_invalid_skip,0.0,0.0,0.0,0.0,0
588000,IV风格规则v1 (IV Style Rule v1),2024-02-29,2024-03-29,0,warmup_invalid_skip,0.0,0.0,0.0,0.0,0
588000,IV风格规则v1 (IV Style Rule v1),2024-03-29,2024-04-30,0,warmup_invalid_skip,0.0,0.0,0.0,0.0,0
588000,IV风格规则v1 (IV Style Rule v1),2024-04-30,2024-05-31,0,warmup_invalid_skip,0.0,0.0,0.0,0.0,0
588000,IV风格规则v1 (IV Style Rule v1),2024-05-31,2024-06-28,0,warmup_invalid_skip,0.0,0.0,0.0,0.0,0
588000,IV风格规则v1 (IV Style Rule v1),2024-06-28,2024-07-31,0,warmup_invalid_skip,0.0,0.0,0.0,0.0,0
588000,IV风格规则v1 (IV Style Rule v1),2024-07-31,2024-08-30,0,warmup_invalid_skip,0.0,0.0,0.0,0.0,0
588000,IV风格规则v1 (IV Style Rule v1),2024-08-30,2024-09-30,0,normal_iv_skip,0.0,0.0,0.0,0.0,0
588000,IV风格规则v1 (IV Style Rule v1),2024-09-30,2024-10-23,1,selected,0.1265263157894736,0.0336842105263158,6.326315789473684e-05,0.0927788421052631,1
588000,IV风格规则v1 (IV Style Rule v1),2024-10-31,2024-11-27,1,selected,0.0549999999999999,0.0,2.75e-05,0.0549724999999999,0
588000,IV风格规则v1 (IV Style Rule v1),2024-11-29,2024-12-25,1,selected,0.0282075471698113,0.0,1.410377358490566e-05,0.0281934433962264,0
588000,IV风格规则v1 (IV Style Rule v1),2024-12-31,2025-01-22,1,selected,0.0133014354066985,0.0,6.650717703349283e-06,0.0132947846889952,0
588000,IV风格规则v1 (IV Style Rule v1),2025-01-27,2025-02-28,0,normal_iv_skip,0.0,0.0,0.0,0.0,0
588000,IV风格规则v1 (IV Style Rule v1),2025-02-28,2025-03-26,1,selected,0.0194174757281553,0.0,9.70873786407767e-06,0.0194077669902912,0
588000,IV风格规则v1 (IV Style Rule v1),2025-03-31,2025-04-30,0,normal_iv_skip,0.0,0.0,0.0,0.0,0
588000,IV风格规则v1 (IV Style Rule v1),2025-04-30,2025-05-30,0,normal_iv_skip,0.0,0.0,0.0,0.0,0
588000,IV风格规则v1 (IV Style Rule v1),2025-05-30,2025-06-30,0,low_iv_skip,0.0,0.0,0.0,0.0,0
588000,IV风格规则v1 (IV Style Rule v1),2025-06-30,2025-07-31,0,low_iv_skip,0.0,0.0,0.0,0.0,0
588000,IV风格规则v1 (IV Style Rule v1),2025-07-31,2025-08-29,0,normal_iv_skip,0.0,0.0,0.0,0.0,0
588000,IV风格规则v1 (IV Style Rule v1),2025-08-29,2025-09-24,1,selected,0.0424929178470254,0.0212464589235127,2.124645892351275e-05,0.0212252124645892,1
588000,IV风格规则v1 (IV Style Rule v1),2025-09-30,2025-10-22,1,selected,0.021592356687898,0.0,1.0796178343949044e-05,0.0215815605095541,0
588000,IV风格规则v1 (IV Style Rule v1),2025-10-31,2025-11-28,0,normal_iv_skip,0.0,0.0,0.0,0.0,0
588000,IV风格规则v1 (IV Style Rule v1),2025-11-28,2025-12-31,0,normal_iv_skip,0.0,0.0,0.0,0.0,0
588000,IV风格规则v1 (IV Style Rule v1),2025-12-31,2026-01-30,0,normal_iv_skip,0.0,0.0,0.0,0.0,0
588000,IV风格规则v1 (IV Style Rule v1),2026-01-30,2026-02-27,0,normal_iv_skip,0.0,0.0,0.0,0.0,0
588000,IV风格规则v1 (IV Style Rule v1),2026-02-27,2026-03-31,0,low_iv_skip,0.0,0.0,0.0,0.0,0
588000,IV风格规则v1 (IV Style Rule v1),2026-03-31,2026-04-22,1,selected,0.0103474320241691,0.0974320241691842,5.1737160120845925e-06,-0.0870897658610271,1
588000,IV风格规则v1 (IV Style Rule v1),2026-04-30,2026-05-29,0,normal_iv_skip,0.0,0.0,0.0,0.0,0
588000,IV风格规则v1 (IV Style Rule v1),2026-05-29,2026-06-03,1,selected,0.0244577006507592,0.0,1.222885032537961e-05,0.0244454718004338,0
159915,IV风格规则v1 (IV Style Rule v1),2021-01-29,2021-02-26,0,data_invalid_skip,0.0,0.0,0.0,0.0,0
159915,IV风格规则v1 (IV Style Rule v1),2021-02-26,2021-03-31,0,data_invalid_skip,0.0,0.0,0.0,0.0,0
159915,IV风格规则v1 (IV Style Rule v1),2021-03-31,2021-04-30,0,data_invalid_skip,0.0,0.0,0.0,0.0,0
159915,IV风格规则v1 (IV Style Rule v1),2021-04-30,2021-05-31,0,data_invalid_skip,0.0,0.0,0.0,0.0,0
159915,IV风格规则v1 (IV Style Rule v1),2021-05-31,2021-06-30,0,data_invalid_skip,0.0,0.0,0.0,0.0,0
159915,IV风格规则v1 (IV Style Rule v1),2021-06-30,2021-07-30,0,data_invalid_skip,0.0,0.0,0.0,0.0,0
159915,IV风格规则v1 (IV Style Rule v1),2021-07-30,2021-08-31,0,data_invalid_skip,0.0,0.0,0.0,0.0,0
159915,IV风格规则v1 (IV Style Rule v1),2021-08-31,2021-09-30,0,data_invalid_skip,0.0,0.0,0.0,0.0,0
159915,IV风格规则v1 (IV Style Rule v1),2021-09-30,2021-10-29,0,data_invalid_skip,0.0,0.0,0.0,0.0,0
159915,IV风格规则v1 (IV Style Rule v1),2021-10-29,2021-11-30,0,data_invalid_skip,0.0,0.0,0.0,0.0,0
159915,IV风格规则v1 (IV Style Rule v1),2021-11-30,2021-12-31,0,data_invalid_skip,0.0,0.0,0.0,0.0,0
159915,IV风格规则v1 (IV Style Rule v1),2021-12-31,2022-01-28,0,data_invalid_skip,0.0,0.0,0.0,0.0,0
159915,IV风格规则v1 (IV Style Rule v1),2022-01-28,2022-02-28,0,data_invalid_skip,0.0,0.0,0.0,0.0,0
159915,IV风格规则v1 (IV Style Rule v1),2022-02-28,2022-03-31,0,data_invalid_skip,0.0,0.0,0.0,0.0,0
159915,IV风格规则v1 (IV Style Rule v1),2022-03-31,2022-04-29,0,data_invalid_skip,0.0,0.0,0.0,0.0,0
159915,IV风格规则v1 (IV Style Rule v1),2022-04-29,2022-05-31,0,data_invalid_skip,0.0,0.0,0.0,0.0,0
159915,IV风格规则v1 (IV Style Rule v1),2022-05-31,2022-06-30,0,data_invalid_skip,0.0,0.0,0.0,0.0,0
159915,IV风格规则v1 (IV Style Rule v1),2022-06-30,2022-07-29,0,data_invalid_skip,0.0,0.0,0.0,0.0,0
159915,IV风格规则v1 (IV Style Rule v1),2022-07-29,2022-08-31,0,data_invalid_skip,0.0,0.0,0.0,0.0,0
159915,IV风格规则v1 (IV Style Rule v1),2022-08-31,2022-09-30,0,data_invalid_skip,0.0,0.0,0.0,0.0,0
159915,IV风格规则v1 (IV Style Rule v1),2022-09-30,2022-10-31,0,warmup_invalid_skip,0.0,0.0,0.0,0.0,0
159915,IV风格规则v1 (IV Style Rule v1),2022-10-31,2022-11-30,0,warmup_invalid_skip,0.0,0.0,0.0,0.0,0
159915,IV风格规则v1 (IV Style Rule v1),2022-11-30,2022-12-30,0,warmup_invalid_skip,0.0,0.0,0.0,0.0,0
159915,IV风格规则v1 (IV Style Rule v1),2022-12-30,2023-01-31,0,warmup_invalid_skip,0.0,0.0,0.0,0.0,0
159915,IV风格规则v1 (IV Style Rule v1),2023-01-31,2023-02-28,0,warmup_invalid_skip,0.0,0.0,0.0,0.0,0
159915,IV风格规则v1 (IV Style Rule v1),2023-02-28,2023-03-31,0,warmup_invalid_skip,0.0,0.0,0.0,0.0,0
159915,IV风格规则v1 (IV Style Rule v1),2023-03-31,2023-04-28,0,warmup_invalid_skip,0.0,0.0,0.0,0.0,0
159915,IV风格规则v1 (IV Style Rule v1),2023-04-28,2023-05-31,0,warmup_invalid_skip,0.0,0.0,0.0,0.0,0
159915,IV风格规则v1 (IV Style Rule v1),2023-05-31,2023-06-30,0,warmup_invalid_skip,0.0,0.0,0.0,0.0,0
159915,IV风格规则v1 (IV Style Rule v1),2023-06-30,2023-07-31,0,warmup_invalid_skip,0.0,0.0,0.0,0.0,0
159915,IV风格规则v1 (IV Style Rule v1),2023-07-31,2023-08-31,0,warmup_invalid_skip,0.0,0.0,0.0,0.0,0
159915,IV风格规则v1 (IV Style Rule v1),2023-08-31,2023-09-28,0,warmup_invalid_skip,0.0,0.0,0.0,0.0,0
159915,IV风格规则v1 (IV Style Rule v1),2023-09-28,2023-10-31,0,warmup_invalid_skip,0.0,0.0,0.0,0.0,0
159915,IV风格规则v1 (IV Style Rule v1),2023-10-31,2023-11-30,0,warmup_invalid_skip,0.0,0.0,0.0,0.0,0
159915,IV风格规则v1 (IV Style Rule v1),2023-11-30,2023-12-29,0,warmup_invalid_skip,0.0,0.0,0.0,0.0,0
159915,IV风格规则v1 (IV Style Rule v1),2023-12-29,2024-01-31,0,normal_iv_skip,0.0,0.0,0.0,0.0,0
159915,IV风格规则v1 (IV Style Rule v1),2024-01-31,2024-02-28,1,selected,0.0163731245923026,0.065883887801696,8.186562296151338e-06,-0.0495189497716895,1
159915,IV风格规则v1 (IV Style Rule v1),2024-02-29,2024-03-27,1,selected,0.0133446905167518,0.0,6.672345258375924e-06,0.0133380181714934,0
159915,IV风格规则v1 (IV Style Rule v1),2024-03-29,2024-04-24,1,selected,0.0091628959276018,0.0,4.5814479638009056e-06,0.009158314479638,0
159915,IV风格规则v1 (IV Style Rule v1),2024-04-30,2024-05-31,0,normal_iv_skip,0.0,0.0,0.0,0.0,0
159915,IV风格规则v1 (IV Style Rule v1),2024-05-31,2024-06-28,0,normal_iv_skip,0.0,0.0,0.0,0.0,0
159915,IV风格规则v1 (IV Style Rule v1),2024-06-28,2024-07-31,0,normal_iv_skip,0.0,0.0,0.0,0.0,0
159915,IV风格规则v1 (IV Style Rule v1),2024-07-31,2024-08-30,0,normal_iv_skip,0.0,0.0,0.0,0.0,0
159915,IV风格规则v1 (IV Style Rule v1),2024-08-30,2024-09-30,0,low_iv_skip,0.0,0.0,0.0,0.0,0
159915,IV风格规则v1 (IV Style Rule v1),2024-09-30,2024-10-23,1,selected,0.1384408602150537,0.050179211469534,6.922043010752688e-05,0.0881924283154121,1
159915,IV风格规则v1 (IV Style Rule v1),2024-10-31,2024-11-27,1,selected,0.0328934967012252,0.0,1.644674835061263e-05,0.0328770499528746,0
159915,IV风格规则v1 (IV Style Rule v1),2024-11-29,2024-12-25,1,selected,0.0165213400642496,0.0,8.260670032124829e-06,0.0165130793942175,0
159915,IV风格规则v1 (IV Style Rule v1),2024-12-31,2025-01-27,0,normal_iv_skip,0.0,0.0,0.0,0.0,0
159915,IV风格规则v1 (IV Style Rule v1),2025-01-27,2025-02-28,0,normal_iv_skip,0.0,0.0,0.0,0.0,0
159915,IV风格规则v1 (IV Style Rule v1),2025-02-28,2025-03-26,1,selected,0.0121710526315789,0.0,6.085526315789473e-06,0.0121649671052631,0
159915,IV风格规则v1 (IV Style Rule v1),2025-03-31,2025-04-30,0,low_iv_skip,0.0,0.0,0.0,0.0,0
159915,IV风格规则v1 (IV Style Rule v1),2025-04-30,2025-05-30,0,normal_iv_skip,0.0,0.0,0.0,0.0,0
159915,IV风格规则v1 (IV Style Rule v1),2025-05-30,2025-06-30,0,low_iv_skip,0.0,0.0,0.0,0.0,0
159915,IV风格规则v1 (IV Style Rule v1),2025-06-30,2025-07-31,0,normal_iv_skip,0.0,0.0,0.0,0.0,0
159915,IV风格规则v1 (IV Style Rule v1),2025-07-31,2025-08-29,0,normal_iv_skip,0.0,0.0,0.0,0.0,0
159915,IV风格规则v1 (IV Style Rule v1),2025-08-29,2025-09-24,1,selected,0.0295636998254799,0.0558464223385689,1.4781849912739963e-05,-0.0262975043630017,1
159915,IV风格规则v1 (IV Style Rule v1),2025-09-30,2025-10-22,1,selected,0.0150139881877525,0.0,7.506994093876283e-06,0.0150064811936586,0
159915,IV风格规则v1 (IV Style Rule v1),2025-10-31,2025-11-28,0,normal_iv_skip,0.0,0.0,0.0,0.0,0
159915,IV风格规则v1 (IV Style Rule v1),2025-11-28,2025-12-31,0,normal_iv_skip,0.0,0.0,0.0,0.0,0
159915,IV风格规则v1 (IV Style Rule v1),2025-12-31,2026-01-30,0,normal_iv_skip,0.0,0.0,0.0,0.0,0
159915,IV风格规则v1 (IV Style Rule v1),2026-01-30,2026-02-27,0,low_iv_skip,0.0,0.0,0.0,0.0,0
159915,IV风格规则v1 (IV Style Rule v1),2026-02-27,2026-03-31,0,low_iv_skip,0.0,0.0,0.0,0.0,0
159915,IV风格规则v1 (IV Style Rule v1),2026-03-31,2026-04-22,1,selected,0.0131049654305468,0.1439346323067254,6.552482715273413e-06,-0.1308362193588938,1
159915,IV风格规则v1 (IV Style Rule v1),2026-04-30,2026-05-29,0,normal_iv_skip,0.0,0.0,0.0,0.0,0
159915,IV风格规则v1 (IV Style Rule v1),2026-05-29,2026-06-03,1,selected,0.0124599062422896,0.0,6.229953121144831e-06,0.0124536762891685,0
510500,IV风格规则v1 (IV Style Rule v1),2021-01-29,2021-02-26,0,data_invalid_skip,0.0,0.0,0.0,0.0,0
510500,IV风格规则v1 (IV Style Rule v1),2021-02-26,2021-03-31,0,data_invalid_skip,0.0,0.0,0.0,0.0,0
510500,IV风格规则v1 (IV Style Rule v1),2021-03-31,2021-04-30,0,data_invalid_skip,0.0,0.0,0.0,0.0,0
510500,IV风格规则v1 (IV Style Rule v1),2021-04-30,2021-05-31,0,data_invalid_skip,0.0,0.0,0.0,0.0,0
510500,IV风格规则v1 (IV Style Rule v1),2021-05-31,2021-06-30,0,data_invalid_skip,0.0,0.0,0.0,0.0,0
510500,IV风格规则v1 (IV Style Rule v1),2021-06-30,2021-07-30,0,data_invalid_skip,0.0,0.0,0.0,0.0,0
510500,IV风格规则v1 (IV Style Rule v1),2021-07-30,2021-08-31,0,data_invalid_skip,0.0,0.0,0.0,0.0,0
510500,IV风格规则v1 (IV Style Rule v1),2021-08-31,2021-09-30,0,data_invalid_skip,0.0,0.0,0.0,0.0,0
510500,IV风格规则v1 (IV Style Rule v1),2021-09-30,2021-10-29,0,data_invalid_skip,0.0,0.0,0.0,0.0,0
510500,IV风格规则v1 (IV Style Rule v1),2021-10-29,2021-11-30,0,data_invalid_skip,0.0,0.0,0.0,0.0,0
510500,IV风格规则v1 (IV Style Rule v1),2021-11-30,2021-12-31,0,data_invalid_skip,0.0,0.0,0.0,0.0,0
510500,IV风格规则v1 (IV Style Rule v1),2021-12-31,2022-01-28,0,data_invalid_skip,0.0,0.0,0.0,0.0,0
510500,IV风格规则v1 (IV Style Rule v1),2022-01-28,2022-02-28,0,data_invalid_skip,0.0,0.0,0.0,0.0,0
510500,IV风格规则v1 (IV Style Rule v1),2022-02-28,2022-03-31,0,data_invalid_skip,0.0,0.0,0.0,0.0,0
510500,IV风格规则v1 (IV Style Rule v1),2022-03-31,2022-04-29,0,data_invalid_skip,0.0,0.0,0.0,0.0,0
510500,IV风格规则v1 (IV Style Rule v1),2022-04-29,2022-05-31,0,data_invalid_skip,0.0,0.0,0.0,0.0,0
510500,IV风格规则v1 (IV Style Rule v1),2022-05-31,2022-06-30,0,data_invalid_skip,0.0,0.0,0.0,0.0,0
510500,IV风格规则v1 (IV Style Rule v1),2022-06-30,2022-07-29,0,data_invalid_skip,0.0,0.0,0.0,0.0,0
510500,IV风格规则v1 (IV Style Rule v1),2022-07-29,2022-08-31,0,data_invalid_skip,0.0,0.0,0.0,0.0,0
510500,IV风格规则v1 (IV Style Rule v1),2022-08-31,2022-09-30,0,data_invalid_skip,0.0,0.0,0.0,0.0,0
510500,IV风格规则v1 (IV Style Rule v1),2022-09-30,2022-10-31,0,warmup_invalid_skip,0.0,0.0,0.0,0.0,0
510500,IV风格规则v1 (IV Style Rule v1),2022-10-31,2022-11-30,0,warmup_invalid_skip,0.0,0.0,0.0,0.0,0
510500,IV风格规则v1 (IV Style Rule v1),2022-11-30,2022-12-30,0,warmup_invalid_skip,0.0,0.0,0.0,0.0,0
510500,IV风格规则v1 (IV Style Rule v1),2022-12-30,2023-01-31,0,warmup_invalid_skip,0.0,0.0,0.0,0.0,0
510500,IV风格规则v1 (IV Style Rule v1),2023-01-31,2023-02-28,0,warmup_invalid_skip,0.0,0.0,0.0,0.0,0
510500,IV风格规则v1 (IV Style Rule v1),2023-02-28,2023-03-31,0,warmup_invalid_skip,0.0,0.0,0.0,0.0,0
510500,IV风格规则v1 (IV Style Rule v1),2023-03-31,2023-04-28,0,warmup_invalid_skip,0.0,0.0,0.0,0.0,0
510500,IV风格规则v1 (IV Style Rule v1),2023-04-28,2023-05-31,0,warmup_invalid_skip,0.0,0.0,0.0,0.0,0
510500,IV风格规则v1 (IV Style Rule v1),2023-05-31,2023-06-30,0,warmup_invalid_skip,0.0,0.0,0.0,0.0,0
510500,IV风格规则v1 (IV Style Rule v1),2023-06-30,2023-07-31,0,warmup_invalid_skip,0.0,0.0,0.0,0.0,0
510500,IV风格规则v1 (IV Style Rule v1),2023-07-31,2023-08-31,0,warmup_invalid_skip,0.0,0.0,0.0,0.0,0
510500,IV风格规则v1 (IV Style Rule v1),2023-08-31,2023-09-28,0,warmup_invalid_skip,0.0,0.0,0.0,0.0,0
510500,IV风格规则v1 (IV Style Rule v1),2023-09-28,2023-10-31,0,warmup_invalid_skip,0.0,0.0,0.0,0.0,0
510500,IV风格规则v1 (IV Style Rule v1),2023-10-31,2023-11-30,0,warmup_invalid_skip,0.0,0.0,0.0,0.0,0
510500,IV风格规则v1 (IV Style Rule v1),2023-11-30,2023-12-29,0,warmup_invalid_skip,0.0,0.0,0.0,0.0,0
510500,IV风格规则v1 (IV Style Rule v1),2023-12-29,2024-01-31,0,normal_iv_skip,0.0,0.0,0.0,0.0,0
510500,IV风格规则v1 (IV Style Rule v1),2024-01-31,2024-02-28,1,selected,0.0104327827723186,0.0541501149905917,5.216391386159314e-06,-0.0437225486096592,1
510500,IV风格规则v1 (IV Style Rule v1),2024-02-29,2024-03-27,1,selected,0.0109187994844411,0.0,5.459399742220585e-06,0.0109133400846989,0
510500,IV风格规则v1 (IV Style Rule v1),2024-03-29,2024-04-24,1,selected,0.0030534351145038,0.0,1.5267175572519084e-06,0.0030519083969465,0
510500,IV风格规则v1 (IV Style Rule v1),2024-04-30,2024-05-31,0,normal_iv_skip,0.0,0.0,0.0,0.0,0
510500,IV风格规则v1 (IV Style Rule v1),2024-05-31,2024-06-28,0,normal_iv_skip,0.0,0.0,0.0,0.0,0
510500,IV风格规则v1 (IV Style Rule v1),2024-06-28,2024-07-24,1,selected,0.0042233787029623,0.0,2.111689351481185e-06,0.0042212670136108,0
510500,IV风格规则v1 (IV Style Rule v1),2024-07-31,2024-08-30,0,normal_iv_skip,0.0,0.0,0.0,0.0,0
510500,IV风格规则v1 (IV Style Rule v1),2024-08-30,2024-09-30,0,normal_iv_skip,0.0,0.0,0.0,0.0,0
510500,IV风格规则v1 (IV Style Rule v1),2024-09-30,2024-10-23,1,selected,0.0446705587989991,0.0,2.233527939949958e-05,0.0446482235195996,0
510500,IV风格规则v1 (IV Style Rule v1),2024-10-31,2024-11-27,1,selected,0.0202833333333333,0.0,1.0141666666666666e-05,0.0202731916666666,0
510500,IV风格规则v1 (IV Style Rule v1),2024-11-29,2024-12-25,1,selected,0.0085800807537012,0.0,4.290040376850605e-06,0.0085757907133243,0
510500,IV风格规则v1 (IV Style Rule v1),2024-12-31,2025-01-22,1,selected,0.0036138358286009,0.0,1.8069179143004648e-06,0.0036120289106866,0
510500,IV风格规则v1 (IV Style Rule v1),2025-01-27,2025-02-28,0,normal_iv_skip,0.0,0.0,0.0,0.0,0
510500,IV风格规则v1 (IV Style Rule v1),2025-02-28,2025-03-31,0,normal_iv_skip,0.0,0.0,0.0,0.0,0
510500,IV风格规则v1 (IV Style Rule v1),2025-03-31,2025-04-30,0,low_iv_skip,0.0,0.0,0.0,0.0,0
510500,IV风格规则v1 (IV Style Rule v1),2025-04-30,2025-05-30,0,normal_iv_skip,0.0,0.0,0.0,0.0,0
510500,IV风格规则v1 (IV Style Rule v1),2025-05-30,2025-06-30,0,low_iv_skip,0.0,0.0,0.0,0.0,0
510500,IV风格规则v1 (IV Style Rule v1),2025-06-30,2025-07-31,0,low_iv_skip,0.0,0.0,0.0,0.0,0
510500,IV风格规则v1 (IV Style Rule v1),2025-07-31,2025-08-29,0,low_iv_skip,0.0,0.0,0.0,0.0,0
510500,IV风格规则v1 (IV Style Rule v1),2025-08-29,2025-09-24,1,selected,0.0112029127573169,0.0,5.601456378658452e-06,0.0111973113009382,0
510500,IV风格规则v1 (IV Style Rule v1),2025-09-30,2025-10-31,0,normal_iv_skip,0.0,0.0,0.0,0.0,0
510500,IV风格规则v1 (IV Style Rule v1),2025-10-31,2025-11-28,0,normal_iv_skip,0.0,0.0,0.0,0.0,0
510500,IV风格规则v1 (IV Style Rule v1),2025-11-28,2025-12-31,0,low_iv_skip,0.0,0.0,0.0,0.0,0
510500,IV风格规则v1 (IV Style Rule v1),2025-12-31,2026-01-30,0,normal_iv_skip,0.0,0.0,0.0,0.0,0
510500,IV风格规则v1 (IV Style Rule v1),2026-01-30,2026-02-25,1,selected,0.0077843601895734,0.0,3.89218009478673e-06,0.0077804680094786,0
510500,IV风格规则v1 (IV Style Rule v1),2026-02-27,2026-03-31,0,normal_iv_skip,0.0,0.0,0.0,0.0,0
510500,IV风格规则v1 (IV Style Rule v1),2026-03-31,2026-04-22,1,selected,0.0088637251073799,0.0592216582064297,4.431862553689965e-06,-0.0503623649616035,1
510500,IV风格规则v1 (IV Style Rule v1),2026-04-30,2026-05-29,0,normal_iv_skip,0.0,0.0,0.0,0.0,0
510500,IV风格规则v1 (IV Style Rule v1),2026-05-29,2026-06-03,1,selected,0.0066800900153973,0.0,3.3400450076986854e-06,0.0066767499703896,0
159915,IV风格规则+提前平仓v1 (IV Style Close v1),2021-01-29,2021-02-26,0,data_invalid_skip,0.0,0.0,0.0,0.0,0
159915,IV风格规则+提前平仓v1 (IV Style Close v1),2021-02-26,2021-03-31,0,data_invalid_skip,0.0,0.0,0.0,0.0,0
159915,IV风格规则+提前平仓v1 (IV Style Close v1),2021-03-31,2021-04-30,0,data_invalid_skip,0.0,0.0,0.0,0.0,0
159915,IV风格规则+提前平仓v1 (IV Style Close v1),2021-04-30,2021-05-31,0,data_invalid_skip,0.0,0.0,0.0,0.0,0
159915,IV风格规则+提前平仓v1 (IV Style Close v1),2021-05-31,2021-06-30,0,data_invalid_skip,0.0,0.0,0.0,0.0,0
159915,IV风格规则+提前平仓v1 (IV Style Close v1),2021-06-30,2021-07-30,0,data_invalid_skip,0.0,0.0,0.0,0.0,0
159915,IV风格规则+提前平仓v1 (IV Style Close v1),2021-07-30,2021-08-31,0,data_invalid_skip,0.0,0.0,0.0,0.0,0
159915,IV风格规则+提前平仓v1 (IV Style Close v1),2021-08-31,2021-09-30,0,data_invalid_skip,0.0,0.0,0.0,0.0,0
159915,IV风格规则+提前平仓v1 (IV Style Close v1),2021-09-30,2021-10-29,0,data_invalid_skip,0.0,0.0,0.0,0.0,0
159915,IV风格规则+提前平仓v1 (IV Style Close v1),2021-10-29,2021-11-30,0,data_invalid_skip,0.0,0.0,0.0,0.0,0
159915,IV风格规则+提前平仓v1 (IV Style Close v1),2021-11-30,2021-12-31,0,data_invalid_skip,0.0,0.0,0.0,0.0,0
159915,IV风格规则+提前平仓v1 (IV Style Close v1),2021-12-31,2022-01-28,0,data_invalid_skip,0.0,0.0,0.0,0.0,0
159915,IV风格规则+提前平仓v1 (IV Style Close v1),2022-01-28,2022-02-28,0,data_invalid_skip,0.0,0.0,0.0,0.0,0
159915,IV风格规则+提前平仓v1 (IV Style Close v1),2022-02-28,2022-03-31,0,data_invalid_skip,0.0,0.0,0.0,0.0,0
159915,IV风格规则+提前平仓v1 (IV Style Close v1),2022-03-31,2022-04-29,0,data_invalid_skip,0.0,0.0,0.0,0.0,0
159915,IV风格规则+提前平仓v1 (IV Style Close v1),2022-04-29,2022-05-31,0,data_invalid_skip,0.0,0.0,0.0,0.0,0
159915,IV风格规则+提前平仓v1 (IV Style Close v1),2022-05-31,2022-06-30,0,data_invalid_skip,0.0,0.0,0.0,0.0,0
159915,IV风格规则+提前平仓v1 (IV Style Close v1),2022-06-30,2022-07-29,0,data_invalid_skip,0.0,0.0,0.0,0.0,0
159915,IV风格规则+提前平仓v1 (IV Style Close v1),2022-07-29,2022-08-31,0,data_invalid_skip,0.0,0.0,0.0,0.0,0
159915,IV风格规则+提前平仓v1 (IV Style Close v1),2022-08-31,2022-09-30,0,data_invalid_skip,0.0,0.0,0.0,0.0,0
159915,IV风格规则+提前平仓v1 (IV Style Close v1),2022-09-30,2022-10-31,0,warmup_invalid_skip,0.0,0.0,0.0,0.0,0
159915,IV风格规则+提前平仓v1 (IV Style Close v1),2022-10-31,2022-11-30,0,warmup_invalid_skip,0.0,0.0,0.0,0.0,0
159915,IV风格规则+提前平仓v1 (IV Style Close v1),2022-11-30,2022-12-30,0,warmup_invalid_skip,0.0,0.0,0.0,0.0,0
159915,IV风格规则+提前平仓v1 (IV Style Close v1),2022-12-30,2023-01-31,0,warmup_invalid_skip,0.0,0.0,0.0,0.0,0
159915,IV风格规则+提前平仓v1 (IV Style Close v1),2023-01-31,2023-02-28,0,warmup_invalid_skip,0.0,0.0,0.0,0.0,0
159915,IV风格规则+提前平仓v1 (IV Style Close v1),2023-02-28,2023-03-31,0,warmup_invalid_skip,0.0,0.0,0.0,0.0,0
159915,IV风格规则+提前平仓v1 (IV Style Close v1),2023-03-31,2023-04-28,0,warmup_invalid_skip,0.0,0.0,0.0,0.0,0
159915,IV风格规则+提前平仓v1 (IV Style Close v1),2023-04-28,2023-05-31,0,warmup_invalid_skip,0.0,0.0,0.0,0.0,0
159915,IV风格规则+提前平仓v1 (IV Style Close v1),2023-05-31,2023-06-30,0,warmup_invalid_skip,0.0,0.0,0.0,0.0,0
159915,IV风格规则+提前平仓v1 (IV Style Close v1),2023-06-30,2023-07-31,0,warmup_invalid_skip,0.0,0.0,0.0,0.0,0
159915,IV风格规则+提前平仓v1 (IV Style Close v1),2023-07-31,2023-08-31,0,warmup_invalid_skip,0.0,0.0,0.0,0.0,0
159915,IV风格规则+提前平仓v1 (IV Style Close v1),2023-08-31,2023-09-28,0,warmup_invalid_skip,0.0,0.0,0.0,0.0,0
159915,IV风格规则+提前平仓v1 (IV Style Close v1),2023-09-28,2023-10-31,0,warmup_invalid_skip,0.0,0.0,0.0,0.0,0
159915,IV风格规则+提前平仓v1 (IV Style Close v1),2023-10-31,2023-11-30,0,warmup_invalid_skip,0.0,0.0,0.0,0.0,0
159915,IV风格规则+提前平仓v1 (IV Style Close v1),2023-11-30,2023-12-29,0,warmup_invalid_skip,0.0,0.0,0.0,0.0,0
159915,IV风格规则+提前平仓v1 (IV Style Close v1),2023-12-29,2024-01-31,0,normal_iv_skip,0.0,0.0,0.0,0.0,0
159915,IV风格规则+提前平仓v1 (IV Style Close v1),2024-01-31,2024-02-28,1,selected,0.0163731245923026,0.065883887801696,8.186562296151338e-06,-0.0495189497716895,1
159915,IV风格规则+提前平仓v1 (IV Style Close v1),2024-02-29,2024-03-27,1,selected,0.0133446905167518,0.0,6.672345258375924e-06,0.0133380181714934,0
159915,IV风格规则+提前平仓v1 (IV Style Close v1),2024-03-29,2024-04-24,1,selected,0.0091628959276018,0.0,4.5814479638009056e-06,0.009158314479638,0
159915,IV风格规则+提前平仓v1 (IV Style Close v1),2024-04-30,2024-05-31,0,normal_iv_skip,0.0,0.0,0.0,0.0,0
159915,IV风格规则+提前平仓v1 (IV Style Close v1),2024-05-31,2024-06-28,0,normal_iv_skip,0.0,0.0,0.0,0.0,0
159915,IV风格规则+提前平仓v1 (IV Style Close v1),2024-06-28,2024-07-31,0,normal_iv_skip,0.0,0.0,0.0,0.0,0
159915,IV风格规则+提前平仓v1 (IV Style Close v1),2024-07-31,2024-08-30,0,normal_iv_skip,0.0,0.0,0.0,0.0,0
159915,IV风格规则+提前平仓v1 (IV Style Close v1),2024-08-30,2024-09-30,0,low_iv_skip,0.0,0.0,0.0,0.0,0
159915,IV风格规则+提前平仓v1 (IV Style Close v1),2024-09-30,2024-10-23,1,selected,0.1384408602150537,0.050179211469534,6.922043010752688e-05,0.0881924283154121,1
159915,IV风格规则+提前平仓v1 (IV Style Close v1),2024-10-31,2024-11-27,1,selected,0.0328934967012252,0.0,1.644674835061263e-05,0.0328770499528746,0
159915,IV风格规则+提前平仓v1 (IV Style Close v1),2024-11-29,2024-12-25,1,selected,0.0165213400642496,0.0,8.260670032124829e-06,0.0165130793942175,0
159915,IV风格规则+提前平仓v1 (IV Style Close v1),2024-12-31,2025-01-27,0,normal_iv_skip,0.0,0.0,0.0,0.0,0
159915,IV风格规则+提前平仓v1 (IV Style Close v1),2025-01-27,2025-02-28,0,normal_iv_skip,0.0,0.0,0.0,0.0,0
159915,IV风格规则+提前平仓v1 (IV Style Close v1),2025-02-28,2025-03-31,1,selected,0.0121710526315789,0.0055921052631578,8.881578947368421e-06,0.0065700657894736,0
159915,IV风格规则+提前平仓v1 (IV Style Close v1),2025-03-31,2025-04-30,0,low_iv_skip,0.0,0.0,0.0,0.0,0
159915,IV风格规则+提前平仓v1 (IV Style Close v1),2025-04-30,2025-05-30,0,normal_iv_skip,0.0,0.0,0.0,0.0,0
159915,IV风格规则+提前平仓v1 (IV Style Close v1),2025-05-30,2025-06-30,0,low_iv_skip,0.0,0.0,0.0,0.0,0
159915,IV风格规则+提前平仓v1 (IV Style Close v1),2025-06-30,2025-07-31,0,normal_iv_skip,0.0,0.0,0.0,0.0,0
159915,IV风格规则+提前平仓v1 (IV Style Close v1),2025-07-31,2025-08-29,0,normal_iv_skip,0.0,0.0,0.0,0.0,0
159915,IV风格规则+提前平仓v1 (IV Style Close v1),2025-08-29,2025-09-24,1,selected,0.0295636998254799,0.0558464223385689,1.4781849912739963e-05,-0.0262975043630017,1
159915,IV风格规则+提前平仓v1 (IV Style Close v1),2025-09-30,2025-10-31,1,selected,0.0150139881877525,6.216972334473111e-05,7.538078955548648e-06,0.0149442803854522,0
159915,IV风格规则+提前平仓v1 (IV Style Close v1),2025-10-31,2025-11-28,0,normal_iv_skip,0.0,0.0,0.0,0.0,0
159915,IV风格规则+提前平仓v1 (IV Style Close v1),2025-11-28,2025-12-31,0,normal_iv_skip,0.0,0.0,0.0,0.0,0
159915,IV风格规则+提前平仓v1 (IV Style Close v1),2025-12-31,2026-01-30,0,normal_iv_skip,0.0,0.0,0.0,0.0,0
159915,IV风格规则+提前平仓v1 (IV Style Close v1),2026-01-30,2026-02-27,0,low_iv_skip,0.0,0.0,0.0,0.0,0
159915,IV风格规则+提前平仓v1 (IV Style Close v1),2026-02-27,2026-03-31,0,low_iv_skip,0.0,0.0,0.0,0.0,0
159915,IV风格规则+提前平仓v1 (IV Style Close v1),2026-03-31,2026-04-22,1,selected,0.0131049654305468,0.1439346323067254,6.552482715273413e-06,-0.1308362193588938,1
159915,IV风格规则+提前平仓v1 (IV Style Close v1),2026-04-30,2026-05-29,0,normal_iv_skip,0.0,0.0,0.0,0.0,0
159915,IV风格规则+提前平仓v1 (IV Style Close v1),2026-05-29,2026-06-03,1,selected,0.0124599062422896,0.0,6.229953121144831e-06,0.0124536762891685,0
510050,IV风格规则+提前平仓v1 (IV Style Close v1),2021-01-29,2021-02-24,1,selected,0.0258639308855291,0.0237580993520517,1.2931965442764576e-05,0.0020928995680346,1
510050,IV风格规则+提前平仓v1 (IV Style Close v1),2021-02-26,2021-03-24,1,selected,0.0265562383115148,0.0,1.3278119155757415e-05,0.026542960192359,0
510050,IV风格规则+提前平仓v1 (IV Style Close v1),2021-03-31,2021-04-28,1,selected,0.0218882903317266,0.0,1.094414516586334e-05,0.0218773461865608,0
510050,IV风格规则+提前平仓v1 (IV Style Close v1),2021-04-30,2021-05-26,1,selected,0.0160252728317059,0.0425043078690408,8.012636415852959e-06,-0.0264870476737507,1
510050,IV风格规则+提前平仓v1 (IV Style Close v1),2021-05-31,2021-06-23,1,selected,0.0225336630942566,0.0,1.1266831547128334e-05,0.0225223962627095,0
510050,IV风格规则+提前平仓v1 (IV Style Close v1),2021-06-30,2021-07-28,1,selected,0.0214509246088193,0.0,1.072546230440967e-05,0.0214401991465149,0
510050,IV风格规则+提前平仓v1 (IV Style Close v1),2021-07-30,2021-08-25,1,selected,0.015333544103699,0.0,7.66677205184951e-06,0.0153258773316471,0
510050,IV风格规则+提前平仓v1 (IV Style Close v1),2021-08-31,2021-09-22,1,selected,0.0254939451880178,0.0184831102613128,1.2746972594008924e-05,0.0069980879541109,1
510050,IV风格规则+提前平仓v1 (IV Style Close v1),2021-09-30,2021-10-27,1,selected,0.0272980501392757,0.0269266480965644,1.3649025069637885e-05,0.0003577530176416,1
510050,IV风格规则+提前平仓v1 (IV Style Close v1),2021-10-29,2021-11-24,1,selected,0.0201573849878934,0.0,1.0078692493946732e-05,0.0201473062953995,0
510050,IV风格规则+提前平仓v1 (IV Style Close v1),2021-11-30,2021-12-22,1,selected,0.0186472819216182,0.0268647281921619,9.323640960809102e-06,-0.0082267699115045,1
510050,IV风格规则+提前平仓v1 (IV Style Close v1),2021-12-31,2022-01-26,1,selected,0.0188882063882063,0.0,9.444103194103195e-06,0.0188787622850122,0
510050,IV风格规则+提前平仓v1 (IV Style Close v1),2022-01-28,2022-02-23,1,selected,0.0292490118577075,0.0329380764163373,1.4624505928853756e-05,-0.0037036890645586,1
510050,IV风格规则+提前平仓v1 (IV Style Close v1),2022-02-28,2022-03-23,1,selected,0.0181639986932375,0.0,9.081999346618751e-06,0.0181549166938908,0
510050,IV风格规则+提前平仓v1 (IV Style Close v1),2022-03-31,2022-04-27,1,selected,0.0134849010760152,0.0,6.742450538007637e-06,0.0134781586254772,0
510050,IV风格规则+提前平仓v1 (IV Style Close v1),2022-04-29,2022-05-25,1,selected,0.0208020050125313,0.0,1.0401002506265665e-05,0.020791604010025,0
510050,IV风格规则+提前平仓v1 (IV Style Close v1),2022-05-31,2022-06-22,1,selected,0.0181948424068767,0.0351002865329514,9.097421203438396e-06,-0.016914541547278,1
510050,IV风格规则+提前平仓v1 (IV Style Close v1),2022-06-30,2022-07-27,1,selected,0.018931247963506,0.0,9.465623981753017e-06,0.0189217823395242,0
510050,IV风格规则+提前平仓v1 (IV Style Close v1),2022-07-29,2022-08-24,1,selected,0.013286775106082,0.0,6.643387553041018e-06,0.0132801317185289,0
510050,IV风格规则+提前平仓v1 (IV Style Close v1),2022-08-31,2022-09-30,1,selected,0.0097286683327383,0.0038557657979293,6.792217065333809e-06,0.0058661103177436,0
510050,IV风格规则+提前平仓v1 (IV Style Close v1),2022-09-30,2022-10-26,1,selected,0.0094905660377358,0.0,4.745283018867924e-06,0.0094858207547169,0
510050,IV风格规则+提前平仓v1 (IV Style Close v1),2022-10-31,2022-11-23,1,selected,0.0222888984140591,0.0964423489069867,1.1144449207029574e-05,-0.0741645949421346,1
510050,IV风格规则+提前平仓v1 (IV Style Close v1),2022-11-30,2022-12-28,1,selected,0.0170132325141776,0.0,8.506616257088846e-06,0.0170047258979206,0
510050,IV风格规则+提前平仓v1 (IV Style Close v1),2022-12-30,2023-01-31,0,ultra_low_iv_skip,0.0,0.0,0.0,0.0,0
510050,IV风格规则+提前平仓v1 (IV Style Close v1),2023-01-31,2023-02-22,1,selected,0.0173731819794253,0.0,8.686590989712664e-06,0.0173644953884356,0
510050,IV风格规则+提前平仓v1 (IV Style Close v1),2023-02-28,2023-03-31,1,selected,0.0089584850691915,1.820830298616169e-05,4.488346686088856e-06,0.0089357884195193,0
510050,IV风格规则+提前平仓v1 (IV Style Close v1),2023-03-31,2023-04-28,0,ultra_low_iv_skip,0.0,0.0,0.0,0.0,0
510050,IV风格规则+提前平仓v1 (IV Style Close v1),2023-04-28,2023-05-31,0,ultra_low_iv_skip,0.0,0.0,0.0,0.0,0
510050,IV风格规则+提前平仓v1 (IV Style Close v1),2023-05-31,2023-06-28,1,selected,0.0104,0.0099999999999999,5.199999999999999e-06,0.0003948,1
510050,IV风格规则+提前平仓v1 (IV Style Close v1),2023-06-30,2023-07-31,0,ultra_low_iv_skip,0.0,0.0,0.0,0.0,0
510050,IV风格规则+提前平仓v1 (IV Style Close v1),2023-07-31,2023-08-23,1,selected,0.0118363236909556,0.0,5.918161845477847e-06,0.0118304055291102,0
510050,IV风格规则+提前平仓v1 (IV Style Close v1),2023-08-31,2023-09-27,1,selected,0.013523166023166,0.0011583011583011,6.761583011583011e-06,0.0123581032818532,1
510050,IV风格规则+提前平仓v1 (IV Style Close v1),2023-09-28,2023-10-31,1,selected,0.0076074332171893,0.0034068912117692,5.507162214479288e-06,0.0041950348432055,0
510050,IV风格规则+提前平仓v1 (IV Style Close v1),2023-10-31,2023-11-30,0,ultra_low_iv_skip,0.0,0.0,0.0,0.0,0
510050,IV风格规则+提前平仓v1 (IV Style Close v1),2023-11-30,2023-12-29,0,ultra_low_iv_skip,0.0,0.0,0.0,0.0,0
510050,IV风格规则+提前平仓v1 (IV Style Close v1),2023-12-29,2024-01-24,1,selected,0.0092144373673036,0.0,4.607218683651805e-06,0.0092098301486199,0
510050,IV风格规则+提前平仓v1 (IV Style Close v1),2024-01-31,2024-02-28,1,selected,0.0197643979057591,0.0541012216404887,9.882198952879583e-06,-0.0343467059336824,1
510050,IV风格规则+提前平仓v1 (IV Style Close v1),2024-02-29,2024-03-29,1,selected,0.0193944353518821,0.0027004909983633,1.104746317512275e-05,0.0166828968903436,0
510050,IV风格规则+提前平仓v1 (IV Style Close v1),2024-03-29,2024-04-30,0,ultra_low_iv_skip,0.0,0.0,0.0,0.0,0
510050,IV风格规则+提前平仓v1 (IV Style Close v1),2024-04-30,2024-05-31,0,ultra_low_iv_skip,0.0,0.0,0.0,0.0,0
510050,IV风格规则+提前平仓v1 (IV Style Close v1),2024-05-31,2024-06-28,0,ultra_low_iv_skip,0.0,0.0,0.0,0.0,0
510050,IV风格规则+提前平仓v1 (IV Style Close v1),2024-06-28,2024-07-31,0,ultra_low_iv_skip,0.0,0.0,0.0,0.0,0
510050,IV风格规则+提前平仓v1 (IV Style Close v1),2024-07-31,2024-08-30,0,ultra_low_iv_skip,0.0,0.0,0.0,0.0,0
510050,IV风格规则+提前平仓v1 (IV Style Close v1),2024-08-30,2024-09-30,0,ultra_low_iv_skip,0.0,0.0,0.0,0.0,0
510050,IV风格规则+提前平仓v1 (IV Style Close v1),2024-09-30,2024-10-23,1,selected,0.051289102784462,0.0,2.5644551392231008e-05,0.0512634582330697,0
510050,IV风格规则+提前平仓v1 (IV Style Close v1),2024-10-31,2024-11-27,1,selected,0.0299160890186063,0.0,1.4958044509303174e-05,0.029901130974097,0
510050,IV风格规则+提前平仓v1 (IV Style Close v1),2024-11-29,2024-12-25,1,selected,0.0124450951683748,0.0073206442166909,6.222547584187409e-06,0.0051182284040997,1
510050,IV风格规则+提前平仓v1 (IV Style Close v1),2024-12-31,2025-01-22,1,selected,0.0116417092768444,0.0,5.820854638422207e-06,0.0116358884222059,0
510050,IV风格规则+提前平仓v1 (IV Style Close v1),2025-01-27,2025-02-26,1,selected,0.01183314415437,0.021566401816118,5.916572077185018e-06,-0.0097391742338252,1
510050,IV风格规则+提前平仓v1 (IV Style Close v1),2025-02-28,2025-03-26,1,selected,0.0132809611829944,0.0099815157116451,6.640480591497227e-06,0.0032928049907578,1
510050,IV风格规则+提前平仓v1 (IV Style Close v1),2025-03-31,2025-04-23,1,selected,0.0150825688073394,0.0022018348623853,7.541284403669725e-06,0.0128731926605504,1
510050,IV风格规则+提前平仓v1 (IV Style Close v1),2025-04-30,2025-05-28,1,selected,0.0106665428889714,0.0130894912736724,5.333271444485704e-06,-0.0024282816561454,1
510050,IV风格规则+提前平仓v1 (IV Style Close v1),2025-05-30,2025-06-30,1,selected,0.0065296471444161,0.0021098581302291,4.319752637322663e-06,0.0044154692615496,0
510050,IV风格规则+提前平仓v1 (IV Style Close v1),2025-06-30,2025-07-31,0,ultra_low_iv_skip,0.0,0.0,0.0,0.0,0
510050,IV风格规则+提前平仓v1 (IV Style Close v1),2025-07-31,2025-08-27,1,selected,0.012314591238358,0.0390651948947913,6.157295619179027e-06,-0.0267567609520524,1
510050,IV风格规则+提前平仓v1 (IV Style Close v1),2025-08-29,2025-09-24,1,selected,0.0266066838046272,0.0,1.3303341902313623e-05,0.0265933804627249,0
510050,IV风格规则+提前平仓v1 (IV Style Close v1),2025-09-30,2025-10-22,1,selected,0.0147072936660268,0.0115163147792706,7.353646833013436e-06,0.0031836252399232,1
510050,IV风格规则+提前平仓v1 (IV Style Close v1),2025-10-31,2025-11-26,1,selected,0.0085917721518987,0.0,4.295886075949368e-06,0.0085874762658227,0
510050,IV风格规则+提前平仓v1 (IV Style Close v1),2025-11-28,2025-12-31,1,selected,0.0029151943462897,0.0010118856408609,1.9635399935753294e-06,0.0019013451654352,0
510050,IV风格规则+提前平仓v1 (IV Style Close v1),2025-12-31,2026-01-30,0,ultra_low_iv_skip,0.0,0.0,0.0,0.0,0
510050,IV风格规则+提前平仓v1 (IV Style Close v1),2026-01-30,2026-02-25,1,selected,0.0199237368922783,0.0081029551954241,9.96186844613918e-06,0.011810819828408,1
510050,IV风格规则+提前平仓v1 (IV Style Close v1),2026-02-27,2026-03-31,0,ultra_low_iv_skip,0.0,0.0,0.0,0.0,0
510050,IV风格规则+提前平仓v1 (IV Style Close v1),2026-03-31,2026-04-22,1,selected,0.0162301860785665,0.0361819434872501,8.115093039283254e-06,-0.0199598725017229,1
510050,IV风格规则+提前平仓v1 (IV Style Close v1),2026-04-30,2026-05-29,0,ultra_low_iv_skip,0.0,0.0,0.0,0.0,0
510050,IV风格规则+提前平仓v1 (IV Style Close v1),2026-05-29,2026-06-03,1,selected,0.0166166166166166,0.0,8.308308308308309e-06,0.0166083083083083,0
510300,IV风格规则+提前平仓v1 (IV Style Close v1),2021-01-29,2021-02-24,1,selected,0.0175205684367988,0.0,8.760284218399401e-06,0.0175118081525804,0
510300,IV风格规则+提前平仓v1 (IV Style Close v1),2021-02-26,2021-03-24,1,selected,0.0337774441733908,0.0,1.6888722086695438e-05,0.0337605554513041,0
510300,IV风格规则+提前平仓v1 (IV Style Close v1),2021-03-31,2021-04-28,1,selected,0.0231485148514851,0.0251485148514851,1.1574257425742575e-05,-0.0020115742574256,1
510300,IV风格规则+提前平仓v1 (IV Style Close v1),2021-04-30,2021-05-26,1,selected,0.0088728549141965,0.015210608424337,4.436427457098284e-06,-0.0063421899375975,1
510300,IV风格规则+提前平仓v1 (IV Style Close v1),2021-05-31,2021-06-23,1,selected,0.0323529411764705,0.0,1.6176470588235293e-05,0.0323367647058823,0
510300,IV风格规则+提前平仓v1 (IV Style Close v1),2021-06-30,2021-07-28,1,selected,0.0197869101978691,0.0,9.89345509893455e-06,0.0197770167427701,0
510300,IV风格规则+提前平仓v1 (IV Style Close v1),2021-07-30,2021-08-25,1,selected,0.0141625615763546,0.0145730706075533,7.081280788177341e-06,-0.0004175903119868,1
510300,IV风格规则+提前平仓v1 (IV Style Close v1),2021-08-31,2021-09-22,1,selected,0.0135683541709366,0.0,6.784177085468334e-06,0.0135615699938511,0
510300,IV风格规则+提前平仓v1 (IV Style Close v1),2021-09-30,2021-10-27,1,selected,0.0245187436676798,0.0141843971631204,1.225937183383992e-05,0.0103220871327255,1
510300,IV风格规则+提前平仓v1 (IV Style Close v1),2021-10-29,2021-11-24,1,selected,0.0164224051395302,0.0,8.211202569765107e-06,0.0164141939369604,0
510300,IV风格规则+提前平仓v1 (IV Style Close v1),2021-11-30,2021-12-22,1,selected,0.0163917735695377,0.0166972103441254,8.195886784768887e-06,-0.0003136326613723,1
510300,IV风格规则+提前平仓v1 (IV Style Close v1),2021-12-31,2022-01-26,1,selected,0.0179712460063897,0.0,8.985623003194887e-06,0.0179622603833865,0
510300,IV风格规则+提前平仓v1 (IV Style Close v1),2022-01-28,2022-02-23,1,selected,0.0252525252525252,0.0188844971453667,1.2626262626262626e-05,0.0063554018445322,1
510300,IV风格规则+提前平仓v1 (IV Style Close v1),2022-02-28,2022-03-23,1,selected,0.0131918617370378,0.0,6.595930868518924e-06,0.0131852658061693,0
510300,IV风格规则+提前平仓v1 (IV Style Close v1),2022-03-31,2022-04-27,1,selected,0.0221669037458511,0.0,1.1083451872925556e-05,0.0221558202939781,0
510300,IV风格规则+提前平仓v1 (IV Style Close v1),2022-04-29,2022-05-25,1,selected,0.0241095890410958,0.0,1.2054794520547944e-05,0.0240975342465753,0
510300,IV风格规则+提前平仓v1 (IV Style Close v1),2022-05-31,2022-06-22,1,selected,0.0177304964539007,0.0464661286378088,8.865248226950355e-06,-0.028744497432135,1
510300,IV风格规则+提前平仓v1 (IV Style Close v1),2022-06-30,2022-07-27,1,selected,0.0239574090505767,0.0,1.1978704525288375e-05,0.0239454303460514,0
510300,IV风格规则+提前平仓v1 (IV Style Close v1),2022-07-29,2022-08-24,1,selected,0.0170260663507109,0.0,8.51303317535545e-06,0.0170175533175355,0
510300,IV风格规则+提前平仓v1 (IV Style Close v1),2022-08-31,2022-09-28,1,selected,0.0186368027046607,0.0,9.318401352330356e-06,0.0186274843033083,0
510300,IV风格规则+提前平仓v1 (IV Style Close v1),2022-09-30,2022-10-26,1,selected,0.0111491726990692,0.0,5.574586349534644e-06,0.0111435981127197,0
510300,IV风格规则+提前平仓v1 (IV Style Close v1),2022-10-31,2022-11-23,1,selected,0.0207573632538569,0.0656381486676016,1.037868162692847e-05,-0.0448911640953716,1
510300,IV风格规则+提前平仓v1 (IV Style Close v1),2022-11-30,2022-12-28,1,selected,0.0259524418307338,0.0086934287905907,1.2976220915366916e-05,0.0172460368192277,1
510300,IV风格规则+提前平仓v1 (IV Style Close v1),2022-12-30,2023-01-31,0,ultra_low_iv_skip,0.0,0.0,0.0,0.0,0
510300,IV风格规则+提前平仓v1 (IV Style Close v1),2023-01-31,2023-02-28,1,selected,0.0103029574416927,0.0033181053137773,6.810531377735032e-06,0.0069780415965376,0
510300,IV风格规则+提前平仓v1 (IV Style Close v1),2023-02-28,2023-03-31,1,selected,0.007111274871039,0.0006018177352001,3.856546303119627e-06,0.0065056005895357,0
510300,IV风格规则+提前平仓v1 (IV Style Close v1),2023-03-31,2023-04-28,0,ultra_low_iv_skip,0.0,0.0,0.0,0.0,0
510300,IV风格规则+提前平仓v1 (IV Style Close v1),2023-04-28,2023-05-31,0,ultra_low_iv_skip,0.0,0.0,0.0,0.0,0
510300,IV风格规则+提前平仓v1 (IV Style Close v1),2023-05-31,2023-06-30,0,ultra_low_iv_skip,0.0,0.0,0.0,0.0,0
510300,IV风格规则+提前平仓v1 (IV Style Close v1),2023-06-30,2023-07-31,0,ultra_low_iv_skip,0.0,0.0,0.0,0.0,0
510300,IV风格规则+提前平仓v1 (IV Style Close v1),2023-07-31,2023-08-23,1,selected,0.0119551909892262,0.0,5.977595494613126e-06,0.0119492133937316,0
510300,IV风格规则+提前平仓v1 (IV Style Close v1),2023-08-31,2023-09-27,1,selected,0.0192432925240948,0.0,9.62164626204741e-06,0.0192336708778327,0
510300,IV风格规则+提前平仓v1 (IV Style Close v1),2023-09-28,2023-10-25,1,selected,0.0099628055260361,0.0,4.981402763018067e-06,0.0099578241232731,0
510300,IV风格规则+提前平仓v1 (IV Style Close v1),2023-10-31,2023-11-30,1,selected,0.0112239297475301,0.0004116355653128,5.817782656421514e-06,0.0108064763995609,0
510300,IV风格规则+提前平仓v1 (IV Style Close v1),2023-11-30,2023-12-29,0,ultra_low_iv_skip,0.0,0.0,0.0,0.0,0
510300,IV风格规则+提前平仓v1 (IV Style Close v1),2023-12-29,2024-01-24,1,selected,0.0062875107173478,0.0,3.1437553586739065e-06,0.0062843669619891,0
510300,IV风格规则+提前平仓v1 (IV Style Close v1),2024-01-31,2024-02-28,1,selected,0.0190875232774674,0.0673494723774053,9.543761638733708e-06,-0.0482714928615766,1
510300,IV风格规则+提前平仓v1 (IV Style Close v1),2024-02-29,2024-03-27,1,selected,0.0215244076505852,0.0,1.0762203825292605e-05,0.0215136454467599,0
510300,IV风格规则+提前平仓v1 (IV Style Close v1),2024-03-29,2024-04-30,1,selected,0.0098411798071469,0.0048071469086783,7.324163357912649e-06,0.0050267087351106,0
510300,IV风格规则+提前平仓v1 (IV Style Close v1),2024-04-30,2024-05-22,1,selected,0.0072957198443579,0.0111172873818788,3.647859922178989e-06,-0.003825215397443,1
510300,IV风格规则+提前平仓v1 (IV Style Close v1),2024-05-31,2024-06-28,0,ultra_low_iv_skip,0.0,0.0,0.0,0.0,0
510300,IV风格规则+提前平仓v1 (IV Style Close v1),2024-06-28,2024-07-31,0,ultra_low_iv_skip,0.0,0.0,0.0,0.0,0
510300,IV风格规则+提前平仓v1 (IV Style Close v1),2024-07-31,2024-08-30,0,ultra_low_iv_skip,0.0,0.0,0.0,0.0,0
510300,IV风格规则+提前平仓v1 (IV Style Close v1),2024-08-30,2024-09-30,0,ultra_low_iv_skip,0.0,0.0,0.0,0.0,0
510300,IV风格规则+提前平仓v1 (IV Style Close v1),2024-09-30,2024-10-23,1,selected,0.0495629577132057,0.0,2.4781478856602884e-05,0.0495381762343491,0
510300,IV风格规则+提前平仓v1 (IV Style Close v1),2024-10-31,2024-11-27,1,selected,0.0286325862503147,0.0,1.4316293125157391e-05,0.0286182699571896,0
510300,IV风格规则+提前平仓v1 (IV Style Close v1),2024-11-29,2024-12-25,1,selected,0.0221944513871532,0.0179955011247188,1.1097225693576606e-05,0.0041878530367407,1
510300,IV风格规则+提前平仓v1 (IV Style Close v1),2024-12-31,2025-01-22,1,selected,0.0136126305320735,0.0,6.8063152660367964e-06,0.0136058242168075,0
510300,IV风格规则+提前平仓v1 (IV Style Close v1),2025-01-27,2025-02-26,1,selected,0.0140325057588942,0.0295623240337855,7.016252879447146e-06,-0.0155368345277707,1
510300,IV风格规则+提前平仓v1 (IV Style Close v1),2025-02-28,2025-03-31,1,selected,0.0120555833750625,0.0013332498748122,6.694416624937405e-06,0.0107156390836254,0
510300,IV风格规则+提前平仓v1 (IV Style Close v1),2025-03-31,2025-04-23,1,selected,0.0092055722891566,0.0,4.6027861445783125e-06,0.009200969503012,0
510300,IV风格规则+提前平仓v1 (IV Style Close v1),2025-04-30,2025-05-28,1,selected,0.0086329539575788,0.0081479565442318,4.316476978789446e-06,0.0004806809363682,1
510300,IV风格规则+提前平仓v1 (IV Style Close v1),2025-05-30,2025-06-30,1,selected,0.0078807779742359,0.0015660520333417,4.723415003788836e-06,0.0063100025258903,0
510300,IV风格规则+提前平仓v1 (IV Style Close v1),2025-06-30,2025-07-31,0,ultra_low_iv_skip,0.0,0.0,0.0,0.0,0
510300,IV风格规则+提前平仓v1 (IV Style Close v1),2025-07-31,2025-08-27,1,selected,0.008754512635379,0.0496389891696749,4.377256317689531e-06,-0.0408888537906136,1
510300,IV风格规则+提前平仓v1 (IV Style Close v1),2025-08-29,2025-09-24,1,selected,0.0257987394044772,0.013692675505325,1.2899369702238644e-05,0.0120931645294499,1
510300,IV风格规则+提前平仓v1 (IV Style Close v1),2025-09-30,2025-10-22,1,selected,0.0152183083737608,0.0,7.609154186880405e-06,0.0152106992195739,0
510300,IV风格规则+提前平仓v1 (IV Style Close v1),2025-10-31,2025-11-28,1,selected,0.0099348191757779,1.576955424726661e-05,4.975294365012616e-06,0.0099140743271656,0
510300,IV风格规则+提前平仓v1 (IV Style Close v1),2025-11-28,2025-12-31,0,ultra_low_iv_skip,0.0,0.0,0.0,0.0,0
510300,IV风格规则+提前平仓v1 (IV Style Close v1),2025-12-31,2026-01-28,1,selected,0.0056595834209972,0.0,2.8297917104986324e-06,0.0056567536292867,0
510300,IV风格规则+提前平仓v1 (IV Style Close v1),2026-01-30,2026-02-27,1,selected,0.0145828911059223,0.0068934408830396,1.0738165994481e-05,0.0076787120568881,0
510300,IV风格规则+提前平仓v1 (IV Style Close v1),2026-02-27,2026-03-31,0,ultra_low_iv_skip,0.0,0.0,0.0,0.0,0
510300,IV风格规则+提前平仓v1 (IV Style Close v1),2026-03-31,2026-04-22,1,selected,0.01165135559041,0.0696840690118754,5.825677795205018e-06,-0.0580385390992605,1
510300,IV风格规则+提前平仓v1 (IV Style Close v1),2026-04-30,2026-05-29,0,ultra_low_iv_skip,0.0,0.0,0.0,0.0,0
510300,IV风格规则+提前平仓v1 (IV Style Close v1),2026-05-29,2026-06-03,1,selected,0.0139701401584399,0.0099024984765386,6.985070079219988e-06,0.0040606566118221,1
510500,IV风格规则+提前平仓v1 (IV Style Close v1),2021-01-29,2021-02-26,0,data_invalid_skip,0.0,0.0,0.0,0.0,0
510500,IV风格规则+提前平仓v1 (IV Style Close v1),2021-02-26,2021-03-31,0,data_invalid_skip,0.0,0.0,0.0,0.0,0
510500,IV风格规则+提前平仓v1 (IV Style Close v1),2021-03-31,2021-04-30,0,data_invalid_skip,0.0,0.0,0.0,0.0,0
510500,IV风格规则+提前平仓v1 (IV Style Close v1),2021-04-30,2021-05-31,0,data_invalid_skip,0.0,0.0,0.0,0.0,0
510500,IV风格规则+提前平仓v1 (IV Style Close v1),2021-05-31,2021-06-30,0,data_invalid_skip,0.0,0.0,0.0,0.0,0
510500,IV风格规则+提前平仓v1 (IV Style Close v1),2021-06-30,2021-07-30,0,data_invalid_skip,0.0,0.0,0.0,0.0,0
510500,IV风格规则+提前平仓v1 (IV Style Close v1),2021-07-30,2021-08-31,0,data_invalid_skip,0.0,0.0,0.0,0.0,0
510500,IV风格规则+提前平仓v1 (IV Style Close v1),2021-08-31,2021-09-30,0,data_invalid_skip,0.0,0.0,0.0,0.0,0
510500,IV风格规则+提前平仓v1 (IV Style Close v1),2021-09-30,2021-10-29,0,data_invalid_skip,0.0,0.0,0.0,0.0,0
510500,IV风格规则+提前平仓v1 (IV Style Close v1),2021-10-29,2021-11-30,0,data_invalid_skip,0.0,0.0,0.0,0.0,0
510500,IV风格规则+提前平仓v1 (IV Style Close v1),2021-11-30,2021-12-31,0,data_invalid_skip,0.0,0.0,0.0,0.0,0
510500,IV风格规则+提前平仓v1 (IV Style Close v1),2021-12-31,2022-01-28,0,data_invalid_skip,0.0,0.0,0.0,0.0,0
510500,IV风格规则+提前平仓v1 (IV Style Close v1),2022-01-28,2022-02-28,0,data_invalid_skip,0.0,0.0,0.0,0.0,0
510500,IV风格规则+提前平仓v1 (IV Style Close v1),2022-02-28,2022-03-31,0,data_invalid_skip,0.0,0.0,0.0,0.0,0
510500,IV风格规则+提前平仓v1 (IV Style Close v1),2022-03-31,2022-04-29,0,data_invalid_skip,0.0,0.0,0.0,0.0,0
510500,IV风格规则+提前平仓v1 (IV Style Close v1),2022-04-29,2022-05-31,0,data_invalid_skip,0.0,0.0,0.0,0.0,0
510500,IV风格规则+提前平仓v1 (IV Style Close v1),2022-05-31,2022-06-30,0,data_invalid_skip,0.0,0.0,0.0,0.0,0
510500,IV风格规则+提前平仓v1 (IV Style Close v1),2022-06-30,2022-07-29,0,data_invalid_skip,0.0,0.0,0.0,0.0,0
510500,IV风格规则+提前平仓v1 (IV Style Close v1),2022-07-29,2022-08-31,0,data_invalid_skip,0.0,0.0,0.0,0.0,0
510500,IV风格规则+提前平仓v1 (IV Style Close v1),2022-08-31,2022-09-30,0,data_invalid_skip,0.0,0.0,0.0,0.0,0
510500,IV风格规则+提前平仓v1 (IV Style Close v1),2022-09-30,2022-10-31,0,warmup_invalid_skip,0.0,0.0,0.0,0.0,0
510500,IV风格规则+提前平仓v1 (IV Style Close v1),2022-10-31,2022-11-30,0,warmup_invalid_skip,0.0,0.0,0.0,0.0,0
510500,IV风格规则+提前平仓v1 (IV Style Close v1),2022-11-30,2022-12-30,0,warmup_invalid_skip,0.0,0.0,0.0,0.0,0
510500,IV风格规则+提前平仓v1 (IV Style Close v1),2022-12-30,2023-01-31,0,warmup_invalid_skip,0.0,0.0,0.0,0.0,0
510500,IV风格规则+提前平仓v1 (IV Style Close v1),2023-01-31,2023-02-28,0,warmup_invalid_skip,0.0,0.0,0.0,0.0,0
510500,IV风格规则+提前平仓v1 (IV Style Close v1),2023-02-28,2023-03-31,0,warmup_invalid_skip,0.0,0.0,0.0,0.0,0
510500,IV风格规则+提前平仓v1 (IV Style Close v1),2023-03-31,2023-04-28,0,warmup_invalid_skip,0.0,0.0,0.0,0.0,0
510500,IV风格规则+提前平仓v1 (IV Style Close v1),2023-04-28,2023-05-31,0,warmup_invalid_skip,0.0,0.0,0.0,0.0,0
510500,IV风格规则+提前平仓v1 (IV Style Close v1),2023-05-31,2023-06-30,0,warmup_invalid_skip,0.0,0.0,0.0,0.0,0
510500,IV风格规则+提前平仓v1 (IV Style Close v1),2023-06-30,2023-07-31,0,warmup_invalid_skip,0.0,0.0,0.0,0.0,0
510500,IV风格规则+提前平仓v1 (IV Style Close v1),2023-07-31,2023-08-31,0,warmup_invalid_skip,0.0,0.0,0.0,0.0,0
510500,IV风格规则+提前平仓v1 (IV Style Close v1),2023-08-31,2023-09-28,0,warmup_invalid_skip,0.0,0.0,0.0,0.0,0
510500,IV风格规则+提前平仓v1 (IV Style Close v1),2023-09-28,2023-10-31,0,warmup_invalid_skip,0.0,0.0,0.0,0.0,0
510500,IV风格规则+提前平仓v1 (IV Style Close v1),2023-10-31,2023-11-30,0,warmup_invalid_skip,0.0,0.0,0.0,0.0,0
510500,IV风格规则+提前平仓v1 (IV Style Close v1),2023-11-30,2023-12-29,0,warmup_invalid_skip,0.0,0.0,0.0,0.0,0
510500,IV风格规则+提前平仓v1 (IV Style Close v1),2023-12-29,2024-01-31,0,normal_iv_skip,0.0,0.0,0.0,0.0,0
510500,IV风格规则+提前平仓v1 (IV Style Close v1),2024-01-31,2024-02-28,1,selected,0.0104327827723186,0.0541501149905917,5.216391386159314e-06,-0.0437225486096592,1
510500,IV风格规则+提前平仓v1 (IV Style Close v1),2024-02-29,2024-03-27,1,selected,0.0109187994844411,0.0,5.459399742220585e-06,0.0109133400846989,0
510500,IV风格规则+提前平仓v1 (IV Style Close v1),2024-03-29,2024-04-24,1,selected,0.0030534351145038,0.0,1.5267175572519084e-06,0.0030519083969465,0
510500,IV风格规则+提前平仓v1 (IV Style Close v1),2024-04-30,2024-05-31,0,normal_iv_skip,0.0,0.0,0.0,0.0,0
510500,IV风格规则+提前平仓v1 (IV Style Close v1),2024-05-31,2024-06-28,0,normal_iv_skip,0.0,0.0,0.0,0.0,0
510500,IV风格规则+提前平仓v1 (IV Style Close v1),2024-06-28,2024-07-31,1,selected,0.0042233787029623,0.001941553242594,3.082465972778223e-06,0.0022787429943955,0
510500,IV风格规则+提前平仓v1 (IV Style Close v1),2024-07-31,2024-08-30,0,normal_iv_skip,0.0,0.0,0.0,0.0,0
510500,IV风格规则+提前平仓v1 (IV Style Close v1),2024-08-30,2024-09-30,0,normal_iv_skip,0.0,0.0,0.0,0.0,0
510500,IV风格规则+提前平仓v1 (IV Style Close v1),2024-09-30,2024-10-23,1,selected,0.0446705587989991,0.0,2.233527939949958e-05,0.0446482235195996,0
510500,IV风格规则+提前平仓v1 (IV Style Close v1),2024-10-31,2024-11-27,1,selected,0.0202833333333333,0.0,1.0141666666666666e-05,0.0202731916666666,0
510500,IV风格规则+提前平仓v1 (IV Style Close v1),2024-11-29,2024-12-31,1,selected,0.0085800807537012,0.0007570659488559,4.6685733512786e-06,0.0078183462314939,0
510500,IV风格规则+提前平仓v1 (IV Style Close v1),2024-12-31,2025-01-27,1,selected,0.0036138358286009,1.7208742040956806e-05,1.8155222853209432e-06,0.0035948115642746,0
510500,IV风格规则+提前平仓v1 (IV Style Close v1),2025-01-27,2025-02-28,0,normal_iv_skip,0.0,0.0,0.0,0.0,0
510500,IV风格规则+提前平仓v1 (IV Style Close v1),2025-02-28,2025-03-31,0,normal_iv_skip,0.0,0.0,0.0,0.0,0
510500,IV风格规则+提前平仓v1 (IV Style Close v1),2025-03-31,2025-04-30,0,low_iv_skip,0.0,0.0,0.0,0.0,0
510500,IV风格规则+提前平仓v1 (IV Style Close v1),2025-04-30,2025-05-30,0,normal_iv_skip,0.0,0.0,0.0,0.0,0
510500,IV风格规则+提前平仓v1 (IV Style Close v1),2025-05-30,2025-06-30,0,low_iv_skip,0.0,0.0,0.0,0.0,0
510500,IV风格规则+提前平仓v1 (IV Style Close v1),2025-06-30,2025-07-31,0,low_iv_skip,0.0,0.0,0.0,0.0,0
510500,IV风格规则+提前平仓v1 (IV Style Close v1),2025-07-31,2025-08-29,0,low_iv_skip,0.0,0.0,0.0,0.0,0
510500,IV风格规则+提前平仓v1 (IV Style Close v1),2025-08-29,2025-09-30,1,selected,0.0112029127573169,0.0026606917798627,6.9318022685898335e-06,0.0085352891751855,0
510500,IV风格规则+提前平仓v1 (IV Style Close v1),2025-09-30,2025-10-31,0,normal_iv_skip,0.0,0.0,0.0,0.0,0
510500,IV风格规则+提前平仓v1 (IV Style Close v1),2025-10-31,2025-11-28,0,normal_iv_skip,0.0,0.0,0.0,0.0,0
510500,IV风格规则+提前平仓v1 (IV Style Close v1),2025-11-28,2025-12-31,0,low_iv_skip,0.0,0.0,0.0,0.0,0
510500,IV风格规则+提前平仓v1 (IV Style Close v1),2025-12-31,2026-01-30,0,normal_iv_skip,0.0,0.0,0.0,0.0,0
510500,IV风格规则+提前平仓v1 (IV Style Close v1),2026-01-30,2026-02-27,1,selected,0.0077843601895734,0.0038151658767772,5.799763033175355e-06,0.003963394549763,0
510500,IV风格规则+提前平仓v1 (IV Style Close v1),2026-02-27,2026-03-31,0,normal_iv_skip,0.0,0.0,0.0,0.0,0
510500,IV风格规则+提前平仓v1 (IV Style Close v1),2026-03-31,2026-04-22,1,selected,0.0088637251073799,0.0592216582064297,4.431862553689965e-06,-0.0503623649616035,1
510500,IV风格规则+提前平仓v1 (IV Style Close v1),2026-04-30,2026-05-29,0,normal_iv_skip,0.0,0.0,0.0,0.0,0
510500,IV风格规则+提前平仓v1 (IV Style Close v1),2026-05-29,2026-06-03,1,selected,0.0066800900153973,0.0,3.3400450076986854e-06,0.0066767499703896,0
588000,IV风格规则+提前平仓v1 (IV Style Close v1),2021-01-29,2021-02-26,0,data_invalid_skip,0.0,0.0,0.0,0.0,0
588000,IV风格规则+提前平仓v1 (IV Style Close v1),2021-02-26,2021-03-31,0,data_invalid_skip,0.0,0.0,0.0,0.0,0
588000,IV风格规则+提前平仓v1 (IV Style Close v1),2021-03-31,2021-04-30,0,data_invalid_skip,0.0,0.0,0.0,0.0,0
588000,IV风格规则+提前平仓v1 (IV Style Close v1),2021-04-30,2021-05-31,0,data_invalid_skip,0.0,0.0,0.0,0.0,0
588000,IV风格规则+提前平仓v1 (IV Style Close v1),2021-05-31,2021-06-30,0,data_invalid_skip,0.0,0.0,0.0,0.0,0
588000,IV风格规则+提前平仓v1 (IV Style Close v1),2021-06-30,2021-07-30,0,data_invalid_skip,0.0,0.0,0.0,0.0,0
588000,IV风格规则+提前平仓v1 (IV Style Close v1),2021-07-30,2021-08-31,0,data_invalid_skip,0.0,0.0,0.0,0.0,0
588000,IV风格规则+提前平仓v1 (IV Style Close v1),2021-08-31,2021-09-30,0,data_invalid_skip,0.0,0.0,0.0,0.0,0
588000,IV风格规则+提前平仓v1 (IV Style Close v1),2021-09-30,2021-10-29,0,data_invalid_skip,0.0,0.0,0.0,0.0,0
588000,IV风格规则+提前平仓v1 (IV Style Close v1),2021-10-29,2021-11-30,0,data_invalid_skip,0.0,0.0,0.0,0.0,0
588000,IV风格规则+提前平仓v1 (IV Style Close v1),2021-11-30,2021-12-31,0,data_invalid_skip,0.0,0.0,0.0,0.0,0
588000,IV风格规则+提前平仓v1 (IV Style Close v1),2021-12-31,2022-01-28,0,data_invalid_skip,0.0,0.0,0.0,0.0,0
588000,IV风格规则+提前平仓v1 (IV Style Close v1),2022-01-28,2022-02-28,0,data_invalid_skip,0.0,0.0,0.0,0.0,0
588000,IV风格规则+提前平仓v1 (IV Style Close v1),2022-02-28,2022-03-31,0,data_invalid_skip,0.0,0.0,0.0,0.0,0
588000,IV风格规则+提前平仓v1 (IV Style Close v1),2022-03-31,2022-04-29,0,data_invalid_skip,0.0,0.0,0.0,0.0,0
588000,IV风格规则+提前平仓v1 (IV Style Close v1),2022-04-29,2022-05-31,0,data_invalid_skip,0.0,0.0,0.0,0.0,0
588000,IV风格规则+提前平仓v1 (IV Style Close v1),2022-05-31,2022-06-30,0,data_invalid_skip,0.0,0.0,0.0,0.0,0
588000,IV风格规则+提前平仓v1 (IV Style Close v1),2022-06-30,2022-07-29,0,data_invalid_skip,0.0,0.0,0.0,0.0,0
588000,IV风格规则+提前平仓v1 (IV Style Close v1),2022-07-29,2022-08-31,0,data_invalid_skip,0.0,0.0,0.0,0.0,0
588000,IV风格规则+提前平仓v1 (IV Style Close v1),2022-08-31,2022-09-30,0,data_invalid_skip,0.0,0.0,0.0,0.0,0
588000,IV风格规则+提前平仓v1 (IV Style Close v1),2022-09-30,2022-10-31,0,data_invalid_skip,0.0,0.0,0.0,0.0,0
588000,IV风格规则+提前平仓v1 (IV Style Close v1),2022-10-31,2022-11-30,0,data_invalid_skip,0.0,0.0,0.0,0.0,0
588000,IV风格规则+提前平仓v1 (IV Style Close v1),2022-11-30,2022-12-30,0,data_invalid_skip,0.0,0.0,0.0,0.0,0
588000,IV风格规则+提前平仓v1 (IV Style Close v1),2022-12-30,2023-01-31,0,data_invalid_skip,0.0,0.0,0.0,0.0,0
588000,IV风格规则+提前平仓v1 (IV Style Close v1),2023-01-31,2023-02-28,0,data_invalid_skip,0.0,0.0,0.0,0.0,0
588000,IV风格规则+提前平仓v1 (IV Style Close v1),2023-02-28,2023-03-31,0,data_invalid_skip,0.0,0.0,0.0,0.0,0
588000,IV风格规则+提前平仓v1 (IV Style Close v1),2023-03-31,2023-04-28,0,data_invalid_skip,0.0,0.0,0.0,0.0,0
588000,IV风格规则+提前平仓v1 (IV Style Close v1),2023-04-28,2023-05-31,0,data_invalid_skip,0.0,0.0,0.0,0.0,0
588000,IV风格规则+提前平仓v1 (IV Style Close v1),2023-05-31,2023-06-30,0,data_invalid_skip,0.0,0.0,0.0,0.0,0
588000,IV风格规则+提前平仓v1 (IV Style Close v1),2023-06-30,2023-07-31,0,warmup_invalid_skip,0.0,0.0,0.0,0.0,0
588000,IV风格规则+提前平仓v1 (IV Style Close v1),2023-07-31,2023-08-31,0,warmup_invalid_skip,0.0,0.0,0.0,0.0,0
588000,IV风格规则+提前平仓v1 (IV Style Close v1),2023-08-31,2023-09-28,0,warmup_invalid_skip,0.0,0.0,0.0,0.0,0
588000,IV风格规则+提前平仓v1 (IV Style Close v1),2023-09-28,2023-10-31,0,warmup_invalid_skip,0.0,0.0,0.0,0.0,0
588000,IV风格规则+提前平仓v1 (IV Style Close v1),2023-10-31,2023-11-30,0,warmup_invalid_skip,0.0,0.0,0.0,0.0,0
588000,IV风格规则+提前平仓v1 (IV Style Close v1),2023-11-30,2023-12-29,0,warmup_invalid_skip,0.0,0.0,0.0,0.0,0
588000,IV风格规则+提前平仓v1 (IV Style Close v1),2023-12-29,2024-01-31,0,warmup_invalid_skip,0.0,0.0,0.0,0.0,0
588000,IV风格规则+提前平仓v1 (IV Style Close v1),2024-01-31,2024-02-29,0,warmup_invalid_skip,0.0,0.0,0.0,0.0,0
588000,IV风格规则+提前平仓v1 (IV Style Close v1),2024-02-29,2024-03-29,0,warmup_invalid_skip,0.0,0.0,0.0,0.0,0
588000,IV风格规则+提前平仓v1 (IV Style Close v1),2024-03-29,2024-04-30,0,warmup_invalid_skip,0.0,0.0,0.0,0.0,0
588000,IV风格规则+提前平仓v1 (IV Style Close v1),2024-04-30,2024-05-31,0,warmup_invalid_skip,0.0,0.0,0.0,0.0,0
588000,IV风格规则+提前平仓v1 (IV Style Close v1),2024-05-31,2024-06-28,0,warmup_invalid_skip,0.0,0.0,0.0,0.0,0
588000,IV风格规则+提前平仓v1 (IV Style Close v1),2024-06-28,2024-07-31,0,warmup_invalid_skip,0.0,0.0,0.0,0.0,0
588000,IV风格规则+提前平仓v1 (IV Style Close v1),2024-07-31,2024-08-30,0,warmup_invalid_skip,0.0,0.0,0.0,0.0,0
588000,IV风格规则+提前平仓v1 (IV Style Close v1),2024-08-30,2024-09-30,0,normal_iv_skip,0.0,0.0,0.0,0.0,0
588000,IV风格规则+提前平仓v1 (IV Style Close v1),2024-09-30,2024-10-23,1,selected,0.1265263157894736,0.0336842105263158,6.326315789473684e-05,0.0927788421052631,1
588000,IV风格规则+提前平仓v1 (IV Style Close v1),2024-10-31,2024-11-27,1,selected,0.0549999999999999,0.0,2.75e-05,0.0549724999999999,0
588000,IV风格规则+提前平仓v1 (IV Style Close v1),2024-11-29,2024-12-25,1,selected,0.0282075471698113,0.0,1.410377358490566e-05,0.0281934433962264,0
588000,IV风格规则+提前平仓v1 (IV Style Close v1),2024-12-31,2025-01-22,1,selected,0.0133014354066985,0.0,6.650717703349283e-06,0.0132947846889952,0
588000,IV风格规则+提前平仓v1 (IV Style Close v1),2025-01-27,2025-02-28,0,normal_iv_skip,0.0,0.0,0.0,0.0,0
588000,IV风格规则+提前平仓v1 (IV Style Close v1),2025-02-28,2025-03-31,1,selected,0.0194174757281553,0.0063548102383053,1.2886142983230362e-05,0.0130497793468667,0
588000,IV风格规则+提前平仓v1 (IV Style Close v1),2025-03-31,2025-04-30,0,normal_iv_skip,0.0,0.0,0.0,0.0,0
588000,IV风格规则+提前平仓v1 (IV Style Close v1),2025-04-30,2025-05-30,0,normal_iv_skip,0.0,0.0,0.0,0.0,0
588000,IV风格规则+提前平仓v1 (IV Style Close v1),2025-05-30,2025-06-30,0,low_iv_skip,0.0,0.0,0.0,0.0,0
588000,IV风格规则+提前平仓v1 (IV Style Close v1),2025-06-30,2025-07-31,0,low_iv_skip,0.0,0.0,0.0,0.0,0
588000,IV风格规则+提前平仓v1 (IV Style Close v1),2025-07-31,2025-08-29,0,normal_iv_skip,0.0,0.0,0.0,0.0,0
588000,IV风格规则+提前平仓v1 (IV Style Close v1),2025-08-29,2025-09-24,1,selected,0.0424929178470254,0.0212464589235127,2.124645892351275e-05,0.0212252124645892,1
588000,IV风格规则+提前平仓v1 (IV Style Close v1),2025-09-30,2025-10-31,1,selected,0.021592356687898,6.369426751592356e-05,1.0828025477707004e-05,0.0215178343949044,0
588000,IV风格规则+提前平仓v1 (IV Style Close v1),2025-10-31,2025-11-28,0,normal_iv_skip,0.0,0.0,0.0,0.0,0
588000,IV风格规则+提前平仓v1 (IV Style Close v1),2025-11-28,2025-12-31,0,normal_iv_skip,0.0,0.0,0.0,0.0,0
588000,IV风格规则+提前平仓v1 (IV Style Close v1),2025-12-31,2026-01-30,0,normal_iv_skip,0.0,0.0,0.0,0.0,0
588000,IV风格规则+提前平仓v1 (IV Style Close v1),2026-01-30,2026-02-27,0,normal_iv_skip,0.0,0.0,0.0,0.0,0
588000,IV风格规则+提前平仓v1 (IV Style Close v1),2026-02-27,2026-03-31,0,low_iv_skip,0.0,0.0,0.0,0.0,0
588000,IV风格规则+提前平仓v1 (IV Style Close v1),2026-03-31,2026-04-22,1,selected,0.0103474320241691,0.0974320241691842,5.1737160120845925e-06,-0.0870897658610271,1
588000,IV风格规则+提前平仓v1 (IV Style Close v1),2026-04-30,2026-05-29,0,normal_iv_skip,0.0,0.0,0.0,0.0,0
588000,IV风格规则+提前平仓v1 (IV Style Close v1),2026-05-29,2026-06-03,1,selected,0.0244577006507592,0.0,1.222885032537961e-05,0.0244454718004338,0
