window_mode,phase_id,phase_shift,inception_date,etf_code,sleeve_name,sleeve_key,is_buyhold,strategy_family,coverage,sample_start,sample_end,n_trading_days,cumulative_return,annualized_return_cagr,arithmetic_annualized_return,annualized_volatility,sharpe_daily_mean,cagr_vol_ratio,sortino_ratio,calmar_ratio,max_drawdown,max_drawdown_start,max_drawdown_trough,max_drawdown_recovery,drawdown_duration,monthly_win_rate,worst_month_return,best_month_return,final_nav,option_leg_annualized_pnl_contribution,premium_capture_ratio_agg,payoff_burden_agg,positive_option_leg_period_rate,assignment_rate,p95_short_call_mtm_loss,p99_short_call_mtm_loss,max_short_call_mtm_loss,selected_periods,skipped_periods,selector_type,rule_label,target_delta,target_moneyness
natural,h00,0,2022-09-19,510050,510050_DTE30_ATM_Q70_Hold,510050__510050_DTE30_ATM_Q70_Hold,False,ATM,0.7,2022-09-19,2026-05-27,890,0.19922732791211017,0.05284826124402131,0.057322897254412045,0.10789394669737536,0.531289279974096,0.48981674006468523,0.851513129442966,0.43785993684812785,0.1206967269589494,2023-07-31,2024-01-17,2024-09-26,281,0.6136363636363636,-0.10275074851874488,0.08960501573674717,1.1986061621174522,0.015270346655129007,0.09976131391487607,0.8747386860851236,0.6818181818181818,0.5681818181818182,0.0190897702046071,0.06413721774193552,0.1252379032258064,44,0,moneyness,ATM,,0.0
natural,h01,1,2022-09-20,510050,510050_DTE30_ATM_Q70_Hold,510050__510050_DTE30_ATM_Q70_Hold,False,ATM,0.7,2022-09-20,2026-05-27,889,0.19951883900516876,0.05298194879542106,0.057457607444686296,0.1079653236273989,0.5321857566321878,0.49073116270431455,0.8529618374172232,0.43896756880110716,0.1206967269589494,2023-07-31,2024-01-17,2024-09-26,281,0.6136363636363636,-0.10285048264117258,0.08960501573674717,1.1989413462618304,0.014836335895305306,0.09763296679388371,0.8768670332061159,0.6818181818181818,0.5681818181818182,0.019092093472056353,0.06417645161290322,0.1252379032258064,44,0,moneyness,ATM,,0.0
natural,h02,2,2022-09-21,510050,510050_DTE30_ATM_Q70_Hold,510050__510050_DTE30_ATM_Q70_Hold,False,ATM,0.7,2022-09-21,2026-05-27,888,0.20587106291828383,0.05462455936184574,0.05902101697399792,0.10800503519510259,0.5464654204998971,0.5057593774509751,0.8756730519170065,0.45257697319683116,0.12069672695894951,2023-07-31,2024-01-17,2024-09-26,281,0.6136363636363636,-0.10305258415003149,0.0896050157367474,1.2053775363237875,0.013945040580677425,0.09339824696387365,0.881101753036126,0.6818181818181818,0.5681818181818182,0.019094416739505612,0.06421568548387094,0.1252379032258064,44,0,moneyness,ATM,,0.0
natural,h03,3,2022-09-22,510050,510050_DTE30_ATM_Q70_Hold,510050__510050_DTE30_ATM_Q70_Hold,False,ATM,0.7,2022-09-22,2026-05-27,887,0.22066523285801165,0.05835210304337801,0.06250167788958538,0.1075582645329051,0.5810960056022881,0.5425162194349693,0.9330303198316485,0.4834605255138717,0.12069672695894951,2023-07-31,2024-01-17,2024-09-26,281,0.6136363636363636,-0.09767118138912378,0.08960501573674717,1.22003523244446,0.01515387306193013,0.09965324775219543,0.8748467522478044,0.6818181818181818,0.5681818181818182,0.019096740006954865,0.06425491935483864,0.1252379032258064,44,0,moneyness,ATM,,0.0
natural,h04,4,2022-09-23,510050,510050_DTE30_ATM_Q70_Hold,510050__510050_DTE30_ATM_Q70_Hold,False,ATM,0.7,2022-09-23,2026-05-27,886,0.21834856893254062,0.0578475573225985,0.062031655814661926,0.10762270918641954,0.5763807312006363,0.5375032626468953,0.9255141369870303,0.4792802487699031,0.12069672695894973,2023-07-31,2024-01-17,2024-09-26,281,0.6136363636363636,-0.09773799925407634,0.08960501573674762,1.2177536049149722,0.01484399349512303,0.09803569123469467,0.876464308765305,0.6818181818181818,0.5681818181818182,0.019099063274404124,0.06429415322580635,0.1252379032258064,44,0,moneyness,ATM,,0.0
natural,h05,5,2022-09-26,510050,510050_DTE30_ATM_Q70_Hold,510050__510050_DTE30_ATM_Q70_Hold,False,ATM,0.7,2022-09-26,2026-05-27,885,0.22358479381281082,0.05920899027423321,0.06332317015984767,0.10766940283504833,0.5881259530793539,0.5499147270737867,0.9441760344798841,0.4905600322896162,0.1206967269589494,2023-07-31,2024-01-17,2024-09-26,281,0.6136363636363636,-0.09788188788651919,0.0896050157367474,1.223055639492908,0.014162531606316288,0.09476362145457125,0.8797363785454285,0.6818181818181818,0.5681818181818182,0.019101386541853376,0.06433338709677405,0.1252379032258064,44,0,moneyness,ATM,,0.0
natural,h06,6,2022-09-27,510050,510050_DTE30_ATM_Q70_Hold,510050__510050_DTE30_ATM_Q70_Hold,False,ATM,0.7,2022-09-27,2026-05-27,884,0.2054290347468457,0.05476830915438491,0.05917077598711362,0.1081288217466015,0.5472248289709434,0.5065098118125594,0.8761215353524283,0.4537679731200363,0.1206967269589494,2023-07-31,2024-01-17,2024-09-26,281,0.6136363636363636,-0.10330910547207217,0.0896050157367474,1.2050502215911745,0.012859310763437354,0.08776012458446897,0.8867398754155307,0.6818181818181818,0.5681818181818182,0.01910370980930263,0.06437262096774175,0.1252379032258064,44,0,moneyness,ATM,,0.0
natural,h07,7,2022-09-28,510050,510050_DTE30_ATM_Q70_Hold,510050__510050_DTE30_ATM_Q70_Hold,False,ATM,0.7,2022-09-28,2026-05-27,883,0.22265997813524163,0.05911833082824702,0.06323918378568659,0.1076843530953727,0.587264370058272,0.5489964802582576,0.9423443900657497,0.48980889803543654,0.12069672695894951,2023-07-31,2024-01-17,2024-09-26,281,0.6136363636363636,-0.09799187589024438,0.0896050157367474,1.222185783460357,0.013677182644615593,0.0921327892217326,0.882367210778267,0.6818181818181818,0.5681818181818182,0.019106033076751888,0.06441185483870947,0.1252379032258064,44,0,moneyness,ATM,,0.0
natural,h08,8,2022-09-29,510050,510050_DTE30_ATM_Q70_Hold,510050__510050_DTE30_ATM_Q70_Hold,False,ATM,0.7,2022-09-29,2026-05-27,882,0.22141882549015635,0.05887971993817254,0.0630209676663114,0.10775078822767943,0.5848770918793367,0.5464435194084946,0.9385971096428393,0.48783195221357023,0.1206967269589494,2023-07-31,2024-01-17,2024-09-26,281,0.6136363636363636,-0.09805113051707848,0.08960501573674762,1.2209747192638682,0.013403021190749825,0.09069709892434791,0.883802901075652,0.6818181818181818,0.5681818181818182,0.01910835634420114,0.06445108870967717,0.1252379032258064,44,0,moneyness,ATM,,0.0
natural,h09,9,2022-09-30,510050,510050_DTE30_ATM_Q70_Hold,510050__510050_DTE30_ATM_Q70_Hold,False,ATM,0.7,2022-09-30,2026-05-27,881,0.2206038465767881,0.05874617835888074,0.06290205883377165,0.10781800415194671,0.5834096014717958,0.5448642721682216,0.9363285648986642,0.48672552967290633,0.12069672695894929,2023-07-31,2024-01-17,2024-09-26,281,0.6136363636363636,-0.09811214558469084,0.08960501573674717,1.2201902898723849,0.013120028923310864,0.08922425912766359,0.8852757408723364,0.6818181818181818,0.5681818181818182,0.0191106796116504,0.06449032258064533,0.1252379032258064,44,0,moneyness,ATM,,0.0
natural,h10,10,2022-10-10,510050,510050_DTE30_ATM_Q70_Hold,510050__510050_DTE30_ATM_Q70_Hold,False,ATM,0.7,2022-10-10,2026-05-27,880,0.28142516320197974,0.07367913820541849,0.07708165101530809,0.10944680201722574,0.7042841781998919,0.6731958983490646,1.1566300007806476,0.6104485188772167,0.1206967269589494,2023-07-31,2024-01-17,2024-09-26,281,0.627906976744186,-0.05747146139811288,0.12188285118703557,1.2808148510201325,0.020310985470824074,0.13624822862020444,0.8382517713797951,0.6976744186046512,0.5581395348837209,0.018742952990778834,0.06452955645161303,0.1252379032258064,43,0,moneyness,ATM,,0.0
natural,h11,11,2022-10-11,510050,510050_DTE30_ATM_Q70_Hold,510050__510050_DTE30_ATM_Q70_Hold,False,ATM,0.7,2022-10-11,2026-05-27,879,0.2831378064066232,0.07417777854334351,0.0775556912351165,0.10953489350238481,0.7080455255423054,0.6772068349318155,1.1628555845137074,0.614579868172999,0.12069672695894929,2023-07-31,2024-01-17,2024-09-26,281,0.627906976744186,-0.057471461398112766,0.1220819040114034,1.2825834192017018,0.019833003992847417,0.1337044141001683,0.840795585899831,0.6976744186046512,0.5581395348837209,0.018745137887022967,0.06456879032258074,0.1252379032258064,43,0,moneyness,ATM,,0.0
natural,h12,12,2022-10-12,510050,510050_DTE30_ATM_Q70_Hold,510050__510050_DTE30_ATM_Q70_Hold,False,ATM,0.7,2022-10-12,2026-05-27,878,0.2785971008626076,0.0731716934699016,0.07661899612301175,0.10954024711406313,0.6994597706469403,0.6679891217856089,1.1486883399272565,0.6062442231328126,0.12069672695894962,2023-07-31,2024-01-17,2024-09-26,281,0.627906976744186,-0.05747146139811288,0.12178360728109716,1.277960979088705,0.020612957071002885,0.1374645778454165,0.837035422154583,0.6976744186046512,0.5581395348837209,0.018747322783267104,0.06460802419354844,0.1252379032258064,43,0,moneyness,ATM,,0.0
natural,h13,13,2022-10-13,510050,510050_DTE30_ATM_Q70_Hold,510050__510050_DTE30_ATM_Q70_Hold,False,ATM,0.7,2022-10-13,2026-05-27,877,0.2890814617634876,0.0757825314949534,0.07891505875676773,0.10829392293166847,0.7287117930575082,0.6997856337956362,1.1943456797886498,0.6278756135676168,0.12069672695894929,2023-07-31,2024-01-17,2024-09-26,281,0.627906976744186,-0.05747146139811299,0.11491747972719901,1.288324928309901,0.019519373194933808,0.13072538385865634,0.8437746161413431,0.6976744186046512,0.5813953488372093,0.018749507679511238,0.06464725806451616,0.1252379032258064,43,0,moneyness,ATM,,0.0
natural,h14,14,2022-10-14,510050,510050_DTE30_ATM_Q70_Hold,510050__510050_DTE30_ATM_Q70_Hold,False,ATM,0.7,2022-10-14,2026-05-27,876,0.2676694519675473,0.07069490284539781,0.07426676870879641,0.1091613150530438,0.6803396301401152,0.6476186441235675,1.1140330775869312,0.5857234460835218,0.12069672695894951,2023-07-31,2024-01-17,2024-09-26,281,0.627906976744186,-0.05747146139811288,0.12141236351066698,1.266939325069992,0.021652558509152594,0.14192656917328647,0.832573430826713,0.6976744186046512,0.5581395348837209,0.018751692575755374,0.06468649193548386,0.1252379032258064,43,0,moneyness,ATM,,0.0
natural,h15,15,2022-10-17,510050,510050_DTE30_ATM_Q70_Hold,510050__510050_DTE30_ATM_Q70_Hold,False,ATM,0.7,2022-10-17,2026-05-27,875,0.2664439719251577,0.07048002208025683,0.07407563635493401,0.10925011687081376,0.6780371360382808,0.645125370104621,1.1104641100196186,0.5839431097765232,0.1206967269589494,2023-07-31,2024-01-17,2024-09-26,281,0.627906976744186,-0.05747146139811299,0.12160663845781161,1.2657700141870367,0.02118208549489397,0.1394413832754573,0.8350586167245423,0.6976744186046512,0.5581395348837209,0.018753877471999508,0.06472572580645156,0.1252379032258064,43,0,moneyness,ATM,,0.0
natural,h16,16,2022-10-18,510050,510050_DTE30_ATM_Q70_Hold,510050__510050_DTE30_ATM_Q70_Hold,False,ATM,0.7,2022-10-18,2026-05-27,874,0.2701016044131799,0.07145513309766782,0.07499658644623564,0.10934409534637074,0.6858768752776999,0.6534887217395549,1.1232689488603838,0.5920221276751817,0.12069672695894962,2023-07-31,2024-01-17,2024-09-26,281,0.627906976744186,-0.0574714613981131,0.1219280242225349,1.269514827698986,0.020392609407290624,0.135428202793136,0.8390717972068635,0.6976744186046512,0.5581395348837209,0.01875606236824364,0.06476495967741927,0.1252379032258064,43,0,moneyness,ATM,,0.0
natural,h17,17,2022-10-19,510050,510050_DTE30_ATM_Q70_Hold,510050__510050_DTE30_ATM_Q70_Hold,False,ATM,0.7,2022-10-19,2026-05-27,873,0.28610443356623994,0.07542426046254236,0.07856858746220335,0.1081709188854896,0.7263374322018707,0.697269296033132,1.1891012883097727,0.6249072560865309,0.12069672695894951,2023-07-31,2024-01-17,2024-09-26,281,0.627906976744186,-0.05747146139811288,0.1154468075232098,1.2855163689783968,0.018253167022931848,0.12319928724747974,0.8513007127525197,0.6976744186046512,0.5813953488372093,0.01875824726448778,0.06480419354838697,0.1252379032258064,43,0,moneyness,ATM,,0.0
natural,h18,18,2022-10-20,510050,510050_DTE30_ATM_Q70_Hold,510050__510050_DTE30_ATM_Q70_Hold,False,ATM,0.7,2022-10-20,2026-05-27,872,0.29034841210224815,0.07653966659961098,0.07961297433426041,0.10824002217739882,0.735522524226571,0.7071290735155903,1.204063512985697,0.6341486511530947,0.12069672695894917,2023-07-31,2024-01-17,2024-09-26,281,0.627906976744186,-0.05747146139811288,0.1156368367150602,1.2898160520840192,0.017757933825555437,0.12052458247828461,0.8539754175217147,0.6976744186046512,0.5813953488372093,0.018760432160731914,0.06484342741935469,0.1252379032258064,43,0,moneyness,ATM,,0.0
natural,h19,19,2022-10-21,510050,510050_DTE30_ATM_Q70_Hold,510050__510050_DTE30_ATM_Q70_Hold,False,ATM,0.7,2022-10-21,2026-05-27,871,0.2966506132508917,0.07815141387778568,0.08111498340323249,0.10829136826589082,0.7490438499592009,0.7216772225640212,1.226165474234183,0.647502346143702,0.12069672695894962,2023-07-31,2024-01-17,2024-09-26,281,0.627906976744186,-0.05747146139811288,0.11583045370114342,1.296174336599044,0.017253835760511465,0.11777906812505202,0.8567209318749472,0.6976744186046512,0.5813953488372093,0.01876261705697605,0.06488266129032239,0.1252379032258064,43,0,moneyness,ATM,,0.0
natural,h20,20,2022-10-24,510050,510050_DTE30_ATM_Q70_Hold,510050__510050_DTE30_ATM_Q70_Hold,False,ATM,0.7,2022-10-24,2026-05-27,870,0.312266681470019,0.08199449585039709,0.08435371070462784,0.10526952042327953,0.8013118171855345,0.7789006306925726,1.3137927684741968,0.6793431596391558,0.12069672695894929,2023-07-31,2024-01-17,2024-09-26,281,0.627906976744186,-0.057471461398112766,0.0893515182821274,1.3116328227666816,0.010328513471513073,0.0740732794957113,0.9004267205042883,0.6744186046511628,0.5813953488372093,0.0190897702046071,0.0649218951612901,0.1252379032258064,43,0,moneyness,ATM,,0.0
natural,h00,0,2022-09-19,510050,510050_DTE30_D40_Q70_Hold,510050__510050_DTE30_D40_Q70_Hold,False,D40,0.7,2022-09-19,2026-05-27,890,0.17881351419599767,0.047736698684140544,0.05367681651321789,0.11871104496675307,0.45216362578773484,0.4021251661756492,0.7354860551957985,0.3246261022712962,0.14705132566402834,2023-01-20,2024-01-17,2024-09-30,408,0.5909090909090909,-0.10956558962470764,0.1054025306546138,1.1784072267320438,0.011628362633868397,0.11816483720502514,0.8563351627949751,0.7045454545454546,0.45454545454545453,0.015028483226008669,0.06413721774193552,0.1252379032258064,44,0,target_delta,D40,0.4,
natural,h01,1,2022-09-20,510050,510050_DTE30_D40_Q70_Hold,510050__510050_DTE30_D40_Q70_Hold,False,D40,0.7,2022-09-20,2026-05-27,889,0.17905296312871144,0.04785211552186497,0.05379622980337077,0.11878879705520655,0.4528729235162574,0.40283357276213444,0.7366682446314768,0.32541097678503017,0.14705132566402812,2023-01-20,2024-01-17,2024-09-30,408,0.5909090909090909,-0.10967239908426962,0.10540253065461402,1.1786908213988665,0.011179076789019084,0.11499453095312391,0.8595054690468764,0.7045454545454546,0.45454545454545453,0.015036024085730987,0.06417645161290322,0.1252379032258064,44,0,target_delta,D40,0.4,
natural,h02,2,2022-09-21,510050,510050_DTE30_D40_Q70_Hold,510050__510050_DTE30_D40_Q70_Hold,False,D40,0.7,2022-09-21,2026-05-27,888,0.18651136006056257,0.04978635436611212,0.055644223503326054,0.11881737295126045,0.4683172344346616,0.4190157813582931,0.761703041983944,0.33856447156321584,0.14705132566402834,2023-01-20,2024-01-17,2024-09-30,408,0.5909090909090909,-0.1098165392429633,0.10540253065461402,1.186205201769768,0.010572049805355364,0.11080799689195749,0.8636920031080428,0.7045454545454546,0.45454545454545453,0.015043564945453322,0.06421568548387094,0.1252379032258064,44,0,target_delta,D40,0.4,
natural,h03,3,2022-09-22,510050,510050_DTE30_D40_Q70_Hold,510050__510050_DTE30_D40_Q70_Hold,False,D40,0.7,2022-09-22,2026-05-27,887,0.1997091573532248,0.05315218896535323,0.05881640668132728,0.1185702064068912,0.49604709702106864,0.44827609376805533,0.8078649822035515,0.3614533138367711,0.14705132566402823,2023-01-20,2024-01-17,2024-09-30,408,0.5909090909090909,-0.10644792068762576,0.1054025306546138,1.199305724819339,0.011472756612643228,0.11745840436082407,0.8570415956391764,0.7045454545454546,0.45454545454545453,0.01505110580517564,0.06425491935483864,0.1252379032258064,44,0,target_delta,D40,0.4,
natural,h04,4,2022-09-23,510050,510050_DTE30_D40_Q70_Hold,510050__510050_DTE30_D40_Q70_Hold,False,D40,0.7,2022-09-23,2026-05-27,886,0.1979981266124453,0.05278588382870719,0.05847670916656441,0.11863992796063812,0.492892318562142,0.44492511699956766,0.8028196272661522,0.35896231190263783,0.147051325664028,2023-01-20,2024-01-17,2024-09-30,408,0.5909090909090909,-0.10649034404717295,0.1054025306546138,1.197614778420744,0.011293059202159365,0.11608271405494738,0.8584172859450531,0.7045454545454546,0.45454545454545453,0.015058646664897975,0.06429415322580635,0.1252379032258064,44,0,target_delta,D40,0.4,
natural,h05,5,2022-09-26,510050,510050_DTE30_D40_Q70_Hold,510050__510050_DTE30_D40_Q70_Hold,False,D40,0.7,2022-09-26,2026-05-27,885,0.20329577072272054,0.054172266244983724,0.059799453788960275,0.11869408258201966,0.5038115842686414,0.45640241759777495,0.8204336697989699,0.3683901930184052,0.14705132566402823,2023-01-20,2024-01-17,2024-09-30,408,0.5909090909090909,-0.10663746120281126,0.1054025306546138,1.2029752878107036,0.01064279683584755,0.11151881160352049,0.8629811883964797,0.7045454545454546,0.45454545454545453,0.015066187524620293,0.06433338709677405,0.1252379032258064,44,0,target_delta,D40,0.4,
natural,h06,6,2022-09-27,510050,510050_DTE30_D40_Q70_Hold,510050__510050_DTE30_D40_Q70_Hold,False,D40,0.7,2022-09-27,2026-05-27,884,0.193738985834917,0.051838885246341615,0.057580454493817844,0.11867237798693295,0.4852051966141443,0.4368235146686756,0.7898273121037684,0.3525223932001755,0.14705132566402823,2023-01-20,2024-01-17,2024-09-30,408,0.5909090909090909,-0.10650272735574873,0.10540253065461402,1.1933638463457914,0.011270788276354773,0.11559720130525537,0.8589027986947448,0.7045454545454546,0.45454545454545453,0.015073728384342611,0.06437262096774175,0.1252379032258064,44,0,target_delta,D40,0.4,
natural,h07,7,2022-09-28,510050,510050_DTE30_D40_Q70_Hold,510050__510050_DTE30_D40_Q70_Hold,False,D40,0.7,2022-09-28,2026-05-27,883,0.20305356318864232,0.054237744542796396,0.059859825356985245,0.1186792695836383,0.5043831628471518,0.4570111084528774,0.821045407332745,0.3688354681460995,0.14705132566402823,2023-01-20,2024-01-17,2024-09-30,408,0.5909090909090909,-0.10672104688923545,0.10540253065461402,1.2027708546775175,0.010301651348903094,0.10882996347420662,0.8656700365257937,0.7045454545454546,0.45454545454545453,0.015081269244064947,0.06441185483870947,0.1252379032258064,44,0,target_delta,D40,0.4,
natural,h08,8,2022-09-29,510050,510050_DTE30_D40_Q70_Hold,510050__510050_DTE30_D40_Q70_Hold,False,D40,0.7,2022-09-29,2026-05-27,882,0.20182482282030212,0.05399282836350472,0.05963608299504292,0.11875221082467684,0.5021892441487961,0.45466798460888064,0.8175625675492847,0.36716995320983026,0.14705132566402812,2023-01-20,2024-01-17,2024-09-30,408,0.5909090909090909,-0.1067852066877214,0.10540253065461402,1.2015715351787957,0.010021974257203543,0.10673909992481652,0.8677609000751837,0.7045454545454546,0.45454545454545453,0.015088810103787265,0.06445108870967717,0.1252379032258064,44,0,target_delta,D40,0.4,
natural,h09,9,2022-09-30,510050,510050_DTE30_D40_Q70_Hold,510050__510050_DTE30_D40_Q70_Hold,False,D40,0.7,2022-09-30,2026-05-27,881,0.20135656502100452,0.05393819185002302,0.0595927942598649,0.11882435053630289,0.5015200503171131,0.4539321410685428,0.8165747768195938,0.3667984059746386,0.14705132566402823,2023-01-20,2024-01-17,2024-09-30,408,0.5909090909090909,-0.1068334045883077,0.1054025306546138,1.2011251293455296,0.009814520608851617,0.1051706181203372,0.8693293818796632,0.7045454545454546,0.45454545454545453,0.0150963509635096,0.06449032258064533,0.1252379032258064,44,0,target_delta,D40,0.4,
natural,h10,10,2022-10-10,510050,510050_DTE30_D40_Q70_Hold,510050__510050_DTE30_D40_Q70_Hold,False,D40,0.7,2022-10-10,2026-05-27,880,0.2502538461326751,0.0661255647156942,0.07121659237830122,0.11990861468922258,0.5939239024892362,0.5514663386536278,0.9834925660497217,0.44967676705460646,0.147051325664028,2023-01-20,2024-01-17,2024-09-30,408,0.6046511627906976,-0.06398107780116835,0.12491186200002402,1.2498672247113,0.014452591673177185,0.14918813649467846,0.8253118635053216,0.7209302325581395,0.4418604651162791,0.013886632634928807,0.06452955645161303,0.1252379032258064,43,0,target_delta,D40,0.4,
natural,h11,11,2022-10-11,510050,510050_DTE30_D40_Q70_Hold,510050__510050_DTE30_D40_Q70_Hold,False,D40,0.7,2022-10-11,2026-05-27,879,0.2528541498260142,0.0668393082060057,0.07189545348872105,0.11998757655001593,0.5991908125484305,0.5570519059374803,0.9921876084083164,0.45453047025713356,0.14705132566402834,2023-01-20,2024-01-17,2024-09-30,408,0.6046511627906976,-0.06398107780116857,0.1250277450043198,1.2524984860131552,0.014179205652306235,0.14706650502609597,0.8274334949739041,0.7209302325581395,0.4418604651162791,0.013889737815614714,0.06456879032258074,0.1252379032258064,43,0,target_delta,D40,0.4,
natural,h12,12,2022-10-12,510050,510050_DTE30_D40_Q70_Hold,510050__510050_DTE30_D40_Q70_Hold,False,D40,0.7,2022-10-12,2026-05-27,878,0.24807134655241692,0.06574607605024751,0.07087159336810431,0.12000130002862171,0.5905902131993621,0.5478780316093769,0.9779244151029445,0.447096112553648,0.14705132566402823,2023-01-20,2024-01-17,2024-09-30,408,0.6046511627906976,-0.06398107780116846,0.12475977143051153,1.2476436487644098,0.014872100332899922,0.15197114728916775,0.8225288527108324,0.7209302325581395,0.4418604651162791,0.013892842996300628,0.06460802419354844,0.1252379032258064,43,0,target_delta,D40,0.4,
natural,h13,13,2022-10-13,510050,510050_DTE30_D40_Q70_Hold,510050__510050_DTE30_D40_Q70_Hold,False,D40,0.7,2022-10-13,2026-05-27,877,0.2659334502778752,0.07018944378197345,0.07493090913451896,0.1191397091507547,0.6289331211955901,0.5891355978816306,1.0413947979935951,0.4773125537292798,0.14705132566402856,2023-01-20,2024-01-17,2024-09-30,408,0.6046511627906976,-0.06398107780116846,0.12490067478842692,1.265409949272417,0.015539766502698773,0.1578032115007843,0.8166967884992159,0.7209302325581395,0.4418604651162791,0.013895948176986537,0.06464725806451616,0.1252379032258064,43,0,target_delta,D40,0.4,
natural,h14,14,2022-10-14,510050,510050_DTE30_D40_Q70_Hold,510050__510050_DTE30_D40_Q70_Hold,False,D40,0.7,2022-10-14,2026-05-27,876,0.22962188474545608,0.061339227521856055,0.06674557580071543,0.12015392600301915,0.5555005818040294,0.5105053955566525,0.9167960000259381,0.41712801462259125,0.1470513256640279,2023-01-20,2024-01-17,2024-09-30,408,0.6046511627906976,-0.0639810778011688,0.12463348041544964,1.2292991335931482,0.014139951437723779,0.14526681853645437,0.8292331814635456,0.7209302325581395,0.4418604651162791,0.01389905335767245,0.06468649193548386,0.1252379032258064,43,0,target_delta,D40,0.4,
natural,h15,15,2022-10-17,510050,510050_DTE30_D40_Q70_Hold,510050__510050_DTE30_D40_Q70_Hold,False,D40,0.7,2022-10-17,2026-05-27,875,0.2348308455316439,0.06270601233836359,0.06797892797391995,0.11970249475553808,0.5678990075582772,0.5238488342822318,0.937767892959065,0.42642262526506974,0.14705132566402812,2023-01-20,2024-01-17,2024-09-30,408,0.6046511627906976,-0.06398107780116846,0.12470816053129208,1.2343980780419277,0.015092344780600878,0.15261570192301957,0.8218842980769805,0.7209302325581395,0.4418604651162791,0.013902158538358357,0.06472572580645156,0.1252379032258064,43,0,target_delta,D40,0.4,
natural,h16,16,2022-10-18,510050,510050_DTE30_D40_Q70_Hold,510050__510050_DTE30_D40_Q70_Hold,False,D40,0.7,2022-10-18,2026-05-27,874,0.23893799110922376,0.06379922557092055,0.06901825645603532,0.11979399003750626,0.5761412274057023,0.5325745102149587,0.9513211695860572,0.43385685428422527,0.14705132566402845,2023-01-20,2024-01-17,2024-09-30,408,0.6046511627906976,-0.06398107780116846,0.12498197129947686,1.2385776040948429,0.014421119611587326,0.14765349572744632,0.8268465042725537,0.7209302325581395,0.4418604651162791,0.013905263719044264,0.06476495967741927,0.1252379032258064,43,0,target_delta,D40,0.4,
natural,h17,17,2022-10-19,510050,510050_DTE30_D40_Q70_Hold,510050__510050_DTE30_D40_Q70_Hold,False,D40,0.7,2022-10-19,2026-05-27,873,0.2634863234246687,0.0699240646415571,0.07465742848523012,0.11892539728455659,0.6277669042096611,0.58796578559454,1.0382045818916146,0.47550788356246804,0.1470513256640278,2023-01-20,2024-01-17,2024-09-30,408,0.6046511627906976,-0.06398107780116846,0.12543129192747515,1.2631158753618328,0.01434648818224277,0.14784710480347935,0.8266528951965206,0.7209302325581395,0.4418604651162791,0.013908368899730178,0.06480419354838697,0.1252379032258064,43,0,target_delta,D40,0.4,
natural,h18,18,2022-10-20,510050,510050_DTE30_D40_Q70_Hold,510050__510050_DTE30_D40_Q70_Hold,False,D40,0.7,2022-10-20,2026-05-27,872,0.268407409550967,0.07121118263727166,0.07586768769870872,0.11898995111925294,0.637597435624403,0.5984638363781081,1.0543723291602816,0.48426073220155413,0.14705132566402856,2023-01-20,2024-01-17,2024-09-30,408,0.6046511627906976,-0.06398107780116846,0.12556939085650898,1.268073667330146,0.014016942243484784,0.1453206717841934,0.8291793282158069,0.7209302325581395,0.4418604651162791,0.013911474080416085,0.06484342741935469,0.1252379032258064,43,0,target_delta,D40,0.4,
natural,h19,19,2022-10-21,510050,510050_DTE30_D40_Q70_Hold,510050__510050_DTE30_D40_Q70_Hold,False,D40,0.7,2022-10-21,2026-05-27,871,0.27556683075993194,0.0730438843430885,0.07758249215294485,0.11903144825924923,0.6517814685743469,0.6136519836673725,1.0777840966773682,0.4967237392335626,0.14705132566402834,2023-01-20,2024-01-17,2024-09-30,408,0.6046511627906976,-0.06398107780116857,0.12569244799094625,1.2752649878332902,0.013725400183300918,0.14308309135985606,0.831416908640144,0.7209302325581395,0.4418604651162791,0.013914579261102001,0.06488266129032239,0.1252379032258064,43,0,target_delta,D40,0.4,
natural,h20,20,2022-10-24,510050,510050_DTE30_D40_Q70_Hold,510050__510050_DTE30_D40_Q70_Hold,False,D40,0.7,2022-10-24,2026-05-27,870,0.29820854060387214,0.0786203001250152,0.08244102324152719,0.11624680961696211,0.7091895555084365,0.6763222180812724,1.177537077664183,0.5346452999998168,0.14705132566402834,2023-01-20,2024-01-17,2024-09-30,408,0.6046511627906976,-0.06398107780116835,0.10517838152977554,1.2978018963394806,0.00841802449974994,0.09402802031520785,0.8804719796847923,0.6976744186046512,0.46511627906976744,0.014703438406932995,0.0649218951612901,0.1252379032258064,43,0,target_delta,D40,0.4,
natural,h00,0,2022-09-19,510050,510050_DTE30_OTM1_Q70_Hold,510050__510050_DTE30_OTM1_Q70_Hold,False,OTM1,0.7,2022-09-19,2026-05-27,890,0.1556173060535606,0.04185085820573686,0.0477247292815898,0.11597472063126833,0.41150975852165644,0.36086190143797003,0.6615833734609204,0.2827627858216379,0.1480069524853801,2023-01-20,2024-01-17,2024-10-08,409,0.5909090909090909,-0.10638291531106636,0.09225388493709685,1.1552190133474425,0.0056829631407029286,0.06022495879256355,0.9142750412074372,0.7045454545454546,0.45454545454545453,0.01635004378450406,0.06413721774193552,0.1252379032258064,44,0,moneyness,OTM1,,0.01
natural,h01,1,2022-09-20,510050,510050_DTE30_OTM1_Q70_Hold,510050__510050_DTE30_OTM1_Q70_Hold,False,OTM1,0.7,2022-09-20,2026-05-27,889,0.15585204320852908,0.041959016416210915,0.047837439551404376,0.11605120852671427,0.41220974911599045,0.36155604882436193,0.6627326641562176,0.2834935502124841,0.14800695248538032,2023-01-20,2024-01-17,2024-10-08,409,0.5909090909090909,-0.10649010653903213,0.09225388493709707,1.1554970275548968,0.005226989338235252,0.05710105744883547,0.9173989425511654,0.7045454545454546,0.45454545454545453,0.016366813461090972,0.06417645161290322,0.1252379032258064,44,0,moneyness,OTM1,,0.01
natural,h02,2,2022-09-21,510050,510050_DTE30_OTM1_Q70_Hold,510050__510050_DTE30_OTM1_Q70_Hold,False,OTM1,0.7,2022-09-21,2026-05-27,888,0.1706782081517879,0.045787286995481846,0.05147235901964974,0.11576758036556926,0.44461807750590493,0.3955104430004962,0.7158651413711813,0.30935902825243683,0.14800695248538032,2023-01-20,2024-01-17,2024-10-08,409,0.5909090909090909,-0.10305258415003149,0.09225388493709685,1.1701990849295074,0.006404883367268762,0.06555611733605919,0.9089438826639414,0.7045454545454546,0.45454545454545453,0.016383583137677918,0.06421568548387094,0.1252379032258064,44,0,moneyness,OTM1,,0.01
natural,h03,3,2022-09-22,510050,510050_DTE30_OTM1_Q70_Hold,510050__510050_DTE30_OTM1_Q70_Hold,False,OTM1,0.7,2022-09-22,2026-05-27,887,0.17610177332748966,0.04721595011332158,0.05284416557213489,0.11582220791416241,0.4562524452244815,0.4076588675318125,0.7344227740806808,0.3190117039804974,0.14800695248537998,2023-01-20,2024-01-17,2024-10-08,409,0.5909090909090909,-0.10325410290880732,0.09225388493709685,1.1757062793732984,0.005507248582492721,0.05952871241266168,0.9149712875873393,0.7045454545454546,0.45454545454545453,0.01640035281426483,0.06425491935483864,0.1252379032258064,44,0,moneyness,OTM1,,0.01
natural,h04,4,2022-09-23,510050,510050_DTE30_OTM1_Q70_Hold,510050__510050_DTE30_OTM1_Q70_Hold,False,OTM1,0.7,2022-09-23,2026-05-27,886,0.17442441154683186,0.04684502337963892,0.05249771967121374,0.11589036798880754,0.4529946757635964,0.40421843672256796,0.7292601032866132,0.3165055599956772,0.14800695248538043,2023-01-20,2024-01-17,2024-10-08,409,0.5909090909090909,-0.10329667790191144,0.09225388493709685,1.1740486067233893,0.005320818001949048,0.05817311218404856,0.9163268878159523,0.7045454545454546,0.45454545454545453,0.016417122490851775,0.06429415322580635,0.1252379032258064,44,0,moneyness,OTM1,,0.01
natural,h05,5,2022-09-26,510050,510050_DTE30_OTM1_Q70_Hold,510050__510050_DTE30_OTM1_Q70_Hold,False,OTM1,0.7,2022-09-26,2026-05-27,885,0.1796178107922768,0.04821687221711257,0.053813700414415716,0.11594292534372949,0.46413957776964193,0.4158673077651501,0.7470458046472785,0.32577437348340277,0.14800695248538043,2023-01-20,2024-01-17,2024-10-08,409,0.5909090909090909,-0.10344432089750699,0.09225388493709685,1.1793036342113663,0.0046638070244389785,0.05367825411982302,0.9208217458801776,0.7045454545454546,0.45454545454545453,0.016433892167438686,0.06433338709677405,0.1252379032258064,44,0,moneyness,OTM1,,0.01
natural,h06,6,2022-09-27,510050,510050_DTE30_OTM1_Q70_Hold,510050__510050_DTE30_OTM1_Q70_Hold,False,OTM1,0.7,2022-09-27,2026-05-27,884,0.1702490803921095,0.045889962812017515,0.05158792252674377,0.1159170948418172,0.4450415410871166,0.3958860673194052,0.7160024067861406,0.31005275118106645,0.1480069524853802,2023-01-20,2024-01-17,2024-10-08,409,0.5909090909090909,-0.10330910547207217,0.09225388493709685,1.169881322743765,0.0052850351915966235,0.057694769545643516,0.9168052304543571,0.7045454545454546,0.45454545454545453,0.016450661844025594,0.06437262096774175,0.1252379032258064,44,0,moneyness,OTM1,,0.01
natural,h07,7,2022-09-28,510050,510050_DTE30_OTM1_Q70_Hold,510050__510050_DTE30_OTM1_Q70_Hold,False,OTM1,0.7,2022-09-28,2026-05-27,883,0.1793803693185696,0.04826851377728225,0.053860498665306844,0.11592144963022907,0.4646292712618178,0.41638983925107137,0.7475198468925859,0.32612328655338024,0.14800695248538043,2023-01-20,2024-01-17,2024-10-08,409,0.5909090909090909,-0.1035282053437434,0.09225388493709685,1.179103223829406,0.00430911891168909,0.051031805398113736,0.923468194601887,0.7045454545454546,0.45454545454545453,0.016467431520612544,0.06441185483870947,0.1252379032258064,44,0,moneyness,OTM1,,0.01
natural,h08,8,2022-09-29,510050,510050_DTE30_OTM1_Q70_Hold,510050__510050_DTE30_OTM1_Q70_Hold,False,OTM1,0.7,2022-09-29,2026-05-27,882,0.1781758075985005,0.048018229637415866,0.05362994648641498,0.11599290797450747,0.46235539243659274,0.41397556519549583,0.7439396015449232,0.3244322569384637,0.1480069524853802,2023-01-20,2024-01-17,2024-10-08,409,0.5909090909090909,-0.10359259446820812,0.09225388493709685,1.1779275040471673,0.00402264742715718,0.04897479334108963,0.925525206658911,0.7045454545454546,0.45454545454545453,0.01648420119719945,0.06445108870967717,0.1252379032258064,44,0,moneyness,OTM1,,0.01
natural,h09,9,2022-09-30,510050,510050_DTE30_OTM1_Q70_Hold,510050__510050_DTE30_OTM1_Q70_Hold,False,OTM1,0.7,2022-09-30,2026-05-27,881,0.17771676398384328,0.0479571331683919,0.05357983249191837,0.11606357769131198,0.461642089255785,0.4131970952673964,0.7428823793639898,0.3240194623501149,0.1480069524853802,2023-01-20,2024-01-17,2024-10-08,409,0.5909090909090909,-0.10364096464225825,0.09225388493709685,1.1774898824045297,0.0038083839961464525,0.047432211526925463,0.9270677884730755,0.7045454545454546,0.45454545454545453,0.0165009708737864,0.06449032258064533,0.1252379032258064,44,0,moneyness,OTM1,,0.01
natural,h10,10,2022-10-10,510050,510050_DTE30_OTM1_Q70_Hold,510050__510050_DTE30_OTM1_Q70_Hold,False,OTM1,0.7,2022-10-10,2026-05-27,880,0.24402729285789637,0.06460066090187322,0.06946441612275456,0.11718710307929597,0.5927650253095743,0.5512608401810262,0.9749779127061848,0.436470448293665,0.14800695248538054,2023-01-20,2024-01-17,2024-10-08,409,0.6046511627906976,-0.06398107780116857,0.12461018897273779,1.243434792387963,0.012702406527012109,0.12295041835607314,0.8515495816439275,0.7209302325581395,0.4418604651162791,0.014955344459250711,0.06452955645161303,0.1252379032258064,43,0,moneyness,OTM1,,0.01
natural,h11,11,2022-10-11,510050,510050_DTE30_OTM1_Q70_Hold,510050__510050_DTE30_OTM1_Q70_Hold,False,OTM1,0.7,2022-10-11,2026-05-27,879,0.24568995326966658,0.06508478414923324,0.06992978087327528,0.11727803141288172,0.5962734881444665,0.5549614310978653,0.9808011809888033,0.43974139765942466,0.14800695248538043,2023-01-20,2024-01-17,2024-10-08,409,0.6046511627906976,-0.06398107780116857,0.12480972570172089,1.2451517456290344,0.012215769296946264,0.11943415437294867,0.8550658456270519,0.7209302325581395,0.4418604651162791,0.014965155149438322,0.06456879032258074,0.1252379032258064,43,0,moneyness,OTM1,,0.01
natural,h12,12,2022-10-12,510050,510050_DTE30_OTM1_Q70_Hold,510050__510050_DTE30_OTM1_Q70_Hold,False,OTM1,0.7,2022-10-12,2026-05-27,878,0.2412817663635589,0.0640769010941249,0.06898439001496055,0.11729133241852673,0.5881456761767005,0.5463055093063607,0.9674076470067864,0.4329316969110239,0.1480069524853801,2023-01-20,2024-01-17,2024-10-08,409,0.6046511627906976,-0.06398107780116868,0.12451070380127471,1.2406642095439795,0.012987046414099831,0.1246290458275391,0.8498709541724617,0.7209302325581395,0.4418604651162791,0.014974965839625955,0.06460802419354844,0.1252379032258064,43,0,moneyness,OTM1,,0.01
natural,h13,13,2022-10-13,510050,510050_DTE30_OTM1_Q70_Hold,510050__510050_DTE30_OTM1_Q70_Hold,False,OTM1,0.7,2022-10-13,2026-05-27,877,0.25148928149919114,0.06666239373835614,0.07141572246899004,0.11732503684237326,0.6086997659752488,0.5681855768595869,1.0015123100619923,0.45040042118927387,0.14800695248538032,2023-01-20,2024-01-17,2024-10-08,409,0.6046511627906976,-0.06398107780116857,0.12490067478842692,1.2509717535856653,0.012028588031771332,0.11795235762132025,0.8565476423786805,0.7209302325581395,0.4418604651162791,0.014984776529813566,0.06464725806451616,0.1252379032258064,43,0,moneyness,OTM1,,0.01
natural,h14,14,2022-10-14,510050,510050_DTE30_OTM1_Q70_Hold,510050__510050_DTE30_OTM1_Q70_Hold,False,OTM1,0.7,2022-10-14,2026-05-27,876,0.2220681781330489,0.05945736752094555,0.06469155517302137,0.11779511612503375,0.5491870741428232,0.5047523995632761,0.9009110809086162,0.401720098431312,0.14800695248538043,2023-01-20,2024-01-17,2024-10-08,409,0.6046511627906976,-0.06398107780116857,0.12449919939570919,1.2215828704181486,0.012088275582436256,0.11663555674632876,0.8578644432536718,0.7209302325581395,0.4418604651162791,0.0149945872200012,0.06468649193548386,0.1252379032258064,43,0,moneyness,OTM1,,0.01
natural,h15,15,2022-10-17,510050,510050_DTE30_OTM1_Q70_Hold,510050__510050_DTE30_OTM1_Q70_Hold,False,OTM1,0.7,2022-10-17,2026-05-27,875,0.22074155423274333,0.05919562426325009,0.06445569740297667,0.11789149009102325,0.5467374901548099,0.5021195695935774,0.8970630946442579,0.39995164598161137,0.14800695248538054,2023-01-20,2024-01-17,2024-10-08,409,0.6046511627906976,-0.06398107780116857,0.12470816053129208,1.2203137245749978,0.011573140758882328,0.11286964746706006,0.8616303525329407,0.7209302325581395,0.4418604651162791,0.01500439791018881,0.06472572580645156,0.1252379032258064,43,0,moneyness,OTM1,,0.01
natural,h16,16,2022-10-18,510050,510050_DTE30_OTM1_Q70_Hold,510050__510050_DTE30_OTM1_Q70_Hold,False,OTM1,0.7,2022-10-18,2026-05-27,874,0.22480183770717965,0.060281207798122516,0.06549099011124351,0.11798242183268075,0.5550910813148161,0.5109338057461779,0.9107181350705259,0.40728632531013703,0.1480069524853801,2023-01-20,2024-01-17,2024-10-08,409,0.6046511627906976,-0.06398107780116846,0.12498197129947686,1.2244455626710866,0.010897889040645283,0.10801163748481929,0.8664883625151814,0.7209302325581395,0.4418604651162791,0.015014208600376422,0.06476495967741927,0.1252379032258064,43,0,moneyness,OTM1,,0.01
natural,h17,17,2022-10-19,510050,510050_DTE30_OTM1_Q70_Hold,510050__510050_DTE30_OTM1_Q70_Hold,False,OTM1,0.7,2022-10-19,2026-05-27,873,0.2490700761084288,0.06638174090391935,0.07112611711022605,0.11709895625919493,0.6074018025642397,0.5668858461640376,0.9981033222874556,0.4485042073309116,0.1480069524853802,2023-01-20,2024-01-17,2024-10-08,409,0.6046511627906976,-0.06398107780116857,0.12543129192747515,1.2487038548193954,0.01081922183745119,0.10820110884376173,0.8662988911562388,0.7209302325581395,0.4418604651162791,0.015024019290564055,0.06480419354838697,0.1252379032258064,43,0,moneyness,OTM1,,0.01
natural,h18,18,2022-10-20,510050,510050_DTE30_OTM1_Q70_Hold,510050__510050_DTE30_OTM1_Q70_Hold,False,OTM1,0.7,2022-10-20,2026-05-27,872,0.2526901203812444,0.06735375329431847,0.07192571211994683,0.11613040631465112,0.6193529705309628,0.5799837909102455,1.0155695976328387,0.4550715501082392,0.1480069524853802,2023-01-20,2024-01-17,2024-10-08,409,0.6046511627906976,-0.06398107780116846,0.11834899021368539,1.252173297072852,0.01007948727891814,0.10146575479669845,0.8730342452033023,0.7209302325581395,0.46511627906976744,0.015033829980751668,0.06484342741935469,0.1252379032258064,43,0,moneyness,OTM1,,0.01
natural,h19,19,2022-10-21,510050,510050_DTE30_OTM1_Q70_Hold,510050__510050_DTE30_OTM1_Q70_Hold,False,OTM1,0.7,2022-10-21,2026-05-27,871,0.25880839436175807,0.06894121879823323,0.07341888534651947,0.11618742754861418,0.6319004292938679,0.5933621240507061,1.0360870134643974,0.46579716452876185,0.1480069524853801,2023-01-20,2024-01-17,2024-10-08,409,0.6046511627906976,-0.0639810778011688,0.1185430778896639,1.2583460176495909,0.009566573637272964,0.09764289060895051,0.8768571093910502,0.7209302325581395,0.46511627906976744,0.015043640670939301,0.06488266129032239,0.1252379032258064,43,0,moneyness,OTM1,,0.01
natural,h20,20,2022-10-24,510050,510050_DTE30_OTM1_Q70_Hold,510050__510050_DTE30_OTM1_Q70_Hold,False,OTM1,0.7,2022-10-24,2026-05-27,870,0.27396871400397593,0.07274088015532265,0.07664869393460894,0.11338555828767104,0.6760004985832779,0.6415356704490657,1.1093007238952488,0.49146934609377635,0.14800695248538065,2023-01-20,2024-01-17,2024-10-08,409,0.6046511627906976,-0.06398107780116868,0.09199977122099656,1.273353354208171,0.0026323530426096155,0.038463892760979924,0.9360361072390208,0.6976744186046512,0.46511627906976744,0.015914784866296695,0.0649218951612901,0.1252379032258064,43,0,moneyness,OTM1,,0.01
natural,h00,0,2022-09-19,510050,510050_DTE30_OTM2_Q70_Hold,510050__510050_DTE30_OTM2_Q70_Hold,False,OTM2,0.7,2022-09-19,2026-05-27,890,0.20693903502107758,0.054763026500621814,0.060908520103897815,0.12325636599855008,0.49416125171672115,0.44430180994680646,0.816368304499554,0.3645649056739506,0.15021475092174463,2023-01-20,2024-01-17,2024-09-30,408,0.5681818181818182,-0.10956558962470764,0.1054025306546138,1.206523053872422,0.01885194071489643,0.21172684000335698,0.7627731599966431,0.7727272727272727,0.3181818181818182,0.012628021464332107,0.055085483870967754,0.1166854838709677,44,0,moneyness,OTM2,,0.02
natural,h01,1,2022-09-20,510050,510050_DTE30_OTM2_Q70_Hold,510050__510050_DTE30_OTM2_Q70_Hold,False,OTM2,0.7,2022-09-20,2026-05-27,889,0.20718419700836943,0.05488715725443516,0.06103607720440094,0.12333625053652081,0.494875407180695,0.44502047869683414,0.8175875394542623,0.3653912609623077,0.1502147509217444,2023-01-20,2024-01-17,2024-09-30,408,0.5681818181818182,-0.10967239908426962,0.10540253065461402,1.2068134148747272,0.01841078037969907,0.2084213562981076,0.7660786437018926,0.7727272727272727,0.3181818181818182,0.012636747157912165,0.05513064516129029,0.1166854838709677,44,0,moneyness,OTM2,,0.02
natural,h02,2,2022-09-21,510050,510050_DTE30_OTM2_Q70_Hold,510050__510050_DTE30_OTM2_Q70_Hold,False,OTM2,0.7,2022-09-21,2026-05-27,888,0.21482054515616933,0.0568423547005541,0.06289223307730106,0.12336837751071848,0.5097921715946767,0.46075303775163556,0.8421249053331548,0.37840727592835793,0.1502147509217444,2023-01-20,2024-01-17,2024-09-30,408,0.5681818181818182,-0.1098165392429633,0.10540253065461402,1.2145070821803845,0.017811897206386467,0.20404993762612875,0.7704500623738715,0.7727272727272727,0.3181818181818182,0.012645472851492241,0.05517580645161283,0.1166854838709677,44,0,moneyness,OTM2,,0.02
natural,h03,3,2022-09-22,510050,510050_DTE30_OTM2_Q70_Hold,510050__510050_DTE30_OTM2_Q70_Hold,False,OTM2,0.7,2022-09-22,2026-05-27,887,0.22833323103649228,0.060238828549650236,0.06607259685301384,0.12313466038506285,0.5365881275539616,0.48921098544693475,0.8875127095812126,0.4010180636722697,0.1502147509217444,2023-01-20,2024-01-17,2024-09-30,408,0.5681818181818182,-0.10644792068762576,0.1054025306546138,1.2279201729341882,0.018720766186617343,0.21099064572653914,0.7635093542734612,0.7727272727272727,0.3181818181818182,0.012654198545072298,0.05522096774193537,0.1166854838709677,44,0,moneyness,OTM2,,0.02
natural,h04,4,2022-09-23,510050,510050_DTE30_OTM2_Q70_Hold,510050__510050_DTE30_OTM2_Q70_Hold,False,OTM2,0.7,2022-09-23,2026-05-27,886,0.21982127402629903,0.05821150331144098,0.0642015469704855,0.12348450428596172,0.5199158173061899,0.4714073530767595,0.8588015902961657,0.38752188419742334,0.1502147509217443,2023-01-20,2024-01-17,2024-09-30,408,0.5681818181818182,-0.11001148508480885,0.1054025306546138,1.219589845808988,0.017011435563863146,0.19788641688903338,0.7766135831109666,0.7727272727272727,0.3181818181818182,0.012662924238652375,0.055266129032257916,0.1166854838709677,44,0,moneyness,OTM2,,0.02
natural,h05,5,2022-09-26,510050,510050_DTE30_OTM2_Q70_Hold,510050__510050_DTE30_OTM2_Q70_Hold,False,OTM2,0.7,2022-09-26,2026-05-27,885,0.23200541805084285,0.061281872556275374,0.06707206068049294,0.12326385346387278,0.5441340571114872,0.4971601230545367,0.8999177428728545,0.407961749297182,0.15021475092174452,2023-01-20,2024-01-17,2024-09-30,408,0.5681818181818182,-0.10663746120281126,0.1054025306546138,1.231677288680156,0.01790718609247469,0.20479265532377816,0.7697073446762218,0.7727272727272727,0.3181818181818182,0.012671649932232432,0.055311290322580454,0.1166854838709677,44,0,moneyness,OTM2,,0.02
natural,h06,6,2022-09-27,510050,510050_DTE30_OTM2_Q70_Hold,510050__510050_DTE30_OTM2_Q70_Hold,False,OTM2,0.7,2022-09-27,2026-05-27,884,0.21548380898315078,0.05727175067852541,0.063315163093153,0.12350284261486094,0.5126615853741845,0.4637281982012775,0.8462762905651509,0.3812658232769803,0.1502147509217444,2023-01-20,2024-01-17,2024-09-30,408,0.5681818181818182,-0.1100245188261445,0.10540253065461402,1.215259642667622,0.016999009648767854,0.19740430549061538,0.7770956945093849,0.7727272727272727,0.3181818181818182,0.01268037562581249,0.05535645161290299,0.1166854838709677,44,0,moneyness,OTM2,,0.02
natural,h07,7,2022-09-28,510050,510050_DTE30_OTM2_Q70_Hold,510050__510050_DTE30_OTM2_Q70_Hold,False,OTM2,0.7,2022-09-28,2026-05-27,883,0.23175743164422813,0.06136396938282451,0.06714892342060771,0.12325975608616575,0.5447757285327315,0.49784269684849547,0.9006611498336367,0.40850827902242876,0.1502147509217442,2023-01-20,2024-01-17,2024-09-30,408,0.5681818181818182,-0.10672104688923545,0.10540253065461402,1.2314679779405675,0.01758249448833132,0.20198202160805376,0.7725179783919464,0.7727272727272727,0.3181818181818182,0.012689101319392566,0.05540161290322553,0.1166854838709677,44,0,moneyness,OTM2,,0.02
natural,h08,8,2022-09-29,510050,510050_DTE30_OTM2_Q70_Hold,510050__510050_DTE30_OTM2_Q70_Hold,False,OTM2,0.7,2022-09-29,2026-05-27,882,0.2304993745413899,0.061125511881869654,0.06693345472275672,0.12333514530223812,0.542695713851339,0.4956049772518526,0.8973285228159956,0.4069208350497714,0.1502147509217444,2023-01-20,2024-01-17,2024-09-30,408,0.5681818181818182,-0.1067852066877214,0.10540253065461402,1.2302400436650969,0.017311072320826827,0.19979438089842855,0.7747056191015713,0.7727272727272727,0.3181818181818182,0.012697827012972623,0.05544677419354807,0.1166854838709677,44,0,moneyness,OTM2,,0.02
natural,h09,9,2022-09-30,510050,510050_DTE30_OTM2_Q70_Hold,510050__510050_DTE30_OTM2_Q70_Hold,False,OTM2,0.7,2022-09-30,2026-05-27,881,0.23001994449616237,0.061078637922493906,0.0668984584554499,0.12340972911284892,0.5420841528164793,0.4949256299448002,0.8964371732316782,0.40660878873549056,0.1502147509217444,2023-01-20,2024-01-17,2024-09-30,408,0.5681818181818182,-0.1068334045883077,0.1054025306546138,1.229782986955836,0.017111892336564186,0.19815210696180108,0.7763478930381991,0.7727272727272727,0.3181818181818182,0.0127065527065527,0.05549193548387112,0.1166854838709677,44,0,moneyness,OTM2,,0.02
natural,h10,10,2022-10-10,510050,510050_DTE30_OTM2_Q70_Hold,510050__510050_DTE30_OTM2_Q70_Hold,False,OTM2,0.7,2022-10-10,2026-05-27,880,0.2800838745150893,0.07335682552618028,0.07853056790971806,0.1244564187515906,0.6309884913727234,0.58941777581273,1.0601254109674778,0.4883463513140342,0.1502147509217443,2023-01-20,2024-01-17,2024-09-30,408,0.5813953488372093,-0.0651403622611979,0.12491186200002402,1.2796880286246126,0.02175825586876276,0.25134052765349535,0.7231594723465047,0.7906976744186046,0.3023255813953488,0.011708152531229395,0.05553709677419367,0.1166854838709677,43,0,moneyness,OTM2,,0.02
natural,h11,11,2022-10-11,510050,510050_DTE30_OTM2_Q70_Hold,510050__510050_DTE30_OTM2_Q70_Hold,False,OTM2,0.7,2022-10-11,2026-05-27,879,0.2827462193156922,0.07408367965165907,0.07921775928839636,0.12453742517119532,0.6360960103318317,0.5948708153377988,1.068679109724073,0.4931851179532536,0.1502147509217443,2023-01-20,2024-01-17,2024-09-30,408,0.5813953488372093,-0.06514036226119757,0.1250277450043198,1.282382069656807,0.021493181183722503,0.24915425014697193,0.7253457498530281,0.7906976744186046,0.3023255813953488,0.01170821827744899,0.05558225806451621,0.1166854838709677,43,0,moneyness,OTM2,,0.02
natural,h12,12,2022-10-12,510050,510050_DTE30_OTM2_Q70_Hold,510050__510050_DTE30_OTM2_Q70_Hold,False,OTM2,0.7,2022-10-12,2026-05-27,878,0.277849302290045,0.07299130382595131,0.07820224843322905,0.12455598411775384,0.6278481839884748,0.5860120197592927,1.0548290281227766,0.48591302370814987,0.1502147509217442,2023-01-20,2024-01-17,2024-09-30,408,0.5813953488372093,-0.06514036226119757,0.12475977143051153,1.2774113999846153,0.022194406132575294,0.25420534742530326,0.7202946525746968,0.7906976744186046,0.3023255813953488,0.011708284023668586,0.055627419354838746,0.1166854838709677,43,0,moneyness,OTM2,,0.02
natural,h13,13,2022-10-13,510050,510050_DTE30_OTM2_Q70_Hold,510050__510050_DTE30_OTM2_Q70_Hold,False,OTM2,0.7,2022-10-13,2026-05-27,877,0.29613758111806265,0.07747321225406267,0.08226993252734445,0.12373030154560373,0.6649133761063528,0.6261458291646375,1.1171719527684354,0.5157496968751293,0.1502147509217443,2023-01-20,2024-01-17,2024-09-30,408,0.5813953488372093,-0.06514036226119779,0.12490067478842692,1.2956015898092157,0.022870421567824692,0.2601978718991888,0.7143021281008114,0.7906976744186046,0.3023255813953488,0.011708349769888179,0.055672580645161285,0.1166854838709677,43,0,moneyness,OTM2,,0.02
natural,h14,14,2022-10-14,510050,510050_DTE30_OTM2_Q70_Hold,510050__510050_DTE30_OTM2_Q70_Hold,False,OTM2,0.7,2022-10-14,2026-05-27,876,0.25895965149982736,0.06857104446211393,0.07409298664884674,0.12471421898824633,0.5941021581174287,0.5498253929536006,0.9950340801989588,0.45648675673560524,0.15021475092174452,2023-01-20,2024-01-17,2024-09-30,408,0.5813953488372093,-0.06514036226119757,0.12463348041544964,1.2586291997705017,0.021478974830549242,0.24729817955865915,0.727201820441341,0.7906976744186046,0.3023255813953488,0.011708415516107774,0.055717741935483824,0.1166854838709677,43,0,moneyness,OTM2,,0.02
natural,h15,15,2022-10-17,510050,510050_DTE30_OTM2_Q70_Hold,510050__510050_DTE30_OTM2_Q70_Hold,False,OTM2,0.7,2022-10-17,2026-05-27,875,0.2579200206521335,0.06839761542541134,0.07394264801851072,0.1248111274756669,0.5924363437300616,0.5480089540794036,0.9924312174845994,0.4553322160820523,0.1502147509217443,2023-01-20,2024-01-17,2024-09-30,408,0.5813953488372093,-0.06514036226119746,0.12481328592276997,1.2576400962806298,0.02104924914514067,0.24380811298445987,0.7306918870155402,0.7906976744186046,0.3023255813953488,0.01170848126232737,0.05576290322580636,0.1166854838709677,43,0,moneyness,OTM2,,0.02
natural,h16,16,2022-10-18,510050,510050_DTE30_OTM2_Q70_Hold,510050__510050_DTE30_OTM2_Q70_Hold,False,OTM2,0.7,2022-10-18,2026-05-27,874,0.2684980324985451,0.07106446730856364,0.07638249986052047,0.12437724160435655,0.614119583898579,0.5713623038418828,1.0291020884598452,0.473085811296823,0.1502147509217444,2023-01-20,2024-01-17,2024-09-30,408,0.5813953488372093,-0.06514036226119757,0.12498197129947686,1.2681290469464346,0.021776937108285883,0.24975932389474934,0.7247406761052508,0.7906976744186046,0.3023255813953488,0.011708547008546965,0.05580806451612891,0.1166854838709677,43,0,moneyness,OTM2,,0.02
natural,h17,17,2022-10-19,510050,510050_DTE30_OTM2_Q70_Hold,510050__510050_DTE30_OTM2_Q70_Hold,False,OTM2,0.7,2022-10-19,2026-05-27,873,0.2936320678310016,0.07723954436273317,0.08203011712297635,0.12354473905783428,0.6639709448459483,0.6251949289930951,1.11438752825327,0.5141941379843039,0.1502147509217442,2023-01-20,2024-01-17,2024-09-30,408,0.5813953488372093,-0.06514036226119768,0.12543129192747515,1.2932527811820955,0.021710731586727327,0.24995886422408906,0.724541135775911,0.7906976744186046,0.3023255813953488,0.01170861275476656,0.05585322580645145,0.1166854838709677,43,0,moneyness,OTM2,,0.02
natural,h18,18,2022-10-20,510050,510050_DTE30_OTM2_Q70_Hold,510050__510050_DTE30_OTM2_Q70_Hold,False,OTM2,0.7,2022-10-20,2026-05-27,872,0.2986705670244725,0.07854390063907024,0.08324884096175693,0.12361179994697256,0.6734700165960638,0.6354077901362515,1.1302275267760447,0.5228774148817659,0.15021475092174474,2023-01-20,2024-01-17,2024-09-30,408,0.5813953488372093,-0.06514036226119768,0.12556939085650898,1.2983288619887798,0.021389630881231036,0.2473537406626655,0.7271462593373349,0.7906976744186046,0.3023255813953488,0.011708678500986155,0.055898387096773985,0.1166854838709677,43,0,moneyness,OTM2,,0.02
natural,h19,19,2022-10-21,510050,510050_DTE30_OTM2_Q70_Hold,510050__510050_DTE30_OTM2_Q70_Hold,False,OTM2,0.7,2022-10-21,2026-05-27,871,0.30600080613456027,0.08039761935834555,0.08497212950020283,0.12365655525105519,0.6871623532427145,0.6501686804643501,1.1531424123669674,0.5352178721797395,0.1502147509217443,2023-01-20,2024-01-17,2024-09-30,408,0.5813953488372093,-0.06514036226119746,0.12569244799094625,1.3056917614839674,0.02110655344634809,0.2450441261024824,0.7294558738975175,0.7906976744186046,0.3023255813953488,0.011708744247205749,0.055943548387096524,0.1166854838709677,43,0,moneyness,OTM2,,0.02
natural,h20,20,2022-10-24,510050,510050_DTE30_OTM2_Q70_Hold,510050__510050_DTE30_OTM2_Q70_Hold,False,OTM2,0.7,2022-10-24,2026-05-27,870,0.3291827285516187,0.08602078656390466,0.08983916419908168,0.1209825856606542,0.7425793035294588,0.7110179212501343,1.2514814643069694,0.5726520600411474,0.1502147509217442,2023-01-20,2024-01-17,2024-09-30,408,0.5813953488372093,-0.06514036226119779,0.10517838152977554,1.3287663820895608,0.01580766184700851,0.18645573925426326,0.7880442607457369,0.7674418604651163,0.32558139534883723,0.012628021464332107,0.05598870967741906,0.1166854838709677,43,0,moneyness,OTM2,,0.02
natural,h00,0,2022-09-19,510050,510050_DTE30_OTM3_Q70_Hold,510050__510050_DTE30_OTM3_Q70_Hold,False,OTM3,0.7,2022-09-19,2026-05-27,890,0.19475193009354475,0.05173300103586387,0.058780621671488995,0.12922155650320644,0.4548824767486101,0.40034342903600756,0.7603853640720162,0.3120050191695666,0.16580823338533646,2023-01-20,2024-01-17,2024-10-08,409,0.5909090909090909,-0.1116250675529068,0.10789080869212242,1.1945001555681072,0.016726433179601704,0.25263430689181865,0.7218656931081804,0.8409090909090909,0.25,0.009389390558709,0.055085483870967754,0.1166854838709677,44,0,moneyness,OTM3,,0.03
natural,h01,1,2022-09-20,510050,510050_DTE30_OTM3_Q70_Hold,510050__510050_DTE30_OTM3_Q70_Hold,False,OTM3,0.7,2022-09-20,2026-05-27,889,0.19559486371266677,0.05200327690860296,0.059047852152841925,0.129300714038731,0.45667073528421975,0.4021886290049859,0.7633958409771675,0.3136350701460516,0.16580823338533668,2023-01-20,2024-01-17,2024-10-08,409,0.5909090909090909,-0.11170105045587742,0.10789080869212264,1.195373901129868,0.016424791801762973,0.24978872657040205,0.7247112734295976,0.8409090909090909,0.25,0.00939531044180435,0.05513064516129029,0.1166854838709677,44,0,moneyness,OTM3,,0.03
natural,h02,2,2022-09-21,510050,510050_DTE30_OTM3_Q70_Hold,510050__510050_DTE30_OTM3_Q70_Hold,False,OTM3,0.7,2022-09-21,2026-05-27,888,0.20951606564923253,0.05552925489835636,0.06237530714695623,0.12915246682168194,0.48295869743685566,0.42995117526500226,0.8081003563242531,0.33490046763423964,0.16580823338533657,2023-01-20,2024-01-17,2024-10-08,409,0.5909090909090909,-0.1098165392429633,0.10789080869212242,1.2092039714006542,0.017295553399836808,0.25776975422438114,0.7167302457756182,0.8409090909090909,0.25,0.009401230324899713,0.05517580645161283,0.1166854838709677,44,0,moneyness,OTM3,,0.03
natural,h03,3,2022-09-22,510050,510050_DTE30_OTM3_Q70_Hold,510050__510050_DTE30_OTM3_Q70_Hold,False,OTM3,0.7,2022-09-22,2026-05-27,887,0.2162683248806474,0.05726640689261231,0.06402628364484396,0.1292001789005289,0.49555878474547427,0.44323782969914977,0.829032458411711,0.3453773417845047,0.16580823338533657,2023-01-20,2024-01-17,2024-10-08,409,0.5909090909090909,-0.10996497420095208,0.10789080869212264,1.216017069810006,0.016676759983191528,0.25217965099434575,0.7223203490056537,0.8409090909090909,0.25,0.009407150207995062,0.05522096774193537,0.1166854838709677,44,0,moneyness,OTM3,,0.03
natural,h04,4,2022-09-23,510050,510050_DTE30_OTM3_Q70_Hold,510050__510050_DTE30_OTM3_Q70_Hold,False,OTM3,0.7,2022-09-23,2026-05-27,886,0.21449495897837045,0.05689373292611699,0.06368345284594656,0.12927619979944013,0.4926154461899828,0.44009441037393016,0.8242194993490991,0.3431297213926435,0.16580823338533668,2023-01-20,2024-01-17,2024-10-08,409,0.5909090909090909,-0.11001148508480885,0.10789080869212242,1.2142645412858164,0.016493926195673032,0.2503293911512966,0.7241706088487029,0.8409090909090909,0.25,0.009413070091090426,0.055266129032257916,0.1166854838709677,44,0,moneyness,OTM3,,0.03
natural,h05,5,2022-09-26,510050,510050_DTE30_OTM3_Q70_Hold,510050__510050_DTE30_OTM3_Q70_Hold,False,OTM3,0.7,2022-09-26,2026-05-27,885,0.22085701487445641,0.0585353137209208,0.06524209319112959,0.12932455278005803,0.5044834239797192,0.4526233608591841,0.843935886756866,0.3530301995612326,0.16580823338533657,2023-01-20,2024-01-17,2024-10-08,409,0.5909090909090909,-0.1101121525005263,0.10789080869212242,1.2206681592424078,0.0160792863629866,0.2464533971872084,0.7280466028127907,0.8409090909090909,0.25,0.009418989974185775,0.055311290322580454,0.1166854838709677,44,0,moneyness,OTM3,,0.03
natural,h06,6,2022-09-27,510050,510050_DTE30_OTM3_Q70_Hold,510050__510050_DTE30_OTM3_Q70_Hold,False,OTM3,0.7,2022-09-27,2026-05-27,884,0.210176433353497,0.05595217030404753,0.06279589548248961,0.1293065390495672,0.48563588465095336,0.4327095189099395,0.8120728287242001,0.33745109734095846,0.16580823338533646,2023-01-20,2024-01-17,2024-10-08,409,0.5909090909090909,-0.1100245188261445,0.10789080869212264,1.209953245853837,0.016480329444903855,0.24974592241010354,0.7247540775898962,0.8409090909090909,0.25,0.009424909857281125,0.05535645161290299,0.1166854838709677,44,0,moneyness,OTM3,,0.03
natural,h07,7,2022-09-28,510050,510050_DTE30_OTM3_Q70_Hold,510050__510050_DTE30_OTM3_Q70_Hold,False,OTM3,0.7,2022-09-28,2026-05-27,883,0.22119516967654107,0.05875563923070937,0.06544633527266894,0.12929434696532405,0.5061809491966518,0.454433164401745,0.8465540896421409,0.3543589967222062,0.1658082333853368,2023-01-20,2024-01-17,2024-10-08,409,0.5909090909090909,-0.11016819963131319,0.10789080869212264,1.2210307160078973,0.015881834526291015,0.24421912229696421,0.7302808777030351,0.8409090909090909,0.25,0.009430829740376487,0.05540161290322553,0.1166854838709677,44,0,moneyness,OTM3,,0.03
natural,h08,8,2022-09-29,510050,510050_DTE30_OTM3_Q70_Hold,510050__510050_DTE30_OTM3_Q70_Hold,False,OTM3,0.7,2022-09-29,2026-05-27,882,0.22029071568095904,0.05859988542803096,0.06530919817396447,0.12937196116859942,0.5048172539399984,0.4529566136178669,0.844394121741291,0.3534196356332041,0.16580823338533668,2023-01-20,2024-01-17,2024-10-08,409,0.5909090909090909,-0.11021684379788277,0.10789080869212264,1.2201477469546735,0.015688657332747366,0.24225455791555472,0.732245442084445,0.8409090909090909,0.25,0.009436749623471838,0.05544677419354807,0.1166854838709677,44,0,moneyness,OTM3,,0.03
natural,h09,9,2022-09-30,510050,510050_DTE30_OTM3_Q70_Hold,510050__510050_DTE30_OTM3_Q70_Hold,False,OTM3,0.7,2022-09-30,2026-05-27,881,0.2199508801231922,0.05858395672324024,0.0653041526589953,0.12944940893049975,0.5044762521399888,0.4525625663898817,0.8439490456160544,0.3533235686016365,0.1658082333853369,2023-01-20,2024-01-17,2024-10-08,409,0.5909090909090909,-0.11025992945846186,0.10789080869212264,1.2198267973079189,0.015519396194816536,0.24051217981258108,0.7339878201874184,0.8409090909090909,0.25,0.0094426695065672,0.05549193548387112,0.1166854838709677,44,0,moneyness,OTM3,,0.03
natural,h10,10,2022-10-10,510050,510050_DTE30_OTM3_Q70_Hold,510050__510050_DTE30_OTM3_Q70_Hold,False,OTM3,0.7,2022-10-10,2026-05-27,880,0.2744944245287513,0.07201107692691355,0.07800898741905453,0.13024391357545478,0.5989453578102231,0.5528939890553508,1.0180000910513074,0.43430338443785554,0.16580823338533668,2023-01-20,2024-01-17,2024-10-08,409,0.6046511627906976,-0.06590850258642234,0.12744405584138452,1.2741003070881451,0.021237268083201893,0.32104799558885005,0.6534520044111494,0.8604651162790697,0.23255813953488372,0.008626108754814319,0.05553709677419367,0.1166854838709677,43,0,moneyness,OTM3,,0.03
natural,h11,11,2022-10-11,510050,510050_DTE30_OTM3_Q70_Hold,510050__510050_DTE30_OTM3_Q70_Hold,False,OTM3,0.7,2022-10-11,2026-05-27,879,0.27714514427617964,0.0727354869222101,0.07869558479580668,0.13032778252398564,0.6038281575252268,0.5580965586430031,1.0262788657112363,0.4386723471878107,0.165808233385337,2023-01-20,2024-01-17,2024-10-08,409,0.6046511627906976,-0.06590850258642245,0.12756019970009835,1.276782584666467,0.02097160074630052,0.3184704457449064,0.6560295542550929,0.8604651162790697,0.23255813953488372,0.00863764597319984,0.05558225806451621,0.1166854838709677,43,0,moneyness,OTM3,,0.03
natural,h12,12,2022-10-12,510050,510050_DTE30_OTM3_Q70_Hold,510050__510050_DTE30_OTM3_Q70_Hold,False,OTM3,0.7,2022-10-12,2026-05-27,878,0.27226960950004364,0.0716429475004472,0.0776794784073135,0.1303519620100181,0.5959210525833397,0.5496115777293872,1.0128735296384026,0.43208317245591543,0.1658082333853369,2023-01-20,2024-01-17,2024-10-08,409,0.6046511627906976,-0.06590850258642245,0.1272916229136689,1.2718336192826294,0.021672231516711257,0.3244183724036017,0.6500816275963975,0.8604651162790697,0.23255813953488372,0.008649183191585384,0.055627419354838746,0.1166854838709677,43,0,moneyness,OTM3,,0.03
natural,h13,13,2022-10-13,510050,510050_DTE30_OTM3_Q70_Hold,510050__510050_DTE30_OTM3_Q70_Hold,False,OTM3,0.7,2022-10-13,2026-05-27,877,0.28349879403362044,0.07444021984099392,0.08029068418853873,0.13038025231594622,0.6158193649907421,0.5709470454206926,1.0469522653468044,0.44895369983223593,0.165808233385337,2023-01-20,2024-01-17,2024-10-08,409,0.6046511627906976,-0.06590850258642234,0.1276153043580086,1.2831485250101566,0.020893430068629374,0.317347643047368,0.6571523569526315,0.8604651162790697,0.23255813953488372,0.008660720409970905,0.055672580645161285,0.1166854838709677,43,0,moneyness,OTM3,,0.03
natural,h14,14,2022-10-14,510050,510050_DTE30_OTM3_Q70_Hold,510050__510050_DTE30_OTM3_Q70_Hold,False,OTM3,0.7,2022-10-14,2026-05-27,876,0.25346243983505157,0.06722517545327555,0.07356902043207737,0.13051604657014443,0.563677971907757,0.5150721096746224,0.9553323322506513,0.40543930829444896,0.1658082333853369,2023-01-20,2024-01-17,2024-10-08,409,0.6046511627906976,-0.06590850258642245,0.12716504761559655,1.2531334310138438,0.02095560674873023,0.31627847991834573,0.6582215200816536,0.8604651162790697,0.23255813953488372,0.00867225762835645,0.055717741935483824,0.1166854838709677,43,0,moneyness,OTM3,,0.03
natural,h15,15,2022-10-17,510050,510050_DTE30_OTM3_Q70_Hold,510050__510050_DTE30_OTM3_Q70_Hold,False,OTM3,0.7,2022-10-17,2026-05-27,875,0.25242734850601245,0.06705042617620327,0.07341808237926403,0.13061514190040394,0.5620947258568724,0.5133434393642528,0.9528352526744795,0.40438538429137444,0.16580823338533668,2023-01-20,2024-01-17,2024-10-08,409,0.6046511627906976,-0.06590850258642245,0.12734525786786954,1.2521486464163494,0.020525283009481737,0.3121475337101645,0.6623524662898348,0.8604651162790697,0.23255813953488372,0.00868379484674197,0.05576290322580636,0.1166854838709677,43,0,moneyness,OTM3,,0.03
natural,h16,16,2022-10-18,510050,510050_DTE30_OTM3_Q70_Hold,510050__510050_DTE30_OTM3_Q70_Hold,False,OTM3,0.7,2022-10-18,2026-05-27,874,0.25749389684418866,0.06837409359135171,0.07466861214386461,0.1306956844459722,0.5713165852444928,0.5231549448720828,0.968374457722308,0.4123685066497932,0.1658082333853368,2023-01-20,2024-01-17,2024-10-08,409,0.6046511627906976,-0.06590850258642245,0.12753836729646717,1.2572666800405272,0.020065010361557223,0.30776531699844795,0.6667346830015513,0.8604651162790697,0.23255813953488372,0.008695332065127489,0.05580806451612891,0.1166854838709677,43,0,moneyness,OTM3,,0.03
natural,h17,17,2022-10-19,510050,510050_DTE30_OTM3_Q70_Hold,510050__510050_DTE30_OTM3_Q70_Hold,False,OTM3,0.7,2022-10-19,2026-05-27,873,0.2821292751741513,0.07446260417367578,0.08027411237988522,0.13009208399968203,0.6170560875947028,0.5723838214003689,1.0481926942568587,0.4490887011661555,0.165808233385337,2023-01-20,2024-01-17,2024-10-08,409,0.6046511627906976,-0.06590850258642256,0.12804895155990792,1.2819046217561605,0.019956738303822427,0.3071879800117227,0.6673120199882766,0.8604651162790697,0.23255813953488372,0.008706869283513035,0.05585322580645145,0.1166854838709677,43,0,moneyness,OTM3,,0.03
natural,h18,18,2022-10-20,510050,510050_DTE30_OTM3_Q70_Hold,510050__510050_DTE30_OTM3_Q70_Hold,False,OTM3,0.7,2022-10-20,2026-05-27,872,0.29299995877166585,0.07717923624716216,0.08272249611075852,0.12948969544803612,0.6388345869880807,0.5960260851654716,1.0847253027669206,0.4654728819635777,0.16580823338533668,2023-01-20,2024-01-17,2024-10-08,409,0.6046511627906976,-0.06590850258642267,0.128103064805402,1.2926597457813345,0.02086388963671289,0.31634414565143176,0.6581558543485679,0.8604651162790697,0.23255813953488372,0.008718406501898554,0.055898387096773985,0.1166854838709677,43,0,moneyness,OTM3,,0.03
natural,h19,19,2022-10-21,510050,510050_DTE30_OTM3_Q70_Hold,510050__510050_DTE30_OTM3_Q70_Hold,False,OTM3,0.7,2022-10-21,2026-05-27,871,0.30029819060026863,0.07902903920561477,0.0844451797396256,0.12953905648234354,0.6518897237076579,0.6100788546069625,1.1068140012236893,0.47662916124286764,0.1658082333853369,2023-01-20,2024-01-17,2024-10-08,409,0.6046511627906976,-0.06590850258642211,0.12822639894333476,1.2999904953843906,0.020580208679755553,0.31361190327089755,0.6608880967291016,0.8604651162790697,0.23255813953488372,0.0087299437202841,0.055943548387096524,0.1166854838709677,43,0,moneyness,OTM3,,0.03
natural,h20,20,2022-10-24,510050,510050_DTE30_OTM3_Q70_Hold,510050__510050_DTE30_OTM3_Q70_Hold,False,OTM3,0.7,2022-10-24,2026-05-27,870,0.32337888980960083,0.08464350125107911,0.08931153093432115,0.12699524041536112,0.7032667574171401,0.6665092406159245,1.1988998623318385,0.5104903388866624,0.16580823338533623,2023-01-20,2024-01-17,2024-10-08,409,0.6046511627906976,-0.06590850258642234,0.1076661550041691,1.3229643613125788,0.015280635057264617,0.2364372664239056,0.738062733576094,0.8372093023255814,0.2558139534883721,0.009301749035275109,0.05598870967741906,0.1166854838709677,43,0,moneyness,OTM3,,0.03
natural,h00,0,2022-09-19,510050,510050_DTE30_OTM4_Q70_Hold,510050__510050_DTE30_OTM4_Q70_Hold,False,OTM4,0.7,2022-09-19,2026-05-27,890,0.18681496026005995,0.049747740001817586,0.05759108546511708,0.13456771590346056,0.4279710410365675,0.36968554952293925,0.7234294268583847,0.2889453410208968,0.17217007142613794,2023-01-20,2024-01-17,2024-09-30,408,0.5681818181818182,-0.11530937435635269,0.12201882272943054,1.186663808309862,0.015538233530765114,0.31891453656223995,0.6555854634377614,0.8409090909090909,0.20454545454545456,0.007849647820293081,0.04607495967741938,0.1068629032258064,44,0,moneyness,OTM4,,0.04
natural,h01,1,2022-09-20,510050,510050_DTE30_OTM4_Q70_Hold,510050__510050_DTE30_OTM4_Q70_Hold,False,OTM4,0.7,2022-09-20,2026-05-27,889,0.19194744872760983,0.05109151627959685,0.05886712501317603,0.13454274496972526,0.437534740549721,0.3797418901412591,0.7400504803882983,0.2967502763772473,0.17217007142613794,2023-01-20,2024-01-17,2024-09-30,408,0.5681818181818182,-0.11432851258648669,0.12201882272943099,1.1917271602379007,0.016244267954718904,0.3264779776731003,0.6480220223269013,0.8409090909090909,0.20454545454545456,0.007853408634219513,0.04612209677419354,0.1068629032258064,44,0,moneyness,OTM4,,0.04
natural,h02,2,2022-09-21,510050,510050_DTE30_OTM4_Q70_Hold,510050__510050_DTE30_OTM4_Q70_Hold,False,OTM4,0.7,2022-09-21,2026-05-27,888,0.20029250722324754,0.0532361543523725,0.06090977862057011,0.13457169190965657,0.4526195498936085,0.3955969758343537,0.765501910880498,0.30920678554292863,0.17217007142613783,2023-01-20,2024-01-17,2024-09-30,408,0.5681818181818182,-0.11443103264279197,0.12201882272943076,1.2001117742160146,0.015831675243413054,0.32199173869240083,0.6525082613076005,0.8409090909090909,0.20454545454545456,0.007857169448145953,0.046169233870967684,0.1068629032258064,44,0,moneyness,OTM4,,0.04
natural,h03,3,2022-09-22,510050,510050_DTE30_OTM4_Q70_Hold,510050__510050_DTE30_OTM4_Q70_Hold,False,OTM4,0.7,2022-09-22,2026-05-27,887,0.2081162933807179,0.05524603216509316,0.06282139851174483,0.13460674428778097,0.46670320156794326,0.4104254393597139,0.7892357641225746,0.32088057876420173,0.17217007142613816,2023-01-20,2024-01-17,2024-09-30,408,0.5681818181818182,-0.11452049446236068,0.12201882272943076,1.207970912195301,0.015473233232428772,0.3179779884964515,0.6565220115035498,0.8409090909090909,0.20454545454545456,0.007860930262072385,0.04621637096774184,0.1068629032258064,44,0,moneyness,OTM4,,0.04
natural,h04,4,2022-09-23,510050,510050_DTE30_OTM4_Q70_Hold,510050__510050_DTE30_OTM4_Q70_Hold,False,OTM4,0.7,2022-09-23,2026-05-27,886,0.20652389003210847,0.05491388670233466,0.06251706875659462,0.13468530766821402,0.4641714069555396,0.4077199484713687,0.7850723161464772,0.3189514080319879,0.17217007142613805,2023-01-20,2024-01-17,2024-09-30,408,0.5681818181818182,-0.11455862884526125,0.12201882272943099,1.20639492924506,0.015328858566917994,0.31617657307280533,0.658323426927196,0.8409090909090909,0.20454545454545456,0.007864691075998825,0.046263508064515985,0.1068629032258064,44,0,moneyness,OTM4,,0.04
natural,h05,5,2022-09-26,510050,510050_DTE30_OTM4_Q70_Hold,510050__510050_DTE30_OTM4_Q70_Hold,False,OTM4,0.7,2022-09-26,2026-05-27,885,0.21713253235465246,0.05761374241884609,0.06506054842719225,0.13458896723157449,0.48340179559628194,0.4280718071022537,0.8181761919669134,0.33463273809212957,0.17217007142613805,2023-01-20,2024-01-17,2024-09-30,408,0.5681818181818182,-0.11274431436562171,0.12201882272943076,1.21694425286665,0.0158979467343756,0.32253443406823196,0.6519655659317689,0.8409090909090909,0.20454545454545456,0.007868451889925255,0.04631064516129014,0.1068629032258064,44,0,moneyness,OTM4,,0.04
natural,h06,6,2022-09-27,510050,510050_DTE30_OTM4_Q70_Hold,510050__510050_DTE30_OTM4_Q70_Hold,False,OTM4,0.7,2022-09-27,2026-05-27,884,0.20233608225458144,0.05399522446824956,0.06164875344904626,0.13470836692988206,0.45764606055342844,0.400830517798163,0.7735900256961815,0.31361562448682523,0.17217007142613794,2023-01-20,2024-01-17,2024-09-30,408,0.5681818181818182,-0.1145662604246257,0.12201882272943076,1.2022112025434792,0.015334485083444243,0.31577048888300474,0.6587295111169966,0.8409090909090909,0.20454545454545456,0.007872212703851687,0.046357782258064285,0.1068629032258064,44,0,moneyness,OTM4,,0.04
natural,h07,7,2022-09-28,510050,510050_DTE30_OTM4_Q70_Hold,510050__510050_DTE30_OTM4_Q70_Hold,False,OTM4,0.7,2022-09-28,2026-05-27,883,0.2174696555439979,0.05783178685745183,0.06526437892863121,0.1345716641942227,0.4849786120979924,0.42974713290299493,0.8206492086137437,0.33589918606882846,0.17217007142613805,2023-01-20,2024-01-17,2024-09-30,408,0.5681818181818182,-0.11280019571695588,0.12201882272943076,1.2173057035760502,0.01570008424832751,0.3198862083635947,0.6546137916364065,0.8409090909090909,0.20454545454545456,0.007875973517778127,0.04640491935483844,0.1068629032258064,44,0,moneyness,OTM4,,0.04
natural,h08,8,2022-09-29,510050,510050_DTE30_OTM4_Q70_Hold,510050__510050_DTE30_OTM4_Q70_Hold,False,OTM4,0.7,2022-09-29,2026-05-27,882,0.2165679607766111,0.05767512093468219,0.06512703537081235,0.13465211222632611,0.48366887302403005,0.4283268935116341,0.8185568944620069,0.33498923742634995,0.17217007142613805,2023-01-20,2024-01-17,2024-09-30,408,0.5681818181818182,-0.11284869600098957,0.12201882272943099,1.216425428206661,0.0155067010633857,0.3175533271862321,0.6569466728137696,0.8409090909090909,0.20454545454545456,0.007879734331704559,0.046452056451612586,0.1068629032258064,44,0,moneyness,OTM4,,0.04
natural,h09,9,2022-09-30,510050,510050_DTE30_OTM4_Q70_Hold,510050__510050_DTE30_OTM4_Q70_Hold,False,OTM4,0.7,2022-09-30,2026-05-27,881,0.21622916195908437,0.057658155751505014,0.0651217829189577,0.1347324110263184,0.4833416282162199,0.427945698531604,0.8181312445950981,0.33489070007292604,0.17217007142613794,2023-01-20,2024-01-17,2024-09-30,408,0.5681818181818182,-0.112891654220304,0.12201882272943099,1.216105457684681,0.015337233457889054,0.3154808837079916,0.6590191162920097,0.8409090909090909,0.20454545454545456,0.007883495145631,0.046499193548387274,0.1068629032258064,44,0,moneyness,OTM4,,0.04
natural,h10,10,2022-10-10,510050,510050_DTE30_OTM4_Q70_Hold,510050__510050_DTE30_OTM4_Q70_Hold,False,OTM4,0.7,2022-10-10,2026-05-27,880,0.25264944450259796,0.06671081181016958,0.07371683117040921,0.13528363926851025,0.5449057370795329,0.4931181048268691,0.9326708518936525,0.3874704311706629,0.17217007142613816,2023-01-20,2024-01-17,2024-09-30,408,0.5813953488372093,-0.06761041401798173,0.127489256745704,1.25240734311344,0.016949989284839005,0.3468503249047273,0.6276496750952743,0.8604651162790697,0.18604651162790697,0.007456572379367642,0.04654633064516142,0.1068629032258064,43,0,moneyness,OTM4,,0.04
natural,h11,11,2022-10-11,510050,510050_DTE30_OTM4_Q70_Hold,510050__510050_DTE30_OTM4_Q70_Hold,False,OTM4,0.7,2022-10-11,2026-05-27,879,0.2556217792889304,0.06751518999910666,0.07448179039106255,0.13536497242791903,0.5502294209140671,0.4987641100068045,0.9417459369398188,0.3921424289358627,0.17217007142613783,2023-01-20,2024-01-17,2024-09-30,408,0.5813953488372093,-0.06761041401798196,0.1275721572734383,1.255401823868591,0.016762600191845892,0.3444999403212135,0.6300000596787879,0.8604651162790697,0.18604651162790697,0.007458901830282786,0.046593467741935575,0.1068629032258064,43,0,moneyness,OTM4,,0.04
natural,h12,12,2022-10-12,510050,510050_DTE30_OTM4_Q70_Hold,510050__510050_DTE30_OTM4_Q70_Hold,False,OTM4,0.7,2022-10-12,2026-05-27,878,0.25030192738133983,0.06629303768005235,0.0733399545197042,0.1353944153693746,0.5416763632356822,0.4896290404533733,0.9271384868239367,0.3850439111218728,0.17217007142613794,2023-01-20,2024-01-17,2024-09-30,408,0.5813953488372093,-0.06761041401798173,0.12735137748882708,1.2500223084894269,0.01733765013922504,0.35075591354618907,0.6237440864538122,0.8604651162790697,0.18604651162790697,0.0074612312811979335,0.04664060483870972,0.1068629032258064,43,0,moneyness,OTM4,,0.04
natural,h13,13,2022-10-13,510050,510050_DTE30_OTM4_Q70_Hold,510050__510050_DTE30_OTM4_Q70_Hold,False,OTM4,0.7,2022-10-13,2026-05-27,877,0.2672194626833484,0.0705020764154567,0.07720773154416398,0.1348524779112509,0.5725347634692772,0.5228089057574122,0.9801657823772548,0.40949089369288283,0.17217007142613794,2023-01-20,2024-01-17,2024-09-30,408,0.5813953488372093,-0.06761041401798162,0.1276153043580086,1.2668736363173465,0.01781399276364279,0.35698858905798625,0.6175114109420151,0.8604651162790697,0.18604651162790697,0.007463560732113077,0.046687741935483876,0.1068629032258064,43,0,moneyness,OTM4,,0.04
natural,h14,14,2022-10-14,510050,510050_DTE30_OTM4_Q70_Hold,510050__510050_DTE30_OTM4_Q70_Hold,False,OTM4,0.7,2022-10-14,2026-05-27,876,0.23240396527861562,0.06203025500064685,0.06932101224461437,0.13530117291593913,0.512345981565752,0.45846058584566335,0.8742812295675136,0.36028477241619933,0.17217007142613783,2023-01-20,2024-01-17,2024-09-30,408,0.5813953488372093,-0.06761041401798162,0.12743808766879638,1.2322103792637495,0.01671244788568193,0.34213168607782923,0.632368313922172,0.8604651162790697,0.18604651162790697,0.007465890183028225,0.04673487903225802,0.1068629032258064,43,0,moneyness,OTM4,,0.04
natural,h15,15,2022-10-17,510050,510050_DTE30_OTM4_Q70_Hold,510050__510050_DTE30_OTM4_Q70_Hold,False,OTM4,0.7,2022-10-17,2026-05-27,875,0.23214454484773728,0.062038920122294616,0.06934164835096107,0.13539380446797625,0.5121478683861195,0.4582109230630878,0.8741132166438285,0.3603351012658998,0.17217007142613794,2023-01-20,2024-01-17,2024-09-30,408,0.5813953488372093,-0.06761041401798162,0.12754873479324602,1.2319810379043716,0.016453507762925212,0.33891297247575725,0.6355870275242439,0.8604651162790697,0.18604651162790697,0.007468219633943367,0.046782016129032176,0.1068629032258064,43,0,moneyness,OTM4,,0.04
natural,h16,16,2022-10-18,510050,510050_DTE30_OTM4_Q70_Hold,510050__510050_DTE30_OTM4_Q70_Hold,False,OTM4,0.7,2022-10-18,2026-05-27,874,0.24154440011475353,0.06444475236882896,0.07157506516050566,0.1351720574409646,0.5295108065641861,0.4767609045011002,0.903985948191999,0.37430868114889604,0.17217007142613805,2023-01-20,2024-01-17,2024-09-30,408,0.5813953488372093,-0.06761041401798185,0.12753836729646717,1.2413200652285916,0.016975002905639403,0.34521798506886536,0.6292820149311358,0.8604651162790697,0.18604651162790697,0.007470549084858511,0.04682915322580632,0.1068629032258064,43,0,moneyness,OTM4,,0.04
natural,h17,17,2022-10-19,510050,510050_DTE30_OTM4_Q70_Hold,510050__510050_DTE30_OTM4_Q70_Hold,False,OTM4,0.7,2022-10-19,2026-05-27,873,0.2658673141957142,0.07050634674809841,0.07717701775090259,0.13459412240104338,0.5734055571976768,0.5238441730613925,0.9809121110154183,0.4095156966833579,0.17217007142613805,2023-01-20,2024-01-17,2024-09-30,408,0.5813953488372093,-0.06761041401798162,0.12804895155990792,1.265645510182372,0.01686319132046279,0.3445054830649019,0.6299945169350994,0.8604651162790697,0.18604651162790697,0.007472878535773659,0.04687629032258048,0.1068629032258064,43,0,moneyness,OTM4,,0.04
natural,h18,18,2022-10-20,510050,510050_DTE30_OTM4_Q70_Hold,510050__510050_DTE30_OTM4_Q70_Hold,False,OTM4,0.7,2022-10-20,2026-05-27,872,0.27134022947092484,0.07192720668853614,0.07851257069424994,0.13465954525498675,0.5830449712686999,0.534141167284779,0.9972971827193143,0.4177683501710881,0.17217007142613816,2023-01-20,2024-01-17,2024-09-30,408,0.5813953488372093,-0.06761041401798185,0.12813858230380548,1.271142197241077,0.01665879211632295,0.3419590987615529,0.6325409012384481,0.8604651162790697,0.18604651162790697,0.007475207986688802,0.046923427419354624,0.1068629032258064,43,0,moneyness,OTM4,,0.04
natural,h19,19,2022-10-21,510050,510050_DTE30_OTM4_Q70_Hold,510050__510050_DTE30_OTM4_Q70_Hold,False,OTM4,0.7,2022-10-21,2026-05-27,871,0.2791328626226235,0.07391194489274899,0.08036854496592843,0.1347012150044903,0.5966430589601536,0.5487103059188079,1.0204879933719773,0.4292961272566916,0.17217007142613794,2023-01-20,2024-01-17,2024-09-30,408,0.5813953488372093,-0.06761041401798162,0.12820667894248605,1.2789521541018651,0.01650825431337556,0.34004860057634195,0.6344513994236595,0.8604651162790697,0.18604651162790697,0.00747753743760395,0.04697056451612878,0.1068629032258064,43,0,moneyness,OTM4,,0.04
natural,h20,20,2022-10-24,510050,510050_DTE30_OTM4_Q70_Hold,510050__510050_DTE30_OTM4_Q70_Hold,False,OTM4,0.7,2022-10-24,2026-05-27,870,0.31905940183007475,0.08361567494844446,0.08906421000673753,0.13243866690986827,0.6724940086217464,0.6313539459389869,1.1587277313748863,0.4856574331173242,0.17217007142613783,2023-01-20,2024-01-17,2024-09-30,408,0.5813953488372093,-0.06761041401798162,0.12176526598767579,1.3187929615656608,0.015033598406608353,0.3103215241930363,0.6641784758069649,0.8604651162790697,0.20930232558139536,0.007722340398536836,0.047017701612902925,0.1068629032258064,43,0,moneyness,OTM4,,0.04
natural,h00,0,2022-09-19,510050,510050_DTE30_OTM5_Q70_Hold,510050__510050_DTE30_OTM5_Q70_Hold,False,OTM5,0.7,2022-09-19,2026-05-27,890,0.17285208825057663,0.04623201777441577,0.05486934983589298,0.13922903879005405,0.394094150995551,0.33205729333612544,0.6738944196008267,0.24649703224967537,0.18755608273444702,2023-01-30,2024-01-17,2024-11-07,430,0.5681818181818182,-0.11530937435635269,0.12370390354591865,1.1727027146023088,0.0128195560314616,0.3565149514974527,0.6179850485025482,0.9090909090909091,0.09090909090909091,0.005517511279645419,0.04607495967741938,0.1068629032258064,44,0,moneyness,OTM5,,0.05
natural,h01,1,2022-09-20,510050,510050_DTE30_OTM5_Q70_Hold,510050__510050_DTE30_OTM5_Q70_Hold,False,OTM5,0.7,2022-09-20,2026-05-27,889,0.1739089910960665,0.04655274639926987,0.05518745063236173,0.13931196604233848,0.39614293158126596,0.33416186506995366,0.6774224998160162,0.2482070734287088,0.18755608273444702,2023-01-30,2024-01-17,2024-11-07,430,0.5681818181818182,-0.11537290461048522,0.12370390354591843,1.173784686071967,0.012568732690192326,0.35286824843578096,0.6216317515642197,0.9090909090909091,0.09090909090909091,0.005524222167486688,0.04612209677419354,0.1068629032258064,44,0,moneyness,OTM5,,0.05
natural,h02,2,2022-09-21,510050,510050_DTE30_OTM5_Q70_Hold,510050__510050_DTE30_OTM5_Q70_Hold,False,OTM5,0.7,2022-09-21,2026-05-27,888,0.18276224953800813,0.04884288891597888,0.05737694079249141,0.13933477328308722,0.41179197009147445,0.35054342692146573,0.704156710641824,0.2604175146115282,0.18755608273444713,2023-01-30,2024-01-17,2024-11-07,430,0.5681818181818182,-0.11544040288257729,0.12370390354591865,1.182663395930597,0.01230281583631141,0.34903268754353906,0.6254673124564619,0.9090909090909091,0.09090909090909091,0.005530933055327972,0.046169233870967684,0.1068629032258064,44,0,moneyness,OTM5,,0.05
natural,h03,3,2022-09-22,510050,510050_DTE30_OTM5_Q70_Hold,510050__510050_DTE30_OTM5_Q70_Hold,False,OTM5,0.7,2022-09-22,2026-05-27,887,0.1939028112947252,0.05169994907062936,0.060090447073392714,0.13928269945021587,0.4314279326189466,0.37118715586861944,0.738017887069275,0.27565061242950567,0.18755608273444702,2023-01-30,2024-01-17,2024-11-07,430,0.5681818181818182,-0.11452049446236068,0.12370390354591865,1.1937591405182202,0.012745360657028491,0.3553269049415042,0.6191730950584965,0.9090909090909091,0.09090909090909091,0.005537643943169241,0.04621637096774184,0.1068629032258064,44,0,moneyness,OTM5,,0.05
natural,h04,4,2022-09-23,510050,510050_DTE30_OTM5_Q70_Hold,510050__510050_DTE30_OTM5_Q70_Hold,False,OTM5,0.7,2022-09-23,2026-05-27,886,0.19232914256346345,0.05136492089337641,0.05978303149740963,0.13936380077065041,0.4289710180608087,0.36856716456741256,0.7339331409634983,0.27386432977544073,0.1875560827344469,2023-01-30,2024-01-17,2024-11-07,430,0.5681818181818182,-0.11455862884526125,0.12370390354591887,1.1922016989994229,0.012597907128565651,0.3530384436504954,0.6214615563495055,0.9090909090909091,0.09090909090909091,0.005544354831010525,0.046263508064515985,0.1068629032258064,44,0,moneyness,OTM5,,0.05
natural,h05,5,2022-09-26,510050,510050_DTE30_OTM5_Q70_Hold,510050__510050_DTE30_OTM5_Q70_Hold,False,OTM5,0.7,2022-09-26,2026-05-27,885,0.19935548713604367,0.053187067227354445,0.06152134239643518,0.1394090747923198,0.44130084421035465,0.38151797009332555,0.754931196051679,0.28357953766106203,0.18755608273444724,2023-01-30,2024-01-17,2024-11-07,430,0.5681818181818182,-0.114617814641501,0.12370390354591887,1.1992514292644365,0.012362739806476931,0.3495827565055649,0.6249172434944358,0.9090909090909091,0.09090909090909091,0.005551065718851794,0.04631064516129014,0.1068629032258064,44,0,moneyness,OTM5,,0.05
natural,h06,6,2022-09-27,510050,510050_DTE30_OTM5_Q70_Hold,510050__510050_DTE30_OTM5_Q70_Hold,False,OTM5,0.7,2022-09-27,2026-05-27,884,0.18819060432327417,0.05044133137219586,0.05890852357998706,0.13939644669603798,0.4225970243591683,0.3618552163111166,0.7226443376547644,0.26893999190425383,0.18755608273444746,2023-01-30,2024-01-17,2024-11-07,430,0.5681818181818182,-0.1145662604246257,0.12370390354591865,1.188067193821342,0.012597355021928028,0.35252196673324737,0.6219780332667534,0.9090909090909091,0.09090909090909091,0.0055577766066930625,0.046357782258064285,0.1068629032258064,44,0,moneyness,OTM5,,0.05
natural,h07,7,2022-09-28,510050,510050_DTE30_OTM5_Q70_Hold,510050__510050_DTE30_OTM5_Q70_Hold,False,OTM5,0.7,2022-09-28,2026-05-27,883,0.1998903901077167,0.05344503014362978,0.06176208286845344,0.13937915553998748,0.4431228086378675,0.3834506668990153,0.757901780982183,0.28495492849091125,0.18755608273444702,2023-01-30,2024-01-17,2024-11-07,430,0.5681818181818182,-0.11466370073612842,0.12370390354591887,1.1998055581739686,0.012201754548353275,0.3467970383510313,0.6277029616489694,0.9090909090909091,0.09090909090909091,0.0055644874945343465,0.04640491935483844,0.1068629032258064,44,0,moneyness,OTM5,,0.05
natural,h08,8,2022-09-29,510050,510050_DTE30_OTM5_Q70_Hold,510050__510050_DTE30_OTM5_Q70_Hold,False,OTM5,0.7,2022-09-29,2026-05-27,882,0.1995819730782198,0.053429825198279435,0.0617588524179178,0.13945978303889098,0.44284345688889526,0.3831199506697893,0.7575613924012098,0.2848738596973605,0.18755608273444713,2023-01-30,2024-01-17,2024-11-07,430,0.5681818181818182,-0.11468092263306673,0.12370390354591887,1.199504432389081,0.012142336912023974,0.34573954447682764,0.628760455523173,0.9090909090909091,0.09090909090909091,0.005571198382375616,0.046452056451612586,0.1068629032258064,44,0,moneyness,OTM5,,0.05
natural,h09,9,2022-09-30,510050,510050_DTE30_OTM5_Q70_Hold,510050__510050_DTE30_OTM5_Q70_Hold,False,OTM5,0.7,2022-09-30,2026-05-27,881,0.19945189446556366,0.05345942200201037,0.061798366745633604,0.13954181536747068,0.44286629482992773,0.3831068261598134,0.7577311887091986,0.2850316621173059,0.18755608273444702,2023-01-30,2024-01-17,2024-11-07,430,0.5681818181818182,-0.11471347465581883,0.12370390354591887,1.1993880677829605,0.012017589607121298,0.3437358345186289,0.6307641654813725,0.9090909090909091,0.09090909090909091,0.0055779092702169,0.046499193548387274,0.1068629032258064,44,0,moneyness,OTM5,,0.05
natural,h10,10,2022-10-10,510050,510050_DTE30_OTM5_Q70_Hold,510050__510050_DTE30_OTM5_Q70_Hold,False,OTM5,0.7,2022-10-10,2026-05-27,880,0.23791203011871964,0.06309770411713367,0.07096414370636121,0.13997439355504013,0.506979468915913,0.4507803357070639,0.8772676046838772,0.3364204626008907,0.18755608273444724,2023-01-30,2024-01-17,2024-11-07,430,0.5813953488372093,-0.06904857554162336,0.12918255322063854,1.2376727770511815,0.01420042987472704,0.39504368010269575,0.579456319897305,0.9302325581395349,0.06976744186046512,0.0048139035569417276,0.04654633064516142,0.1068629032258064,43,0,moneyness,OTM5,,0.05
natural,h11,11,2022-10-11,510050,510050_DTE30_OTM5_Q70_Hold,510050__510050_DTE30_OTM5_Q70_Hold,False,OTM5,0.7,2022-10-11,2026-05-27,879,0.240849395401312,0.06389524648832468,0.07172596777429717,0.14005831850375589,0.5121150142351147,0.4562045808554472,0.886124249420724,0.34067275002107744,0.18755608273444668,2023-01-30,2024-01-17,2024-11-07,430,0.5813953488372093,-0.06904857554162347,0.12926557825081986,1.240632027755381,0.014009912754394093,0.3921060385639413,0.5823939614360595,0.9302325581395349,0.06976744186046512,0.004816156628446656,0.046593467741935575,0.1068629032258064,43,0,moneyness,OTM5,,0.05
natural,h12,12,2022-10-12,510050,510050_DTE30_OTM5_Q70_Hold,510050__510050_DTE30_OTM5_Q70_Hold,False,OTM5,0.7,2022-10-12,2026-05-27,878,0.23559213152452885,0.06267312257538427,0.0705809895028412,0.1400919518125676,0.5038190173642039,0.44737132836321786,0.8718174830520864,0.3341567048194359,0.1875560827344469,2023-01-30,2024-01-17,2024-11-07,430,0.5813953488372093,-0.06904857554162369,0.12904446689264515,1.2353158023474662,0.014581827451538156,0.3999080122465719,0.5745919877534289,0.9302325581395349,0.06976744186046512,0.004818409699951589,0.04664060483870972,0.1068629032258064,43,0,moneyness,OTM5,,0.05
natural,h13,13,2022-10-13,510050,510050_DTE30_OTM5_Q70_Hold,510050__510050_DTE30_OTM5_Q70_Hold,False,OTM5,0.7,2022-10-13,2026-05-27,877,0.24786179787193707,0.06577206456933804,0.07349387306043675,0.14009402570683935,0.5246039057670453,0.46948514925948814,0.9080587639409978,0.3506794533689528,0.18755608273444724,2023-01-30,2024-01-17,2024-11-07,430,0.5813953488372093,-0.06904857554162336,0.1292440407437958,1.2476359270995532,0.014104369010228462,0.3930557202609499,0.5814442797390507,0.9302325581395349,0.06976744186046512,0.004820662771456517,0.046687741935483876,0.1068629032258064,43,0,moneyness,OTM5,,0.05
natural,h14,14,2022-10-14,510050,510050_DTE30_OTM5_Q70_Hold,510050__510050_DTE30_OTM5_Q70_Hold,False,OTM5,0.7,2022-10-14,2026-05-27,876,0.2179047388554889,0.058416584467007704,0.0665557411149618,0.14001209876346915,0.4753570705871528,0.41722526112328584,0.8202281520171834,0.31146195642034896,0.18755608273444702,2023-01-30,2024-01-17,2024-11-07,430,0.5813953488372093,-0.06904857554162358,0.1291313072965088,1.2177134303791095,0.013950333458231533,0.3891382082255019,0.5853617917744987,0.9302325581395349,0.06976744186046512,0.0048229158429614494,0.04673487903225802,0.1068629032258064,43,0,moneyness,OTM5,,0.05
natural,h15,15,2022-10-17,510050,510050_DTE30_OTM5_Q70_Hold,510050__510050_DTE30_OTM5_Q70_Hold,False,OTM5,0.7,2022-10-17,2026-05-27,875,0.21764837050466967,0.058421092486812265,0.06657321333129858,0.14010691933711797,0.47516006808424355,0.4169750699195839,0.8200542246983292,0.31148599200340643,0.18755608273444724,2023-01-30,2024-01-17,2024-11-07,430,0.5813953488372093,-0.06904857554162347,0.12924212059405926,1.2174867872196664,0.013688236668998778,0.3850919101135703,0.5894080898864298,0.9302325581395349,0.06976744186046512,0.004825168914466378,0.046782016129032176,0.1068629032258064,43,0,moneyness,OTM5,,0.05
natural,h16,16,2022-10-18,510050,510050_DTE30_OTM5_Q70_Hold,510050__510050_DTE30_OTM5_Q70_Hold,False,OTM5,0.7,2022-10-18,2026-05-27,874,0.2233612329457315,0.05992107046584372,0.06799964403961344,0.1401779120836767,0.4850952837635524,0.4274644241389108,0.8371092346242502,0.31948348244553343,0.18755608273444702,2023-01-30,2024-01-17,2024-11-07,430,0.5813953488372093,-0.06904857554162347,0.12936243048896912,1.2232306128656216,0.013403672655595224,0.3807263821974349,0.593773617802566,0.9302325581395349,0.06976744186046512,0.004827421985971306,0.04682915322580632,0.1068629032258064,43,0,moneyness,OTM5,,0.05
natural,h17,17,2022-10-19,510050,510050_DTE30_OTM5_Q70_Hold,510050__510050_DTE30_OTM5_Q70_Hold,False,OTM5,0.7,2022-10-19,2026-05-27,873,0.24739244751649037,0.06596763325999055,0.07362765930341039,0.1397370747388108,0.5269013927837787,0.47208397186855233,0.911364533775974,0.35172217449962073,0.18755608273444724,2023-01-30,2024-01-17,2024-11-07,430,0.5813953488372093,-0.06904857554162358,0.12959898443474804,1.2472661837893773,0.013317898575659336,0.3797836783773792,0.5947163216226214,0.9302325581395349,0.06976744186046512,0.0048296750574762385,0.04687629032258048,0.1068629032258064,43,0,moneyness,OTM5,,0.05
natural,h18,18,2022-10-20,510050,510050_DTE30_OTM5_Q70_Hold,510050__510050_DTE30_OTM5_Q70_Hold,False,OTM5,0.7,2022-10-20,2026-05-27,872,0.2563829180963533,0.06826313923422123,0.07573460132502735,0.13941428020135793,0.5432341738281247,0.48964237476697403,0.9394773913150667,0.3639612122357672,0.18755608273444713,2023-01-30,2024-01-17,2024-11-07,430,0.5813953488372093,-0.06904857554162336,0.12983285395493116,1.256187215714689,0.013884008491790435,0.38892161754221366,0.5855783824577866,0.9302325581395349,0.06976744186046512,0.004831928128981167,0.046923427419354624,0.1068629032258064,43,0,moneyness,OTM5,,0.05
natural,h19,19,2022-10-21,510050,510050_DTE30_OTM5_Q70_Hold,510050__510050_DTE30_OTM5_Q70_Hold,False,OTM5,0.7,2022-10-21,2026-05-27,871,0.26408387095840524,0.07023688105351278,0.07758738255103452,0.13946005284117524,0.5563412674122193,0.5036344072915445,0.9620705886114782,0.3744846876171878,0.1875560827344469,2023-01-30,2024-01-17,2024-11-07,430,0.5813953488372093,-0.06904857554162347,0.12990105286314368,1.2639052884724804,0.013730284966695634,0.38652120127347983,0.5879787987265209,0.9302325581395349,0.06976744186046512,0.0048341812004861,0.04697056451612878,0.1068629032258064,43,0,moneyness,OTM5,,0.05
natural,h20,20,2022-10-24,510050,510050_DTE30_OTM5_Q70_Hold,510050__510050_DTE30_OTM5_Q70_Hold,False,OTM5,0.7,2022-10-24,2026-05-27,870,0.303540674633864,0.07990314373824203,0.0862798336828445,0.1372820376503017,0.6284859633466761,0.5820364055331053,1.0945446127770084,0.4260226731828992,0.1875560827344468,2023-01-30,2024-01-17,2024-11-07,430,0.5813953488372093,-0.06904857554162336,0.1234499660052033,1.3032773690378143,0.012252422515271316,0.34557026384646655,0.628929736153534,0.9302325581395349,0.09302325581395349,0.005517511279645419,0.047017701612902925,0.1068629032258064,43,0,moneyness,OTM5,,0.05
natural,h00,0,2022-09-19,510050,510050_DTE30_OTM7_Q70_Hold,510050__510050_DTE30_OTM7_Q70_Hold,False,OTM7,0.7,2022-09-19,2026-05-27,890,0.15519778576152676,0.041743632290551114,0.05130100858980981,0.14444300989220282,0.3551643560189969,0.2889972475767723,0.6164908522735533,0.20971431826558656,0.19904998683821917,2023-01-30,2024-01-17,2024-11-07,430,0.5681818181818182,-0.11691367224792026,0.1319879454619659,1.155118914515867,0.009255224157565002,0.43899434129155496,0.5355056587084458,0.9772727272727273,0.022727272727272728,0.0026110659189658627,0.03711326612903222,0.0960524193548387,44,0,moneyness,OTM7,,0.07
natural,h01,1,2022-09-20,510050,510050_DTE30_OTM7_Q70_Hold,510050__510050_DTE30_OTM7_Q70_Hold,False,OTM7,0.7,2022-09-20,2026-05-27,889,0.15679758175465452,0.042200834079491045,0.05175163566131874,0.14452463054977246,0.35808177100647304,0.291997522629595,0.6215691411695917,0.21201123772889482,0.19904998683821906,2023-01-30,2024-01-17,2024-11-07,430,0.5681818181818182,-0.11694472636094477,0.13198794546196613,1.156730629004418,0.009136782527891333,0.43650222946210304,0.5379977705378974,0.9772727272727273,0.022727272727272728,0.002613615017939275,0.03711806451612899,0.0960524193548387,44,0,moneyness,OTM7,,0.07
natural,h02,2,2022-09-21,510050,510050_DTE30_OTM7_Q70_Hold,510050__510050_DTE30_OTM7_Q70_Hold,False,OTM7,0.7,2022-09-21,2026-05-27,888,0.16615213658117178,0.04463700030074347,0.05408929662080076,0.14454164484676169,0.3742125439221649,0.3088175753642914,0.6495781616780535,0.22425020473386342,0.19904998683821917,2023-01-30,2024-01-17,2024-11-07,430,0.5681818181818182,-0.1169758060243139,0.13198794546196568,1.1660964420911706,0.009018873966616919,0.4340546077097989,0.5404453922902016,0.9772727272727273,0.022727272727272728,0.0026161641169126938,0.03712286290322576,0.0960524193548387,44,0,moneyness,OTM7,,0.07
natural,h03,3,2022-09-22,510050,510050_DTE30_OTM7_Q70_Hold,510050__510050_DTE30_OTM7_Q70_Hold,False,OTM7,0.7,2022-09-22,2026-05-27,887,0.17633233266483805,0.04727433634130773,0.0566085581288274,0.14452366425303254,0.39169058175633403,0.3271044682242464,0.6800916188934067,0.2374998214882104,0.1990499868382194,2023-01-30,2024-01-17,2024-11-07,430,0.5681818181818182,-0.11649828544792551,0.13198794546196568,1.176252117373524,0.009267397179142642,0.4389742787824916,0.5355257212175093,0.9772727272727273,0.022727272727272728,0.0026187132158861062,0.03712766129032253,0.0960524193548387,44,0,moneyness,OTM7,,0.07
natural,h04,4,2022-09-23,510050,510050_DTE30_OTM7_Q70_Hold,510050__510050_DTE30_OTM7_Q70_Hold,False,OTM7,0.7,2022-09-23,2026-05-27,886,0.17504897975970013,0.04700351703782091,0.056361838236291685,0.1446067294814287,0.38975944230541526,0.3250437735946265,0.676862214306529,0.236139262224738,0.19904998683821928,2023-01-30,2024-01-17,2024-11-07,430,0.5681818181818182,-0.11652145773201406,0.13198794546196613,1.1749783316988474,0.009180575259392176,0.43704248447504124,0.5374575155249592,0.9772727272727273,0.022727272727272728,0.002621262314859525,0.0371324596774193,0.0960524193548387,44,0,moneyness,OTM7,,0.07
natural,h05,5,2022-09-26,510050,510050_DTE30_OTM7_Q70_Hold,510050__510050_DTE30_OTM7_Q70_Hold,False,OTM7,0.7,2022-09-26,2026-05-27,885,0.18241050831419314,0.04892370194032192,0.05820076170309978,0.1446500383314221,0.4023556604233331,0.3382211474305175,0.6986633397683095,0.24578600942126855,0.19904998683821917,2023-01-30,2024-01-17,2024-11-07,430,0.5681818181818182,-0.11655624298163914,0.1319879454619659,1.1823532500630518,0.009045911181722554,0.4342163518129238,0.5402836481870765,0.9772727272727273,0.022727272727272728,0.0026238114138329377,0.037137258064516065,0.0960524193548387,44,0,moneyness,OTM7,,0.07
natural,h06,6,2022-09-27,510050,510050_DTE30_OTM7_Q70_Hold,510050__510050_DTE30_OTM7_Q70_Hold,False,OTM7,0.7,2022-09-27,2026-05-27,884,0.17080309382642755,0.04603124726395036,0.05543701524812057,0.1446374330539139,0.3832826266175252,0.3182526562594077,0.665256990779868,0.23125471141760442,0.19904998683821928,2023-01-30,2024-01-17,2024-11-07,430,0.5681818181818182,-0.11653884633112988,0.13198794546196613,1.1707399529963938,0.009129773735687099,0.43554982451416513,0.5389501754858347,0.9772727272727273,0.022727272727272728,0.0026263605128063502,0.03714205645161284,0.0960524193548387,44,0,moneyness,OTM7,,0.07
natural,h07,7,2022-09-28,510050,510050_DTE30_OTM7_Q70_Hold,510050__510050_DTE30_OTM7_Q70_Hold,False,OTM7,0.7,2022-09-28,2026-05-27,883,0.18334259169027578,0.04927352068383972,0.05852783633282258,0.14460603796166568,0.4047399206687207,0.3407431762766495,0.7027338207089616,0.2475434511024986,0.19904998683821928,2023-01-30,2024-01-17,2024-11-07,430,0.5681818181818182,-0.1165794510497099,0.1319879454619659,1.1832947848281217,0.008971170806081823,0.43226037234174386,0.5422396276582571,0.9772727272727273,0.022727272727272728,0.002628909611779769,0.03714685483870961,0.0960524193548387,44,0,moneyness,OTM7,,0.07
natural,h08,8,2022-09-29,510050,510050_DTE30_OTM7_Q70_Hold,510050__510050_DTE30_OTM7_Q70_Hold,False,OTM7,0.7,2022-09-29,2026-05-27,882,0.18300421795516675,0.049244971531768655,0.058512687599537136,0.1446897598281324,0.40440102788919263,0.34034869910810256,0.7022787427109473,0.2474000240542256,0.19904998683821895,2023-01-30,2024-01-17,2024-11-07,430,0.5681818181818182,-0.11659880205759843,0.13198794546196613,1.182964390295245,0.008899852552622878,0.4306082995952208,0.5438917004047803,0.9772727272727273,0.022727272727272728,0.0026314587107531813,0.03715165322580638,0.0960524193548387,44,0,moneyness,OTM7,,0.07
natural,h09,9,2022-09-30,510050,510050_DTE30_OTM7_Q70_Hold,510050__510050_DTE30_OTM7_Q70_Hold,False,OTM7,0.7,2022-09-30,2026-05-27,881,0.1832475492042318,0.049364090479599554,0.058638207451652546,0.14477278976371985,0.4050361089770705,0.34097630197059464,0.7034985727795862,0.2479984614102028,0.1990499868382195,2023-01-30,2024-01-17,2024-11-07,430,0.5681818181818182,-0.1166104174444651,0.1319879454619659,1.1832124804259243,0.008861017327096016,0.42961497646582153,0.5448850235341794,0.9772727272727273,0.022727272727272728,0.0026340078097266,0.0371564516129032,0.0960524193548387,44,0,moneyness,OTM7,,0.07
natural,h10,10,2022-10-10,510050,510050_DTE30_OTM7_Q70_Hold,510050__510050_DTE30_OTM7_Q70_Hold,False,OTM7,0.7,2022-10-10,2026-05-27,880,0.2129104915352804,0.05689736821638314,0.06580073791270585,0.14484744503695116,0.45427613787678356,0.3928089183890568,0.7956290207133412,0.28584462184680903,0.1990499868382194,2023-01-30,2024-01-17,2024-11-07,430,0.5813953488372093,-0.06930543288864233,0.13070048042560245,1.212763978420511,0.00904289158765704,0.4304372624460455,0.5440627375539561,0.9767441860465116,0.023255813953488372,0.0025026191626762633,0.03716124999999997,0.0960524193548387,43,0,moneyness,OTM7,,0.07
natural,h11,11,2022-10-11,510050,510050_DTE30_OTM7_Q70_Hold,510050__510050_DTE30_OTM7_Q70_Hold,False,OTM7,0.7,2022-10-11,2026-05-27,879,0.21611510902551512,0.057764748164554236,0.06663303958599567,0.14492890801081149,0.4597636213544434,0.39857298973262856,0.8052013494345858,0.2902022204678836,0.19904998683821928,2023-01-30,2024-01-17,2024-11-07,430,0.5813953488372093,-0.06930543288864244,0.13075301556122287,1.2159820675421178,0.008922778568582793,0.4276163492258767,0.5468836507741238,0.9767441860465116,0.023255813953488372,0.002504267451566127,0.037166048387096744,0.0960524193548387,43,0,moneyness,OTM7,,0.07
natural,h12,12,2022-10-12,510050,510050_DTE30_OTM7_Q70_Hold,510050__510050_DTE30_OTM7_Q70_Hold,False,OTM7,0.7,2022-10-12,2026-05-27,878,0.2077298822157383,0.05573147445190996,0.0647412264604644,0.1451564262652972,0.44601006049941727,0.38394080018236004,0.7811869040618155,0.27998733050510843,0.19904998683821917,2023-01-30,2024-01-17,2024-11-07,430,0.5813953488372093,-0.06930543288864233,0.1307351319758825,1.207621011931618,0.008748715619916324,0.42278316312060854,0.5517168368793914,0.9767441860465116,0.023255813953488372,0.0025059157404559943,0.03717084677419351,0.0960524193548387,43,0,moneyness,OTM7,,0.07
natural,h13,13,2022-10-13,510050,510050_DTE30_OTM7_Q70_Hold,510050__510050_DTE30_OTM7_Q70_Hold,False,OTM7,0.7,2022-10-13,2026-05-27,877,0.22285541987470614,0.05958379187407048,0.06835704639849131,0.1449668067552693,0.47153584967826895,0.41101679210371866,0.826119044913497,0.29934084809811146,0.19904998683821928,2023-01-30,2024-01-17,2024-11-07,430,0.5813953488372093,-0.06930543288864222,0.13074374087633278,1.2227183565732864,0.008973399619278039,0.4282838353154317,0.5462161646845692,0.9767441860465116,0.023255813953488372,0.0025075640293458577,0.03717564516129028,0.0960524193548387,43,0,moneyness,OTM7,,0.07
natural,h14,14,2022-10-14,510050,510050_DTE30_OTM7_Q70_Hold,510050__510050_DTE30_OTM7_Q70_Hold,False,OTM7,0.7,2022-10-14,2026-05-27,876,0.19404764061460056,0.052403385683333914,0.061517403329106234,0.14469686126649117,0.42514677091584163,0.3621597954832035,0.742559448809994,0.26326746620649344,0.1990499868382195,2023-01-30,2024-01-17,2024-11-07,430,0.5813953488372093,-0.06930543288864222,0.13067947878332564,1.1939266597076534,0.00891774719952968,0.4255987691885826,0.5489012308114181,0.9767441860465116,0.023255813953488372,0.002509212318235725,0.03718044354838705,0.0960524193548387,43,0,moneyness,OTM7,,0.07
natural,h15,15,2022-10-17,510050,510050_DTE30_OTM7_Q70_Hold,510050__510050_DTE30_OTM7_Q70_Hold,False,OTM7,0.7,2022-10-17,2026-05-27,875,0.19424660306666408,0.052515451404566704,0.0616370889774486,0.14478838184775658,0.4257046607666307,0.3627048713051171,0.7436706053276052,0.2638304691135165,0.1990499868382194,2023-01-30,2024-01-17,2024-11-07,430,0.5813953488372093,-0.0693054328886421,0.1307475072801687,1.194143389290956,0.008757753600126176,0.4218398314448618,0.5526601685551392,0.9767441860465116,0.023255813953488372,0.0025108606071255883,0.037185241935483816,0.0960524193548387,43,0,moneyness,OTM7,,0.07
natural,h16,16,2022-10-18,510050,510050_DTE30_OTM7_Q70_Hold,510050__510050_DTE30_OTM7_Q70_Hold,False,OTM7,0.7,2022-10-18,2026-05-27,874,0.20013993367933525,0.05407390056794692,0.06312687982320134,0.1448568164606863,0.43578812074980117,0.37329206791329983,0.7612005102452796,0.27165990526739536,0.19904998683821917,2023-01-30,2024-01-17,2024-11-07,430,0.5813953488372093,-0.0693054328886421,0.13084041409628755,1.2000602564443594,0.008536483684281893,0.41670127175679844,0.5577987282432024,0.9767441860465116,0.023255813953488372,0.002512508896015452,0.03719004032258059,0.0960524193548387,43,0,moneyness,OTM7,,0.07
natural,h17,17,2022-10-19,510050,510050_DTE30_OTM7_Q70_Hold,510050__510050_DTE30_OTM7_Q70_Hold,False,OTM7,0.7,2022-10-19,2026-05-27,873,0.2236138644417054,0.06005506243350367,0.06873738189453969,0.14451951432648266,0.47562699207012094,0.4155498495368165,0.832732293490779,0.3017084471465668,0.19904998683821917,2023-01-30,2024-01-17,2024-11-07,430,0.5813953488372093,-0.06930543288864244,0.13098541040188305,1.223542967096345,0.00843322285912503,0.4145056178837545,0.5599943821162461,0.9767441860465116,0.023255813953488372,0.0025141571849053193,0.03719483870967736,0.0960524193548387,43,0,moneyness,OTM7,,0.07
natural,h18,18,2022-10-20,510050,510050_DTE30_OTM7_Q70_Hold,510050__510050_DTE30_OTM7_Q70_Hold,False,OTM7,0.7,2022-10-20,2026-05-27,872,0.2314355192031201,0.06208223050432027,0.07062698989241413,0.14437042506205752,0.4892067739085424,0.430020417808109,0.856380628447682,0.31189266319710124,0.19904998683821962,2023-01-30,2024-01-17,2024-11-07,430,0.5813953488372093,-0.06930543288864222,0.1310425759811964,1.2313231942769285,0.008782254411737958,0.4230540098742904,0.5514459901257102,0.9767441860465116,0.023255813953488372,0.0025158054737951826,0.03719963709677413,0.0960524193548387,43,0,moneyness,OTM7,,0.07
natural,h19,19,2022-10-21,510050,510050_DTE30_OTM7_Q70_Hold,510050__510050_DTE30_OTM7_Q70_Hold,False,OTM7,0.7,2022-10-21,2026-05-27,871,0.23904848405546475,0.06405360583910658,0.07248894149739625,0.14441950762096348,0.5019331715743504,0.4435246103124697,0.8785860259866005,0.32179658414731355,0.19904998683821895,2023-01-30,2024-01-17,2024-11-07,430,0.5813953488372093,-0.06930543288864222,0.13110467915002344,1.2389522089585734,0.008637697461914468,0.41961383047938067,0.5548861695206203,0.9767441860465116,0.023255813953488372,0.00251745376268505,0.037204435483870896,0.0960524193548387,43,0,moneyness,OTM7,,0.07
natural,h20,20,2022-10-24,510050,510050_DTE30_OTM7_Q70_Hold,510050__510050_DTE30_OTM7_Q70_Hold,False,OTM7,0.7,2022-10-24,2026-05-27,870,0.28612725934394434,0.07569979518053338,0.08311809481629258,0.14262256861545797,0.582783605870943,0.5307701012217554,1.030065511286475,0.38030545182632697,0.19904998683821917,2023-01-30,2024-01-17,2024-11-07,430,0.5813953488372093,-0.06930543288864233,0.13180646057105827,1.285959714770713,0.009094317831325638,0.43276084688095967,0.5417391531190412,0.9767441860465116,0.023255813953488372,0.0026370380543467497,0.03720923387096767,0.0960524193548387,43,0,moneyness,OTM7,,0.07
natural,h00,0,2022-09-19,510300,510300_DTE30_ATM_Q70_Hold,510300__510300_DTE30_ATM_Q70_Hold,False,ATM,0.7,2022-09-19,2026-05-27,890,0.17778947179695326,0.04747861593305536,0.05293850488881964,0.11431389730790402,0.4630977172113203,0.4153354670882395,0.7264981818765568,0.30391772320559507,0.1562219387282554,2023-08-04,2024-02-02,2024-10-08,280,0.6136363636363636,-0.06465791592744996,0.09807230965780867,1.1773235702880218,-0.022430159014440038,-0.13724062872514642,1.1117406287251486,0.6363636363636364,0.5227272727272727,0.018797209181011954,0.07889447322970643,0.1668393782383419,44,0,moneyness,ATM,,0.0
natural,h01,1,2022-09-20,510300,510300_DTE30_ATM_Q70_Hold,510300__510300_DTE30_ATM_Q70_Hold,False,ATM,0.7,2022-09-20,2026-05-27,889,0.17661064942351334,0.04723569353514079,0.052714119994769486,0.11438029683391299,0.4608671375570352,0.4129705451257032,0.7230903689148963,0.3023627405962884,0.15622193872825552,2023-08-04,2024-02-02,2024-10-08,280,0.6136363636363636,-0.06465791592744996,0.09807230965780911,1.176159656124114,-0.02259694753448321,-0.13823513671222912,1.1127351367122313,0.6363636363636364,0.5227272727272727,0.018798122065727656,0.07895935521013239,0.1668393782383419,44,0,moneyness,ATM,,0.0
natural,h02,2,2022-09-21,510300,510300_DTE30_ATM_Q70_Hold,510300__510300_DTE30_ATM_Q70_Hold,False,ATM,0.7,2022-09-21,2026-05-27,888,0.18269285773483745,0.048825406268602434,0.0542359039382367,0.11442050445991564,0.47400511118386907,0.42671902644606147,0.7436147249375873,0.31253872961807927,0.15622193872825563,2023-08-04,2024-02-02,2024-10-08,280,0.6136363636363636,-0.06465791592745007,0.09807230965780933,1.1823048532625402,-0.023294865101348164,-0.14273222873425898,1.117232228734261,0.6363636363636364,0.5227272727272727,0.018799034950443362,0.07902423719055836,0.1668393782383419,44,0,moneyness,ATM,,0.0
natural,h03,3,2022-09-22,510300,510300_DTE30_ATM_Q70_Hold,510300__510300_DTE30_ATM_Q70_Hold,False,ATM,0.7,2022-09-22,2026-05-27,887,0.19953927076130662,0.053109769705286025,0.058240355002675395,0.11378094440500051,0.5118638741068123,0.46677209424667004,0.8035943090183179,0.33996358090056256,0.15622193872825552,2023-08-04,2024-02-02,2024-10-08,280,0.6136363636363636,-0.06465791592744996,0.09807230965780889,1.198942986562388,-0.021462368782496796,-0.1290825497484554,1.1035825497484573,0.6363636363636364,0.5227272727272727,0.018799947835159068,0.07908911917098432,0.1668393782383419,44,0,moneyness,ATM,,0.0
natural,h04,4,2022-09-23,510300,510300_DTE30_ATM_Q70_Hold,510300__510300_DTE30_ATM_Q70_Hold,False,ATM,0.7,2022-09-23,2026-05-27,886,0.2004115001247211,0.0533893502222611,0.05851366623738216,0.11384941124005503,0.513956687171656,0.4689470910805853,0.8069091725421578,0.3417532176138885,0.15622193872825563,2023-08-04,2024-02-02,2024-10-08,280,0.6136363636363636,-0.06465791592745007,0.09807230965780911,1.1998523359666202,-0.02185801038074048,-0.13158367784878974,1.1060836778487917,0.6363636363636364,0.5227272727272727,0.018800860719874773,0.07915400115141029,0.1668393782383419,44,0,moneyness,ATM,,0.0
natural,h05,5,2022-09-26,510300,510300_DTE30_ATM_Q70_Hold,510300__510300_DTE30_ATM_Q70_Hold,False,ATM,0.7,2022-09-26,2026-05-27,885,0.2050318443184176,0.05460560920716584,0.05967397300844298,0.11390277035083893,0.5239027358565337,0.479405452904892,0.8224086703910407,0.34953867332392413,0.15622193872825563,2023-08-04,2024-02-02,2024-10-08,280,0.6136363636363636,-0.06465791592744985,0.09807230965780911,1.2045430600372922,-0.022603959621595546,-0.13642793222939195,1.110927932229394,0.6363636363636364,0.5227272727272727,0.01880177360459048,0.07921888313183624,0.1668393782383419,44,0,moneyness,ATM,,0.0
natural,h06,6,2022-09-27,510300,510300_DTE30_ATM_Q70_Hold,510300__510300_DTE30_ATM_Q70_Hold,False,ATM,0.7,2022-09-27,2026-05-27,884,0.1953423180812992,0.05224187583143003,0.057425649968353,0.11386764077135257,0.5043193095013211,0.4587947504447929,0.7912537512427585,0.33440806238042875,0.15622193872825563,2023-08-04,2024-02-02,2024-10-08,280,0.6136363636363636,-0.06465791592745007,0.09807230965780911,1.1947269044583504,-0.021287160222758308,-0.12766858204524514,1.1021685820452476,0.6363636363636364,0.5227272727272727,0.01880268648930618,0.0792837651122622,0.1668393782383419,44,0,moneyness,ATM,,0.0
natural,h07,7,2022-09-28,510300,510300_DTE30_ATM_Q70_Hold,510300__510300_DTE30_ATM_Q70_Hold,False,ATM,0.7,2022-09-28,2026-05-27,883,0.2048109912576246,0.054677525745684186,0.05973851974339226,0.11387027181757754,0.5246191019820747,0.48017384057253043,0.8231752980163318,0.3499990218454173,0.15622193872825563,2023-08-04,2024-02-02,2024-10-08,280,0.6136363636363636,-0.0646579159274503,0.09807230965780933,1.2043729188244932,-0.02311312239255443,-0.13983472457810225,1.1143347245781046,0.6363636363636364,0.5227272727272727,0.018803599374021887,0.07934864709268817,0.1668393782383419,44,0,moneyness,ATM,,0.0
natural,h08,8,2022-09-29,510300,510300_DTE30_ATM_Q70_Hold,510300__510300_DTE30_ATM_Q70_Hold,False,ATM,0.7,2022-09-29,2026-05-27,882,0.20378640757041744,0.054484613403726456,0.05956313257202308,0.11393676809123911,0.5227735837155368,0.4782004467609251,0.8203849345706992,0.34876416108560265,0.15622193872825552,2023-08-04,2024-02-02,2024-10-08,280,0.6136363636363636,-0.06465791592745018,0.09807230965780933,1.2033664780893576,-0.023308855012314174,-0.1410366263733809,1.115536626373383,0.6363636363636364,0.5227272727272727,0.018804512258737593,0.07941352907311414,0.1668393782383419,44,0,moneyness,ATM,,0.0
natural,h09,9,2022-09-30,510300,510300_DTE30_ATM_Q70_Hold,510300__510300_DTE30_ATM_Q70_Hold,False,ATM,0.7,2022-09-30,2026-05-27,881,0.2076963233688094,0.055527901123355594,0.06055932767431093,0.11399864215893381,0.531228499984068,0.4870926536645946,0.8335315580971155,0.35544240185077375,0.15622193872825563,2023-08-04,2024-02-02,2024-10-08,280,0.6136363636363636,-0.06465791592744996,0.09807230965780911,1.2073758607747302,-0.024317718684748676,-0.14788333856073024,1.122383338560732,0.6363636363636364,0.5227272727272727,0.0188054251434533,0.07947841105354084,0.1668393782383419,44,0,moneyness,ATM,,0.0
natural,h10,10,2022-10-10,510300,510300_DTE30_ATM_Q70_Hold,510300__510300_DTE30_ATM_Q70_Hold,False,ATM,0.7,2022-10-10,2026-05-27,880,0.24287397724125825,0.06431761275713321,0.06888408681480301,0.114281782809923,0.6027564947019873,0.5627984721248903,0.9543220602567943,0.41170666092559627,0.15622193872825563,2023-08-04,2024-02-02,2024-10-08,280,0.627906976744186,-0.06465791592745007,0.09807230965780889,1.2423054386617007,-0.02194755922687125,-0.13434982502612416,1.1088498250261263,0.6511627906976745,0.5348837209302325,0.01871433702318279,0.0795432930339668,0.1668393782383419,43,0,moneyness,ATM,,0.0
natural,h11,11,2022-10-11,510300,510300_DTE30_ATM_Q70_Hold,510300__510300_DTE30_ATM_Q70_Hold,False,ATM,0.7,2022-10-11,2026-05-27,879,0.24415145416988415,0.06470706517856728,0.06925699807766138,0.11434259336758548,0.6056972825079789,0.5659051738537079,0.9589918709460659,0.4141996041357785,0.15622193872825552,2023-08-04,2024-02-02,2024-10-08,280,0.627906976744186,-0.06465791592745018,0.09807230965780889,1.2435742546505597,-0.02190539824606274,-0.13381972337098183,1.1083197233709838,0.6511627906976745,0.5348837209302325,0.01871817020349628,0.07960817501439277,0.1668393782383419,43,0,moneyness,ATM,,0.0
natural,h12,12,2022-10-12,510300,510300_DTE30_ATM_Q70_Hold,510300__510300_DTE30_ATM_Q70_Hold,False,ATM,0.7,2022-10-12,2026-05-27,878,0.23086098759671625,0.061502316104645294,0.06622796756267824,0.11422089132033066,0.5798235926643486,0.5384506756488446,0.9169027366996901,0.39368552589548306,0.15622193872825574,2023-08-04,2024-02-02,2024-10-08,280,0.627906976744186,-0.06465791592744996,0.09807230965780911,1.2301244382066203,-0.020334600152274823,-0.12256695034797424,1.0970669503479762,0.6511627906976745,0.5348837209302325,0.01872200338380978,0.07967305699481872,0.1668393782383419,43,0,moneyness,ATM,,0.0
natural,h13,13,2022-10-13,510300,510300_DTE30_ATM_Q70_Hold,510300__510300_DTE30_ATM_Q70_Hold,False,ATM,0.7,2022-10-13,2026-05-27,877,0.2378341337355192,0.06330124524583436,0.06792718728803541,0.11426945344582294,0.5944474681524651,0.5539647153020342,0.9400442424862331,0.405200740441106,0.15622193872825585,2023-08-04,2024-02-02,2024-10-08,280,0.627906976744186,-0.06465791592745018,0.09807230965780911,1.2371825673738397,-0.02120024296803769,-0.12856464928363515,1.1030646492836371,0.6511627906976745,0.5348837209302325,0.01872583656412327,0.07973793897524468,0.1668393782383419,43,0,moneyness,ATM,,0.0
natural,h14,14,2022-10-14,510300,510300_DTE30_ATM_Q70_Hold,510300__510300_DTE30_ATM_Q70_Hold,False,ATM,0.7,2022-10-14,2026-05-27,876,0.21435563186991247,0.05752737114995066,0.06260389931356129,0.11535392032937748,0.5427115015666945,0.49870321689708547,0.8601578034895524,0.36824130860402493,0.15622193872825563,2023-08-04,2024-02-02,2024-10-08,280,0.627906976744186,-0.06465791592745018,0.09807230965780933,1.213806366963416,-0.01998353106304226,-0.1227586090431936,1.0972586090431957,0.6511627906976745,0.5116279069767442,0.018729669744436774,0.07980282095567065,0.1668393782383419,43,0,moneyness,ATM,,0.0
natural,h15,15,2022-10-17,510300,510300_DTE30_ATM_Q70_Hold,510300__510300_DTE30_ATM_Q70_Hold,False,ATM,0.7,2022-10-17,2026-05-27,875,0.21320685285476637,0.05730648592187859,0.06240400403655843,0.11543248024834904,0.5406104408594389,0.4964502694439697,0.856975598630571,0.3668273892155564,0.15622193872825552,2023-08-04,2024-02-02,2024-10-08,280,0.627906976744186,-0.06465791592744996,0.09807230965780933,1.2126951513062725,-0.020351372915791838,-0.12527815443537604,1.0997781544353784,0.6511627906976745,0.5116279069767442,0.018733502924750265,0.07986770293609662,0.1668393782383419,43,0,moneyness,ATM,,0.0
natural,h16,16,2022-10-18,510300,510300_DTE30_ATM_Q70_Hold,510300__510300_DTE30_ATM_Q70_Hold,False,ATM,0.7,2022-10-18,2026-05-27,874,0.21353242609543455,0.05745587784381656,0.06255483350326596,0.11551503654675316,0.5415297901753919,0.49738873450091553,0.8585651966432263,0.3677836692563376,0.15622193872825552,2023-08-04,2024-02-02,2024-10-08,280,0.627906976744186,-0.06465791592745007,0.09807230965780911,1.2130669390470274,-0.020812651074887254,-0.12844628310504302,1.1029462831050454,0.6511627906976745,0.5116279069767442,0.018737336105063757,0.07993258491652258,0.1668393782383419,43,0,moneyness,ATM,,0.0
natural,h17,17,2022-10-19,510300,510300_DTE30_ATM_Q70_Hold,510300__510300_DTE30_ATM_Q70_Hold,False,ATM,0.7,2022-10-19,2026-05-27,873,0.22857032698351154,0.06129418855697999,0.06603094385353797,0.11421119805679526,0.5781477208627295,0.5366740704926276,0.9128066131116571,0.3923532703277978,0.15622193872825574,2023-08-04,2024-02-02,2024-10-08,280,0.627906976744186,-0.06465791592745007,0.09807230965780911,1.2279912062827545,-0.021808528279443143,-0.13304474775353947,1.1075447477535412,0.6511627906976745,0.5348837209302325,0.018741169285377255,0.07999746689694853,0.1668393782383419,43,0,moneyness,ATM,,0.0
natural,h18,18,2022-10-20,510300,510300_DTE30_ATM_Q70_Hold,510300__510300_DTE30_ATM_Q70_Hold,False,ATM,0.7,2022-10-20,2026-05-27,872,0.23209379455001677,0.062246461061503444,0.06693439852741088,0.1142667295740557,0.5857732935642569,0.5447470256087256,0.924762532111724,0.39844890908555225,0.15622193872825563,2023-08-04,2024-02-02,2024-10-08,280,0.627906976744186,-0.06465791592744985,0.09807230965780911,1.2315198173407005,-0.02191088105361004,-0.13354042116751677,1.1080404211675186,0.6511627906976745,0.5348837209302325,0.018745002465690747,0.0800623488773745,0.1668393782383419,43,0,moneyness,ATM,,0.0
natural,h19,19,2022-10-21,510300,510300_DTE30_ATM_Q70_Hold,510300__510300_DTE30_ATM_Q70_Hold,False,ATM,0.7,2022-10-21,2026-05-27,871,0.23703353552312456,0.06355210524205912,0.06816968310130683,0.11432443334521199,0.596282711460838,0.5558925890335125,0.941287894504553,0.40680653280463036,0.15622193872825574,2023-08-04,2024-02-02,2024-10-08,280,0.627906976744186,-0.06465791592744985,0.09807230965780911,1.236510838422962,-0.02244353145001707,-0.13721855187818402,1.111718551878186,0.6511627906976745,0.5348837209302325,0.01874883564600425,0.08012723085780046,0.1668393782383419,43,0,moneyness,ATM,,0.0
natural,h20,20,2022-10-24,510300,510300_DTE30_ATM_Q70_Hold,510300__510300_DTE30_ATM_Q70_Hold,False,ATM,0.7,2022-10-24,2026-05-27,870,0.24872583578529173,0.06653312387915311,0.07079273439224748,0.11275654662360969,0.6278370215483741,0.5900599643340086,0.9888512379784036,0.42588847904957805,0.15622193872825552,2023-08-04,2024-02-02,2024-10-08,280,0.627906976744186,-0.0646579159274504,0.09807230965780911,1.248134290690424,-0.027393773187770063,-0.1693728594501276,1.1438728594501297,0.627906976744186,0.5348837209302325,0.01901630151278031,0.08019211283822643,0.1668393782383419,43,0,moneyness,ATM,,0.0
natural,h00,0,2022-09-19,510300,510300_DTE30_D40_Q70_Hold,510300__510300_DTE30_D40_Q70_Hold,False,D40,0.7,2022-09-19,2026-05-27,890,0.27776680808039966,0.07195179883317193,0.07719495912123173,0.12402113595452745,0.6224338982795271,0.5801575536249981,0.9992908040261302,0.4374379536750794,0.1644845817073668,2023-01-13,2024-02-02,2024-10-08,414,0.5909090909090909,-0.07079837385513832,0.09807230965780889,1.2775049347540997,0.0017990407750129393,0.03250932002774214,0.9419906799722588,0.75,0.4090909090909091,0.01194746402981664,0.07889447322970643,0.1668393782383419,44,0,target_delta,D40,0.4,
natural,h01,1,2022-09-20,510300,510300_DTE30_D40_Q70_Hold,510300__510300_DTE30_D40_Q70_Hold,False,D40,0.7,2022-09-20,2026-05-27,889,0.27648321524342645,0.07172995294756146,0.07699689062357139,0.12409339225823866,0.6204753470139706,0.5780320099420866,0.996284434768349,0.43608922005331535,0.1644845817073669,2023-01-13,2024-02-02,2024-10-08,414,0.5909090909090909,-0.07081542769017457,0.09807230965780911,1.2762371507948174,0.001658508391698931,0.031352046106040254,0.9431479538939608,0.75,0.4090909090909091,0.011952328207395531,0.07895935521013239,0.1668393782383419,44,0,target_delta,D40,0.4,
natural,h02,2,2022-09-21,510300,510300_DTE30_D40_Q70_Hold,510300__510300_DTE30_D40_Q70_Hold,False,D40,0.7,2022-09-21,2026-05-27,888,0.2932832465456159,0.07580258126128814,0.08074889385251063,0.12375490307052446,0.652490461783919,0.6125218426141094,1.0483518594804213,0.4608491596868803,0.16448458170736713,2023-01-13,2024-02-02,2024-10-08,414,0.5909090909090909,-0.06807667327258105,0.09807230965780911,1.2928589608315988,0.0031882678423012898,0.04405150645369473,0.9304484935463062,0.75,0.4090909090909091,0.011957192384974433,0.07902423719055836,0.1668393782383419,44,0,target_delta,D40,0.4,
natural,h03,3,2022-09-22,510300,510300_DTE30_D40_Q70_Hold,510300__510300_DTE30_D40_Q70_Hold,False,D40,0.7,2022-09-22,2026-05-27,887,0.29948652511697893,0.07735657892144765,0.08219918856560259,0.12380631972612607,0.6639337050599413,0.6248193072257487,1.066580645358853,0.47029683948780115,0.1644845817073669,2023-01-13,2024-02-02,2024-10-08,414,0.5909090909090909,-0.06815724922575561,0.09807230965780911,1.299138469614963,0.0024694536941130114,0.03844096725696768,0.9360590327430333,0.75,0.4090909090909091,0.011962056562553324,0.07908911917098432,0.1668393782383419,44,0,target_delta,D40,0.4,
natural,h04,4,2022-09-23,510300,510300_DTE30_D40_Q70_Hold,510300__510300_DTE30_D40_Q70_Hold,False,D40,0.7,2022-09-23,2026-05-27,886,0.3012881657032651,0.07787243060628901,0.08268669016216793,0.12387608133393051,0.6674952038502971,0.6286316919920135,1.0722934456294249,0.47343300993907916,0.16448458170736668,2023-01-13,2024-02-02,2024-10-08,414,0.5909090909090909,-0.06817774717796843,0.09807230965780911,1.300959635210513,0.002287730221329844,0.03699782982632364,0.9375021701736773,0.75,0.4090909090909091,0.011966920740132225,0.07915400115141029,0.1668393782383419,44,0,target_delta,D40,0.4,
natural,h05,5,2022-09-26,510300,510300_DTE30_D40_Q70_Hold,510300__510300_DTE30_D40_Q70_Hold,False,D40,0.7,2022-09-26,2026-05-27,885,0.3073894638557195,0.07940225317839134,0.08411153539592806,0.12392515352968937,0.6787285147544888,0.6407274949178783,1.0901865922817524,0.482733714942688,0.1644845817073669,2023-01-13,2024-02-02,2024-10-08,414,0.5909090909090909,-0.06823174774733654,0.09807230965780889,1.30711234188615,0.001805989701044141,0.03317508595608358,0.9413249140439173,0.75,0.4090909090909091,0.011971784917711115,0.07921888313183624,0.1668393782383419,44,0,target_delta,D40,0.4,
natural,h06,6,2022-09-27,510300,510300_DTE30_D40_Q70_Hold,510300__510300_DTE30_D40_Q70_Hold,False,D40,0.7,2022-09-27,2026-05-27,884,0.2941317169295672,0.07636017004950668,0.08128126388890194,0.12386722305624252,0.6561967071143251,0.6164679256176993,1.0532040927100637,0.4642390749143792,0.16448458170736702,2023-01-13,2024-02-02,2024-10-08,414,0.5909090909090909,-0.06815139728772435,0.09807230965780933,1.2937807381833448,0.0025414677091910765,0.03875641579808541,0.9357435842019155,0.75,0.4090909090909091,0.011976649095290006,0.0792837651122622,0.1668393782383419,44,0,target_delta,D40,0.4,
natural,h07,7,2022-09-28,510300,510300_DTE30_D40_Q70_Hold,510300__510300_DTE30_D40_Q70_Hold,False,D40,0.7,2022-09-28,2026-05-27,883,0.3073279983751569,0.07957478415057517,0.08425928841582568,0.12382691847669568,0.6804601895320795,0.6426291240183871,1.092528479156291,0.4837826337555819,0.1644845817073669,2023-01-13,2024-02-02,2024-10-08,414,0.5909090909090909,-0.06828179498059361,0.09807230965780933,1.3071014138849584,0.0013798764399326918,0.029498025370121705,0.9450019746298791,0.75,0.4090909090909091,0.011981513272868907,0.07934864709268817,0.1668393782383419,44,0,target_delta,D40,0.4,
natural,h08,8,2022-09-29,510300,510300_DTE30_D40_Q70_Hold,510300__510300_DTE30_D40_Q70_Hold,False,D40,0.7,2022-09-29,2026-05-27,882,0.30650368623132085,0.07947384441826855,0.08417466970897401,0.1238988478139769,0.6793821830801429,0.6414413517193595,1.0909544837727356,0.4831689608431506,0.16448458170736646,2023-01-13,2024-02-02,2024-10-08,414,0.5909090909090909,-0.06829359256673484,0.09807230965780911,1.3062892807226891,0.0012747778875186546,0.028617266347556385,0.9458827336524446,0.75,0.4090909090909091,0.011986377450447798,0.07941352907311414,0.1668393782383419,44,0,target_delta,D40,0.4,
natural,h09,9,2022-09-30,510300,510300_DTE30_D40_Q70_Hold,510300__510300_DTE30_D40_Q70_Hold,False,D40,0.7,2022-09-30,2026-05-27,881,0.3206247181698958,0.08289621164515637,0.08728321889797598,0.1234311934402306,0.7071406867684656,0.6715985589598744,1.13641892398926,0.5039755750033538,0.1644845817073669,2023-01-13,2024-02-02,2024-10-08,414,0.5909090909090909,-0.06544409056545919,0.09807230965780911,1.3202742899912214,0.002375838950693597,0.03820750865425719,0.9362924913457438,0.75,0.4090909090909091,0.0119912416280267,0.07947841105354084,0.1668393782383419,44,0,target_delta,D40,0.4,
natural,h10,10,2022-10-10,510300,510300_DTE30_D40_Q70_Hold,510300__510300_DTE30_D40_Q70_Hold,False,D40,0.7,2022-10-10,2026-05-27,880,0.34397552584224944,0.08844990188832802,0.0924673105879133,0.12399174215815813,0.7457537814894664,0.713353166499632,1.207087928240949,0.5377397745746679,0.1644845817073669,2023-01-13,2024-02-02,2024-10-08,414,0.6046511627906976,-0.06544409056545952,0.09807230965780911,1.34361336540641,0.0016088654283146764,0.032150143714797214,0.9423498562852037,0.7441860465116279,0.3953488372093023,0.011898822254027691,0.0795432930339668,0.1668393782383419,43,0,target_delta,D40,0.4,
natural,h11,11,2022-10-11,510300,510300_DTE30_D40_Q70_Hold,510300__510300_DTE30_D40_Q70_Hold,False,D40,0.7,2022-10-11,2026-05-27,879,0.34455428738693517,0.08868950002373688,0.09269667471336301,0.12406578519582057,0.7471574420542637,0.7148586524782223,1.209492276088227,0.5391964347243412,0.16448458170736702,2023-01-13,2024-02-02,2024-10-08,414,0.6046511627906976,-0.06544409056545963,0.09807230965780911,1.3442043623392732,0.0015076120908486903,0.031258399643458216,0.9432416003565428,0.7441860465116279,0.3953488372093023,0.01190368643160658,0.07960817501439277,0.1668393782383419,43,0,target_delta,D40,0.4,
natural,h12,12,2022-10-12,510300,510300_DTE30_D40_Q70_Hold,510300__510300_DTE30_D40_Q70_Hold,False,D40,0.7,2022-10-12,2026-05-27,878,0.3281243356337096,0.08495522145095369,0.08924255044730542,0.12392712937589352,0.7201211784436363,0.6855256139538991,1.164199511799058,0.5164935252235182,0.1644845817073668,2023-01-13,2024-02-02,2024-10-08,414,0.6046511627906976,-0.06544409056545952,0.09807230965780911,1.3276493327243928,0.0026537702233717327,0.040598030092974226,0.9339019699070269,0.7441860465116279,0.3953488372093023,0.011908550609185482,0.07967305699481872,0.1668393782383419,43,0,target_delta,D40,0.4,
natural,h13,13,2022-10-13,510300,510300_DTE30_D40_Q70_Hold,510300__510300_DTE30_D40_Q70_Hold,False,D40,0.7,2022-10-13,2026-05-27,877,0.3366237675065169,0.08704923810329723,0.09117673090540371,0.12397037373389437,0.7354719370380937,0.7021777500659204,1.189032793650048,0.5292243029694161,0.1644845817073669,2023-01-13,2024-02-02,2024-10-08,414,0.6046511627906976,-0.0654440905654593,0.09807230965780911,1.3362191383830635,0.002022790337337165,0.03535398136873892,0.939146018631262,0.7441860465116279,0.3953488372093023,0.011913414786764373,0.07973793897524468,0.1668393782383419,43,0,target_delta,D40,0.4,
natural,h14,14,2022-10-14,510300,510300_DTE30_D40_Q70_Hold,510300__510300_DTE30_D40_Q70_Hold,False,D40,0.7,2022-10-14,2026-05-27,876,0.3041206049775782,0.079472328416053,0.08426595460461105,0.1246708273710503,0.6759075589818245,0.6374572952782633,1.0927538600468678,0.48315974416034685,0.1644845817073668,2023-01-13,2024-02-02,2024-10-08,414,0.6046511627906976,-0.0654440905654593,0.09807230965780889,1.3037943593106305,0.0016537958543872007,0.03028030857965727,0.9442196914203438,0.7441860465116279,0.3953488372093023,0.011918278964343275,0.07980282095567065,0.1668393782383419,43,0,target_delta,D40,0.4,
natural,h15,15,2022-10-17,510300,510300_DTE30_D40_Q70_Hold,510300__510300_DTE30_D40_Q70_Hold,False,D40,0.7,2022-10-17,2026-05-27,875,0.30346447356864137,0.07941014785425748,0.08421835843158813,0.12475135010211738,0.6750897554427246,0.6365474024069072,1.091620699205052,0.482781711391864,0.1644845817073669,2023-01-13,2024-02-02,2024-10-08,414,0.6046511627906976,-0.06544409056545941,0.09807230965780889,1.3031633522300747,0.0014380507885010491,0.028418155645119604,0.9460818443548816,0.7441860465116279,0.3953488372093023,0.011923143141922166,0.07986770293609662,0.1668393782383419,43,0,target_delta,D40,0.4,
natural,h16,16,2022-10-18,510300,510300_DTE30_D40_Q70_Hold,510300__510300_DTE30_D40_Q70_Hold,False,D40,0.7,2022-10-18,2026-05-27,874,0.3041066440044162,0.07965812607946487,0.0844589089887679,0.1248378261583033,0.6765490203399406,0.6380928644051577,1.09412038333802,0.4842893191118904,0.16448458170736702,2023-01-13,2024-02-02,2024-10-08,414,0.6046511627906976,-0.06544409056545952,0.09807230965780911,1.3038478633765125,0.0010663625393491647,0.0252328865315137,0.9492671134684872,0.7441860465116279,0.3953488372093023,0.011928007319501057,0.07993258491652258,0.1668393782383419,43,0,target_delta,D40,0.4,
natural,h17,17,2022-10-19,510300,510300_DTE30_D40_Q70_Hold,510300__510300_DTE30_D40_Q70_Hold,False,D40,0.7,2022-10-19,2026-05-27,873,0.32661633847815086,0.08510628176739243,0.0893713264395658,0.12383981659558599,0.7216687564341182,0.6872287452210735,1.1646976441076584,0.5174119110981739,0.1644845817073669,2023-01-13,2024-02-02,2024-10-08,414,0.6046511627906976,-0.06544409056545941,0.09807230965780911,1.3262860763723536,0.0015051184731519557,0.030162419751810582,0.9443375802481904,0.7441860465116279,0.3953488372093023,0.011932871497079958,0.07999746689694853,0.1668393782383419,43,0,target_delta,D40,0.4,
natural,h18,18,2022-10-20,510300,510300_DTE30_D40_Q70_Hold,510300__510300_DTE30_D40_Q70_Hold,False,D40,0.7,2022-10-20,2026-05-27,872,0.3300581454146132,0.0860218776857049,0.09022329353953827,0.1239063729492142,0.728157005907342,0.694249017530058,1.1750915211763089,0.5229783654661668,0.1644845817073669,2023-01-13,2024-02-02,2024-10-08,414,0.6046511627906976,-0.06544409056545941,0.09807230965780889,1.3297446130757715,0.0013513065101086715,0.028877069006621015,0.9456229309933801,0.7441860465116279,0.3953488372093023,0.011937735674658848,0.0800623488773745,0.1668393782383419,43,0,target_delta,D40,0.4,
natural,h19,19,2022-10-21,510300,510300_DTE30_D40_Q70_Hold,510300__510300_DTE30_D40_Q70_Hold,False,D40,0.7,2022-10-21,2026-05-27,871,0.33710238468256004,0.08778795931846473,0.09185359941420873,0.1239456041966452,0.7410799278405947,0.7082781183525092,1.1958343544540218,0.5337154303899888,0.16448458170736713,2023-01-13,2024-02-02,2024-10-08,414,0.6046511627906976,-0.06544409056545952,0.09807230965780911,1.3368023173843793,0.0012131932253265645,0.027774631547134398,0.9467253684528666,0.7441860465116279,0.3953488372093023,0.01194259985223775,0.08012723085780046,0.1668393782383419,43,0,target_delta,D40,0.4,
natural,h20,20,2022-10-24,510300,510300_DTE30_D40_Q70_Hold,510300__510300_DTE30_D40_Q70_Hold,False,D40,0.7,2022-10-24,2026-05-27,870,0.36607891259079395,0.0946780738870674,0.0979796346469355,0.12239019845538837,0.8005513176992634,0.7735756219202297,1.2911748234001919,0.5756045515287769,0.1644845817073669,2023-01-13,2024-02-02,2024-10-08,414,0.6046511627906976,-0.06544409056545941,0.09807230965780911,1.365710248314059,-0.0002381222437203975,0.015381307453851734,0.9591186925461492,0.7441860465116279,0.4186046511627907,0.012365020652278104,0.08019211283822643,0.1668393782383419,43,0,target_delta,D40,0.4,
natural,h00,0,2022-09-19,510300,510300_DTE30_OTM1_Q70_Hold,510300__510300_DTE30_OTM1_Q70_Hold,False,OTM1,0.7,2022-09-19,2026-05-27,890,0.24185175303993556,0.06332357385581733,0.06858575769083337,0.11970994433121163,0.5729328342269658,0.5289750505656793,0.9145457694977203,0.4053436692138816,0.15622193872825563,2023-08-04,2024-02-02,2024-10-08,280,0.5909090909090909,-0.0679860545067722,0.09807230965780911,1.2413605102334195,-0.006800487395351045,-0.041095881787365306,1.0155958817873665,0.7272727272727273,0.4318181818181818,0.016084030223004663,0.07889447322970643,0.1668393782383419,44,0,moneyness,OTM1,,0.01
natural,h01,1,2022-09-20,510300,510300_DTE30_OTM1_Q70_Hold,510300__510300_DTE30_OTM1_Q70_Hold,False,OTM1,0.7,2022-09-20,2026-05-27,889,0.24060881220370534,0.0630949505140026,0.06837899380791056,0.119779409489233,0.5708743606225339,0.5267595723092475,0.9113807010612903,0.4038802170017543,0.15622193872825552,2023-08-04,2024-02-02,2024-10-08,280,0.5909090909090909,-0.06800170321717103,0.09807230965780933,1.2401332884935012,-0.006949694501784838,-0.04214959227054087,1.0166495922705423,0.7272727272727273,0.4318181818181818,0.016085599243609777,0.07895935521013239,0.1668393782383419,44,0,moneyness,OTM1,,0.01
natural,h02,2,2022-09-21,510300,510300_DTE30_OTM1_Q70_Hold,510300__510300_DTE30_OTM1_Q70_Hold,False,OTM1,0.7,2022-09-21,2026-05-27,888,0.24702184376379144,0.06472677959810147,0.0699184393707933,0.11982297327981913,0.5835144752043065,0.540186725686959,0.9314421056895484,0.4143257990844175,0.15622193872825574,2023-08-04,2024-02-02,2024-10-08,280,0.5909090909090909,-0.06807667327258105,0.09807230965780911,1.2466127349666356,-0.007629990181666043,-0.04691815459774764,1.0214181545977488,0.7272727272727273,0.4318181818181818,0.016087168264214892,0.07902423719055836,0.1668393782383419,44,0,moneyness,OTM1,,0.01
natural,h03,3,2022-09-22,510300,510300_DTE30_OTM1_Q70_Hold,510300__510300_DTE30_OTM1_Q70_Hold,False,OTM1,0.7,2022-09-22,2026-05-27,887,0.2530032278898928,0.0662523240306252,0.07135651009462889,0.11987208153023686,0.5952721366286589,0.5526918627329711,0.9500771246189152,0.42409103721257485,0.15622193872825552,2023-08-04,2024-02-02,2024-10-08,280,0.5909090909090909,-0.06815724922575561,0.09807230965780911,1.2526676225110902,-0.008361000787602928,-0.052169484607265865,1.0266694846072673,0.7272727272727273,0.4318181818181818,0.016088737284820007,0.07908911917098432,0.1668393782383419,44,0,moneyness,OTM1,,0.01
natural,h04,4,2022-09-23,510300,510300_DTE30_OTM1_Q70_Hold,510300__510300_DTE30_OTM1_Q70_Hold,False,OTM1,0.7,2022-09-23,2026-05-27,886,0.25474042287151066,0.06675037066118561,0.0718317600771025,0.11993978356154437,0.5988985301131853,0.5565323588143226,0.9558523865540791,0.42727910820064946,0.15622193872825574,2023-08-04,2024-02-02,2024-10-08,280,0.5909090909090909,-0.06817774717796843,0.09807230965780933,1.2544236440824106,-0.008554948249644425,-0.05351872678992563,1.0280187267899268,0.7272727272727273,0.4318181818181818,0.016090306305425125,0.07915400115141029,0.1668393782383419,44,0,moneyness,OTM1,,0.01
natural,h05,5,2022-09-26,510300,510300_DTE30_OTM1_Q70_Hold,510300__510300_DTE30_OTM1_Q70_Hold,False,OTM1,0.7,2022-09-26,2026-05-27,885,0.27057589167664164,0.07064928891991662,0.07540972953699382,0.1193438314288821,0.6318695204781577,0.591981069101314,1.0093076329622632,0.4522366672379437,0.15622193872825574,2023-08-04,2024-02-02,2024-10-08,280,0.5909090909090909,-0.06465791592744985,0.09807230965780911,1.2700605214590357,-0.006885983608896278,-0.040235029396409085,1.0147350293964101,0.7272727272727273,0.4318181818181818,0.016091875326030236,0.07921888313183624,0.1668393782383419,44,0,moneyness,OTM1,,0.01
natural,h06,6,2022-09-27,510300,510300_DTE30_OTM1_Q70_Hold,510300__510300_DTE30_OTM1_Q70_Hold,False,OTM1,0.7,2022-09-27,2026-05-27,884,0.24783996392841856,0.06522868875684851,0.07040174732572735,0.1199210502239261,0.5870674680906115,0.5439302660796276,0.9360710270506346,0.41753859469323523,0.15622193872825552,2023-08-04,2024-02-02,2024-10-08,280,0.5909090909090909,-0.06815139728772435,0.09807230965780911,1.247501539871349,-0.008325741708549583,-0.05187447851510078,1.026374478515102,0.7272727272727273,0.4318181818181818,0.01609344434663535,0.0792837651122622,0.1668393782383419,44,0,moneyness,OTM1,,0.01
natural,h07,7,2022-09-28,510300,510300_DTE30_OTM1_Q70_Hold,510300__510300_DTE30_OTM1_Q70_Hold,False,OTM1,0.7,2022-09-28,2026-05-27,883,0.27034302598436,0.07075895820848976,0.07550995906335353,0.11932485148929825,0.6328099982603014,0.5929943119588617,1.0104232938907045,0.452938676760203,0.15622193872825596,2023-08-04,2024-02-02,2024-10-08,280,0.5909090909090909,-0.06465791592745007,0.09807230965780911,1.2698811259317024,-0.007359544272276339,-0.043845034352880646,1.018345034352882,0.7272727272727273,0.4318181818181818,0.01609501336724047,0.07934864709268817,0.1668393782383419,44,0,moneyness,OTM1,,0.01
natural,h08,8,2022-09-29,510300,510300_DTE30_OTM1_Q70_Hold,510300__510300_DTE30_OTM1_Q70_Hold,False,OTM1,0.7,2022-09-29,2026-05-27,882,0.26926271317926087,0.07058149325947571,0.07535247391675277,0.11939445288331653,0.6311220672068769,0.5911622487893519,1.0078634015077106,0.45180269707349174,0.15622193872825574,2023-08-04,2024-02-02,2024-10-08,280,0.5909090909090909,-0.06465791592745007,0.09807230965780911,1.2688199429094504,-0.007537415415141686,-0.04511947213838492,1.0196194721383862,0.7272727272727273,0.4318181818181818,0.01609658238784558,0.07941352907311414,0.1668393782383419,44,0,moneyness,OTM1,,0.01
natural,h09,9,2022-09-30,510300,510300_DTE30_OTM1_Q70_Hold,510300__510300_DTE30_OTM1_Q70_Hold,False,OTM1,0.7,2022-09-30,2026-05-27,881,0.27338529697266334,0.0716591561488451,0.07636661307378921,0.11945904931374428,0.6392702228294305,0.5998637739083398,1.0207270886592514,0.45870097844256347,0.15622193872825574,2023-08-04,2024-02-02,2024-10-08,280,0.5909090909090909,-0.06465791592744996,0.09807230965780889,1.2730474037890591,-0.008528375720457561,-0.052387795199905045,1.0268877951999063,0.7272727272727273,0.4318181818181818,0.0160981514084507,0.07947841105354084,0.1668393782383419,44,0,moneyness,OTM1,,0.01
natural,h10,10,2022-10-10,510300,510300_DTE30_OTM1_Q70_Hold,510300__510300_DTE30_OTM1_Q70_Hold,False,OTM1,0.7,2022-10-10,2026-05-27,880,0.2972883310690595,0.07747293997943427,0.0816784191233129,0.11862058784510793,0.6885686591771635,0.6531154615470013,1.102324658764045,0.4959158784618374,0.15622193872825574,2023-08-04,2024-02-02,2024-10-08,280,0.6046511627906976,-0.06465791592744996,0.09807230965780911,1.2966949012615905,-0.009167765932348377,-0.05647908951299743,1.0309790895129987,0.7209302325581395,0.4418604651162791,0.016068340016953515,0.0795432930339668,0.1668393782383419,43,0,moneyness,OTM1,,0.01
natural,h11,11,2022-10-11,510300,510300_DTE30_OTM1_Q70_Hold,510300__510300_DTE30_OTM1_Q70_Hold,False,OTM1,0.7,2022-10-11,2026-05-27,879,0.29862173730578423,0.07788228729547897,0.08206590250473413,0.11868386646253024,0.6914663715530638,0.6562162964253211,1.1069847975194738,0.49853617186862087,0.15622193872825596,2023-08-04,2024-02-02,2024-10-08,280,0.6046511627906976,-0.06465791592744974,0.09807230965780911,1.2980192673733295,-0.009111065951444076,-0.05591642695543785,1.0304164269554394,0.7209302325581395,0.4418604651162791,0.016069909037558627,0.07960817501439277,0.1668393782383419,43,0,moneyness,OTM1,,0.01
natural,h12,12,2022-10-12,510300,510300_DTE30_OTM1_Q70_Hold,510300__510300_DTE30_OTM1_Q70_Hold,False,OTM1,0.7,2022-10-12,2026-05-27,878,0.2806166492864195,0.07365848883327786,0.07828860161573944,0.11995833925820715,0.6526315894322722,0.6140339161809327,1.0486626955949283,0.4714990060480885,0.15622193872825552,2023-08-04,2024-02-02,2024-10-08,280,0.6046511627906976,-0.06465791592744996,0.09807230965780911,1.2801586374739635,-0.008287702584467295,-0.05152414186128271,1.026024141861284,0.7209302325581395,0.4186046511627907,0.016071478058163745,0.07967305699481872,0.1668393782383419,43,0,moneyness,OTM1,,0.01
natural,h13,13,2022-10-13,510300,510300_DTE30_OTM1_Q70_Hold,510300__510300_DTE30_OTM1_Q70_Hold,False,OTM1,0.7,2022-10-13,2026-05-27,877,0.2888120521367097,0.07571784911372026,0.08021027756603916,0.11999910462014493,0.6684239671616167,0.630986784054796,1.0740796128105934,0.4846812792755675,0.15622193872825563,2023-08-04,2024-02-02,2024-10-08,280,0.6046511627906976,-0.06465791592744996,0.09807230965780911,1.2884218968038257,-0.00893115849422861,-0.056421092712230926,1.0309210927122323,0.7209302325581395,0.4186046511627907,0.01607304707876886,0.07973793897524468,0.1668393782383419,43,0,moneyness,OTM1,,0.01
natural,h14,14,2022-10-14,510300,510300_DTE30_OTM1_Q70_Hold,510300__510300_DTE30_OTM1_Q70_Hold,False,OTM1,0.7,2022-10-14,2026-05-27,876,0.26752142199452544,0.07065889311142048,0.07545672428312736,0.1196758817075554,0.6305090316152117,0.5904188220988861,1.0103665837902434,0.45229814510451066,0.15622193872825552,2023-08-04,2024-02-02,2024-10-08,280,0.6046511627906976,-0.0646579159274503,0.09807230965780889,1.266948109682166,-0.007145378268098538,-0.043192747903049875,1.0176927479030513,0.7209302325581395,0.4186046511627907,0.016074616099373974,0.07980282095567065,0.1668393782383419,43,0,moneyness,OTM1,,0.01
natural,h15,15,2022-10-17,510300,510300_DTE30_OTM1_Q70_Hold,510300__510300_DTE30_OTM1_Q70_Hold,False,OTM1,0.7,2022-10-17,2026-05-27,875,0.26632234820376843,0.07045037958064082,0.07527153483219713,0.11975654731481908,0.6285379507002768,0.5882799826838616,1.0073836559789113,0.4509634188011688,0.15622193872825552,2023-08-04,2024-02-02,2024-10-08,280,0.6046511627906976,-0.06465791592745018,0.09807230965780911,1.265788243813455,-0.007498547869633941,-0.04586531048710831,1.0203653104871098,0.7209302325581395,0.4186046511627907,0.01607618511997909,0.07986770293609662,0.1668393782383419,43,0,moneyness,OTM1,,0.01
natural,h16,16,2022-10-18,510300,510300_DTE30_OTM1_Q70_Hold,510300__510300_DTE30_OTM1_Q70_Hold,False,OTM1,0.7,2022-10-18,2026-05-27,874,0.2666621753895968,0.07061678011965311,0.07543710383618157,0.11984092395037957,0.6294769879062055,0.5892543030533723,1.0090438624007538,0.4520285735442656,0.15622193872825574,2023-08-04,2024-02-02,2024-10-08,280,0.6046511627906976,-0.06465791592745018,0.09807230965780911,1.266176308819679,-0.00794512018171257,-0.04922834397681436,1.023728343976816,0.7209302325581395,0.4186046511627907,0.016077754140584204,0.07993258491652258,0.1668393782383419,43,0,moneyness,OTM1,,0.01
natural,h17,17,2022-10-19,510300,510300_DTE30_OTM1_Q70_Hold,510300__510300_DTE30_OTM1_Q70_Hold,False,OTM1,0.7,2022-10-19,2026-05-27,873,0.2791625939599176,0.07374353280374679,0.07835456826837024,0.11984499167385233,0.6537992716592226,0.6153242765824822,1.0486110406661917,0.4720433852253093,0.15622193872825596,2023-08-04,2024-02-02,2024-10-08,280,0.6046511627906976,-0.06465791592744996,0.09807230965780911,1.2788441454984558,-0.009499020272875604,-0.06126095510803681,1.0357609551080382,0.7209302325581395,0.4186046511627907,0.01607932316118932,0.07999746689694853,0.1668393782383419,43,0,moneyness,OTM1,,0.01
natural,h18,18,2022-10-20,510300,510300_DTE30_OTM1_Q70_Hold,510300__510300_DTE30_OTM1_Q70_Hold,False,OTM1,0.7,2022-10-20,2026-05-27,872,0.28248128570300635,0.07463655304633043,0.07919388696630789,0.11990940863970125,0.6604476484765791,0.6224411736579839,1.0592034172188212,0.47775974139047717,0.15622193872825574,2023-08-04,2024-02-02,2024-10-08,280,0.6046511627906976,-0.06465791592745018,0.09807230965780911,1.2821789685761849,-0.009665451661087877,-0.0624579919558201,1.0369579919558218,0.7209302325581395,0.4186046511627907,0.016080892181794433,0.0800623488773745,0.1668393782383419,43,0,moneyness,OTM1,,0.01
natural,h19,19,2022-10-21,510300,510300_DTE30_OTM1_Q70_Hold,510300__510300_DTE30_OTM1_Q70_Hold,False,OTM1,0.7,2022-10-21,2026-05-27,871,0.2911921885574571,0.07683480794627418,0.08109637064839031,0.118706050543374,0.6831696470160846,0.6472695165458268,1.0907290603003172,0.4918310998554855,0.15622193872825552,2023-08-04,2024-02-02,2024-10-08,280,0.6046511627906976,-0.06465791592744996,0.09807230965780933,1.2906466072184466,-0.00953168510562875,-0.05952620959405157,1.0340262095940527,0.7209302325581395,0.4418604651162791,0.016082461202399548,0.08012723085780046,0.1668393782383419,43,0,moneyness,OTM1,,0.01
natural,h20,20,2022-10-24,510300,510300_DTE30_OTM1_Q70_Hold,510300__510300_DTE30_OTM1_Q70_Hold,False,OTM1,0.7,2022-10-24,2026-05-27,870,0.3033963902474248,0.07986847984122769,0.08373418154449447,0.11719967362266463,0.7144574635428128,0.6814735687607097,1.1383898499488727,0.5112500874807157,0.15622193872825563,2023-08-04,2024-02-02,2024-10-08,280,0.6046511627906976,-0.06465791592744996,0.09807230965780867,1.3027789466747657,-0.014467201262135711,-0.09661980557403585,1.0711198055740374,0.6976744186046512,0.4418604651162791,0.016935913570746856,0.08019211283822643,0.1668393782383419,43,0,moneyness,OTM1,,0.01
natural,h00,0,2022-09-19,510300,510300_DTE30_OTM2_Q70_Hold,510300__510300_DTE30_OTM2_Q70_Hold,False,OTM2,0.7,2022-09-19,2026-05-27,890,0.24778021222825042,0.06476003838111755,0.07098503759357015,0.1281915435459378,0.5537419679179731,0.5051818286118896,0.8992483326784726,0.36217534514405253,0.178808522582783,2023-08-04,2024-02-02,2025-07-08,463,0.5454545454545454,-0.07079837385513832,0.09807230965780933,1.247524484537876,-0.004403903312730432,-0.02964070313497349,1.004140703134976,0.7727272727272727,0.3409090909090909,0.011614686967704417,0.07889447322970643,0.1668393782383419,44,0,moneyness,OTM2,,0.02
natural,h01,1,2022-09-20,510300,510300_DTE30_OTM2_Q70_Hold,510300__510300_DTE30_OTM2_Q70_Hold,False,OTM2,0.7,2022-09-20,2026-05-27,889,0.24652674271221375,0.06453161096729754,0.07077997594103731,0.12826603426905606,0.5518216599147858,0.503107555597559,0.8962632776596383,0.36089784779370015,0.1788085225827828,2023-08-04,2024-02-02,2025-07-08,463,0.5454545454545454,-0.07081542769017457,0.09807230965780889,1.2462864528972288,-0.0045514131359623506,-0.031124006496456063,1.0056240064964588,0.7727272727272727,0.3409090909090909,0.011634416163614285,0.07895935521013239,0.1668393782383419,44,0,moneyness,OTM2,,0.02
natural,h02,2,2022-09-21,510300,510300_DTE30_OTM2_Q70_Hold,510300__510300_DTE30_OTM2_Q70_Hold,False,OTM2,0.7,2022-09-21,2026-05-27,888,0.2629325113478702,0.06856876644632526,0.07452497024699703,0.12794395430595384,0.5824813735925702,0.5359281477447225,0.9466252331379745,0.38347594094448184,0.1788085225827828,2023-08-04,2024-02-02,2025-07-08,463,0.5454545454545454,-0.06807667327258105,0.09807230965780889,1.2625181827591687,-0.0030286468402328935,-0.014887036306097058,0.9893870363060997,0.7727272727272727,0.3409090909090909,0.011654145359524196,0.07902423719055836,0.1668393782383419,44,0,moneyness,OTM2,,0.02
natural,h03,3,2022-09-22,510300,510300_DTE30_OTM2_Q70_Hold,510300__510300_DTE30_OTM2_Q70_Hold,False,OTM2,0.7,2022-09-22,2026-05-27,887,0.2689902115505487,0.07010416606736936,0.07596824021561271,0.12799862198407322,0.5935082662457523,0.547694693745159,0.964402086405148,0.39206277785172805,0.178808522582783,2023-08-04,2024-02-02,2025-07-08,463,0.5454545454545454,-0.06815724922575561,0.09807230965780911,1.268650324205357,-0.0037544699114007637,-0.022049528669128873,0.9965495286691316,0.7727272727272727,0.3409090909090909,0.011673874555434064,0.07908911917098432,0.1668393782383419,44,0,moneyness,OTM2,,0.02
natural,h04,4,2022-09-23,510300,510300_DTE30_OTM2_Q70_Hold,510300__510300_DTE30_OTM2_Q70_Hold,False,OTM2,0.7,2022-09-23,2026-05-27,886,0.27074957128575083,0.07060837415540644,0.076448701192575,0.12807085580241087,0.5969250436689586,0.5513227323501438,0.969955033144095,0.3948825991933184,0.1788085225827828,2023-08-04,2024-02-02,2025-07-08,463,0.5454545454545454,-0.06817774717796843,0.09807230965780933,1.2704287507374497,-0.003943218128658112,-0.02389464326409661,0.9983946432640991,0.7727272727272727,0.3409090909090909,0.011693603751343975,0.07915400115141029,0.1668393782383419,44,0,moneyness,OTM2,,0.02
natural,h05,5,2022-09-26,510300,510300_DTE30_OTM2_Q70_Hold,510300__510300_DTE30_OTM2_Q70_Hold,False,OTM2,0.7,2022-09-26,2026-05-27,885,0.2767076843431535,0.07211968576520134,0.077866489877727,0.128123267519964,0.6077466754084611,0.5628929636372546,0.9873999342552228,0.4033347221009114,0.178808522582783,2023-08-04,2024-02-02,2025-07-08,463,0.5454545454545454,-0.06823174774733654,0.09807230965780933,1.276437065864245,-0.004431999268548998,-0.028787710044256818,1.0032877100442592,0.7727272727272727,0.3409090909090909,0.011713332947253843,0.07921888313183624,0.1668393782383419,44,0,moneyness,OTM2,,0.02
natural,h06,6,2022-09-27,510300,510300_DTE30_OTM2_Q70_Hold,510300__510300_DTE30_OTM2_Q70_Hold,False,OTM2,0.7,2022-09-27,2026-05-27,884,0.2637610698524886,0.0690899306752808,0.07502914583896853,0.12807137021594456,0.5858385501182651,0.5394642890037518,0.9511536121638126,0.38639059076892834,0.178808522582783,2023-08-04,2024-02-02,2025-07-08,463,0.5454545454545454,-0.06815139728772435,0.09807230965780911,1.263418327865704,-0.0037035778090119004,-0.021646365813613917,0.9961463658136168,0.7727272727272727,0.3409090909090909,0.011733062143163709,0.0792837651122622,0.1668393782383419,44,0,moneyness,OTM2,,0.02
natural,h07,7,2022-09-28,510300,510300_DTE30_OTM2_Q70_Hold,510300__510300_DTE30_OTM2_Q70_Hold,False,OTM2,0.7,2022-09-28,2026-05-27,883,0.2766476613327753,0.0722745922674859,0.07800008179667503,0.1280376618217629,0.6091963933647618,0.5644791637018256,0.9893834771531336,0.4042010482695251,0.1788085225827829,2023-08-04,2024-02-02,2025-07-08,463,0.5454545454545454,-0.06828179498059361,0.09807230965780933,1.2764263943210798,-0.004872241610001043,-0.03350188172357428,1.008001881723577,0.7727272727272727,0.3409090909090909,0.011752791339073622,0.07934864709268817,0.1668393782383419,44,0,moneyness,OTM2,,0.02
natural,h08,8,2022-09-29,510300,510300_DTE30_OTM2_Q70_Hold,510300__510300_DTE30_OTM2_Q70_Hold,False,OTM2,0.7,2022-09-29,2026-05-27,882,0.27584269412336493,0.07216607772681893,0.07790835842850703,0.12811191342268677,0.6081273501197321,0.5633049714019756,0.9877994723969242,0.40359417260666725,0.17880852258278312,2023-08-04,2024-02-02,2025-07-08,463,0.5454545454545454,-0.06829359256673484,0.09807230965780933,1.275633320277236,-0.0049844287316321845,-0.03463216296769009,1.0091321629676928,0.7727272727272727,0.3409090909090909,0.01177252053498349,0.07941352907311414,0.1668393782383419,44,0,moneyness,OTM2,,0.02
natural,h09,9,2022-09-30,510300,510300_DTE30_OTM2_Q70_Hold,510300__510300_DTE30_OTM2_Q70_Hold,False,OTM2,0.7,2022-09-30,2026-05-27,881,0.2896323340778304,0.07555697407321094,0.08100978680923529,0.12766503064188092,0.634549542673746,0.5918376684149264,1.0315069118924831,0.42255801335325227,0.178808522582783,2023-08-04,2024-02-02,2025-07-08,463,0.5454545454545454,-0.0654440905654593,0.09807230965780911,1.2892901297378898,-0.003890472329773655,-0.02234793837795713,0.9968479383779597,0.7727272727272727,0.3409090909090909,0.0117922497308934,0.07947841105354084,0.1668393782383419,44,0,moneyness,OTM2,,0.02
natural,h10,10,2022-10-10,510300,510300_DTE30_OTM2_Q70_Hold,510300__510300_DTE30_OTM2_Q70_Hold,False,OTM2,0.7,2022-10-10,2026-05-27,880,0.31243514564630837,0.08106466083427644,0.08618674148883494,0.12821279967360377,0.6722163598973256,0.6322665212884037,1.10014304798296,0.4533601623868122,0.1788085225827829,2023-08-04,2024-02-02,2025-07-08,463,0.5581395348837209,-0.0654440905654593,0.09807230965780911,1.312081484381487,-0.004664566660423676,-0.031436319846236745,1.0059363198462394,0.7674418604651163,0.32558139534883723,0.011253201952606517,0.0795432930339668,0.1668393782383419,43,0,moneyness,OTM2,,0.02
natural,h11,11,2022-10-11,510300,510300_DTE30_OTM2_Q70_Hold,510300__510300_DTE30_OTM2_Q70_Hold,False,OTM2,0.7,2022-10-11,2026-05-27,879,0.3130003248311888,0.08129424862436929,0.08640895234651612,0.1282891814999123,0.6735482395027612,0.6336796889176883,1.102453828385762,0.45464414922802426,0.1788085225827829,2023-08-04,2024-02-02,2025-07-08,463,0.5581395348837209,-0.06544409056545941,0.09807230965780889,1.312658611814796,-0.00477295700823123,-0.03258505221263941,1.0070850522126422,0.7674418604651163,0.32558139534883723,0.011260805313663835,0.07960817501439277,0.1668393782383419,43,0,moneyness,OTM2,,0.02
natural,h12,12,2022-10-12,510300,510300_DTE30_OTM2_Q70_Hold,510300__510300_DTE30_OTM2_Q70_Hold,False,OTM2,0.7,2022-10-12,2026-05-27,878,0.2969559507279511,0.07757696138496906,0.0829476584996533,0.12815916723954604,0.6472237631242829,0.6053173023508158,1.0580862609880204,0.4338549430665609,0.17880852258278268,2023-08-04,2024-02-02,2025-07-08,463,0.5581395348837209,-0.06544409056545941,0.09807230965780889,1.296492095173676,-0.003633952143474582,-0.020576103097775127,0.995076103097778,0.7674418604651163,0.32558139534883723,0.01126840867472117,0.07967305699481872,0.1668393782383419,43,0,moneyness,OTM2,,0.02
natural,h13,13,2022-10-13,510300,510300_DTE30_OTM2_Q70_Hold,510300__510300_DTE30_OTM2_Q70_Hold,False,OTM2,0.7,2022-10-13,2026-05-27,877,0.30525591817037045,0.07964832749954542,0.0848746530080395,0.12820611620262812,0.6620171917063317,0.6212521668908703,1.0822675659072107,0.445439212567011,0.1788085225827829,2023-08-04,2024-02-02,2025-07-08,463,0.5581395348837209,-0.06544409056545941,0.09807230965780889,1.304860784871913,-0.004272101610314522,-0.027312882356153024,1.0018128823561558,0.7674418604651163,0.32558139534883723,0.01127601203577849,0.07973793897524468,0.1668393782383419,43,0,moneyness,OTM2,,0.02
natural,h14,14,2022-10-14,510300,510300_DTE30_OTM2_Q70_Hold,510300__510300_DTE30_OTM2_Q70_Hold,False,OTM2,0.7,2022-10-14,2026-05-27,876,0.2735155389540902,0.07211463282205544,0.07795667433250703,0.12888694808269358,0.6048453741219024,0.5595185074580775,0.9888348435564429,0.4033064631394656,0.1788085225827829,2023-08-04,2024-02-02,2025-07-08,463,0.5581395348837209,-0.06544409056545963,0.09807230965780911,1.2731969496113649,-0.004648282042976393,-0.03384553210792071,1.0083455321079235,0.7674418604651163,0.32558139534883723,0.011283615396835825,0.07980282095567065,0.1668393782383419,43,0,moneyness,OTM2,,0.02
natural,h15,15,2022-10-17,510300,510300_DTE30_OTM2_Q70_Hold,510300__510300_DTE30_OTM2_Q70_Hold,False,OTM2,0.7,2022-10-17,2026-05-27,875,0.27287480561877797,0.07204448693916832,0.07790185930333884,0.12896957594261332,0.6040328405670055,0.5586161419281198,0.9876859961725164,0.40291416705718697,0.17880852258278324,2023-08-04,2024-02-02,2025-07-08,463,0.5581395348837209,-0.06544409056545941,0.09807230965780889,1.2725807509873952,-0.004871229483602497,-0.03624681012673441,1.0107468101267374,0.7674418604651163,0.32558139534883723,0.011291218757893143,0.07986770293609662,0.1668393782383419,43,0,moneyness,OTM2,,0.02
natural,h16,16,2022-10-18,510300,510300_DTE30_OTM2_Q70_Hold,510300__510300_DTE30_OTM2_Q70_Hold,False,OTM2,0.7,2022-10-18,2026-05-27,874,0.273501905616657,0.07228236278528266,0.07813517446632777,0.12905802673510777,0.6054266940459316,0.5600764602859035,0.9900990396130869,0.4042445054699117,0.178808522582783,2023-08-04,2024-02-02,2025-07-08,463,0.5581395348837209,-0.06544409056545952,0.09807230965780933,1.273249198045319,-0.0052501365889006685,-0.04035881953720125,1.014858819537204,0.7674418604651163,0.32558139534883723,0.01129882211895046,0.07993258491652258,0.1668393782383419,43,0,moneyness,OTM2,,0.02
natural,h17,17,2022-10-19,510300,510300_DTE30_OTM2_Q70_Hold,510300__510300_DTE30_OTM2_Q70_Hold,False,OTM2,0.7,2022-10-19,2026-05-27,873,0.2954833432076258,0.0776848270106194,0.08304033992799446,0.12809866788742424,0.6482529545191839,0.6064452370331472,1.0580866547322538,0.434458189623784,0.178808522582783,2023-08-04,2024-02-02,2025-07-08,463,0.5581395348837209,-0.06544409056545919,0.09807230965780911,1.295160831683726,-0.004818616049288221,-0.033997493627724445,1.0084974936277271,0.7674418604651163,0.32558139534883723,0.011306425480007796,0.07999746689694853,0.1668393782383419,43,0,moneyness,OTM2,,0.02
natural,h18,18,2022-10-20,510300,510300_DTE30_OTM2_Q70_Hold,510300__510300_DTE30_OTM2_Q70_Hold,False,OTM2,0.7,2022-10-20,2026-05-27,872,0.29884437791479623,0.07858566227917274,0.08388503838673672,0.12816799061372772,0.6544928884743867,0.61314577768496,1.0682066266175199,0.4394961780571165,0.178808522582783,2023-08-04,2024-02-02,2025-07-08,463,0.5581395348837209,-0.06544409056545941,0.09807230965780889,1.298538203544147,-0.004979680001463193,-0.03565485138830963,1.0101548513883125,0.7674418604651163,0.32558139534883723,0.011314028841065114,0.0800623488773745,0.1668393782383419,43,0,moneyness,OTM2,,0.02
natural,h19,19,2022-10-21,510300,510300_DTE30_OTM2_Q70_Hold,510300__510300_DTE30_OTM2_Q70_Hold,False,OTM2,0.7,2022-10-21,2026-05-27,871,0.305723303171862,0.0803311193248657,0.08550805891065538,0.12821105865067345,0.6669320089122144,0.6265537479394625,1.0884003402379494,0.449257776780046,0.1788085225827829,2023-08-04,2024-02-02,2025-07-08,463,0.5581395348837209,-0.06544409056545941,0.09807230965780911,1.305430277844675,-0.005125061927476224,-0.037077101574144705,1.0115771015741475,0.7674418604651163,0.32558139534883723,0.011321632202122449,0.08012723085780046,0.1668393782383419,43,0,moneyness,OTM2,,0.02
natural,h20,20,2022-10-24,510300,510300_DTE30_OTM2_Q70_Hold,510300__510300_DTE30_OTM2_Q70_Hold,False,OTM2,0.7,2022-10-24,2026-05-27,870,0.3340198107304595,0.08716539622281383,0.09162679202542737,0.12671413342121343,0.7230984385999674,0.6878900866809016,1.1795916013814085,0.4874789801054298,0.17880852258278312,2023-08-04,2024-02-02,2025-07-08,463,0.5581395348837209,-0.0654440905654593,0.09807230965780933,1.3336597982566998,-0.006583662747273472,-0.051664971298477656,1.0261649712984802,0.7674418604651163,0.3488372093023256,0.011625950137361441,0.08019211283822643,0.1668393782383419,43,0,moneyness,OTM2,,0.02
natural,h00,0,2022-09-19,510300,510300_DTE30_OTM3_Q70_Hold,510300__510300_DTE30_OTM3_Q70_Hold,False,OTM3,0.7,2022-09-19,2026-05-27,890,0.2538557527438723,0.06622707582294773,0.07324394031173195,0.13496889076375346,0.5426727588651264,0.49068400464867223,0.9030864170401913,0.338220550533379,0.19581032470826099,2023-01-13,2024-02-02,2025-07-10,599,0.5454545454545454,-0.07318673673170328,0.12085523003260712,1.253598779895153,-0.0021475386875100992,-0.007608081177741707,0.9821080811777428,0.8181818181818182,0.25,0.009590208913917033,0.06398975244674736,0.1520293609671847,44,0,moneyness,OTM3,,0.03
natural,h01,1,2022-09-20,510300,510300_DTE30_OTM3_Q70_Hold,510300__510300_DTE30_OTM3_Q70_Hold,False,OTM3,0.7,2022-09-20,2026-05-27,889,0.25259617998564954,0.06599998653286399,0.07304142246856547,0.1350471013751516,0.5408588686821304,0.488718275777875,0.900212597364518,0.3370608093888706,0.19581032470826087,2023-01-13,2024-02-02,2025-07-10,599,0.5454545454545454,-0.07318673673170328,0.12085523003260712,1.2523547201805558,-0.0022925104178008852,-0.009512747761011842,0.9840127477610133,0.8181818181818182,0.25,0.009591777566395418,0.06408082901554406,0.1520293609671847,44,0,moneyness,OTM3,,0.03
natural,h02,2,2022-09-21,510300,510300_DTE30_OTM3_Q70_Hold,510300__510300_DTE30_OTM3_Q70_Hold,False,OTM3,0.7,2022-09-21,2026-05-27,888,0.2606010554790541,0.06800795916835667,0.07492854699172993,0.135082035519594,0.5546892057372156,0.5034567246989103,0.9231493651341957,0.3473154915078266,0.19581032470826065,2023-01-13,2024-02-02,2025-07-10,599,0.5454545454545454,-0.07318673673170328,0.1208552300326069,1.260392001295433,-0.002625524573816517,-0.01375087631342383,0.9882508763134251,0.8181818181818182,0.25,0.009593346218873804,0.06417190558434076,0.1520293609671847,44,0,moneyness,OTM3,,0.03
natural,h03,3,2022-09-22,510300,510300_DTE30_OTM3_Q70_Hold,510300__510300_DTE30_OTM3_Q70_Hold,False,OTM3,0.7,2022-09-22,2026-05-27,887,0.2751690252299521,0.07158356248036046,0.07823479158857788,0.1348077628320848,0.5803433715165673,0.5310047505908413,0.966373179667668,0.3655760368459299,0.19581032470826032,2023-01-13,2024-02-02,2025-07-10,599,0.5454545454545454,-0.07318673673170328,0.12085523003260756,1.2748274829464017,-0.0014904738387437073,0.0021120813823979653,0.9723879186176033,0.8181818181818182,0.25,0.009594914871352188,0.06426298215313744,0.1520293609671847,44,0,moneyness,OTM3,,0.03
natural,h04,4,2022-09-23,510300,510300_DTE30_OTM3_Q70_Hold,510300__510300_DTE30_OTM3_Q70_Hold,False,OTM3,0.7,2022-09-23,2026-05-27,886,0.2769369514268183,0.0720901412042505,0.07871781364053575,0.13488382191944476,0.583597146939887,0.5344609915287256,0.971801888516192,0.3681631257782664,0.19581032470826054,2023-01-13,2024-02-02,2025-07-10,599,0.5454545454545454,-0.07318673673170328,0.12085523003260712,1.2766145687779,-0.0016766667556953557,-0.00024629184523398484,0.9747462918452351,0.8181818181818182,0.25,0.009596483523830576,0.06435405872193414,0.1520293609671847,44,0,moneyness,OTM3,,0.03
natural,h05,5,2022-09-26,510300,510300_DTE30_OTM3_Q70_Hold,510300__510300_DTE30_OTM3_Q70_Hold,False,OTM3,0.7,2022-09-26,2026-05-27,885,0.28292407500780503,0.07360522426857297,0.08013816919497377,0.13494101028309016,0.5938755684936213,0.5454622291189163,0.9887780341874949,0.3759006292351442,0.19581032470826032,2023-01-13,2024-02-02,2025-07-10,599,0.5454545454545454,-0.0731867367317034,0.12085523003260734,1.282652138866125,-0.002162886820586864,-0.006513573212663387,0.9810135732126647,0.8181818181818182,0.25,0.009598052176308958,0.06444513529073083,0.1520293609671847,44,0,moneyness,OTM3,,0.03
natural,h06,6,2022-09-27,510300,510300_DTE30_OTM3_Q70_Hold,510300__510300_DTE30_OTM3_Q70_Hold,False,OTM3,0.7,2022-09-27,2026-05-27,884,0.2624004763074743,0.06876131774670347,0.07564653415931655,0.13517482201679912,0.5596200019402684,0.50868435941538,0.9304043541245091,0.35116288096223436,0.19581032470826087,2023-01-13,2024-02-02,2025-07-10,599,0.5454545454545454,-0.07318673673170317,0.12085523003260712,1.2622395610054336,-0.00308688789174063,-0.01985257860074539,0.9943525786007468,0.8181818181818182,0.25,0.009599620828787342,0.06453621185952753,0.1520293609671847,44,0,moneyness,OTM3,,0.03
natural,h07,7,2022-09-28,510300,510300_DTE30_OTM3_Q70_Hold,510300__510300_DTE30_OTM3_Q70_Hold,False,OTM3,0.7,2022-09-28,2026-05-27,883,0.28286375974064426,0.07376371680373306,0.08027691231418828,0.1348748178041341,0.5951957053300106,0.5469050339022745,0.9906697681363231,0.37671004791823004,0.19581032470826065,2023-01-13,2024-02-02,2025-07-10,599,0.5454545454545454,-0.07318673673170317,0.12085523003260712,1.2826414153623733,-0.0025979896094949274,-0.012569778764817999,0.9870697787648192,0.8181818181818182,0.25,0.00960118948126573,0.06462728842832421,0.1520293609671847,44,0,moneyness,OTM3,,0.03
natural,h08,8,2022-09-29,510300,510300_DTE30_OTM3_Q70_Hold,510300__510300_DTE30_OTM3_Q70_Hold,False,OTM3,0.7,2022-09-29,2026-05-27,882,0.2820548730822414,0.07365674283268597,0.08018777331664174,0.13495288188423113,0.5941908923844291,0.545795997864441,0.9891613568145601,0.37616373366638217,0.19581032470826065,2023-01-13,2024-02-02,2025-07-10,599,0.5454545454545454,-0.07318673673170328,0.1208552300326069,1.2818444797783006,-0.0027075982141190435,-0.014024472561377434,0.9885244725613787,0.8181818181818182,0.25,0.009602758133744112,0.06471836499712091,0.1520293609671847,44,0,moneyness,OTM3,,0.03
natural,h09,9,2022-09-30,510300,510300_DTE30_OTM3_Q70_Hold,510300__510300_DTE30_OTM3_Q70_Hold,False,OTM3,0.7,2022-09-30,2026-05-27,881,0.28804355848107766,0.07517736294204225,0.08161136380466512,0.135011032709303,0.6044792204529345,0.5568238493805856,1.0061415565631155,0.38392951471813164,0.19581032470826054,2023-01-13,2024-02-02,2025-07-10,599,0.5454545454545454,-0.0731867367317034,0.12085523003260734,1.2878955516868118,-0.0032895781686180167,-0.021866266644136424,0.9963662666441377,0.8181818181818182,0.25,0.0096043267862225,0.06480944156591864,0.1520293609671847,44,0,moneyness,OTM3,,0.03
natural,h10,10,2022-10-10,510300,510300_DTE30_OTM3_Q70_Hold,510300__510300_DTE30_OTM3_Q70_Hold,False,OTM3,0.7,2022-10-10,2026-05-27,880,0.31882549614502476,0.08257112017214485,0.08847134275896619,0.1350632777852114,0.6550362482662424,0.6113513719358725,1.0981246804025224,0.4216893072169111,0.19581032470826065,2023-01-13,2024-02-02,2025-07-10,599,0.5581395348837209,-0.0731867367317034,0.12085523003260712,1.318470112875541,-0.002382561528100117,-0.009342553036762445,0.9838425530367635,0.813953488372093,0.23255813953488372,0.009341845391579702,0.06490051813471533,0.1520293609671847,43,0,moneyness,OTM3,,0.03
natural,h11,11,2022-10-11,510300,510300_DTE30_OTM3_Q70_Hold,510300__510300_DTE30_OTM3_Q70_Hold,False,OTM3,0.7,2022-10-11,2026-05-27,879,0.3193934272320429,0.08280274523795428,0.08869615566820807,0.13514338146122737,0.6563115019706312,0.6127029259047391,1.100404285367182,0.42287221249095364,0.19581032470826076,2023-01-13,2024-02-02,2025-07-10,599,0.5581395348837209,-0.0731867367317034,0.12085523003260734,1.319050050387954,-0.002488355738099901,-0.010827599589140976,0.9853275995891423,0.813953488372093,0.23255813953488372,0.009354008988688907,0.06499159470351203,0.1520293609671847,43,0,moneyness,OTM3,,0.03
natural,h12,12,2022-10-12,510300,510300_DTE30_OTM3_Q70_Hold,510300__510300_DTE30_OTM3_Q70_Hold,False,OTM3,0.7,2022-10-12,2026-05-27,878,0.2949607488669981,0.07710036683747257,0.0835344386222454,0.13604099198402722,0.6140387349722743,0.5667436389064631,1.031155934787199,0.3937502629258449,0.19581032470826032,2023-01-13,2024-02-02,2025-07-10,599,0.5581395348837209,-0.07318673673170328,0.12085523003260712,1.2947102557384598,-0.0030478403353724915,-0.02172992148736727,0.9962299214873682,0.813953488372093,0.23255813953488372,0.009366172585798138,0.06508267127230871,0.1520293609671847,43,0,moneyness,OTM3,,0.03
natural,h13,13,2022-10-13,510300,510300_DTE30_OTM3_Q70_Hold,510300__510300_DTE30_OTM3_Q70_Hold,False,OTM3,0.7,2022-10-13,2026-05-27,877,0.31161131244284257,0.0811579691312474,0.08716707825512382,0.13507991236293676,0.6453000800068681,0.600814493521359,1.0807805288584953,0.41447236887107614,0.19581032470826065,2023-01-13,2024-02-02,2025-07-10,599,0.5581395348837209,-0.07318673673170317,0.12085523003260712,1.3112142552091115,-0.0019822903030781536,-0.0040208626378861285,0.9785208626378873,0.813953488372093,0.23255813953488372,0.009378336182907343,0.06517374784110541,0.1520293609671847,43,0,moneyness,OTM3,,0.03
natural,h14,14,2022-10-14,510300,510300_DTE30_OTM3_Q70_Hold,510300__510300_DTE30_OTM3_Q70_Hold,False,OTM3,0.7,2022-10-14,2026-05-27,876,0.27971638681043975,0.07361545476649445,0.08025171949415974,0.13573436074661208,0.5912410022984017,0.5423494416709947,0.9902162935492065,0.375952876214136,0.19581032470826054,2023-01-13,2024-02-02,2025-07-10,599,0.5581395348837209,-0.07318673673170328,0.12085523003260712,1.2793962462310138,-0.0023558567958921407,-0.012458364931981629,0.986958364931983,0.813953488372093,0.23255813953488372,0.009390499780016574,0.06526482440990211,0.1520293609671847,43,0,moneyness,OTM3,,0.03
natural,h15,15,2022-10-17,510300,510300_DTE30_OTM3_Q70_Hold,510300__510300_DTE30_OTM3_Q70_Hold,False,OTM3,0.7,2022-10-17,2026-05-27,875,0.27907253369385443,0.07354692896631998,0.08019953037478704,0.13582046740198114,0.5904819200586643,0.5415010739776558,0.9891333062323098,0.37560291611741214,0.19581032470826043,2023-01-13,2024-02-02,2025-07-10,599,0.5581395348837209,-0.07318673673170317,0.12085523003260734,1.2787770472872206,-0.0025761843219501267,-0.01556869477215796,0.9900686947721595,0.813953488372093,0.23255813953488372,0.009402663377125779,0.0653559009786988,0.1520293609671847,43,0,moneyness,OTM3,,0.03
natural,h16,16,2022-10-18,510300,510300_DTE30_OTM3_Q70_Hold,510300__510300_DTE30_OTM3_Q70_Hold,False,OTM3,0.7,2022-10-18,2026-05-27,874,0.27970268709120805,0.07378686078842489,0.08043547746340156,0.13591209715440514,0.5918198537693193,0.5429013482486267,0.9915143587547145,0.37682824385466146,0.19581032470826065,2023-01-13,2024-02-02,2025-07-10,599,0.5581395348837209,-0.07318673673170317,0.12085523003260712,1.2794487490667237,-0.002952465517452279,-0.020906015218681517,0.9954060152186827,0.813953488372093,0.23255813953488372,0.009414826974234982,0.0654469775474955,0.1520293609671847,43,0,moneyness,OTM3,,0.03
natural,h17,17,2022-10-19,510300,510300_DTE30_OTM3_Q70_Hold,510300__510300_DTE30_OTM3_Q70_Hold,False,OTM3,0.7,2022-10-19,2026-05-27,873,0.29524533787046914,0.07762760553488723,0.08400023821245503,0.13586346288884996,0.6182695216680567,0.5713648385246478,1.0365948565938783,0.39644286199180384,0.19581032470826054,2023-01-13,2024-02-02,2025-07-10,599,0.5581395348837209,-0.07318673673170328,0.12085523003260712,1.2950904402368608,-0.003859817304671985,-0.034063580069025996,1.0085635800690274,0.813953488372093,0.23255813953488372,0.009426990571344215,0.06553805411629218,0.1520293609671847,43,0,moneyness,OTM3,,0.03
natural,h18,18,2022-10-20,510300,510300_DTE30_OTM3_Q70_Hold,510300__510300_DTE30_OTM3_Q70_Hold,False,OTM3,0.7,2022-10-20,2026-05-27,872,0.305168553890802,0.08010248171144396,0.08619062336543398,0.13508229832787302,0.6380600895332066,0.5929902193181409,1.0671542353614876,0.40908201255878274,0.19581032470826054,2023-01-13,2024-02-02,2025-07-10,599,0.5581395348837209,-0.07318673673170328,0.12085523003260712,1.304860888732933,-0.0026767390422363503,-0.014801498124601808,0.9893014981246032,0.813953488372093,0.23255813953488372,0.009439154168453418,0.06562913068508888,0.1520293609671847,43,0,moneyness,OTM3,,0.03
natural,h19,19,2022-10-21,510300,510300_DTE30_OTM3_Q70_Hold,510300__510300_DTE30_OTM3_Q70_Hold,False,OTM3,0.7,2022-10-21,2026-05-27,871,0.31208097317886274,0.08185214092131177,0.08781629398703056,0.13513080276811903,0.6498614097462372,0.6057252620763892,1.086779524259828,0.41801749240375374,0.19581032470826032,2023-01-13,2024-02-02,2025-07-10,599,0.5581395348837209,-0.07318673673170328,0.12085523003260734,1.3117865210881878,-0.002819476948778472,-0.016645267648581957,0.9911452676485831,0.813953488372093,0.23255813953488372,0.009451317765562649,0.06572020725388557,0.1520293609671847,43,0,moneyness,OTM3,,0.03
natural,h20,20,2022-10-24,510300,510300_DTE30_OTM3_Q70_Hold,510300__510300_DTE30_OTM3_Q70_Hold,False,OTM3,0.7,2022-10-24,2026-05-27,870,0.34051525867017585,0.08869780257179438,0.09393768329866761,0.13371879788313054,0.7025017034685626,0.6633158836001184,1.1747186875868354,0.4529781700936658,0.19581032470826054,2023-01-13,2024-02-02,2025-07-10,599,0.5581395348837209,-0.0731867367317034,0.12085523003260712,1.340153493267215,-0.00427542767089871,-0.03607201727827237,1.0105720172782735,0.813953488372093,0.2558139534883721,0.009633619135779573,0.06581128382268227,0.1520293609671847,43,0,moneyness,OTM3,,0.03
natural,h00,0,2022-09-19,510300,510300_DTE30_OTM4_Q70_Hold,510300__510300_DTE30_OTM4_Q70_Hold,False,OTM4,0.7,2022-09-19,2026-05-27,890,0.3036776020313372,0.07806928301539262,0.08489983574229733,0.1394156062658142,0.6089693831006596,0.5599752072701478,1.027588547362386,0.3852669909309601,0.20263683329512816,2023-01-30,2024-02-02,2025-07-11,594,0.5681818181818182,-0.07366985510658097,0.12085523003260712,1.3034104183888229,0.009495260231335638,0.2023771658146884,0.772122834185313,0.8636363636363636,0.13636363636363635,0.005755611246623084,0.06398975244674736,0.1520293609671847,44,0,moneyness,OTM4,,0.04
natural,h01,1,2022-09-20,510300,510300_DTE30_OTM4_Q70_Hold,510300__510300_DTE30_OTM4_Q70_Hold,False,OTM4,0.7,2022-09-20,2026-05-27,889,0.2965845679700263,0.07649260691825521,0.08346821658651195,0.13964748817497694,0.5977065372055035,0.5477549787534362,1.00831209271414,0.377486193770352,0.20263683329512805,2023-01-30,2024-02-02,2025-07-11,594,0.5681818181818182,-0.07477352229721945,0.12085523003260712,1.2964726461793503,0.008122555022846388,0.18390283905935476,0.7905971609406465,0.8636363636363636,0.13636363636363635,0.0057626538207102675,0.06408082901554406,0.1520293609671847,44,0,moneyness,OTM4,,0.04
natural,h02,2,2022-09-21,510300,510300_DTE30_OTM4_Q70_Hold,510300__510300_DTE30_OTM4_Q70_Hold,False,OTM4,0.7,2022-09-21,2026-05-27,888,0.3106909287840627,0.07989684062773872,0.08661072447993934,0.13953445320814065,0.6207121072151545,0.5725957911524422,1.0474769060149396,0.3942858725559228,0.20263683329512827,2023-01-30,2024-02-02,2025-07-11,594,0.5681818181818182,-0.07372658821960643,0.12085523003260734,1.310473567850637,0.00904349730911287,0.1963825850818386,0.778117414918163,0.8636363636363636,0.13636363636363635,0.005769696394797467,0.06417190558434076,0.1520293609671847,44,0,moneyness,OTM4,,0.04
natural,h03,3,2022-09-22,510300,510300_DTE30_OTM4_Q70_Hold,510300__510300_DTE30_OTM4_Q70_Hold,False,OTM4,0.7,2022-09-22,2026-05-27,887,0.31858285944523845,0.08183612656091599,0.08841162365591963,0.1395782065915566,0.6334199716051364,0.5863102024257306,1.0687976055366804,0.40385612640189067,0.20263683329512783,2023-01-30,2024-02-02,2025-07-11,594,0.5681818181818182,-0.07377210392864175,0.12085523003260756,1.3184056757118672,0.008674884911723493,0.19149208142368956,0.7830079185763116,0.8636363636363636,0.13636363636363635,0.0057767389688846505,0.06426298215313744,0.1520293609671847,44,0,moneyness,OTM4,,0.04
natural,h04,4,2022-09-23,510300,510300_DTE30_OTM4_Q70_Hold,510300__510300_DTE30_OTM4_Q70_Hold,False,OTM4,0.7,2022-09-23,2026-05-27,886,0.32020832009291844,0.08231189324864818,0.08886265117563102,0.139658452038691,0.6362855228483594,0.5893799626666668,1.0736613896758291,0.4062040050180114,0.20263683329512816,2023-01-30,2024-02-02,2025-07-11,594,0.5681818181818182,-0.0737993419018117,0.12085523003260734,1.3200563800627465,0.008456720624167852,0.18846370856293318,0.7860362914370682,0.8636363636363636,0.13636363636363635,0.00578378154297185,0.06435405872193414,0.1520293609671847,44,0,moneyness,OTM4,,0.04
natural,h05,5,2022-09-26,510300,510300_DTE30_OTM4_Q70_Hold,510300__510300_DTE30_OTM4_Q70_Hold,False,OTM4,0.7,2022-09-26,2026-05-27,885,0.32785311254887994,0.08419180138016791,0.09060476485845712,0.13970205867987137,0.6485571201644124,0.6026525462526952,1.094242214871957,0.4154812331554147,0.20263683329512783,2023-01-30,2024-02-02,2025-07-11,594,0.5681818181818182,-0.07382027342008202,0.1208552300326069,1.327719373662679,0.008291882181129383,0.18619208022781752,0.7883079197721838,0.8636363636363636,0.13636363636363635,0.0057908241170590334,0.06444513529073083,0.1520293609671847,44,0,moneyness,OTM4,,0.04
natural,h06,6,2022-09-27,510300,510300_DTE30_OTM4_Q70_Hold,510300__510300_DTE30_OTM4_Q70_Hold,False,OTM4,0.7,2022-09-27,2026-05-27,884,0.31256184944260545,0.08071278044765418,0.08738163247189751,0.13964389150021236,0.6257461857668484,0.5779900544201851,1.0549679428425058,0.3983124841380694,0.20263683329512772,2023-01-30,2024-02-02,2025-07-11,594,0.5681818181818182,-0.07378096758507591,0.12085523003260712,1.312394540185033,0.008634935422748317,0.19041027923531534,0.7840897207646863,0.8636363636363636,0.13636363636363635,0.005797866691146217,0.06453621185952753,0.1520293609671847,44,0,moneyness,OTM4,,0.04
natural,h07,7,2022-09-28,510300,510300_DTE30_OTM4_Q70_Hold,510300__510300_DTE30_OTM4_Q70_Hold,False,OTM4,0.7,2022-09-28,2026-05-27,883,0.3338382396633002,0.08578480877337746,0.09202531592892517,0.1393569590653775,0.6603568027467699,0.6155760670203246,1.114524984163799,0.4233426242327683,0.20263683329512794,2023-01-30,2024-02-02,2025-07-11,594,0.5681818181818182,-0.07318673673170328,0.12085523003260734,1.333607060450496,0.009137108904885278,0.19753658068766353,0.7769634193123378,0.8636363636363636,0.13636363636363635,0.005804909265233417,0.06462728842832421,0.1520293609671847,44,0,moneyness,OTM4,,0.04
natural,h08,8,2022-09-29,510300,510300_DTE30_OTM4_Q70_Hold,510300__510300_DTE30_OTM4_Q70_Hold,False,OTM4,0.7,2022-09-29,2026-05-27,882,0.33299721196387533,0.08569035683958348,0.09194951233614301,0.13943755074401243,0.6594314934930927,0.6145429002614857,1.113156483024136,0.4228765098928523,0.20263683329512805,2023-01-30,2024-02-02,2025-07-11,594,0.5681818181818182,-0.07318673673170317,0.1208552300326069,1.3327784587003002,0.009040805500370576,0.1961151719413793,0.7783848280586221,0.8636363636363636,0.13636363636363635,0.005811951839320601,0.06471836499712091,0.1520293609671847,44,0,moneyness,OTM4,,0.04
natural,h09,9,2022-09-30,510300,510300_DTE30_OTM4_Q70_Hold,510300__510300_DTE30_OTM4_Q70_Hold,False,OTM4,0.7,2022-09-30,2026-05-27,881,0.33922385725619786,0.08724179062914583,0.09338646898287468,0.13949837425201386,0.6694448554229406,0.6253964685748756,1.1298915995455014,0.43053273785661417,0.20263683329512816,2023-01-30,2024-02-02,2025-07-11,594,0.5681818181818182,-0.07318673673170328,0.1208552300326069,1.339069969424834,0.008472161396448644,0.18843538190118614,0.7860646180988152,0.8636363636363636,0.13636363636363635,0.0058189944134078,0.06480944156591864,0.1520293609671847,44,0,moneyness,OTM4,,0.04
natural,h10,10,2022-10-10,510300,510300_DTE30_OTM4_Q70_Hold,510300__510300_DTE30_OTM4_Q70_Hold,False,OTM4,0.7,2022-10-10,2026-05-27,880,0.3690936797813251,0.09424342335880498,0.09968702067260929,0.13863074042934526,0.7190830862179224,0.6798162014206165,1.2167914911269282,0.46508535406070567,0.20263683329512838,2023-01-30,2024-02-02,2025-07-11,594,0.5813953488372093,-0.0731867367317034,0.1208552300326069,1.3687247507686753,0.008820371297004331,0.19442933350270472,0.7800706664972963,0.8604651162790697,0.13953488372093023,0.006158299876170995,0.06490051813471533,0.1520293609671847,43,0,moneyness,OTM4,,0.04
natural,h11,11,2022-10-11,510300,510300_DTE30_OTM4_Q70_Hold,510300__510300_DTE30_OTM4_Q70_Hold,False,OTM4,0.7,2022-10-11,2026-05-27,879,0.3696832580568927,0.09449091435988421,0.09992460771786664,0.13871272283347108,0.7203708908362302,0.6811986127135827,1.219134134626353,0.46630670655153833,0.20263683329512794,2023-01-30,2024-02-02,2025-07-11,594,0.5813953488372093,-0.07318673673170317,0.12085523003260734,1.3693267931050097,0.008727322190909981,0.19299597847899533,0.7815040215210062,0.8604651162790697,0.13953488372093023,0.00616375676851309,0.06499159470351203,0.1520293609671847,43,0,moneyness,OTM4,,0.04
natural,h12,12,2022-10-12,510300,510300_DTE30_OTM4_Q70_Hold,510300__510300_DTE30_OTM4_Q70_Hold,False,OTM4,0.7,2022-10-12,2026-05-27,878,0.344319306853724,0.08874031103566282,0.09477568539820641,0.13959296777001398,0.6789431223666929,0.6357076037087104,1.150773633026617,0.4379278416102071,0.20263683329512816,2023-01-30,2024-02-02,2025-07-11,594,0.5813953488372093,-0.07318673673170328,0.12085523003260668,1.344059265961193,0.008180603198246088,0.182444325753202,0.7920556742467992,0.8604651162790697,0.13953488372093023,0.005699270653925567,0.06508267127230871,0.1520293609671847,43,0,moneyness,OTM4,,0.04
natural,h13,13,2022-10-13,510300,510300_DTE30_OTM4_Q70_Hold,510300__510300_DTE30_OTM4_Q70_Hold,False,OTM4,0.7,2022-10-13,2026-05-27,877,0.353983530687771,0.0910920309293437,0.09693950557144326,0.13963143664329802,0.6942527263332868,0.6523748026889323,1.1767187227402027,0.4495334310553197,0.20263683329512794,2023-01-30,2024-02-02,2025-07-11,594,0.5813953488372093,-0.0731867367317034,0.1208552300326069,1.3537700360552762,0.007778993994635229,0.17667955637981958,0.7978204436201817,0.8604651162790697,0.13953488372093023,0.00570631322801275,0.06517374784110541,0.1520293609671847,43,0,moneyness,OTM4,,0.04
natural,h14,14,2022-10-14,510300,510300_DTE30_OTM4_Q70_Hold,510300__510300_DTE30_OTM4_Q70_Hold,False,OTM4,0.7,2022-10-14,2026-05-27,876,0.3221062461452475,0.08373902101420505,0.09019779331152675,0.1397944180114346,0.6452174170799077,0.599015484347562,1.091846504343846,0.4132467905883837,0.20263683329512816,2023-01-30,2024-02-02,2025-07-11,594,0.5813953488372093,-0.07318673673170317,0.12085523003260645,1.3219363387249368,0.007578863055929865,0.1719149750117304,0.8025850249882709,0.8604651162790697,0.13953488372093023,0.0057133558020999505,0.06526482440990211,0.1520293609671847,43,0,moneyness,OTM4,,0.04
natural,h15,15,2022-10-17,510300,510300_DTE30_OTM4_Q70_Hold,510300__510300_DTE30_OTM4_Q70_Hold,False,OTM4,0.7,2022-10-17,2026-05-27,875,0.32186871356896285,0.08378259237147079,0.09024988757213083,0.1398795391824897,0.6451972039626824,0.5989624562757982,1.0920195436089066,0.41346181249016345,0.20263683329512816,2023-01-30,2024-02-02,2025-07-11,594,0.5813953488372093,-0.07318673673170328,0.12085523003260712,1.3217133059157065,0.007462686752881926,0.17011211318337893,0.8043878868166222,0.8604651162790697,0.13953488372093023,0.005720398376187133,0.0653559009786988,0.1520293609671847,43,0,moneyness,OTM4,,0.04
natural,h16,16,2022-10-18,510300,510300_DTE30_OTM4_Q70_Hold,510300__510300_DTE30_OTM4_Q70_Hold,False,OTM4,0.7,2022-10-18,2026-05-27,874,0.3228491332050816,0.08411447488982304,0.09056890909322196,0.13997083504703267,0.6470555745615807,0.6009428668590788,1.0952885088069764,0.41509963179949394,0.20263683329512794,2023-01-30,2024-02-02,2025-07-11,594,0.5813953488372093,-0.07318673673170328,0.1208552300326069,1.322728492420781,0.007169371797000634,0.1657355952298857,0.8087644047701158,0.8604651162790697,0.13953488372093023,0.005727440950274317,0.0654469775474955,0.1520293609671847,43,0,moneyness,OTM4,,0.04
natural,h17,17,2022-10-19,510300,510300_DTE30_OTM4_Q70_Hold,510300__510300_DTE30_OTM4_Q70_Hold,False,OTM4,0.7,2022-10-19,2026-05-27,873,0.34461474321518915,0.08934038452339643,0.09530594177892637,0.1394399562460493,0.6834909042194043,0.6407086385322046,1.1567441418007127,0.4408891664492093,0.20263683329512816,2023-01-30,2024-02-02,2025-07-11,594,0.5813953488372093,-0.07318673673170328,0.1208552300326069,1.3444539415232246,0.007432935856796692,0.17044588422700457,0.8040541157729968,0.8604651162790697,0.13953488372093023,0.005734483524361517,0.06553805411629218,0.1520293609671847,43,0,moneyness,OTM4,,0.04
natural,h18,18,2022-10-20,510300,510300_DTE30_OTM4_Q70_Hold,510300__510300_DTE30_OTM4_Q70_Hold,False,OTM4,0.7,2022-10-20,2026-05-27,872,0.3486385997781276,0.09038967594296099,0.09627881170580098,0.13950987677155946,0.6901218317571365,0.6479087935183946,1.1678720488267802,0.4460673534673435,0.20263683329512794,2023-01-30,2024-02-02,2025-07-11,594,0.5813953488372093,-0.07318673673170328,0.12085523003260712,1.3484818469917128,0.0073998802748040365,0.16989147288440218,0.8046085271155992,0.8604651162790697,0.13953488372093023,0.005741526098448701,0.06562913068508888,0.1520293609671847,43,0,moneyness,OTM4,,0.04
natural,h19,19,2022-10-21,510300,510300_DTE30_OTM4_Q70_Hold,510300__510300_DTE30_OTM4_Q70_Hold,False,OTM4,0.7,2022-10-21,2026-05-27,871,0.35597469185624786,0.09221303503421585,0.09795707781410519,0.13955893313622236,0.7019047481431381,0.6607462020665309,1.18768253474447,0.45506551565535625,0.20263683329512794,2023-01-30,2024-02-02,2025-07-11,594,0.5813953488372093,-0.0731867367317034,0.12085523003260734,1.355828270128278,0.007309664187335294,0.1685269246286306,0.8059730753713709,0.8604651162790697,0.13953488372093023,0.0057485686725359,0.06572020725388557,0.1520293609671847,43,0,moneyness,OTM4,,0.04
natural,h20,20,2022-10-24,510300,510300_DTE30_OTM4_Q70_Hold,510300__510300_DTE30_OTM4_Q70_Hold,False,OTM4,0.7,2022-10-24,2026-05-27,870,0.39327362868664784,0.10095331493878335,0.105756740048625,0.13830334766830035,0.7646723078769324,0.7299412244228867,1.2966084804087437,0.4981982460797293,0.20263683329512816,2023-01-30,2024-02-02,2025-07-11,594,0.5813953488372093,-0.0731867367317034,0.12085523003260734,1.3930815984166207,0.007530043956357442,0.17344267795317045,0.8010573220468313,0.8604651162790697,0.13953488372093023,0.00600261112713939,0.06581128382268227,0.1520293609671847,43,0,moneyness,OTM4,,0.04
natural,h00,0,2022-09-19,510300,510300_DTE30_OTM5_Q70_Hold,510300__510300_DTE30_OTM5_Q70_Hold,False,OTM5,0.7,2022-09-19,2026-05-27,890,0.2639348287059293,0.0686496374125376,0.07676002187846064,0.14394170163123227,0.5332716023818727,0.47692667680428547,0.9065665297795084,0.31691810453882785,0.21661633219861332,2023-01-30,2024-02-02,2025-07-24,603,0.5454545454545454,-0.07638575832240302,0.12085523003260712,1.2638120964832604,0.00136459222577365,0.08224216965888442,0.8922578303411204,0.8863636363636364,0.11363636363636363,0.004358489124486519,0.06398975244674736,0.1520293609671847,44,0,moneyness,OTM5,,0.05
natural,h01,1,2022-09-20,510300,510300_DTE30_OTM5_Q70_Hold,510300__510300_DTE30_OTM5_Q70_Hold,False,OTM5,0.7,2022-09-20,2026-05-27,889,0.2627334539730801,0.06844116876541184,0.0765768121210987,0.1440247760697721,0.5316919366984569,0.47520413246298576,0.904043409852556,0.3159557179772525,0.2166163321986131,2023-01-30,2024-02-02,2025-07-24,603,0.5454545454545454,-0.07638575832240324,0.12085523003260712,1.2626244542265102,0.0012389024184746899,0.07949269476035248,0.8950073052396522,0.8863636363636364,0.11363636363636363,0.004359128756216439,0.06408082901554406,0.1520293609671847,44,0,moneyness,OTM5,,0.05
natural,h02,2,2022-09-21,510300,510300_DTE30_OTM5_Q70_Hold,510300__510300_DTE30_OTM5_Q70_Hold,False,OTM5,0.7,2022-09-21,2026-05-27,888,0.27182110447430685,0.0707000498037158,0.07869340603777997,0.14405279585555703,0.5462816988063636,0.4907926249109899,0.928795569779467,0.3263837453350083,0.21661633219861343,2023-01-30,2024-02-02,2025-07-24,603,0.5454545454545454,-0.07638575832240313,0.1208552300326069,1.271721951554295,0.0011350947661001325,0.07734954757158793,0.8971504524284167,0.8863636363636364,0.11363636363636363,0.00435976838794636,0.06417190558434076,0.1520293609671847,44,0,moneyness,OTM5,,0.05
natural,h03,3,2022-09-22,510300,510300_DTE30_OTM5_Q70_Hold,510300__510300_DTE30_OTM5_Q70_Hold,False,OTM5,0.7,2022-09-22,2026-05-27,887,0.28415741602091504,0.07372652609724462,0.08150466297275158,0.1439682879056199,0.5661292785962899,0.5121025412594814,0.9627659542104776,0.3403553432418265,0.21661633219861354,2023-01-30,2024-02-02,2025-07-24,603,0.5454545454545454,-0.07638575832240313,0.12085523003260712,1.2839848581846158,0.001775711106440025,0.09161706030856617,0.8828829396914382,0.8863636363636364,0.11363636363636363,0.004360408019676279,0.06426298215313744,0.1520293609671847,44,0,moneyness,OTM5,,0.05
natural,h04,4,2022-09-23,510300,510300_DTE30_OTM5_Q70_Hold,510300__510300_DTE30_OTM5_Q70_Hold,False,OTM5,0.7,2022-09-23,2026-05-27,886,0.28574043928730863,0.07418959343385922,0.08194788601711503,0.14405106071988827,0.5688808232829692,0.5150228888499695,0.9674806388122289,0.34249307372555626,0.2166163321986132,2023-01-30,2024-02-02,2025-07-24,603,0.5454545454545454,-0.07638575832240324,0.12085523003260712,1.2855924660938622,0.0015497599410006092,0.08679062126424247,0.8877093787357624,0.8863636363636364,0.11363636363636363,0.0043610476514062005,0.06435405872193414,0.1520293609671847,44,0,moneyness,OTM5,,0.05
natural,h05,5,2022-09-26,510300,510300_DTE30_OTM5_Q70_Hold,510300__510300_DTE30_OTM5_Q70_Hold,False,OTM5,0.7,2022-09-26,2026-05-27,885,0.29318564218520926,0.07604622421914198,0.08368217756740844,0.14409856705847013,0.5807287280896636,0.5277375463996467,0.9875115966139787,0.3510641300556045,0.2166163321986132,2023-01-30,2024-02-02,2025-07-24,603,0.5454545454545454,-0.07638575832240324,0.1208552300326069,1.293055394941894,0.0013771170226131546,0.08316013139452874,0.8913398686054759,0.8863636363636364,0.11363636363636363,0.00436168728313612,0.06444513529073083,0.1520293609671847,44,0,moneyness,OTM5,,0.05
natural,h06,6,2022-09-27,510300,510300_DTE30_OTM5_Q70_Hold,510300__510300_DTE30_OTM5_Q70_Hold,False,OTM5,0.7,2022-09-27,2026-05-27,884,0.2782936020092044,0.07258418069301698,0.08045120533114211,0.14404646897480042,0.5585086944770323,0.5038942030971609,0.9490764979349827,0.33508175471489987,0.2166163321986132,2023-01-30,2024-02-02,2025-07-24,603,0.5454545454545454,-0.07638575832240324,0.12085523003260712,1.2781306608467726,0.0017123481317005598,0.08989471234445674,0.8846052876555484,0.8863636363636364,0.11363636363636363,0.004362326914866039,0.06453621185952753,0.1520293609671847,44,0,moneyness,OTM5,,0.05
natural,h07,7,2022-09-28,510300,510300_DTE30_OTM5_Q70_Hold,510300__510300_DTE30_OTM5_Q70_Hold,False,OTM5,0.7,2022-09-28,2026-05-27,883,0.29386817231844287,0.07638733706977896,0.08398264356344991,0.14398349626983262,0.5832796517599631,0.5305284219979287,0.9916982028547401,0.352638862889342,0.21661633219861332,2023-01-30,2024-02-02,2025-07-24,603,0.5454545454545454,-0.07638575832240302,0.12085523003260712,1.2937696914352832,0.0011035448886360885,0.07687440413432911,0.8976255958656756,0.8863636363636364,0.11363636363636363,0.00436296654659596,0.06462728842832421,0.1520293609671847,44,0,moneyness,OTM5,,0.05
natural,h08,8,2022-09-29,510300,510300_DTE30_OTM5_Q70_Hold,510300__510300_DTE30_OTM5_Q70_Hold,False,OTM5,0.7,2022-09-29,2026-05-27,882,0.29324467918863806,0.07632887235343011,0.08394020593988634,0.14406622327592927,0.5826501454065061,0.5298179588371511,0.9908114398892564,0.3523689630357374,0.2166163321986131,2023-01-30,2024-02-02,2025-07-24,603,0.5454545454545454,-0.07638575832240335,0.1208552300326069,1.2931533848820478,0.0010405799503694932,0.07545193491525776,0.8990480650847471,0.8863636363636364,0.11363636363636363,0.004363606178325879,0.06471836499712091,0.1520293609671847,44,0,moneyness,OTM5,,0.05
natural,h09,9,2022-09-30,510300,510300_DTE30_OTM5_Q70_Hold,510300__510300_DTE30_OTM5_Q70_Hold,False,OTM5,0.7,2022-09-30,2026-05-27,881,0.3005211614720147,0.07814973450357199,0.08563840821501245,0.14411727666533214,0.5942272168650621,0.5422648575649304,1.010367433673978,0.3607748949969169,0.21661633219861332,2023-01-30,2024-02-02,2025-07-24,603,0.5454545454545454,-0.07638575832240302,0.1208552300326069,1.300463545829246,0.0007328952492095186,0.06861489534134756,0.9058851046586573,0.8863636363636364,0.11363636363636363,0.0043642458100558,0.06480944156591864,0.1520293609671847,44,0,moneyness,OTM5,,0.05
natural,h10,10,2022-10-10,510300,510300_DTE30_OTM5_Q70_Hold,510300__510300_DTE30_OTM5_Q70_Hold,False,OTM5,0.7,2022-10-10,2026-05-27,880,0.32671944545223375,0.08442486582297648,0.09143459810741647,0.14406795367099953,0.6346629890795903,0.5860072533255601,1.085002040376824,0.38974376939208916,0.2166163321986132,2023-01-30,2024-02-02,2025-07-24,603,0.5581395348837209,-0.07638575832240313,0.12085523003260712,1.3265338150272117,0.0005773264847276522,0.06317653439001784,0.9113234656099869,0.8837209302325582,0.11627906976744186,0.004376965163786304,0.06490051813471533,0.1520293609671847,43,0,moneyness,OTM5,,0.05
natural,h11,11,2022-10-11,510300,510300_DTE30_OTM5_Q70_Hold,510300__510300_DTE30_OTM5_Q70_Hold,False,OTM5,0.7,2022-10-11,2026-05-27,879,0.32724011423533605,0.08464711829840055,0.09165199653153679,0.14415417364783856,0.6357914877680756,0.5871985261085068,1.0870954031356854,0.3907697884053748,0.21661633219861343,2023-01-30,2024-02-02,2025-07-24,603,0.5581395348837209,-0.07638575832240313,0.12085523003260734,1.3270680305081637,0.00046412239387137396,0.06044719351282079,0.9140528064871839,0.8837209302325582,0.11627906976744186,0.004391348662306446,0.06499159470351203,0.1520293609671847,43,0,moneyness,OTM5,,0.05
natural,h12,12,2022-10-12,510300,510300_DTE30_OTM5_Q70_Hold,510300__510300_DTE30_OTM5_Q70_Hold,False,OTM5,0.7,2022-10-12,2026-05-27,878,0.30922193856107993,0.08049551979809766,0.08779784370460686,0.144028221733902,0.6095877783370605,0.5588871321817498,1.041132581009399,0.3716041121234213,0.21661633219861298,2023-01-30,2024-02-02,2025-07-24,603,0.5581395348837209,-0.07638575832240291,0.12085523003260712,1.3089686867929256,0.0012107089325437614,0.07715148966342894,0.8973485103365755,0.8837209302325582,0.11627906976744186,0.004291804070656313,0.06508267127230871,0.1520293609671847,43,0,moneyness,OTM5,,0.05
natural,h13,13,2022-10-13,510300,510300_DTE30_OTM5_Q70_Hold,510300__510300_DTE30_OTM5_Q70_Hold,False,OTM5,0.7,2022-10-13,2026-05-27,877,0.3186338497031671,0.08282003428667495,0.08995369830513351,0.1440709117940642,0.6243709933183033,0.5748560431481019,1.0663601527719118,0.3823351334872485,0.2166163321986132,2023-01-30,2024-02-02,2025-07-24,603,0.5581395348837209,-0.07638575832240324,0.12085523003260712,1.3184259289694529,0.0008011523010358842,0.06786250624234527,0.9066374937576593,0.8837209302325582,0.11627906976744186,0.004296065349444514,0.06517374784110541,0.1520293609671847,43,0,moneyness,OTM5,,0.05
natural,h14,14,2022-10-14,510300,510300_DTE30_OTM5_Q70_Hold,510300__510300_DTE30_OTM5_Q70_Hold,False,OTM5,0.7,2022-10-14,2026-05-27,876,0.28758881445592066,0.07551341614869278,0.08320400226548363,0.14423257274086604,0.5768738689489457,0.5235531386128928,0.9837811545586028,0.3486044444675358,0.21661633219861332,2023-01-30,2024-02-02,2025-07-24,603,0.5581395348837209,-0.07638575832240324,0.12085523003260712,1.287423342963351,0.0005930557896203753,0.060142268920836885,0.914357731079168,0.8837209302325582,0.11627906976744186,0.0043003266282327255,0.06526482440990211,0.1520293609671847,43,0,moneyness,OTM5,,0.05
natural,h15,15,2022-10-17,510300,510300_DTE30_OTM5_Q70_Hold,510300__510300_DTE30_OTM5_Q70_Hold,False,OTM5,0.7,2022-10-17,2026-05-27,875,0.2873574833589061,0.0755472808222939,0.08324809447683708,0.14432008808664906,0.5768295708554122,0.523470307036784,0.9839014679331421,0.3487607792796776,0.21661633219861332,2023-01-30,2024-02-02,2025-07-24,603,0.5581395348837209,-0.07638575832240324,0.12085523003260734,1.2872061330747688,0.00046889570684108197,0.0572108318549453,0.9172891681450595,0.8837209302325582,0.11627906976744186,0.004304587907020927,0.0653559009786988,0.1520293609671847,43,0,moneyness,OTM5,,0.05
natural,h16,16,2022-10-18,510300,510300_DTE30_OTM5_Q70_Hold,510300__510300_DTE30_OTM5_Q70_Hold,False,OTM5,0.7,2022-10-18,2026-05-27,874,0.28831230628680626,0.07586724122165767,0.08355909561637469,0.14441364825684452,0.5786094086326387,0.5253467531456946,0.9870571927408897,0.35023786273001745,0.21661633219861298,2023-01-30,2024-02-02,2025-07-24,603,0.5581395348837209,-0.07638575832240335,0.12085523003260734,1.2881948151813178,0.00016757870170711224,0.050071243467899415,0.9244287565321055,0.8837209302325582,0.11627906976744186,0.004308849185809128,0.0654469775474955,0.1520293609671847,43,0,moneyness,OTM5,,0.05
natural,h17,17,2022-10-19,510300,510300_DTE30_OTM5_Q70_Hold,510300__510300_DTE30_OTM5_Q70_Hold,False,OTM5,0.7,2022-10-19,2026-05-27,873,0.3095096616964297,0.08104392840734898,0.08828808952515618,0.14390511821736995,0.6135159792704263,0.5631761358545386,1.0463761611644622,0.37413581692926434,0.21661633219861298,2023-01-30,2024-02-02,2025-07-24,603,0.5581395348837209,-0.07638575832240313,0.12085523003260712,1.3093530582006645,0.0004231223799504065,0.05775396394150871,0.9167460360584961,0.8837209302325582,0.11627906976744186,0.004313110464597338,0.06553805411629218,0.1520293609671847,43,0,moneyness,OTM5,,0.05
natural,h18,18,2022-10-20,510300,510300_DTE30_OTM5_Q70_Hold,510300__510300_DTE30_OTM5_Q70_Hold,False,OTM5,0.7,2022-10-20,2026-05-27,872,0.31342846377192113,0.08207573044352934,0.08925290221637838,0.14397810835571817,0.619906062356831,0.5700570133950482,1.057195934604911,0.3788990867423371,0.21661633219861343,2023-01-30,2024-02-02,2025-07-24,603,0.5581395348837209,-0.07638575832240313,0.12085523003260756,1.3132758034732417,0.00038202802103468373,0.05685168710751066,0.9176483128924942,0.8837209302325582,0.11627906976744186,0.004317371743385539,0.06562913068508888,0.1520293609671847,43,0,moneyness,OTM5,,0.05
natural,h19,19,2022-10-21,510300,510300_DTE30_OTM5_Q70_Hold,510300__510300_DTE30_OTM5_Q70_Hold,False,OTM5,0.7,2022-10-21,2026-05-27,871,0.3205730258138493,0.08387565127162233,0.09092309256664896,0.1440310279062804,0.6312743433714281,0.5823443218512571,1.0764620225382828,0.3872083439891214,0.21661633219861298,2023-01-30,2024-02-02,2025-07-24,603,0.5581395348837209,-0.07638575832240324,0.12085523003260712,1.3204304268512643,0.00028375469791289213,0.054628687538876494,0.9198713124611285,0.8837209302325582,0.11627906976744186,0.004321633022173751,0.06572020725388557,0.1520293609671847,43,0,moneyness,OTM5,,0.05
natural,h20,20,2022-10-24,510300,510300_DTE30_OTM5_Q70_Hold,510300__510300_DTE30_OTM5_Q70_Hold,False,OTM5,0.7,2022-10-24,2026-05-27,870,0.35689816533568863,0.09253957848955197,0.09871466045680988,0.14282140757032546,0.691175518685479,0.6479391294612843,1.1808950578743616,0.4272049921180616,0.2166163321986132,2023-01-30,2024-02-02,2025-07-24,603,0.5581395348837209,-0.07638575832240313,0.1208552300326069,1.3567111485747856,0.0004960587089015873,0.06262191379738846,0.9118780862026171,0.8837209302325582,0.11627906976744186,0.004513311497434473,0.06581128382268227,0.1520293609671847,43,0,moneyness,OTM5,,0.05
natural,h00,0,2022-09-19,510300,510300_DTE30_OTM7_Q70_Hold,510300__510300_DTE30_OTM7_Q70_Hold,False,OTM7,0.7,2022-09-19,2026-05-27,890,0.2601685249473846,0.06774601088753007,0.07680893477771,0.1500849854106062,0.5117696121805537,0.45138433203154116,0.8857880020738811,0.2977188562104538,0.2275502860310643,2023-01-30,2024-02-02,2025-07-29,606,0.5227272727272727,-0.07680624636949918,0.13574886024009447,1.2601138265569982,0.001413450166708999,0.1320802337751003,0.8424197662249083,0.9772727272727273,0.022727272727272728,0.0016712317132328706,0.04848638457109966,0.1369372481289579,44,0,moneyness,OTM7,,0.07
natural,h01,1,2022-09-20,510300,510300_DTE30_OTM7_Q70_Hold,510300__510300_DTE30_OTM7_Q70_Hold,False,OTM7,0.7,2022-09-20,2026-05-27,889,0.2592769128186807,0.06761037272618942,0.0766946626105875,0.1501704717033447,0.5107173317141502,0.45022414832491703,0.8841395458869086,0.29712277626827255,0.22755028603106453,2023-01-30,2024-02-02,2025-07-29,606,0.5227272727272727,-0.07680624636949918,0.1357488602400947,1.2592284759359729,0.0013566203427329139,0.13015325161466454,0.8443467483853436,0.9772727272727273,0.022727272727272728,0.001676230774597991,0.048591364421416205,0.1369372481289579,44,0,moneyness,OTM7,,0.07
natural,h02,2,2022-09-21,510300,510300_DTE30_OTM7_Q70_Hold,510300__510300_DTE30_OTM7_Q70_Hold,False,OTM7,0.7,2022-09-21,2026-05-27,888,0.270887868642806,0.07047678296451587,0.07937273394330294,0.15014430768746553,0.5286429779843675,0.46939363902637965,0.9153169516127319,0.30971959734163773,0.22755028603106475,2023-01-30,2024-02-02,2025-07-29,606,0.5227272727272727,-0.07680624636949918,0.13574886024009447,1.2707887884791411,0.0018136576627212054,0.1453134215813261,0.8291865784186812,0.9772727272727273,0.022727272727272728,0.0016812298359631227,0.04869634427173274,0.1369372481289579,44,0,moneyness,OTM7,,0.07
natural,h03,3,2022-09-22,510300,510300_DTE30_OTM7_Q70_Hold,510300__510300_DTE30_OTM7_Q70_Hold,False,OTM7,0.7,2022-09-22,2026-05-27,887,0.2795176271282207,0.07262167772734962,0.08138099443317248,0.1501842283302172,0.5418744387342473,0.4835506266854659,0.9381416068473215,0.3191456226841898,0.22755028603106464,2023-01-30,2024-02-02,2025-07-29,606,0.5227272727272727,-0.07680624636949918,0.13574886024009447,1.2794351451005128,0.001652181990243488,0.1401941272559023,0.8343058727441052,0.9772727272727273,0.022727272727272728,0.0016862288973282433,0.04880132412204929,0.1369372481289579,44,0,moneyness,OTM7,,0.07
natural,h04,4,2022-09-23,510300,510300_DTE30_OTM7_Q70_Hold,510300__510300_DTE30_OTM7_Q70_Hold,False,OTM7,0.7,2022-09-23,2026-05-27,886,0.28169335014821484,0.07322572631485169,0.08195655339380375,0.15026683894594692,0.5454067841493936,0.4873046297406443,0.9442695270674686,0.32180019455064574,0.22755028603106464,2023-01-30,2024-02-02,2025-07-29,606,0.5227272727272727,-0.07680624636949929,0.1357488602400947,1.281621054020253,0.001558417535097764,0.13710829958955112,0.8373917004104574,0.9772727272727273,0.022727272727272728,0.0016912279586933751,0.04890630397236583,0.1369372481289579,44,0,moneyness,OTM7,,0.07
natural,h05,5,2022-09-26,510300,510300_DTE30_OTM7_Q70_Hold,510300__510300_DTE30_OTM7_Q70_Hold,False,OTM7,0.7,2022-09-26,2026-05-27,885,0.28940337922050063,0.07514812435846596,0.0837540894021914,0.15031580255399862,0.5571875210665496,0.49993495748040306,0.9645547036754506,0.3302484284647612,0.22755028603106453,2023-01-30,2024-02-02,2025-07-29,606,0.5227272727272727,-0.07680624636949906,0.13574886024009447,1.2893425781796477,0.0014489476010860532,0.13353622712877006,0.8409637728712381,0.9772727272727273,0.022727272727272728,0.0016962270200584955,0.049011283822682376,0.1369372481289579,44,0,moneyness,OTM7,,0.07
natural,h06,6,2022-09-27,510300,510300_DTE30_OTM7_Q70_Hold,510300__510300_DTE30_OTM7_Q70_Hold,False,OTM7,0.7,2022-09-27,2026-05-27,884,0.2735310543017586,0.0714421995444785,0.0802917364705153,0.15025892155631373,0.5343558681167809,0.47546061694382347,0.9243561945306075,0.31396224891901675,0.22755028603106442,2023-01-30,2024-02-02,2025-07-29,606,0.5227272727272727,-0.07680624636949918,0.13574886024009447,1.2734608246593946,0.0015530596657131234,0.13662320220423196,0.8378767977957754,0.9772727272727273,0.022727272727272728,0.001701226081423616,0.049116263672998914,0.1369372481289579,44,0,moneyness,OTM7,,0.07
natural,h07,7,2022-09-28,510300,510300_DTE30_OTM7_Q70_Hold,510300__510300_DTE30_OTM7_Q70_Hold,False,OTM7,0.7,2022-09-28,2026-05-27,883,0.2906388863605074,0.07561908364059278,0.08417044205665608,0.15017150468744755,0.5604954297544019,0.503551481341144,0.9702810841894457,0.3323181216756171,0.22755028603106453,2023-01-30,2024-02-02,2025-07-29,606,0.5227272727272727,-0.07680624636949906,0.13574886024009447,1.2905962783693243,0.0012911306995169584,0.1280173865535299,0.8464826134464778,0.9772727272727273,0.022727272727272728,0.0017062251427887479,0.04922124352331546,0.1369372481289579,44,0,moneyness,OTM7,,0.07
natural,h08,8,2022-09-29,510300,510300_DTE30_OTM7_Q70_Hold,510300__510300_DTE30_OTM7_Q70_Hold,False,OTM7,0.7,2022-09-29,2026-05-27,882,0.29006496820857186,0.07557124067924881,0.08413884971294866,0.15025758495846675,0.5599640759313801,0.5029445981055647,0.9695517410709427,0.3321078694180682,0.22755028603106442,2023-01-30,2024-02-02,2025-07-29,606,0.5227272727272727,-0.07680624636949906,0.1357488602400947,1.2900283037273104,0.0012389985037350923,0.12620950225653582,0.8482904977434729,0.9772727272727273,0.022727272727272728,0.0017112242041538682,0.049326223373632,0.1369372481289579,44,0,moneyness,OTM7,,0.07
natural,h09,9,2022-09-30,510300,510300_DTE30_OTM7_Q70_Hold,510300__510300_DTE30_OTM7_Q70_Hold,False,OTM7,0.7,2022-09-30,2026-05-27,881,0.29956686613657757,0.07792312606988117,0.08632314006703284,0.15025354831300508,0.5745164825472625,0.5186108876946675,0.9948351076605204,0.3424435426077348,0.22755028603106475,2023-01-30,2024-02-02,2025-07-29,606,0.5227272727272727,-0.07680624636949906,0.1357488602400947,1.2995092927709673,0.0014168498800580204,0.13242882617994375,0.8420711738200644,0.9772727272727273,0.022727272727272728,0.001716223265519,0.049431203223949734,0.1369372481289579,44,0,moneyness,OTM7,,0.07
natural,h10,10,2022-10-10,510300,510300_DTE30_OTM7_Q70_Hold,510300__510300_DTE30_OTM7_Q70_Hold,False,OTM7,0.7,2022-10-10,2026-05-27,880,0.3254226617918683,0.08412088161337827,0.09203550141172825,0.15011067203925574,0.6131176428792476,0.5603924122821837,1.0656628221631856,0.3696804037499398,0.22755028603106464,2023-01-30,2024-02-02,2025-07-29,606,0.5348837209302325,-0.07680624636949918,0.13574886024009425,1.3253283762819328,0.001177546944375925,0.12296133662774361,0.8515386633722642,0.9767441860465116,0.023255813953488372,0.0016212410995816206,0.04953618307426628,0.1369372481289579,43,0,moneyness,OTM7,,0.07
natural,h11,11,2022-10-11,510300,510300_DTE30_OTM7_Q70_Hold,510300__510300_DTE30_OTM7_Q70_Hold,False,OTM7,0.7,2022-10-11,2026-05-27,879,0.32615887547413913,0.08439343448028103,0.09230009254847557,0.15019833153359113,0.6145214238137732,0.5618799730901594,1.0682494379587624,0.37087817357768466,0.22755028603106475,2023-01-30,2024-02-02,2025-07-29,606,0.5348837209302325,-0.07680624636949906,0.1357488602400947,1.3260725910801097,0.0011114811002115078,0.12054034443179117,0.8539596555682172,0.9767441860465116,0.023255813953488372,0.001626240160946741,0.04964116292458282,0.1369372481289579,43,0,moneyness,OTM7,,0.07
natural,h12,12,2022-10-12,510300,510300_DTE30_OTM7_Q70_Hold,510300__510300_DTE30_OTM7_Q70_Hold,False,OTM7,0.7,2022-10-12,2026-05-27,878,0.30661993205551497,0.079878034215215,0.08810600419233465,0.15006336764045877,0.5871253296369464,0.5322953594284058,1.0194126520114937,0.35103464648825006,0.22755028603106475,2023-01-30,2024-02-02,2025-07-29,606,0.5348837209302325,-0.07680624636949906,0.1357488602400947,1.3064896181094587,0.00151851844021815,0.1341799596270759,0.8403200403729318,0.9767441860465116,0.023255813953488372,0.0015876189555785144,0.04974614277489937,0.1369372481289579,43,0,moneyness,OTM7,,0.07
natural,h13,13,2022-10-13,510300,510300_DTE30_OTM7_Q70_Hold,510300__510300_DTE30_OTM7_Q70_Hold,False,OTM7,0.7,2022-10-13,2026-05-27,877,0.3169643949587091,0.0824254869846861,0.0904674539949068,0.1500930993821363,0.6027422604191623,0.549162402029098,1.046526649871464,0.3622297665379931,0.22755028603106464,2023-01-30,2024-02-02,2025-07-29,606,0.5348837209302325,-0.07680624636949906,0.1357488602400947,1.3168565609474705,0.0013143221804447357,0.1272113202619625,0.8472886797380443,0.9767441860465116,0.023255813953488372,0.0016114273213812997,0.049851122625215905,0.1369372481289579,43,0,moneyness,OTM7,,0.07
natural,h14,14,2022-10-14,510300,510300_DTE30_OTM7_Q70_Hold,510300__510300_DTE30_OTM7_Q70_Hold,False,OTM7,0.7,2022-10-14,2026-05-27,876,0.2864958608716912,0.07525041107604258,0.08378905991789821,0.1499199178514233,0.5588921146617528,0.5019373820002941,0.9680507771590623,0.3306979410510147,0.22755028603106475,2023-01-30,2024-02-02,2025-07-29,606,0.5348837209302325,-0.07680624636949918,0.1357488602400947,1.2864123128046006,0.001177445568002695,0.12049195067482193,0.8540080493251855,0.9767441860465116,0.023255813953488372,0.001590278330471925,0.04995610247553245,0.1369372481289579,43,0,moneyness,OTM7,,0.07
natural,h15,15,2022-10-17,510300,510300_DTE30_OTM7_Q70_Hold,510300__510300_DTE30_OTM7_Q70_Hold,False,OTM7,0.7,2022-10-17,2026-05-27,875,0.2865678952077695,0.07535703510797087,0.08390140542706451,0.15000787020613693,0.5593133567710106,0.5023538765293927,0.9689701707012672,0.33116651454212326,0.22755028603106464,2023-01-30,2024-02-02,2025-07-29,606,0.5348837209302325,-0.07680624636949929,0.1357488602400947,1.2864907951042903,0.0011214600159828248,0.11848187223022516,0.8560181277697819,0.9767441860465116,0.023255813953488372,0.0015916080179186288,0.05006108232584899,0.1369372481289579,43,0,moneyness,OTM7,,0.07
natural,h16,16,2022-10-18,510300,510300_DTE30_OTM7_Q70_Hold,510300__510300_DTE30_OTM7_Q70_Hold,False,OTM7,0.7,2022-10-18,2026-05-27,874,0.2881526850157905,0.0758287613398374,0.08435358453192887,0.15009785827008512,0.5619905940306195,0.5051954918863107,0.9736767259147379,0.3332395782156278,0.22755028603106453,2023-01-30,2024-02-02,2025-07-29,606,0.5348837209302325,-0.07680624636949918,0.1357488602400947,1.2880936515743848,0.0009611585910426263,0.11278023176986172,0.8617197682301452,0.9767441860465116,0.023255813953488372,0.0015929377053653325,0.05016606217616553,0.1369372481289579,43,0,moneyness,OTM7,,0.07
natural,h17,17,2022-10-19,510300,510300_DTE30_OTM7_Q70_Hold,510300__510300_DTE30_OTM7_Q70_Hold,False,OTM7,0.7,2022-10-19,2026-05-27,873,0.30837143760821717,0.0807722965472164,0.0889013493377849,0.14984196534761104,0.5933007427628637,0.5390499007393337,1.028705658695756,0.35496460125824475,0.22755028603106464,2023-01-30,2024-02-02,2025-07-29,606,0.5348837209302325,-0.07680624636949929,0.13574886024009447,1.3083002053785802,0.0010356797185666663,0.11627331615846846,0.8582266838415397,0.9767441860465116,0.023255813953488372,0.0015942673928120393,0.050271042026482075,0.1369372481289579,43,0,moneyness,OTM7,,0.07
natural,h18,18,2022-10-20,510300,510300_DTE30_OTM7_Q70_Hold,510300__510300_DTE30_OTM7_Q70_Hold,False,OTM7,0.7,2022-10-20,2026-05-27,872,0.31252526187480756,0.08186039049238292,0.08991899594030481,0.14991570073877716,0.5997970559266872,0.5460428099857384,1.0398857034842817,0.35974637483517646,0.22755028603106442,2023-01-30,2024-02-02,2025-07-29,606,0.5348837209302325,-0.07680624636949918,0.13574886024009492,1.312452353911026,0.0010473578760127693,0.11671905232676466,0.8577809476732423,0.9767441860465116,0.023255813953488372,0.0015955970802587433,0.05037602187679862,0.1369372481289579,43,0,moneyness,OTM7,,0.07
natural,h19,19,2022-10-21,510300,510300_DTE30_OTM7_Q70_Hold,510300__510300_DTE30_OTM7_Q70_Hold,False,OTM7,0.7,2022-10-21,2026-05-27,871,0.3198799411306843,0.08371084808690399,0.09163666577279304,0.14996986430914244,0.6110338646696148,0.5581844624086976,1.05924473032402,0.36787845687645526,0.22755028603106442,2023-01-30,2024-02-02,2025-07-29,606,0.5348837209302325,-0.07680624636949918,0.1357488602400947,1.319812397090509,0.0009965086466449504,0.11495123787763858,0.8595487621223685,0.9767441860465116,0.023255813953488372,0.00159692676770545,0.050481001727115164,0.1369372481289579,43,0,moneyness,OTM7,,0.07
natural,h20,20,2022-10-24,510300,510300_DTE30_OTM7_Q70_Hold,510300__510300_DTE30_OTM7_Q70_Hold,False,OTM7,0.7,2022-10-24,2026-05-27,870,0.3557420439035608,0.09226955251148383,0.09937400908312088,0.14908948154491508,0.6665393698695183,0.6188870707400406,1.159786896682041,0.40549082192270797,0.22755028603106497,2023-01-30,2024-02-02,2025-07-29,606,0.5348837209302325,-0.07680624636949895,0.1357488602400947,1.355646001804854,0.0011546494632280841,0.1228439686515124,0.851656031348496,0.9767441860465116,0.023255813953488372,0.0016135337599966998,0.0505859815774317,0.1369372481289579,43,0,moneyness,OTM7,,0.07
common,h00,0,2022-09-19,510050,510050_DTE30_ATM_Q70_Hold,510050__510050_DTE30_ATM_Q70_Hold,False,ATM,0.7,2022-10-24,2026-05-27,870,0.3074680824866456,0.08084564734047994,0.08329348044970855,0.1052934100756159,0.7910607168092646,0.7678129835705869,1.2971367828422684,0.6698246868614478,0.1206967269589494,2023-07-31,2024-01-17,2024-09-26,281,0.627906976744186,-0.05747146139811288,0.08960501573674717,1.3074680824866456,0.009501824536204828,0.09976131391487607,0.8747386860851236,0.6818181818181818,0.5681818181818182,0.019114050839487685,0.0649218951612901,0.1252379032258064,44,0,moneyness,ATM,,0.0
common,h01,1,2022-09-20,510050,510050_DTE30_ATM_Q70_Hold,510050__510050_DTE30_ATM_Q70_Hold,False,ATM,0.7,2022-10-24,2026-05-27,870,0.30746825456937965,0.08084568859301333,0.08329352733950102,0.10529349284558703,0.791060540290472,0.7678127717880304,1.2971370073098287,0.6698250286481254,0.12069672695894951,2023-07-31,2024-01-17,2024-09-26,281,0.627906976744186,-0.05747146139811288,0.08960501573674717,1.3074682545693797,0.009486999646425664,0.09763296679388371,0.8768670332061159,0.6818181818181818,0.5681818181818182,0.019114050839487685,0.0649218951612901,0.1252379032258064,44,0,moneyness,ATM,,0.0
common,h02,2,2022-09-21,510050,510050_DTE30_ATM_Q70_Hold,510050__510050_DTE30_ATM_Q70_Hold,False,ATM,0.7,2022-10-24,2026-05-27,870,0.3074686033958045,0.08084577221541589,0.08329362243387205,0.10529366105262457,0.7910601797029629,0.7678123393867946,1.2971374562285427,0.6698257214788641,0.12069672695894962,2023-07-31,2024-01-17,2024-09-26,281,0.627906976744186,-0.05747146139811299,0.08960501573674762,1.3074686033958045,0.009456953220921247,0.09339824696387365,0.881101753036126,0.6818181818181818,0.5681818181818182,0.019114050839487685,0.0649218951612901,0.1252379032258064,44,0,moneyness,ATM,,0.0
common,h03,3,2022-09-22,510050,510050_DTE30_ATM_Q70_Hold,510050__510050_DTE30_ATM_Q70_Hold,False,ATM,0.7,2022-10-24,2026-05-27,870,0.3075416073047217,0.08086327272641047,0.0833097878761324,0.105293365217355,0.791215929932125,0.767980703812496,1.297393418079917,0.6699707172168231,0.12069672695894951,2023-07-31,2024-01-17,2024-09-26,281,0.627906976744186,-0.05747146139811288,0.08960501573674717,1.3075416073047217,0.009566315390849726,0.09965324775219543,0.8748467522478044,0.6818181818181818,0.5681818181818182,0.019114050839487685,0.0649218951612901,0.1252379032258064,44,0,moneyness,ATM,,0.0
common,h04,4,2022-09-23,510050,510050_DTE30_ATM_Q70_Hold,510050__510050_DTE30_ATM_Q70_Hold,False,ATM,0.7,2022-10-24,2026-05-27,870,0.30754181372762734,0.08086332220916526,0.0833098399352494,0.1052934247388749,0.791215977083619,0.7679807396302695,1.297393876673971,0.6699711271927676,0.12069672695894973,2023-07-31,2024-01-17,2024-09-26,281,0.627906976744186,-0.05747146139811299,0.08960501573674762,1.3075418137276273,0.009555719622119289,0.09803569123469467,0.876464308765305,0.6818181818181818,0.5681818181818182,0.019114050839487685,0.0649218951612901,0.1252379032258064,44,0,moneyness,ATM,,0.0
common,h05,5,2022-09-26,510050,510050_DTE30_ATM_Q70_Hold,510050__510050_DTE30_ATM_Q70_Hold,False,ATM,0.7,2022-10-24,2026-05-27,870,0.307542258352155,0.08086342879250452,0.08330995209361583,0.10529355318918769,0.791216077055805,0.7679808150002498,1.2973948610338073,0.6699720102601231,0.1206967269589494,2023-07-31,2024-01-17,2024-09-26,281,0.627906976744186,-0.05747146139811321,0.0896050157367474,1.307542258352155,0.009532899648163333,0.09476362145457125,0.8797363785454285,0.6818181818181818,0.5681818181818182,0.019114050839487685,0.0649218951612901,0.1252379032258064,44,0,moneyness,ATM,,0.0
common,h06,6,2022-09-27,510050,510050_DTE30_ATM_Q70_Hold,510050__510050_DTE30_ATM_Q70_Hold,False,ATM,0.7,2022-10-24,2026-05-27,870,0.30746904637733663,0.08084587840912572,0.08329374328246354,0.10529387548289579,0.7910597164409053,0.7678117842880475,1.2971380145514364,0.6698266013180498,0.1206967269589494,2023-07-31,2024-01-17,2024-09-26,281,0.627906976744186,-0.05747146139811299,0.08960501573674762,1.3074690463773366,0.009418806119907483,0.08776012458446897,0.8867398754155307,0.6818181818181818,0.5681818181818182,0.019114050839487685,0.0649218951612901,0.1252379032258064,44,0,moneyness,ATM,,0.0
common,h07,7,2022-09-28,510050,510050_DTE30_ATM_Q70_Hold,510050__510050_DTE30_ATM_Q70_Hold,False,ATM,0.7,2022-10-24,2026-05-27,870,0.3075425983175639,0.08086351028742556,0.0833100378749257,0.10529365162868583,0.7912161520308506,0.7679808709891431,1.297395610528159,0.6699726854641904,0.12069672695894951,2023-07-31,2024-01-17,2024-09-26,281,0.627906976744186,-0.05747146139811299,0.0896050157367474,1.307542598317564,0.00951545377302634,0.0921327892217326,0.882367210778267,0.6818181818181818,0.5681818181818182,0.019114050839487685,0.0649218951612901,0.1252379032258064,44,0,moneyness,ATM,,0.0
common,h08,8,2022-09-29,510050,510050_DTE30_ATM_Q70_Hold,510050__510050_DTE30_ATM_Q70_Hold,False,ATM,0.7,2022-10-24,2026-05-27,870,0.30754278150400993,0.08086355420001912,0.08331008410568957,0.1052937047524455,0.7912161919039578,0.7679809005689014,1.297396013249451,0.6699730492900772,0.12069672695894929,2023-07-31,2024-01-17,2024-09-26,281,0.627906976744186,-0.05747146139811299,0.08960501573674762,1.30754278150401,0.00950605418337166,0.09069709892434791,0.883802901075652,0.6818181818181818,0.5681818181818182,0.019114050839487685,0.0649218951612901,0.1252379032258064,44,0,moneyness,ATM,,0.0
common,h09,9,2022-09-30,510050,510050_DTE30_ATM_Q70_Hold,510050__510050_DTE30_ATM_Q70_Hold,False,ATM,0.7,2022-10-24,2026-05-27,870,0.3075429701580894,0.08086359942328358,0.08331013172253811,0.10529375952093245,0.7912162325819131,0.76798093060024,1.2973964271600544,0.669973423975171,0.12069672695894929,2023-07-31,2024-01-17,2024-09-26,281,0.627906976744186,-0.05747146139811288,0.08960501573674717,1.3075429701580894,0.009496374713486803,0.08922425912766359,0.8852757408723364,0.6818181818181818,0.5681818181818182,0.019114050839487685,0.0649218951612901,0.1252379032258064,44,0,moneyness,ATM,,0.0
common,h10,10,2022-10-10,510050,510050_DTE30_ATM_Q70_Hold,510050__510050_DTE30_ATM_Q70_Hold,False,ATM,0.7,2022-10-24,2026-05-27,870,0.33901035899157694,0.08834323659618337,0.09049722245156513,0.1080511144872495,0.8375408516701992,0.8176059730194478,1.3945335804580588,0.731943929401085,0.12069672695894951,2023-07-31,2024-01-17,2024-09-26,281,0.627906976744186,-0.057471461398112766,0.12188285118703557,1.339010358991577,0.017806421490801246,0.13624822862020444,0.8382517713797951,0.6976744186046512,0.5581395348837209,0.018764801953220184,0.0649218951612901,0.1252379032258064,43,0,moneyness,ATM,,0.0
common,h11,11,2022-10-11,510050,510050_DTE30_ATM_Q70_Hold,510050__510050_DTE30_ATM_Q70_Hold,False,ATM,0.7,2022-10-24,2026-05-27,870,0.3391485989010643,0.08837581878336498,0.09052956647941643,0.1080738210126308,0.8376641598415964,0.8177356732213282,1.394892803573645,0.7322138802771585,0.12069672695894929,2023-07-31,2024-01-17,2024-09-26,281,0.627906976744186,-0.057471461398112766,0.1220819040114034,1.3391485989010643,0.01782326410316908,0.1337044141001683,0.840795585899831,0.6976744186046512,0.5581395348837209,0.018764801953220184,0.0649218951612901,0.1252379032258064,43,0,moneyness,ATM,,0.0
common,h12,12,2022-10-12,510050,510050_DTE30_ATM_Q70_Hold,510050__510050_DTE30_ATM_Q70_Hold,False,ATM,0.7,2022-10-24,2026-05-27,870,0.338941427572073,0.08832698904666314,0.09048109505066677,0.10803980645950165,0.8374792404370264,0.8175411632172093,1.3943543313491435,0.7318093147356365,0.12069672695894962,2023-07-31,2024-01-17,2024-09-26,281,0.627906976744186,-0.05747146139811288,0.12178360728109716,1.338941427572073,0.01779802429204588,0.1374645778454165,0.837035422154583,0.6976744186046512,0.5581395348837209,0.018764801953220184,0.0649218951612901,0.1252379032258064,43,0,moneyness,ATM,,0.0
common,h13,13,2022-10-13,510050,510050_DTE30_ATM_Q70_Hold,510050__510050_DTE30_ATM_Q70_Hold,False,ATM,0.7,2022-10-24,2026-05-27,870,0.3334752105656864,0.08703667361619316,0.08920246674273437,0.10716961701690236,0.8323484698901715,0.8121394480906476,1.3794987816340791,0.721118756151487,0.12069672695894929,2023-07-31,2024-01-17,2024-09-26,281,0.627906976744186,-0.05747146139811299,0.11491747972719901,1.3334752105656864,0.017196807765063382,0.13072538385865634,0.8437746161413431,0.6976744186046512,0.5813953488372093,0.018764801953220184,0.0649218951612901,0.1252379032258064,43,0,moneyness,ATM,,0.0
common,h14,14,2022-10-14,510050,510050_DTE30_ATM_Q70_Hold,510050__510050_DTE30_ATM_Q70_Hold,False,ATM,0.7,2022-10-24,2026-05-27,870,0.33868352914037514,0.0882661955694497,0.09042075932008577,0.10799758311811876,0.8372479893479753,0.8172978785359621,1.393682940538104,0.7313056268665028,0.12069672695894951,2023-07-31,2024-01-17,2024-09-26,281,0.627906976744186,-0.05747146139811288,0.12141236351066698,1.3386835291403751,0.017766613914912053,0.14192656917328647,0.832573430826713,0.6976744186046512,0.5581395348837209,0.018764801953220184,0.0649218951612901,0.1252379032258064,43,0,moneyness,ATM,,0.0
common,h15,15,2022-10-17,510050,510050_DTE30_ATM_Q70_Hold,510050__510050_DTE30_ATM_Q70_Hold,False,ATM,0.7,2022-10-24,2026-05-27,870,0.3388184984322624,0.08829801243618429,0.09045233500940121,0.10801966381211059,0.8373691586999753,0.8174253586807108,1.3940344561781715,0.7315692368875565,0.12069672695894929,2023-07-31,2024-01-17,2024-09-26,281,0.627906976744186,-0.057471461398112766,0.12160663845781161,1.3388184984322624,0.017783050989552393,0.1394413832754573,0.8350586167245423,0.6976744186046512,0.5581395348837209,0.018764801953220184,0.0649218951612901,0.1252379032258064,43,0,moneyness,ATM,,0.0
common,h16,16,2022-10-18,510050,510050_DTE30_ATM_Q70_Hold,510050__510050_DTE30_ATM_Q70_Hold,False,ATM,0.7,2022-10-24,2026-05-27,870,0.33904173294699236,0.0883506314292204,0.09050456290640133,0.10805626445092183,0.8375688662410469,0.8176354409266892,1.394615137131967,0.7320051972848408,0.12069672695894951,2023-07-31,2024-01-17,2024-09-26,281,0.627906976744186,-0.0574714613981131,0.12192802422253513,1.3390417329469924,0.017810243704416997,0.135428202793136,0.8390717972068635,0.6976744186046512,0.5581395348837209,0.018764801953220184,0.0649218951612901,0.1252379032258064,43,0,moneyness,ATM,,0.0
common,h17,17,2022-10-19,510050,510050_DTE30_ATM_Q70_Hold,510050__510050_DTE30_ATM_Q70_Hold,False,ATM,0.7,2022-10-24,2026-05-27,870,0.333840938442024,0.08712312178478254,0.08928790565440209,0.10722581755824297,0.8327090218351811,0.812520004685056,1.3804831694094286,0.7218349990088323,0.1206967269589494,2023-07-31,2024-01-17,2024-09-26,281,0.627906976744186,-0.057471461398112766,0.1154468075232098,1.333840938442024,0.017241368744065757,0.12319928724747974,0.8513007127525197,0.6976744186046512,0.5813953488372093,0.018764801953220184,0.0649218951612901,0.1252379032258064,43,0,moneyness,ATM,,0.0
common,h18,18,2022-10-20,510050,510050_DTE30_ATM_Q70_Hold,510050__510050_DTE30_ATM_Q70_Hold,False,ATM,0.7,2022-10-24,2026-05-27,870,0.3339721993476763,0.08715414420519596,0.08931857225487436,0.10724605520732214,0.8328378333562819,0.8126559437241248,1.380835888654743,0.7220920268603349,0.12069672695894906,2023-07-31,2024-01-17,2024-09-26,281,0.627906976744186,-0.05747146139811288,0.1156368367150602,1.3339721993476763,0.01725736700110767,0.12052458247828461,0.8539754175217147,0.6976744186046512,0.5813953488372093,0.018764801953220184,0.0649218951612901,0.1252379032258064,43,0,moneyness,ATM,,0.0
common,h19,19,2022-10-21,510050,510050_DTE30_ATM_Q70_Hold,510050__510050_DTE30_ATM_Q70_Hold,False,ATM,0.7,2022-10-24,2026-05-27,870,0.33410591906609755,0.08718574551695002,0.08934981456145705,0.10726670837387513,0.8329687366748568,0.8127940797163882,1.3811948996462593,0.7223538509590488,0.12069672695894951,2023-07-31,2024-01-17,2024-09-26,281,0.627906976744186,-0.05747146139811288,0.11583045370114342,1.3341059190660975,0.017273667755638492,0.11777906812505202,0.8567209318749472,0.6976744186046512,0.5813953488372093,0.018764801953220184,0.0649218951612901,0.1252379032258064,43,0,moneyness,ATM,,0.0
common,h20,20,2022-10-24,510050,510050_DTE30_ATM_Q70_Hold,510050__510050_DTE30_ATM_Q70_Hold,False,ATM,0.7,2022-10-24,2026-05-27,870,0.312266681470019,0.08199449585039709,0.08435371070462823,0.10526952042327958,0.8013118171855377,0.7789006306925723,1.3137927684742023,0.6793431596391558,0.12069672695894929,2023-07-31,2024-01-17,2024-09-26,281,0.627906976744186,-0.057471461398112766,0.08935151828212762,1.312266681470019,0.010328513471513073,0.0740732794957113,0.9004267205042883,0.6744186046511628,0.5813953488372093,0.0190897702046071,0.0649218951612901,0.1252379032258064,43,0,moneyness,ATM,,0.0
common,h00,0,2022-09-19,510050,510050_DTE30_D40_Q70_Hold,510050__510050_DTE30_D40_Q70_Hold,False,D40,0.7,2022-10-24,2026-05-27,870,0.29478926976694253,0.07779569716010859,0.08167775645925555,0.11626243252538772,0.702529223628793,0.6691387361357736,1.1665165296930335,0.5290377139329588,0.14705132566402834,2023-01-20,2024-01-17,2024-09-30,408,0.6046511627906976,-0.06398107780116846,0.10540253065461402,1.2947892697669425,0.0078034158701290515,0.11816483720502514,0.8563351627949751,0.7045454545454546,0.45454545454545453,0.015121319098627843,0.0649218951612901,0.1252379032258064,44,0,target_delta,D40,0.4,
common,h01,1,2022-09-20,510050,510050_DTE30_D40_Q70_Hold,510050__510050_DTE30_D40_Q70_Hold,False,D40,0.7,2022-10-24,2026-05-27,870,0.2947894457104734,0.07779573963100228,0.0816778051651252,0.11626251246870985,0.7025291594924672,0.6691386413306674,1.1665169283497074,0.5290380027497622,0.14705132566402812,2023-01-20,2024-01-17,2024-09-30,408,0.6046511627906976,-0.06398107780116857,0.10540253065461402,1.2947894457104734,0.007788095067336101,0.11499453095312391,0.8595054690468764,0.7045454545454546,0.45454545454545453,0.015121319098627843,0.0649218951612901,0.1252379032258064,44,0,target_delta,D40,0.4,
common,h02,2,2022-09-21,510050,510050_DTE30_D40_Q70_Hold,510050__510050_DTE30_D40_Q70_Hold,False,D40,0.7,2022-10-24,2026-05-27,870,0.2947896832145849,0.07779579696195782,0.08167787093727072,0.11626262059556568,0.7025290718450051,0.6691385121326346,1.1665174640123857,0.5290383926201367,0.14705132566402834,2023-01-20,2024-01-17,2024-09-30,408,0.6046511627906976,-0.06398107780116824,0.10540253065461402,1.2947896832145849,0.007767416398279899,0.11080799689195749,0.8636920031080428,0.7045454545454546,0.45454545454545453,0.015121319098627843,0.0649218951612901,0.1252379032258064,44,0,target_delta,D40,0.4,
common,h03,3,2022-09-22,510050,510050_DTE30_D40_Q70_Hold,510050__510050_DTE30_D40_Q70_Hold,False,D40,0.7,2022-10-24,2026-05-27,870,0.29478933643787464,0.07779571325376167,0.08167777491372041,0.11626246280285554,0.7025291994047997,0.6691387003015639,1.166516680941414,0.5290378233753801,0.14705132566402823,2023-01-20,2024-01-17,2024-09-30,408,0.6046511627906976,-0.06398107780116857,0.1054025306546138,1.2947893364378746,0.007812901424037866,0.11745840436082407,0.8570415956391764,0.7045454545454546,0.45454545454545453,0.015121319098627843,0.0649218951612901,0.1252379032258064,44,0,target_delta,D40,0.4,
common,h04,4,2022-09-23,510050,510050_DTE30_D40_Q70_Hold,510050__510050_DTE30_D40_Q70_Hold,False,D40,0.7,2022-10-24,2026-05-27,870,0.29478940926214614,0.07779573083276481,0.08167779507397707,0.1162624958967198,0.7025291728343286,0.66913866103368,1.1665168458926618,0.5290379429186977,0.1470513256640279,2023-01-20,2024-01-17,2024-09-30,408,0.6046511627906976,-0.06398107780116857,0.10540253065461358,1.2947894092621461,0.007806569530012963,0.11608271405494738,0.8584172859450531,0.7045454545454546,0.45454545454545453,0.015121319098627843,0.0649218951612901,0.1252379032258064,44,0,target_delta,D40,0.4,
common,h05,5,2022-09-26,510050,510050_DTE30_D40_Q70_Hold,510050__510050_DTE30_D40_Q70_Hold,False,D40,0.7,2022-10-24,2026-05-27,870,0.2947896618582484,0.07779579180676666,0.08167786502188827,0.11626261086283357,0.7025290797765731,0.6691385238075377,1.1665174159622096,0.5290383575630503,0.14705132566402812,2023-01-20,2024-01-17,2024-09-30,408,0.6046511627906976,-0.06398107780116846,0.10540253065461402,1.2947896618582484,0.007784609166466091,0.11151881160352049,0.8629811883964797,0.7045454545454546,0.45454545454545453,0.015121319098627843,0.0649218951612901,0.1252379032258064,44,0,target_delta,D40,0.4,
common,h06,6,2022-09-27,510050,510050_DTE30_D40_Q70_Hold,510050__510050_DTE30_D40_Q70_Hold,False,D40,0.7,2022-10-24,2026-05-27,870,0.29478943052073503,0.07779573596436151,0.08167780095958638,0.11626250556168137,0.7025291650561704,0.66913864954586,1.1665168939941168,0.5290379778153332,0.14705132566402823,2023-01-20,2024-01-17,2024-09-30,408,0.6046511627906976,-0.06398107780116868,0.10540253065461402,1.294789430520735,0.007804721201998305,0.11559720130525537,0.8589027986947448,0.7045454545454546,0.45454545454545453,0.015121319098627843,0.0649218951612901,0.1252379032258064,44,0,target_delta,D40,0.4,
common,h07,7,2022-09-28,510050,510050_DTE30_D40_Q70_Hold,510050__510050_DTE30_D40_Q70_Hold,False,D40,0.7,2022-10-24,2026-05-27,870,0.29478980540967736,0.07779582645854499,0.08167790478786613,0.11626267632151112,0.7025290262714686,0.6691384451138003,1.1665177384993468,0.529038593207157,0.14705132566402823,2023-01-20,2024-01-17,2024-09-30,408,0.6046511627906976,-0.06398107780116846,0.10540253065461402,1.2947898054096774,0.007772130559971433,0.10882996347420662,0.8656700365257937,0.7045454545454546,0.45454545454545453,0.015121319098627843,0.0649218951612901,0.1252379032258064,44,0,target_delta,D40,0.4,
common,h08,8,2022-09-29,510050,510050_DTE30_D40_Q70_Hold,510050__510050_DTE30_D40_Q70_Hold,False,D40,0.7,2022-10-24,2026-05-27,870,0.2947899156170162,0.07779585306141512,0.08167793532403639,0.1162627266359281,0.7025289848896067,0.6691383843510706,1.1665179854115364,0.529038774115898,0.14705132566402812,2023-01-20,2024-01-17,2024-09-30,408,0.6046511627906976,-0.06398107780116846,0.10540253065461402,1.2947899156170162,0.00776255124849187,0.10673909992481652,0.8677609000751837,0.7045454545454546,0.45454545454545453,0.015121319098627843,0.0649218951612901,0.1252379032258064,44,0,target_delta,D40,0.4,
common,h09,9,2022-09-30,510050,510050_DTE30_D40_Q70_Hold,510050__510050_DTE30_D40_Q70_Hold,False,D40,0.7,2022-10-24,2026-05-27,870,0.2947899984170168,0.07779587304844648,0.08167795827021358,0.11626276447226229,0.7025289536247018,0.6691383385005166,1.1665181705158991,0.5290389100346408,0.14705132566402823,2023-01-20,2024-01-17,2024-09-30,408,0.6046511627906976,-0.06398107780116824,0.1054025306546138,1.2947899984170168,0.0077553546435774,0.1051706181203372,0.8693293818796632,0.7045454545454546,0.45454545454545453,0.015121319098627843,0.0649218951612901,0.1252379032258064,44,0,target_delta,D40,0.4,
common,h10,10,2022-10-10,510050,510050_DTE30_D40_Q70_Hold,510050__510050_DTE30_D40_Q70_Hold,False,D40,0.7,2022-10-24,2026-05-27,870,0.31300397007785485,0.08217074808538816,0.08597833760062489,0.11841774511781744,0.726059574222448,0.6939056980322836,1.2185147664628748,0.5587895771380241,0.14705132566402812,2023-01-20,2024-01-17,2024-09-30,408,0.6046511627906976,-0.06398107780116835,0.12491186200002402,1.3130039700778549,0.0127104618473248,0.14918813649467846,0.8253118635053216,0.7209302325581395,0.4418604651162791,0.013917684441787908,0.0649218951612901,0.1252379032258064,43,0,target_delta,D40,0.4,
common,h11,11,2022-10-11,510050,510050_DTE30_D40_Q70_Hold,510050__510050_DTE30_D40_Q70_Hold,False,D40,0.7,2022-10-24,2026-05-27,870,0.3130804153378455,0.08218901865558825,0.08599675499245737,0.11843096590864513,0.7261340337187934,0.6939825072353707,1.218710402705028,0.5589138233501377,0.14705132566402823,2023-01-20,2024-01-17,2024-09-30,408,0.6046511627906976,-0.06398107780116857,0.12502774500432,1.3130804153378455,0.012719342376538115,0.14706650502609597,0.8274334949739041,0.7209302325581395,0.4418604651162791,0.013917684441787908,0.0649218951612901,0.1252379032258064,43,0,target_delta,D40,0.4,
common,h12,12,2022-10-12,510050,510050_DTE30_D40_Q70_Hold,510050__510050_DTE30_D40_Q70_Hold,False,D40,0.7,2022-10-24,2026-05-27,870,0.31290362915628656,0.08214676525789266,0.08595416418195323,0.11840041132615378,0.7259617024908644,0.6938047286981599,1.2182578368925887,0.5586264855957535,0.14705132566402812,2023-01-20,2024-01-17,2024-09-30,408,0.6046511627906976,-0.06398107780116835,0.12475977143051153,1.3129036291562866,0.012698807353404574,0.15197114728916775,0.8225288527108324,0.7209302325581395,0.4418604651162791,0.013917684441787908,0.0649218951612901,0.1252379032258064,43,0,target_delta,D40,0.4,
common,h13,13,2022-10-13,510050,510050_DTE30_D40_Q70_Hold,510050__510050_DTE30_D40_Q70_Hold,False,D40,0.7,2022-10-24,2026-05-27,870,0.31513278611909934,0.08267925731074954,0.08638292032383926,0.11785449316163019,0.7329624692829522,0.7015367432564495,1.2271942735871186,0.5622476161802759,0.14705132566402868,2023-01-20,2024-01-17,2024-09-30,408,0.6046511627906976,-0.06398107780116857,0.12490067478842692,1.3151327861190993,0.01367433691452326,0.1578032115007843,0.8166967884992159,0.7209302325581395,0.4418604651162791,0.013917684441787908,0.0649218951612901,0.1252379032258064,43,0,target_delta,D40,0.4,
common,h14,14,2022-10-14,510050,510050_DTE30_D40_Q70_Hold,510050__510050_DTE30_D40_Q70_Hold,False,D40,0.7,2022-10-24,2026-05-27,870,0.3115223466121333,0.08181648784158546,0.08568927399230158,0.11874764546955902,0.7216081940274602,0.6889946113715504,1.2127415405932183,0.5563804846514184,0.147051325664028,2023-01-20,2024-01-17,2024-09-30,408,0.6046511627906976,-0.06398107780116868,0.12463348041544964,1.3115223466121333,0.01205496451106418,0.14526681853645437,0.8292331814635456,0.7209302325581395,0.4418604651162791,0.013917684441787908,0.0649218951612901,0.1252379032258064,43,0,target_delta,D40,0.4,
common,h15,15,2022-10-17,510050,510050_DTE30_D40_Q70_Hold,510050__510050_DTE30_D40_Q70_Hold,False,D40,0.7,2022-10-24,2026-05-27,870,0.3128695764666307,0.08213862591208199,0.08594596070336483,0.11839453382266125,0.7259284523397007,0.6937704238534725,1.2181706065281053,0.5585711352221753,0.14705132566402812,2023-01-20,2024-01-17,2024-09-30,408,0.6046511627906976,-0.06398107780116835,0.12470816053129208,1.3128695764666307,0.012694852673910335,0.15261570192301957,0.8218842980769805,0.7209302325581395,0.4418604651162791,0.013917684441787908,0.0649218951612901,0.1252379032258064,43,0,target_delta,D40,0.4,
common,h16,16,2022-10-18,510050,510050_DTE30_D40_Q70_Hold,510050__510050_DTE30_D40_Q70_Hold,False,D40,0.7,2022-10-24,2026-05-27,870,0.3130502203323866,0.08218180207906722,0.08598948025578607,0.11842574230246668,0.7261046338739732,0.69395218033905,1.2186331396692822,0.55886474812767,0.14705132566402845,2023-01-20,2024-01-17,2024-09-30,408,0.6046511627906976,-0.06398107780116846,0.12498197129947686,1.3130502203323866,0.012715834514684703,0.14765349572744632,0.8268465042725537,0.7209302325581395,0.4418604651162791,0.013917684441787908,0.0649218951612901,0.1252379032258064,43,0,target_delta,D40,0.4,
common,h17,17,2022-10-19,510050,510050_DTE30_D40_Q70_Hold,510050__510050_DTE30_D40_Q70_Hold,False,D40,0.7,2022-10-24,2026-05-27,870,0.31549366796545497,0.08276540303155056,0.08646891056686945,0.11791008243178293,0.7333461972337793,0.7019366056285696,1.2281458600589463,0.5628334369500816,0.1470513256640279,2023-01-20,2024-01-17,2024-09-30,408,0.6046511627906976,-0.06398107780116846,0.12543129192747537,1.315493667965455,0.013719129391515967,0.14784710480347935,0.8266528951965206,0.7209302325581395,0.4418604651162791,0.013917684441787908,0.0649218951612901,0.1252379032258064,43,0,target_delta,D40,0.4,
common,h18,18,2022-10-20,510050,510050_DTE30_D40_Q70_Hold,510050__510050_DTE30_D40_Q70_Hold,False,D40,0.7,2022-10-24,2026-05-27,870,0.31558756808217425,0.08278781507729116,0.08649128646690805,0.11792458787588019,0.7334457387117876,0.7020403171934616,1.2283931589023767,0.5629858466317966,0.14705132566402856,2023-01-20,2024-01-17,2024-09-30,408,0.6046511627906976,-0.06398107780116857,0.12556939085650876,1.3155875680821743,0.013730787755728849,0.1453206717841934,0.8291793282158069,0.7209302325581395,0.4418604651162791,0.013917684441787908,0.0649218951612901,0.1252379032258064,43,0,target_delta,D40,0.4,
common,h19,19,2022-10-21,510050,510050_DTE30_D40_Q70_Hold,510050__510050_DTE30_D40_Q70_Hold,False,D40,0.7,2022-10-24,2026-05-27,870,0.3156712324376596,0.08280778309846548,0.08651122378177278,0.11793752649435461,0.7335343240890665,0.7021326083384434,1.2286133959205443,0.5631216360990746,0.14705132566402834,2023-01-20,2024-01-17,2024-09-30,408,0.6046511627906976,-0.06398107780116868,0.12569244799094648,1.3156712324376596,0.01374117650535069,0.14308309135985606,0.831416908640144,0.7209302325581395,0.4418604651162791,0.013917684441787908,0.0649218951612901,0.1252379032258064,43,0,target_delta,D40,0.4,
common,h20,20,2022-10-24,510050,510050_DTE30_D40_Q70_Hold,510050__510050_DTE30_D40_Q70_Hold,False,D40,0.7,2022-10-24,2026-05-27,870,0.29820854060387214,0.0786203001250152,0.08244102324152616,0.11624680961696217,0.7091895555084273,0.676322218081272,1.1775370776641667,0.5346452999998172,0.14705132566402823,2023-01-20,2024-01-17,2024-09-30,408,0.6046511627906976,-0.06398107780116824,0.10517838152977554,1.2982085406038721,0.00841802449974994,0.09402802031520785,0.8804719796847923,0.6976744186046512,0.46511627906976744,0.014703438406932995,0.0649218951612901,0.1252379032258064,43,0,target_delta,D40,0.4,
common,h00,0,2022-09-19,510050,510050_DTE30_OTM1_Q70_Hold,510050__510050_DTE30_OTM1_Q70_Hold,False,OTM1,0.7,2022-10-24,2026-05-27,870,0.2693109383426606,0.07160204753246857,0.07558868217971834,0.11340781089809877,0.6665209528436948,0.6313678658060486,1.0938944040198428,0.48377489253108813,0.14800695248537998,2023-01-20,2024-01-17,2024-10-08,409,0.6046511627906976,-0.06398107780116857,0.09225388493709685,1.2693109383426606,0.0017213405265459883,0.06022495879256355,0.9142750412074372,0.7045454545454546,0.45454545454545453,0.01653087378640774,0.0649218951612901,0.1252379032258064,44,0,moneyness,OTM1,,0.01
common,h01,1,2022-09-20,510050,510050_DTE30_OTM1_Q70_Hold,510050__510050_DTE30_OTM1_Q70_Hold,False,OTM1,0.7,2022-10-24,2026-05-27,870,0.2693111108240476,0.07160208975929971,0.07558873066138881,0.11340789087378848,0.6665209103087143,0.6313677929076875,1.0938948033623832,0.4837751778341112,0.14800695248538032,2023-01-20,2024-01-17,2024-10-08,409,0.6046511627906976,-0.06398107780116857,0.09225388493709707,1.2693111108240476,0.0017060194998110233,0.05710105744883547,0.9173989425511654,0.7045454545454546,0.45454545454545453,0.01653087378640774,0.0649218951612901,0.1252379032258064,44,0,moneyness,OTM1,,0.01
common,h02,2,2022-09-21,510050,510050_DTE30_OTM1_Q70_Hold,510050__510050_DTE30_OTM1_Q70_Hold,False,OTM1,0.7,2022-10-24,2026-05-27,870,0.2693106658799096,0.07160198082822755,0.07558860562661514,0.11340768484284246,0.6665210186713886,0.631367979405027,1.09389377014867,0.48377444184792723,0.14800695248538032,2023-01-20,2024-01-17,2024-10-08,409,0.6046511627906976,-0.06398107780116846,0.09225388493709707,1.2693106658799096,0.0017607927548213612,0.06555611733605919,0.9089438826639414,0.7045454545454546,0.45454545454545453,0.01653087378640774,0.0649218951612901,0.1252379032258064,44,0,moneyness,OTM1,,0.01
common,h03,3,2022-09-22,510050,510050_DTE30_OTM1_Q70_Hold,510050__510050_DTE30_OTM1_Q70_Hold,False,OTM1,0.7,2022-10-24,2026-05-27,870,0.26931100370167127,0.07160206353363852,0.07558870054922735,0.11340784118743963,0.6665209368044924,0.6313678382722687,1.0938945555199793,0.4837750006420226,0.14800695248537998,2023-01-20,2024-01-17,2024-10-08,409,0.6046511627906976,-0.06398107780116846,0.09225388493709685,1.2693110037016713,0.0017308259955970651,0.05952871241266168,0.9149712875873393,0.7045454545454546,0.45454545454545453,0.01653087378640774,0.0649218951612901,0.1252379032258064,44,0,moneyness,OTM1,,0.01
common,h04,4,2022-09-23,510050,510050_DTE30_OTM1_Q70_Hold,510050__510050_DTE30_OTM1_Q70_Hold,False,OTM1,0.7,2022-10-24,2026-05-27,870,0.26931107509293595,0.07160208101162224,0.0755887206166876,0.1134078742948195,0.6665209191751911,0.6313678080719748,1.0938947207575938,0.4837751187309581,0.14800695248538054,2023-01-20,2024-01-17,2024-10-08,409,0.6046511627906976,-0.06398107780116846,0.09225388493709685,1.269311075092936,0.001724494008879243,0.05817311218404856,0.9163268878159523,0.7045454545454546,0.45454545454545453,0.01653087378640774,0.0649218951612901,0.1252379032258064,44,0,moneyness,OTM1,,0.01
common,h05,5,2022-09-26,510050,510050_DTE30_OTM1_Q70_Hold,510050__510050_DTE30_OTM1_Q70_Hold,False,OTM1,0.7,2022-10-24,2026-05-27,870,0.26931132271855485,0.07160214163523126,0.07558879024272136,0.11340798931223653,0.6665208571382851,0.6313677023061859,1.0938952919123404,0.48377552833069687,0.14800695248538043,2023-01-20,2024-01-17,2024-10-08,409,0.6046511627906976,-0.06398107780116868,0.09225388493709685,1.2693113227185548,0.001702533323826346,0.05367825411982302,0.9208217458801776,0.7045454545454546,0.45454545454545453,0.01653087378640774,0.0649218951612901,0.1252379032258064,44,0,moneyness,OTM1,,0.01
common,h06,6,2022-09-27,510050,510050_DTE30_OTM1_Q70_Hold,510050__510050_DTE30_OTM1_Q70_Hold,False,OTM1,0.7,2022-10-24,2026-05-27,870,0.269311095933207,0.07160208611372965,0.07558872647520723,0.1134078839638344,0.6665209140072867,0.631367799231343,1.0938947689448675,0.4837751532030385,0.1480069524853802,2023-01-20,2024-01-17,2024-10-08,409,0.6046511627906976,-0.06398107780116835,0.09225388493709707,1.269311095933207,0.001722645653807251,0.057694769545643516,0.9168052304543571,0.7045454545454546,0.45454545454545453,0.01653087378640774,0.0649218951612901,0.1252379032258064,44,0,moneyness,OTM1,,0.01
common,h07,7,2022-09-28,510050,510050_DTE30_OTM1_Q70_Hold,510050__510050_DTE30_OTM1_Q70_Hold,False,OTM1,0.7,2022-10-24,2026-05-27,870,0.26931146344523826,0.07160217608788022,0.07558882982577032,0.11340805480312958,0.6665208212678417,0.63136764149758,1.0938956151297936,0.48377576110793014,0.14800695248538054,2023-01-20,2024-01-17,2024-10-08,409,0.6046511627906976,-0.06398107780116868,0.09225388493709685,1.2693114634452383,0.0016900545346151495,0.051031805398113736,0.923468194601887,0.7045454545454546,0.45454545454545453,0.01653087378640774,0.0649218951612901,0.1252379032258064,44,0,moneyness,OTM1,,0.01
common,h08,8,2022-09-29,510050,510050_DTE30_OTM1_Q70_Hold,510050__510050_DTE30_OTM1_Q70_Hold,False,OTM1,0.7,2022-10-24,2026-05-27,870,0.26931157148396223,0.07160220253787442,0.0755888602215026,0.11340810514378444,0.6665207934271303,0.6313675944686103,1.0938958625955764,0.48377593981571354,0.1480069524853801,2023-01-20,2024-01-17,2024-10-08,409,0.6046511627906976,-0.06398107780116868,0.09225388493709685,1.2693115714839622,0.001680475082858658,0.04897479334108963,0.925525206658911,0.7045454545454546,0.45454545454545453,0.01653087378640774,0.0649218951612901,0.1252379032258064,44,0,moneyness,OTM1,,0.01
common,h09,9,2022-09-30,510050,510050_DTE30_OTM1_Q70_Hold,510050__510050_DTE30_OTM1_Q70_Hold,False,OTM1,0.7,2022-10-24,2026-05-27,870,0.2693116526546584,0.07160222241004854,0.07558888306216711,0.11340814300069117,0.666520772337366,0.6313675589380928,1.0938960481337514,0.4837760740808527,0.1480069524853802,2023-01-20,2024-01-17,2024-10-08,409,0.6046511627906976,-0.06398107780116846,0.09225388493709685,1.2693116526546584,0.0016732783725506809,0.047432211526925463,0.9270677884730755,0.7045454545454546,0.45454545454545453,0.01653087378640774,0.0649218951612901,0.1252379032258064,44,0,moneyness,OTM1,,0.01
common,h10,10,2022-10-10,510050,510050_DTE30_OTM1_Q70_Hold,510050__510050_DTE30_OTM1_Q70_Hold,False,OTM1,0.7,2022-10-24,2026-05-27,870,0.29993188821313277,0.07903532413043757,0.08279233238188179,0.1159753700905441,0.7138785788503568,0.6814836983812446,1.1876503490200365,0.5339973751452268,0.14800695248538065,2023-01-20,2024-01-17,2024-10-08,409,0.6046511627906976,-0.06398107780116868,0.12461018897273779,1.2999318882131328,0.010110387616600632,0.12295041835607314,0.8515495816439275,0.7209302325581395,0.4418604651162791,0.015053451361126912,0.0649218951612901,0.1252379032258064,43,0,moneyness,OTM1,,0.01
common,h11,11,2022-10-11,510050,510050_DTE30_OTM1_Q70_Hold,510050__510050_DTE30_OTM1_Q70_Hold,False,OTM1,0.7,2022-10-24,2026-05-27,870,0.3000660936472861,0.079067627662746,0.08282467660864949,0.11599653569970916,0.7140271570098033,0.6816378367319141,1.1880142198169437,0.5342156320025304,0.14800695248538043,2023-01-20,2024-01-17,2024-10-08,409,0.6046511627906976,-0.06398107780116857,0.12480972570172089,1.300066093647286,0.010127230427655148,0.11943415437294867,0.8550658456270519,0.7209302325581395,0.4418604651162791,0.015053451361126912,0.0649218951612901,0.1252379032258064,43,0,moneyness,OTM1,,0.01
common,h12,12,2022-10-12,510050,510050_DTE30_OTM1_Q70_Hold,510050__510050_DTE30_OTM1_Q70_Hold,False,OTM1,0.7,2022-10-24,2026-05-27,870,0.2998649685289718,0.07901921553594926,0.08277620488178132,0.11596482966217322,0.7138043933054837,0.6814067313869792,1.187468813443317,0.5338885384033204,0.1480069524853801,2023-01-20,2024-01-17,2024-10-08,409,0.6046511627906976,-0.06398107780116868,0.12451070380127449,1.2998649685289718,0.010101990318757501,0.1246290458275391,0.8498709541724617,0.7209302325581395,0.4418604651162791,0.015053451361126912,0.0649218951612901,0.1252379032258064,43,0,moneyness,OTM1,,0.01
common,h13,13,2022-10-13,510050,510050_DTE30_OTM1_Q70_Hold,510050__510050_DTE30_OTM1_Q70_Hold,False,OTM1,0.7,2022-10-24,2026-05-27,870,0.3001272580442107,0.07908234927723568,0.08283941800047347,0.11600619396039957,0.7140947838419036,0.681707989697788,1.1881799690320687,0.5343150976981786,0.14800695248538032,2023-01-20,2024-01-17,2024-10-08,409,0.6046511627906976,-0.06398107780116868,0.12490067478842692,1.3001272580442107,0.01013490758233548,0.11795235762132025,0.8565476423786805,0.7209302325581395,0.4418604651162791,0.015053451361126912,0.0649218951612901,0.1252379032258064,43,0,moneyness,OTM1,,0.01
common,h14,14,2022-10-14,510050,510050_DTE30_OTM1_Q70_Hold,510050__510050_DTE30_OTM1_Q70_Hold,False,OTM1,0.7,2022-10-24,2026-05-27,870,0.29775355892976485,0.0785106642118798,0.08236924226772059,0.11653059379054212,0.7068464991757887,0.6737343529974521,1.17875193347817,0.5304525422184803,0.14800695248538032,2023-01-20,2024-01-17,2024-10-08,409,0.6046511627906976,-0.06398107780116868,0.12449919939570897,1.2977535589297648,0.009139412720984738,0.11663555674632876,0.8578644432536718,0.7209302325581395,0.4418604651162791,0.015053451361126912,0.0649218951612901,0.1252379032258064,43,0,moneyness,OTM1,,0.01
common,h15,15,2022-10-17,510050,510050_DTE30_OTM1_Q70_Hold,510050__510050_DTE30_OTM1_Q70_Hold,False,OTM1,0.7,2022-10-24,2026-05-27,870,0.29788987137808576,0.0785435139796824,0.08240245837999946,0.11655474599985416,0.7069850109758943,0.673876583110401,1.179110931967125,0.5306744896827774,0.14800695248538054,2023-01-20,2024-01-17,2024-10-08,409,0.6046511627906976,-0.06398107780116868,0.12470816053129208,1.2978898713780858,0.00915542334172214,0.11286964746706006,0.8616303525329407,0.7209302325581395,0.4418604651162791,0.015053451361126912,0.0649218951612901,0.1252379032258064,43,0,moneyness,OTM1,,0.01
common,h16,16,2022-10-18,510050,510050_DTE30_OTM1_Q70_Hold,510050__510050_DTE30_OTM1_Q70_Hold,False,OTM1,0.7,2022-10-24,2026-05-27,870,0.2980684541161547,0.07858654670556953,0.08244597793242237,0.1165864522198332,0.7071660245477218,0.6740624250010475,1.179580802428864,0.5309652376859265,0.1480069524853802,2023-01-20,2024-01-17,2024-10-08,409,0.6046511627906976,-0.06398107780116835,0.12498197129947686,1.2980684541161547,0.009176405182496959,0.10801163748481929,0.8664883625151814,0.7209302325581395,0.4418604651162791,0.015053451361126912,0.0649218951612901,0.1252379032258064,43,0,moneyness,OTM1,,0.01
common,h17,17,2022-10-19,510050,510050_DTE30_OTM1_Q70_Hold,510050__510050_DTE30_OTM1_Q70_Hold,False,OTM1,0.7,2022-10-24,2026-05-27,870,0.30048402226629567,0.07916820880225561,0.0829254082435043,0.11606267892374168,0.7144881456509373,0.6821159871234114,1.1891456944565812,0.5348952023728458,0.1480069524853802,2023-01-20,2024-01-17,2024-10-08,409,0.6046511627906976,-0.06398107780116857,0.12543129192747537,1.3004840222662957,0.010179700059328564,0.10820110884376173,0.8662988911562388,0.7209302325581395,0.4418604651162791,0.015053451361126912,0.0649218951612901,0.1252379032258064,43,0,moneyness,OTM1,,0.01
common,h18,18,2022-10-20,510050,510050_DTE30_OTM1_Q70_Hold,510050__510050_DTE30_OTM1_Q70_Hold,False,OTM1,0.7,2022-10-24,2026-05-27,870,0.2950407652019946,0.07785640129581495,0.08161361783753673,0.11522481530475273,0.7082989686004763,0.675691265721678,1.1738701852475322,0.5260320544976121,0.1480069524853801,2023-01-20,2024-01-17,2024-10-08,409,0.6046511627906976,-0.06398107780116846,0.11834899021368539,1.2950407652019946,0.009561268853213735,0.10146575479669845,0.8730342452033023,0.7209302325581395,0.46511627906976744,0.015053451361126912,0.0649218951612901,0.1252379032258064,43,0,moneyness,OTM1,,0.01
common,h19,19,2022-10-21,510050,510050_DTE30_OTM1_Q70_Hold,510050__510050_DTE30_OTM1_Q70_Hold,False,OTM1,0.7,2022-10-24,2026-05-27,870,0.2951705823650155,0.07788773234150459,0.08164486023540263,0.11524404767971179,0.7084518626273125,0.6758503706670517,1.1742307240845067,0.5262437408080427,0.14800695248537998,2023-01-20,2024-01-17,2024-10-08,409,0.6046511627906976,-0.0639810778011688,0.1185430778896639,1.2951705823650155,0.009577569698925004,0.09764289060895051,0.8768571093910502,0.7209302325581395,0.46511627906976744,0.015053451361126912,0.0649218951612901,0.1252379032258064,43,0,moneyness,OTM1,,0.01
common,h20,20,2022-10-24,510050,510050_DTE30_OTM1_Q70_Hold,510050__510050_DTE30_OTM1_Q70_Hold,False,OTM1,0.7,2022-10-24,2026-05-27,870,0.27396871400397593,0.07274088015532265,0.0766486939346091,0.11338555828767104,0.6760004985832794,0.6415356704490657,1.109300723895252,0.49146934609377635,0.14800695248538065,2023-01-20,2024-01-17,2024-10-08,409,0.6046511627906976,-0.06398107780116868,0.09199977122099656,1.273968714003976,0.0026323530426096155,0.038463892760979924,0.9360361072390208,0.6976744186046512,0.46511627906976744,0.015914784866296695,0.0649218951612901,0.1252379032258064,43,0,moneyness,OTM1,,0.01
common,h00,0,2022-09-19,510050,510050_DTE30_OTM2_Q70_Hold,510050__510050_DTE30_OTM2_Q70_Hold,False,OTM2,0.7,2022-10-24,2026-05-27,870,0.32568187672501403,0.08519052594258403,0.08907589741680892,0.1209977825039954,0.736177932962264,0.7040668364295932,1.2407402070065539,0.5671249023137854,0.15021475092174463,2023-01-20,2024-01-17,2024-09-30,408,0.5813953488372093,-0.06514036226119735,0.10540253065461402,1.325681876725014,0.015193053217387615,0.21172684000335698,0.7627731599966431,0.7727272727272727,0.3181818181818182,0.012712778850888099,0.05598870967741906,0.1166854838709677,44,0,moneyness,OTM2,,0.02
common,h01,1,2022-09-20,510050,510050_DTE30_OTM2_Q70_Hold,510050__510050_DTE30_OTM2_Q70_Hold,False,OTM2,0.7,2022-10-24,2026-05-27,870,0.32568205686641316,0.08519056870487351,0.08907594612267965,0.12099785930683932,0.7361778682116297,0.704066742939957,1.2407406280364268,0.5671251869881556,0.1502147509217444,2023-01-20,2024-01-17,2024-09-30,408,0.5813953488372093,-0.06514036226119801,0.10540253065461402,1.3256820568664132,0.015177732414594164,0.2084213562981076,0.7660786437018926,0.7727272727272727,0.3181818181818182,0.012712778850888099,0.05598870967741906,0.1166854838709677,44,0,moneyness,OTM2,,0.02
common,h02,2,2022-09-21,510050,510050_DTE30_OTM2_Q70_Hold,510050__510050_DTE30_OTM2_Q70_Hold,False,OTM2,0.7,2022-10-24,2026-05-27,870,0.32568230003717735,0.08519062642918063,0.08907601189482563,0.12099796318609236,0.7361777797683138,0.7040666155525214,1.240741193858553,0.567125571266708,0.15021475092174452,2023-01-20,2024-01-17,2024-09-30,408,0.5813953488372093,-0.06514036226119779,0.10540253065461402,1.3256823000371774,0.015157053745539242,0.20404993762612875,0.7704500623738715,0.7727272727272727,0.3181818181818182,0.012712778850888099,0.05598870967741906,0.1166854838709677,44,0,moneyness,OTM2,,0.02
common,h03,3,2022-09-22,510050,510050_DTE30_OTM2_Q70_Hold,510050__510050_DTE30_OTM2_Q70_Hold,False,OTM2,0.7,2022-10-24,2026-05-27,870,0.32568194498666037,0.085190542146657,0.08907591587127471,0.12099781159204674,0.736177908503014,0.7040668010912738,1.2407403667360055,0.567125010186501,0.1502147509217444,2023-01-20,2024-01-17,2024-09-30,408,0.5813953488372093,-0.06514036226119768,0.1054025306546138,1.3256819449866604,0.01520253877129654,0.21099064572653914,0.7635093542734612,0.7727272727272727,0.3181818181818182,0.012712778850888099,0.05598870967741906,0.1166854838709677,44,0,moneyness,OTM2,,0.02
common,h04,4,2022-09-23,510050,510050_DTE30_OTM2_Q70_Hold,510050__510050_DTE30_OTM2_Q70_Hold,False,OTM2,0.7,2022-10-24,2026-05-27,870,0.32568262904480205,0.08519070452958188,0.08907610092899028,0.12099810410675739,0.7361776582085772,0.7040664410280147,1.2407419547996308,0.5671260911916878,0.1502147509217444,2023-01-20,2024-01-17,2024-09-30,408,0.5813953488372093,-0.0651403622611979,0.10540253065461402,1.325682629044802,0.015129080654662338,0.19788641688903338,0.7766135831109666,0.7727272727272727,0.3181818181818182,0.012712778850888099,0.05598870967741906,0.1166854838709677,44,0,moneyness,OTM2,,0.02
common,h05,5,2022-09-26,510050,510050_DTE30_OTM2_Q70_Hold,510050__510050_DTE30_OTM2_Q70_Hold,False,OTM2,0.7,2022-10-24,2026-05-27,870,0.32568227817129536,0.08519062123861909,0.08907600597944379,0.12099795383569456,0.7361777877698809,0.7040666270629755,1.2407411430984217,0.5671255367124349,0.15021475092174452,2023-01-20,2024-01-17,2024-09-30,408,0.5813953488372093,-0.06514036226119746,0.10540253065461402,1.3256822781712954,0.015174246513724746,0.20479265532377816,0.7697073446762218,0.7727272727272727,0.3181818181818182,0.012712778850888099,0.05598870967741906,0.1166854838709677,44,0,moneyness,OTM2,,0.02
common,h06,6,2022-09-27,510050,510050_DTE30_OTM2_Q70_Hold,510050__510050_DTE30_OTM2_Q70_Hold,False,OTM2,0.7,2022-10-24,2026-05-27,870,0.32568265104682825,0.08519070975246046,0.08907610688490339,0.12099811354597864,0.7361776500015841,0.7040664292678286,1.2407420054975866,0.5671261259611002,0.1502147509217443,2023-01-20,2024-01-17,2024-09-30,408,0.5813953488372093,-0.0651403622611979,0.10540253065461402,1.3256826510468283,0.015127210187434013,0.19740430549061538,0.7770956945093849,0.7727272727272727,0.3181818181818182,0.012712778850888099,0.05598870967741906,0.1166854838709677,44,0,moneyness,OTM2,,0.02
common,h07,7,2022-09-28,510050,510050_DTE30_OTM2_Q70_Hold,510050__510050_DTE30_OTM2_Q70_Hold,False,OTM2,0.7,2022-10-24,2026-05-27,870,0.3256824251477439,0.08519065612814569,0.08907604574542054,0.12099801672294103,0.7361777338002587,0.7040665494808369,1.2407414838437063,0.5671257689767533,0.1502147509217443,2023-01-20,2024-01-17,2024-09-30,408,0.5813953488372093,-0.06514036226119757,0.10540253065461402,1.325682425147744,0.015161767907230192,0.20198202160805376,0.7725179783919464,0.7727272727272727,0.3181818181818182,0.012712778850888099,0.05598870967741906,0.1166854838709677,44,0,moneyness,OTM2,,0.02
common,h08,8,2022-09-29,510050,510050_DTE30_OTM2_Q70_Hold,510050__510050_DTE30_OTM2_Q70_Hold,False,OTM2,0.7,2022-10-24,2026-05-27,870,0.3256825379845394,0.08519068291353982,0.08907607628158982,0.12099806506085209,0.7361776920712896,0.7040664895814317,1.2407417447227367,0.5671259472907597,0.1502147509217444,2023-01-20,2024-01-17,2024-09-30,408,0.5813953488372093,-0.06514036226119757,0.10540253065461402,1.3256825379845394,0.015152188595751334,0.19979438089842855,0.7747056191015713,0.7727272727272727,0.3181818181818182,0.012712778850888099,0.05598870967741906,0.1166854838709677,44,0,moneyness,OTM2,,0.02
common,h09,9,2022-09-30,510050,510050_DTE30_OTM2_Q70_Hold,510050__510050_DTE30_OTM2_Q70_Hold,False,OTM2,0.7,2022-10-24,2026-05-27,870,0.32568262276007953,0.08519070303770349,0.08907609922776827,0.1209981014108632,0.7361776605510525,0.7040664443851767,1.2407419403137596,0.5671260812600506,0.1502147509217444,2023-01-20,2024-01-17,2024-09-30,408,0.5813953488372093,-0.06514036226119768,0.1054025306546138,1.3256826227600795,0.015144991990835754,0.19815210696180108,0.7763478930381991,0.7727272727272727,0.3181818181818182,0.012712778850888099,0.05598870967741906,0.1166854838709677,44,0,moneyness,OTM2,,0.02
common,h10,10,2022-10-10,510050,510050_DTE30_OTM2_Q70_Hold,510050__510050_DTE30_OTM2_Q70_Hold,False,OTM2,0.7,2022-10-24,2026-05-27,870,0.3443311648029881,0.08959559438657538,0.09337647855817909,0.12306916637273824,0.7587317060015728,0.7280100859318263,1.291343818043845,0.5964500412695888,0.1502147509217443,2023-01-20,2024-01-17,2024-09-30,408,0.5813953488372093,-0.06514036226119779,0.12491186200002402,1.344331164802988,0.020100099194583776,0.25134052765349535,0.7231594723465047,0.7906976744186046,0.3023255813953488,0.011708809993425344,0.05598870967741906,0.1166854838709677,43,0,moneyness,OTM2,,0.02
common,h11,11,2022-10-11,510050,510050_DTE30_OTM2_Q70_Hold,510050__510050_DTE30_OTM2_Q70_Hold,False,OTM2,0.7,2022-10-24,2026-05-27,870,0.34440943398400226,0.0896139903123867,0.09339489595001185,0.12308188313605109,0.7588029494704424,0.728084329139895,1.2915333496415167,0.5965725054463658,0.1502147509217442,2023-01-20,2024-01-17,2024-09-30,408,0.5813953488372093,-0.06514036226119757,0.12502774500432,1.3444094339840023,0.020108979723796626,0.24915425014697193,0.7253457498530281,0.7906976744186046,0.3023255813953488,0.011708809993425344,0.05598870967741906,0.1166854838709677,43,0,moneyness,OTM2,,0.02
common,h12,12,2022-10-12,510050,510050_DTE30_OTM2_Q70_Hold,510050__510050_DTE30_OTM2_Q70_Hold,False,OTM2,0.7,2022-10-24,2026-05-27,870,0.3442284298295668,0.08957144701128739,0.09335230513950844,0.12305249357929335,0.7586380610755645,0.727912490075374,1.2910949023073468,0.5962892889124484,0.1502147509217442,2023-01-20,2024-01-17,2024-09-30,408,0.5813953488372093,-0.06514036226119746,0.12475977143051153,1.3442284298295668,0.020088444700663174,0.25420534742530326,0.7202946525746968,0.7906976744186046,0.3023255813953488,0.011708809993425344,0.05598870967741906,0.1166854838709677,43,0,moneyness,OTM2,,0.02
common,h13,13,2022-10-13,510050,510050_DTE30_OTM2_Q70_Hold,510050__510050_DTE30_OTM2_Q70_Hold,False,OTM2,0.7,2022-10-24,2026-05-27,870,0.3465107726439378,0.0901075925279402,0.0937810612813942,0.12252720158671321,0.7653897262562127,0.7354088835871319,1.2998380058441052,0.5998584824394679,0.1502147509217443,2023-01-20,2024-01-17,2024-09-30,408,0.5813953488372093,-0.06514036226119779,0.12490067478842692,1.3465107726439378,0.021063974261782376,0.2601978718991888,0.7143021281008114,0.7906976744186046,0.3023255813953488,0.011708809993425344,0.05598870967741906,0.1166854838709677,43,0,moneyness,OTM2,,0.02
common,h14,14,2022-10-14,510050,510050_DTE30_OTM2_Q70_Hold,510050__510050_DTE30_OTM2_Q70_Hold,False,OTM2,0.7,2022-10-24,2026-05-27,870,0.3428141910200728,0.08923890353940878,0.0930874149498561,0.12338669964585582,0.7544363794236767,0.7232457290416394,1.2856991798944077,0.594075501852001,0.15021475092174463,2023-01-20,2024-01-17,2024-09-30,408,0.5813953488372093,-0.06514036226119768,0.12463348041544964,1.3428141910200728,0.01944460185832292,0.24729817955865915,0.727201820441341,0.7906976744186046,0.3023255813953488,0.011708809993425344,0.05598870967741906,0.1166854838709677,43,0,moneyness,OTM2,,0.02
common,h15,15,2022-10-17,510050,510050_DTE30_OTM2_Q70_Hold,510050__510050_DTE30_OTM2_Q70_Hold,False,OTM2,0.7,2022-10-24,2026-05-27,870,0.34293335993700436,0.08926693445583656,0.09311565799116404,0.12340744857723715,0.7545383934656559,0.7233512683796146,1.2859819777424606,0.5942621074699982,0.1502147509217442,2023-01-20,2024-01-17,2024-09-30,408,0.5813953488372093,-0.06514036226119757,0.12481328592276997,1.3429333599370044,0.019457460998839212,0.24380811298445987,0.7306918870155402,0.7906976744186046,0.3023255813953488,0.011708809993425344,0.05598870967741906,0.1166854838709677,43,0,moneyness,OTM2,,0.02
common,h16,16,2022-10-18,510050,510050_DTE30_OTM2_Q70_Hold,510050__510050_DTE30_OTM2_Q70_Hold,False,OTM2,0.7,2022-10-24,2026-05-27,870,0.34437851855055057,0.08960672422244875,0.09338762121334122,0.12307685866068958,0.7587748194874021,0.7280550153582113,1.2914584977944434,0.5965241340987217,0.1502147509217444,2023-01-20,2024-01-17,2024-09-30,408,0.5813953488372093,-0.06514036226119746,0.12498197129947686,1.3443785185505506,0.020105471861942798,0.24975932389474934,0.7247406761052508,0.7906976744186046,0.3023255813953488,0.011708809993425344,0.05598870967741906,0.1166854838709677,43,0,moneyness,OTM2,,0.02
common,h17,17,2022-10-19,510050,510050_DTE30_OTM2_Q70_Hold,510050__510050_DTE30_OTM2_Q70_Hold,False,OTM2,0.7,2022-10-24,2026-05-27,870,0.34688026483430545,0.09019432930032623,0.09386705152442423,0.12258065122435714,0.7657574877181968,0.7357958078983051,1.30076103213266,0.600435900914377,0.1502147509217442,2023-01-20,2024-01-17,2024-09-30,408,0.5813953488372093,-0.06514036226119768,0.12543129192747537,1.3468802648343055,0.021108766738774615,0.24995886422408906,0.724541135775911,0.7906976744186046,0.3023255813953488,0.011708809993425344,0.05598870967741906,0.1166854838709677,43,0,moneyness,OTM2,,0.02
common,h18,18,2022-10-20,510050,510050_DTE30_OTM2_Q70_Hold,510050__510050_DTE30_OTM2_Q70_Hold,False,OTM2,0.7,2022-10-24,2026-05-27,870,0.34697640533057217,0.09021689511662023,0.09388942742446198,0.12259459868154973,0.7658528877634163,0.7358961657924796,1.301000902408569,0.6005861246184754,0.15021475092174474,2023-01-20,2024-01-17,2024-09-30,408,0.5813953488372093,-0.06514036226119768,0.12556939085650876,1.3469764053305722,0.02112042510298717,0.2473537406626655,0.7271462593373349,0.7906976744186046,0.3023255813953488,0.011708809993425344,0.05598870967741906,0.1166854838709677,43,0,moneyness,OTM2,,0.02
common,h19,19,2022-10-21,510050,510050_DTE30_OTM2_Q70_Hold,510050__510050_DTE30_OTM2_Q70_Hold,False,OTM2,0.7,2022-10-24,2026-05-27,870,0.3470620658487633,0.09023700013973146,0.0939093647393277,0.12260703969929503,0.7659377876641424,0.7359854732733614,1.3012145215624682,0.6007199664881195,0.1502147509217443,2023-01-20,2024-01-17,2024-09-30,408,0.5813953488372093,-0.06514036226119757,0.12569244799094648,1.3470620658487633,0.02113081385260826,0.2450441261024824,0.7294558738975175,0.7906976744186046,0.3023255813953488,0.011708809993425344,0.05598870967741906,0.1166854838709677,43,0,moneyness,OTM2,,0.02
common,h20,20,2022-10-24,510050,510050_DTE30_OTM2_Q70_Hold,510050__510050_DTE30_OTM2_Q70_Hold,False,OTM2,0.7,2022-10-24,2026-05-27,870,0.3291827285516187,0.08602078656390466,0.08983916419908214,0.12098258566065423,0.7425793035294623,0.7110179212501342,1.2514814643069754,0.5726520600411474,0.1502147509217442,2023-01-20,2024-01-17,2024-09-30,408,0.5813953488372093,-0.06514036226119779,0.10517838152977554,1.3291827285516187,0.01580766184700851,0.18645573925426326,0.7880442607457369,0.7674418604651163,0.32558139534883723,0.012628021464332107,0.05598870967741906,0.1166854838709677,43,0,moneyness,OTM2,,0.02
common,h00,0,2022-09-19,510050,510050_DTE30_OTM3_Q70_Hold,510050__510050_DTE30_OTM3_Q70_Hold,False,OTM3,0.7,2022-10-24,2026-05-27,870,0.31985641133677034,0.08380550372785289,0.0885402134162907,0.12701019497561736,0.697111073904643,0.6598328877767754,1.1884613236593073,0.505436322532246,0.16580823338533657,2023-01-20,2024-01-17,2024-10-08,409,0.6046511627906976,-0.06590850258642211,0.10789080869212242,1.3198564113367703,0.01459630935384193,0.25263430689181865,0.7218656931081804,0.8409090909090909,0.25,0.009482210986693091,0.05598870967741906,0.1166854838709677,44,0,moneyness,OTM3,,0.03
common,h01,1,2022-09-20,510050,510050_DTE30_OTM3_Q70_Hold,510050__510050_DTE30_OTM3_Q70_Hold,False,OTM3,0.7,2022-10-24,2026-05-27,870,0.3198564946884317,0.0838055235759867,0.08854023830884955,0.12701024675885714,0.697110985674667,0.659832775028779,1.1884615243639385,0.5054364422376032,0.16580823338533657,2023-01-20,2024-01-17,2024-10-08,409,0.6046511627906976,-0.06590850258642222,0.10789080869212264,1.3198564946884317,0.014585616257224997,0.24978872657040205,0.7247112734295976,0.8409090909090909,0.25,0.009482210986693091,0.05598870967741906,0.1166854838709677,44,0,moneyness,OTM3,,0.03
common,h02,2,2022-09-21,510050,510050_DTE30_OTM3_Q70_Hold,510050__510050_DTE30_OTM3_Q70_Hold,False,OTM3,0.7,2022-10-24,2026-05-27,870,0.31989374581713625,0.08381439392066148,0.08854837863796028,0.12700987743702094,0.697177104842636,0.6599045335054484,1.1885721655242651,0.5054899398504399,0.16580823338533657,2023-01-20,2024-01-17,2024-10-08,409,0.6046511627906976,-0.06590850258642256,0.1078908086921222,1.3198937458171363,0.014630026963681654,0.25776975422438114,0.7167302457756182,0.8409090909090909,0.25,0.009482210986693091,0.05598870967741906,0.1166854838709677,44,0,moneyness,OTM3,,0.03
common,h03,3,2022-09-22,510050,510050_DTE30_OTM3_Q70_Hold,510050__510050_DTE30_OTM3_Q70_Hold,False,OTM3,0.7,2022-10-24,2026-05-27,870,0.3198939952220312,0.083814453309065,0.08854844642177373,0.12700997961604016,0.6971770776553285,0.6599044702033795,1.188572825873159,0.5054902980256784,0.16580823338533657,2023-01-20,2024-01-17,2024-10-08,409,0.6046511627906976,-0.06590850258642234,0.10789080869212264,1.3198939952220312,0.014608728392003837,0.25217965099434575,0.7223203490056537,0.8409090909090909,0.25,0.009482210986693091,0.05598870967741906,0.1166854838709677,44,0,moneyness,OTM3,,0.03
common,h04,4,2022-09-23,510050,510050_DTE30_OTM3_Q70_Hold,510050__510050_DTE30_OTM3_Q70_Hold,False,OTM3,0.7,2022-10-24,2026-05-27,870,0.3198940733881588,0.08381447192201619,0.08854846767212524,0.12701001168879245,0.697177068915575,0.6599044501104641,1.188573032277065,0.5054904102815706,0.16580823338533657,2023-01-20,2024-01-17,2024-10-08,409,0.6046511627906976,-0.06590850258642256,0.10789080869212242,1.3198940733881588,0.014602053872804359,0.2503293911512966,0.7241706088487029,0.8409090909090909,0.25,0.009482210986693091,0.05598870967741906,0.1166854838709677,44,0,moneyness,OTM3,,0.03
common,h05,5,2022-09-26,510050,510050_DTE30_OTM3_Q70_Hold,510050__510050_DTE30_OTM3_Q70_Hold,False,OTM3,0.7,2022-10-24,2026-05-27,870,0.3198942425976923,0.08381451221425884,0.08854851368378026,0.12701008119776655,0.6971770496383036,0.6599044062002591,1.1885734781787718,0.5054906532866487,0.16580823338533646,2023-01-20,2024-01-17,2024-10-08,409,0.6046511627906976,-0.06590850258642256,0.10789080869212264,1.3198942425976923,0.014587606366197287,0.2464533971872084,0.7280466028127907,0.8409090909090909,0.25,0.009482210986693091,0.05598870967741906,0.1166854838709677,44,0,moneyness,OTM3,,0.03
common,h06,6,2022-09-27,510050,510050_DTE30_OTM3_Q70_Hold,510050__510050_DTE30_OTM3_Q70_Hold,False,OTM3,0.7,2022-10-24,2026-05-27,870,0.31989409529411383,0.08381447713827139,0.08854847362803799,0.12701002068131476,0.697177066447521,0.6599044444577582,1.188573090073848,0.5054904417411378,0.16580823338533646,2023-01-20,2024-01-17,2024-10-08,409,0.6046511627906976,-0.06590850258642267,0.10789080869212264,1.3198940952941138,0.014600183405576806,0.24974592241010354,0.7247540775898962,0.8409090909090909,0.25,0.009482210986693091,0.05598870967741906,0.1166854838709677,44,0,moneyness,OTM3,,0.03
common,h07,7,2022-09-28,510050,510050_DTE30_OTM3_Q70_Hold,510050__510050_DTE30_OTM3_Q70_Hold,False,OTM3,0.7,2022-10-24,2026-05-27,870,0.319894336822631,0.08381453465113764,0.0885485393115367,0.12701011995136766,0.6971770386914212,0.6599043815030672,1.1885737259413605,0.5054907886048906,0.1658082333853368,2023-01-20,2024-01-17,2024-10-08,409,0.6046511627906976,-0.06590850258642234,0.10789080869212264,1.319894336822631,0.01457956187730958,0.24421912229696421,0.7302808777030351,0.8409090909090909,0.25,0.009482210986693091,0.05598870967741906,0.1166854838709677,44,0,moneyness,OTM3,,0.03
common,h08,8,2022-09-29,510050,510050_DTE30_OTM3_Q70_Hold,510050__510050_DTE30_OTM3_Q70_Hold,False,OTM3,0.7,2022-10-24,2026-05-27,870,0.3198944186115358,0.08381455412674255,0.0885485615603597,0.12701015361759593,0.6971770290662196,0.6599043599230079,1.1885739406908191,0.5054909060635023,0.1658082333853368,2023-01-20,2024-01-17,2024-10-08,409,0.6046511627906976,-0.06590850258642267,0.10789080869212264,1.3198944186115358,0.014572579500393302,0.24225455791555472,0.732245442084445,0.8409090909090909,0.25,0.009482210986693091,0.05598870967741906,0.1166854838709677,44,0,moneyness,OTM3,,0.03
common,h09,9,2022-09-30,510050,510050_DTE30_OTM3_Q70_Hold,510050__510050_DTE30_OTM3_Q70_Hold,False,OTM3,0.7,2022-10-24,2026-05-27,870,0.3198944910620052,0.08381457137867487,0.08854858127157376,0.1270101834611904,0.6971770204444351,0.6599043406963151,1.1885741306779383,0.505491010111003,0.1658082333853369,2023-01-20,2024-01-17,2024-10-08,409,0.6046511627906976,-0.06590850258642245,0.10789080869212264,1.3198944910620052,0.01456639464812846,0.24051217981258108,0.7339878201874184,0.8409090909090909,0.25,0.009482210986693091,0.05598870967741906,0.1166854838709677,44,0,moneyness,OTM3,,0.03
common,h10,10,2022-10-10,510050,510050_DTE30_OTM3_Q70_Hold,510050__510050_DTE30_OTM3_Q70_Hold,False,OTM3,0.7,2022-10-24,2026-05-27,870,0.3384611808430791,0.08821377552303766,0.0928488959905237,0.12898504269950353,0.7198423479754454,0.683907014928462,1.2382805840677595,0.5320228900698177,0.16580823338533668,2023-01-20,2024-01-17,2024-10-08,409,0.6046511627906976,-0.06590850258642234,0.1274440558413843,1.338461180843079,0.01957312304367164,0.32104799558885005,0.6534520044111494,0.8604651162790697,0.23255813953488372,0.008741480938669619,0.05598870967741906,0.1166854838709677,43,0,moneyness,OTM3,,0.03
common,h11,11,2022-10-11,510050,510050_DTE30_OTM3_Q70_Hold,510050__510050_DTE30_OTM3_Q70_Hold,False,OTM3,0.7,2022-10-24,2026-05-27,870,0.3385391082639311,0.08823214811924185,0.09286731343621067,0.12899717698542867,0.7199174090972613,0.683985108675738,1.238469097906112,0.5321336963659159,0.165808233385337,2023-01-20,2024-01-17,2024-10-08,409,0.6046511627906976,-0.06590850258642234,0.12756019970009858,1.338539108263931,0.019582003626677176,0.3184704457449064,0.6560295542550929,0.8604651162790697,0.23255813953488372,0.008741480938669619,0.05598870967741906,0.1166854838709677,43,0,moneyness,OTM3,,0.03
common,h12,12,2022-10-12,510050,510050_DTE30_OTM3_Q70_Hold,510050__510050_DTE30_OTM3_Q70_Hold,False,OTM3,0.7,2022-10-24,2026-05-27,870,0.33835889445900835,0.0881896587713118,0.09282472250115527,0.1289691337539777,0.7197437076551066,0.6838043817487596,1.2380330193033982,0.5318774404064709,0.165808233385337,2023-01-20,2024-01-17,2024-10-08,409,0.6046511627906976,-0.06590850258642234,0.1272916229136689,1.3383588944590084,0.019561468479136014,0.3244183724036017,0.6500816275963975,0.8604651162790697,0.23255813953488372,0.008741480938669619,0.05598870967741906,0.1166854838709677,43,0,moneyness,OTM3,,0.03
common,h13,13,2022-10-13,510050,510050_DTE30_OTM3_Q70_Hold,510050__510050_DTE30_OTM3_Q70_Hold,False,OTM3,0.7,2022-10-24,2026-05-27,870,0.33857607862412764,0.08824086418854682,0.09287605127415079,0.12900293796387455,0.7199529928547784,0.6840221283429795,1.2385585040798524,0.5321862635341862,0.165808233385337,2023-01-20,2024-01-17,2024-10-08,409,0.6046511627906976,-0.06590850258642245,0.1276153043580086,1.3385760786241276,0.01958621720784208,0.317347643047368,0.6571523569526315,0.8604651162790697,0.23255813953488372,0.008741480938669619,0.05598870967741906,0.1166854838709677,43,0,moneyness,OTM3,,0.03
common,h14,14,2022-10-14,510050,510050_DTE30_OTM3_Q70_Hold,510050__510050_DTE30_OTM3_Q70_Hold,False,OTM3,0.7,2022-10-24,2026-05-27,870,0.33695083088322675,0.08785753702915122,0.092559831014674,0.1292880320039663,0.7159195602252997,0.6795488775516045,1.2330132148984534,0.5298743930584624,0.1658082333853368,2023-01-20,2024-01-17,2024-10-08,409,0.6046511627906976,-0.06590850258642256,0.12716504761559655,1.3369508308832267,0.01891762434145688,0.31627847991834573,0.6582215200816536,0.8604651162790697,0.23255813953488372,0.008741480938669619,0.05598870967741906,0.1166854838709677,43,0,moneyness,OTM3,,0.03
common,h15,15,2022-10-17,510050,510050_DTE30_OTM3_Q70_Hold,510050__510050_DTE30_OTM3_Q70_Hold,False,OTM3,0.7,2022-10-24,2026-05-27,870,0.33706947945245735,0.08788553239693209,0.09258807413765187,0.12930783509414337,0.7160283371092134,0.6796613084810096,1.2332953781626845,0.5300432349018938,0.1658082333853368,2023-01-20,2024-01-17,2024-10-08,409,0.6046511627906976,-0.06590850258642256,0.12734525786786954,1.3370694794524574,0.01893048356355006,0.3121475337101645,0.6623524662898348,0.8604651162790697,0.23255813953488372,0.008741480938669619,0.05598870967741906,0.1166854838709677,43,0,moneyness,OTM3,,0.03
common,h16,16,2022-10-18,510050,510050_DTE30_OTM3_Q70_Hold,510050__510050_DTE30_OTM3_Q70_Hold,False,OTM3,0.7,2022-10-24,2026-05-27,870,0.33719660197522994,0.0879155252538042,0.09261833644519382,0.12932908627014247,0.7161446749243457,0.6797815386259386,1.2335974673345662,0.5302241237290631,0.1658082333853368,2023-01-20,2024-01-17,2024-10-08,409,0.6046511627906976,-0.06590850258642245,0.12753836729646717,1.33719660197523,0.018944265108344353,0.30776531699844795,0.6667346830015513,0.8604651162790697,0.23255813953488372,0.008741480938669619,0.05598870967741906,0.1166854838709677,43,0,moneyness,OTM3,,0.03
common,h17,17,2022-10-19,510050,510050_DTE30_OTM3_Q70_Hold,510050__510050_DTE30_OTM3_Q70_Hold,False,OTM3,0.7,2022-10-24,2026-05-27,870,0.338866962783797,0.08830943658156265,0.09294480597090579,0.12904836038554346,0.7202323663254995,0.6843127360760752,1.239261312000528,0.5325998279972761,0.1658082333853369,2023-01-20,2024-01-17,2024-10-08,409,0.6046511627906976,-0.06590850258642256,0.12804895155990792,1.338866962783797,0.019619379951024883,0.3071879800117227,0.6673120199882766,0.8604651162790697,0.23255813953488372,0.008741480938669619,0.05598870967741906,0.1166854838709677,43,0,moneyness,OTM3,,0.03
common,h18,18,2022-10-20,510050,510050_DTE30_OTM3_Q70_Hold,510050__510050_DTE30_OTM3_Q70_Hold,False,OTM3,0.7,2022-10-24,2026-05-27,870,0.3410948710028141,0.08883428832307194,0.09336187119290996,0.12853253384706648,0.7263676238110728,0.6911424342475874,1.2473229814262086,0.535765242227881,0.16580823338533668,2023-01-20,2024-01-17,2024-10-08,409,0.6046511627906976,-0.06590850258642267,0.128103064805402,1.341094871002814,0.02059347525790691,0.31634414565143176,0.6581558543485679,0.8604651162790697,0.23255813953488372,0.008741480938669619,0.05598870967741906,0.1166854838709677,43,0,moneyness,OTM3,,0.03
common,h19,19,2022-10-21,510050,510050_DTE30_OTM3_Q70_Hold,510050__510050_DTE30_OTM3_Q70_Hold,False,OTM3,0.7,2022-10-24,2026-05-27,870,0.341180157486777,0.08885436784910827,0.09338180859237477,0.12854440115742086,0.7264556663033149,0.6912348344156467,1.247534498176289,0.5358863431263482,0.1658082333853369,2023-01-20,2024-01-17,2024-10-08,409,0.6046511627906976,-0.06590850258642211,0.12822639894333476,1.341180157486777,0.020603864092031136,0.31361190327089755,0.6608880967291016,0.8604651162790697,0.23255813953488372,0.008741480938669619,0.05598870967741906,0.1166854838709677,43,0,moneyness,OTM3,,0.03
common,h20,20,2022-10-24,510050,510050_DTE30_OTM3_Q70_Hold,510050__510050_DTE30_OTM3_Q70_Hold,False,OTM3,0.7,2022-10-24,2026-05-27,870,0.32337888980960083,0.08464350125107911,0.08931153093432169,0.12699524041536103,0.703266757417145,0.666509240615925,1.198899862331846,0.5104903388866624,0.16580823338533623,2023-01-20,2024-01-17,2024-10-08,409,0.6046511627906976,-0.06590850258642245,0.1076661550041691,1.3233788898096008,0.015280635057264617,0.2364372664239056,0.738062733576094,0.8372093023255814,0.2558139534883721,0.009301749035275109,0.05598870967741906,0.1166854838709677,43,0,moneyness,OTM3,,0.03
common,h00,0,2022-09-19,510050,510050_DTE30_OTM4_Q70_Hold,510050__510050_DTE30_OTM4_Q70_Hold,False,OTM4,0.7,2022-10-24,2026-05-27,870,0.31579261271855064,0.08283675110895183,0.08834736302103136,0.13245786143520719,0.6669846701718583,0.6253819155118406,1.1493192634446385,0.4811332795693782,0.17217007142613794,2023-01-20,2024-01-17,2024-09-30,408,0.5813953488372093,-0.06761041401798162,0.12201882272943054,1.3157926127185506,0.014369848129218552,0.31891453656223995,0.6555854634377614,0.8409090909090909,0.20454545454545456,0.008057689961433795,0.047017701612902925,0.1068629032258064,44,0,moneyness,OTM4,,0.04
common,h01,1,2022-09-20,510050,510050_DTE30_OTM4_Q70_Hold,510050__510050_DTE30_OTM4_Q70_Hold,False,OTM4,0.7,2022-10-24,2026-05-27,870,0.3158299933183084,0.08284567179371982,0.08835555971273687,0.13245752649252168,0.6670482384232449,0.6254508444138668,1.1494268900586624,0.4811850927834528,0.17217007142613783,2023-01-20,2024-01-17,2024-09-30,408,0.5813953488372093,-0.06761041401798129,0.12201882272943076,1.3158299933183084,0.014401149935360427,0.3264779776731003,0.6480220223269013,0.8409090909090909,0.20454545454545456,0.008057689961433795,0.047017701612902925,0.1068629032258064,44,0,moneyness,OTM4,,0.04
common,h02,2,2022-09-21,510050,510050_DTE30_OTM4_Q70_Hold,510050__510050_DTE30_OTM4_Q70_Hold,False,OTM4,0.7,2022-10-24,2026-05-27,870,0.3158301057928554,0.08284569863491109,0.08835559357446125,0.13245759498432766,0.6670481491447543,0.6254507236426372,1.1494272019905702,0.48118524868273915,0.17217007142613783,2023-01-20,2024-01-17,2024-09-30,408,0.5813953488372093,-0.0676104140179814,0.12201882272943099,1.3158301057928554,0.014386678017594053,0.32199173869240083,0.6525082613076005,0.8409090909090909,0.20454545454545456,0.008057689961433795,0.047017701612902925,0.1068629032258064,44,0,moneyness,OTM4,,0.04
common,h03,3,2022-09-22,510050,510050_DTE30_OTM4_Q70_Hold,510050__510050_DTE30_OTM4_Q70_Hold,False,OTM4,0.7,2022-10-24,2026-05-27,870,0.31583020396253114,0.08284572206235263,0.08835562314096293,0.13245765485139072,0.6670480708728572,0.6254506178242428,1.1494274733175698,0.4811853847542479,0.17217007142613816,2023-01-20,2024-01-17,2024-09-30,408,0.5813953488372093,-0.06761041401798162,0.12201882272943076,1.3158302039625311,0.014374047925569134,0.3179779884964515,0.6565220115035498,0.8409090909090909,0.20454545454545456,0.008057689961433795,0.047017701612902925,0.1068629032258064,44,0,moneyness,OTM4,,0.04
common,h04,4,2022-09-23,510050,510050_DTE30_OTM4_Q70_Hold,510050__510050_DTE30_OTM4_Q70_Hold,False,OTM4,0.7,2022-10-24,2026-05-27,870,0.31583024581479857,0.08284573205007573,0.08835563574916158,0.13245768039871084,0.6670480374048702,0.6254505725957288,1.1494275887270313,0.4811854427650454,0.17217007142613805,2023-01-20,2024-01-17,2024-09-30,408,0.5813953488372093,-0.06761041401798173,0.12201882272943076,1.3158302458147986,0.014368663743150675,0.31617657307280533,0.658323426927196,0.8409090909090909,0.20454545454545456,0.008057689961433795,0.047017701612902925,0.1068629032258064,44,0,moneyness,OTM4,,0.04
common,h05,5,2022-09-26,510050,510050_DTE30_OTM4_Q70_Hold,510050__510050_DTE30_OTM4_Q70_Hold,False,OTM4,0.7,2022-10-24,2026-05-27,870,0.3158676260695885,0.08285465247137491,0.08836383523577149,0.13245736891190088,0.6671115088700231,0.6255193890079654,1.1495351614254417,0.4812372544488374,0.17217007142613805,2023-01-20,2024-01-17,2024-09-30,408,0.5813953488372093,-0.06761041401798173,0.12201882272943076,1.3158676260695885,0.014403140192265407,0.32253443406823196,0.6519655659317689,0.8409090909090909,0.20454545454545456,0.008057689961433795,0.047017701612902925,0.1068629032258064,44,0,moneyness,OTM4,,0.04
common,h06,6,2022-09-27,510050,510050_DTE30_OTM4_Q70_Hold,510050__510050_DTE30_OTM4_Q70_Hold,False,OTM4,0.7,2022-10-24,2026-05-27,870,0.31583025419084576,0.08284573404895501,0.08835563827271868,0.13245768551334502,0.6670480306997129,0.6254505635356913,1.149427611805376,0.48118545437495713,0.17217007142613794,2023-01-20,2024-01-17,2024-09-30,408,0.5813953488372093,-0.06761041401798162,0.12201882272943076,1.3158302541908458,0.014367586212197503,0.31577048888300474,0.6587295111169966,0.8409090909090909,0.20454545454545456,0.008057689961433795,0.047017701612902925,0.1068629032258064,44,0,moneyness,OTM4,,0.04
common,h07,7,2022-09-28,510050,510050_DTE30_OTM4_Q70_Hold,510050__510050_DTE30_OTM4_Q70_Hold,False,OTM4,0.7,2022-10-24,2026-05-27,870,0.3158677200070741,0.08285467488838316,0.08836386095084459,0.13245740673574494,0.667111512511582,0.6255193796272928,1.1495354287488786,0.481237384651538,0.17217007142613805,2023-01-20,2024-01-17,2024-09-30,408,0.5813953488372093,-0.06761041401798196,0.12201882272943076,1.315867720007074,0.014395095790594897,0.3198862083635947,0.6546137916364065,0.8409090909090909,0.20454545454545456,0.008057689961433795,0.047017701612902925,0.1068629032258064,44,0,moneyness,OTM4,,0.04
common,h08,8,2022-09-29,510050,510050_DTE30_OTM4_Q70_Hold,510050__510050_DTE30_OTM4_Q70_Hold,False,OTM4,0.7,2022-10-24,2026-05-27,870,0.31586780154646554,0.08285469434673987,0.08836388327546114,0.13245743959380643,0.6671115155663402,0.6255193713605051,1.1495356605089846,0.4812374976697678,0.17217007142613805,2023-01-20,2024-01-17,2024-09-30,408,0.5813953488372093,-0.06761041401798162,0.12201882272943099,1.3158678015464655,0.014388113489385264,0.3175533271862321,0.6569466728137696,0.8409090909090909,0.20454545454545456,0.008057689961433795,0.047017701612902925,0.1068629032258064,44,0,moneyness,OTM4,,0.04
common,h09,9,2022-09-30,510050,510050_DTE30_OTM4_Q70_Hold,510050__510050_DTE30_OTM4_Q70_Hold,False,OTM4,0.7,2022-10-24,2026-05-27,870,0.31586787377590975,0.08285471158339353,0.08836390305381511,0.13245746872063813,0.6671115181898927,0.6255193639411892,1.1495358655889591,0.4812375977838792,0.17217007142613794,2023-01-20,2024-01-17,2024-09-30,408,0.5813953488372093,-0.0676104140179814,0.12201882272943099,1.3158678737759097,0.014381928704182359,0.3154808837079916,0.6590191162920097,0.8409090909090909,0.20454545454545456,0.008057689961433795,0.047017701612902925,0.1068629032258064,44,0,moneyness,OTM4,,0.04
common,h10,10,2022-10-10,510050,510050_DTE30_OTM4_Q70_Hold,510050__510050_DTE30_OTM4_Q70_Hold,False,OTM4,0.7,2022-10-24,2026-05-27,870,0.32020427411156893,0.08388833088511416,0.08950285397966876,0.13386808576566891,0.668589929166091,0.6266492151979939,1.1588264814961016,0.4872410761652189,0.17217007142613816,2023-01-20,2024-01-17,2024-09-30,408,0.5813953488372093,-0.06761041401798162,0.127489256745704,1.320204274111569,0.015836545689004597,0.3468503249047273,0.6276496750952743,0.8604651162790697,0.18604651162790697,0.0074798668885190924,0.047017701612902925,0.1068629032258064,43,0,moneyness,OTM4,,0.04
common,h11,11,2022-10-11,510050,510050_DTE30_OTM4_Q70_Hold,510050__510050_DTE30_OTM4_Q70_Hold,False,OTM4,0.7,2022-10-24,2026-05-27,870,0.3202581509641831,0.0839011577374742,0.08951584488303657,0.13387690631124538,0.6686429149694015,0.6267037388988923,1.1589566465245102,0.4873155772225391,0.17217007142613794,2023-01-20,2024-01-17,2024-09-30,408,0.5813953488372093,-0.06761041401798207,0.1275721572734383,1.320258150964183,0.01584246239388487,0.3444999403212135,0.6300000596787879,0.8604651162790697,0.18604651162790697,0.0074798668885190924,0.047017701612902925,0.1068629032258064,43,0,moneyness,OTM4,,0.04
common,h12,12,2022-10-12,510050,510050_DTE30_OTM4_Q70_Hold,510050__510050_DTE30_OTM4_Q70_Hold,False,OTM4,0.7,2022-10-24,2026-05-27,870,0.3201146589079804,0.08386699472154313,0.08948124663067003,0.1338534281014023,0.6685017178856445,0.6265584371735976,1.1586098884448623,0.48711715123799904,0.17217007142613794,2023-01-20,2024-01-17,2024-09-30,408,0.5813953488372093,-0.06761041401798173,0.12735137748882708,1.3201146589079804,0.015826705882930298,0.35075591354618907,0.6237440864538122,0.8604651162790697,0.18604651162790697,0.0074798668885190924,0.047017701612902925,0.1068629032258064,43,0,moneyness,OTM4,,0.04
common,h13,13,2022-10-13,510050,510050_DTE30_OTM4_Q70_Hold,510050__510050_DTE30_OTM4_Q70_Hold,False,OTM4,0.7,2022-10-24,2026-05-27,870,0.32159817134227686,0.08422006658451453,0.08976826471894644,0.13355828334292116,0.6721280213557368,0.6305866208857525,1.1635584440897002,0.4891678669056339,0.17217007142613794,2023-01-20,2024-01-17,2024-09-30,408,0.5813953488372093,-0.06761041401798173,0.1276153043580086,1.3215981713422769,0.016482002821091232,0.35698858905798625,0.6175114109420151,0.8604651162790697,0.18604651162790697,0.0074798668885190924,0.047017701612902925,0.1068629032258064,43,0,moneyness,OTM4,,0.04
common,h14,14,2022-10-14,510050,510050_DTE30_OTM4_Q70_Hold,510050__510050_DTE30_OTM4_Q70_Hold,False,OTM4,0.7,2022-10-24,2026-05-27,870,0.3196234076210056,0.083750016184573,0.0893969277370553,0.13403343446723004,0.6669748342448991,0.6248442153069586,1.1568356598137173,0.4864377152826024,0.17217007142613794,2023-01-20,2024-01-17,2024-09-30,408,0.5813953488372093,-0.06761041401798151,0.12743808766879638,1.3196234076210056,0.015529749910140264,0.34213168607782923,0.632368313922172,0.8604651162790697,0.18604651162790697,0.0074798668885190924,0.047017701612902925,0.1068629032258064,43,0,moneyness,OTM4,,0.04
common,h15,15,2022-10-17,510050,510050_DTE30_OTM4_Q70_Hold,510050__510050_DTE30_OTM4_Q70_Hold,False,OTM4,0.7,2022-10-24,2026-05-27,870,0.3196947399846415,0.08376700402417514,0.08941418973004958,0.13404552289015548,0.6670434625654799,0.6249145978028567,1.1570067843751495,0.48653638422931,0.17217007142613783,2023-01-20,2024-01-17,2024-09-30,408,0.5813953488372093,-0.06761041401798151,0.12754873479324624,1.3196947399846415,0.015537381533129934,0.33891297247575725,0.6355870275242439,0.8604651162790697,0.18604651162790697,0.0074798668885190924,0.047017701612902925,0.1068629032258064,43,0,moneyness,OTM4,,0.04
common,h16,16,2022-10-18,510050,510050_DTE30_OTM4_Q70_Hold,510050__510050_DTE30_OTM4_Q70_Hold,False,OTM4,0.7,2022-10-24,2026-05-27,870,0.3202361913654135,0.08389592970168147,0.08951054988998979,0.1338733104013431,0.6686213228136606,0.6266815203879487,1.1589035973640613,0.48728521169065847,0.17217007142613805,2023-01-20,2024-01-17,2024-09-30,408,0.5813953488372093,-0.06761041401798173,0.12753836729646717,1.3202361913654135,0.015840050721594726,0.34521798506886536,0.6292820149311358,0.8604651162790697,0.18604651162790697,0.0074798668885190924,0.047017701612902925,0.1068629032258064,43,0,moneyness,OTM4,,0.04
common,h17,17,2022-10-19,510050,510050_DTE30_OTM4_Q70_Hold,510050__510050_DTE30_OTM4_Q70_Hold,False,OTM4,0.7,2022-10-24,2026-05-27,870,0.32188536605584495,0.08428838561844154,0.08983701941570038,0.13360216338884756,0.6724218915095768,0.6308908739233597,1.1642620848305951,0.4895646782292339,0.17217007142613816,2023-01-20,2024-01-17,2024-09-30,408,0.5813953488372093,-0.06761041401798151,0.12804895155990792,1.321885366055845,0.016515165564274355,0.3445054830649019,0.6299945169350994,0.8604651162790697,0.18604651162790697,0.0074798668885190924,0.047017701612902925,0.1068629032258064,43,0,moneyness,OTM4,,0.04
common,h18,18,2022-10-20,510050,510050_DTE30_OTM4_Q70_Hold,510050__510050_DTE30_OTM4_Q70_Hold,False,OTM4,0.7,2022-10-24,2026-05-27,870,0.3219447144902625,0.08430250234883441,0.08985122861025552,0.13361125153304407,0.6724825011315305,0.6309536164174402,1.164407364524249,0.48964667116956245,0.17217007142613827,2023-01-20,2024-01-17,2024-09-30,408,0.5813953488372093,-0.06761041401798185,0.12813858230380526,1.3219447144902625,0.016522020845941236,0.3419590987615529,0.6325409012384481,0.8604651162790697,0.18604651162790697,0.0074798668885190924,0.047017701612902925,0.1068629032258064,43,0,moneyness,OTM4,,0.04
common,h19,19,2022-10-21,510050,510050_DTE30_OTM4_Q70_Hold,510050__510050_DTE30_OTM4_Q70_Hold,False,OTM4,0.7,2022-10-24,2026-05-27,870,0.32198980151019096,0.08431322653154028,0.08986202359553931,0.13361816046438232,0.672528519201499,0.6310012519145186,1.1645177045048325,0.4897089594791226,0.17217007142613805,2023-01-20,2024-01-17,2024-09-30,408,0.5813953488372093,-0.06761041401798173,0.12820667894248605,1.321989801510191,0.016527229318333468,0.34004860057634195,0.6344513994236595,0.8604651162790697,0.18604651162790697,0.0074798668885190924,0.047017701612902925,0.1068629032258064,43,0,moneyness,OTM4,,0.04
common,h20,20,2022-10-24,510050,510050_DTE30_OTM4_Q70_Hold,510050__510050_DTE30_OTM4_Q70_Hold,False,OTM4,0.7,2022-10-24,2026-05-27,870,0.31905940183007475,0.08361567494844446,0.08906421000673785,0.13243866690986822,0.6724940086217489,0.6313539459389871,1.158727731374891,0.4856574331173242,0.17217007142613783,2023-01-20,2024-01-17,2024-09-30,408,0.5813953488372093,-0.06761041401798162,0.12176526598767601,1.3190594018300748,0.015033598406608353,0.3103215241930363,0.6641784758069649,0.8604651162790697,0.20930232558139536,0.007722340398536836,0.047017701612902925,0.1068629032258064,43,0,moneyness,OTM4,,0.04
common,h00,0,2022-09-19,510050,510050_DTE30_OTM5_Q70_Hold,510050__510050_DTE30_OTM5_Q70_Hold,False,OTM5,0.7,2022-10-24,2026-05-27,870,0.3003123192797259,0.07912688853776162,0.0855629867559221,0.13730049775287634,0.623180455688695,0.5763044550659976,1.0853868124444146,0.4218838833917967,0.18755608273444702,2023-01-30,2024-01-17,2024-11-07,430,0.5813953488372093,-0.06904857554162303,0.12370390354591843,1.300312319279726,0.011588672296597711,0.3565149514974527,0.6179850485025482,0.9090909090909091,0.09090909090909091,0.005679767909461671,0.047017701612902925,0.1068629032258064,44,0,moneyness,OTM5,,0.05
common,h01,1,2022-09-20,510050,510050_DTE30_OTM5_Q70_Hold,510050__510050_DTE30_OTM5_Q70_Hold,False,OTM5,0.7,2022-10-24,2026-05-27,870,0.30031235338543616,0.07912689674567375,0.08556299999250808,0.13730053877256557,0.6231803659142282,0.5763043426708266,1.0853869250904653,0.42188392715423834,0.18755608273444702,2023-01-30,2024-01-17,2024-11-07,430,0.5813953488372093,-0.06904857554162347,0.12370390354591843,1.3003123533854362,0.0115797849153443,0.35286824843578096,0.6216317515642197,0.9090909090909091,0.09090909090909091,0.005679767909461671,0.047017701612902925,0.1068629032258064,44,0,moneyness,OTM5,,0.05
common,h02,2,2022-09-21,510050,510050_DTE30_OTM5_Q70_Hold,510050__510050_DTE30_OTM5_Q70_Hold,False,OTM5,0.7,2022-10-24,2026-05-27,870,0.30031238962671325,0.07912690546753298,0.0855630140637375,0.13730058240314144,0.6231802703684658,0.5763042230600367,1.0853870443650255,0.4218839736569111,0.18755608273444724,2023-01-30,2024-01-17,2024-11-07,430,0.5813953488372093,-0.06904857554162347,0.12370390354591865,1.3003123896267132,0.011570341667228649,0.34903268754353906,0.6254673124564619,0.9090909090909091,0.09090909090909091,0.005679767909461671,0.047017701612902925,0.1068629032258064,44,0,moneyness,OTM5,,0.05
common,h03,3,2022-09-22,510050,510050_DTE30_OTM5_Q70_Hold,510050__510050_DTE30_OTM5_Q70_Hold,False,OTM5,0.7,2022-10-24,2026-05-27,870,0.30034946826291287,0.07913582875614744,0.08557124687585417,0.13730029912084477,0.6232415182179516,0.5763704031445416,1.0854920746126204,0.4219315502989718,0.18755608273444702,2023-01-30,2024-01-17,2024-11-07,430,0.5813953488372093,-0.06904857554162358,0.12370390354591865,1.3003494682629129,0.011592872092948398,0.3553269049415042,0.6191730950584965,0.9090909090909091,0.09090909090909091,0.005679767909461671,0.047017701612902925,0.1068629032258064,44,0,moneyness,OTM5,,0.05
common,h04,4,2022-09-23,510050,510050_DTE30_OTM5_Q70_Hold,510050__510050_DTE30_OTM5_Q70_Hold,False,OTM5,0.7,2022-10-24,2026-05-27,870,0.3003495096227873,0.07913583870965146,0.08557125948405236,0.13730032376811532,0.6232414981669856,0.5763703721726318,1.085492203868257,0.4219316033684533,0.1875560827344469,2023-01-30,2024-01-17,2024-11-07,430,0.5813953488372093,-0.06904857554162325,0.12370390354591887,1.3003495096227873,0.011587487910529786,0.3530384436504954,0.6214615563495055,0.9090909090909091,0.09090909090909091,0.005679767909461671,0.047017701612902925,0.1068629032258064,44,0,moneyness,OTM5,,0.05
common,h05,5,2022-09-26,510050,510050_DTE30_OTM5_Q70_Hold,510050__510050_DTE30_OTM5_Q70_Hold,False,OTM5,0.7,2022-10-24,2026-05-27,870,0.3003495738217119,0.07913585415951085,0.08557127905836999,0.13730036205361168,0.6232414669449814,0.5763703239807239,1.0854924042221739,0.4219316857430637,0.18755608273444724,2023-01-30,2024-01-17,2024-11-07,430,0.5813953488372093,-0.06904857554162325,0.12370390354591887,1.300349573821712,0.011579130982437822,0.3495827565055649,0.6249172434944358,0.9090909090909091,0.09090909090909091,0.005679767909461671,0.047017701612902925,0.1068629032258064,44,0,moneyness,OTM5,,0.05
common,h06,6,2022-09-27,510050,510050_DTE30_OTM5_Q70_Hold,510050__510050_DTE30_OTM5_Q70_Hold,False,OTM5,0.7,2022-10-24,2026-05-27,870,0.3003495179002902,0.07913584070168267,0.0855712620076099,0.13730032870255737,0.6232414941481202,0.5763703659670021,1.0854922297198648,0.4219316139894417,0.18755608273444746,2023-01-30,2024-01-17,2024-11-07,430,0.5813953488372093,-0.06904857554162347,0.12370390354591865,1.3003495179002902,0.011586410379576426,0.35252196673324737,0.6219780332667534,0.9090909090909091,0.09090909090909091,0.005679767909461671,0.047017701612902925,0.1068629032258064,44,0,moneyness,OTM5,,0.05
common,h07,7,2022-09-28,510050,510050_DTE30_OTM5_Q70_Hold,510050__510050_DTE30_OTM5_Q70_Hold,False,OTM5,0.7,2022-10-24,2026-05-27,870,0.30034962360034245,0.07913586613903889,0.08557129423913135,0.137300391762841,0.623241442653264,0.5763702865154987,1.0854925593407856,0.42193174961477614,0.1875560827344469,2023-01-30,2024-01-17,2024-11-07,430,0.5813953488372093,-0.06904857554162369,0.12370390354591887,1.3003496236003425,0.01157265152745516,0.3467970383510313,0.6277029616489694,0.9090909090909091,0.09090909090909091,0.005679767909461671,0.047017701612902925,0.1068629032258064,44,0,moneyness,OTM5,,0.05
common,h08,8,2022-09-29,510050,510050_DTE30_OTM5_Q70_Hold,510050__510050_DTE30_OTM5_Q70_Hold,False,OTM5,0.7,2022-10-24,2026-05-27,870,0.30034964228451155,0.07913587063549676,0.08557129993788051,0.13730040291932902,0.6232414335168267,0.5763702724309784,1.0854926175115054,0.42193177358871353,0.18755608273444713,2023-01-30,2024-01-17,2024-11-07,430,0.5813953488372093,-0.06904857554162347,0.12370390354591865,1.3003496422845116,0.01157021957371333,0.34573954447682764,0.628760455523173,0.9090909090909091,0.09090909090909091,0.005679767909461671,0.047017701612902925,0.1068629032258064,44,0,moneyness,OTM5,,0.05
common,h09,9,2022-09-30,510050,510050_DTE30_OTM5_Q70_Hold,510050__510050_DTE30_OTM5_Q70_Hold,False,OTM5,0.7,2022-10-24,2026-05-27,870,0.3003496776024417,0.07913587913496967,0.08557131071107348,0.1373004240158467,0.6232414162187669,0.5763702457745951,1.0854927273912713,0.42193181890568127,0.18755608273444702,2023-01-30,2024-01-17,2024-11-07,430,0.5813953488372093,-0.06904857554162347,0.12370390354591887,1.3003496776024417,0.01156562266723191,0.3437358345186289,0.6307641654813725,0.9090909090909091,0.09090909090909091,0.005679767909461671,0.047017701612902925,0.1068629032258064,44,0,moneyness,OTM5,,0.05
common,h10,10,2022-10-10,510050,510050_DTE30_OTM5_Q70_Hold,510050__510050_DTE30_OTM5_Q70_Hold,False,OTM5,0.7,2022-10-24,2026-05-27,870,0.3046720774987528,0.08017486553959263,0.08671849002006159,0.1386616611828809,0.6253963011858668,0.5782049980913613,1.0952303798450616,0.4274714227909574,0.18755608273444713,2023-01-30,2024-01-17,2024-11-07,430,0.5813953488372093,-0.06904857554162347,0.12918255322063854,1.3046720774987528,0.013055382147741925,0.39504368010269575,0.579456319897305,0.9302325581395349,0.06976744186046512,0.0048364342719910275,0.047017701612902925,0.1068629032258064,43,0,moneyness,OTM5,,0.05
common,h11,11,2022-10-11,510050,510050_DTE30_OTM5_Q70_Hold,510050__510050_DTE30_OTM5_Q70_Hold,False,OTM5,0.7,2022-10-24,2026-05-27,870,0.3047253204904674,0.08018764844639992,0.08673148095033192,0.1386701780497578,0.6254515727181864,0.5782616678953632,1.095360752475472,0.42753957790819547,0.18755608273444668,2023-01-30,2024-01-17,2024-11-07,430,0.5813953488372093,-0.06904857554162347,0.12926557825081986,1.3047253204904674,0.013061298879493916,0.3921060385639413,0.5823939614360595,0.9302325581395349,0.06976744186046512,0.0048364342719910275,0.047017701612902925,0.1068629032258064,43,0,moneyness,OTM5,,0.05
common,h12,12,2022-10-12,510050,510050_DTE30_OTM5_Q70_Hold,510050__510050_DTE30_OTM5_Q70_Hold,False,OTM5,0.7,2022-10-24,2026-05-27,870,0.3045835166175812,0.08015360247497627,0.08669688262631021,0.138647508243002,0.6253042966654693,0.5781106598359793,1.095013449942667,0.4273580536892665,0.1875560827344469,2023-01-30,2024-01-17,2024-11-07,430,0.5813953488372093,-0.06904857554162358,0.12904446689264515,1.3045835166175812,0.013045542296965832,0.3999080122465719,0.5745919877534289,0.9302325581395349,0.06976744186046512,0.0048364342719910275,0.047017701612902925,0.1068629032258064,43,0,moneyness,OTM5,,0.05
common,h13,13,2022-10-13,510050,510050_DTE30_OTM5_Q70_Hold,510050__510050_DTE30_OTM5_Q70_Hold,False,OTM5,0.7,2022-10-24,2026-05-27,870,0.3047115090709187,0.08018433255093571,0.08672811101984498,0.13866796816107244,0.6254372381017675,0.5782469709067639,1.0953269366810865,0.42752189842045984,0.18755608273444724,2023-01-30,2024-01-17,2024-11-07,430,0.5813953488372093,-0.06904857554162325,0.1292440407437958,1.3047115090709187,0.013059763986857232,0.3930557202609499,0.5814442797390507,0.9302325581395349,0.06976744186046512,0.0048364342719910275,0.047017701612902925,0.1068629032258064,43,0,moneyness,OTM5,,0.05
common,h14,14,2022-10-14,510050,510050_DTE30_OTM5_Q70_Hold,510050__510050_DTE30_OTM5_Q70_Hold,False,OTM5,0.7,2022-10-24,2026-05-27,870,0.3040980448995143,0.08003702471337282,0.08661256382630073,0.1388212923336428,0.6239141155532273,0.5765471806804103,1.0933555010146174,0.42673649154154075,0.1875560827344469,2023-01-30,2024-01-17,2024-11-07,430,0.5813953488372093,-0.06904857554162358,0.12913130729650857,1.3040980448995143,0.012748586417672975,0.3891382082255019,0.5853617917744987,0.9302325581395349,0.06976744186046512,0.0048364342719910275,0.047017701612902925,0.1068629032258064,43,0,moneyness,OTM5,,0.05
common,h15,15,2022-10-17,510050,510050_DTE30_OTM5_Q70_Hold,510050__510050_DTE30_OTM5_Q70_Hold,False,OTM5,0.7,2022-10-24,2026-05-27,870,0.3041685380382533,0.08005395435163454,0.0866298258552674,0.1388329655058825,0.6239859930932384,0.5766206466881424,1.0935271025493787,0.42682675594680425,0.18755608273444724,2023-01-30,2024-01-17,2024-11-07,430,0.5813953488372093,-0.06904857554162358,0.12924212059405926,1.3041685380382533,0.01275621807659473,0.3850919101135703,0.5894080898864298,0.9302325581395349,0.06976744186046512,0.0048364342719910275,0.047017701612902925,0.1068629032258064,43,0,moneyness,OTM5,,0.05
common,h16,16,2022-10-18,510050,510050_DTE30_OTM5_Q70_Hold,510050__510050_DTE30_OTM5_Q70_Hold,False,OTM5,0.7,2022-10-24,2026-05-27,870,0.30424506533775175,0.08007233241895584,0.08664856634789686,0.13884565042128835,0.6240639594037407,0.5767003300139306,1.0937133220945185,0.42692474299714916,0.18755608273444702,2023-01-30,2024-01-17,2024-11-07,430,0.5813953488372093,-0.06904857554162347,0.12936243048896934,1.3042450653377518,0.012764504593168654,0.3807263821974349,0.593773617802566,0.9302325581395349,0.06976744186046512,0.0048364342719910275,0.047017701612902925,0.1068629032258064,43,0,moneyness,OTM5,,0.05
common,h17,17,2022-10-19,510050,510050_DTE30_OTM5_Q70_Hold,510050__510050_DTE30_OTM5_Q70_Hold,False,OTM5,0.7,2022-10-24,2026-05-27,870,0.304939094941469,0.08023896901041727,0.08678364439563395,0.13870443502342164,0.6256731760666462,0.5784888493065713,1.0958838594229814,0.42781320573870296,0.18755608273444724,2023-01-30,2024-01-17,2024-11-07,430,0.5813953488372093,-0.06904857554162358,0.12959898443474827,1.304939094941469,0.013085062487313056,0.3797836783773792,0.5947163216226214,0.9302325581395349,0.06976744186046512,0.0048364342719910275,0.047017701612902925,0.1068629032258064,43,0,moneyness,OTM5,,0.05
common,h18,18,2022-10-20,510050,510050_DTE30_OTM5_Q70_Hold,510050__510050_DTE30_OTM5_Q70_Hold,False,OTM5,0.7,2022-10-24,2026-05-27,870,0.30639204160518574,0.0805876180274514,0.08706686575571865,0.13841375783868287,0.6290333209303696,0.5822226004540234,1.1005568166655488,0.42967211114955983,0.18755608273444713,2023-01-30,2024-01-17,2024-11-07,430,0.5813953488372093,-0.06904857554162336,0.12983285395493138,1.3063920416051857,0.013740858408478758,0.38892161754221366,0.5855783824577866,0.9302325581395349,0.06976744186046512,0.0048364342719910275,0.047017701612902925,0.1068629032258064,43,0,moneyness,OTM5,,0.05
common,h19,19,2022-10-21,510050,510050_DTE30_OTM5_Q70_Hold,510050__510050_DTE30_OTM5_Q70_Hold,False,OTM5,0.7,2022-10-24,2026-05-27,870,0.3064365981765529,0.08059830546847513,0.08707766076359678,0.13842042809102775,0.629080995951934,0.5822717541046198,1.1006670865718335,0.429729093791061,0.1875560827344469,2023-01-30,2024-01-17,2024-11-07,430,0.5813953488372093,-0.06904857554162347,0.12990105286314368,1.3064365981765529,0.013746066903438967,0.38652120127347983,0.5879787987265209,0.9302325581395349,0.06976744186046512,0.0048364342719910275,0.047017701612902925,0.1068629032258064,43,0,moneyness,OTM5,,0.05
common,h20,20,2022-10-24,510050,510050_DTE30_OTM5_Q70_Hold,510050__510050_DTE30_OTM5_Q70_Hold,False,OTM5,0.7,2022-10-24,2026-05-27,870,0.303540674633864,0.07990314373824203,0.08627983368284409,0.13728203765030167,0.6284859633466732,0.5820364055331054,1.0945446127770033,0.4260226731828992,0.1875560827344468,2023-01-30,2024-01-17,2024-11-07,430,0.5813953488372093,-0.06904857554162336,0.1234499660052033,1.303540674633864,0.012252422515271316,0.34557026384646655,0.628929736153534,0.9302325581395349,0.09302325581395349,0.005517511279645419,0.047017701612902925,0.1068629032258064,43,0,moneyness,OTM5,,0.05
common,h00,0,2022-09-19,510050,510050_DTE30_OTM7_Q70_Hold,510050__510050_DTE30_OTM7_Q70_Hold,False,OTM7,0.7,2022-10-24,2026-05-27,870,0.2840666121704094,0.07519971605730236,0.08265537042528454,0.14263990564696835,0.5794687682271422,0.5271997041516596,1.0242895240174856,0.3777931224804453,0.19904998683821917,2023-01-30,2024-01-17,2024-11-07,430,0.5813953488372093,-0.06930543288864255,0.1319879454619659,1.2840666121704094,0.008652084988667201,0.43899434129155496,0.5355056587084458,0.9772727272727273,0.022727272727272728,0.0026370380543467497,0.03720923387096767,0.0960524193548387,44,0,moneyness,OTM7,,0.07
common,h01,1,2022-09-20,510050,510050_DTE30_OTM7_Q70_Hold,510050__510050_DTE30_OTM7_Q70_Hold,False,OTM7,0.7,2022-10-24,2026-05-27,870,0.2840666449790117,0.07519972402384845,0.0826553805809989,0.14263992489965585,0.5794687612121585,0.5271996888441287,1.0242896365487242,0.3777931625032871,0.19904998683821906,2023-01-30,2024-01-17,2024-11-07,430,0.5813953488372093,-0.06930543288864222,0.13198794546196613,1.2840666449790117,0.008647757281246289,0.43650222946210304,0.5379977705378974,0.9772727272727273,0.022727272727272728,0.0026370380543467497,0.03720923387096767,0.0960524193548387,44,0,moneyness,OTM7,,0.07
common,h02,2,2022-09-21,510050,510050_DTE30_OTM7_Q70_Hold,510050__510050_DTE30_OTM7_Q70_Hold,False,OTM7,0.7,2022-10-24,2026-05-27,870,0.28406667781692074,0.07519973199751084,0.08265539074703517,0.14263994417831086,0.5794687541640482,0.5271996734905156,1.0242897491002945,0.3777932025618796,0.19904998683821928,2023-01-30,2024-01-17,2024-11-07,430,0.5813953488372093,-0.06930543288864222,0.1319879454619659,1.2840666778169207,0.008643425844165893,0.4340546077097989,0.5404453922902016,0.9772727272727273,0.022727272727272728,0.0026370380543467497,0.03720923387096767,0.0960524193548387,44,0,moneyness,OTM7,,0.07
common,h03,3,2022-09-22,510050,510050_DTE30_OTM7_Q70_Hold,510050__510050_DTE30_OTM7_Q70_Hold,False,OTM7,0.7,2022-10-24,2026-05-27,870,0.2840298669724042,0.07519079354088798,0.08264709928776044,0.14264011617547084,0.5794099269106799,0.5271363733915564,1.0241867436174499,0.3777482969742687,0.1990499868382194,2023-01-30,2024-01-17,2024-11-07,430,0.5813953488372093,-0.06930543288864222,0.13198794546196568,1.2840298669724042,0.008651283209124182,0.4389742787824916,0.5355257212175093,0.9772727272727273,0.022727272727272728,0.0026370380543467497,0.03720923387096767,0.0960524193548387,44,0,moneyness,OTM7,,0.07
common,h04,4,2022-09-23,510050,510050_DTE30_OTM7_Q70_Hold,510050__510050_DTE30_OTM7_Q70_Hold,False,OTM7,0.7,2022-10-24,2026-05-27,870,0.2840298792749254,0.07519079652823235,0.08264710414405534,0.14264013074774032,0.5794099017633201,0.5271363404819616,1.0241867922954735,0.3777483119822798,0.19904998683821928,2023-01-30,2024-01-17,2024-11-07,430,0.5813953488372093,-0.06930543288864222,0.13198794546196613,1.2840298792749254,0.008648037257172985,0.43704248447504124,0.5374575155249592,0.9772727272727273,0.022727272727272728,0.0026370380543467497,0.03720923387096767,0.0960524193548387,44,0,moneyness,OTM7,,0.07
common,h05,5,2022-09-26,510050,510050_DTE30_OTM7_Q70_Hold,510050__510050_DTE30_OTM7_Q70_Hold,False,OTM7,0.7,2022-10-24,2026-05-27,870,0.2840298977441613,0.07519080101300157,0.08264711143592751,0.14264015263377786,0.5794098639821302,0.5271362910417697,1.0241868652874517,0.37774833451314926,0.19904998683821917,2023-01-30,2024-01-17,2024-11-07,430,0.5813953488372093,-0.06930543288864244,0.1319879454619659,1.2840298977441613,0.008643164395303889,0.4342163518129238,0.5402836481870765,0.9772727272727273,0.022727272727272728,0.0026370380543467497,0.03720923387096767,0.0960524193548387,44,0,moneyness,OTM7,,0.07
common,h06,6,2022-09-27,510050,510050_DTE30_OTM7_Q70_Hold,510050__510050_DTE30_OTM7_Q70_Hold,False,OTM7,0.7,2022-10-24,2026-05-27,870,0.28402988850722477,0.07519079877005397,0.08264710778887621,0.1426401416866106,0.5794098828817567,0.5271363157732478,1.0241868287952325,0.37774832324488605,0.19904998683821928,2023-01-30,2024-01-17,2024-11-07,430,0.5813953488372093,-0.0693054328886421,0.13198794546196613,1.2840298885072248,0.00864560141666329,0.43554982451416513,0.5389501754858347,0.9772727272727273,0.022727272727272728,0.0026370380543467497,0.03720923387096767,0.0960524193548387,44,0,moneyness,OTM7,,0.07
common,h07,7,2022-09-28,510050,510050_DTE30_OTM7_Q70_Hold,510050__510050_DTE30_OTM7_Q70_Hold,False,OTM7,0.7,2022-10-24,2026-05-27,870,0.2840299100672983,0.07519080400535194,0.08264711630213627,0.14264016724292117,0.5794098387545029,0.5271362580310172,1.0241869139319852,0.37774834954630937,0.19904998683821928,2023-01-30,2024-01-17,2024-11-07,430,0.5813953488372093,-0.06930543288864244,0.1319879454619659,1.2840299100672983,0.00863991319512945,0.43226037234174386,0.5422396276582571,0.9772727272727273,0.022727272727272728,0.0026370380543467497,0.03720923387096767,0.0960524193548387,44,0,moneyness,OTM7,,0.07
common,h08,8,2022-09-29,510050,510050_DTE30_OTM7_Q70_Hold,510050__510050_DTE30_OTM7_Q70_Hold,False,OTM7,0.7,2022-10-24,2026-05-27,870,0.28402992034289,0.0751908065005098,0.0826471203603443,0.14264017942849996,0.5794098177068835,0.5271362304910733,1.0241869544587678,0.37774836208164275,0.19904998683821906,2023-01-30,2024-01-17,2024-11-07,430,0.5813953488372093,-0.06930543288864233,0.13198794546196613,1.28402992034289,0.008637202255390011,0.4306082995952208,0.5438917004047803,0.9772727272727273,0.022727272727272728,0.0026370380543467497,0.03720923387096767,0.0960524193548387,44,0,moneyness,OTM7,,0.07
common,h09,9,2022-09-30,510050,510050_DTE30_OTM7_Q70_Hold,510050__510050_DTE30_OTM7_Q70_Hold,False,OTM7,0.7,2022-10-24,2026-05-27,870,0.284029926511,0.07519080799827327,0.08264712279659575,0.14264018674478013,0.5794098050675764,0.5271362139535677,1.024186978770335,0.3777483696062014,0.1990499868382195,2023-01-30,2024-01-17,2024-11-07,430,0.5813953488372093,-0.06930543288864222,0.13198794546196613,1.284029926511,0.008635574990102379,0.42961497646582153,0.5448850235341794,0.9772727272727273,0.022727272727272728,0.0026370380543467497,0.03720923387096767,0.0960524193548387,44,0,moneyness,OTM7,,0.07
common,h10,10,2022-10-10,510050,510050_DTE30_OTM7_Q70_Hold,510050__510050_DTE30_OTM7_Q70_Hold,False,OTM7,0.7,2022-10-24,2026-05-27,870,0.2814982600228044,0.0745756284710779,0.0821891446860743,0.14345478565480202,0.5729271722161129,0.5198545878457527,1.015777526455208,0.374657791520932,0.1990499868382195,2023-01-30,2024-01-17,2024-11-07,430,0.5813953488372093,-0.06930543288864233,0.13070048042560245,1.2814982600228044,0.00831529390795361,0.4304372624460455,0.5440627375539561,0.9767441860465116,0.023255813953488372,0.0025191020515749132,0.03720923387096767,0.0960524193548387,43,0,moneyness,OTM7,,0.07
common,h11,11,2022-10-11,510050,510050_DTE30_OTM7_Q70_Hold,510050__510050_DTE30_OTM7_Q70_Hold,False,OTM7,0.7,2022-10-24,2026-05-27,870,0.28153105367297804,0.07458360264207009,0.08219731781632071,0.14346014212778593,0.572962751863888,0.5198907622413713,1.015859251225426,0.374697852668983,0.19904998683821928,2023-01-30,2024-01-17,2024-11-07,430,0.5813953488372093,-0.06930543288864255,0.13075301556122287,1.281531053672978,0.008318907968962478,0.4276163492258767,0.5468836507741238,0.9767441860465116,0.023255813953488372,0.0025191020515749132,0.03720923387096767,0.0960524193548387,43,0,moneyness,OTM7,,0.07
common,h12,12,2022-10-12,510050,510050_DTE30_OTM7_Q70_Hold,510050__510050_DTE30_OTM7_Q70_Hold,False,OTM7,0.7,2022-10-24,2026-05-27,870,0.2808495796740216,0.07441786424557373,0.08205403735043083,0.1435384738421658,0.5716518725192595,0.5184523859951531,1.013857531856298,0.3738652055579283,0.19904998683821917,2023-01-30,2024-01-17,2024-11-07,430,0.5813953488372093,-0.06930543288864233,0.1307351319758825,1.2808495796740216,0.008143137387067692,0.42278316312060854,0.5517168368793914,0.9767441860465116,0.023255813953488372,0.0025191020515749132,0.03720923387096767,0.0960524193548387,43,0,moneyness,OTM7,,0.07
common,h13,13,2022-10-13,510050,510050_DTE30_OTM7_Q70_Hold,510050__510050_DTE30_OTM7_Q70_Hold,False,OTM7,0.7,2022-10-24,2026-05-27,870,0.2815252642990511,0.07458219489660611,0.08219587492397537,0.1434591963233744,0.5729564714603302,0.5198843769380167,1.0158448244894878,0.37469078034767145,0.19904998683821928,2023-01-30,2024-01-17,2024-11-07,430,0.5813953488372093,-0.0693054328886421,0.13074374087633256,1.2815252642990511,0.008318269921582145,0.4282838353154317,0.5462161646845692,0.9767441860465116,0.023255813953488372,0.0025191020515749132,0.03720923387096767,0.0960524193548387,43,0,moneyness,OTM7,,0.07
common,h14,14,2022-10-14,510050,510050_DTE30_OTM7_Q70_Hold,510050__510050_DTE30_OTM7_Q70_Hold,False,OTM7,0.7,2022-10-24,2026-05-27,870,0.2808151936488661,0.07440949970734057,0.0820454443531636,0.14353272525614655,0.5716148997153537,0.5184148742006423,1.013772050427945,0.37382318325807207,0.1990499868382195,2023-01-30,2024-01-17,2024-11-07,430,0.5813953488372093,-0.06930543288864222,0.13067947878332542,1.280815193648866,0.008139387569673957,0.4255987691885826,0.5489012308114181,0.9767441860465116,0.023255813953488372,0.0025191020515749132,0.03720923387096767,0.0960524193548387,43,0,moneyness,OTM7,,0.07
common,h15,15,2022-10-17,510050,510050_DTE30_OTM7_Q70_Hold,510050__510050_DTE30_OTM7_Q70_Hold,False,OTM7,0.7,2022-10-24,2026-05-27,870,0.2808572257023527,0.07441972415089726,0.08205594810410288,0.14353975246218478,0.571660092041195,0.51846072516046,1.0138765374668297,0.37387454946873677,0.1990499868382194,2023-01-30,2024-01-17,2024-11-07,430,0.5813953488372093,-0.0693054328886421,0.1307475072801687,1.2808572257023527,0.008143971240729693,0.4218398314448618,0.5526601685551392,0.9767441860465116,0.023255813953488372,0.0025191020515749132,0.03720923387096767,0.0960524193548387,43,0,moneyness,OTM7,,0.07
common,h16,16,2022-10-18,510050,510050_DTE30_OTM7_Q70_Hold,510050__510050_DTE30_OTM7_Q70_Hold,False,OTM7,0.7,2022-10-24,2026-05-27,870,0.2809146253482415,0.07443368643009896,0.08207029267160813,0.14354935554211937,0.5717217772358971,0.5185233061409258,1.0140191925428925,0.37394469405615205,0.19904998683821917,2023-01-30,2024-01-17,2024-11-07,430,0.5813953488372093,-0.06930543288864222,0.13084041409628755,1.2809146253482415,0.008150231654872131,0.41670127175679844,0.5577987282432024,0.9767441860465116,0.023255813953488372,0.0025191020515749132,0.03720923387096767,0.0960524193548387,43,0,moneyness,OTM7,,0.07
common,h17,17,2022-10-19,510050,510050_DTE30_OTM7_Q70_Hold,510050__510050_DTE30_OTM7_Q70_Hold,False,OTM7,0.7,2022-10-24,2026-05-27,870,0.2816761035030204,0.07461887151763569,0.08223347045870573,0.1434838633298504,0.5731199909892437,0.5200506160479997,1.01622057806882,0.3748750386920815,0.19904998683821906,2023-01-30,2024-01-17,2024-11-07,430,0.5813953488372093,-0.06930543288864244,0.13098541040188283,1.2816761035030204,0.008334897132032833,0.4145056178837545,0.5599943821162461,0.9767441860465116,0.023255813953488372,0.0025191020515749132,0.03720923387096767,0.0960524193548387,43,0,moneyness,OTM7,,0.07
common,h18,18,2022-10-20,510050,510050_DTE30_OTM7_Q70_Hold,510050__510050_DTE30_OTM7_Q70_Hold,False,OTM7,0.7,2022-10-24,2026-05-27,870,0.2822461327175849,0.07475744671180284,0.0823406282506578,0.14332875025819633,0.5744878686399424,0.5215802592092147,1.0180106010282362,0.3755712215774367,0.19904998683821962,2023-01-30,2024-01-17,2024-11-07,430,0.5813953488372093,-0.06930543288864222,0.13104257598119617,1.282246132717585,0.008643204100020724,0.4230540098742904,0.5514459901257102,0.9767441860465116,0.023255813953488372,0.0025191020515749132,0.03720923387096767,0.0960524193548387,43,0,moneyness,OTM7,,0.07
common,h19,19,2022-10-21,510050,510050_DTE30_OTM7_Q70_Hold,510050__510050_DTE30_OTM7_Q70_Hold,False,OTM7,0.7,2022-10-24,2026-05-27,870,0.2822852030215124,0.07476694317569321,0.08235033167233287,0.14333493098420708,0.5745307937630807,0.5216240218787365,1.0181083424206292,0.37561893051749456,0.19904998683821906,2023-01-30,2024-01-17,2024-11-07,430,0.5813953488372093,-0.06930543288864222,0.13110467915002344,1.2822852030215124,0.008647625849801725,0.41961383047938067,0.5548861695206203,0.9767441860465116,0.023255813953488372,0.0025191020515749132,0.03720923387096767,0.0960524193548387,43,0,moneyness,OTM7,,0.07
common,h20,20,2022-10-24,510050,510050_DTE30_OTM7_Q70_Hold,510050__510050_DTE30_OTM7_Q70_Hold,False,OTM7,0.7,2022-10-24,2026-05-27,870,0.28612725934394434,0.07569979518053338,0.08311809481629351,0.14262256861545797,0.5827836058709496,0.5307701012217554,1.030065511286487,0.38030545182632697,0.19904998683821917,2023-01-30,2024-01-17,2024-11-07,430,0.5813953488372093,-0.06930543288864233,0.13180646057105827,1.2861272593439443,0.009094317831325638,0.43276084688095967,0.5417391531190412,0.9767441860465116,0.023255813953488372,0.0026370380543467497,0.03720923387096767,0.0960524193548387,43,0,moneyness,OTM7,,0.07
common,h00,0,2022-09-19,510300,510300_DTE30_ATM_Q70_Hold,510300__510300_DTE30_ATM_Q70_Hold,False,ATM,0.7,2022-10-24,2026-05-27,870,0.24776254685759147,0.06629447271649047,0.07057019197220663,0.11276816957368545,0.6257988600772169,0.587882848210745,0.9856640784732656,0.42436083725607987,0.1562219387282554,2023-08-04,2024-02-02,2024-10-08,280,0.627906976744186,-0.06465791592745018,0.09807230965780867,1.2477625468575915,-0.02745436233142957,-0.13724062872514642,1.1117406287251486,0.6363636363636364,0.5227272727272727,0.01901630151278031,0.08019211283822643,0.1668393782383419,44,0,moneyness,ATM,,0.0
common,h01,1,2022-09-20,510300,510300_DTE30_ATM_Q70_Hold,510300__510300_DTE30_ATM_Q70_Hold,False,ATM,0.7,2022-10-24,2026-05-27,870,0.24776456734407093,0.06629497342119928,0.07057067149536064,0.11276825708308305,0.6258026267388974,0.5878868321282632,0.9856705549737554,0.42436404234182384,0.15622193872825563,2023-08-04,2024-02-02,2024-10-08,280,0.627906976744186,-0.06465791592744996,0.09807230965780911,1.247764567344071,-0.027457369274159614,-0.13823513671222912,1.1127351367122313,0.6363636363636364,0.5227272727272727,0.01901630151278031,0.08019211283822643,0.1668393782383419,44,0,moneyness,ATM,,0.0
common,h02,2,2022-09-21,510300,510300_DTE30_ATM_Q70_Hold,510300__510300_DTE30_ATM_Q70_Hold,False,ATM,0.7,2022-10-24,2026-05-27,870,0.24777424815031335,0.06629737245191913,0.07057296910705466,0.11276867700578432,0.6258206709602057,0.5879059168932035,0.9857015835907605,0.4243793988963474,0.15622193872825563,2023-08-04,2024-02-02,2024-10-08,280,0.627906976744186,-0.06465791592745007,0.09807230965780933,1.2477742481503133,-0.02747177525758213,-0.14273222873425898,1.117232228734261,0.6363636363636364,0.5227272727272727,0.01901630151278031,0.08019211283822643,0.1668393782383419,44,0,moneyness,ATM,,0.0
common,h03,3,2022-09-22,510300,510300_DTE30_ATM_Q70_Hold,510300__510300_DTE30_ATM_Q70_Hold,False,ATM,0.7,2022-10-24,2026-05-27,870,0.24790866775342368,0.06633068202644954,0.07060397845979555,0.11276657151531372,0.6261073429035441,0.5882122790036391,0.9861492679086883,0.4245926184659009,0.15622193872825552,2023-08-04,2024-02-02,2024-10-08,280,0.627906976744186,-0.06465791592744985,0.09807230965780889,1.2479086677534237,-0.02714935199661768,-0.1290825497484554,1.1035825497484573,0.6363636363636364,0.5227272727272727,0.01901630151278031,0.08019211283822643,0.1668393782383419,44,0,moneyness,ATM,,0.0
common,h04,4,2022-09-23,510300,510300_DTE30_ATM_Q70_Hold,510300__510300_DTE30_ATM_Q70_Hold,False,ATM,0.7,2022-10-24,2026-05-27,870,0.24791415310849474,0.06633204125953074,0.07060527879398779,0.11276679703087537,0.6261176219686029,0.5882231561597793,0.9861669038600024,0.42460131912018906,0.15622193872825574,2023-08-04,2024-02-02,2024-10-08,280,0.627906976744186,-0.06465791592744996,0.09807230965780911,1.2479141531084947,-0.02715686218698158,-0.13158367784878974,1.1060836778487917,0.6363636363636364,0.5227272727272727,0.01901630151278031,0.08019211283822643,0.1668393782383419,44,0,moneyness,ATM,,0.0
common,h05,5,2022-09-26,510300,510300_DTE30_ATM_Q70_Hold,510300__510300_DTE30_ATM_Q70_Hold,False,ATM,0.7,2022-10-24,2026-05-27,870,0.24792485517367902,0.0663346931451172,0.0706078158623859,0.11276723791098903,0.6261376723452164,0.5882443728689835,0.9862013088582844,0.4246182942365402,0.15622193872825563,2023-08-04,2024-02-02,2024-10-08,280,0.627906976744186,-0.06465791592744985,0.09807230965780933,1.247924855173679,-0.02717151309211366,-0.13642793222939195,1.110927932229394,0.6363636363636364,0.5227272727272727,0.01901630151278031,0.08019211283822643,0.1668393782383419,44,0,moneyness,ATM,,0.0
common,h06,6,2022-09-27,510300,510300_DTE30_ATM_Q70_Hold,510300__510300_DTE30_ATM_Q70_Hold,False,ATM,0.7,2022-10-24,2026-05-27,870,0.24790527543191732,0.06632984143049914,0.07060317430551877,0.11276643220451593,0.6261009852424092,0.588205551366578,0.9861383607107337,0.42458723768547213,0.15622193872825563,2023-08-04,2024-02-02,2024-10-08,280,0.627906976744186,-0.06465791592745007,0.09807230965780911,1.2479052754319173,-0.02714470716190699,-0.12766858204524514,1.1021685820452476,0.6363636363636364,0.5227272727272727,0.01901630151278031,0.08019211283822643,0.1668393782383419,44,0,moneyness,ATM,,0.0
common,h07,7,2022-09-28,510300,510300_DTE30_ATM_Q70_Hold,510300__510300_DTE30_ATM_Q70_Hold,False,ATM,0.7,2022-10-24,2026-05-27,870,0.2479320976838506,0.06633648777166457,0.07060953285963842,0.11276753694237153,0.6261512379730575,0.5882587273814893,0.986224589690021,0.42462978190953937,0.15622193872825552,2023-08-04,2024-02-02,2024-10-08,280,0.627906976744186,-0.0646579159274503,0.09807230965780933,1.2479320976838506,-0.02718142668972105,-0.13983472457810225,1.1143347245781046,0.6363636363636364,0.5227272727272727,0.01901630151278031,0.08019211283822643,0.1668393782383419,44,0,moneyness,ATM,,0.0
common,h08,8,2022-09-29,510300,510300_DTE30_ATM_Q70_Hold,510300__510300_DTE30_ATM_Q70_Hold,False,ATM,0.7,2022-10-24,2026-05-27,870,0.24793459538941787,0.06633710667811976,0.07061012500776712,0.1127676401940391,0.626155915706566,0.5882636770972027,0.9862326180423776,0.42463374362234513,0.15622193872825552,2023-08-04,2024-02-02,2024-10-08,280,0.627906976744186,-0.06465791592745018,0.09807230965780911,1.2479345953894179,-0.027184845332549203,-0.1410366263733809,1.115536626373383,0.6363636363636364,0.5227272727272727,0.01901630151278031,0.08019211283822643,0.1668393782383419,44,0,moneyness,ATM,,0.0
common,h09,9,2022-09-30,510300,510300_DTE30_ATM_Q70_Hold,510300__510300_DTE30_ATM_Q70_Hold,False,ATM,0.7,2022-10-24,2026-05-27,870,0.24794917099408686,0.06634071834961719,0.0706135806663615,0.11276824401296263,0.6261832068454,0.588292554613082,0.9862794637002724,0.424656862471892,0.15622193872825563,2023-08-04,2024-02-02,2024-10-08,280,0.627906976744186,-0.06465791592744985,0.09807230965780911,1.2479491709940869,-0.027204792766448993,-0.14788333856073024,1.122383338560732,0.6363636363636364,0.5227272727272727,0.01901630151278031,0.08019211283822643,0.1668393782383419,44,0,moneyness,ATM,,0.0
common,h10,10,2022-10-10,510300,510300_DTE30_ATM_Q70_Hold,510300__510300_DTE30_ATM_Q70_Hold,False,ATM,0.7,2022-10-24,2026-05-27,870,0.2616051793553378,0.06971144638486204,0.073894753711244,0.11388194576108435,0.6488715416425144,0.6121378232429515,1.028323144137996,0.4462333968734283,0.15622193872825552,2023-08-04,2024-02-02,2024-10-08,280,0.627906976744186,-0.06465791592745007,0.09807230965780889,1.2616051793553378,-0.02247730922318783,-0.13434982502612416,1.1088498250261263,0.6511627906976745,0.5348837209302325,0.01875266882631774,0.08019211283822643,0.1668393782383419,43,0,moneyness,ATM,,0.0
common,h11,11,2022-10-11,510300,510300_DTE30_ATM_Q70_Hold,510300__510300_DTE30_ATM_Q70_Hold,False,ATM,0.7,2022-10-24,2026-05-27,870,0.2615939347125906,0.06970868153864651,0.07389197567461374,0.11388022388939571,0.6488569582228789,0.6121228002357101,1.0282912230358083,0.44621569867919236,0.15622193872825552,2023-08-04,2024-02-02,2024-10-08,280,0.627906976744186,-0.0646579159274503,0.09807230965780889,1.2615939347125906,-0.022478768103116217,-0.13381972337098183,1.1083197233709838,0.6511627906976745,0.5348837209302325,0.01875266882631774,0.08019211283822643,0.1668393782383419,43,0,moneyness,ATM,,0.0
common,h12,12,2022-10-12,510300,510300_DTE30_ATM_Q70_Hold,510300__510300_DTE30_ATM_Q70_Hold,False,ATM,0.7,2022-10-24,2026-05-27,870,0.2613307878772284,0.06964397368341047,0.07382697080969587,0.11384004175856469,0.6485149659929877,0.6117704509553278,1.0275436082898086,0.4458014940177798,0.15622193872825574,2023-08-04,2024-02-02,2024-10-08,280,0.627906976744186,-0.06465791592744996,0.09807230965780911,1.2613307878772284,-0.022512898622655948,-0.12256695034797424,1.0970669503479762,0.6511627906976745,0.5348837209302325,0.01875266882631774,0.08019211283822643,0.1668393782383419,43,0,moneyness,ATM,,0.0
common,h13,13,2022-10-13,510300,510300_DTE30_ATM_Q70_Hold,510300__510300_DTE30_ATM_Q70_Hold,False,ATM,0.7,2022-10-24,2026-05-27,870,0.261472316017096,0.06967877667018119,0.07386193075474146,0.113861625939248,0.6486990691152719,0.6119601410519027,1.0279458400946155,0.44602427314249166,0.15622193872825585,2023-08-04,2024-02-02,2024-10-08,280,0.627906976744186,-0.0646579159274503,0.09807230965780911,1.261472316017096,-0.022494544640769276,-0.12856464928363515,1.1030646492836371,0.6511627906976745,0.5348837209302325,0.01875266882631774,0.08019211283822643,0.1668393782383419,43,0,moneyness,ATM,,0.0
common,h14,14,2022-10-14,510300,510300_DTE30_ATM_Q70_Hold,510300__510300_DTE30_ATM_Q70_Hold,False,ATM,0.7,2022-10-24,2026-05-27,870,0.26284317408251234,0.07001573906512126,0.07429951299420275,0.11495125951919227,0.646356667208137,0.6090906646693283,1.0304634365262326,0.44818121984078074,0.15622193872825552,2023-08-04,2024-02-02,2024-10-08,280,0.627906976744186,-0.06465791592745007,0.09807230965780933,1.2628431740825123,-0.022809992164831826,-0.1227586090431936,1.0972586090431957,0.6511627906976745,0.5116279069767442,0.01875266882631774,0.08019211283822643,0.1668393782383419,43,0,moneyness,ATM,,0.0
common,h15,15,2022-10-17,510300,510300_DTE30_ATM_Q70_Hold,510300__510300_DTE30_ATM_Q70_Hold,False,ATM,0.7,2022-10-24,2026-05-27,870,0.26290240609359206,0.07003029267590133,0.07431439974375816,0.11496262878871231,0.6464222376154883,0.6091570227104732,1.0306250084599111,0.44827437968054806,0.15622193872825552,2023-08-04,2024-02-02,2024-10-08,280,0.627906976744186,-0.06465791592744996,0.09807230965780933,1.262902406093592,-0.022802739114243527,-0.12527815443537604,1.0997781544353784,0.6511627906976745,0.5116279069767442,0.01875266882631774,0.08019211283822643,0.1668393782383419,43,0,moneyness,ATM,,0.0
common,h16,16,2022-10-18,510300,510300_DTE30_ATM_Q70_Hold,510300__510300_DTE30_ATM_Q70_Hold,False,ATM,0.7,2022-10-24,2026-05-27,870,0.26297775945267343,0.07004880668463853,0.07433333961694748,0.11497711140341321,0.6465055410562421,0.6092413162030357,1.0308304581987555,0.4483928906200993,0.15622193872825552,2023-08-04,2024-02-02,2024-10-08,280,0.627906976744186,-0.06465791592745007,0.09807230965780911,1.2629777594526734,-0.022793510035570883,-0.12844628310504302,1.1029462831050454,0.6511627906976745,0.5116279069767442,0.01875266882631774,0.08019211283822643,0.1668393782383419,43,0,moneyness,ATM,,0.0
common,h17,17,2022-10-19,510300,510300_DTE30_ATM_Q70_Hold,510300__510300_DTE30_ATM_Q70_Hold,False,ATM,0.7,2022-10-24,2026-05-27,870,0.2615688697566956,0.06970251847432496,0.07388578335522807,0.11387638716310365,0.6488244419749851,0.6120893032415137,1.0282200615225554,0.4461762479824988,0.15622193872825574,2023-08-04,2024-02-02,2024-10-08,280,0.627906976744186,-0.06465791592745007,0.09807230965780933,1.2615688697566956,-0.02248201990249401,-0.13304474775353947,1.1075447477535412,0.6511627906976745,0.5348837209302325,0.01875266882631774,0.08019211283822643,0.1668393782383419,43,0,moneyness,ATM,,0.0
common,h18,18,2022-10-20,510300,510300_DTE30_ATM_Q70_Hold,510300__510300_DTE30_ATM_Q70_Hold,False,ATM,0.7,2022-10-24,2026-05-27,870,0.2615818310722169,0.06970570546151356,0.07388898544511337,0.11387837092338254,0.6488412579665891,0.6121066265376383,1.0282568610845702,0.4461966483642546,0.15622193872825552,2023-08-04,2024-02-02,2024-10-08,280,0.627906976744186,-0.06465791592744996,0.09807230965780933,1.2615818310722169,-0.022480338389664477,-0.13354042116751677,1.1080404211675186,0.6511627906976745,0.5348837209302325,0.01875266882631774,0.08019211283822643,0.1668393782383419,43,0,moneyness,ATM,,0.0
common,h19,19,2022-10-21,510300,510300_DTE30_ATM_Q70_Hold,510300__510300_DTE30_ATM_Q70_Hold,False,ATM,0.7,2022-10-24,2026-05-27,870,0.2616666868438533,0.06972656961014723,0.07390994981069593,0.11389137129583245,0.6489512679473768,0.6122199497364265,1.0284977134851667,0.44633020290085473,0.15622193872825563,2023-08-04,2024-02-02,2024-10-08,280,0.627906976744186,-0.06465791592744996,0.09807230965780911,1.2616666868438533,-0.022469328612603295,-0.13721855187818402,1.111718551878186,0.6511627906976745,0.5348837209302325,0.01875266882631774,0.08019211283822643,0.1668393782383419,43,0,moneyness,ATM,,0.0
common,h20,20,2022-10-24,510300,510300_DTE30_ATM_Q70_Hold,510300__510300_DTE30_ATM_Q70_Hold,False,ATM,0.7,2022-10-24,2026-05-27,870,0.24872583578529173,0.06653312387915311,0.07079273439224729,0.11275654662360975,0.6278370215483721,0.5900599643340083,0.9888512379784002,0.42588847904957805,0.15622193872825552,2023-08-04,2024-02-02,2024-10-08,280,0.627906976744186,-0.06465791592745052,0.09807230965780911,1.2487258357852917,-0.027393773187770063,-0.1693728594501276,1.1438728594501297,0.627906976744186,0.5348837209302325,0.01901630151278031,0.08019211283822643,0.1668393782383419,43,0,moneyness,ATM,,0.0
common,h00,0,2022-09-19,510300,510300_DTE30_D40_Q70_Hold,510300__510300_DTE30_D40_Q70_Hold,False,D40,0.7,2022-10-24,2026-05-27,870,0.3644213924943609,0.09429273986333842,0.09762909417072743,0.1224038724600069,0.797598084183373,0.7703411499023182,1.2864377784613414,0.5732618758826523,0.16448458170736668,2023-01-13,2024-02-02,2024-10-08,414,0.6046511627906976,-0.0654440905654593,0.09807230965780889,1.364421392494361,-0.0005074637435114516,0.03250932002774214,0.9419906799722588,0.75,0.4090909090909091,0.012365020652278104,0.08019211283822643,0.1668393782383419,44,0,target_delta,D40,0.4,
common,h01,1,2022-09-20,510300,510300_DTE30_D40_Q70_Hold,510300__510300_DTE30_D40_Q70_Hold,False,D40,0.7,2022-10-24,2026-05-27,870,0.36442361111702604,0.0942932558624534,0.09762957611624469,0.12240395645109886,0.7976014742239833,0.7703448368527545,1.286443890003107,0.5732650129494187,0.1644845817073669,2023-01-13,2024-02-02,2024-10-08,414,0.6046511627906976,-0.0654440905654593,0.09807230965780889,1.364423611117026,-0.0005105331611247426,0.031352046106040254,0.9431479538939608,0.75,0.4090909090909091,0.012365020652278104,0.08019211283822643,0.1668393782383419,44,0,target_delta,D40,0.4,
common,h02,2,2022-09-21,510300,510300_DTE30_D40_Q70_Hold,510300__510300_DTE30_D40_Q70_Hold,False,D40,0.7,2022-10-24,2026-05-27,870,0.36445022057083665,0.09429944454512107,0.09763513487686085,0.12240314737813553,0.7976521598357289,0.7704004885904222,1.2865218283375794,0.573302637647146,0.16448458170736713,2023-01-13,2024-02-02,2024-10-08,414,0.6046511627906976,-0.06544409056545963,0.09807230965780911,1.3644502205708366,-0.0004407154254433623,0.04405150645369473,0.9304484935463062,0.75,0.4090909090909091,0.012365020652278104,0.08019211283822643,0.1668393782383419,44,0,target_delta,D40,0.4,
common,h03,3,2022-09-22,510300,510300_DTE30_D40_Q70_Hold,510300__510300_DTE30_D40_Q70_Hold,False,D40,0.7,2022-10-24,2026-05-27,870,0.3644616002575152,0.09430209114486421,0.09763760607232201,0.12240357224694084,0.7976695800621311,0.7704194364084096,1.2865532080017223,0.5733187279074966,0.1644845817073668,2023-01-13,2024-02-02,2024-10-08,414,0.6046511627906976,-0.0654440905654593,0.09807230965780911,1.3644616002575152,-0.00045619792302417124,0.03844096725696768,0.9360590327430333,0.75,0.4090909090909091,0.012365020652278104,0.08019211283822643,0.1668393782383419,44,0,target_delta,D40,0.4,
common,h04,4,2022-09-23,510300,510300_DTE30_D40_Q70_Hold,510300__510300_DTE30_D40_Q70_Hold,False,D40,0.7,2022-10-24,2026-05-27,870,0.3644644955135652,0.09430276449868091,0.09763823482024585,0.12240368052253514,0.7976740111362106,0.7704242560036362,1.2865611908141985,0.5733228216274658,0.16448458170736668,2023-01-13,2024-02-02,2024-10-08,414,0.6046511627906976,-0.06544409056545919,0.09807230965780911,1.3644644955135652,-0.00046013664650744707,0.03699782982632364,0.9375021701736773,0.75,0.4090909090909091,0.012365020652278104,0.08019211283822643,0.1668393782383419,44,0,target_delta,D40,0.4,
common,h05,5,2022-09-26,510300,510300_DTE30_D40_Q70_Hold,510300__510300_DTE30_D40_Q70_Hold,False,D40,0.7,2022-10-24,2026-05-27,870,0.3644721235526911,0.0943045385577308,0.09763989139840004,0.12240396614071226,0.7976856835354165,0.7704369517677301,1.286582221125801,0.5733336071918715,0.1644845817073669,2023-01-13,2024-02-02,2024-10-08,414,0.6046511627906976,-0.0654440905654593,0.09807230965780889,1.364472123552691,-0.0004705131328092496,0.03317508595608358,0.9413249140439173,0.75,0.4090909090909091,0.012365020652278104,0.08019211283822643,0.1668393782383419,44,0,target_delta,D40,0.4,
common,h06,6,2022-09-27,510300,510300_DTE30_D40_Q70_Hold,510300__510300_DTE30_D40_Q70_Hold,False,D40,0.7,2022-10-24,2026-05-27,870,0.3644607737196488,0.09430189891559104,0.09763742657870556,0.12240354134975004,0.7976683150017779,0.7704180604230828,1.2865509290008452,0.5733175592309473,0.16448458170736713,2023-01-13,2024-02-02,2024-10-08,414,0.6046511627906976,-0.06544409056545941,0.09807230965780933,1.3644607737196488,-0.0004550734675269567,0.03875641579808541,0.9357435842019155,0.75,0.4090909090909091,0.012365020652278104,0.08019211283822643,0.1668393782383419,44,0,target_delta,D40,0.4,
common,h07,7,2022-09-28,510300,510300_DTE30_D40_Q70_Hold,510300__510300_DTE30_D40_Q70_Hold,False,D40,0.7,2022-10-24,2026-05-27,870,0.3644791940151584,0.09430618293445092,0.09764142693443034,0.1224042313318687,0.7976965001291487,0.7704487165869545,1.2866017119457709,0.5733436043399515,0.1644845817073668,2023-01-13,2024-02-02,2024-10-08,414,0.6046511627906976,-0.0654440905654593,0.09807230965780933,1.3644791940151584,-0.00048013018059749605,0.029498025370121705,0.9450019746298791,0.75,0.4090909090909091,0.012365020652278104,0.08019211283822643,0.1668393782383419,44,0,target_delta,D40,0.4,
common,h08,8,2022-09-29,510300,510300_DTE30_D40_Q70_Hold,510300__510300_DTE30_D40_Q70_Hold,False,D40,0.7,2022-10-24,2026-05-27,870,0.3644808608497787,0.09430657058912373,0.09764178893773397,0.12240429391279745,0.7976990497350964,0.7704514896863754,1.2866063065147475,0.5733459611242103,0.16448458170736646,2023-01-13,2024-02-02,2024-10-08,414,0.6046511627906976,-0.06544409056545952,0.09807230965780911,1.3644808608497787,-0.0004823972281827376,0.028617266347556385,0.9458827336524446,0.75,0.4090909090909091,0.012365020652278104,0.08019211283822643,0.1668393782383419,44,0,target_delta,D40,0.4,
common,h09,9,2022-09-30,510300,510300_DTE30_D40_Q70_Hold,510300__510300_DTE30_D40_Q70_Hold,False,D40,0.7,2022-10-24,2026-05-27,870,0.3646414999734402,0.09434392875093445,0.09767574899412224,0.12240273401015561,0.7979866608699949,0.7707665152569781,1.2870679278779473,0.5735730836996072,0.1644845817073669,2023-01-13,2024-02-02,2024-10-08,414,0.6046511627906976,-0.06544409056545919,0.09807230965780911,1.3646414999734402,-0.00017373037929423941,0.03820750865425719,0.9362924913457438,0.75,0.4090909090909091,0.012365020652278104,0.08019211283822643,0.1668393782383419,44,0,target_delta,D40,0.4,
common,h10,10,2022-10-10,510300,510300_DTE30_D40_Q70_Hold,510300__510300_DTE30_D40_Q70_Hold,False,D40,0.7,2022-10-24,2026-05-27,870,0.36743283274412475,0.09499258189203097,0.09838913430355611,0.12340124398445597,0.7973107168672429,0.7697862584269941,1.292749069646424,0.5775166335105587,0.1644845817073669,2023-01-13,2024-02-02,2024-10-08,414,0.6046511627906976,-0.06544409056545952,0.09807230965780911,1.3674328327441247,0.0012042379410787019,0.032150143714797214,0.9423498562852037,0.7441860465116279,0.3953488372093023,0.01194746402981664,0.08019211283822643,0.1668393782383419,43,0,target_delta,D40,0.4,
common,h11,11,2022-10-11,510300,510300_DTE30_D40_Q70_Hold,510300__510300_DTE30_D40_Q70_Hold,False,D40,0.7,2022-10-24,2026-05-27,870,0.36745224972390034,0.0949970907382891,0.09839364413157205,0.12340447173295223,0.7973264076239984,0.769802661153667,1.292793261250546,0.5775440454795794,0.1644845817073669,2023-01-13,2024-02-02,2024-10-08,414,0.6046511627906976,-0.06544409056545963,0.09807230965780911,1.3674522497239003,0.0012064368020066791,0.031258399643458216,0.9432416003565428,0.7441860465116279,0.3953488372093023,0.01194746402981664,0.08019211283822643,0.1668393782383419,43,0,target_delta,D40,0.4,
common,h12,12,2022-10-12,510300,510300_DTE30_D40_Q70_Hold,510300__510300_DTE30_D40_Q70_Hold,False,D40,0.7,2022-10-24,2026-05-27,870,0.3672404062183592,0.09494789577958818,0.09834444556533768,0.12336931747577691,0.7971548159423614,0.7696232557842498,1.2923107538000134,0.5772449599471231,0.16448458170736668,2023-01-13,2024-02-02,2024-10-08,414,0.6046511627906976,-0.06544409056545952,0.09807230965780889,1.3672404062183592,0.0011824534177928923,0.040598030092974226,0.9339019699070269,0.7441860465116279,0.3953488372093023,0.01194746402981664,0.08019211283822643,0.1668393782383419,43,0,target_delta,D40,0.4,
common,h13,13,2022-10-13,510300,510300_DTE30_D40_Q70_Hold,510300__510300_DTE30_D40_Q70_Hold,False,D40,0.7,2022-10-24,2026-05-27,870,0.36736014563890107,0.0949757027057172,0.09837225260871733,0.12338917101511851,0.7972519127846647,0.7697247815538052,1.292583578856862,0.5774140148569527,0.1644845817073669,2023-01-13,2024-02-02,2024-10-08,414,0.6046511627906976,-0.0654440905654593,0.09807230965780911,1.367360145638901,0.0011960076413358755,0.03535398136873892,0.939146018631262,0.7441860465116279,0.3953488372093023,0.01194746402981664,0.08019211283822643,0.1668393782383419,43,0,target_delta,D40,0.4,
common,h14,14,2022-10-14,510300,510300_DTE30_D40_Q70_Hold,510300__510300_DTE30_D40_Q70_Hold,False,D40,0.7,2022-10-24,2026-05-27,870,0.363890964819932,0.09416935784127367,0.09773076262274116,0.12417431279361386,0.7870449243812312,0.7583642359091572,1.2810392014734515,0.5725117628885704,0.1644845817073668,2023-01-13,2024-02-02,2024-10-08,414,0.6046511627906976,-0.0654440905654593,0.09807230965780889,1.363890964819932,-5.102897344651774e-06,0.03028030857965727,0.9442196914203438,0.7441860465116279,0.3953488372093023,0.01194746402981664,0.08019211283822643,0.1668393782383419,43,0,target_delta,D40,0.4,
common,h15,15,2022-10-17,510300,510300_DTE30_D40_Q70_Hold,510300__510300_DTE30_D40_Q70_Hold,False,D40,0.7,2022-10-24,2026-05-27,870,0.36392894725561686,0.09417819401361371,0.09773980267835058,0.12418221598380295,0.7870676320601233,0.7583871270737941,1.281120528010545,0.5725654832570588,0.1644845817073669,2023-01-13,2024-02-02,2024-10-08,414,0.6046511627906976,-0.06544409056545941,0.09807230965780889,1.3639289472556169,-1.3111991903224825e-06,0.028418155645119604,0.9460818443548816,0.7441860465116279,0.3953488372093023,0.01194746402981664,0.08019211283822643,0.1668393782383419,43,0,target_delta,D40,0.4,
common,h16,16,2022-10-18,510300,510300_DTE30_D40_Q70_Hold,510300__510300_DTE30_D40_Q70_Hold,False,D40,0.7,2022-10-24,2026-05-27,870,0.36399419599937,0.09419337296786723,0.09775533348672609,0.12419580591431834,0.7871065594128572,0.7584263596860144,1.2812601592297566,0.5726577651846164,0.16448458170736702,2023-01-13,2024-02-02,2024-10-08,414,0.6046511627906976,-0.06544409056545963,0.09807230965780911,1.36399419599937,5.204084907931293e-06,0.0252328865315137,0.9492671134684872,0.7441860465116279,0.3953488372093023,0.01194746402981664,0.08019211283822643,0.1668393782383419,43,0,target_delta,D40,0.4,
common,h17,17,2022-10-19,510300,510300_DTE30_D40_Q70_Hold,510300__510300_DTE30_D40_Q70_Hold,False,D40,0.7,2022-10-24,2026-05-27,870,0.3674687653532491,0.09500092582179809,0.09839748015356124,0.12340721807096869,0.797339747963325,0.7698166064092394,1.2928308442479268,0.5775673612424866,0.1644845817073669,2023-01-13,2024-02-02,2024-10-08,414,0.6046511627906976,-0.06544409056545941,0.09807230965780911,1.3674687653532491,0.0012083071988512745,0.030162419751810582,0.9443375802481904,0.7441860465116279,0.3953488372093023,0.01194746402981664,0.08019211283822643,0.1668393782383419,43,0,target_delta,D40,0.4,
common,h18,18,2022-10-20,510300,510300_DTE30_D40_Q70_Hold,510300__510300_DTE30_D40_Q70_Hold,False,D40,0.7,2022-10-24,2026-05-27,870,0.3674979357111223,0.09500769937121878,0.09840425559279728,0.12341207072829942,0.7973632968969572,0.7698412222608685,1.2928972123580549,0.5776085416944803,0.1644845817073669,2023-01-13,2024-02-02,2024-10-08,414,0.6046511627906976,-0.06544409056545941,0.09807230965780911,1.3674979357111223,0.0012116109631857394,0.028877069006621015,0.9456229309933801,0.7441860465116279,0.3953488372093023,0.01194746402981664,0.08019211283822643,0.1668393782383419,43,0,target_delta,D40,0.4,
common,h19,19,2022-10-21,510300,510300_DTE30_D40_Q70_Hold,510300__510300_DTE30_D40_Q70_Hold,False,D40,0.7,2022-10-24,2026-05-27,870,0.3675242164991641,0.09501380185562613,0.09841036003378806,0.12341644487561129,0.7973844987430458,0.7698633836956529,1.2929569930124316,0.5776456423415072,0.16448458170736702,2023-01-13,2024-02-02,2024-10-08,414,0.6046511627906976,-0.06544409056545952,0.09807230965780911,1.3675242164991641,0.0012145877002982001,0.027774631547134398,0.9467253684528666,0.7441860465116279,0.3953488372093023,0.01194746402981664,0.08019211283822643,0.1668393782383419,43,0,target_delta,D40,0.4,
common,h20,20,2022-10-24,510300,510300_DTE30_D40_Q70_Hold,510300__510300_DTE30_D40_Q70_Hold,False,D40,0.7,2022-10-24,2026-05-27,870,0.36607891259079395,0.0946780738870674,0.09797963464693507,0.12239019845538844,0.8005513176992595,0.7735756219202292,1.2911748234001847,0.5756045515287769,0.1644845817073669,2023-01-13,2024-02-02,2024-10-08,414,0.6046511627906976,-0.0654440905654593,0.09807230965780911,1.366078912590794,-0.0002381222437203975,0.015381307453851734,0.9591186925461492,0.7441860465116279,0.4186046511627907,0.012365020652278104,0.08019211283822643,0.1668393782383419,43,0,target_delta,D40,0.4,
common,h00,0,2022-09-19,510300,510300_DTE30_OTM1_Q70_Hold,510300__510300_DTE30_OTM1_Q70_Hold,False,OTM1,0.7,2022-10-24,2026-05-27,870,0.31563080100261676,0.08279813351318976,0.08657756566724698,0.11834819442178864,0.7315495271409693,0.6996146744588282,1.1726047797009813,0.5300032388998523,0.15622193872825563,2023-08-04,2024-02-02,2024-10-08,280,0.6046511627906976,-0.06465791592744996,0.09807230965780911,1.3156308010026168,-0.01146538791649946,-0.041095881787365306,1.0155958817873665,0.7272727272727273,0.4318181818181818,0.01619791137319931,0.08019211283822643,0.1668393782383419,44,0,moneyness,OTM1,,0.01
common,h01,1,2022-09-20,510300,510300_DTE30_OTM1_Q70_Hold,510300__510300_DTE30_OTM1_Q70_Hold,False,OTM1,0.7,2022-10-24,2026-05-27,870,0.3156329313873225,0.08279864196759723,0.08657804542639494,0.11834827957175818,0.7315530545917234,0.6996184673507981,1.172611043937267,0.5300064935925773,0.15622193872825563,2023-08-04,2024-02-02,2024-10-08,280,0.6046511627906976,-0.06465791592745018,0.09807230965780933,1.3156329313873225,-0.011468394623505762,-0.04214959227054087,1.0166495922705423,0.7272727272727273,0.4318181818181818,0.01619791137319931,0.08019211283822643,0.1668393782383419,44,0,moneyness,OTM1,,0.01
common,h02,2,2022-09-21,510300,510300_DTE30_OTM1_Q70_Hold,510300__510300_DTE30_OTM1_Q70_Hold,False,OTM1,0.7,2022-10-24,2026-05-27,870,0.3156431387516181,0.0828010781295132,0.08658034416882474,0.11834868815998496,0.7315699524424348,0.6996366365935706,1.1726410551272997,0.5300220878294413,0.15622193872825585,2023-08-04,2024-02-02,2024-10-08,280,0.6046511627906976,-0.06465791592744985,0.09807230965780911,1.315643138751618,-0.011482799477492775,-0.04691815459774764,1.0214181545977488,0.7272727272727273,0.4318181818181818,0.01619791137319931,0.08019211283822643,0.1668393782383419,44,0,moneyness,OTM1,,0.01
common,h03,3,2022-09-22,510300,510300_DTE30_OTM1_Q70_Hold,510300__510300_DTE30_OTM1_Q70_Hold,False,OTM1,0.7,2022-10-24,2026-05-27,870,0.3156541113810867,0.08280369692007294,0.08658281536428572,0.11834912850119132,0.7315881110473421,0.6996561611287186,1.1726733111479284,0.5300388510995763,0.15622193872825552,2023-08-04,2024-02-02,2024-10-08,280,0.6046511627906976,-0.0646579159274504,0.09807230965780911,1.3156541113810867,-0.011498281975072501,-0.052169484607265865,1.0266694846072673,0.7272727272727273,0.4318181818181818,0.01619791137319931,0.08019211283822643,0.1668393782383419,44,0,moneyness,OTM1,,0.01
common,h04,4,2022-09-23,510300,510300_DTE30_OTM1_Q70_Hold,510300__510300_DTE30_OTM1_Q70_Hold,False,OTM1,0.7,2022-10-24,2026-05-27,870,0.3156569030723475,0.08280436319861528,0.08658344411221022,0.11834924071944858,0.7315927300071119,0.6996611274837513,1.1726815169732592,0.5300431160481976,0.15622193872825574,2023-08-04,2024-02-02,2024-10-08,280,0.6046511627906976,-0.06465791592744996,0.09807230965780933,1.3156569030723475,-0.011502220698557112,-0.05351872678992563,1.0280187267899268,0.7272727272727273,0.4318181818181818,0.01619791137319931,0.08019211283822643,0.1668393782383419,44,0,moneyness,OTM1,,0.01
common,h05,5,2022-09-26,510300,510300_DTE30_OTM1_Q70_Hold,510300__510300_DTE30_OTM1_Q70_Hold,False,OTM1,0.7,2022-10-24,2026-05-27,870,0.3158019375866108,0.08283897645682381,0.08661519074298461,0.11834729663858877,0.7318729975513657,0.6999650926526785,1.1731267476992617,0.5302646806920006,0.15622193872825574,2023-08-04,2024-02-02,2024-10-08,280,0.6046511627906976,-0.06465791592744985,0.09807230965780911,1.3158019375866108,-0.01118253749298854,-0.040235029396409085,1.0147350293964101,0.7272727272727273,0.4318181818181818,0.01619791137319931,0.08019211283822643,0.1668393782383419,44,0,moneyness,OTM1,,0.01
common,h06,6,2022-09-27,510300,510300_DTE30_OTM1_Q70_Hold,510300__510300_DTE30_OTM1_Q70_Hold,False,OTM1,0.7,2022-10-24,2026-05-27,870,0.31565331440890243,0.08280350671065162,0.08658263587067065,0.11834909647890515,0.7315867923512486,0.6996547432485953,1.1726709684848782,0.5300376335406161,0.1562219387282554,2023-08-04,2024-02-02,2024-10-08,280,0.6046511627906976,-0.06465791592745007,0.09807230965780911,1.3156533144089024,-0.011497157519576083,-0.05187447851510078,1.026374478515102,0.7272727272727273,0.4318181818181818,0.01619791137319931,0.08019211283822643,0.1668393782383419,44,0,moneyness,OTM1,,0.01
common,h07,7,2022-09-28,510300,510300_DTE30_OTM1_Q70_Hold,510300__510300_DTE30_OTM1_Q70_Hold,False,OTM1,0.7,2022-10-24,2026-05-27,870,0.31580957403112553,0.0828407988598514,0.08661690855607772,0.11834758764633166,0.731885712913072,0.6999787702256487,1.173149275840837,0.530276346166404,0.15622193872825596,2023-08-04,2024-02-02,2024-10-08,280,0.6046511627906976,-0.06465791592744996,0.09807230965780889,1.3158095740311255,-0.011192450275691669,-0.043845034352880646,1.018345034352882,0.7272727272727273,0.4318181818181818,0.01619791137319931,0.08019211283822643,0.1668393782383419,44,0,moneyness,OTM1,,0.01
common,h08,8,2022-09-29,510300,510300_DTE30_OTM1_Q70_Hold,510300__510300_DTE30_OTM1_Q70_Hold,False,OTM1,0.7,2022-10-24,2026-05-27,870,0.31581220759180173,0.08284142734548272,0.08661750098556521,0.11834768812505675,0.7318900973717156,0.6999834864365501,1.1731570445394246,0.5302803691969498,0.15622193872825574,2023-08-04,2024-02-02,2024-10-08,280,0.6046511627906976,-0.06465791592745007,0.09807230965780911,1.3158122075918017,-0.011195868637484684,-0.04511947213838492,1.0196194721383862,0.7272727272727273,0.4318181818181818,0.01619791137319931,0.08019211283822643,0.1668393782383419,44,0,moneyness,OTM1,,0.01
common,h09,9,2022-09-30,510300,510300_DTE30_OTM1_Q70_Hold,510300__510300_DTE30_OTM1_Q70_Hold,False,OTM1,0.7,2022-10-24,2026-05-27,870,0.315827575992218,0.08284509491692371,0.08662095828608685,0.11834827570235151,0.7319156766080855,0.7000110007963355,1.1732023741905448,0.5303038458703981,0.15622193872825574,2023-08-04,2024-02-02,2024-10-08,280,0.6046511627906976,-0.06465791592744996,0.09807230965780911,1.315827575992218,-0.011215814431345,-0.052387795199905045,1.0268877951999063,0.7272727272727273,0.4318181818181818,0.01619791137319931,0.08019211283822643,0.1668393782383419,44,0,moneyness,OTM1,,0.01
common,h10,10,2022-10-10,510300,510300_DTE30_OTM1_Q70_Hold,510300__510300_DTE30_OTM1_Q70_Hold,False,OTM1,0.7,2022-10-24,2026-05-27,870,0.31683960527260213,0.08308654238034707,0.08683631654113969,0.1182824359261967,0.7341437962549396,0.7024419283365927,1.1764559121087537,0.5318493872033818,0.15622193872825574,2023-08-04,2024-02-02,2024-10-08,280,0.6046511627906976,-0.06465791592744996,0.09807230965780889,1.3168396052726021,-0.009550621752865841,-0.05647908951299743,1.0309790895129987,0.7209302325581395,0.4418604651162791,0.016084030223004663,0.08019211283822643,0.1668393782383419,43,0,moneyness,OTM1,,0.01
common,h11,11,2022-10-11,510300,510300_DTE30_OTM1_Q70_Hold,510300__510300_DTE30_OTM1_Q70_Hold,False,OTM1,0.7,2022-10-24,2026-05-27,870,0.31682786832735266,0.08308374296398302,0.08683353849045986,0.11828077920319544,0.734130592268824,0.7024280996767264,1.176425492245525,0.5318314677204529,0.15622193872825596,2023-08-04,2024-02-02,2024-10-08,280,0.6046511627906976,-0.06465791592744985,0.09807230965780889,1.3168278683273527,-0.009552080646829083,-0.05591642695543785,1.0304164269554394,0.7209302325581395,0.4418604651162791,0.016084030223004663,0.08019211283822643,0.1668393782383419,43,0,moneyness,OTM1,,0.01
common,h12,12,2022-10-12,510300,510300_DTE30_OTM1_Q70_Hold,510300__510300_DTE30_OTM1_Q70_Hold,False,OTM1,0.7,2022-10-24,2026-05-27,870,0.31833351803234433,0.08344271575374429,0.08728965485730243,0.11934794635703504,0.7313879921835545,0.6991550194263205,1.1787333941163602,0.5341293062486632,0.15622193872825552,2023-08-04,2024-02-02,2024-10-08,280,0.6046511627906976,-0.06465791592745007,0.09807230965780889,1.3183335180323443,-0.009859630634256154,-0.05152414186128271,1.026024141861284,0.7209302325581395,0.4186046511627907,0.016084030223004663,0.08019211283822643,0.1668393782383419,43,0,moneyness,OTM1,,0.01
common,h13,13,2022-10-13,510300,510300_DTE30_OTM1_Q70_Hold,510300__510300_DTE30_OTM1_Q70_Hold,False,OTM1,0.7,2022-10-24,2026-05-27,870,0.3184489743126091,0.08347023049821556,0.08731746190068158,0.11936847896954346,0.731495137195812,0.6992652601321389,1.1790184906178167,0.5343054322441232,0.15622193872825563,2023-08-04,2024-02-02,2024-10-08,280,0.6046511627906976,-0.06465791592744996,0.09807230965780911,1.318448974312609,-0.00984607641071375,-0.056421092712230926,1.0309210927122323,0.7209302325581395,0.4186046511627907,0.016084030223004663,0.08019211283822643,0.1668393782383419,43,0,moneyness,OTM1,,0.01
common,h14,14,2022-10-14,510300,510300_DTE30_OTM1_Q70_Hold,510300__510300_DTE30_OTM1_Q70_Hold,False,OTM1,0.7,2022-10-24,2026-05-27,870,0.3181318007348102,0.08339463977244965,0.08724108013847223,0.11931217945847787,0.7312001216844187,0.6989616663692916,1.1782346893646458,0.533821564700415,0.1562219387282554,2023-08-04,2024-02-02,2024-10-08,280,0.6046511627906976,-0.0646579159274503,0.09807230965780889,1.3181318007348102,-0.009883300385095384,-0.043192747903049875,1.0176927479030513,0.7209302325581395,0.4186046511627907,0.016084030223004663,0.08019211283822643,0.1668393782383419,43,0,moneyness,OTM1,,0.01
common,h15,15,2022-10-17,510300,510300_DTE30_OTM1_Q70_Hold,510300__510300_DTE30_OTM1_Q70_Hold,False,OTM1,0.7,2022-10-24,2026-05-27,870,0.3181936259867737,0.08340937535374371,0.08725596696514851,0.11932312744744669,0.7312577941235955,0.6990210291837983,1.1783876212474027,0.5339158893606644,0.1562219387282554,2023-08-04,2024-02-02,2024-10-08,280,0.6046511627906976,-0.0646579159274503,0.09807230965780911,1.3181936259867737,-0.009876047257475538,-0.04586531048710831,1.0203653104871098,0.7209302325581395,0.4186046511627907,0.016084030223004663,0.08019211283822643,0.1668393782383419,43,0,moneyness,OTM1,,0.01
common,h16,16,2022-10-18,510300,510300_DTE30_OTM1_Q70_Hold,510300__510300_DTE30_OTM1_Q70_Hold,False,OTM1,0.7,2022-10-24,2026-05-27,870,0.31827227839661654,0.08342812085167783,0.08727490693643515,0.11933707354174425,0.731331046976833,0.6990964197097944,1.1785820728097451,0.5340358820971939,0.15622193872825574,2023-08-04,2024-02-02,2024-10-08,280,0.6046511627906976,-0.0646579159274503,0.09807230965780911,1.3182722783966165,-0.009866818080818381,-0.04922834397681436,1.023728343976816,0.7209302325581395,0.4186046511627907,0.016084030223004663,0.08019211283822643,0.1668393782383419,43,0,moneyness,OTM1,,0.01
common,h17,17,2022-10-19,510300,510300_DTE30_OTM1_Q70_Hold,510300__510300_DTE30_OTM1_Q70_Hold,False,OTM1,0.7,2022-10-24,2026-05-27,870,0.3185537086442547,0.08349518858205851,0.0873426894455262,0.11938714309189506,0.7315920892612072,0.6993649937480313,1.179276893725849,0.5344651926724341,0.15622193872825596,2023-08-04,2024-02-02,2024-10-08,280,0.6046511627906976,-0.06465791592744974,0.09807230965780911,1.3185537086442547,-0.009833776853197076,-0.06126095510803681,1.0357609551080382,0.7209302325581395,0.4186046511627907,0.016084030223004663,0.08019211283822643,0.1668393782383419,43,0,moneyness,OTM1,,0.01
common,h18,18,2022-10-20,510300,510300_DTE30_OTM1_Q70_Hold,510300__510300_DTE30_OTM1_Q70_Hold,False,OTM1,0.7,2022-10-24,2026-05-27,870,0.3185818355635164,0.08350189095831584,0.08734946488476256,0.11939216163640509,0.7316180868788956,0.6993917340454151,1.179346253874622,0.5345080955855076,0.15622193872825574,2023-08-04,2024-02-02,2024-10-08,280,0.6046511627906976,-0.06465791592745007,0.09807230965780889,1.3185818355635164,-0.009830473088864134,-0.0624579919558201,1.0369579919558218,0.7209302325581395,0.4186046511627907,0.016084030223004663,0.08019211283822643,0.1668393782383419,43,0,moneyness,OTM1,,0.01
common,h19,19,2022-10-21,510300,510300_DTE30_OTM1_Q70_Hold,510300__510300_DTE30_OTM1_Q70_Hold,False,OTM1,0.7,2022-10-24,2026-05-27,870,0.3169038056248379,0.08310185469829867,0.08685151271744226,0.11829150487387026,0.7342159761180547,0.7025175204838845,1.1766222673633513,0.5319474036412541,0.15622193872825563,2023-08-04,2024-02-02,2024-10-08,280,0.6046511627906976,-0.06465791592745007,0.09807230965780933,1.3169038056248379,-0.009542641065520273,-0.05952620959405157,1.0340262095940527,0.7209302325581395,0.4418604651162791,0.016084030223004663,0.08019211283822643,0.1668393782383419,43,0,moneyness,OTM1,,0.01
common,h20,20,2022-10-24,510300,510300_DTE30_OTM1_Q70_Hold,510300__510300_DTE30_OTM1_Q70_Hold,False,OTM1,0.7,2022-10-24,2026-05-27,870,0.3033963902474248,0.07986847984122769,0.08373418154449408,0.1171996736226647,0.714457463542809,0.6814735687607094,1.1383898499488667,0.511250087480716,0.15622193872825552,2023-08-04,2024-02-02,2024-10-08,280,0.6046511627906976,-0.06465791592745007,0.09807230965780867,1.3033963902474248,-0.014467201262135711,-0.09661980557403585,1.0711198055740374,0.6976744186046512,0.4418604651162791,0.016935913570746856,0.08019211283822643,0.1668393782383419,43,0,moneyness,OTM1,,0.01
common,h00,0,2022-09-19,510300,510300_DTE30_OTM2_Q70_Hold,510300__510300_DTE30_OTM2_Q70_Hold,False,OTM2,0.7,2022-10-24,2026-05-27,870,0.3324011892694694,0.08678270671200838,0.09127625154921923,0.12672727105697498,0.7202573746591812,0.6847989859498511,1.1749852422344627,0.4853387604711656,0.17880852258278312,2023-08-04,2024-02-02,2025-07-08,463,0.5581395348837209,-0.06544409056545941,0.09807230965780933,1.3324011892694694,-0.006853004247065022,-0.02964070313497349,1.004140703134976,0.7727272727272727,0.3409090909090909,0.011803512900550425,0.08019211283822643,0.1668393782383419,44,0,moneyness,OTM2,,0.02
common,h01,1,2022-09-20,510300,510300_DTE30_OTM2_Q70_Hold,510300__510300_DTE30_OTM2_Q70_Hold,False,OTM2,0.7,2022-10-24,2026-05-27,870,0.33240335582556035,0.08678321916986786,0.0912767334947365,0.12672735227863113,0.7202607160453369,0.6848025908334339,1.1749912548477557,0.48534162642997025,0.1788085225827828,2023-08-04,2024-02-02,2025-07-08,463,0.5581395348837209,-0.06544409056545919,0.09807230965780911,1.3324033558255604,-0.00685607366467746,-0.031124006496456063,1.0056240064964588,0.7727272727272727,0.3409090909090909,0.011803512900550425,0.08019211283822643,0.1668393782383419,44,0,moneyness,OTM2,,0.02
common,h02,2,2022-09-21,510300,510300_DTE30_OTM2_Q70_Hold,510300__510300_DTE30_OTM2_Q70_Hold,False,OTM2,0.7,2022-10-24,2026-05-27,870,0.3324293408094514,0.08678936538016035,0.09128229225535273,0.126726571915031,0.7203090155122059,0.6848553075226546,1.1750665662642388,0.48537599956948124,0.1788085225827828,2023-08-04,2024-02-02,2025-07-08,463,0.5581395348837209,-0.06544409056545919,0.09807230965780889,1.3324293408094514,-0.006786255928995494,-0.014887036306097058,0.9893870363060997,0.7727272727272727,0.3409090909090909,0.011803512900550425,0.08019211283822643,0.1668393782383419,44,0,moneyness,OTM2,,0.02
common,h03,3,2022-09-22,510300,510300_DTE30_OTM2_Q70_Hold,510300__510300_DTE30_OTM2_Q70_Hold,False,OTM2,0.7,2022-10-24,2026-05-27,870,0.3324404534379586,0.08679199381652603,0.09128476345081357,0.12672698278114916,0.7203261803246556,0.6848738280655765,1.175097431894581,0.4853906992959129,0.1788085225827829,2023-08-04,2024-02-02,2025-07-08,463,0.5581395348837209,-0.0654440905654593,0.09807230965780911,1.3324404534379586,-0.006801738426576721,-0.022049528669128873,0.9965495286691316,0.7727272727272727,0.3409090909090909,0.011803512900550425,0.08019211283822643,0.1668393782383419,44,0,moneyness,OTM2,,0.02
common,h04,4,2022-09-23,510300,510300_DTE30_OTM2_Q70_Hold,510300__510300_DTE30_OTM2_Q70_Hold,False,OTM2,0.7,2022-10-24,2026-05-27,870,0.3324432807482196,0.0867926625491755,0.09128539219873771,0.12672708748804296,0.7203305465956578,0.6848785391470835,1.1751052840663254,0.48539443923313663,0.1788085225827828,2023-08-04,2024-02-02,2025-07-08,463,0.5581395348837209,-0.06544409056545941,0.09807230965780911,1.3324432807482196,-0.006805677150058405,-0.02389464326409661,0.9983946432640991,0.7727272727272727,0.3409090909090909,0.011803512900550425,0.08019211283822643,0.1668393782383419,44,0,moneyness,OTM2,,0.02
common,h05,5,2022-09-26,510300,510300_DTE30_OTM2_Q70_Hold,510300__510300_DTE30_OTM2_Q70_Hold,False,OTM2,0.7,2022-10-24,2026-05-27,870,0.33245072977273726,0.08679442443301721,0.09128704877689124,0.1267273636920446,0.7203420486101524,0.6848909493922172,1.1751259704575276,0.4854042926999407,0.17880852258278312,2023-08-04,2024-02-02,2025-07-08,463,0.5581395348837209,-0.06544409056545941,0.09807230965780933,1.3324507297727373,-0.006816053636360887,-0.028787710044256818,1.0032877100442592,0.7727272727272727,0.3409090909090909,0.011803512900550425,0.08019211283822643,0.1668393782383419,44,0,moneyness,OTM2,,0.02
common,h06,6,2022-09-27,510300,510300_DTE30_OTM2_Q70_Hold,510300__510300_DTE30_OTM2_Q70_Hold,False,OTM2,0.7,2022-10-24,2026-05-27,870,0.33243964629725964,0.08679180290650512,0.09128458395719838,0.126726952902298,0.720324933777707,0.6848724830732618,1.1750951901995639,0.48538963161738086,0.1788085225827829,2023-08-04,2024-02-02,2025-07-08,463,0.5581395348837209,-0.06544409056545941,0.09807230965780911,1.3324396462972596,-0.0068006139710803225,-0.021646365813613917,0.9961463658136168,0.7727272727272727,0.3409090909090909,0.011803512900550425,0.08019211283822643,0.1668393782383419,44,0,moneyness,OTM2,,0.02
common,h07,7,2022-09-28,510300,510300_DTE30_OTM2_Q70_Hold,510300__510300_DTE30_OTM2_Q70_Hold,False,OTM2,0.7,2022-10-24,2026-05-27,870,0.3324576343057877,0.08679605752452679,0.09128858431292208,0.1267276201418411,0.7203527077265909,0.6849024500529519,1.1751451428517155,0.48541342588602177,0.178808522582783,2023-08-04,2024-02-02,2025-07-08,463,0.5581395348837209,-0.06544409056545952,0.09807230965780933,1.3324576343057877,-0.006825670684150926,-0.03350188172357428,1.008001881723577,0.7727272727272727,0.3409090909090909,0.011803512900550425,0.08019211283822643,0.1668393782383419,44,0,moneyness,OTM2,,0.02
common,h08,8,2022-09-29,510300,510300_DTE30_OTM2_Q70_Hold,510300__510300_DTE30_OTM2_Q70_Hold,False,OTM2,0.7,2022-10-24,2026-05-27,870,0.33245926202317966,0.0867964425187604,0.09128894631622614,0.12672768065988063,0.7203552202713542,0.6849051609467225,1.1751496624028506,0.4854155789949902,0.178808522582783,2023-08-04,2024-02-02,2025-07-08,463,0.5581395348837209,-0.0654440905654593,0.09807230965780955,1.3324592620231797,-0.006827937731735671,-0.03463216296769009,1.0091321629676928,0.7727272727272727,0.3409090909090909,0.011803512900550425,0.08019211283822643,0.1668393782383419,44,0,moneyness,OTM2,,0.02
common,h09,9,2022-09-30,510300,510300_DTE30_OTM2_Q70_Hold,510300__510300_DTE30_OTM2_Q70_Hold,False,OTM2,0.7,2022-10-24,2026-05-27,870,0.33261613127236145,0.08683354429484935,0.09132290637261486,0.1267261807383181,0.7206317261402453,0.6852060386334484,1.1755981041758972,0.4856230734452157,0.178808522582783,2023-08-04,2024-02-02,2025-07-08,463,0.5581395348837209,-0.06544409056545941,0.09807230965780911,1.3326161312723614,-0.006519270882847852,-0.02234793837795713,0.9968479383779597,0.7727272727272727,0.3409090909090909,0.011803512900550425,0.08019211283822643,0.1668393782383419,44,0,moneyness,OTM2,,0.02
common,h10,10,2022-10-10,510300,510300_DTE30_OTM2_Q70_Hold,510300__510300_DTE30_OTM2_Q70_Hold,False,OTM2,0.7,2022-10-24,2026-05-27,870,0.3353419571233547,0.08747774578748335,0.09203629168204701,0.12769102794698892,0.7207733633427713,0.6850735497548022,1.1816389531222702,0.48922581834422246,0.1788085225827829,2023-08-04,2024-02-02,2025-07-08,463,0.5581395348837209,-0.0654440905654593,0.09807230965780911,1.3353419571233547,-0.005141302562472734,-0.031436319846236745,1.0059363198462394,0.7674418604651163,0.32558139534883723,0.011329235563179768,0.08019211283822643,0.1668393782383419,43,0,moneyness,OTM2,,0.02
common,h11,11,2022-10-11,510300,510300_DTE30_OTM2_Q70_Hold,510300__510300_DTE30_OTM2_Q70_Hold,False,OTM2,0.7,2022-10-24,2026-05-27,870,0.3353609184259907,0.0874822236899333,0.09204080151006352,0.12769414815323846,0.72079106866832,0.6850918773893294,1.1816839348558414,0.4892508613476838,0.1788085225827829,2023-08-04,2024-02-02,2025-07-08,463,0.5581395348837209,-0.0654440905654593,0.09807230965780889,1.3353609184259907,-0.005139103701546498,-0.03258505221263941,1.0070850522126422,0.7674418604651163,0.32558139534883723,0.011329235563179768,0.08019211283822643,0.1668393782383419,43,0,moneyness,OTM2,,0.02
common,h12,12,2022-10-12,510300,510300_DTE30_OTM2_Q70_Hold,510300__510300_DTE30_OTM2_Q70_Hold,False,OTM2,0.7,2022-10-24,2026-05-27,870,0.33515404645793345,0.08743336635183119,0.09199160294382948,0.12766016543899641,0.7205975538844849,0.6848915325400547,1.1811928547414745,0.48897762304004444,0.17880852258278268,2023-08-04,2024-02-02,2025-07-08,463,0.5581395348837209,-0.06544409056545952,0.09807230965780911,1.3351540464579335,-0.0051630870857600555,-0.020576103097775127,0.995076103097778,0.7674418604651163,0.32558139534883723,0.011329235563179768,0.08019211283822643,0.1668393782383419,43,0,moneyness,OTM2,,0.02
common,h13,13,2022-10-13,510300,510300_DTE30_OTM2_Q70_Hold,510300__510300_DTE30_OTM2_Q70_Hold,False,OTM2,0.7,2022-10-24,2026-05-27,870,0.33527097583709065,0.08746098244151468,0.09201940998720913,0.12767935727007843,0.7207070269985908,0.6850048771510467,1.1814705123502205,0.489132068081503,0.1788085225827828,2023-08-04,2024-02-02,2025-07-08,463,0.5581395348837209,-0.06544409056545952,0.09807230965780911,1.3352709758370906,-0.005149532862216449,-0.027312882356153024,1.0018128823561558,0.7674418604651163,0.32558139534883723,0.011329235563179768,0.08019211283822643,0.1668393782383419,43,0,moneyness,OTM2,,0.02
common,h14,14,2022-10-14,510300,510300_DTE30_OTM2_Q70_Hold,510300__510300_DTE30_OTM2_Q70_Hold,False,OTM2,0.7,2022-10-24,2026-05-27,870,0.33188320965692664,0.08666017144972038,0.09137792000123299,0.1284381498078946,0.7114546584321503,0.6747229820683208,1.1706170646835439,0.48465347287682753,0.1788085225827829,2023-08-04,2024-02-02,2025-07-08,463,0.5581395348837209,-0.06544409056545963,0.09807230965780911,1.3318832096569266,-0.00635064340089696,-0.03384553210792071,1.0083455321079235,0.7674418604651163,0.32558139534883723,0.011329235563179768,0.08019211283822643,0.1668393782383419,43,0,moneyness,OTM2,,0.02
common,h15,15,2022-10-17,510300,510300_DTE30_OTM2_Q70_Hold,510300__510300_DTE30_OTM2_Q70_Hold,False,OTM2,0.7,2022-10-24,2026-05-27,870,0.3319203007218692,0.08666894698020045,0.09138696005684209,0.12844579242340298,0.7114827066938728,0.6747511564606865,1.1707009760887457,0.4847025506856098,0.17880852258278312,2023-08-04,2024-02-02,2025-07-08,463,0.5581395348837209,-0.06544409056545941,0.09807230965780889,1.3319203007218692,-0.006346851702742752,-0.03624681012673441,1.0107468101267374,0.7674418604651163,0.32558139534883723,0.011329235563179768,0.08019211283822643,0.1668393782383419,43,0,moneyness,OTM2,,0.02
common,h16,16,2022-10-18,510300,510300_DTE30_OTM2_Q70_Hold,510300__510300_DTE30_OTM2_Q70_Hold,False,OTM2,0.7,2022-10-24,2026-05-27,870,0.3319840182099214,0.086684021762649,0.09140249086521715,0.1284589343537109,0.7115308197524116,0.6747994773486528,1.170845057933735,0.48478685753089246,0.178808522582783,2023-08-04,2024-02-02,2025-07-08,463,0.5581395348837209,-0.06544409056545941,0.09807230965780933,1.3319840182099214,-0.006340336418644206,-0.04035881953720125,1.014858819537204,0.7674418604651163,0.32558139534883723,0.011329235563179768,0.08019211283822643,0.1668393782383419,43,0,moneyness,OTM2,,0.02
common,h17,17,2022-10-19,510300,510300_DTE30_OTM2_Q70_Hold,510300__510300_DTE30_OTM2_Q70_Hold,False,OTM2,0.7,2022-10-24,2026-05-27,870,0.3353770464670094,0.08748603245360709,0.09204463753205329,0.12769680299263772,0.7208061233714682,0.6851074608238316,1.1817221906148407,0.48927216214262753,0.178808522582783,2023-08-04,2024-02-02,2025-07-08,463,0.5581395348837209,-0.06544409056545919,0.09807230965780911,1.3353770464670094,-0.00513723330470076,-0.033997493627724445,1.0084974936277271,0.7674418604651163,0.32558139534883723,0.011329235563179768,0.08019211283822643,0.1668393782383419,43,0,moneyness,OTM2,,0.02
common,h18,18,2022-10-20,510300,510300_DTE30_OTM2_Q70_Hold,510300__510300_DTE30_OTM2_Q70_Hold,False,OTM2,0.7,2022-10-24,2026-05-27,870,0.33540553225573744,0.0874927595167645,0.09205141297129069,0.12770149398491287,0.7208327020995228,0.6851349720865537,1.1817897485377544,0.4893097837451118,0.178808522582783,2023-08-04,2024-02-02,2025-07-08,463,0.5581395348837209,-0.06544409056545941,0.09807230965780889,1.3354055322557374,-0.00513392954036675,-0.03565485138830963,1.0101548513883125,0.7674418604651163,0.32558139534883723,0.011329235563179768,0.08019211283822643,0.1668393782383419,43,0,moneyness,OTM2,,0.02
common,h19,19,2022-10-21,510300,510300_DTE30_OTM2_Q70_Hold,510300__510300_DTE30_OTM2_Q70_Hold,False,OTM2,0.7,2022-10-24,2026-05-27,870,0.3354311962869774,0.08749882012036725,0.09205751741228088,0.12770572241839212,0.72085663562264,0.6851597443198497,1.181850602852622,0.48934367812282525,0.1788085225827829,2023-08-04,2024-02-02,2025-07-08,463,0.5581395348837209,-0.06544409056545941,0.09807230965780933,1.3354311962869774,-0.005130952803254928,-0.037077101574144705,1.0115771015741475,0.7674418604651163,0.32558139534883723,0.011329235563179768,0.08019211283822643,0.1668393782383419,43,0,moneyness,OTM2,,0.02
common,h20,20,2022-10-24,510300,510300_DTE30_OTM2_Q70_Hold,510300__510300_DTE30_OTM2_Q70_Hold,False,OTM2,0.7,2022-10-24,2026-05-27,870,0.3340198107304595,0.08716539622281383,0.09162679202542673,0.12671413342121343,0.7230984385999623,0.6878900866809016,1.1795916013813998,0.4874789801054298,0.17880852258278312,2023-08-04,2024-02-02,2025-07-08,463,0.5581395348837209,-0.0654440905654593,0.09807230965780933,1.3340198107304595,-0.006583662747273472,-0.051664971298477656,1.0261649712984802,0.7674418604651163,0.3488372093023256,0.011625950137361441,0.08019211283822643,0.1668393782383419,43,0,moneyness,OTM2,,0.02
common,h00,0,2022-09-19,510300,510300_DTE30_OTM3_Q70_Hold,510300__510300_DTE30_OTM3_Q70_Hold,False,OTM3,0.7,2022-10-24,2026-05-27,870,0.33888875601330604,0.08831457364367612,0.09358714282246025,0.13373127145372588,0.699814948329745,0.6603883495883385,1.1702573446060411,0.45102102647169706,0.19581032470826087,2023-01-13,2024-02-02,2025-07-10,599,0.5581395348837209,-0.07318673673170317,0.12085523003260712,1.338888756013306,-0.004544769170690194,-0.007608081177741707,0.9821080811777428,0.8181818181818182,0.25,0.009633619135779573,0.06581128382268227,0.1520293609671847,44,0,moneyness,OTM3,,0.03
common,h01,1,2022-09-20,510300,510300_DTE30_OTM3_Q70_Hold,510300__510300_DTE30_OTM3_Q70_Hold,False,OTM3,0.7,2022-10-24,2026-05-27,870,0.3388909331185297,0.08831508682386713,0.09358762476797668,0.13373134838842068,0.6998181495646991,0.660391807067983,1.1702632103490378,0.45102364727420974,0.19581032470826087,2023-01-13,2024-02-02,2025-07-10,599,0.5581395348837209,-0.07318673673170328,0.12085523003260712,1.3388909331185297,-0.004547838588303296,-0.009512747761011842,0.9840127477610133,0.8181818181818182,0.25,0.009633619135779573,0.06581128382268227,0.1520293609671847,44,0,moneyness,OTM3,,0.03
common,h02,2,2022-09-21,510300,510300_DTE30_OTM3_Q70_Hold,510300__510300_DTE30_OTM3_Q70_Hold,False,OTM3,0.7,2022-10-24,2026-05-27,870,0.3388960213947363,0.08831628621354115,0.09358875117669256,0.13373152835383226,0.6998256307149326,0.6603998870024903,1.1702769189397035,0.45102977253688886,0.19581032470826065,2023-01-13,2024-02-02,2025-07-10,599,0.5581395348837209,-0.07318673673170328,0.1208552300326069,1.3388960213947363,-0.004555011988853811,-0.01375087631342383,0.9882508763134251,0.8181818181818182,0.25,0.009633619135779573,0.06581128382268227,0.1520293609671847,44,0,moneyness,OTM3,,0.03
common,h03,3,2022-09-22,510300,510300_DTE30_OTM3_Q70_Hold,510300__510300_DTE30_OTM3_Q70_Hold,False,OTM3,0.7,2022-10-24,2026-05-27,870,0.3389282113621377,0.08832387383876705,0.09359565472405454,0.13373099769165062,0.6998800303566277,0.660459245525254,1.1703659767769563,0.45106852240994766,0.19581032470826032,2023-01-13,2024-02-02,2025-07-10,599,0.5581395348837209,-0.07318673673170328,0.12085523003260734,1.3389282113621377,-0.004493503350201091,0.0021120813823979653,0.9723879186176033,0.8181818181818182,0.25,0.009633619135779573,0.06581128382268227,0.1520293609671847,44,0,moneyness,OTM3,,0.03
common,h04,4,2022-09-23,510300,510300_DTE30_OTM3_Q70_Hold,510300__510300_DTE30_OTM3_Q70_Hold,False,OTM3,0.7,2022-10-24,2026-05-27,870,0.3389310524387965,0.0883245435140243,0.09359628347197803,0.13373109687147527,0.6998842128837877,0.6604637633303062,1.1703736364719564,0.4510719424301034,0.19581032470826043,2023-01-13,2024-02-02,2025-07-10,599,0.5581395348837209,-0.07318673673170328,0.12085523003260712,1.3389310524387965,-0.004497442073684845,-0.00024629184523398484,0.9747462918452351,0.8181818181818182,0.25,0.009633619135779573,0.06581128382268227,0.1520293609671847,44,0,moneyness,OTM3,,0.03
common,h05,5,2022-09-26,510300,510300_DTE30_OTM3_Q70_Hold,510300__510300_DTE30_OTM3_Q70_Hold,False,OTM3,0.7,2022-10-24,2026-05-27,870,0.3389385377332017,0.08832630788131657,0.09359794005013142,0.13373135849591972,0.6998952310275619,0.6604756646064542,1.1703938158561156,0.4510809530238754,0.19581032470826032,2023-01-13,2024-02-02,2025-07-10,599,0.5581395348837209,-0.0731867367317034,0.12085523003260734,1.3389385377332017,-0.004507818559985616,-0.006513573212663387,0.9810135732126647,0.8181818181818182,0.25,0.009633619135779573,0.06581128382268227,0.1520293609671847,44,0,moneyness,OTM3,,0.03
common,h06,6,2022-09-27,510300,510300_DTE30_OTM3_Q70_Hold,510300__510300_DTE30_OTM3_Q70_Hold,False,OTM3,0.7,2022-10-24,2026-05-27,870,0.33890298625893345,0.08831792794035853,0.09359029305201094,0.13373177504485567,0.6998358693782336,0.6604109450482906,1.170295681804259,0.4510381568078395,0.19581032470826087,2023-01-13,2024-02-02,2025-07-10,599,0.5581395348837209,-0.07318673673170317,0.12085523003260712,1.3389029862589334,-0.004564830153220772,-0.01985257860074539,0.9943525786007468,0.8181818181818182,0.25,0.009633619135779573,0.06581128382268227,0.1520293609671847,44,0,moneyness,OTM3,,0.03
common,h07,7,2022-09-28,510300,510300_DTE30_OTM3_Q70_Hold,510300__510300_DTE30_OTM3_Q70_Hold,False,OTM3,0.7,2022-10-24,2026-05-27,870,0.33894547588497037,0.08832794327473903,0.0935994755861633,0.13373160140912266,0.6999054419442428,0.6604866938257844,1.1704125184396394,0.4510893049502853,0.19581032470826076,2023-01-13,2024-02-02,2025-07-10,599,0.5581395348837209,-0.07318673673170317,0.12085523003260712,1.3389454758849704,-0.004517435607775175,-0.012569778764817999,0.9870697787648192,0.8181818181818182,0.25,0.009633619135779573,0.06581128382268227,0.1520293609671847,44,0,moneyness,OTM3,,0.03
common,h08,8,2022-09-29,510300,510300_DTE30_OTM3_Q70_Hold,510300__510300_DTE30_OTM3_Q70_Hold,False,OTM3,0.7,2022-10-24,2026-05-27,870,0.3389471115278462,0.08832832881163832,0.09359983758946647,0.13373165873277493,0.699907848869948,0.6604892936244635,1.170416927253794,0.4510912738806774,0.19581032470826054,2023-01-13,2024-02-02,2025-07-10,599,0.5581395348837209,-0.07318673673170328,0.12085523003260712,1.3389471115278462,-0.004519702655360268,-0.014024472561377434,0.9885244725613787,0.8181818181818182,0.25,0.009633619135779573,0.06581128382268227,0.1520293609671847,44,0,moneyness,OTM3,,0.03
common,h09,9,2022-09-30,510300,510300_DTE30_OTM3_Q70_Hold,510300__510300_DTE30_OTM3_Q70_Hold,False,OTM3,0.7,2022-10-24,2026-05-27,870,0.3389560468655657,0.0883304349515508,0.09360181521778686,0.13373197227484654,0.6999209958962994,0.6605034940336758,1.1704410104466951,0.45110202990141124,0.19581032470826054,2023-01-13,2024-02-02,2025-07-10,599,0.5581395348837209,-0.0731867367317035,0.12085523003260734,1.3389560468655657,-0.004532086379693473,-0.021866266644136424,0.9963662666441377,0.8181818181818182,0.25,0.009633619135779573,0.06581128382268227,0.1520293609671847,44,0,moneyness,OTM3,,0.03
common,h10,10,2022-10-10,510300,510300_DTE30_OTM3_Q70_Hold,510300__510300_DTE30_OTM3_Q70_Hold,False,OTM3,0.7,2022-10-24,2026-05-27,870,0.34184384269840007,0.08901059240659892,0.09434718295528743,0.13464485284531413,0.7007113971425079,0.6610768293449595,1.1769335892447677,0.4545755824633689,0.19581032470826054,2023-01-13,2024-02-02,2025-07-10,599,0.5581395348837209,-0.0731867367317035,0.12085523003260712,1.3418438426984,-0.00283306748609948,-0.009342553036762445,0.9838425530367635,0.813953488372093,0.23255813953488372,0.009463481362671854,0.06581128382268227,0.1520293609671847,43,0,moneyness,OTM3,,0.03
common,h11,11,2022-10-11,510300,510300_DTE30_OTM3_Q70_Hold,510300__510300_DTE30_OTM3_Q70_Hold,False,OTM3,0.7,2022-10-24,2026-05-27,870,0.34186289632511535,0.08901507662084418,0.09435169278330308,0.13464781160253372,0.7007294931893837,0.6610956060957559,1.1769779572436534,0.45459848326929875,0.19581032470826065,2023-01-13,2024-02-02,2025-07-10,599,0.5581395348837209,-0.0731867367317035,0.12085523003260712,1.3418628963251154,-0.002830868625172423,-0.010827599589140976,0.9853275995891423,0.813953488372093,0.23255813953488372,0.009463481362671854,0.06581128382268227,0.1520293609671847,43,0,moneyness,OTM3,,0.03
common,h12,12,2022-10-12,510300,510300_DTE30_OTM3_Q70_Hold,510300__510300_DTE30_OTM3_Q70_Hold,False,OTM3,0.7,2022-10-24,2026-05-27,870,0.3384838050469958,0.08821910960769519,0.09371683920205583,0.135376139957015,0.6922699910915842,0.6516592187937015,1.1666753792777091,0.45053349326259323,0.19581032470826032,2023-01-13,2024-02-02,2025-07-10,599,0.5581395348837209,-0.0731867367317034,0.12085523003260712,1.3384838050469958,-0.004030650881883805,-0.02172992148736727,0.9962299214873682,0.813953488372093,0.23255813953488372,0.009463481362671854,0.06581128382268227,0.1520293609671847,43,0,moneyness,OTM3,,0.03
common,h13,13,2022-10-13,510300,510300_DTE30_OTM3_Q70_Hold,510300__510300_DTE30_OTM3_Q70_Hold,False,OTM3,0.7,2022-10-24,2026-05-27,870,0.34177251579863976,0.08899380543197366,0.0943303012604492,0.13463378611051444,0.7006436050384707,0.6610064828669596,1.1767674495411633,0.4544898516692939,0.19581032470826065,2023-01-13,2024-02-02,2025-07-10,599,0.5581395348837209,-0.07318673673170328,0.12085523003260712,1.3417725157986398,-0.0028412977858414015,-0.0040208626378861285,0.9785208626378873,0.813953488372093,0.23255813953488372,0.009463481362671854,0.06581128382268227,0.1520293609671847,43,0,moneyness,OTM3,,0.03
common,h14,14,2022-10-14,510300,510300_DTE30_OTM3_Q70_Hold,510300__510300_DTE30_OTM3_Q70_Hold,False,OTM3,0.7,2022-10-24,2026-05-27,870,0.3383682543170743,0.08819186566267034,0.09368881127447366,0.13535364123054955,0.6921779896182648,0.6515662590299439,1.1664176901254464,0.4503943588984294,0.19581032470826065,2023-01-13,2024-02-02,2025-07-10,599,0.5581395348837209,-0.07318673673170328,0.1208552300326069,1.3383682543170743,-0.00404240832452247,-0.012458364931981629,0.986958364931983,0.813953488372093,0.23255813953488372,0.009463481362671854,0.06581128382268227,0.1520293609671847,43,0,moneyness,OTM3,,0.03
common,h15,15,2022-10-17,510300,510300_DTE30_OTM3_Q70_Hold,510300__510300_DTE30_OTM3_Q70_Hold,False,OTM3,0.7,2022-10-24,2026-05-27,870,0.3384055259813443,0.0882006535626374,0.09369785133008235,0.1353608927777139,0.6922076931329827,0.6515962753546417,1.166500837502752,0.4504392385541891,0.19581032470826054,2023-01-13,2024-02-02,2025-07-10,599,0.5581395348837209,-0.07318673673170328,0.12085523003260712,1.3384055259813443,-0.004038616626368241,-0.01556869477215796,0.9900686947721595,0.813953488372093,0.23255813953488372,0.009463481362671854,0.06581128382268227,0.1520293609671847,43,0,moneyness,OTM3,,0.03
common,h16,16,2022-10-18,510300,510300_DTE30_OTM3_Q70_Hold,510300__510300_DTE30_OTM3_Q70_Hold,False,OTM3,0.7,2022-10-24,2026-05-27,870,0.33846955371488385,0.08821574959363976,0.09371338213845817,0.1353733623443894,0.6922586579481688,0.6516477692946651,1.1666436113073149,0.45051633372792316,0.19581032470826065,2023-01-13,2024-02-02,2025-07-10,599,0.5581395348837209,-0.07318673673170317,0.12085523003260712,1.3384695537148839,-0.004032101342269609,-0.020906015218681517,0.9954060152186827,0.813953488372093,0.23255813953488372,0.009463481362671854,0.06581128382268227,0.1520293609671847,43,0,moneyness,OTM3,,0.03
common,h17,17,2022-10-19,510300,510300_DTE30_OTM3_Q70_Hold,510300__510300_DTE30_OTM3_Q70_Hold,False,OTM3,0.7,2022-10-24,2026-05-27,870,0.3386267793977187,0.08825281703886256,0.09375152584038371,0.13540404882507012,0.6923834748952172,0.6517738413633205,1.166993870837421,0.4507056365406223,0.19581032470826065,2023-01-13,2024-02-02,2025-07-10,599,0.5581395348837209,-0.07318673673170317,0.12085523003260734,1.3386267793977187,-0.00401609362362619,-0.034063580069025996,1.0085635800690274,0.813953488372093,0.23255813953488372,0.009463481362671854,0.06581128382268227,0.1520293609671847,43,0,moneyness,OTM3,,0.03
common,h18,18,2022-10-20,510300,510300_DTE30_OTM3_Q70_Hold,510300__510300_DTE30_OTM3_Q70_Hold,False,OTM3,0.7,2022-10-24,2026-05-27,870,0.3419077273831286,0.08902562729837671,0.09436230424453088,0.13465477736755646,0.7007720490076457,0.6611397607926714,1.1770823284596554,0.4546523654001225,0.19581032470826054,2023-01-13,2024-02-02,2025-07-10,599,0.5581395348837209,-0.07318673673170328,0.12085523003260712,1.3419077273831286,-0.0028256944639922553,-0.014801498124601808,0.9893014981246032,0.813953488372093,0.23255813953488372,0.009463481362671854,0.06581128382268227,0.1520293609671847,43,0,moneyness,OTM3,,0.03
common,h19,19,2022-10-21,510300,510300_DTE30_OTM3_Q70_Hold,510300__510300_DTE30_OTM3_Q70_Hold,False,OTM3,0.7,2022-10-24,2026-05-27,870,0.3419335163745658,0.08903169644466069,0.09436840868552038,0.13465878704430692,0.7007965150797791,0.6611651448736613,1.1771423540051784,0.45468336042703505,0.19581032470826032,2023-01-13,2024-02-02,2025-07-10,599,0.5581395348837209,-0.07318673673170328,0.12085523003260712,1.3419335163745658,-0.002822717726880512,-0.016645267648581957,0.9911452676485831,0.813953488372093,0.23255813953488372,0.009463481362671854,0.06581128382268227,0.1520293609671847,43,0,moneyness,OTM3,,0.03
common,h20,20,2022-10-24,510300,510300_DTE30_OTM3_Q70_Hold,510300__510300_DTE30_OTM3_Q70_Hold,False,OTM3,0.7,2022-10-24,2026-05-27,870,0.34051525867017585,0.08869780257179438,0.09393768329866765,0.13371879788313054,0.7025017034685629,0.6633158836001184,1.174718687586836,0.4529781700936661,0.19581032470826043,2023-01-13,2024-02-02,2025-07-10,599,0.5581395348837209,-0.07318673673170328,0.12085523003260712,1.3405152586701758,-0.00427542767089871,-0.03607201727827237,1.0105720172782735,0.813953488372093,0.2558139534883721,0.009633619135779573,0.06581128382268227,0.1520293609671847,43,0,moneyness,OTM3,,0.03
common,h00,0,2022-09-19,510300,510300_DTE30_OTM4_Q70_Hold,510300__510300_DTE30_OTM4_Q70_Hold,False,OTM4,0.7,2022-10-24,2026-05-27,870,0.3920893842903632,0.10068186754322661,0.10551129821690473,0.138312457000296,0.7628474000478418,0.7279305835989244,1.293533709207067,0.496858670292136,0.20263683329512816,2023-01-30,2024-02-02,2025-07-11,594,0.5813953488372093,-0.07318673673170328,0.1208552300326069,1.3920893842903632,0.007365680298014067,0.2023771658146884,0.772122834185313,0.8636363636363636,0.13636363636363635,0.00600261112713939,0.06581128382268227,0.1520293609671847,44,0,moneyness,OTM4,,0.04
common,h01,1,2022-09-20,510300,510300_DTE30_OTM4_Q70_Hold,510300__510300_DTE30_OTM4_Q70_Hold,False,OTM4,0.7,2022-10-24,2026-05-27,870,0.39203304843132036,0.1006689503958329,0.10549973649642773,0.13831375237498159,0.7627566650813438,0.7278303759911734,1.29338599954294,0.49679492498392325,0.20263683329512805,2023-01-30,2024-02-02,2025-07-11,594,0.5813953488372093,-0.07318673673170306,0.12085523003260712,1.3920330484313204,0.007309183921705051,0.18390283905935476,0.7905971609406465,0.8636363636363636,0.13636363636363635,0.00600261112713939,0.06581128382268227,0.1520293609671847,44,0,moneyness,OTM4,,0.04
common,h02,2,2022-09-21,510300,510300_DTE30_OTM4_Q70_Hold,510300__510300_DTE30_OTM4_Q70_Hold,False,OTM4,0.7,2022-10-24,2026-05-27,870,0.39209693836109283,0.10068359957424322,0.10551290702484281,0.13831270817162108,0.7628576464132303,0.7279417842741758,1.2935529073147811,0.4968672177560321,0.20263683329512816,2023-01-30,2024-02-02,2025-07-11,594,0.5813953488372093,-0.0731867367317034,0.12085523003260734,1.3920969383610928,0.007355437933032745,0.1963825850818386,0.778117414918163,0.8636363636363636,0.13636363636363635,0.00600261112713939,0.06581128382268227,0.1520293609671847,44,0,moneyness,OTM4,,0.04
common,h03,3,2022-09-22,510300,510300_DTE30_OTM4_Q70_Hold,510300__510300_DTE30_OTM4_Q70_Hold,False,OTM4,0.7,2022-10-24,2026-05-27,870,0.39210299955157635,0.10068498930619563,0.10551419792703647,0.13831291001565515,0.7628658663540063,0.7279507697061645,1.2935683098561097,0.4968740759956222,0.20263683329512794,2023-01-30,2024-02-02,2025-07-11,594,0.5813953488372093,-0.07318673673170317,0.12085523003260734,1.3921029995515763,0.007347220480658452,0.19149208142368956,0.7830079185763116,0.8636363636363636,0.13636363636363635,0.00600261112713939,0.06581128382268227,0.1520293609671847,44,0,moneyness,OTM4,,0.04
common,h04,4,2022-09-23,510300,510300_DTE30_OTM4_Q70_Hold,510300__510300_DTE30_OTM4_Q70_Hold,False,OTM4,0.7,2022-10-24,2026-05-27,870,0.3921066270609481,0.10068582103277479,0.10551497052341383,0.1383130309478561,0.7628707852060077,0.7279561465957121,1.2935775273411545,0.4968781805138657,0.20263683329512816,2023-01-30,2024-02-02,2025-07-11,594,0.5813953488372093,-0.07318673673170328,0.12085523003260734,1.3921066270609481,0.007342302810602434,0.18846370856293318,0.7860362914370682,0.8636363636363636,0.13636363636363635,0.00600261112713939,0.06581128382268227,0.1520293609671847,44,0,moneyness,OTM4,,0.04
common,h05,5,2022-09-26,510300,510300_DTE30_OTM4_Q70_Hold,510300__510300_DTE30_OTM4_Q70_Hold,False,OTM4,0.7,2022-10-24,2026-05-27,870,0.3921094148446498,0.10068646022340677,0.10551556428072682,0.13831312395300846,0.7628745650815861,0.7279602784303733,1.2935846107570537,0.4968813348793465,0.20263683329512794,2023-01-30,2024-02-02,2025-07-11,594,0.5813953488372093,-0.07318673673170306,0.1208552300326069,1.3921094148446498,0.007338523686964168,0.18619208022781752,0.7883079197721838,0.8636363636363636,0.13636363636363635,0.00600261112713939,0.06581128382268227,0.1520293609671847,44,0,moneyness,OTM4,,0.04
common,h06,6,2022-09-27,510300,510300_DTE30_OTM4_Q70_Hold,510300__510300_DTE30_OTM4_Q70_Hold,False,OTM4,0.7,2022-10-24,2026-05-27,870,0.39210417997356384,0.10068525995717215,0.10551444933510595,0.13831294935713317,0.7628674670414315,0.7279525194506276,1.293571309356384,0.4968754116411326,0.20263683329512772,2023-01-30,2024-02-02,2025-07-11,594,0.5813953488372093,-0.07318673673170328,0.12085523003260712,1.3921041799735638,0.007345620203110529,0.19041027923531534,0.7840897207646863,0.8636363636363636,0.13636363636363635,0.00600261112713939,0.06581128382268227,0.1520293609671847,44,0,moneyness,OTM4,,0.04
common,h07,7,2022-09-28,510300,510300_DTE30_OTM4_Q70_Hold,510300__510300_DTE30_OTM4_Q70_Hold,False,OTM4,0.7,2022-10-24,2026-05-27,870,0.3921483579211953,0.10069538910293274,0.10552363207430808,0.13831277983303897,0.7629347931672582,0.7280266452925378,1.2936858555693815,0.49692539833701466,0.20263683329512805,2023-01-30,2024-02-02,2025-07-11,594,0.5813953488372093,-0.07318673673170328,0.12085523003260734,1.3921483579211953,0.007393014953371622,0.19753658068766353,0.7769634193123378,0.8636363636363636,0.13636363636363635,0.00600261112713939,0.06581128382268227,0.1520293609671847,44,0,moneyness,OTM4,,0.04
common,h08,8,2022-09-29,510300,510300_DTE30_OTM4_Q70_Hold,510300__510300_DTE30_OTM4_Q70_Hold,False,OTM4,0.7,2022-10-24,2026-05-27,870,0.3921500585561992,0.1006957790209626,0.1055239941788574,0.13831283587742357,0.7629371020371204,0.7280291693982894,1.293690179730327,0.496927322557915,0.20263683329512816,2023-01-30,2024-02-02,2025-07-11,594,0.5813953488372093,-0.07318673673170317,0.1208552300326069,1.3921500585561992,0.007390748006915405,0.1961151719413793,0.7783848280586221,0.8636363636363636,0.13636363636363635,0.00600261112713939,0.06581128382268227,0.1520293609671847,44,0,moneyness,OTM4,,0.04
common,h09,9,2022-09-30,510300,510300_DTE30_OTM4_Q70_Hold,510300__510300_DTE30_OTM4_Q70_Hold,False,OTM4,0.7,2022-10-24,2026-05-27,870,0.39215934893878535,0.10069790909444332,0.105525972360277,0.1383131424182188,0.7629497133482595,0.7280429562504052,1.2937138003253295,0.49693783433628264,0.20263683329512816,2023-01-30,2024-02-02,2025-07-11,594,0.5813953488372093,-0.0731867367317034,0.12085523003260712,1.3921593489387853,0.007378364835046449,0.18843538190118614,0.7860646180988152,0.8636363636363636,0.13636363636363635,0.00600261112713939,0.06581128382268227,0.1520293609671847,44,0,moneyness,OTM4,,0.04
common,h10,10,2022-10-10,510300,510300_DTE30_OTM4_Q70_Hold,510300__510300_DTE30_OTM4_Q70_Hold,False,OTM4,0.7,2022-10-24,2026-05-27,870,0.3929893906826991,0.10088817807396522,0.10569192505665861,0.1382618634323699,0.7644329566580541,0.7296891244584893,1.2959938752674292,0.49787679975746385,0.20263683329512838,2023-01-30,2024-02-02,2025-07-11,594,0.5813953488372093,-0.0731867367317034,0.1208552300326069,1.3929893906826991,0.008498634681822272,0.19442933350270472,0.7800706664972963,0.8604651162790697,0.13953488372093023,0.005755611246623084,0.06581128382268227,0.1520293609671847,43,0,moneyness,OTM4,,0.04
common,h11,11,2022-10-11,510300,510300_DTE30_OTM4_Q70_Hold,510300__510300_DTE30_OTM4_Q70_Hold,False,OTM4,0.7,2022-10-24,2026-05-27,870,0.39300917055501183,0.10089271119649479,0.10569643490022057,0.13826474343101366,0.7644496512804594,0.7297067111460311,1.2960366840738287,0.4978991704314229,0.20263683329512805,2023-01-30,2024-02-02,2025-07-11,594,0.5813953488372093,-0.07318673673170317,0.12085523003260756,1.3930091705550118,0.008500833558275493,0.19299597847899533,0.7815040215210062,0.8604651162790697,0.13953488372093023,0.005755611246623084,0.06581128382268227,0.1520293609671847,43,0,moneyness,OTM4,,0.04
common,h12,12,2022-10-12,510300,510300_DTE30_OTM4_Q70_Hold,510300__510300_DTE30_OTM4_Q70_Hold,False,OTM4,0.7,2022-10-24,2026-05-27,870,0.389501282266679,0.10008806275595306,0.10506157271473493,0.13897426149867012,0.7559786364883133,0.7201913626064552,1.285785679120901,0.49392828109478426,0.20263683329512827,2023-01-30,2024-02-02,2025-07-11,594,0.5813953488372093,-0.07318673673170317,0.12085523003260668,1.389501282266679,0.0073010427072163295,0.182444325753202,0.7920556742467992,0.8604651162790697,0.13953488372093023,0.005755611246623084,0.06581128382268227,0.1520293609671847,43,0,moneyness,OTM4,,0.04
common,h13,13,2022-10-13,510300,510300_DTE30_OTM4_Q70_Hold,510300__510300_DTE30_OTM4_Q70_Hold,False,OTM4,0.7,2022-10-24,2026-05-27,870,0.3895753852731858,0.10010507559803905,0.10507888967182843,0.13898781997180618,0.756029482965801,0.7202435121174321,1.2859381473912395,0.49401223839815034,0.20263683329512805,2023-01-30,2024-02-02,2025-07-11,594,0.5813953488372093,-0.0731867367317035,0.12085523003260712,1.3895753852731858,0.007308309396238818,0.17667955637981958,0.7978204436201817,0.8604651162790697,0.13953488372093023,0.005755611246623084,0.06581128382268227,0.1520293609671847,43,0,moneyness,OTM4,,0.04
common,h14,14,2022-10-14,510300,510300_DTE30_OTM4_Q70_Hold,510300__510300_DTE30_OTM4_Q70_Hold,False,OTM4,0.7,2022-10-24,2026-05-27,870,0.38761298383657117,0.09965432269984587,0.10471874649980714,0.13935276752619177,0.7514651367087127,0.7151226665169426,1.2802248219081243,0.4917878012567707,0.20263683329512816,2023-01-30,2024-02-02,2025-07-11,594,0.5813953488372093,-0.07318673673170317,0.12085523003260645,1.3876129838365712,0.006723188969668017,0.1719149750117304,0.8025850249882709,0.8604651162790697,0.13953488372093023,0.005755611246623084,0.06581128382268227,0.1520293609671847,43,0,moneyness,OTM4,,0.04
common,h15,15,2022-10-17,510300,510300_DTE30_OTM4_Q70_Hold,510300__510300_DTE30_OTM4_Q70_Hold,False,OTM4,0.7,2022-10-24,2026-05-27,870,0.38763438335318146,0.09965924049212549,0.10472381883784836,0.13935715376358482,0.7514778826174159,0.7151354473068126,1.2802675318154713,0.4918120702516995,0.20263683329512816,2023-01-30,2024-02-02,2025-07-11,594,0.5813953488372093,-0.07318673673170328,0.12085523003260712,1.3876343833531815,0.006725147636296755,0.17011211318337893,0.8043878868166222,0.8604651162790697,0.13953488372093023,0.005755611246623084,0.06581128382268227,0.1520293609671847,43,0,moneyness,OTM4,,0.04
common,h16,16,2022-10-18,510300,510300_DTE30_OTM4_Q70_Hold,510300__510300_DTE30_OTM4_Q70_Hold,False,OTM4,0.7,2022-10-24,2026-05-27,870,0.387686176767821,0.09967114283972767,0.1047360962612031,0.13936777739069073,0.7515086932009802,0.7151663369095628,1.2803708623070749,0.4918708075869052,0.20263683329512794,2023-01-30,2024-02-02,2025-07-11,594,0.5813953488372093,-0.07318673673170328,0.1208552300326069,1.387686176767821,0.006729889298969221,0.1657355952298857,0.8087644047701158,0.8604651162790697,0.13953488372093023,0.005755611246623084,0.06581128382268227,0.1520293609671847,43,0,moneyness,OTM4,,0.04
common,h17,17,2022-10-19,510300,510300_DTE30_OTM4_Q70_Hold,510300__510300_DTE30_OTM4_Q70_Hold,False,OTM4,0.7,2022-10-24,2026-05-27,870,0.3896497062094362,0.10012213782624557,0.10509625945368908,0.13900143741195295,0.7560803788109007,0.7202957011841369,1.286090959562926,0.49409643941890763,0.20263683329512816,2023-01-30,2024-02-02,2025-07-11,594,0.5813953488372093,-0.07318673673170317,0.1208552300326069,1.3896497062094362,0.0073156000659854855,0.17044588422700457,0.8040541157729968,0.8604651162790697,0.13953488372093023,0.005755611246623084,0.06581128382268227,0.1520293609671847,43,0,moneyness,OTM4,,0.04
common,h18,18,2022-10-20,510300,510300_DTE30_OTM4_Q70_Hold,510300__510300_DTE30_OTM4_Q70_Hold,False,OTM4,0.7,2022-10-24,2026-05-27,870,0.38965715032621495,0.1001238467735841,0.10509799934653664,0.13900280241224872,0.7560854711032471,0.720300922255085,1.286106259735175,0.4941048729663079,0.20263683329512794,2023-01-30,2024-02-02,2025-07-11,594,0.5813953488372093,-0.0731867367317034,0.12085523003260712,1.389657150326215,0.00731633045641804,0.16989147288440218,0.8046085271155992,0.8604651162790697,0.13953488372093023,0.005755611246623084,0.06581128382268227,0.1520293609671847,43,0,moneyness,OTM4,,0.04
common,h19,19,2022-10-21,510300,510300_DTE30_OTM4_Q70_Hold,510300__510300_DTE30_OTM4_Q70_Hold,False,OTM4,0.7,2022-10-24,2026-05-27,870,0.3896748388819957,0.10012790751270706,0.10510213372027491,0.13900604666688432,0.7560975672672922,0.7203133238703977,1.286142611475546,0.49412491245792906,0.20263683329512794,2023-01-30,2024-02-02,2025-07-11,594,0.5813953488372093,-0.0731867367317034,0.12085523003260734,1.3896748388819957,0.007318066100194305,0.1685269246286306,0.8059730753713709,0.8604651162790697,0.13953488372093023,0.005755611246623084,0.06581128382268227,0.1520293609671847,43,0,moneyness,OTM4,,0.04
common,h20,20,2022-10-24,510300,510300_DTE30_OTM4_Q70_Hold,510300__510300_DTE30_OTM4_Q70_Hold,False,OTM4,0.7,2022-10-24,2026-05-27,870,0.39327362868664784,0.10095331493878335,0.10575674004862627,0.13830334766830044,0.7646723078769413,0.7299412244228862,1.2966084804087596,0.4981982460797293,0.20263683329512816,2023-01-30,2024-02-02,2025-07-11,594,0.5813953488372093,-0.0731867367317034,0.12085523003260712,1.3932736286866478,0.007530043956357442,0.17344267795317045,0.8010573220468313,0.8604651162790697,0.13953488372093023,0.00600261112713939,0.06581128382268227,0.1520293609671847,43,0,moneyness,OTM4,,0.04
common,h00,0,2022-09-19,510300,510300_DTE30_OTM5_Q70_Hold,510300__510300_DTE30_OTM5_Q70_Hold,False,OTM5,0.7,2022-10-24,2026-05-27,870,0.35568803104344116,0.09225693316557537,0.09845723172891625,0.1428313666666481,0.6893249993098788,0.6459150767694632,1.1777594945070258,0.4259001721116111,0.21661633219861343,2023-01-30,2024-02-02,2025-07-24,603,0.5581395348837209,-0.07638575832240313,0.12085523003260734,1.3556880310434412,0.0002779613263801455,0.08224216965888442,0.8922578303411204,0.8863636363636364,0.11363636363636363,0.004513311497434473,0.06581128382268227,0.1520293609671847,44,0,moneyness,OTM5,,0.05
common,h01,1,2022-09-20,510300,510300_DTE30_OTM5_Q70_Hold,510300__510300_DTE30_OTM5_Q70_Hold,False,OTM5,0.7,2022-10-24,2026-05-27,870,0.35568997403877156,0.09225738712532583,0.09845765690461349,0.1428314328143653,0.6893276568371096,0.6459179559252242,1.1777644637572695,0.42590226779731466,0.2166163321986132,2023-01-30,2024-02-02,2025-07-24,603,0.5581395348837209,-0.07638575832240324,0.12085523003260712,1.3556899740387716,0.0002751986742493763,0.07949269476035248,0.8950073052396522,0.8863636363636364,0.11363636363636363,0.004513311497434473,0.06581128382268227,0.1520293609671847,44,0,moneyness,OTM5,,0.05
common,h02,2,2022-09-21,510300,510300_DTE30_OTM5_Q70_Hold,510300__510300_DTE30_OTM5_Q70_Hold,False,OTM5,0.7,2022-10-24,2026-05-27,870,0.3556915945094834,0.0922577657303496,0.09845801150672263,0.14283148800511397,0.6893298731383196,0.6459203570507253,1.1777686080441314,0.4259040156111562,0.21661633219861332,2023-01-30,2024-02-02,2025-07-24,603,0.5581395348837209,-0.07638575832240302,0.1208552300326069,1.3556915945094834,0.00027289466232027857,0.07734954757158793,0.8971504524284167,0.8863636363636364,0.11363636363636363,0.004513311497434473,0.06581128382268227,0.1520293609671847,44,0,moneyness,OTM5,,0.05
common,h03,3,2022-09-22,510300,510300_DTE30_OTM5_Q70_Hold,510300__510300_DTE30_OTM5_Q70_Hold,False,OTM5,0.7,2022-10-24,2026-05-27,870,0.3557580988814306,0.09227330346267526,0.09847211833522058,0.14283061993119373,0.6894328287775962,0.646033067049113,1.1779413314536509,0.42597574488552764,0.21661633219861343,2023-01-30,2024-02-02,2025-07-24,603,0.5581395348837209,-0.07638575832240302,0.12085523003260712,1.3557580988814306,0.00031323523320278627,0.09161706030856617,0.8828829396914382,0.8863636363636364,0.11363636363636363,0.004513311497434473,0.06581128382268227,0.1520293609671847,44,0,moneyness,OTM5,,0.05
common,h04,4,2022-09-23,510300,510300_DTE30_OTM5_Q70_Hold,510300__510300_DTE30_OTM5_Q70_Hold,False,OTM5,0.7,2022-10-24,2026-05-27,870,0.355761631684113,0.09227412883301023,0.09847289093159911,0.14283073718966363,0.6894376719545868,0.6460383153416078,1.1779503774437563,0.42597955517225294,0.2166163321986132,2023-01-30,2024-02-02,2025-07-24,603,0.5581395348837209,-0.07638575832240324,0.12085523003260712,1.355761631684113,0.00030831756314705005,0.08679062126424247,0.8877093787357624,0.8863636363636364,0.11363636363636363,0.004513311497434473,0.06581128382268227,0.1520293609671847,44,0,moneyness,OTM5,,0.05
common,h05,5,2022-09-26,510300,510300_DTE30_OTM5_Q70_Hold,510300__510300_DTE30_OTM5_Q70_Hold,False,OTM5,0.7,2022-10-24,2026-05-27,870,0.355764346684607,0.09227476313880167,0.09847348468891262,0.14283082736938651,0.6894413937282761,0.646042348408179,1.1779573291182788,0.42598248341771355,0.2166163321986132,2023-01-30,2024-02-02,2025-07-24,603,0.5581395348837209,-0.07638575832240324,0.1208552300326069,1.355764346684607,0.0003045384395080024,0.08316013139452874,0.8913398686054759,0.8863636363636364,0.11363636363636363,0.004513311497434473,0.06581128382268227,0.1520293609671847,44,0,moneyness,OTM5,,0.05
common,h06,6,2022-09-27,510300,510300_DTE30_OTM5_Q70_Hold,510300__510300_DTE30_OTM5_Q70_Hold,False,OTM5,0.7,2022-10-24,2026-05-27,870,0.35575924848506735,0.09227357204527564,0.09847236974329085,0.14283065807755188,0.6894344048308166,0.6460347749372858,1.177944275139234,0.42597698478557444,0.21661633219861332,2023-01-30,2024-02-02,2025-07-24,603,0.5581395348837209,-0.07638575832240324,0.12085523003260712,1.3557592484850673,0.00031163495565509806,0.08989471234445674,0.8846052876555484,0.8863636363636364,0.11363636363636363,0.004513311497434473,0.06581128382268227,0.1520293609671847,44,0,moneyness,OTM5,,0.05
common,h07,7,2022-09-28,510300,510300_DTE30_OTM5_Q70_Hold,510300__510300_DTE30_OTM5_Q70_Hold,False,OTM5,0.7,2022-10-24,2026-05-27,870,0.3557687965099847,0.09227580274992464,0.09847445785876711,0.1428309752945052,0.6894474931346037,0.6460489579354889,1.1779687222403081,0.42598728273784014,0.21661633219861343,2023-01-30,2024-02-02,2025-07-24,603,0.5581395348837209,-0.07638575832240302,0.12085523003260712,1.3557687965099847,0.0002983448477327816,0.07687440413432911,0.8976255958656756,0.8863636363636364,0.11363636363636363,0.004513311497434473,0.06581128382268227,0.1520293609671847,44,0,moneyness,OTM5,,0.05
common,h08,8,2022-09-29,510300,510300_DTE30_OTM5_Q70_Hold,510300__510300_DTE30_OTM5_Q70_Hold,False,OTM5,0.7,2022-10-24,2026-05-27,870,0.35576978655872393,0.09227603405433049,0.09847467438338588,0.14283100822730457,0.689448850117133,0.6460504284019355,1.1779712570267298,0.4259883505447026,0.21661633219861298,2023-01-30,2024-02-02,2025-07-24,603,0.5581395348837209,-0.07638575832240335,0.1208552300326069,1.355769786558724,0.00029696687761370574,0.07545193491525776,0.8990480650847471,0.8863636363636364,0.11363636363636363,0.004513311497434473,0.06581128382268227,0.1520293609671847,44,0,moneyness,OTM5,,0.05
common,h09,9,2022-09-30,510300,510300_DTE30_OTM5_Q70_Hold,510300__510300_DTE30_OTM5_Q70_Hold,False,OTM5,0.7,2022-10-24,2026-05-27,870,0.35577457795292666,0.09227715346276755,0.09847572227882559,0.14283116771385043,0.6894554168745085,0.6460575443003913,1.1779835238122054,0.4259935182457044,0.21661633219861332,2023-01-30,2024-02-02,2025-07-24,603,0.5581395348837209,-0.07638575832240302,0.1208552300326069,1.3557745779529267,0.0002902983843717168,0.06861489534134756,0.9058851046586573,0.8863636363636364,0.11363636363636363,0.004513311497434473,0.06581128382268227,0.1520293609671847,44,0,moneyness,OTM5,,0.05
common,h10,10,2022-10-10,510300,510300_DTE30_OTM5_Q70_Hold,510300__510300_DTE30_OTM5_Q70_Hold,False,OTM5,0.7,2022-10-24,2026-05-27,870,0.35333263902813905,0.09170628136536774,0.09804548835276457,0.1434907864344628,0.6832876924648074,0.6391091974902037,1.1709095308157884,0.42335811171100074,0.2166163321986132,2023-01-30,2024-02-02,2025-07-24,603,0.5581395348837209,-0.07638575832240313,0.12085523003260712,1.353332639028139,0.00027796647873881393,0.06317653439001784,0.9113234656099869,0.8837209302325582,0.11627906976744186,0.004325894300961952,0.06581128382268227,0.1520293609671847,43,0,moneyness,OTM5,,0.05
common,h11,11,2022-10-11,510300,510300_DTE30_OTM5_Q70_Hold,510300__510300_DTE30_OTM5_Q70_Hold,False,OTM5,0.7,2022-10-24,2026-05-27,870,0.35335255172092706,0.09171093947539277,0.09805026704284142,0.14349441698853846,0.6833037068659832,0.6391254893402447,1.1709526037591027,0.42337961567599597,0.21661633219861332,2023-01-30,2024-02-02,2025-07-24,603,0.5581395348837209,-0.07638575832240313,0.12085523003260712,1.353352551720927,0.00027997232096706155,0.06044719351282079,0.9140528064871839,0.8837209302325582,0.11627906976744186,0.004325894300961952,0.06581128382268227,0.1520293609671847,43,0,moneyness,OTM5,,0.05
common,h12,12,2022-10-12,510300,510300_DTE30_OTM5_Q70_Hold,510300__510300_DTE30_OTM5_Q70_Hold,False,OTM5,0.7,2022-10-24,2026-05-27,870,0.353224306998837,0.09168093876133687,0.09801949312292048,0.14347105961092294,0.6832004544243148,0.6390204338768046,1.1706750799230035,0.42324111866724684,0.21661633219861287,2023-01-30,2024-02-02,2025-07-24,603,0.5581395348837209,-0.07638575832240302,0.12085523003260712,1.353224306998837,0.0002670574597604181,0.07715148966342894,0.8973485103365755,0.8837209302325582,0.11627906976744186,0.004325894300961952,0.06581128382268227,0.1520293609671847,43,0,moneyness,OTM5,,0.05
common,h13,13,2022-10-13,510300,510300_DTE30_OTM5_Q70_Hold,510300__510300_DTE30_OTM5_Q70_Hold,False,OTM5,0.7,2022-10-24,2026-05-27,870,0.35329647533067443,0.0916978215874018,0.09803681008001269,0.1434841965383188,0.6832585918535709,0.6390795906426744,1.1708312881213974,0.42331905750913096,0.21661633219861332,2023-01-30,2024-02-02,2025-07-24,603,0.5581395348837209,-0.07638575832240313,0.12085523003260712,1.3532964753306744,0.0002743241487829184,0.06786250624234527,0.9066374937576593,0.8837209302325582,0.11627906976744186,0.004325894300961952,0.06581128382268227,0.1520293609671847,43,0,moneyness,OTM5,,0.05
common,h14,14,2022-10-14,510300,510300_DTE30_OTM5_Q70_Hold,510300__510300_DTE30_OTM5_Q70_Hold,False,OTM5,0.7,2022-10-24,2026-05-27,870,0.3513853080953433,0.09125051344570956,0.09767666690799091,0.14383766621272087,0.6790757211225698,0.6343992908697474,1.1654413923103393,0.4212540786723454,0.21661633219861332,2023-01-30,2024-02-02,2025-07-24,603,0.5581395348837209,-0.07638575832240324,0.12085523003260712,1.3513853080953433,-0.0003107962777884379,0.060142268920836885,0.914357731079168,0.8837209302325582,0.11627906976744186,0.004325894300961952,0.06581128382268227,0.1520293609671847,43,0,moneyness,OTM5,,0.05
common,h15,15,2022-10-17,510300,510300_DTE30_OTM5_Q70_Hold,510300__510300_DTE30_OTM5_Q70_Hold,False,OTM5,0.7,2022-10-24,2026-05-27,870,0.3514061489152891,0.09125539365509883,0.09768173924603395,0.14384191667666943,0.679090918022212,0.6344144722447241,1.1654854785155109,0.4212766079495229,0.21661633219861332,2023-01-30,2024-02-02,2025-07-24,603,0.5581395348837209,-0.07638575832240313,0.12085523003260734,1.351406148915289,-0.00030883761115810916,0.0572108318549453,0.9172891681450595,0.8837209302325582,0.11627906976744186,0.004325894300961952,0.06581128382268227,0.1520293609671847,43,0,moneyness,OTM5,,0.05
common,h16,16,2022-10-18,510300,510300_DTE30_OTM5_Q70_Hold,510300__510300_DTE30_OTM5_Q70_Hold,False,OTM5,0.7,2022-10-24,2026-05-27,870,0.35145659011208896,0.09126720504224473,0.09769401666938801,0.14385221148776753,0.6791276662277481,0.6344511780411914,1.1655921459143803,0.4213311347113146,0.2166163321986131,2023-01-30,2024-02-02,2025-07-24,603,0.5581395348837209,-0.07638575832240324,0.12085523003260712,1.351456590112089,-0.00030409594848656516,0.050071243467899415,0.9244287565321055,0.8837209302325582,0.11627906976744186,0.004325894300961952,0.06581128382268227,0.1520293609671847,43,0,moneyness,OTM5,,0.05
common,h17,17,2022-10-19,510300,510300_DTE30_OTM5_Q70_Hold,510300__510300_DTE30_OTM5_Q70_Hold,False,OTM5,0.7,2022-10-24,2026-05-27,870,0.3533688559025647,0.09171475342216717,0.09805417986187365,0.14349739067393505,0.6833168143431911,0.639138823301449,1.1709878661112647,0.4233972225975786,0.21661633219861298,2023-01-30,2024-02-02,2025-07-24,603,0.5581395348837209,-0.07638575832240324,0.12085523003260712,1.3533688559025647,0.0002816148185293845,0.05775396394150871,0.9167460360584961,0.8837209302325582,0.11627906976744186,0.004325894300961952,0.06581128382268227,0.1520293609671847,43,0,moneyness,OTM5,,0.05
common,h18,18,2022-10-20,510300,510300_DTE30_OTM5_Q70_Hold,510300__510300_DTE30_OTM5_Q70_Hold,False,OTM5,0.7,2022-10-24,2026-05-27,870,0.3533761056690079,0.09171644930934009,0.09805591975472118,0.14349871324667465,0.6833226412710949,0.6391447507384911,1.1710035442959978,0.42340505158792047,0.21661633219861354,2023-01-30,2024-02-02,2025-07-24,603,0.5581395348837209,-0.07638575832240313,0.12085523003260756,1.353376105669008,0.00028234520896186385,0.05685168710751066,0.9176483128924942,0.8837209302325582,0.11627906976744186,0.004325894300961952,0.06581128382268227,0.1520293609671847,43,0,moneyness,OTM5,,0.05
common,h19,19,2022-10-21,510300,510300_DTE30_OTM5_Q70_Hold,510300__510300_DTE30_OTM5_Q70_Hold,False,OTM5,0.7,2022-10-24,2026-05-27,870,0.35339333241355475,0.09172047901536806,0.09806005412846025,0.14350185666493348,0.6833364836346574,0.6391588314395735,1.1710407948616743,0.42342365455283687,0.21661633219861298,2023-01-30,2024-02-02,2025-07-24,603,0.5581395348837209,-0.07638575832240313,0.12085523003260712,1.3533933324135548,0.00028408085273807533,0.054628687538876494,0.9198713124611285,0.8837209302325582,0.11627906976744186,0.004325894300961952,0.06581128382268227,0.1520293609671847,43,0,moneyness,OTM5,,0.05
common,h20,20,2022-10-24,510300,510300_DTE30_OTM5_Q70_Hold,510300__510300_DTE30_OTM5_Q70_Hold,False,OTM5,0.7,2022-10-24,2026-05-27,870,0.35689816533568863,0.09253957848955197,0.09871466045681136,0.14282140757032555,0.691175518685489,0.647939129461284,1.1808950578743793,0.4272049921180616,0.2166163321986132,2023-01-30,2024-02-02,2025-07-24,603,0.5581395348837209,-0.07638575832240324,0.12085523003260712,1.3568981653356886,0.0004960587089015873,0.06262191379738846,0.9118780862026171,0.8837209302325582,0.11627906976744186,0.004513311497434473,0.06581128382268227,0.1520293609671847,43,0,moneyness,OTM5,,0.05
common,h00,0,2022-09-19,510300,510300_DTE30_OTM7_Q70_Hold,510300__510300_DTE30_OTM7_Q70_Hold,False,OTM7,0.7,2022-10-24,2026-05-27,870,0.354728538020628,0.0920327015823752,0.09915820813071338,0.14909729406643893,0.665057060569642,0.6172660755423549,1.157223661870401,0.40444994900956194,0.2275502860310643,2023-01-30,2024-02-02,2025-07-29,606,0.5348837209302325,-0.07680624636949918,0.13574886024009447,1.354728538020628,0.0009568438359287595,0.1320802337751003,0.8424197662249083,0.9772727272727273,0.022727272727272728,0.001740610328638428,0.0505859815774317,0.1369372481289579,44,0,moneyness,OTM7,,0.07
common,h01,1,2022-09-20,510300,510300_DTE30_OTM7_Q70_Hold,510300__510300_DTE30_OTM7_Q70_Hold,False,OTM7,0.7,2022-10-24,2026-05-27,870,0.354729436811134,0.09203291168065797,0.09915840495147203,0.1490973234240087,0.6650582497009793,0.6172673631365685,1.157225915682858,0.4044508723144116,0.22755028603106464,2023-01-30,2024-02-02,2025-07-29,606,0.5348837209302325,-0.07680624636949918,0.1357488602400947,1.354729436811134,0.0009555725709869825,0.13015325161466454,0.8443467483853436,0.9772727272727273,0.022727272727272728,0.001740610328638428,0.0505859815774317,0.1369372481289579,44,0,moneyness,OTM7,,0.07
common,h02,2,2022-09-21,510300,510300_DTE30_OTM7_Q70_Hold,510300__510300_DTE30_OTM7_Q70_Hold,False,OTM7,0.7,2022-10-24,2026-05-27,870,0.35469681625961,0.09202528634551932,0.09915141064619211,0.14909726235405935,0.6650116110833647,0.6172164726069085,1.1571436895547116,0.4044173617648461,0.22755028603106475,2023-01-30,2024-02-02,2025-07-29,606,0.5348837209302325,-0.07680624636949918,0.13574886024009447,1.35469681625961,0.0009654967912852456,0.1453134215813261,0.8291865784186812,0.9772727272727273,0.022727272727272728,0.001740610328638428,0.0505859815774317,0.1369372481289579,44,0,moneyness,OTM7,,0.07
common,h03,3,2022-09-22,510300,510300_DTE30_OTM7_Q70_Hold,510300__510300_DTE30_OTM7_Q70_Hold,False,OTM7,0.7,2022-10-24,2026-05-27,870,0.35469932849749863,0.0920258736074171,0.09915196088164815,0.14909734497119484,0.6650149330345488,0.6172200693794797,1.1571499876293625,0.40441994256537184,0.22755028603106464,2023-01-30,2024-02-02,2025-07-29,606,0.5348837209302325,-0.07680624636949918,0.13574886024009447,1.3546993284974986,0.0009619224134496772,0.1401941272559023,0.8343058727441052,0.9772727272727273,0.022727272727272728,0.001740610328638428,0.0505859815774317,0.1369372481289579,44,0,moneyness,OTM7,,0.07
common,h04,4,2022-09-23,510300,510300_DTE30_OTM7_Q70_Hold,510300__510300_DTE30_OTM7_Q70_Hold,False,OTM7,0.7,2022-10-24,2026-05-27,870,0.35470078852968734,0.09202621490486562,0.09915228066370473,0.14909739300791364,0.6650168635640868,0.6172221596120138,1.1571536477759214,0.40442144244240774,0.22755028603106464,2023-01-30,2024-02-02,2025-07-29,606,0.5348837209302325,-0.07680624636949929,0.1357488602400947,1.3547007885296873,0.0009598451577508983,0.13710829958955112,0.8373917004104574,0.9772727272727273,0.022727272727272728,0.001740610328638428,0.0505859815774317,0.1369372481289579,44,0,moneyness,OTM7,,0.07
common,h05,5,2022-09-26,510300,510300_DTE30_OTM7_Q70_Hold,510300__510300_DTE30_OTM7_Q70_Hold,False,OTM7,0.7,2022-10-24,2026-05-27,870,0.3547024931217466,0.09202661337035334,0.09915265401287394,0.14909744911165917,0.6650191173869009,0.6172245998751766,1.1571579209220484,0.40442319355199635,0.22755028603106453,2023-01-30,2024-02-02,2025-07-29,606,0.5348837209302325,-0.07680624636949906,0.13574886024009447,1.3547024931217466,0.0009574200094913938,0.13353622712877006,0.8409637728712381,0.9772727272727273,0.022727272727272728,0.001740610328638428,0.0505859815774317,0.1369372481289579,44,0,moneyness,OTM7,,0.07
common,h06,6,2022-09-27,510300,510300_DTE30_OTM7_Q70_Hold,510300__510300_DTE30_OTM7_Q70_Hold,False,OTM7,0.7,2022-10-24,2026-05-27,870,0.3547009508151082,0.09202625284072563,0.0991523162082312,0.14909739834830002,0.6650170781424755,0.6172223919410522,1.1571540546041263,0.40442160915659103,0.22755028603106442,2023-01-30,2024-02-02,2025-07-29,606,0.5348837209302325,-0.07680624636949918,0.13574886024009447,1.3547009508151082,0.0009596142693778997,0.13662320220423196,0.8378767977957754,0.9772727272727273,0.022727272727272728,0.001740610328638428,0.0505859815774317,0.1369372481289579,44,0,moneyness,OTM7,,0.07
common,h07,7,2022-09-28,510300,510300_DTE30_OTM7_Q70_Hold,510300__510300_DTE30_OTM7_Q70_Hold,False,OTM7,0.7,2022-10-24,2026-05-27,870,0.354705011830974,0.09202720214324156,0.09915320567968118,0.14909753205156115,0.6650224474902231,0.6172282054368047,1.1571642347627817,0.4044257809927704,0.22755028603106453,2023-01-30,2024-02-02,2025-07-29,606,0.5348837209302325,-0.07680624636949906,0.13574886024009447,1.354705011830974,0.0009538367114801633,0.1280173865535299,0.8464826134464778,0.9772727272727273,0.022727272727272728,0.001740610328638428,0.0505859815774317,0.1369372481289579,44,0,moneyness,OTM7,,0.07
common,h08,8,2022-09-29,510300,510300_DTE30_OTM7_Q70_Hold,510300__510300_DTE30_OTM7_Q70_Hold,False,OTM7,0.7,2022-10-24,2026-05-27,870,0.35470582493063785,0.09202739221306544,0.09915338377226385,0.14909755883695838,0.6650235224889923,0.6172293693533877,1.1571662729784986,0.4044266162798941,0.22755028603106442,2023-01-30,2024-02-02,2025-07-29,606,0.5348837209302325,-0.07680624636949906,0.1357488602400947,1.3547058249306378,0.0009526799642470403,0.12620950225653582,0.8482904977434729,0.9772727272727273,0.022727272727272728,0.001740610328638428,0.0505859815774317,0.1369372481289579,44,0,moneyness,OTM7,,0.07
common,h09,9,2022-09-30,510300,510300_DTE30_OTM7_Q70_Hold,510300__510300_DTE30_OTM7_Q70_Hold,False,OTM7,0.7,2022-10-24,2026-05-27,870,0.3547797388115317,0.09204466995139504,0.09916912162264382,0.1490969565879737,0.6651317631968546,0.6173477451036009,1.157352867369635,0.4045025455992144,0.22755028603106475,2023-01-30,2024-02-02,2025-07-29,606,0.5348837209302325,-0.07680624636949906,0.1357488602400947,1.3547797388115317,0.0009829007174493377,0.13242882617994375,0.8420711738200644,0.9772727272727273,0.022727272727272728,0.001740610328638428,0.0505859815774317,0.1369372481289579,44,0,moneyness,OTM7,,0.07
common,h10,10,2022-10-10,510300,510300_DTE30_OTM7_Q70_Hold,510300__510300_DTE30_OTM7_Q70_Hold,False,OTM7,0.7,2022-10-24,2026-05-27,870,0.3537684229875253,0.09180821173939901,0.09900005659945597,0.14942174696561533,0.6625545384785102,0.6144233594091613,1.1544621494718277,0.4034633985336567,0.22755028603106464,2023-01-30,2024-02-02,2025-07-29,606,0.5348837209302325,-0.07680624636949918,0.13574886024009447,1.3537684229875253,0.0009942061432613018,0.12296133662774361,0.8515386633722642,0.9767441860465116,0.023255813953488372,0.0015982564551521538,0.0505859815774317,0.1369372481289579,43,0,moneyness,OTM7,,0.07
common,h11,11,2022-10-11,510300,510300_DTE30_OTM7_Q70_Hold,510300__510300_DTE30_OTM7_Q70_Hold,False,OTM7,0.7,2022-10-24,2026-05-27,870,0.35377978256968245,0.09181086844728004,0.0990028172671292,0.14942397857021467,0.6625631188143446,0.6144319628334478,1.1544860083446165,0.4034750737898268,0.22755028603106475,2023-01-30,2024-02-02,2025-07-29,606,0.5348837209302325,-0.07680624636949906,0.1357488602400947,1.3537797825696825,0.000995272699174767,0.12054034443179117,0.8539596555682172,0.9767441860465116,0.023255813953488372,0.0015982564551521538,0.0505859815774317,0.1369372481289579,43,0,moneyness,OTM7,,0.07
common,h12,12,2022-10-12,510300,510300_DTE30_OTM7_Q70_Hold,510300__510300_DTE30_OTM7_Q70_Hold,False,OTM7,0.7,2022-10-24,2026-05-27,870,0.35371257798683775,0.09179515083045686,0.09898648567954255,0.1494107835717593,0.6625123255042775,0.6143810281696924,1.1543448225845385,0.40340600063198845,0.22755028603106475,2023-01-30,2024-02-02,2025-07-29,606,0.5348837209302325,-0.07680624636949906,0.1357488602400947,1.3537125779868378,0.0009889639633759973,0.1341799596270759,0.8403200403729318,0.9767441860465116,0.023255813953488372,0.0015982564551521538,0.0505859815774317,0.1369372481289579,43,0,moneyness,OTM7,,0.07
common,h13,13,2022-10-13,510300,510300_DTE30_OTM7_Q70_Hold,510300__510300_DTE30_OTM7_Q70_Hold,False,OTM7,0.7,2022-10-24,2026-05-27,870,0.3537474657144173,0.0918033103421727,0.09899496359958293,0.14941763122276103,0.6625387030262523,0.614407480502128,1.1544181261529218,0.403441858691577,0.22755028603106464,2023-01-30,2024-02-02,2025-07-29,606,0.5348837209302325,-0.07680624636949918,0.1357488602400947,1.3537474657144173,0.0009922386601542578,0.1272113202619625,0.8472886797380443,0.9767441860465116,0.023255813953488372,0.0015982564551521538,0.0505859815774317,0.1369372481289579,43,0,moneyness,OTM7,,0.07
common,h14,14,2022-10-14,510300,510300_DTE30_OTM7_Q70_Hold,510300__510300_DTE30_OTM7_Q70_Hold,False,OTM7,0.7,2022-10-24,2026-05-27,870,0.3529080994585161,0.09160695865463131,0.0988325539153478,0.1495371982688124,0.6609228677514978,0.6126031496855785,1.1520840364794909,0.4025789650825809,0.22755028603106475,2023-01-30,2024-02-02,2025-07-29,606,0.5348837209302325,-0.07680624636949929,0.1357488602400947,1.352908099458516,0.0007420008001075788,0.12049195067482193,0.8540080493251855,0.9767441860465116,0.023255813953488372,0.0015982564551521538,0.0505859815774317,0.1369372481289579,43,0,moneyness,OTM7,,0.07
common,h15,15,2022-10-17,510300,510300_DTE30_OTM7_Q70_Hold,510300__510300_DTE30_OTM7_Q70_Hold,False,OTM7,0.7,2022-10-24,2026-05-27,870,0.3529175324991991,0.09160916579216138,0.09883485949212739,0.14953913112968148,0.6609297429073401,0.6126099911114049,1.1521036530027422,0.4025886646420438,0.22755028603106453,2023-01-30,2024-02-02,2025-07-29,606,0.5348837209302325,-0.07680624636949929,0.1357488602400947,1.352917532499199,0.0007428573614104734,0.11848187223022516,0.8560181277697819,0.9767441860465116,0.023255813953488372,0.0015982564551521538,0.0505859815774317,0.1369372481289579,43,0,moneyness,OTM7,,0.07
common,h16,16,2022-10-18,510300,510300_DTE30_OTM7_Q70_Hold,510300__510300_DTE30_OTM7_Q70_Hold,False,OTM7,0.7,2022-10-24,2026-05-27,870,0.35294413706173255,0.0916153906538093,0.098841362278644,0.14954458450474728,0.6609491250116537,0.6126292767953826,1.1521589694963248,0.40261602062456747,0.22755028603106453,2023-01-30,2024-02-02,2025-07-29,606,0.5348837209302325,-0.07680624636949918,0.1357488602400947,1.3529441370617326,0.0007452734834546188,0.11278023176986172,0.8617197682301452,0.9767441860465116,0.023255813953488372,0.0015982564551521538,0.0505859815774317,0.1369372481289579,43,0,moneyness,OTM7,,0.07
common,h17,17,2022-10-19,510300,510300_DTE30_OTM7_Q70_Hold,510300__510300_DTE30_OTM7_Q70_Hold,False,OTM7,0.7,2022-10-24,2026-05-27,870,0.35379814414454946,0.0918151627038637,0.09900727971901212,0.14942758680544607,0.6625769835118804,0.6144458641589826,1.1545245687770362,0.4034939454715926,0.22755028603106464,2023-01-30,2024-02-02,2025-07-29,606,0.5348837209302325,-0.07680624636949918,0.13574886024009447,1.3537981441445495,0.0009969968395017951,0.11627331615846846,0.8582266838415397,0.9767441860465116,0.023255813953488372,0.0015982564551521538,0.0505859815774317,0.1369372481289579,43,0,moneyness,OTM7,,0.07
common,h18,18,2022-10-20,510300,510300_DTE30_OTM7_Q70_Hold,510300__510300_DTE30_OTM7_Q70_Hold,False,OTM7,0.7,2022-10-24,2026-05-27,870,0.35379639481176106,0.09181475358584557,0.0990068545685299,0.14942724298633925,0.6625756628433624,0.6144445400377182,1.1545208953338644,0.4034921475480427,0.22755028603106442,2023-01-30,2024-02-02,2025-07-29,606,0.5348837209302325,-0.07680624636949918,0.13574886024009492,1.353796394811761,0.0009968325694999815,0.11671905232676466,0.8577809476732423,0.9767441860465116,0.023255813953488372,0.0015982564551521538,0.0505859815774317,0.1369372481289579,43,0,moneyness,OTM7,,0.07
common,h19,19,2022-10-21,510300,510300_DTE30_OTM7_Q70_Hold,510300__510300_DTE30_OTM7_Q70_Hold,False,OTM7,0.7,2022-10-24,2026-05-27,870,0.3538051427634914,0.09181679947335764,0.09900898064757287,0.1494289624561465,0.6625822666514828,0.6144511610344846,1.1545392647001025,0.40350113847285196,0.22755028603106453,2023-01-30,2024-02-02,2025-07-29,606,0.5348837209302325,-0.07680624636949918,0.1357488602400947,1.3538051427634914,0.0009976540588824724,0.11495123787763858,0.8595487621223685,0.9767441860465116,0.023255813953488372,0.0015982564551521538,0.0505859815774317,0.1369372481289579,43,0,moneyness,OTM7,,0.07
common,h20,20,2022-10-24,510300,510300_DTE30_OTM7_Q70_Hold,510300__510300_DTE30_OTM7_Q70_Hold,False,OTM7,0.7,2022-10-24,2026-05-27,870,0.3557420439035608,0.09226955251148383,0.09937400908312018,0.14908948154491516,0.6665393698695132,0.6188870707400402,1.1597868966820324,0.40549082192270797,0.22755028603106497,2023-01-30,2024-02-02,2025-07-29,606,0.5348837209302325,-0.07680624636949895,0.1357488602400947,1.3557420439035608,0.0011546494632280841,0.1228439686515124,0.851656031348496,0.9767441860465116,0.023255813953488372,0.0016135337599966998,0.0505859815774317,0.1369372481289579,43,0,moneyness,OTM7,,0.07
